============================= test session starts ==============================
platform darwin -- Python 3.9.6, pytest-8.4.2, pluggy-1.6.0
rootdir: /Users/louis/Desktop/quantitative_trading_system
configfile: pytest.ini
plugins: asyncio-1.2.0, anyio-4.10.0, cov-7.0.0
asyncio: mode=strict, debug=False, asyncio_default_fixture_loop_scope=None, asyncio_default_test_loop_scope=function

----------------------------- live log collection ------------------------------
22:53:41 [INFO] Loaded feature registry with 11 entries
collected 10 items

tests/momentum/Analysis/test_ic_1a_cut1_oos.py::test_fallback_insufficient_data_marks_applied_false 
-------------------------------- live log setup --------------------------------
22:53:42 [WARNING] /Users/louis/.matplotlib is not a writable directory
22:53:42 [WARNING] Matplotlib created a temporary cache directory at /var/folders/_c/3xdf41hd3tvgxpx63mrml2c00000gn/T/matplotlib-niilina4 because there was an issue with the default path (/Users/louis/.matplotlib); it is highly recommended to set the MPLCONFIGDIR environment variable to a writable directory, in particular to speed up the import of Matplotlib and to better support multiprocessing.
22:53:42 [INFO] KlineStorageManager initialized: /Users/louis/Desktop/quantitative_trading_system/data_cache/feature_klines/kline_cache.h5
22:53:42 [INFO] Registered adapter: crypto_spot
22:53:42 [INFO] Loaded feature registry with 11 entries
22:53:42 [INFO] CGSA stats (tier=8gb): sync_cap=200 q_sample=1500 warmup_workers=2
22:53:43 [INFO] Restored 9 persisted feature task(s) from disk
22:53:43 [INFO] 所有中間件已設置完成
22:53:43 [INFO] 異常處理器設置完成
22:53:43 [INFO] StandaloneSearchService initialized - momentum modules will be loaded on demand
22:53:43 [INFO] CaseStorageManager initialized (persistent=True, json_path=/Users/louis/Desktop/quantitative_trading_system/data_cache/cases.json, cases=0)
22:53:43 [INFO] Created global CaseStorageManager instance
22:53:43 [INFO] CaseImportService initialized
22:53:43 [INFO] Created global CaseImportService instance with shared storage
22:53:43 [INFO] KlineStorageManager initialized: /Users/louis/Desktop/quantitative_trading_system/data_cache/kline_cache.h5
22:53:43 [INFO] KlineDownloadService initialized
22:53:43 [INFO] Rate limiter initialized: 1000 req/min
22:53:43 [INFO] BinanceProvider initialized
22:53:43 [INFO] Registered provider: binance (rate_limit=1000/min)
22:53:43 [INFO] Registered BinanceProvider to KlineDownloadService
22:53:43 [INFO] BatchDownloadService initialized
22:53:43 [INFO] Created global BatchDownloadService instance with shared storage
22:53:43 [INFO] KlineStorageManager initialized: data_cache/kline_cache.h5
22:53:43 [INFO] KlineDownloadService initialized
22:53:43 [INFO] Rate limiter initialized: 1000 req/min
22:53:43 [INFO] BinanceProvider initialized
22:53:43 [INFO] Registered provider: binance (rate_limit=1000/min)
22:53:43 [INFO] KlineStorageManager initialized: data_cache/kline_cache.h5
22:53:43 [INFO] IndicatorEngine initialized
22:53:43 [INFO] ChartDataService initialized with IndicatorEngine
22:53:43 [INFO] OptimizationTaskService initialized
22:53:43 [INFO] Loaded feature registry with 11 entries
22:53:43 [INFO] Loaded feature registry with 11 entries
22:53:43 [INFO] Loaded feature registry with 11 entries
22:53:43 [INFO] Loaded feature registry with 11 entries
22:53:43 [INFO] WebSocketConnectionManager initialized
22:53:44 [INFO] All API routes registered successfully
-------------------------------- live log call ---------------------------------
22:53:44 [INFO] Resolved label horizon from labels_df column
22:53:44 [INFO] Resolved label horizon from labels_df column
22:53:44 [INFO] Data preprocessing complete: columns=2
22:53:44 [INFO] IC autocorr persistent: count=2
22:53:44 [WARNING] Falling back to configured label horizon because labels_df is unavailable
22:53:44 [INFO] Redundancy filter completed: method=greedy input=2 output=2
22:53:44 [INFO] Filtered features saved: /private/var/folders/_c/3xdf41hd3tvgxpx63mrml2c00000gn/T/pytest-of-louis/pytest-452/ic_redirect0/features/BTCUSDT_1h_filtered.h5
22:53:44 [INFO] IC report saved: /private/var/folders/_c/3xdf41hd3tvgxpx63mrml2c00000gn/T/pytest-of-louis/pytest-452/ic_redirect0/reports/ic_report_ic_gatekeeper.json
PASSED                                                                   [ 10%]
tests/momentum/Analysis/test_ic_1a_cut1_oos.py::test_oos_applied_true_when_sufficient 
-------------------------------- live log call ---------------------------------
22:53:44 [INFO] Resolved label horizon from labels_df column
22:53:44 [INFO] Resolved label horizon from labels_df column
22:53:44 [INFO] Data preprocessing complete: columns=2
22:53:44 [INFO] IC autocorr persistent: count=2
22:53:44 [INFO] Redundancy filter completed: method=greedy input=2 output=2
22:53:44 [INFO] Filtered features saved: /private/var/folders/_c/3xdf41hd3tvgxpx63mrml2c00000gn/T/pytest-of-louis/pytest-452/ic_redirect0/features/BTCUSDT_1h_filtered.h5
22:53:44 [INFO] IC report saved: /private/var/folders/_c/3xdf41hd3tvgxpx63mrml2c00000gn/T/pytest-of-louis/pytest-452/ic_redirect0/reports/ic_report_ic_gatekeeper.json
PASSED                                                                   [ 20%]
tests/momentum/test_ic_e2e.py::TestICGatekeeperE2E::test_full_pipeline_global_mode 
-------------------------------- live log call ---------------------------------
22:53:44 [INFO] IC config loaded
22:53:44 [INFO] Resolved label horizon from labels_df column
22:53:44 [INFO] Resolved label horizon from labels_df column
22:53:44 [INFO] Data preprocessing complete: columns=8
22:53:44 [INFO] IC autocorr persistent: count=8
22:53:44 [WARNING] Falling back to configured label horizon because labels_df is unavailable
22:53:44 [INFO] Redundancy filter completed: method=greedy input=5 output=5
22:53:44 [INFO] Filtered features saved: /private/var/folders/_c/3xdf41hd3tvgxpx63mrml2c00000gn/T/pytest-of-louis/pytest-452/ic_redirect0/features/BTCUSDT_12h_filtered.h5
22:53:44 [INFO] IC report saved: /private/var/folders/_c/3xdf41hd3tvgxpx63mrml2c00000gn/T/pytest-of-louis/pytest-452/ic_redirect0/reports/ic_report_ic_e2e_test.json
PASSED                                                                   [ 30%]
tests/momentum/test_ic_e2e.py::TestICGatekeeperE2E::test_refilter_uses_cache 
-------------------------------- live log call ---------------------------------
22:53:44 [INFO] IC config loaded
22:53:44 [INFO] Resolved label horizon from labels_df column
22:53:44 [INFO] Resolved label horizon from labels_df column
22:53:44 [INFO] Data preprocessing complete: columns=6
22:53:44 [INFO] IC autocorr persistent: count=6
22:53:44 [WARNING] Falling back to configured label horizon because labels_df is unavailable
22:53:44 [INFO] Redundancy filter completed: method=greedy input=5 output=5
22:53:44 [INFO] Filtered features saved: /private/var/folders/_c/3xdf41hd3tvgxpx63mrml2c00000gn/T/pytest-of-louis/pytest-452/ic_redirect0/features/BTCUSDT_12h_filtered.h5
22:53:44 [INFO] IC report saved: /private/var/folders/_c/3xdf41hd3tvgxpx63mrml2c00000gn/T/pytest-of-louis/pytest-452/ic_redirect0/reports/ic_report_ic_e2e_test.json
22:53:44 [WARNING] Falling back to configured label horizon because labels_df is unavailable
22:53:44 [INFO] Redundancy filter completed: method=greedy input=5 output=5
22:53:44 [INFO] Filtered features saved: /private/var/folders/_c/3xdf41hd3tvgxpx63mrml2c00000gn/T/pytest-of-louis/pytest-452/ic_redirect0/features/BTCUSDT_12h_filtered.h5
22:53:44 [INFO] IC report saved: /private/var/folders/_c/3xdf41hd3tvgxpx63mrml2c00000gn/T/pytest-of-louis/pytest-452/ic_redirect0/reports/ic_report_ic_e2e_test.json
PASSED                                                                   [ 40%]
tests/momentum/test_ic_e2e.py::TestICGatekeeperE2E::test_event_mode_with_query 
-------------------------------- live log call ---------------------------------
22:53:44 [INFO] IC config loaded
22:53:44 [INFO] Resolved label horizon from labels_df column
22:53:44 [INFO] Resolved label horizon from labels_df column
22:53:44 [INFO] Data preprocessing complete: columns=6
22:53:44 [INFO] IC autocorr persistent: count=4
22:53:44 [WARNING] Falling back to configured label horizon because labels_df is unavailable
22:53:44 [INFO] Redundancy filter completed: method=greedy input=5 output=5
22:53:44 [INFO] Filtered features saved: /private/var/folders/_c/3xdf41hd3tvgxpx63mrml2c00000gn/T/pytest-of-louis/pytest-452/ic_redirect0/features/BTCUSDT_12h_filtered.h5
22:53:44 [INFO] IC report saved: /private/var/folders/_c/3xdf41hd3tvgxpx63mrml2c00000gn/T/pytest-of-louis/pytest-452/ic_redirect0/reports/ic_report_ic_e2e_test.json
PASSED                                                                   [ 50%]
tests/momentum/test_ic_e2e.py::TestICGatekeeperE2E::test_report_json_structure 
-------------------------------- live log call ---------------------------------
22:53:44 [INFO] IC config loaded
22:53:44 [INFO] Resolved label horizon from labels_df column
22:53:44 [INFO] Resolved label horizon from labels_df column
22:53:44 [INFO] Data preprocessing complete: columns=5
22:53:44 [INFO] IC autocorr persistent: count=5
22:53:44 [WARNING] Falling back to configured label horizon because labels_df is unavailable
22:53:44 [INFO] Redundancy filter completed: method=greedy input=4 output=4
22:53:44 [INFO] Filtered features saved: /private/var/folders/_c/3xdf41hd3tvgxpx63mrml2c00000gn/T/pytest-of-louis/pytest-452/ic_redirect0/features/BTCUSDT_12h_filtered.h5
22:53:44 [INFO] IC report saved: /private/var/folders/_c/3xdf41hd3tvgxpx63mrml2c00000gn/T/pytest-of-louis/pytest-452/ic_redirect0/reports/ic_report_ic_e2e_test.json
PASSED                                                                   [ 60%]
tests/momentum/test_ic_e2e.py::TestICGatekeeperE2E::test_performance_800_features SKIPPED [ 70%]
tests/momentum/test_ic_feature_filter.py::test_analyze_applies_feature_filter_metadata_and_summary_limit 
-------------------------------- live log call ---------------------------------
22:53:44 [INFO] IC config loaded
22:53:44 [INFO] Resolved label horizon from labels_df column
22:53:44 [INFO] Resolved label horizon from labels_df column
22:53:44 [INFO] Data preprocessing complete: columns=8
22:53:44 [INFO] IC autocorr persistent: count=3
22:53:44 [WARNING] Falling back to configured label horizon because labels_df is unavailable
22:53:44 [INFO] IC report saved: /private/var/folders/_c/3xdf41hd3tvgxpx63mrml2c00000gn/T/pytest-of-louis/pytest-452/ic_redirect0/reports/ic_report_ic_gatekeeper.json
PASSED                                                                   [ 80%]
tests/momentum/Analysis/test_ic_1a_cut1_golden.py::test_flag_off_deep_equal_baseline 
-------------------------------- live log call ---------------------------------
22:53:45 [INFO] Loaded feature registry with 11 entries
22:53:45 [INFO] IC config loaded
22:53:45 [INFO] IC analysis task started: 066e8baf-464e-48f8-b1e4-6a50a6e792a0
22:53:45 [INFO] KlineStorageManager initialized: data_cache/feature_klines/kline_cache.h5
22:53:45 [INFO] Data preprocessing complete: columns=50
22:53:45 [INFO] Read 20352 klines from BTCUSDT/1h in 0.009s
22:53:45 [WARNING] Falling back to configured label horizon because labels_df is unavailable
22:53:45 [INFO] IC autocorr persistent: count=38
22:53:45 [INFO] Read 20352 klines from BTCUSDT/1h in 0.008s
22:54:15 [INFO] Decay: 50/50 fit warnings summarized (insufficient_points=50)
22:54:17 [WARNING] Falling back to configured label horizon because labels_df is unavailable
22:54:23 [INFO] IC report saved: /private/var/folders/_c/3xdf41hd3tvgxpx63mrml2c00000gn/T/pytest-of-louis/pytest-452/ic_redirect0/reports/ic_report_ic_gatekeeper.json
22:54:23 [INFO] IC analysis task completed: 066e8baf-464e-48f8-b1e4-6a50a6e792a0
PASSED                                                                   [ 90%]
tests/momentum/Analysis/test_ic_1a_cut1_golden.py::test_flag_on_matches_new_golden 
-------------------------------- live log call ---------------------------------
22:54:27 [INFO] Loaded feature registry with 11 entries
22:54:27 [INFO] IC config loaded
22:54:27 [INFO] IC analysis task started: fdde3ec0-092a-4748-b5e3-f94293f473bf
22:54:27 [INFO] KlineStorageManager initialized: data_cache/feature_klines/kline_cache.h5
22:54:27 [WARNING] Falling back to configured label horizon because labels_df is unavailable
22:54:27 [WARNING] Falling back to configured label horizon because labels_df is unavailable
22:54:27 [INFO] Data preprocessing complete: columns=50
22:54:27 [INFO] Read 20352 klines from BTCUSDT/1h in 0.010s
22:54:27 [WARNING] Falling back to configured label horizon because labels_df is unavailable
22:54:28 [INFO] IC autocorr persistent: count=46
22:54:28 [INFO] Read 20352 klines from BTCUSDT/1h in 0.008s
22:54:28 [INFO] Decay: 8/50 fit warnings summarized (fit_exception=1, insufficient_points=1, low_r2=6)
22:54:31 [INFO] IC report saved: /private/var/folders/_c/3xdf41hd3tvgxpx63mrml2c00000gn/T/pytest-of-louis/pytest-452/ic_redirect0/reports/ic_report_ic_gatekeeper.json
22:54:31 [INFO] IC analysis task completed: fdde3ec0-092a-4748-b5e3-f94293f473bf
PASSED                                                                   [100%]

=============================== warnings summary ===============================
venv/lib/python3.9/site-packages/joblib/_multiprocessing_helpers.py:44
  /Users/louis/Desktop/quantitative_trading_system/venv/lib/python3.9/site-packages/joblib/_multiprocessing_helpers.py:44: UserWarning: [Errno 1] Operation not permitted.  joblib will operate in serial mode
    warnings.warn("%s.  joblib will operate in serial mode" % (e,))

tests/momentum/Analysis/test_ic_1a_cut1_golden.py::test_flag_on_matches_new_golden
  /Users/louis/Desktop/quantitative_trading_system/momentum/Analysis/ic_engine.py:318: RuntimeWarning: Mean of empty slice
    ic_mean = float(np.nanmean(values))

tests/momentum/Analysis/test_ic_1a_cut1_golden.py::test_flag_on_matches_new_golden
  /Users/louis/Desktop/quantitative_trading_system/venv/lib/python3.9/site-packages/numpy/lib/nanfunctions.py:1879: RuntimeWarning: Degrees of freedom <= 0 for slice.
    var = nanvar(a, axis=axis, dtype=dtype, out=out, ddof=ddof,

tests/momentum/Analysis/test_ic_1a_cut1_golden.py::test_flag_on_matches_new_golden
  /Users/louis/Desktop/quantitative_trading_system/venv/lib/python3.9/site-packages/numpy/lib/function_base.py:2897: RuntimeWarning: invalid value encountered in divide
    c /= stddev[:, None]

-- Docs: https://docs.pytest.org/en/stable/how-to/capture-warnings.html
=========================== short test summary info ============================
SKIPPED [1] tests/momentum/test_ic_e2e.py:236: Set RUN_IC_E2E_PERF=1 to run
================== 9 passed, 1 skipped, 4 warnings in 50.58s ===================
DIGEST_DIFF_EMPTY[V1]=1
============================= test session starts ==============================
platform darwin -- Python 3.9.6, pytest-8.4.2, pluggy-1.6.0
rootdir: /Users/louis/Desktop/quantitative_trading_system
configfile: pytest.ini
plugins: asyncio-1.2.0, anyio-4.10.0, cov-7.0.0
asyncio: mode=strict, debug=False, asyncio_default_fixture_loop_scope=None, asyncio_default_test_loop_scope=function

----------------------------- live log collection ------------------------------
22:55:31 [INFO] Loaded feature registry with 11 entries
collected 2 items

tests/api/test_ic_analysis_service.py::test_analyze_real_run_split_validation_passes_with_real_axis 
-------------------------------- live log setup --------------------------------
22:55:31 [WARNING] /Users/louis/.matplotlib is not a writable directory
22:55:31 [WARNING] Matplotlib created a temporary cache directory at /var/folders/_c/3xdf41hd3tvgxpx63mrml2c00000gn/T/matplotlib-9jzpp_bw because there was an issue with the default path (/Users/louis/.matplotlib); it is highly recommended to set the MPLCONFIGDIR environment variable to a writable directory, in particular to speed up the import of Matplotlib and to better support multiprocessing.
22:55:32 [INFO] KlineStorageManager initialized: /Users/louis/Desktop/quantitative_trading_system/data_cache/feature_klines/kline_cache.h5
22:55:32 [INFO] Registered adapter: crypto_spot
22:55:32 [INFO] Loaded feature registry with 11 entries
22:55:32 [INFO] CGSA stats (tier=8gb): sync_cap=200 q_sample=1500 warmup_workers=2
22:55:33 [INFO] Restored 9 persisted feature task(s) from disk
22:55:33 [INFO] 所有中間件已設置完成
22:55:33 [INFO] 異常處理器設置完成
22:55:33 [INFO] StandaloneSearchService initialized - momentum modules will be loaded on demand
22:55:33 [INFO] CaseStorageManager initialized (persistent=True, json_path=/Users/louis/Desktop/quantitative_trading_system/data_cache/cases.json, cases=0)
22:55:33 [INFO] Created global CaseStorageManager instance
22:55:33 [INFO] CaseImportService initialized
22:55:33 [INFO] Created global CaseImportService instance with shared storage
22:55:33 [INFO] KlineStorageManager initialized: /Users/louis/Desktop/quantitative_trading_system/data_cache/kline_cache.h5
22:55:33 [INFO] KlineDownloadService initialized
22:55:33 [INFO] Rate limiter initialized: 1000 req/min
22:55:33 [INFO] BinanceProvider initialized
22:55:33 [INFO] Registered provider: binance (rate_limit=1000/min)
22:55:33 [INFO] Registered BinanceProvider to KlineDownloadService
22:55:33 [INFO] BatchDownloadService initialized
22:55:33 [INFO] Created global BatchDownloadService instance with shared storage
22:55:33 [INFO] KlineStorageManager initialized: data_cache/kline_cache.h5
22:55:33 [INFO] KlineDownloadService initialized
22:55:33 [INFO] Rate limiter initialized: 1000 req/min
22:55:33 [INFO] BinanceProvider initialized
22:55:33 [INFO] Registered provider: binance (rate_limit=1000/min)
22:55:33 [INFO] KlineStorageManager initialized: data_cache/kline_cache.h5
22:55:33 [INFO] IndicatorEngine initialized
22:55:33 [INFO] ChartDataService initialized with IndicatorEngine
22:55:33 [INFO] OptimizationTaskService initialized
22:55:33 [INFO] Loaded feature registry with 11 entries
22:55:33 [INFO] Loaded feature registry with 11 entries
22:55:33 [INFO] Loaded feature registry with 11 entries
22:55:33 [INFO] Loaded feature registry with 11 entries
22:55:33 [INFO] WebSocketConnectionManager initialized
22:55:33 [INFO] All API routes registered successfully
-------------------------------- live log call ---------------------------------
22:55:33 [INFO] Loaded feature registry with 11 entries
22:55:33 [INFO] Loaded feature registry with 11 entries
22:55:43 [INFO] Loaded features via FeatureReader for BTCUSDT/12h: 1696 rows x 218369 cols (run_status=complete)
PASSED                                                                   [ 50%]
tests/api/test_ic_analysis_service.py::test_resolve_run_path_contains_config_hash 
-------------------------------- live log call ---------------------------------
22:56:27 [INFO] Loaded feature registry with 11 entries
22:56:27 [INFO] Loaded feature registry with 11 entries
22:56:37 [INFO] Loaded features via FeatureReader for BTCUSDT/12h: 1696 rows x 218369 cols (run_status=complete)
PASSED                                                                   [100%]

=============================== warnings summary ===============================
venv/lib/python3.9/site-packages/joblib/_multiprocessing_helpers.py:44
  /Users/louis/Desktop/quantitative_trading_system/venv/lib/python3.9/site-packages/joblib/_multiprocessing_helpers.py:44: UserWarning: [Errno 1] Operation not permitted.  joblib will operate in serial mode
    warnings.warn("%s.  joblib will operate in serial mode" % (e,))

-- Docs: https://docs.pytest.org/en/stable/how-to/capture-warnings.html
=================== 2 passed, 1 warning in 66.08s (0:01:06) ====================
DIGEST_DIFF_EMPTY[V2]=1
[2026-07-11 22:57:32,891] INFO momentum.FeatureEngineering.strategy_registry: ✅ 成功註冊 EMAExtractor
2026-07-11 22:57:32,891 - momentum.FeatureEngineering.strategy_registry - INFO - ✅ 成功註冊 EMAExtractor
[2026-07-11 22:57:35,052] INFO momentum.FeatureEngineering.feature_registry: Loaded feature registry with 11 entries
2026-07-11 22:57:35,052 - momentum.FeatureEngineering.feature_registry - INFO - Loaded feature registry with 11 entries
[conftest.py] Python path configured: /Users/louis/Desktop/quantitative_trading_system
[conftest.py] sys.path[0]: /Users/louis/Desktop/quantitative_trading_system
============================= test session starts ==============================
platform darwin -- Python 3.9.6, pytest-8.4.2, pluggy-1.6.0
rootdir: /Users/louis/Desktop/quantitative_trading_system
configfile: pytest.ini
plugins: asyncio-1.2.0, anyio-4.10.0, cov-7.0.0
asyncio: mode=strict, debug=False, asyncio_default_fixture_loop_scope=None, asyncio_default_test_loop_scope=function

----------------------------- live log collection ------------------------------
22:57:35 [INFO] Loaded feature registry with 11 entries
collected 3 items

tests/momentum/Analysis/test_ic_persist_redirect_golden_ab.py::test_golden_redirect_on_off_sha256 2026-07-11 22:57:35,653 - matplotlib - DEBUG - matplotlib data path: /Users/louis/Desktop/quantitative_trading_system/venv/lib/python3.9/site-packages/matplotlib/mpl-data
2026-07-11 22:57:35,657 - matplotlib - WARNING - /Users/louis/.matplotlib is not a writable directory

-------------------------------- live log setup --------------------------------
22:57:35 [WARNING] /Users/louis/.matplotlib is not a writable directory
2026-07-11 22:57:35,658 - matplotlib - WARNING - Matplotlib created a temporary cache directory at /var/folders/_c/3xdf41hd3tvgxpx63mrml2c00000gn/T/matplotlib-by5gsfy3 because there was an issue with the default path (/Users/louis/.matplotlib); it is highly recommended to set the MPLCONFIGDIR environment variable to a writable directory, in particular to speed up the import of Matplotlib and to better support multiprocessing.
22:57:35 [WARNING] Matplotlib created a temporary cache directory at /var/folders/_c/3xdf41hd3tvgxpx63mrml2c00000gn/T/matplotlib-by5gsfy3 because there was an issue with the default path (/Users/louis/.matplotlib); it is highly recommended to set the MPLCONFIGDIR environment variable to a writable directory, in particular to speed up the import of Matplotlib and to better support multiprocessing.
2026-07-11 22:57:35,658 - matplotlib - DEBUG - CONFIGDIR=/var/folders/_c/3xdf41hd3tvgxpx63mrml2c00000gn/T/matplotlib-by5gsfy3
2026-07-11 22:57:35,659 - matplotlib - DEBUG - interactive is False
2026-07-11 22:57:35,659 - matplotlib - DEBUG - platform is darwin
2026-07-11 22:57:35,957 - asyncio - DEBUG - Using selector: KqueueSelector
2026-07-11 22:57:35,962 - momentum.DataExtraction.kline_storage - INFO - KlineStorageManager initialized: /Users/louis/Desktop/quantitative_trading_system/data_cache/feature_klines/kline_cache.h5
22:57:35 [INFO] KlineStorageManager initialized: /Users/louis/Desktop/quantitative_trading_system/data_cache/feature_klines/kline_cache.h5
[2026-07-11 22:57:35,962] INFO momentum.FeatureEngineering.adapters.adapter_registry: Registered adapter: crypto_spot
2026-07-11 22:57:35,962 - momentum.FeatureEngineering.adapters.adapter_registry - INFO - Registered adapter: crypto_spot
22:57:35 [INFO] Registered adapter: crypto_spot
[2026-07-11 22:57:35,962] INFO momentum.FeatureEngineering.feature_registry: Loaded feature registry with 11 entries
2026-07-11 22:57:35,962 - momentum.FeatureEngineering.feature_registry - INFO - Loaded feature registry with 11 entries
22:57:35 [INFO] Loaded feature registry with 11 entries
2026-07-11 22:57:36,034 - api.feature_factory_service - INFO - CGSA stats (tier=8gb): sync_cap=200 q_sample=1500 warmup_workers=2
22:57:36 [INFO] CGSA stats (tier=8gb): sync_cap=200 q_sample=1500 warmup_workers=2
2026-07-11 22:57:36,183 - api.feature_factory_service - DEBUG - Auto-registered manifest as browse task browse_BCHUSDT_1h_4a8a0b3726cc906ab3534994605e77f5: /Users/louis/Desktop/quantitative_trading_system/data_cache/features/BCHUSDT/1h/4a8a0b3726cc906ab3534994605e77f5/feature_manifest.json
2026-07-11 22:57:36,261 - api.feature_factory_service - DEBUG - Auto-registered manifest as browse task browse_BCHUSDT_12h_e53e22906c35363757f4cd49d27f973e: /Users/louis/Desktop/quantitative_trading_system/data_cache/features/BCHUSDT/12h/e53e22906c35363757f4cd49d27f973e/feature_manifest.json
2026-07-11 22:57:36,322 - api.feature_factory_service - DEBUG - Auto-registered manifest as browse task browse_BCHUSDT_12h_f754aad4cc8fe5ccc1532296d6e279ec: /Users/louis/Desktop/quantitative_trading_system/data_cache/features/BCHUSDT/12h/f754aad4cc8fe5ccc1532296d6e279ec/feature_manifest.json
2026-07-11 22:57:36,458 - api.feature_factory_service - DEBUG - Auto-registered manifest as browse task browse_BTCUSDT_1h_4a8a0b3726cc906ab3534994605e77f5: /Users/louis/Desktop/quantitative_trading_system/data_cache/features/BTCUSDT/1h/4a8a0b3726cc906ab3534994605e77f5/feature_manifest.json
2026-07-11 22:57:36,532 - api.feature_factory_service - DEBUG - Auto-registered manifest as browse task browse_BTCUSDT_12h_e53e22906c35363757f4cd49d27f973e: /Users/louis/Desktop/quantitative_trading_system/data_cache/features/BTCUSDT/12h/e53e22906c35363757f4cd49d27f973e/feature_manifest.json
2026-07-11 22:57:36,585 - api.feature_factory_service - DEBUG - Auto-registered manifest as browse task browse_BTCUSDT_12h_f754aad4cc8fe5ccc1532296d6e279ec: /Users/louis/Desktop/quantitative_trading_system/data_cache/features/BTCUSDT/12h/f754aad4cc8fe5ccc1532296d6e279ec/feature_manifest.json
2026-07-11 22:57:36,727 - api.feature_factory_service - DEBUG - Auto-registered manifest as browse task browse_ETHUSDT_1h_4a8a0b3726cc906ab3534994605e77f5: /Users/louis/Desktop/quantitative_trading_system/data_cache/features/ETHUSDT/1h/4a8a0b3726cc906ab3534994605e77f5/feature_manifest.json
2026-07-11 22:57:36,803 - api.feature_factory_service - DEBUG - Auto-registered manifest as browse task browse_ETHUSDT_12h_e53e22906c35363757f4cd49d27f973e: /Users/louis/Desktop/quantitative_trading_system/data_cache/features/ETHUSDT/12h/e53e22906c35363757f4cd49d27f973e/feature_manifest.json
2026-07-11 22:57:36,863 - api.feature_factory_service - DEBUG - Auto-registered manifest as browse task browse_ETHUSDT_12h_f754aad4cc8fe5ccc1532296d6e279ec: /Users/louis/Desktop/quantitative_trading_system/data_cache/features/ETHUSDT/12h/f754aad4cc8fe5ccc1532296d6e279ec/feature_manifest.json
2026-07-11 22:57:36,865 - api.feature_factory_service - INFO - Restored 9 persisted feature task(s) from disk
22:57:36 [INFO] Restored 9 persisted feature task(s) from disk
2026-07-11 22:57:36,869 - api.middleware - INFO - 所有中間件已設置完成
22:57:36 [INFO] 所有中間件已設置完成
2026-07-11 22:57:36,869 - api.exception_handler - INFO - 異常處理器設置完成
22:57:36 [INFO] 異常處理器設置完成
2026-07-11 22:57:36,900 - api.standalone_search_service - INFO - StandaloneSearchService initialized - momentum modules will be loaded on demand
22:57:36 [INFO] StandaloneSearchService initialized - momentum modules will be loaded on demand
2026-07-11 22:57:36,920 - api.case_storage - INFO - CaseStorageManager initialized (persistent=True, json_path=/Users/louis/Desktop/quantitative_trading_system/data_cache/cases.json, cases=0)
22:57:36 [INFO] CaseStorageManager initialized (persistent=True, json_path=/Users/louis/Desktop/quantitative_trading_system/data_cache/cases.json, cases=0)
2026-07-11 22:57:36,920 - api.case_storage - INFO - Created global CaseStorageManager instance
22:57:36 [INFO] Created global CaseStorageManager instance
2026-07-11 22:57:36,920 - api.case_import_service - INFO - CaseImportService initialized
22:57:36 [INFO] CaseImportService initialized
2026-07-11 22:57:36,920 - api.case_import_service - INFO - Created global CaseImportService instance with shared storage
22:57:36 [INFO] Created global CaseImportService instance with shared storage
2026-07-11 22:57:36,920 - momentum.DataExtraction.kline_storage - INFO - KlineStorageManager initialized: /Users/louis/Desktop/quantitative_trading_system/data_cache/kline_cache.h5
22:57:36 [INFO] KlineStorageManager initialized: /Users/louis/Desktop/quantitative_trading_system/data_cache/kline_cache.h5
2026-07-11 22:57:36,920 - momentum.DataExtraction.kline_download_service.KlineDownloadService - INFO - KlineDownloadService initialized
22:57:36 [INFO] KlineDownloadService initialized
2026-07-11 22:57:36,921 - momentum.DataExtraction.providers.binance_provider.RateLimiter - INFO - Rate limiter initialized: 1000 req/min
22:57:36 [INFO] Rate limiter initialized: 1000 req/min
2026-07-11 22:57:36,921 - momentum.DataExtraction.kline_provider_base.Binance - INFO - BinanceProvider initialized
22:57:36 [INFO] BinanceProvider initialized
2026-07-11 22:57:36,921 - momentum.DataExtraction.kline_download_service.ProviderRegistry - INFO - Registered provider: binance (rate_limit=1000/min)
22:57:36 [INFO] Registered provider: binance (rate_limit=1000/min)
2026-07-11 22:57:36,921 - api.batch_download_service - INFO - Registered BinanceProvider to KlineDownloadService
22:57:36 [INFO] Registered BinanceProvider to KlineDownloadService
2026-07-11 22:57:36,921 - api.batch_download_service - INFO - BatchDownloadService initialized
22:57:36 [INFO] BatchDownloadService initialized
2026-07-11 22:57:36,921 - api.batch_download_service - INFO - Created global BatchDownloadService instance with shared storage
22:57:36 [INFO] Created global BatchDownloadService instance with shared storage
2026-07-11 22:57:36,925 - momentum.DataExtraction.kline_storage - INFO - KlineStorageManager initialized: data_cache/kline_cache.h5
22:57:36 [INFO] KlineStorageManager initialized: data_cache/kline_cache.h5
2026-07-11 22:57:36,925 - momentum.DataExtraction.kline_download_service.KlineDownloadService - INFO - KlineDownloadService initialized
22:57:36 [INFO] KlineDownloadService initialized
2026-07-11 22:57:36,925 - momentum.DataExtraction.providers.binance_provider.RateLimiter - INFO - Rate limiter initialized: 1000 req/min
22:57:36 [INFO] Rate limiter initialized: 1000 req/min
2026-07-11 22:57:36,925 - momentum.DataExtraction.kline_provider_base.Binance - INFO - BinanceProvider initialized
22:57:36 [INFO] BinanceProvider initialized
2026-07-11 22:57:36,925 - momentum.DataExtraction.kline_download_service.ProviderRegistry - INFO - Registered provider: binance (rate_limit=1000/min)
22:57:36 [INFO] Registered provider: binance (rate_limit=1000/min)
2026-07-11 22:57:36,925 - momentum.DataExtraction.kline_storage - INFO - KlineStorageManager initialized: data_cache/kline_cache.h5
22:57:36 [INFO] KlineStorageManager initialized: data_cache/kline_cache.h5
2026-07-11 22:57:36,925 - momentum.Indicators.indicator_engine - INFO - IndicatorEngine initialized
22:57:36 [INFO] IndicatorEngine initialized
2026-07-11 22:57:36,925 - api.chart_data_service - INFO - ChartDataService initialized with IndicatorEngine
22:57:36 [INFO] ChartDataService initialized with IndicatorEngine
2026-07-11 22:57:36,941 - api.optimization_task_service - INFO - OptimizationTaskService initialized
22:57:36 [INFO] OptimizationTaskService initialized
[2026-07-11 22:57:37,001] INFO momentum.FeatureEngineering.feature_registry: Loaded feature registry with 11 entries
2026-07-11 22:57:37,001 - momentum.FeatureEngineering.feature_registry - INFO - Loaded feature registry with 11 entries
22:57:37 [INFO] Loaded feature registry with 11 entries
[2026-07-11 22:57:37,004] INFO momentum.FeatureEngineering.feature_registry: Loaded feature registry with 11 entries
2026-07-11 22:57:37,004 - momentum.FeatureEngineering.feature_registry - INFO - Loaded feature registry with 11 entries
22:57:37 [INFO] Loaded feature registry with 11 entries
[2026-07-11 22:57:37,061] INFO momentum.FeatureEngineering.feature_registry: Loaded feature registry with 11 entries
2026-07-11 22:57:37,061 - momentum.FeatureEngineering.feature_registry - INFO - Loaded feature registry with 11 entries
22:57:37 [INFO] Loaded feature registry with 11 entries
[2026-07-11 22:57:37,180] INFO momentum.FeatureEngineering.feature_registry: Loaded feature registry with 11 entries
2026-07-11 22:57:37,180 - momentum.FeatureEngineering.feature_registry - INFO - Loaded feature registry with 11 entries
22:57:37 [INFO] Loaded feature registry with 11 entries
2026-07-11 22:57:37,192 - api.websocket_manager - INFO - WebSocketConnectionManager initialized
22:57:37 [INFO] WebSocketConnectionManager initialized
2026-07-11 22:57:37,273 - api.routes - INFO - All API routes registered successfully
22:57:37 [INFO] All API routes registered successfully
2026-07-11 22:57:37,277 - asyncio - DEBUG - Using selector: KqueueSelector
[2026-07-11 22:57:37,278] INFO momentum.FeatureEngineering.feature_registry: Loaded feature registry with 11 entries
2026-07-11 22:57:37,278 - momentum.FeatureEngineering.feature_registry - INFO - Loaded feature registry with 11 entries
-------------------------------- live log call ---------------------------------
22:57:37 [INFO] Loaded feature registry with 11 entries
[2026-07-11 22:57:37,294] INFO momentum.Analysis.ic_config_schema: IC config loaded
2026-07-11 22:57:37,294 - momentum.Analysis.ic_config_schema - INFO - IC config loaded
22:57:37 [INFO] IC config loaded
2026-07-11 22:57:37,295 - api.ic_analysis_service - INFO - IC analysis task started: 58b1ecf8-2730-403a-b891-717ce6633b0f
22:57:37 [INFO] IC analysis task started: 58b1ecf8-2730-403a-b891-717ce6633b0f
2026-07-11 22:57:37,295 - momentum.DataExtraction.kline_storage - INFO - KlineStorageManager initialized: data_cache/feature_klines/kline_cache.h5
22:57:37 [INFO] KlineStorageManager initialized: data_cache/feature_klines/kline_cache.h5
2026-07-11 22:57:37,313 - h5py._conv - DEBUG - Creating converter from 3 to 5
[2026-07-11 22:57:37,434] INFO momentum.Analysis.data_preprocessor: Data preprocessing complete: columns=50
2026-07-11 22:57:37,434 - momentum.Analysis.data_preprocessor - INFO - Data preprocessing complete: columns=50
22:57:37 [INFO] Data preprocessing complete: columns=50
2026-07-11 22:57:37,444 - momentum.DataExtraction.kline_storage - DEBUG - Continuity check passed for BTCUSDT/1h: 20352 bars are continuous
2026-07-11 22:57:37,444 - momentum.DataExtraction.kline_storage - INFO - Read 20352 klines from BTCUSDT/1h in 0.010s
22:57:37 [INFO] Read 20352 klines from BTCUSDT/1h in 0.010s
[2026-07-11 22:57:37,446] WARNING momentum.Analysis.ic_filter_orchestrator: Falling back to configured label horizon because labels_df is unavailable
2026-07-11 22:57:37,446 - momentum.Analysis.ic_filter_orchestrator - WARNING - Falling back to configured label horizon because labels_df is unavailable
22:57:37 [WARNING] Falling back to configured label horizon because labels_df is unavailable
[2026-07-11 22:57:37,746] INFO momentum.Analysis.ic_engine: IC autocorr persistent: count=38
2026-07-11 22:57:37,746 - momentum.Analysis.ic_engine - INFO - IC autocorr persistent: count=38
22:57:37 [INFO] IC autocorr persistent: count=38
2026-07-11 22:57:37,753 - momentum.DataExtraction.kline_storage - DEBUG - Continuity check passed for BTCUSDT/1h: 20352 bars are continuous
2026-07-11 22:57:37,753 - momentum.DataExtraction.kline_storage - INFO - Read 20352 klines from BTCUSDT/1h in 0.008s
22:57:37 [INFO] Read 20352 klines from BTCUSDT/1h in 0.008s
[2026-07-11 22:58:02,220] INFO momentum.Analysis.ic_engine: Decay: 50/50 fit warnings summarized (insufficient_points=50)
2026-07-11 22:58:02,220 - momentum.Analysis.ic_engine - INFO - Decay: 50/50 fit warnings summarized (insufficient_points=50)
22:58:02 [INFO] Decay: 50/50 fit warnings summarized (insufficient_points=50)
[2026-07-11 22:58:03,297] WARNING momentum.Analysis.ic_filter_orchestrator: Falling back to configured label horizon because labels_df is unavailable
2026-07-11 22:58:03,297 - momentum.Analysis.ic_filter_orchestrator - WARNING - Falling back to configured label horizon because labels_df is unavailable
22:58:03 [WARNING] Falling back to configured label horizon because labels_df is unavailable
[2026-07-11 22:58:08,963] INFO momentum.Analysis.ic_reporter: IC report saved: /private/var/folders/_c/3xdf41hd3tvgxpx63mrml2c00000gn/T/pytest-of-louis/pytest-454/test_golden_redirect_on_off_sh0/tmp_a/reports/ic_report_ic_gatekeeper.json
2026-07-11 22:58:08,963 - momentum.Analysis.ic_reporter - INFO - IC report saved: /private/var/folders/_c/3xdf41hd3tvgxpx63mrml2c00000gn/T/pytest-of-louis/pytest-454/test_golden_redirect_on_off_sh0/tmp_a/reports/ic_report_ic_gatekeeper.json
22:58:08 [INFO] IC report saved: /private/var/folders/_c/3xdf41hd3tvgxpx63mrml2c00000gn/T/pytest-of-louis/pytest-454/test_golden_redirect_on_off_sh0/tmp_a/reports/ic_report_ic_gatekeeper.json
2026-07-11 22:58:08,968 - api.ic_analysis_service - INFO - IC analysis task completed: 58b1ecf8-2730-403a-b891-717ce6633b0f
22:58:08 [INFO] IC analysis task completed: 58b1ecf8-2730-403a-b891-717ce6633b0f
2026-07-11 22:58:12,567 - asyncio - DEBUG - Using selector: KqueueSelector
[2026-07-11 22:58:12,568] INFO momentum.FeatureEngineering.feature_registry: Loaded feature registry with 11 entries
2026-07-11 22:58:12,568 - momentum.FeatureEngineering.feature_registry - INFO - Loaded feature registry with 11 entries
22:58:12 [INFO] Loaded feature registry with 11 entries
[2026-07-11 22:58:12,583] INFO momentum.Analysis.ic_config_schema: IC config loaded
2026-07-11 22:58:12,583 - momentum.Analysis.ic_config_schema - INFO - IC config loaded
22:58:12 [INFO] IC config loaded
2026-07-11 22:58:12,584 - api.ic_analysis_service - INFO - IC analysis task started: f86600b0-0024-438e-ba40-ef67c5d17282
22:58:12 [INFO] IC analysis task started: f86600b0-0024-438e-ba40-ef67c5d17282
2026-07-11 22:58:12,584 - momentum.DataExtraction.kline_storage - INFO - KlineStorageManager initialized: data_cache/feature_klines/kline_cache.h5
22:58:12 [INFO] KlineStorageManager initialized: data_cache/feature_klines/kline_cache.h5
[2026-07-11 22:58:12,710] INFO momentum.Analysis.data_preprocessor: Data preprocessing complete: columns=50
2026-07-11 22:58:12,710 - momentum.Analysis.data_preprocessor - INFO - Data preprocessing complete: columns=50
22:58:12 [INFO] Data preprocessing complete: columns=50
2026-07-11 22:58:12,717 - momentum.DataExtraction.kline_storage - DEBUG - Continuity check passed for BTCUSDT/1h: 20352 bars are continuous
2026-07-11 22:58:12,718 - momentum.DataExtraction.kline_storage - INFO - Read 20352 klines from BTCUSDT/1h in 0.008s
22:58:12 [INFO] Read 20352 klines from BTCUSDT/1h in 0.008s
[2026-07-11 22:58:12,719] WARNING momentum.Analysis.ic_filter_orchestrator: Falling back to configured label horizon because labels_df is unavailable
2026-07-11 22:58:12,719 - momentum.Analysis.ic_filter_orchestrator - WARNING - Falling back to configured label horizon because labels_df is unavailable
22:58:12 [WARNING] Falling back to configured label horizon because labels_df is unavailable
[2026-07-11 22:58:13,013] INFO momentum.Analysis.ic_engine: IC autocorr persistent: count=38
2026-07-11 22:58:13,013 - momentum.Analysis.ic_engine - INFO - IC autocorr persistent: count=38
22:58:13 [INFO] IC autocorr persistent: count=38
2026-07-11 22:58:13,021 - momentum.DataExtraction.kline_storage - DEBUG - Continuity check passed for BTCUSDT/1h: 20352 bars are continuous
2026-07-11 22:58:13,021 - momentum.DataExtraction.kline_storage - INFO - Read 20352 klines from BTCUSDT/1h in 0.007s
22:58:13 [INFO] Read 20352 klines from BTCUSDT/1h in 0.007s
[2026-07-11 22:58:37,491] INFO momentum.Analysis.ic_engine: Decay: 50/50 fit warnings summarized (insufficient_points=50)
2026-07-11 22:58:37,491 - momentum.Analysis.ic_engine - INFO - Decay: 50/50 fit warnings summarized (insufficient_points=50)
22:58:37 [INFO] Decay: 50/50 fit warnings summarized (insufficient_points=50)
[2026-07-11 22:58:38,545] WARNING momentum.Analysis.ic_filter_orchestrator: Falling back to configured label horizon because labels_df is unavailable
2026-07-11 22:58:38,545 - momentum.Analysis.ic_filter_orchestrator - WARNING - Falling back to configured label horizon because labels_df is unavailable
22:58:38 [WARNING] Falling back to configured label horizon because labels_df is unavailable
[2026-07-11 22:58:44,036] INFO momentum.Analysis.ic_reporter: IC report saved: /private/var/folders/_c/3xdf41hd3tvgxpx63mrml2c00000gn/T/pytest-of-louis/pytest-454/test_golden_redirect_on_off_sh0/tmp_b/reports/ic_report_ic_gatekeeper.json
2026-07-11 22:58:44,036 - momentum.Analysis.ic_reporter - INFO - IC report saved: /private/var/folders/_c/3xdf41hd3tvgxpx63mrml2c00000gn/T/pytest-of-louis/pytest-454/test_golden_redirect_on_off_sh0/tmp_b/reports/ic_report_ic_gatekeeper.json
22:58:44 [INFO] IC report saved: /private/var/folders/_c/3xdf41hd3tvgxpx63mrml2c00000gn/T/pytest-of-louis/pytest-454/test_golden_redirect_on_off_sh0/tmp_b/reports/ic_report_ic_gatekeeper.json
2026-07-11 22:58:44,037 - api.ic_analysis_service - INFO - IC analysis task completed: f86600b0-0024-438e-ba40-ef67c5d17282
22:58:44 [INFO] IC analysis task completed: f86600b0-0024-438e-ba40-ef67c5d17282
2026-07-11 22:59:14,016 - asyncio - DEBUG - Using selector: KqueueSelector
[2026-07-11 22:59:14,039] INFO momentum.Analysis.ic_config_schema: IC config loaded
2026-07-11 22:59:14,039 - momentum.Analysis.ic_config_schema - INFO - IC config loaded
22:59:14 [INFO] IC config loaded
2026-07-11 22:59:14,042 - api.ic_analysis_service - INFO - IC analysis task started: 3b4551bc-a4b8-46db-8a92-60e1dd7b0d2f
22:59:14 [INFO] IC analysis task started: 3b4551bc-a4b8-46db-8a92-60e1dd7b0d2f
2026-07-11 22:59:14,043 - momentum.DataExtraction.kline_storage - INFO - KlineStorageManager initialized: data_cache/feature_klines/kline_cache.h5
22:59:14 [INFO] KlineStorageManager initialized: data_cache/feature_klines/kline_cache.h5
[2026-07-11 22:59:14,200] INFO momentum.Analysis.data_preprocessor: Data preprocessing complete: columns=50
2026-07-11 22:59:14,200 - momentum.Analysis.data_preprocessor - INFO - Data preprocessing complete: columns=50
22:59:14 [INFO] Data preprocessing complete: columns=50
2026-07-11 22:59:14,211 - momentum.DataExtraction.kline_storage - DEBUG - Continuity check passed for BTCUSDT/1h: 20352 bars are continuous
2026-07-11 22:59:14,211 - momentum.DataExtraction.kline_storage - INFO - Read 20352 klines from BTCUSDT/1h in 0.011s
22:59:14 [INFO] Read 20352 klines from BTCUSDT/1h in 0.011s
[2026-07-11 22:59:14,215] WARNING momentum.Analysis.ic_filter_orchestrator: Falling back to configured label horizon because labels_df is unavailable
2026-07-11 22:59:14,215 - momentum.Analysis.ic_filter_orchestrator - WARNING - Falling back to configured label horizon because labels_df is unavailable
22:59:14 [WARNING] Falling back to configured label horizon because labels_df is unavailable
[2026-07-11 22:59:14,538] INFO momentum.Analysis.ic_engine: IC autocorr persistent: count=38
2026-07-11 22:59:14,538 - momentum.Analysis.ic_engine - INFO - IC autocorr persistent: count=38
22:59:14 [INFO] IC autocorr persistent: count=38
2026-07-11 22:59:14,546 - momentum.DataExtraction.kline_storage - DEBUG - Continuity check passed for BTCUSDT/1h: 20352 bars are continuous
2026-07-11 22:59:14,546 - momentum.DataExtraction.kline_storage - INFO - Read 20352 klines from BTCUSDT/1h in 0.008s
22:59:14 [INFO] Read 20352 klines from BTCUSDT/1h in 0.008s
[2026-07-11 22:59:39,428] INFO momentum.Analysis.ic_engine: Decay: 50/50 fit warnings summarized (insufficient_points=50)
2026-07-11 22:59:39,428 - momentum.Analysis.ic_engine - INFO - Decay: 50/50 fit warnings summarized (insufficient_points=50)
22:59:39 [INFO] Decay: 50/50 fit warnings summarized (insufficient_points=50)
[2026-07-11 22:59:40,478] WARNING momentum.Analysis.ic_filter_orchestrator: Falling back to configured label horizon because labels_df is unavailable
2026-07-11 22:59:40,478 - momentum.Analysis.ic_filter_orchestrator - WARNING - Falling back to configured label horizon because labels_df is unavailable
22:59:40 [WARNING] Falling back to configured label horizon because labels_df is unavailable
[2026-07-11 22:59:45,870] INFO momentum.Analysis.ic_reporter: IC report saved: data_cache/reports/ic_report_ic_gatekeeper.json
2026-07-11 22:59:45,870 - momentum.Analysis.ic_reporter - INFO - IC report saved: data_cache/reports/ic_report_ic_gatekeeper.json
22:59:45 [INFO] IC report saved: data_cache/reports/ic_report_ic_gatekeeper.json
2026-07-11 22:59:45,871 - api.ic_analysis_service - INFO - IC analysis task completed: 3b4551bc-a4b8-46db-8a92-60e1dd7b0d2f
22:59:45 [INFO] IC analysis task completed: 3b4551bc-a4b8-46db-8a92-60e1dd7b0d2f
ab_hash=1a30560ea95970ee48791ceed9a695229e4bc9cb30781b54e192b31d602edb41
PASSED
tests/momentum/Analysis/test_ic_1a_cut1_golden.py::test_flag_off_deep_equal_baseline 2026-07-11 23:00:16,651 - asyncio - DEBUG - Using selector: KqueueSelector
[2026-07-11 23:00:16,653] INFO momentum.FeatureEngineering.feature_registry: Loaded feature registry with 11 entries
2026-07-11 23:00:16,653 - momentum.FeatureEngineering.feature_registry - INFO - Loaded feature registry with 11 entries

-------------------------------- live log call ---------------------------------
23:00:16 [INFO] Loaded feature registry with 11 entries
[2026-07-11 23:00:16,695] INFO momentum.Analysis.ic_config_schema: IC config loaded
2026-07-11 23:00:16,695 - momentum.Analysis.ic_config_schema - INFO - IC config loaded
23:00:16 [INFO] IC config loaded
2026-07-11 23:00:16,696 - api.ic_analysis_service - INFO - IC analysis task started: b6b2eb29-36f9-46d8-a9d1-1b250e937a4b
23:00:16 [INFO] IC analysis task started: b6b2eb29-36f9-46d8-a9d1-1b250e937a4b
2026-07-11 23:00:16,697 - momentum.DataExtraction.kline_storage - INFO - KlineStorageManager initialized: data_cache/feature_klines/kline_cache.h5
23:00:16 [INFO] KlineStorageManager initialized: data_cache/feature_klines/kline_cache.h5
[2026-07-11 23:00:16,843] INFO momentum.Analysis.data_preprocessor: Data preprocessing complete: columns=50
2026-07-11 23:00:16,843 - momentum.Analysis.data_preprocessor - INFO - Data preprocessing complete: columns=50
23:00:16 [INFO] Data preprocessing complete: columns=50
2026-07-11 23:00:16,853 - momentum.DataExtraction.kline_storage - DEBUG - Continuity check passed for BTCUSDT/1h: 20352 bars are continuous
2026-07-11 23:00:16,853 - momentum.DataExtraction.kline_storage - INFO - Read 20352 klines from BTCUSDT/1h in 0.010s
23:00:16 [INFO] Read 20352 klines from BTCUSDT/1h in 0.010s
[2026-07-11 23:00:16,857] WARNING momentum.Analysis.ic_filter_orchestrator: Falling back to configured label horizon because labels_df is unavailable
2026-07-11 23:00:16,857 - momentum.Analysis.ic_filter_orchestrator - WARNING - Falling back to configured label horizon because labels_df is unavailable
23:00:16 [WARNING] Falling back to configured label horizon because labels_df is unavailable
[2026-07-11 23:00:17,193] INFO momentum.Analysis.ic_engine: IC autocorr persistent: count=38
2026-07-11 23:00:17,193 - momentum.Analysis.ic_engine - INFO - IC autocorr persistent: count=38
23:00:17 [INFO] IC autocorr persistent: count=38
2026-07-11 23:00:17,201 - momentum.DataExtraction.kline_storage - DEBUG - Continuity check passed for BTCUSDT/1h: 20352 bars are continuous
2026-07-11 23:00:17,201 - momentum.DataExtraction.kline_storage - INFO - Read 20352 klines from BTCUSDT/1h in 0.008s
23:00:17 [INFO] Read 20352 klines from BTCUSDT/1h in 0.008s
[2026-07-11 23:00:43,603] INFO momentum.Analysis.ic_engine: Decay: 50/50 fit warnings summarized (insufficient_points=50)
2026-07-11 23:00:43,603 - momentum.Analysis.ic_engine - INFO - Decay: 50/50 fit warnings summarized (insufficient_points=50)
23:00:43 [INFO] Decay: 50/50 fit warnings summarized (insufficient_points=50)
[2026-07-11 23:00:44,655] WARNING momentum.Analysis.ic_filter_orchestrator: Falling back to configured label horizon because labels_df is unavailable
2026-07-11 23:00:44,655 - momentum.Analysis.ic_filter_orchestrator - WARNING - Falling back to configured label horizon because labels_df is unavailable
23:00:44 [WARNING] Falling back to configured label horizon because labels_df is unavailable
[2026-07-11 23:00:50,299] INFO momentum.Analysis.ic_reporter: IC report saved: /private/var/folders/_c/3xdf41hd3tvgxpx63mrml2c00000gn/T/pytest-of-louis/pytest-454/ic_redirect0/reports/ic_report_ic_gatekeeper.json
2026-07-11 23:00:50,299 - momentum.Analysis.ic_reporter - INFO - IC report saved: /private/var/folders/_c/3xdf41hd3tvgxpx63mrml2c00000gn/T/pytest-of-louis/pytest-454/ic_redirect0/reports/ic_report_ic_gatekeeper.json
23:00:50 [INFO] IC report saved: /private/var/folders/_c/3xdf41hd3tvgxpx63mrml2c00000gn/T/pytest-of-louis/pytest-454/ic_redirect0/reports/ic_report_ic_gatekeeper.json
2026-07-11 23:00:50,301 - api.ic_analysis_service - INFO - IC analysis task completed: b6b2eb29-36f9-46d8-a9d1-1b250e937a4b
23:00:50 [INFO] IC analysis task completed: b6b2eb29-36f9-46d8-a9d1-1b250e937a4b
PASSED
tests/momentum/Analysis/test_ic_1a_cut1_golden.py::test_flag_on_matches_new_golden 2026-07-11 23:00:54,109 - asyncio - DEBUG - Using selector: KqueueSelector
[2026-07-11 23:00:54,110] INFO momentum.FeatureEngineering.feature_registry: Loaded feature registry with 11 entries
2026-07-11 23:00:54,110 - momentum.FeatureEngineering.feature_registry - INFO - Loaded feature registry with 11 entries

-------------------------------- live log call ---------------------------------
23:00:54 [INFO] Loaded feature registry with 11 entries
[2026-07-11 23:00:54,129] INFO momentum.Analysis.ic_config_schema: IC config loaded
2026-07-11 23:00:54,129 - momentum.Analysis.ic_config_schema - INFO - IC config loaded
23:00:54 [INFO] IC config loaded
2026-07-11 23:00:54,129 - api.ic_analysis_service - INFO - IC analysis task started: 1c7ca22d-e998-49d0-897b-d321df97246b
23:00:54 [INFO] IC analysis task started: 1c7ca22d-e998-49d0-897b-d321df97246b
2026-07-11 23:00:54,129 - momentum.DataExtraction.kline_storage - INFO - KlineStorageManager initialized: data_cache/feature_klines/kline_cache.h5
23:00:54 [INFO] KlineStorageManager initialized: data_cache/feature_klines/kline_cache.h5
[2026-07-11 23:00:54,145] WARNING momentum.Analysis.ic_filter_orchestrator: Falling back to configured label horizon because labels_df is unavailable
2026-07-11 23:00:54,145 - momentum.Analysis.ic_filter_orchestrator - WARNING - Falling back to configured label horizon because labels_df is unavailable
23:00:54 [WARNING] Falling back to configured label horizon because labels_df is unavailable
[2026-07-11 23:00:54,145] WARNING momentum.Analysis.ic_filter_orchestrator: Falling back to configured label horizon because labels_df is unavailable
2026-07-11 23:00:54,145 - momentum.Analysis.ic_filter_orchestrator - WARNING - Falling back to configured label horizon because labels_df is unavailable
23:00:54 [WARNING] Falling back to configured label horizon because labels_df is unavailable
[2026-07-11 23:00:54,320] INFO momentum.Analysis.data_preprocessor: Data preprocessing complete: columns=50
2026-07-11 23:00:54,320 - momentum.Analysis.data_preprocessor - INFO - Data preprocessing complete: columns=50
23:00:54 [INFO] Data preprocessing complete: columns=50
2026-07-11 23:00:54,327 - momentum.DataExtraction.kline_storage - DEBUG - Continuity check passed for BTCUSDT/1h: 20352 bars are continuous
2026-07-11 23:00:54,327 - momentum.DataExtraction.kline_storage - INFO - Read 20352 klines from BTCUSDT/1h in 0.008s
23:00:54 [INFO] Read 20352 klines from BTCUSDT/1h in 0.008s
[2026-07-11 23:00:54,329] WARNING momentum.Analysis.ic_filter_orchestrator: Falling back to configured label horizon because labels_df is unavailable
2026-07-11 23:00:54,329 - momentum.Analysis.ic_filter_orchestrator - WARNING - Falling back to configured label horizon because labels_df is unavailable
23:00:54 [WARNING] Falling back to configured label horizon because labels_df is unavailable
[2026-07-11 23:00:54,547] INFO momentum.Analysis.ic_engine: IC autocorr persistent: count=46
2026-07-11 23:00:54,547 - momentum.Analysis.ic_engine - INFO - IC autocorr persistent: count=46
23:00:54 [INFO] IC autocorr persistent: count=46
2026-07-11 23:00:54,554 - momentum.DataExtraction.kline_storage - DEBUG - Continuity check passed for BTCUSDT/1h: 20352 bars are continuous
2026-07-11 23:00:54,554 - momentum.DataExtraction.kline_storage - INFO - Read 20352 klines from BTCUSDT/1h in 0.007s
23:00:54 [INFO] Read 20352 klines from BTCUSDT/1h in 0.007s
[2026-07-11 23:00:55,198] INFO momentum.Analysis.ic_engine: Decay: 8/50 fit warnings summarized (fit_exception=1, insufficient_points=1, low_r2=6)
2026-07-11 23:00:55,198 - momentum.Analysis.ic_engine - INFO - Decay: 8/50 fit warnings summarized (fit_exception=1, insufficient_points=1, low_r2=6)
23:00:55 [INFO] Decay: 8/50 fit warnings summarized (fit_exception=1, insufficient_points=1, low_r2=6)
[2026-07-11 23:00:57,304] INFO momentum.Analysis.ic_reporter: IC report saved: /private/var/folders/_c/3xdf41hd3tvgxpx63mrml2c00000gn/T/pytest-of-louis/pytest-454/ic_redirect0/reports/ic_report_ic_gatekeeper.json
2026-07-11 23:00:57,304 - momentum.Analysis.ic_reporter - INFO - IC report saved: /private/var/folders/_c/3xdf41hd3tvgxpx63mrml2c00000gn/T/pytest-of-louis/pytest-454/ic_redirect0/reports/ic_report_ic_gatekeeper.json
23:00:57 [INFO] IC report saved: /private/var/folders/_c/3xdf41hd3tvgxpx63mrml2c00000gn/T/pytest-of-louis/pytest-454/ic_redirect0/reports/ic_report_ic_gatekeeper.json
2026-07-11 23:00:57,305 - api.ic_analysis_service - INFO - IC analysis task completed: 1c7ca22d-e998-49d0-897b-d321df97246b
23:00:57 [INFO] IC analysis task completed: 1c7ca22d-e998-49d0-897b-d321df97246b
PASSED

=============================== warnings summary ===============================
venv/lib/python3.9/site-packages/joblib/_multiprocessing_helpers.py:44
  /Users/louis/Desktop/quantitative_trading_system/venv/lib/python3.9/site-packages/joblib/_multiprocessing_helpers.py:44: UserWarning: [Errno 1] Operation not permitted.  joblib will operate in serial mode
    warnings.warn("%s.  joblib will operate in serial mode" % (e,))

tests/momentum/Analysis/test_ic_1a_cut1_golden.py::test_flag_on_matches_new_golden
  /Users/louis/Desktop/quantitative_trading_system/momentum/Analysis/ic_engine.py:318: RuntimeWarning: Mean of empty slice
    ic_mean = float(np.nanmean(values))

tests/momentum/Analysis/test_ic_1a_cut1_golden.py::test_flag_on_matches_new_golden
  /Users/louis/Desktop/quantitative_trading_system/venv/lib/python3.9/site-packages/numpy/lib/nanfunctions.py:1879: RuntimeWarning: Degrees of freedom <= 0 for slice.
    var = nanvar(a, axis=axis, dtype=dtype, out=out, ddof=ddof,

tests/momentum/Analysis/test_ic_1a_cut1_golden.py::test_flag_on_matches_new_golden
  /Users/louis/Desktop/quantitative_trading_system/venv/lib/python3.9/site-packages/numpy/lib/function_base.py:2897: RuntimeWarning: invalid value encountered in divide
    c /= stddev[:, None]

-- Docs: https://docs.pytest.org/en/stable/how-to/capture-warnings.html
================== 3 passed, 4 warnings in 203.29s (0:03:23) ===================
DIGEST_DIFF_EMPTY[V5]=1
============================= test session starts ==============================
platform darwin -- Python 3.9.6, pytest-8.4.2, pluggy-1.6.0
rootdir: /Users/louis/Desktop/quantitative_trading_system
configfile: pytest.ini
plugins: asyncio-1.2.0, anyio-4.10.0, cov-7.0.0
asyncio: mode=strict, debug=False, asyncio_default_fixture_loop_scope=None, asyncio_default_test_loop_scope=function

----------------------------- live log collection ------------------------------
23:01:55 [INFO] KlineStorageManager initialized: /Users/louis/Desktop/quantitative_trading_system/data_cache/feature_klines/kline_cache.h5
23:01:55 [INFO] Registered adapter: crypto_spot
23:01:55 [INFO] Loaded feature registry with 11 entries
23:01:55 [INFO] CGSA stats (tier=8gb): sync_cap=200 q_sample=1500 warmup_workers=2
23:01:56 [INFO] Restored 9 persisted feature task(s) from disk
23:01:56 [INFO] 所有中間件已設置完成
23:01:56 [INFO] 異常處理器設置完成
23:01:56 [INFO] StandaloneSearchService initialized - momentum modules will be loaded on demand
23:01:56 [INFO] CaseStorageManager initialized (persistent=True, json_path=/Users/louis/Desktop/quantitative_trading_system/data_cache/cases.json, cases=0)
23:01:56 [INFO] Created global CaseStorageManager instance
23:01:56 [INFO] CaseImportService initialized
23:01:56 [INFO] Created global CaseImportService instance with shared storage
23:01:56 [INFO] KlineStorageManager initialized: /Users/louis/Desktop/quantitative_trading_system/data_cache/kline_cache.h5
23:01:56 [INFO] KlineDownloadService initialized
23:01:56 [INFO] Rate limiter initialized: 1000 req/min
23:01:56 [INFO] BinanceProvider initialized
23:01:56 [INFO] Registered provider: binance (rate_limit=1000/min)
23:01:56 [INFO] Registered BinanceProvider to KlineDownloadService
23:01:56 [INFO] BatchDownloadService initialized
23:01:56 [INFO] Created global BatchDownloadService instance with shared storage
23:01:56 [INFO] KlineStorageManager initialized: data_cache/kline_cache.h5
23:01:56 [INFO] KlineDownloadService initialized
23:01:56 [INFO] Rate limiter initialized: 1000 req/min
23:01:56 [INFO] BinanceProvider initialized
23:01:56 [INFO] Registered provider: binance (rate_limit=1000/min)
23:01:56 [INFO] KlineStorageManager initialized: data_cache/kline_cache.h5
23:01:56 [INFO] IndicatorEngine initialized
23:01:56 [INFO] ChartDataService initialized with IndicatorEngine
23:01:56 [INFO] OptimizationTaskService initialized
23:01:57 [INFO] Loaded feature registry with 11 entries
23:01:57 [INFO] Loaded feature registry with 11 entries
23:01:57 [INFO] Loaded feature registry with 11 entries
23:01:57 [INFO] Loaded feature registry with 11 entries
23:01:57 [INFO] Loaded feature registry with 11 entries
23:01:57 [INFO] WebSocketConnectionManager initialized
23:01:57 [INFO] All API routes registered successfully
collected 32 items

tests/api/test_ic_analysis_api.py::test_ic_task_status 
-------------------------------- live log setup --------------------------------
23:01:57 [WARNING] /Users/louis/.matplotlib is not a writable directory
23:01:57 [WARNING] Matplotlib created a temporary cache directory at /var/folders/_c/3xdf41hd3tvgxpx63mrml2c00000gn/T/matplotlib-cwioe4k7 because there was an issue with the default path (/Users/louis/.matplotlib); it is highly recommended to set the MPLCONFIGDIR environment variable to a writable directory, in particular to speed up the import of Matplotlib and to better support multiprocessing.
23:01:57 [INFO] IC config loaded
23:01:57 [INFO] IC analysis task started: 378e159a-cd34-4f13-be43-e3b112672ed0
23:01:57 [INFO] [747d8c08] POST /api/v1/ic/analyze - 200 - 0.021s
23:01:57 [INFO] HTTP Request: POST http://testserver/api/v1/ic/analyze "HTTP/1.1 200 OK"
23:01:57 [INFO] [74ce8ba2] GET /api/v1/ic/task/378e159a-cd34-4f13-be43-e3b112672ed0 - 200 - 0.001s
23:01:57 [INFO] HTTP Request: GET http://testserver/api/v1/ic/task/378e159a-cd34-4f13-be43-e3b112672ed0 "HTTP/1.1 200 OK"
23:01:58 [INFO] [d23599eb] GET /api/v1/ic/task/378e159a-cd34-4f13-be43-e3b112672ed0 - 200 - 0.001s
23:01:58 [INFO] HTTP Request: GET http://testserver/api/v1/ic/task/378e159a-cd34-4f13-be43-e3b112672ed0 "HTTP/1.1 200 OK"
23:01:58 [INFO] [2bd50011] GET /api/v1/ic/task/378e159a-cd34-4f13-be43-e3b112672ed0 - 200 - 0.003s
23:01:58 [INFO] HTTP Request: GET http://testserver/api/v1/ic/task/378e159a-cd34-4f13-be43-e3b112672ed0 "HTTP/1.1 200 OK"
23:01:58 [INFO] [5b33e9a4] GET /api/v1/ic/task/378e159a-cd34-4f13-be43-e3b112672ed0 - 200 - 0.002s
23:01:58 [INFO] HTTP Request: GET http://testserver/api/v1/ic/task/378e159a-cd34-4f13-be43-e3b112672ed0 "HTTP/1.1 200 OK"
23:01:58 [INFO] [407a4397] GET /api/v1/ic/task/378e159a-cd34-4f13-be43-e3b112672ed0 - 200 - 0.002s
23:01:58 [INFO] HTTP Request: GET http://testserver/api/v1/ic/task/378e159a-cd34-4f13-be43-e3b112672ed0 "HTTP/1.1 200 OK"
23:01:59 [INFO] [4d75f479] GET /api/v1/ic/task/378e159a-cd34-4f13-be43-e3b112672ed0 - 200 - 0.002s
23:01:59 [INFO] HTTP Request: GET http://testserver/api/v1/ic/task/378e159a-cd34-4f13-be43-e3b112672ed0 "HTTP/1.1 200 OK"
23:01:59 [INFO] [d9bf436e] GET /api/v1/ic/task/378e159a-cd34-4f13-be43-e3b112672ed0 - 200 - 0.003s
23:01:59 [INFO] HTTP Request: GET http://testserver/api/v1/ic/task/378e159a-cd34-4f13-be43-e3b112672ed0 "HTTP/1.1 200 OK"
23:01:59 [INFO] [6ea0eb41] GET /api/v1/ic/task/378e159a-cd34-4f13-be43-e3b112672ed0 - 200 - 0.002s
23:01:59 [INFO] HTTP Request: GET http://testserver/api/v1/ic/task/378e159a-cd34-4f13-be43-e3b112672ed0 "HTTP/1.1 200 OK"
23:01:59 [INFO] [2be96ad2] GET /api/v1/ic/task/378e159a-cd34-4f13-be43-e3b112672ed0 - 200 - 0.002s
23:01:59 [INFO] HTTP Request: GET http://testserver/api/v1/ic/task/378e159a-cd34-4f13-be43-e3b112672ed0 "HTTP/1.1 200 OK"
23:01:59 [INFO] [e8f59af2] GET /api/v1/ic/task/378e159a-cd34-4f13-be43-e3b112672ed0 - 200 - 0.002s
23:01:59 [INFO] HTTP Request: GET http://testserver/api/v1/ic/task/378e159a-cd34-4f13-be43-e3b112672ed0 "HTTP/1.1 200 OK"
23:02:00 [INFO] [f0a5a913] GET /api/v1/ic/task/378e159a-cd34-4f13-be43-e3b112672ed0 - 200 - 0.002s
23:02:00 [INFO] HTTP Request: GET http://testserver/api/v1/ic/task/378e159a-cd34-4f13-be43-e3b112672ed0 "HTTP/1.1 200 OK"
23:02:00 [INFO] [428c60b0] GET /api/v1/ic/task/378e159a-cd34-4f13-be43-e3b112672ed0 - 200 - 0.002s
23:02:00 [INFO] HTTP Request: GET http://testserver/api/v1/ic/task/378e159a-cd34-4f13-be43-e3b112672ed0 "HTTP/1.1 200 OK"
23:02:00 [INFO] [88789d56] GET /api/v1/ic/task/378e159a-cd34-4f13-be43-e3b112672ed0 - 200 - 0.002s
23:02:00 [INFO] HTTP Request: GET http://testserver/api/v1/ic/task/378e159a-cd34-4f13-be43-e3b112672ed0 "HTTP/1.1 200 OK"
23:02:00 [INFO] [5d0319e2] GET /api/v1/ic/task/378e159a-cd34-4f13-be43-e3b112672ed0 - 200 - 0.002s
23:02:00 [INFO] HTTP Request: GET http://testserver/api/v1/ic/task/378e159a-cd34-4f13-be43-e3b112672ed0 "HTTP/1.1 200 OK"
23:02:00 [INFO] [7b5ffd6d] GET /api/v1/ic/task/378e159a-cd34-4f13-be43-e3b112672ed0 - 200 - 0.002s
23:02:00 [INFO] HTTP Request: GET http://testserver/api/v1/ic/task/378e159a-cd34-4f13-be43-e3b112672ed0 "HTTP/1.1 200 OK"
23:02:01 [INFO] [86b06648] GET /api/v1/ic/task/378e159a-cd34-4f13-be43-e3b112672ed0 - 200 - 0.003s
23:02:01 [INFO] HTTP Request: GET http://testserver/api/v1/ic/task/378e159a-cd34-4f13-be43-e3b112672ed0 "HTTP/1.1 200 OK"
23:02:01 [INFO] [f75790e9] GET /api/v1/ic/task/378e159a-cd34-4f13-be43-e3b112672ed0 - 200 - 0.002s
23:02:01 [INFO] HTTP Request: GET http://testserver/api/v1/ic/task/378e159a-cd34-4f13-be43-e3b112672ed0 "HTTP/1.1 200 OK"
23:02:01 [INFO] [58dd343e] GET /api/v1/ic/task/378e159a-cd34-4f13-be43-e3b112672ed0 - 200 - 0.002s
23:02:01 [INFO] HTTP Request: GET http://testserver/api/v1/ic/task/378e159a-cd34-4f13-be43-e3b112672ed0 "HTTP/1.1 200 OK"
23:02:01 [INFO] [6feb800b] GET /api/v1/ic/task/378e159a-cd34-4f13-be43-e3b112672ed0 - 200 - 0.002s
23:02:01 [INFO] HTTP Request: GET http://testserver/api/v1/ic/task/378e159a-cd34-4f13-be43-e3b112672ed0 "HTTP/1.1 200 OK"
23:02:02 [INFO] [03d72c6b] GET /api/v1/ic/task/378e159a-cd34-4f13-be43-e3b112672ed0 - 200 - 0.002s
23:02:02 [INFO] HTTP Request: GET http://testserver/api/v1/ic/task/378e159a-cd34-4f13-be43-e3b112672ed0 "HTTP/1.1 200 OK"
23:02:02 [INFO] [b37ae41c] GET /api/v1/ic/task/378e159a-cd34-4f13-be43-e3b112672ed0 - 200 - 0.002s
23:02:02 [INFO] HTTP Request: GET http://testserver/api/v1/ic/task/378e159a-cd34-4f13-be43-e3b112672ed0 "HTTP/1.1 200 OK"
23:02:02 [INFO] [1c29e511] GET /api/v1/ic/task/378e159a-cd34-4f13-be43-e3b112672ed0 - 200 - 0.002s
23:02:02 [INFO] HTTP Request: GET http://testserver/api/v1/ic/task/378e159a-cd34-4f13-be43-e3b112672ed0 "HTTP/1.1 200 OK"
23:02:02 [INFO] [7dce30eb] GET /api/v1/ic/task/378e159a-cd34-4f13-be43-e3b112672ed0 - 200 - 0.003s
23:02:02 [INFO] HTTP Request: GET http://testserver/api/v1/ic/task/378e159a-cd34-4f13-be43-e3b112672ed0 "HTTP/1.1 200 OK"
23:02:02 [INFO] [cdb2c00e] GET /api/v1/ic/task/378e159a-cd34-4f13-be43-e3b112672ed0 - 200 - 0.002s
23:02:02 [INFO] HTTP Request: GET http://testserver/api/v1/ic/task/378e159a-cd34-4f13-be43-e3b112672ed0 "HTTP/1.1 200 OK"
23:02:03 [INFO] [365f90cc] GET /api/v1/ic/task/378e159a-cd34-4f13-be43-e3b112672ed0 - 200 - 0.002s
23:02:03 [INFO] HTTP Request: GET http://testserver/api/v1/ic/task/378e159a-cd34-4f13-be43-e3b112672ed0 "HTTP/1.1 200 OK"
23:02:03 [INFO] [7a777a2d] GET /api/v1/ic/task/378e159a-cd34-4f13-be43-e3b112672ed0 - 200 - 0.002s
23:02:03 [INFO] HTTP Request: GET http://testserver/api/v1/ic/task/378e159a-cd34-4f13-be43-e3b112672ed0 "HTTP/1.1 200 OK"
23:02:03 [INFO] [aeb4b73c] GET /api/v1/ic/task/378e159a-cd34-4f13-be43-e3b112672ed0 - 200 - 0.002s
23:02:03 [INFO] HTTP Request: GET http://testserver/api/v1/ic/task/378e159a-cd34-4f13-be43-e3b112672ed0 "HTTP/1.1 200 OK"
23:02:03 [INFO] [3bb3873e] GET /api/v1/ic/task/378e159a-cd34-4f13-be43-e3b112672ed0 - 200 - 0.002s
23:02:03 [INFO] HTTP Request: GET http://testserver/api/v1/ic/task/378e159a-cd34-4f13-be43-e3b112672ed0 "HTTP/1.1 200 OK"
23:02:03 [INFO] [47294ac4] GET /api/v1/ic/task/378e159a-cd34-4f13-be43-e3b112672ed0 - 200 - 0.002s
23:02:03 [INFO] HTTP Request: GET http://testserver/api/v1/ic/task/378e159a-cd34-4f13-be43-e3b112672ed0 "HTTP/1.1 200 OK"
23:02:04 [INFO] [65009121] GET /api/v1/ic/task/378e159a-cd34-4f13-be43-e3b112672ed0 - 200 - 0.002s
23:02:04 [INFO] HTTP Request: GET http://testserver/api/v1/ic/task/378e159a-cd34-4f13-be43-e3b112672ed0 "HTTP/1.1 200 OK"
23:02:04 [INFO] [7c292c74] GET /api/v1/ic/task/378e159a-cd34-4f13-be43-e3b112672ed0 - 200 - 0.003s
23:02:04 [INFO] HTTP Request: GET http://testserver/api/v1/ic/task/378e159a-cd34-4f13-be43-e3b112672ed0 "HTTP/1.1 200 OK"
23:02:04 [INFO] [1fb6dd1c] GET /api/v1/ic/task/378e159a-cd34-4f13-be43-e3b112672ed0 - 200 - 0.003s
23:02:04 [INFO] HTTP Request: GET http://testserver/api/v1/ic/task/378e159a-cd34-4f13-be43-e3b112672ed0 "HTTP/1.1 200 OK"
23:02:04 [INFO] [7c5ed066] GET /api/v1/ic/task/378e159a-cd34-4f13-be43-e3b112672ed0 - 200 - 0.002s
23:02:04 [INFO] HTTP Request: GET http://testserver/api/v1/ic/task/378e159a-cd34-4f13-be43-e3b112672ed0 "HTTP/1.1 200 OK"
23:02:05 [INFO] [d86457e2] GET /api/v1/ic/task/378e159a-cd34-4f13-be43-e3b112672ed0 - 200 - 0.002s
23:02:05 [INFO] HTTP Request: GET http://testserver/api/v1/ic/task/378e159a-cd34-4f13-be43-e3b112672ed0 "HTTP/1.1 200 OK"
23:02:05 [INFO] [aab18ddc] GET /api/v1/ic/task/378e159a-cd34-4f13-be43-e3b112672ed0 - 200 - 0.002s
23:02:05 [INFO] HTTP Request: GET http://testserver/api/v1/ic/task/378e159a-cd34-4f13-be43-e3b112672ed0 "HTTP/1.1 200 OK"
23:02:05 [INFO] [813dd622] GET /api/v1/ic/task/378e159a-cd34-4f13-be43-e3b112672ed0 - 200 - 0.002s
23:02:05 [INFO] HTTP Request: GET http://testserver/api/v1/ic/task/378e159a-cd34-4f13-be43-e3b112672ed0 "HTTP/1.1 200 OK"
23:02:05 [INFO] [8c35fe11] GET /api/v1/ic/task/378e159a-cd34-4f13-be43-e3b112672ed0 - 200 - 0.002s
23:02:05 [INFO] HTTP Request: GET http://testserver/api/v1/ic/task/378e159a-cd34-4f13-be43-e3b112672ed0 "HTTP/1.1 200 OK"
23:02:05 [INFO] [d28e9f0e] GET /api/v1/ic/task/378e159a-cd34-4f13-be43-e3b112672ed0 - 200 - 0.002s
23:02:05 [INFO] HTTP Request: GET http://testserver/api/v1/ic/task/378e159a-cd34-4f13-be43-e3b112672ed0 "HTTP/1.1 200 OK"
23:02:06 [INFO] [11e14352] GET /api/v1/ic/task/378e159a-cd34-4f13-be43-e3b112672ed0 - 200 - 0.003s
23:02:06 [INFO] HTTP Request: GET http://testserver/api/v1/ic/task/378e159a-cd34-4f13-be43-e3b112672ed0 "HTTP/1.1 200 OK"
23:02:06 [INFO] [ec08c281] GET /api/v1/ic/task/378e159a-cd34-4f13-be43-e3b112672ed0 - 200 - 0.002s
23:02:06 [INFO] HTTP Request: GET http://testserver/api/v1/ic/task/378e159a-cd34-4f13-be43-e3b112672ed0 "HTTP/1.1 200 OK"
23:02:06 [INFO] [4e00ee99] GET /api/v1/ic/task/378e159a-cd34-4f13-be43-e3b112672ed0 - 200 - 0.002s
23:02:06 [INFO] HTTP Request: GET http://testserver/api/v1/ic/task/378e159a-cd34-4f13-be43-e3b112672ed0 "HTTP/1.1 200 OK"
23:02:06 [INFO] [06eedd70] GET /api/v1/ic/task/378e159a-cd34-4f13-be43-e3b112672ed0 - 200 - 0.002s
23:02:06 [INFO] HTTP Request: GET http://testserver/api/v1/ic/task/378e159a-cd34-4f13-be43-e3b112672ed0 "HTTP/1.1 200 OK"
23:02:06 [INFO] [62469d12] GET /api/v1/ic/task/378e159a-cd34-4f13-be43-e3b112672ed0 - 200 - 0.002s
23:02:06 [INFO] HTTP Request: GET http://testserver/api/v1/ic/task/378e159a-cd34-4f13-be43-e3b112672ed0 "HTTP/1.1 200 OK"
23:02:07 [INFO] [b1abc68d] GET /api/v1/ic/task/378e159a-cd34-4f13-be43-e3b112672ed0 - 200 - 0.002s
23:02:07 [INFO] HTTP Request: GET http://testserver/api/v1/ic/task/378e159a-cd34-4f13-be43-e3b112672ed0 "HTTP/1.1 200 OK"
23:02:07 [INFO] [b25fe368] GET /api/v1/ic/task/378e159a-cd34-4f13-be43-e3b112672ed0 - 200 - 0.002s
23:02:07 [INFO] HTTP Request: GET http://testserver/api/v1/ic/task/378e159a-cd34-4f13-be43-e3b112672ed0 "HTTP/1.1 200 OK"
23:02:07 [INFO] [d294e9a4] GET /api/v1/ic/task/378e159a-cd34-4f13-be43-e3b112672ed0 - 200 - 0.002s
23:02:07 [INFO] HTTP Request: GET http://testserver/api/v1/ic/task/378e159a-cd34-4f13-be43-e3b112672ed0 "HTTP/1.1 200 OK"
23:02:07 [INFO] [989d251d] GET /api/v1/ic/task/378e159a-cd34-4f13-be43-e3b112672ed0 - 200 - 0.003s
23:02:07 [INFO] HTTP Request: GET http://testserver/api/v1/ic/task/378e159a-cd34-4f13-be43-e3b112672ed0 "HTTP/1.1 200 OK"
23:02:08 [INFO] [f2d9af65] GET /api/v1/ic/task/378e159a-cd34-4f13-be43-e3b112672ed0 - 200 - 0.002s
23:02:08 [INFO] HTTP Request: GET http://testserver/api/v1/ic/task/378e159a-cd34-4f13-be43-e3b112672ed0 "HTTP/1.1 200 OK"
23:02:08 [INFO] [dcc10fc2] GET /api/v1/ic/task/378e159a-cd34-4f13-be43-e3b112672ed0 - 200 - 0.002s
23:02:08 [INFO] HTTP Request: GET http://testserver/api/v1/ic/task/378e159a-cd34-4f13-be43-e3b112672ed0 "HTTP/1.1 200 OK"
23:02:08 [INFO] [4389028e] GET /api/v1/ic/task/378e159a-cd34-4f13-be43-e3b112672ed0 - 200 - 0.002s
23:02:08 [INFO] HTTP Request: GET http://testserver/api/v1/ic/task/378e159a-cd34-4f13-be43-e3b112672ed0 "HTTP/1.1 200 OK"
23:02:08 [INFO] [460069c2] GET /api/v1/ic/task/378e159a-cd34-4f13-be43-e3b112672ed0 - 200 - 0.002s
23:02:08 [INFO] HTTP Request: GET http://testserver/api/v1/ic/task/378e159a-cd34-4f13-be43-e3b112672ed0 "HTTP/1.1 200 OK"
23:02:08 [INFO] [af7bbe52] GET /api/v1/ic/task/378e159a-cd34-4f13-be43-e3b112672ed0 - 200 - 0.003s
23:02:08 [INFO] HTTP Request: GET http://testserver/api/v1/ic/task/378e159a-cd34-4f13-be43-e3b112672ed0 "HTTP/1.1 200 OK"
23:02:09 [INFO] [fdc2572e] GET /api/v1/ic/task/378e159a-cd34-4f13-be43-e3b112672ed0 - 200 - 0.003s
23:02:09 [INFO] HTTP Request: GET http://testserver/api/v1/ic/task/378e159a-cd34-4f13-be43-e3b112672ed0 "HTTP/1.1 200 OK"
23:02:09 [INFO] [898c04d7] GET /api/v1/ic/task/378e159a-cd34-4f13-be43-e3b112672ed0 - 200 - 0.001s
23:02:09 [INFO] HTTP Request: GET http://testserver/api/v1/ic/task/378e159a-cd34-4f13-be43-e3b112672ed0 "HTTP/1.1 200 OK"
23:02:09 [INFO] [ce88dd80] GET /api/v1/ic/task/378e159a-cd34-4f13-be43-e3b112672ed0 - 200 - 0.002s
23:02:09 [INFO] HTTP Request: GET http://testserver/api/v1/ic/task/378e159a-cd34-4f13-be43-e3b112672ed0 "HTTP/1.1 200 OK"
23:02:09 [INFO] [31ce5603] GET /api/v1/ic/task/378e159a-cd34-4f13-be43-e3b112672ed0 - 200 - 0.002s
23:02:09 [INFO] HTTP Request: GET http://testserver/api/v1/ic/task/378e159a-cd34-4f13-be43-e3b112672ed0 "HTTP/1.1 200 OK"
23:02:09 [INFO] [6ce6f18d] GET /api/v1/ic/task/378e159a-cd34-4f13-be43-e3b112672ed0 - 200 - 0.002s
23:02:09 [INFO] HTTP Request: GET http://testserver/api/v1/ic/task/378e159a-cd34-4f13-be43-e3b112672ed0 "HTTP/1.1 200 OK"
23:02:10 [INFO] [34b7f6b3] GET /api/v1/ic/task/378e159a-cd34-4f13-be43-e3b112672ed0 - 200 - 0.002s
23:02:10 [INFO] HTTP Request: GET http://testserver/api/v1/ic/task/378e159a-cd34-4f13-be43-e3b112672ed0 "HTTP/1.1 200 OK"
23:02:10 [INFO] [6c1bd59e] GET /api/v1/ic/task/378e159a-cd34-4f13-be43-e3b112672ed0 - 200 - 0.002s
23:02:10 [INFO] HTTP Request: GET http://testserver/api/v1/ic/task/378e159a-cd34-4f13-be43-e3b112672ed0 "HTTP/1.1 200 OK"
23:02:10 [INFO] [c101f901] GET /api/v1/ic/task/378e159a-cd34-4f13-be43-e3b112672ed0 - 200 - 0.002s
23:02:10 [INFO] HTTP Request: GET http://testserver/api/v1/ic/task/378e159a-cd34-4f13-be43-e3b112672ed0 "HTTP/1.1 200 OK"
23:02:10 [INFO] [2d5b0e75] GET /api/v1/ic/task/378e159a-cd34-4f13-be43-e3b112672ed0 - 200 - 0.002s
23:02:10 [INFO] HTTP Request: GET http://testserver/api/v1/ic/task/378e159a-cd34-4f13-be43-e3b112672ed0 "HTTP/1.1 200 OK"
23:02:11 [INFO] [7096a4ba] GET /api/v1/ic/task/378e159a-cd34-4f13-be43-e3b112672ed0 - 200 - 0.003s
23:02:11 [INFO] HTTP Request: GET http://testserver/api/v1/ic/task/378e159a-cd34-4f13-be43-e3b112672ed0 "HTTP/1.1 200 OK"
23:02:11 [INFO] [2f30cc93] GET /api/v1/ic/task/378e159a-cd34-4f13-be43-e3b112672ed0 - 200 - 0.003s
23:02:11 [INFO] HTTP Request: GET http://testserver/api/v1/ic/task/378e159a-cd34-4f13-be43-e3b112672ed0 "HTTP/1.1 200 OK"
23:02:11 [INFO] [31cdbe1b] GET /api/v1/ic/task/378e159a-cd34-4f13-be43-e3b112672ed0 - 200 - 0.003s
23:02:11 [INFO] HTTP Request: GET http://testserver/api/v1/ic/task/378e159a-cd34-4f13-be43-e3b112672ed0 "HTTP/1.1 200 OK"
23:02:11 [INFO] [26f34837] GET /api/v1/ic/task/378e159a-cd34-4f13-be43-e3b112672ed0 - 200 - 0.002s
23:02:11 [INFO] HTTP Request: GET http://testserver/api/v1/ic/task/378e159a-cd34-4f13-be43-e3b112672ed0 "HTTP/1.1 200 OK"
23:02:11 [INFO] [fc6fedec] GET /api/v1/ic/task/378e159a-cd34-4f13-be43-e3b112672ed0 - 200 - 0.002s
23:02:11 [INFO] HTTP Request: GET http://testserver/api/v1/ic/task/378e159a-cd34-4f13-be43-e3b112672ed0 "HTTP/1.1 200 OK"
23:02:12 [INFO] [139a0392] GET /api/v1/ic/task/378e159a-cd34-4f13-be43-e3b112672ed0 - 200 - 0.005s
23:02:12 [INFO] HTTP Request: GET http://testserver/api/v1/ic/task/378e159a-cd34-4f13-be43-e3b112672ed0 "HTTP/1.1 200 OK"
23:02:12 [INFO] [441b408a] GET /api/v1/ic/task/378e159a-cd34-4f13-be43-e3b112672ed0 - 200 - 0.003s
23:02:12 [INFO] HTTP Request: GET http://testserver/api/v1/ic/task/378e159a-cd34-4f13-be43-e3b112672ed0 "HTTP/1.1 200 OK"
23:02:12 [INFO] [3b9bf332] GET /api/v1/ic/task/378e159a-cd34-4f13-be43-e3b112672ed0 - 200 - 0.002s
23:02:12 [INFO] HTTP Request: GET http://testserver/api/v1/ic/task/378e159a-cd34-4f13-be43-e3b112672ed0 "HTTP/1.1 200 OK"
23:02:12 [INFO] [7f607770] GET /api/v1/ic/task/378e159a-cd34-4f13-be43-e3b112672ed0 - 200 - 0.003s
23:02:12 [INFO] HTTP Request: GET http://testserver/api/v1/ic/task/378e159a-cd34-4f13-be43-e3b112672ed0 "HTTP/1.1 200 OK"
ERROR                                                                    [  3%]
tests/api/test_ic_analysis_api.py::test_ic_result ERROR                  [  6%]
tests/api/test_ic_analysis_api.py::test_ic_summary ERROR                 [  9%]
tests/api/test_ic_analysis_api.py::test_ic_top_features ERROR            [ 12%]
tests/api/test_ic_analysis_api.py::test_ic_quantile_and_correlation ERROR [ 15%]
tests/api/test_ic_analysis_api.py::test_ic_grouped ERROR                 [ 18%]
tests/api/test_ic_analysis_api.py::test_ic_config_update 
-------------------------------- live log call ---------------------------------
23:02:13 [INFO] IC config loaded
23:02:13 [INFO] [99fec974] PUT /api/v1/ic/config - 200 - 0.017s
23:02:13 [INFO] HTTP Request: PUT http://testserver/api/v1/ic/config "HTTP/1.1 200 OK"
PASSED                                                                   [ 21%]
tests/api/test_ic_analysis_api.py::test_ic_refilter ERROR                [ 25%]
tests/api/test_ic_analysis_api.py::test_ic_export_csv ERROR              [ 28%]
tests/api/test_ic_analysis_api.py::test_ic_export_hdf5 ERROR             [ 31%]
tests/api/test_ic_deep_analysis.py::test_list_available_features_success 
-------------------------------- live log call ---------------------------------
23:02:13 [INFO] [4c27ab74] GET /api/v1/ic/features/list - 200 - 0.002s
23:02:13 [INFO] HTTP Request: GET http://testserver/api/v1/ic/features/list?features_path=%2Fprivate%2Fvar%2Ffolders%2F_c%2F3xdf41hd3tvgxpx63mrml2c00000gn%2FT%2Fpytest-of-louis%2Fpytest-455%2Fic_deep_api0%2Ffeatures.h5&meta_path=%2Fprivate%2Fvar%2Ffolders%2F_c%2F3xdf41hd3tvgxpx63mrml2c00000gn%2FT%2Fpytest-of-louis%2Fpytest-455%2Fic_deep_api0%2Fmeta.json "HTTP/1.1 200 OK"
PASSED                                                                   [ 34%]
tests/api/test_ic_deep_analysis.py::test_list_available_features_not_found 
-------------------------------- live log call ---------------------------------
23:02:13 [WARNING] HTTP 404: features_path not found: /tmp/not_exists_features.h5
23:02:13 [INFO] [982bcedf] GET /api/v1/ic/features/list - 404 - 0.001s
23:02:13 [INFO] HTTP Request: GET http://testserver/api/v1/ic/features/list?features_path=%2Ftmp%2Fnot_exists_features.h5 "HTTP/1.1 404 Not Found"
PASSED                                                                   [ 37%]
tests/api/test_ic_deep_analysis.py::test_start_deep_analysis_and_get_result 
-------------------------------- live log setup --------------------------------
23:02:13 [INFO] IC config loaded
23:02:13 [INFO] IC analysis task started: 17175b7b-1c15-4980-b46c-7e89d42255ae
23:02:13 [INFO] [0c101d31] POST /api/v1/ic/analyze - 200 - 0.018s
23:02:13 [ERROR] IC analysis task failed: label horizon cannot be resolved from column: label
Traceback (most recent call last):
  File "/Users/louis/Desktop/quantitative_trading_system/api/services/ic_analysis_service.py", line 228, in _run_analysis
    report = await asyncio.to_thread(
  File "/Library/Developer/CommandLineTools/Library/Frameworks/Python3.framework/Versions/3.9/lib/python3.9/asyncio/threads.py", line 25, in to_thread
    return await loop.run_in_executor(None, func_call)
  File "/Library/Developer/CommandLineTools/Library/Frameworks/Python3.framework/Versions/3.9/lib/python3.9/concurrent/futures/thread.py", line 52, in run
    result = self.fn(*self.args, **self.kwargs)
  File "/Users/louis/Desktop/quantitative_trading_system/momentum/Analysis/ic_filter_orchestrator.py", line 857, in analyze
    features_df, labels_df, metadata, stage0_log = self._stage0_ingestion(
  File "/Users/louis/Desktop/quantitative_trading_system/momentum/Analysis/ic_filter_orchestrator.py", line 2042, in _stage0_ingestion
    horizon = _resolve_label_horizon_from_column(str(label_series.name), active_config)
  File "/Users/louis/Desktop/quantitative_trading_system/momentum/Analysis/ic_filter_orchestrator.py", line 288, in _resolve_label_horizon_from_column
    raise InvalidInputError(f"label horizon cannot be resolved from column: {name}")
momentum.core.exceptions.InvalidInputError: label horizon cannot be resolved from column: label
23:02:13 [INFO] HTTP Request: POST http://testserver/api/v1/ic/analyze "HTTP/1.1 200 OK"
23:02:13 [INFO] [36ca269b] GET /api/v1/ic/task/17175b7b-1c15-4980-b46c-7e89d42255ae - 200 - 0.001s
23:02:13 [INFO] HTTP Request: GET http://testserver/api/v1/ic/task/17175b7b-1c15-4980-b46c-7e89d42255ae "HTTP/1.1 200 OK"
ERROR                                                                    [ 40%]
tests/api/test_ic_deep_analysis.py::test_start_deep_analysis_invalid_task_id 
-------------------------------- live log call ---------------------------------
23:02:13 [WARNING] HTTP 404: Task not found: nonexistent-task
23:02:13 [INFO] [f47bef29] POST /api/v1/ic/deep-analysis/nonexistent-task - 404 - 0.002s
23:02:13 [INFO] HTTP Request: POST http://testserver/api/v1/ic/deep-analysis/nonexistent-task "HTTP/1.1 404 Not Found"
PASSED                                                                   [ 43%]
tests/api/test_ic_deep_analysis.py::test_get_deep_analysis_result_invalid_task_id 
-------------------------------- live log call ---------------------------------
23:02:13 [WARNING] HTTP 404: Task not found: nonexistent-task
23:02:13 [INFO] [df2656e9] GET /api/v1/ic/deep-analysis/nonexistent-task/result - 404 - 0.001s
23:02:13 [INFO] HTTP Request: GET http://testserver/api/v1/ic/deep-analysis/nonexistent-task/result "HTTP/1.1 404 Not Found"
PASSED                                                                   [ 46%]
tests/api/test_ic_deep_analysis.py::test_full_analysis_endpoint 
-------------------------------- live log call ---------------------------------
23:02:13 [INFO] IC config loaded
23:02:13 [INFO] IC full analysis task started: 8593c431-9aa5-4590-a402-98d86ca94007
23:02:13 [INFO] [37365b85] POST /api/v1/ic/full-analysis - 200 - 0.021s
23:02:13 [ERROR] IC full analysis task failed: label horizon cannot be resolved from column: label
Traceback (most recent call last):
  File "/Users/louis/Desktop/quantitative_trading_system/api/services/ic_analysis_service.py", line 787, in _run_full_analysis
    report = await asyncio.to_thread(
  File "/Library/Developer/CommandLineTools/Library/Frameworks/Python3.framework/Versions/3.9/lib/python3.9/asyncio/threads.py", line 25, in to_thread
    return await loop.run_in_executor(None, func_call)
  File "/Library/Developer/CommandLineTools/Library/Frameworks/Python3.framework/Versions/3.9/lib/python3.9/concurrent/futures/thread.py", line 52, in run
    result = self.fn(*self.args, **self.kwargs)
  File "/Users/louis/Desktop/quantitative_trading_system/momentum/Analysis/ic_filter_orchestrator.py", line 857, in analyze
    features_df, labels_df, metadata, stage0_log = self._stage0_ingestion(
  File "/Users/louis/Desktop/quantitative_trading_system/momentum/Analysis/ic_filter_orchestrator.py", line 2042, in _stage0_ingestion
    horizon = _resolve_label_horizon_from_column(str(label_series.name), active_config)
  File "/Users/louis/Desktop/quantitative_trading_system/momentum/Analysis/ic_filter_orchestrator.py", line 288, in _resolve_label_horizon_from_column
    raise InvalidInputError(f"label horizon cannot be resolved from column: {name}")
momentum.core.exceptions.InvalidInputError: label horizon cannot be resolved from column: label
23:02:13 [INFO] HTTP Request: POST http://testserver/api/v1/ic/full-analysis "HTTP/1.1 200 OK"
23:02:13 [INFO] [b89f594b] GET /api/v1/ic/task/8593c431-9aa5-4590-a402-98d86ca94007 - 200 - 0.001s
23:02:13 [INFO] HTTP Request: GET http://testserver/api/v1/ic/task/8593c431-9aa5-4590-a402-98d86ca94007 "HTTP/1.1 200 OK"
FAILED                                                                   [ 50%]
tests/api/test_ic_deep_analysis.py::test_full_analysis_with_deep_analysis_config 
-------------------------------- live log call ---------------------------------
23:02:13 [INFO] IC config loaded
23:02:13 [INFO] IC full analysis task started: 0f27b121-f892-431e-a77a-a1a188f634f8
23:02:13 [INFO] [6ca168b8] POST /api/v1/ic/full-analysis - 200 - 0.019s
23:02:13 [ERROR] IC full analysis task failed: label horizon cannot be resolved from column: label
Traceback (most recent call last):
  File "/Users/louis/Desktop/quantitative_trading_system/api/services/ic_analysis_service.py", line 787, in _run_full_analysis
    report = await asyncio.to_thread(
  File "/Library/Developer/CommandLineTools/Library/Frameworks/Python3.framework/Versions/3.9/lib/python3.9/asyncio/threads.py", line 25, in to_thread
    return await loop.run_in_executor(None, func_call)
  File "/Library/Developer/CommandLineTools/Library/Frameworks/Python3.framework/Versions/3.9/lib/python3.9/concurrent/futures/thread.py", line 52, in run
    result = self.fn(*self.args, **self.kwargs)
  File "/Users/louis/Desktop/quantitative_trading_system/momentum/Analysis/ic_filter_orchestrator.py", line 857, in analyze
    features_df, labels_df, metadata, stage0_log = self._stage0_ingestion(
  File "/Users/louis/Desktop/quantitative_trading_system/momentum/Analysis/ic_filter_orchestrator.py", line 2042, in _stage0_ingestion
    horizon = _resolve_label_horizon_from_column(str(label_series.name), active_config)
  File "/Users/louis/Desktop/quantitative_trading_system/momentum/Analysis/ic_filter_orchestrator.py", line 288, in _resolve_label_horizon_from_column
    raise InvalidInputError(f"label horizon cannot be resolved from column: {name}")
momentum.core.exceptions.InvalidInputError: label horizon cannot be resolved from column: label
23:02:13 [INFO] HTTP Request: POST http://testserver/api/v1/ic/full-analysis "HTTP/1.1 200 OK"
23:02:13 [INFO] [caa289a2] GET /api/v1/ic/task/0f27b121-f892-431e-a77a-a1a188f634f8 - 200 - 0.001s
23:02:13 [INFO] HTTP Request: GET http://testserver/api/v1/ic/task/0f27b121-f892-431e-a77a-a1a188f634f8 "HTTP/1.1 200 OK"
FAILED                                                                   [ 53%]
tests/api/test_ic_deep_analysis.py::test_deep_analysis_request_validation_top_n 
-------------------------------- live log call ---------------------------------
23:02:13 [WARNING] Validation error: [{'type': 'less_than_equal', 'loc': ('body', 'top_n'), 'msg': 'Input should be less than or equal to 200', 'input': 999, 'ctx': {'le': 200}}]
23:02:13 [INFO] [944948ee] POST /api/v1/ic/deep-analysis/nonexistent-task - 422 - 0.002s
23:02:13 [INFO] HTTP Request: POST http://testserver/api/v1/ic/deep-analysis/nonexistent-task "HTTP/1.1 422 Unprocessable Entity"
PASSED                                                                   [ 56%]
tests/api/test_ic_deep_analysis.py::test_full_analysis_request_validation_required_labels_path 
-------------------------------- live log call ---------------------------------
23:02:13 [WARNING] Validation error: [{'type': 'missing', 'loc': ('body', 'labels_path'), 'msg': 'Field required', 'input': {'features_path': '/private/var/folders/_c/3xdf41hd3tvgxpx63mrml2c00000gn/T/pytest-of-louis/pytest-455/ic_deep_api0/features.h5', 'meta_path': '/private/var/folders/_c/3xdf41hd3tvgxpx63mrml2c00000gn/T/pytest-of-louis/pytest-455/ic_deep_api0/meta.json'}}]
23:02:13 [INFO] [4f1550bf] POST /api/v1/ic/full-analysis - 422 - 0.001s
23:02:13 [INFO] HTTP Request: POST http://testserver/api/v1/ic/full-analysis "HTTP/1.1 422 Unprocessable Entity"
PASSED                                                                   [ 59%]
tests/api/test_ic_deep_analysis.py::test_feature_list 
-------------------------------- live log call ---------------------------------
23:02:13 [INFO] [8555897b] GET /api/v1/ic/features/list - 200 - 0.002s
23:02:13 [INFO] HTTP Request: GET http://testserver/api/v1/ic/features/list?features_path=%2Fprivate%2Fvar%2Ffolders%2F_c%2F3xdf41hd3tvgxpx63mrml2c00000gn%2FT%2Fpytest-of-louis%2Fpytest-455%2Fic_deep_api0%2Ffeatures.h5&meta_path=%2Fprivate%2Fvar%2Ffolders%2F_c%2F3xdf41hd3tvgxpx63mrml2c00000gn%2FT%2Fpytest-of-louis%2Fpytest-455%2Fic_deep_api0%2Fmeta.json "HTTP/1.1 200 OK"
PASSED                                                                   [ 62%]
tests/api/test_ic_deep_analysis.py::test_deep_analysis_start ERROR       [ 65%]
tests/api/test_ic_deep_analysis.py::test_deep_analysis_result ERROR      [ 68%]
tests/api/test_ic_deep_analysis.py::test_full_analysis 
-------------------------------- live log call ---------------------------------
23:02:13 [INFO] IC config loaded
23:02:13 [INFO] IC full analysis task started: b8e04573-aca7-43b2-8d20-37a1c656af22
23:02:13 [INFO] [877e44b5] POST /api/v1/ic/full-analysis - 200 - 0.018s
23:02:13 [ERROR] IC full analysis task failed: label horizon cannot be resolved from column: label
Traceback (most recent call last):
  File "/Users/louis/Desktop/quantitative_trading_system/api/services/ic_analysis_service.py", line 787, in _run_full_analysis
    report = await asyncio.to_thread(
  File "/Library/Developer/CommandLineTools/Library/Frameworks/Python3.framework/Versions/3.9/lib/python3.9/asyncio/threads.py", line 25, in to_thread
    return await loop.run_in_executor(None, func_call)
  File "/Library/Developer/CommandLineTools/Library/Frameworks/Python3.framework/Versions/3.9/lib/python3.9/concurrent/futures/thread.py", line 52, in run
    result = self.fn(*self.args, **self.kwargs)
  File "/Users/louis/Desktop/quantitative_trading_system/momentum/Analysis/ic_filter_orchestrator.py", line 857, in analyze
    features_df, labels_df, metadata, stage0_log = self._stage0_ingestion(
  File "/Users/louis/Desktop/quantitative_trading_system/momentum/Analysis/ic_filter_orchestrator.py", line 2042, in _stage0_ingestion
    horizon = _resolve_label_horizon_from_column(str(label_series.name), active_config)
  File "/Users/louis/Desktop/quantitative_trading_system/momentum/Analysis/ic_filter_orchestrator.py", line 288, in _resolve_label_horizon_from_column
    raise InvalidInputError(f"label horizon cannot be resolved from column: {name}")
momentum.core.exceptions.InvalidInputError: label horizon cannot be resolved from column: label
23:02:13 [INFO] HTTP Request: POST http://testserver/api/v1/ic/full-analysis "HTTP/1.1 200 OK"
23:02:13 [INFO] [4708aead] GET /api/v1/ic/task/b8e04573-aca7-43b2-8d20-37a1c656af22 - 200 - 0.001s
23:02:13 [INFO] HTTP Request: GET http://testserver/api/v1/ic/task/b8e04573-aca7-43b2-8d20-37a1c656af22 "HTTP/1.1 200 OK"
FAILED                                                                   [ 71%]
tests/api/test_ic_deep_analysis.py::test_deep_analysis_result_serializes_numpy_scalars ERROR [ 75%]
tests/api/test_export_api.py::test_export_csv_summary_200 
-------------------------------- live log setup --------------------------------
23:02:13 [INFO] IC config loaded
23:02:13 [INFO] IC analysis task started: bd51c91f-f302-4ed3-8e1e-cce52fcf20f1
23:02:13 [INFO] [77eb2555] POST /api/v1/ic/analyze - 200 - 0.018s
23:02:13 [ERROR] IC analysis task failed: label horizon cannot be resolved from column: label
Traceback (most recent call last):
  File "/Users/louis/Desktop/quantitative_trading_system/api/services/ic_analysis_service.py", line 228, in _run_analysis
    report = await asyncio.to_thread(
  File "/Library/Developer/CommandLineTools/Library/Frameworks/Python3.framework/Versions/3.9/lib/python3.9/asyncio/threads.py", line 25, in to_thread
    return await loop.run_in_executor(None, func_call)
  File "/Library/Developer/CommandLineTools/Library/Frameworks/Python3.framework/Versions/3.9/lib/python3.9/concurrent/futures/thread.py", line 52, in run
    result = self.fn(*self.args, **self.kwargs)
  File "/Users/louis/Desktop/quantitative_trading_system/momentum/Analysis/ic_filter_orchestrator.py", line 857, in analyze
    features_df, labels_df, metadata, stage0_log = self._stage0_ingestion(
  File "/Users/louis/Desktop/quantitative_trading_system/momentum/Analysis/ic_filter_orchestrator.py", line 2042, in _stage0_ingestion
    horizon = _resolve_label_horizon_from_column(str(label_series.name), active_config)
  File "/Users/louis/Desktop/quantitative_trading_system/momentum/Analysis/ic_filter_orchestrator.py", line 288, in _resolve_label_horizon_from_column
    raise InvalidInputError(f"label horizon cannot be resolved from column: {name}")
momentum.core.exceptions.InvalidInputError: label horizon cannot be resolved from column: label
23:02:13 [INFO] HTTP Request: POST http://testserver/api/v1/ic/analyze "HTTP/1.1 200 OK"
23:02:13 [INFO] [b69ec5bf] GET /api/v1/ic/task/bd51c91f-f302-4ed3-8e1e-cce52fcf20f1 - 200 - 0.001s
23:02:13 [INFO] HTTP Request: GET http://testserver/api/v1/ic/task/bd51c91f-f302-4ed3-8e1e-cce52fcf20f1 "HTTP/1.1 200 OK"
ERROR                                                                    [ 78%]
tests/api/test_export_api.py::test_export_csv_detailed_factor_return ERROR [ 81%]
tests/api/test_export_api.py::test_export_ai_json_200 ERROR              [ 84%]
tests/api/test_export_api.py::test_export_markdown_200 ERROR             [ 87%]
tests/api/test_export_api.py::test_export_hdf5_200 ERROR                 [ 90%]
tests/api/test_export_api.py::test_export_unknown_task_404 
-------------------------------- live log call ---------------------------------
23:02:13 [WARNING] HTTP 404: Task not found: unknown-task-id
23:02:13 [INFO] [ded3e635] GET /api/v1/ic/export/unknown-task-id/csv_summary - 404 - 0.001s
23:02:13 [INFO] HTTP Request: GET http://testserver/api/v1/ic/export/unknown-task-id/csv_summary "HTTP/1.1 404 Not Found"
PASSED                                                                   [ 93%]
tests/api/test_export_api.py::test_export_invalid_format_422 ERROR       [ 96%]
tests/api/test_export_api.py::test_export_csv_detailed_without_module_422 ERROR [100%]

==================================== ERRORS ====================================
____________________ ERROR at setup of test_ic_task_status _____________________
tests/api/test_ic_analysis_api.py:128: in ic_analysis_task
    return _build_ic_analysis_task(tmp_path_factory)
tests/api/test_ic_analysis_api.py:115: in _build_ic_analysis_task
    _wait_for_task(task_id)
tests/api/test_ic_analysis_api.py:71: in _wait_for_task
    pytest.fail("task timeout")
E   Failed: task timeout
---------------------------- Captured stderr setup -----------------------------
2026-07-11 23:01:57,864 - matplotlib - DEBUG - matplotlib data path: /Users/louis/Desktop/quantitative_trading_system/venv/lib/python3.9/site-packages/matplotlib/mpl-data
2026-07-11 23:01:57,868 - matplotlib - WARNING - /Users/louis/.matplotlib is not a writable directory
2026-07-11 23:01:57,868 - matplotlib - WARNING - Matplotlib created a temporary cache directory at /var/folders/_c/3xdf41hd3tvgxpx63mrml2c00000gn/T/matplotlib-cwioe4k7 because there was an issue with the default path (/Users/louis/.matplotlib); it is highly recommended to set the MPLCONFIGDIR environment variable to a writable directory, in particular to speed up the import of Matplotlib and to better support multiprocessing.
2026-07-11 23:01:57,868 - matplotlib - DEBUG - CONFIGDIR=/var/folders/_c/3xdf41hd3tvgxpx63mrml2c00000gn/T/matplotlib-cwioe4k7
2026-07-11 23:01:57,869 - matplotlib - DEBUG - interactive is False
2026-07-11 23:01:57,870 - matplotlib - DEBUG - platform is darwin
2026-07-11 23:01:57,891 - h5py._conv - DEBUG - Creating converter from 5 to 3
2026-07-11 23:01:57,898 - asyncio - DEBUG - Using selector: KqueueSelector
[2026-07-11 23:01:57,918] INFO momentum.Analysis.ic_config_schema: IC config loaded
2026-07-11 23:01:57,918 - momentum.Analysis.ic_config_schema - INFO - IC config loaded
2026-07-11 23:01:57,918 - api.ic_analysis_service - INFO - IC analysis task started: 378e159a-cd34-4f13-be43-e3b112672ed0
2026-07-11 23:01:57,920 - api.middleware.request - INFO - [747d8c08] POST /api/v1/ic/analyze - 200 - 0.021s
2026-07-11 23:01:57,920 - h5py._conv - DEBUG - Creating converter from 3 to 5
2026-07-11 23:01:57,925 - httpx - INFO - HTTP Request: POST http://testserver/api/v1/ic/analyze "HTTP/1.1 200 OK"
2026-07-11 23:01:57,926 - asyncio - DEBUG - Using selector: KqueueSelector
2026-07-11 23:01:57,927 - api.middleware.request - INFO - [74ce8ba2] GET /api/v1/ic/task/378e159a-cd34-4f13-be43-e3b112672ed0 - 200 - 0.001s
2026-07-11 23:01:57,928 - httpx - INFO - HTTP Request: GET http://testserver/api/v1/ic/task/378e159a-cd34-4f13-be43-e3b112672ed0 "HTTP/1.1 200 OK"
2026-07-11 23:01:58,138 - asyncio - DEBUG - Using selector: KqueueSelector
2026-07-11 23:01:58,139 - api.middleware.request - INFO - [d23599eb] GET /api/v1/ic/task/378e159a-cd34-4f13-be43-e3b112672ed0 - 200 - 0.001s
2026-07-11 23:01:58,140 - httpx - INFO - HTTP Request: GET http://testserver/api/v1/ic/task/378e159a-cd34-4f13-be43-e3b112672ed0 "HTTP/1.1 200 OK"
2026-07-11 23:01:58,352 - asyncio - DEBUG - Using selector: KqueueSelector
2026-07-11 23:01:58,357 - api.middleware.request - INFO - [2bd50011] GET /api/v1/ic/task/378e159a-cd34-4f13-be43-e3b112672ed0 - 200 - 0.003s
2026-07-11 23:01:58,358 - httpx - INFO - HTTP Request: GET http://testserver/api/v1/ic/task/378e159a-cd34-4f13-be43-e3b112672ed0 "HTTP/1.1 200 OK"
2026-07-11 23:01:58,562 - asyncio - DEBUG - Using selector: KqueueSelector
2026-07-11 23:01:58,566 - api.middleware.request - INFO - [5b33e9a4] GET /api/v1/ic/task/378e159a-cd34-4f13-be43-e3b112672ed0 - 200 - 0.002s
2026-07-11 23:01:58,567 - httpx - INFO - HTTP Request: GET http://testserver/api/v1/ic/task/378e159a-cd34-4f13-be43-e3b112672ed0 "HTTP/1.1 200 OK"
2026-07-11 23:01:58,779 - asyncio - DEBUG - Using selector: KqueueSelector
2026-07-11 23:01:58,783 - api.middleware.request - INFO - [407a4397] GET /api/v1/ic/task/378e159a-cd34-4f13-be43-e3b112672ed0 - 200 - 0.002s
2026-07-11 23:01:58,785 - httpx - INFO - HTTP Request: GET http://testserver/api/v1/ic/task/378e159a-cd34-4f13-be43-e3b112672ed0 "HTTP/1.1 200 OK"
2026-07-11 23:01:58,997 - asyncio - DEBUG - Using selector: KqueueSelector
2026-07-11 23:01:59,001 - api.middleware.request - INFO - [4d75f479] GET /api/v1/ic/task/378e159a-cd34-4f13-be43-e3b112672ed0 - 200 - 0.002s
2026-07-11 23:01:59,003 - httpx - INFO - HTTP Request: GET http://testserver/api/v1/ic/task/378e159a-cd34-4f13-be43-e3b112672ed0 "HTTP/1.1 200 OK"
2026-07-11 23:01:59,206 - asyncio - DEBUG - Using selector: KqueueSelector
2026-07-11 23:01:59,211 - api.middleware.request - INFO - [d9bf436e] GET /api/v1/ic/task/378e159a-cd34-4f13-be43-e3b112672ed0 - 200 - 0.003s
2026-07-11 23:01:59,213 - httpx - INFO - HTTP Request: GET http://testserver/api/v1/ic/task/378e159a-cd34-4f13-be43-e3b112672ed0 "HTTP/1.1 200 OK"
2026-07-11 23:01:59,417 - asyncio - DEBUG - Using selector: KqueueSelector
2026-07-11 23:01:59,421 - api.middleware.request - INFO - [6ea0eb41] GET /api/v1/ic/task/378e159a-cd34-4f13-be43-e3b112672ed0 - 200 - 0.002s
2026-07-11 23:01:59,422 - httpx - INFO - HTTP Request: GET http://testserver/api/v1/ic/task/378e159a-cd34-4f13-be43-e3b112672ed0 "HTTP/1.1 200 OK"
2026-07-11 23:01:59,633 - asyncio - DEBUG - Using selector: KqueueSelector
2026-07-11 23:01:59,636 - api.middleware.request - INFO - [2be96ad2] GET /api/v1/ic/task/378e159a-cd34-4f13-be43-e3b112672ed0 - 200 - 0.002s
2026-07-11 23:01:59,637 - httpx - INFO - HTTP Request: GET http://testserver/api/v1/ic/task/378e159a-cd34-4f13-be43-e3b112672ed0 "HTTP/1.1 200 OK"
2026-07-11 23:01:59,849 - asyncio - DEBUG - Using selector: KqueueSelector
2026-07-11 23:01:59,853 - api.middleware.request - INFO - [e8f59af2] GET /api/v1/ic/task/378e159a-cd34-4f13-be43-e3b112672ed0 - 200 - 0.002s
2026-07-11 23:01:59,855 - httpx - INFO - HTTP Request: GET http://testserver/api/v1/ic/task/378e159a-cd34-4f13-be43-e3b112672ed0 "HTTP/1.1 200 OK"
2026-07-11 23:02:00,066 - asyncio - DEBUG - Using selector: KqueueSelector
2026-07-11 23:02:00,070 - api.middleware.request - INFO - [f0a5a913] GET /api/v1/ic/task/378e159a-cd34-4f13-be43-e3b112672ed0 - 200 - 0.002s
2026-07-11 23:02:00,072 - httpx - INFO - HTTP Request: GET http://testserver/api/v1/ic/task/378e159a-cd34-4f13-be43-e3b112672ed0 "HTTP/1.1 200 OK"
2026-07-11 23:02:00,283 - asyncio - DEBUG - Using selector: KqueueSelector
2026-07-11 23:02:00,286 - api.middleware.request - INFO - [428c60b0] GET /api/v1/ic/task/378e159a-cd34-4f13-be43-e3b112672ed0 - 200 - 0.002s
2026-07-11 23:02:00,288 - httpx - INFO - HTTP Request: GET http://testserver/api/v1/ic/task/378e159a-cd34-4f13-be43-e3b112672ed0 "HTTP/1.1 200 OK"
2026-07-11 23:02:00,491 - asyncio - DEBUG - Using selector: KqueueSelector
2026-07-11 23:02:00,495 - api.middleware.request - INFO - [88789d56] GET /api/v1/ic/task/378e159a-cd34-4f13-be43-e3b112672ed0 - 200 - 0.002s
2026-07-11 23:02:00,497 - httpx - INFO - HTTP Request: GET http://testserver/api/v1/ic/task/378e159a-cd34-4f13-be43-e3b112672ed0 "HTTP/1.1 200 OK"
2026-07-11 23:02:00,708 - asyncio - DEBUG - Using selector: KqueueSelector
2026-07-11 23:02:00,712 - api.middleware.request - INFO - [5d0319e2] GET /api/v1/ic/task/378e159a-cd34-4f13-be43-e3b112672ed0 - 200 - 0.002s
2026-07-11 23:02:00,714 - httpx - INFO - HTTP Request: GET http://testserver/api/v1/ic/task/378e159a-cd34-4f13-be43-e3b112672ed0 "HTTP/1.1 200 OK"
2026-07-11 23:02:00,924 - asyncio - DEBUG - Using selector: KqueueSelector
2026-07-11 23:02:00,928 - api.middleware.request - INFO - [7b5ffd6d] GET /api/v1/ic/task/378e159a-cd34-4f13-be43-e3b112672ed0 - 200 - 0.002s
2026-07-11 23:02:00,930 - httpx - INFO - HTTP Request: GET http://testserver/api/v1/ic/task/378e159a-cd34-4f13-be43-e3b112672ed0 "HTTP/1.1 200 OK"
2026-07-11 23:02:01,141 - asyncio - DEBUG - Using selector: KqueueSelector
2026-07-11 23:02:01,146 - api.middleware.request - INFO - [86b06648] GET /api/v1/ic/task/378e159a-cd34-4f13-be43-e3b112672ed0 - 200 - 0.003s
2026-07-11 23:02:01,148 - httpx - INFO - HTTP Request: GET http://testserver/api/v1/ic/task/378e159a-cd34-4f13-be43-e3b112672ed0 "HTTP/1.1 200 OK"
2026-07-11 23:02:01,352 - asyncio - DEBUG - Using selector: KqueueSelector
2026-07-11 23:02:01,356 - api.middleware.request - INFO - [f75790e9] GET /api/v1/ic/task/378e159a-cd34-4f13-be43-e3b112672ed0 - 200 - 0.002s
2026-07-11 23:02:01,357 - httpx - INFO - HTTP Request: GET http://testserver/api/v1/ic/task/378e159a-cd34-4f13-be43-e3b112672ed0 "HTTP/1.1 200 OK"
2026-07-11 23:02:01,569 - asyncio - DEBUG - Using selector: KqueueSelector
2026-07-11 23:02:01,573 - api.middleware.request - INFO - [58dd343e] GET /api/v1/ic/task/378e159a-cd34-4f13-be43-e3b112672ed0 - 200 - 0.002s
2026-07-11 23:02:01,574 - httpx - INFO - HTTP Request: GET http://testserver/api/v1/ic/task/378e159a-cd34-4f13-be43-e3b112672ed0 "HTTP/1.1 200 OK"
2026-07-11 23:02:01,786 - asyncio - DEBUG - Using selector: KqueueSelector
2026-07-11 23:02:01,790 - api.middleware.request - INFO - [6feb800b] GET /api/v1/ic/task/378e159a-cd34-4f13-be43-e3b112672ed0 - 200 - 0.002s
2026-07-11 23:02:01,792 - httpx - INFO - HTTP Request: GET http://testserver/api/v1/ic/task/378e159a-cd34-4f13-be43-e3b112672ed0 "HTTP/1.1 200 OK"
2026-07-11 23:02:02,003 - asyncio - DEBUG - Using selector: KqueueSelector
2026-07-11 23:02:02,008 - api.middleware.request - INFO - [03d72c6b] GET /api/v1/ic/task/378e159a-cd34-4f13-be43-e3b112672ed0 - 200 - 0.002s
2026-07-11 23:02:02,010 - httpx - INFO - HTTP Request: GET http://testserver/api/v1/ic/task/378e159a-cd34-4f13-be43-e3b112672ed0 "HTTP/1.1 200 OK"
2026-07-11 23:02:02,220 - asyncio - DEBUG - Using selector: KqueueSelector
2026-07-11 23:02:02,225 - api.middleware.request - INFO - [b37ae41c] GET /api/v1/ic/task/378e159a-cd34-4f13-be43-e3b112672ed0 - 200 - 0.002s
2026-07-11 23:02:02,227 - httpx - INFO - HTTP Request: GET http://testserver/api/v1/ic/task/378e159a-cd34-4f13-be43-e3b112672ed0 "HTTP/1.1 200 OK"
2026-07-11 23:02:02,432 - asyncio - DEBUG - Using selector: KqueueSelector
2026-07-11 23:02:02,436 - api.middleware.request - INFO - [1c29e511] GET /api/v1/ic/task/378e159a-cd34-4f13-be43-e3b112672ed0 - 200 - 0.002s
2026-07-11 23:02:02,438 - httpx - INFO - HTTP Request: GET http://testserver/api/v1/ic/task/378e159a-cd34-4f13-be43-e3b112672ed0 "HTTP/1.1 200 OK"
2026-07-11 23:02:02,649 - asyncio - DEBUG - Using selector: KqueueSelector
2026-07-11 23:02:02,654 - api.middleware.request - INFO - [7dce30eb] GET /api/v1/ic/task/378e159a-cd34-4f13-be43-e3b112672ed0 - 200 - 0.003s
2026-07-11 23:02:02,656 - httpx - INFO - HTTP Request: GET http://testserver/api/v1/ic/task/378e159a-cd34-4f13-be43-e3b112672ed0 "HTTP/1.1 200 OK"
2026-07-11 23:02:02,867 - asyncio - DEBUG - Using selector: KqueueSelector
2026-07-11 23:02:02,872 - api.middleware.request - INFO - [cdb2c00e] GET /api/v1/ic/task/378e159a-cd34-4f13-be43-e3b112672ed0 - 200 - 0.002s
2026-07-11 23:02:02,874 - httpx - INFO - HTTP Request: GET http://testserver/api/v1/ic/task/378e159a-cd34-4f13-be43-e3b112672ed0 "HTTP/1.1 200 OK"
2026-07-11 23:02:03,078 - asyncio - DEBUG - Using selector: KqueueSelector
2026-07-11 23:02:03,082 - api.middleware.request - INFO - [365f90cc] GET /api/v1/ic/task/378e159a-cd34-4f13-be43-e3b112672ed0 - 200 - 0.002s
2026-07-11 23:02:03,084 - httpx - INFO - HTTP Request: GET http://testserver/api/v1/ic/task/378e159a-cd34-4f13-be43-e3b112672ed0 "HTTP/1.1 200 OK"
2026-07-11 23:02:03,293 - asyncio - DEBUG - Using selector: KqueueSelector
2026-07-11 23:02:03,297 - api.middleware.request - INFO - [7a777a2d] GET /api/v1/ic/task/378e159a-cd34-4f13-be43-e3b112672ed0 - 200 - 0.002s
2026-07-11 23:02:03,298 - httpx - INFO - HTTP Request: GET http://testserver/api/v1/ic/task/378e159a-cd34-4f13-be43-e3b112672ed0 "HTTP/1.1 200 OK"
2026-07-11 23:02:03,505 - asyncio - DEBUG - Using selector: KqueueSelector
2026-07-11 23:02:03,508 - api.middleware.request - INFO - [aeb4b73c] GET /api/v1/ic/task/378e159a-cd34-4f13-be43-e3b112672ed0 - 200 - 0.002s
2026-07-11 23:02:03,510 - httpx - INFO - HTTP Request: GET http://testserver/api/v1/ic/task/378e159a-cd34-4f13-be43-e3b112672ed0 "HTTP/1.1 200 OK"
2026-07-11 23:02:03,718 - asyncio - DEBUG - Using selector: KqueueSelector
2026-07-11 23:02:03,722 - api.middleware.request - INFO - [3bb3873e] GET /api/v1/ic/task/378e159a-cd34-4f13-be43-e3b112672ed0 - 200 - 0.002s
2026-07-11 23:02:03,724 - httpx - INFO - HTTP Request: GET http://testserver/api/v1/ic/task/378e159a-cd34-4f13-be43-e3b112672ed0 "HTTP/1.1 200 OK"
2026-07-11 23:02:03,936 - asyncio - DEBUG - Using selector: KqueueSelector
2026-07-11 23:02:03,940 - api.middleware.request - INFO - [47294ac4] GET /api/v1/ic/task/378e159a-cd34-4f13-be43-e3b112672ed0 - 200 - 0.002s
2026-07-11 23:02:03,942 - httpx - INFO - HTTP Request: GET http://testserver/api/v1/ic/task/378e159a-cd34-4f13-be43-e3b112672ed0 "HTTP/1.1 200 OK"
2026-07-11 23:02:04,153 - asyncio - DEBUG - Using selector: KqueueSelector
2026-07-11 23:02:04,157 - api.middleware.request - INFO - [65009121] GET /api/v1/ic/task/378e159a-cd34-4f13-be43-e3b112672ed0 - 200 - 0.002s
2026-07-11 23:02:04,159 - httpx - INFO - HTTP Request: GET http://testserver/api/v1/ic/task/378e159a-cd34-4f13-be43-e3b112672ed0 "HTTP/1.1 200 OK"
2026-07-11 23:02:04,370 - asyncio - DEBUG - Using selector: KqueueSelector
2026-07-11 23:02:04,376 - api.middleware.request - INFO - [7c292c74] GET /api/v1/ic/task/378e159a-cd34-4f13-be43-e3b112672ed0 - 200 - 0.003s
2026-07-11 23:02:04,378 - httpx - INFO - HTTP Request: GET http://testserver/api/v1/ic/task/378e159a-cd34-4f13-be43-e3b112672ed0 "HTTP/1.1 200 OK"
2026-07-11 23:02:04,582 - asyncio - DEBUG - Using selector: KqueueSelector
2026-07-11 23:02:04,587 - api.middleware.request - INFO - [1fb6dd1c] GET /api/v1/ic/task/378e159a-cd34-4f13-be43-e3b112672ed0 - 200 - 0.003s
2026-07-11 23:02:04,589 - httpx - INFO - HTTP Request: GET http://testserver/api/v1/ic/task/378e159a-cd34-4f13-be43-e3b112672ed0 "HTTP/1.1 200 OK"
2026-07-11 23:02:04,801 - asyncio - DEBUG - Using selector: KqueueSelector
2026-07-11 23:02:04,804 - api.middleware.request - INFO - [7c5ed066] GET /api/v1/ic/task/378e159a-cd34-4f13-be43-e3b112672ed0 - 200 - 0.002s
2026-07-11 23:02:04,806 - httpx - INFO - HTTP Request: GET http://testserver/api/v1/ic/task/378e159a-cd34-4f13-be43-e3b112672ed0 "HTTP/1.1 200 OK"
2026-07-11 23:02:05,017 - asyncio - DEBUG - Using selector: KqueueSelector
2026-07-11 23:02:05,020 - api.middleware.request - INFO - [d86457e2] GET /api/v1/ic/task/378e159a-cd34-4f13-be43-e3b112672ed0 - 200 - 0.002s
2026-07-11 23:02:05,022 - httpx - INFO - HTTP Request: GET http://testserver/api/v1/ic/task/378e159a-cd34-4f13-be43-e3b112672ed0 "HTTP/1.1 200 OK"
2026-07-11 23:02:05,233 - asyncio - DEBUG - Using selector: KqueueSelector
2026-07-11 23:02:05,237 - api.middleware.request - INFO - [aab18ddc] GET /api/v1/ic/task/378e159a-cd34-4f13-be43-e3b112672ed0 - 200 - 0.002s
2026-07-11 23:02:05,239 - httpx - INFO - HTTP Request: GET http://testserver/api/v1/ic/task/378e159a-cd34-4f13-be43-e3b112672ed0 "HTTP/1.1 200 OK"
2026-07-11 23:02:05,447 - asyncio - DEBUG - Using selector: KqueueSelector
2026-07-11 23:02:05,452 - api.middleware.request - INFO - [813dd622] GET /api/v1/ic/task/378e159a-cd34-4f13-be43-e3b112672ed0 - 200 - 0.002s
2026-07-11 23:02:05,454 - httpx - INFO - HTTP Request: GET http://testserver/api/v1/ic/task/378e159a-cd34-4f13-be43-e3b112672ed0 "HTTP/1.1 200 OK"
2026-07-11 23:02:05,665 - asyncio - DEBUG - Using selector: KqueueSelector
2026-07-11 23:02:05,669 - api.middleware.request - INFO - [8c35fe11] GET /api/v1/ic/task/378e159a-cd34-4f13-be43-e3b112672ed0 - 200 - 0.002s
2026-07-11 23:02:05,671 - httpx - INFO - HTTP Request: GET http://testserver/api/v1/ic/task/378e159a-cd34-4f13-be43-e3b112672ed0 "HTTP/1.1 200 OK"
2026-07-11 23:02:05,880 - asyncio - DEBUG - Using selector: KqueueSelector
2026-07-11 23:02:05,884 - api.middleware.request - INFO - [d28e9f0e] GET /api/v1/ic/task/378e159a-cd34-4f13-be43-e3b112672ed0 - 200 - 0.002s
2026-07-11 23:02:05,886 - httpx - INFO - HTTP Request: GET http://testserver/api/v1/ic/task/378e159a-cd34-4f13-be43-e3b112672ed0 "HTTP/1.1 200 OK"
2026-07-11 23:02:06,093 - asyncio - DEBUG - Using selector: KqueueSelector
2026-07-11 23:02:06,098 - api.middleware.request - INFO - [11e14352] GET /api/v1/ic/task/378e159a-cd34-4f13-be43-e3b112672ed0 - 200 - 0.003s
2026-07-11 23:02:06,100 - httpx - INFO - HTTP Request: GET http://testserver/api/v1/ic/task/378e159a-cd34-4f13-be43-e3b112672ed0 "HTTP/1.1 200 OK"
2026-07-11 23:02:06,311 - asyncio - DEBUG - Using selector: KqueueSelector
2026-07-11 23:02:06,316 - api.middleware.request - INFO - [ec08c281] GET /api/v1/ic/task/378e159a-cd34-4f13-be43-e3b112672ed0 - 200 - 0.002s
2026-07-11 23:02:06,318 - httpx - INFO - HTTP Request: GET http://testserver/api/v1/ic/task/378e159a-cd34-4f13-be43-e3b112672ed0 "HTTP/1.1 200 OK"
2026-07-11 23:02:06,522 - asyncio - DEBUG - Using selector: KqueueSelector
2026-07-11 23:02:06,526 - api.middleware.request - INFO - [4e00ee99] GET /api/v1/ic/task/378e159a-cd34-4f13-be43-e3b112672ed0 - 200 - 0.002s
2026-07-11 23:02:06,528 - httpx - INFO - HTTP Request: GET http://testserver/api/v1/ic/task/378e159a-cd34-4f13-be43-e3b112672ed0 "HTTP/1.1 200 OK"
2026-07-11 23:02:06,739 - asyncio - DEBUG - Using selector: KqueueSelector
2026-07-11 23:02:06,743 - api.middleware.request - INFO - [06eedd70] GET /api/v1/ic/task/378e159a-cd34-4f13-be43-e3b112672ed0 - 200 - 0.002s
2026-07-11 23:02:06,745 - httpx - INFO - HTTP Request: GET http://testserver/api/v1/ic/task/378e159a-cd34-4f13-be43-e3b112672ed0 "HTTP/1.1 200 OK"
2026-07-11 23:02:06,956 - asyncio - DEBUG - Using selector: KqueueSelector
2026-07-11 23:02:06,961 - api.middleware.request - INFO - [62469d12] GET /api/v1/ic/task/378e159a-cd34-4f13-be43-e3b112672ed0 - 200 - 0.002s
2026-07-11 23:02:06,962 - httpx - INFO - HTTP Request: GET http://testserver/api/v1/ic/task/378e159a-cd34-4f13-be43-e3b112672ed0 "HTTP/1.1 200 OK"
2026-07-11 23:02:07,170 - asyncio - DEBUG - Using selector: KqueueSelector
2026-07-11 23:02:07,175 - api.middleware.request - INFO - [b1abc68d] GET /api/v1/ic/task/378e159a-cd34-4f13-be43-e3b112672ed0 - 200 - 0.002s
2026-07-11 23:02:07,177 - httpx - INFO - HTTP Request: GET http://testserver/api/v1/ic/task/378e159a-cd34-4f13-be43-e3b112672ed0 "HTTP/1.1 200 OK"
2026-07-11 23:02:07,388 - asyncio - DEBUG - Using selector: KqueueSelector
2026-07-11 23:02:07,392 - api.middleware.request - INFO - [b25fe368] GET /api/v1/ic/task/378e159a-cd34-4f13-be43-e3b112672ed0 - 200 - 0.002s
2026-07-11 23:02:07,394 - httpx - INFO - HTTP Request: GET http://testserver/api/v1/ic/task/378e159a-cd34-4f13-be43-e3b112672ed0 "HTTP/1.1 200 OK"
2026-07-11 23:02:07,606 - asyncio - DEBUG - Using selector: KqueueSelector
2026-07-11 23:02:07,609 - api.middleware.request - INFO - [d294e9a4] GET /api/v1/ic/task/378e159a-cd34-4f13-be43-e3b112672ed0 - 200 - 0.002s
2026-07-11 23:02:07,611 - httpx - INFO - HTTP Request: GET http://testserver/api/v1/ic/task/378e159a-cd34-4f13-be43-e3b112672ed0 "HTTP/1.1 200 OK"
2026-07-11 23:02:07,823 - asyncio - DEBUG - Using selector: KqueueSelector
2026-07-11 23:02:07,827 - api.middleware.request - INFO - [989d251d] GET /api/v1/ic/task/378e159a-cd34-4f13-be43-e3b112672ed0 - 200 - 0.003s
2026-07-11 23:02:07,829 - httpx - INFO - HTTP Request: GET http://testserver/api/v1/ic/task/378e159a-cd34-4f13-be43-e3b112672ed0 "HTTP/1.1 200 OK"
2026-07-11 23:02:08,040 - asyncio - DEBUG - Using selector: KqueueSelector
2026-07-11 23:02:08,045 - api.middleware.request - INFO - [f2d9af65] GET /api/v1/ic/task/378e159a-cd34-4f13-be43-e3b112672ed0 - 200 - 0.002s
2026-07-11 23:02:08,047 - httpx - INFO - HTTP Request: GET http://testserver/api/v1/ic/task/378e159a-cd34-4f13-be43-e3b112672ed0 "HTTP/1.1 200 OK"
2026-07-11 23:02:08,257 - asyncio - DEBUG - Using selector: KqueueSelector
2026-07-11 23:02:08,261 - api.middleware.request - INFO - [dcc10fc2] GET /api/v1/ic/task/378e159a-cd34-4f13-be43-e3b112672ed0 - 200 - 0.002s
2026-07-11 23:02:08,263 - httpx - INFO - HTTP Request: GET http://testserver/api/v1/ic/task/378e159a-cd34-4f13-be43-e3b112672ed0 "HTTP/1.1 200 OK"
2026-07-11 23:02:08,475 - asyncio - DEBUG - Using selector: KqueueSelector
2026-07-11 23:02:08,479 - api.middleware.request - INFO - [4389028e] GET /api/v1/ic/task/378e159a-cd34-4f13-be43-e3b112672ed0 - 200 - 0.002s
2026-07-11 23:02:08,481 - httpx - INFO - HTTP Request: GET http://testserver/api/v1/ic/task/378e159a-cd34-4f13-be43-e3b112672ed0 "HTTP/1.1 200 OK"
2026-07-11 23:02:08,693 - asyncio - DEBUG - Using selector: KqueueSelector
2026-07-11 23:02:08,697 - api.middleware.request - INFO - [460069c2] GET /api/v1/ic/task/378e159a-cd34-4f13-be43-e3b112672ed0 - 200 - 0.002s
2026-07-11 23:02:08,698 - httpx - INFO - HTTP Request: GET http://testserver/api/v1/ic/task/378e159a-cd34-4f13-be43-e3b112672ed0 "HTTP/1.1 200 OK"
2026-07-11 23:02:08,910 - asyncio - DEBUG - Using selector: KqueueSelector
2026-07-11 23:02:08,914 - api.middleware.request - INFO - [af7bbe52] GET /api/v1/ic/task/378e159a-cd34-4f13-be43-e3b112672ed0 - 200 - 0.003s
2026-07-11 23:02:08,917 - httpx - INFO - HTTP Request: GET http://testserver/api/v1/ic/task/378e159a-cd34-4f13-be43-e3b112672ed0 "HTTP/1.1 200 OK"
2026-07-11 23:02:09,123 - asyncio - DEBUG - Using selector: KqueueSelector
2026-07-11 23:02:09,127 - api.middleware.request - INFO - [fdc2572e] GET /api/v1/ic/task/378e159a-cd34-4f13-be43-e3b112672ed0 - 200 - 0.003s
2026-07-11 23:02:09,130 - httpx - INFO - HTTP Request: GET http://testserver/api/v1/ic/task/378e159a-cd34-4f13-be43-e3b112672ed0 "HTTP/1.1 200 OK"
2026-07-11 23:02:09,337 - asyncio - DEBUG - Using selector: KqueueSelector
2026-07-11 23:02:09,339 - api.middleware.request - INFO - [898c04d7] GET /api/v1/ic/task/378e159a-cd34-4f13-be43-e3b112672ed0 - 200 - 0.001s
2026-07-11 23:02:09,339 - httpx - INFO - HTTP Request: GET http://testserver/api/v1/ic/task/378e159a-cd34-4f13-be43-e3b112672ed0 "HTTP/1.1 200 OK"
2026-07-11 23:02:09,551 - asyncio - DEBUG - Using selector: KqueueSelector
2026-07-11 23:02:09,555 - api.middleware.request - INFO - [ce88dd80] GET /api/v1/ic/task/378e159a-cd34-4f13-be43-e3b112672ed0 - 200 - 0.002s
2026-07-11 23:02:09,557 - httpx - INFO - HTTP Request: GET http://testserver/api/v1/ic/task/378e159a-cd34-4f13-be43-e3b112672ed0 "HTTP/1.1 200 OK"
2026-07-11 23:02:09,768 - asyncio - DEBUG - Using selector: KqueueSelector
2026-07-11 23:02:09,771 - api.middleware.request - INFO - [31ce5603] GET /api/v1/ic/task/378e159a-cd34-4f13-be43-e3b112672ed0 - 200 - 0.002s
2026-07-11 23:02:09,773 - httpx - INFO - HTTP Request: GET http://testserver/api/v1/ic/task/378e159a-cd34-4f13-be43-e3b112672ed0 "HTTP/1.1 200 OK"
2026-07-11 23:02:09,976 - asyncio - DEBUG - Using selector: KqueueSelector
2026-07-11 23:02:09,979 - api.middleware.request - INFO - [6ce6f18d] GET /api/v1/ic/task/378e159a-cd34-4f13-be43-e3b112672ed0 - 200 - 0.002s
2026-07-11 23:02:09,981 - httpx - INFO - HTTP Request: GET http://testserver/api/v1/ic/task/378e159a-cd34-4f13-be43-e3b112672ed0 "HTTP/1.1 200 OK"
2026-07-11 23:02:10,189 - asyncio - DEBUG - Using selector: KqueueSelector
2026-07-11 23:02:10,191 - api.middleware.request - INFO - [34b7f6b3] GET /api/v1/ic/task/378e159a-cd34-4f13-be43-e3b112672ed0 - 200 - 0.002s
2026-07-11 23:02:10,193 - httpx - INFO - HTTP Request: GET http://testserver/api/v1/ic/task/378e159a-cd34-4f13-be43-e3b112672ed0 "HTTP/1.1 200 OK"
2026-07-11 23:02:10,403 - asyncio - DEBUG - Using selector: KqueueSelector
2026-07-11 23:02:10,406 - api.middleware.request - INFO - [6c1bd59e] GET /api/v1/ic/task/378e159a-cd34-4f13-be43-e3b112672ed0 - 200 - 0.002s
2026-07-11 23:02:10,407 - httpx - INFO - HTTP Request: GET http://testserver/api/v1/ic/task/378e159a-cd34-4f13-be43-e3b112672ed0 "HTTP/1.1 200 OK"
2026-07-11 23:02:10,611 - asyncio - DEBUG - Using selector: KqueueSelector
2026-07-11 23:02:10,614 - api.middleware.request - INFO - [c101f901] GET /api/v1/ic/task/378e159a-cd34-4f13-be43-e3b112672ed0 - 200 - 0.002s
2026-07-11 23:02:10,615 - httpx - INFO - HTTP Request: GET http://testserver/api/v1/ic/task/378e159a-cd34-4f13-be43-e3b112672ed0 "HTTP/1.1 200 OK"
2026-07-11 23:02:10,823 - asyncio - DEBUG - Using selector: KqueueSelector
2026-07-11 23:02:10,827 - api.middleware.request - INFO - [2d5b0e75] GET /api/v1/ic/task/378e159a-cd34-4f13-be43-e3b112672ed0 - 200 - 0.002s
2026-07-11 23:02:10,828 - httpx - INFO - HTTP Request: GET http://testserver/api/v1/ic/task/378e159a-cd34-4f13-be43-e3b112672ed0 "HTTP/1.1 200 OK"
2026-07-11 23:02:11,033 - asyncio - DEBUG - Using selector: KqueueSelector
2026-07-11 23:02:11,037 - api.middleware.request - INFO - [7096a4ba] GET /api/v1/ic/task/378e159a-cd34-4f13-be43-e3b112672ed0 - 200 - 0.003s
2026-07-11 23:02:11,040 - httpx - INFO - HTTP Request: GET http://testserver/api/v1/ic/task/378e159a-cd34-4f13-be43-e3b112672ed0 "HTTP/1.1 200 OK"
2026-07-11 23:02:11,245 - asyncio - DEBUG - Using selector: KqueueSelector
2026-07-11 23:02:11,250 - api.middleware.request - INFO - [2f30cc93] GET /api/v1/ic/task/378e159a-cd34-4f13-be43-e3b112672ed0 - 200 - 0.003s
2026-07-11 23:02:11,252 - httpx - INFO - HTTP Request: GET http://testserver/api/v1/ic/task/378e159a-cd34-4f13-be43-e3b112672ed0 "HTTP/1.1 200 OK"
2026-07-11 23:02:11,463 - asyncio - DEBUG - Using selector: KqueueSelector
2026-07-11 23:02:11,468 - api.middleware.request - INFO - [31cdbe1b] GET /api/v1/ic/task/378e159a-cd34-4f13-be43-e3b112672ed0 - 200 - 0.003s
2026-07-11 23:02:11,470 - httpx - INFO - HTTP Request: GET http://testserver/api/v1/ic/task/378e159a-cd34-4f13-be43-e3b112672ed0 "HTTP/1.1 200 OK"
2026-07-11 23:02:11,678 - asyncio - DEBUG - Using selector: KqueueSelector
2026-07-11 23:02:11,682 - api.middleware.request - INFO - [26f34837] GET /api/v1/ic/task/378e159a-cd34-4f13-be43-e3b112672ed0 - 200 - 0.002s
2026-07-11 23:02:11,684 - httpx - INFO - HTTP Request: GET http://testserver/api/v1/ic/task/378e159a-cd34-4f13-be43-e3b112672ed0 "HTTP/1.1 200 OK"
2026-07-11 23:02:11,896 - asyncio - DEBUG - Using selector: KqueueSelector
2026-07-11 23:02:11,900 - api.middleware.request - INFO - [fc6fedec] GET /api/v1/ic/task/378e159a-cd34-4f13-be43-e3b112672ed0 - 200 - 0.002s
2026-07-11 23:02:11,902 - httpx - INFO - HTTP Request: GET http://testserver/api/v1/ic/task/378e159a-cd34-4f13-be43-e3b112672ed0 "HTTP/1.1 200 OK"
2026-07-11 23:02:12,113 - asyncio - DEBUG - Using selector: KqueueSelector
2026-07-11 23:02:12,120 - api.middleware.request - INFO - [139a0392] GET /api/v1/ic/task/378e159a-cd34-4f13-be43-e3b112672ed0 - 200 - 0.005s
2026-07-11 23:02:12,121 - httpx - INFO - HTTP Request: GET http://testserver/api/v1/ic/task/378e159a-cd34-4f13-be43-e3b112672ed0 "HTTP/1.1 200 OK"
2026-07-11 23:02:12,332 - asyncio - DEBUG - Using selector: KqueueSelector
2026-07-11 23:02:12,337 - api.middleware.request - INFO - [441b408a] GET /api/v1/ic/task/378e159a-cd34-4f13-be43-e3b112672ed0 - 200 - 0.003s
2026-07-11 23:02:12,339 - httpx - INFO - HTTP Request: GET http://testserver/api/v1/ic/task/378e159a-cd34-4f13-be43-e3b112672ed0 "HTTP/1.1 200 OK"
2026-07-11 23:02:12,544 - asyncio - DEBUG - Using selector: KqueueSelector
2026-07-11 23:02:12,549 - api.middleware.request - INFO - [3b9bf332] GET /api/v1/ic/task/378e159a-cd34-4f13-be43-e3b112672ed0 - 200 - 0.002s
2026-07-11 23:02:12,551 - httpx - INFO - HTTP Request: GET http://testserver/api/v1/ic/task/378e159a-cd34-4f13-be43-e3b112672ed0 "HTTP/1.1 200 OK"
2026-07-11 23:02:12,760 - asyncio - DEBUG - Using selector: KqueueSelector
2026-07-11 23:02:12,764 - api.middleware.request - INFO - [7f607770] GET /api/v1/ic/task/378e159a-cd34-4f13-be43-e3b112672ed0 - 200 - 0.003s
2026-07-11 23:02:12,766 - httpx - INFO - HTTP Request: GET http://testserver/api/v1/ic/task/378e159a-cd34-4f13-be43-e3b112672ed0 "HTTP/1.1 200 OK"
------------------------------ Captured log setup ------------------------------
DEBUG    matplotlib:__init__.py:341 matplotlib data path: /Users/louis/Desktop/quantitative_trading_system/venv/lib/python3.9/site-packages/matplotlib/mpl-data
WARNING  matplotlib:__init__.py:537 /Users/louis/.matplotlib is not a writable directory
WARNING  matplotlib:__init__.py:550 Matplotlib created a temporary cache directory at /var/folders/_c/3xdf41hd3tvgxpx63mrml2c00000gn/T/matplotlib-cwioe4k7 because there was an issue with the default path (/Users/louis/.matplotlib); it is highly recommended to set the MPLCONFIGDIR environment variable to a writable directory, in particular to speed up the import of Matplotlib and to better support multiprocessing.
DEBUG    matplotlib:__init__.py:341 CONFIGDIR=/var/folders/_c/3xdf41hd3tvgxpx63mrml2c00000gn/T/matplotlib-cwioe4k7
DEBUG    matplotlib:__init__.py:1512 interactive is False
DEBUG    matplotlib:__init__.py:1513 platform is darwin
DEBUG    h5py._conv:dataset.py:178 Creating converter from 5 to 3
DEBUG    asyncio:selector_events.py:59 Using selector: KqueueSelector
INFO     momentum.Analysis.ic_config_schema:ic_config_schema.py:437 IC config loaded
INFO     api.ic_analysis_service:ic_analysis_service.py:83 IC analysis task started: 378e159a-cd34-4f13-be43-e3b112672ed0
INFO     api.middleware.request:middleware.py:64 [747d8c08] POST /api/v1/ic/analyze - 200 - 0.021s
DEBUG    h5py._conv:dataset.py:903 Creating converter from 3 to 5
INFO     httpx:_client.py:1025 HTTP Request: POST http://testserver/api/v1/ic/analyze "HTTP/1.1 200 OK"
DEBUG    asyncio:selector_events.py:59 Using selector: KqueueSelector
INFO     api.middleware.request:middleware.py:64 [74ce8ba2] GET /api/v1/ic/task/378e159a-cd34-4f13-be43-e3b112672ed0 - 200 - 0.001s
INFO     httpx:_client.py:1025 HTTP Request: GET http://testserver/api/v1/ic/task/378e159a-cd34-4f13-be43-e3b112672ed0 "HTTP/1.1 200 OK"
DEBUG    asyncio:selector_events.py:59 Using selector: KqueueSelector
INFO     api.middleware.request:middleware.py:64 [d23599eb] GET /api/v1/ic/task/378e159a-cd34-4f13-be43-e3b112672ed0 - 200 - 0.001s
INFO     httpx:_client.py:1025 HTTP Request: GET http://testserver/api/v1/ic/task/378e159a-cd34-4f13-be43-e3b112672ed0 "HTTP/1.1 200 OK"
DEBUG    asyncio:selector_events.py:59 Using selector: KqueueSelector
INFO     api.middleware.request:middleware.py:64 [2bd50011] GET /api/v1/ic/task/378e159a-cd34-4f13-be43-e3b112672ed0 - 200 - 0.003s
INFO     httpx:_client.py:1025 HTTP Request: GET http://testserver/api/v1/ic/task/378e159a-cd34-4f13-be43-e3b112672ed0 "HTTP/1.1 200 OK"
DEBUG    asyncio:selector_events.py:59 Using selector: KqueueSelector
INFO     api.middleware.request:middleware.py:64 [5b33e9a4] GET /api/v1/ic/task/378e159a-cd34-4f13-be43-e3b112672ed0 - 200 - 0.002s
INFO     httpx:_client.py:1025 HTTP Request: GET http://testserver/api/v1/ic/task/378e159a-cd34-4f13-be43-e3b112672ed0 "HTTP/1.1 200 OK"
DEBUG    asyncio:selector_events.py:59 Using selector: KqueueSelector
INFO     api.middleware.request:middleware.py:64 [407a4397] GET /api/v1/ic/task/378e159a-cd34-4f13-be43-e3b112672ed0 - 200 - 0.002s
INFO     httpx:_client.py:1025 HTTP Request: GET http://testserver/api/v1/ic/task/378e159a-cd34-4f13-be43-e3b112672ed0 "HTTP/1.1 200 OK"
DEBUG    asyncio:selector_events.py:59 Using selector: KqueueSelector
INFO     api.middleware.request:middleware.py:64 [4d75f479] GET /api/v1/ic/task/378e159a-cd34-4f13-be43-e3b112672ed0 - 200 - 0.002s
INFO     httpx:_client.py:1025 HTTP Request: GET http://testserver/api/v1/ic/task/378e159a-cd34-4f13-be43-e3b112672ed0 "HTTP/1.1 200 OK"
DEBUG    asyncio:selector_events.py:59 Using selector: KqueueSelector
INFO     api.middleware.request:middleware.py:64 [d9bf436e] GET /api/v1/ic/task/378e159a-cd34-4f13-be43-e3b112672ed0 - 200 - 0.003s
INFO     httpx:_client.py:1025 HTTP Request: GET http://testserver/api/v1/ic/task/378e159a-cd34-4f13-be43-e3b112672ed0 "HTTP/1.1 200 OK"
DEBUG    asyncio:selector_events.py:59 Using selector: KqueueSelector
INFO     api.middleware.request:middleware.py:64 [6ea0eb41] GET /api/v1/ic/task/378e159a-cd34-4f13-be43-e3b112672ed0 - 200 - 0.002s
INFO     httpx:_client.py:1025 HTTP Request: GET http://testserver/api/v1/ic/task/378e159a-cd34-4f13-be43-e3b112672ed0 "HTTP/1.1 200 OK"
DEBUG    asyncio:selector_events.py:59 Using selector: KqueueSelector
INFO     api.middleware.request:middleware.py:64 [2be96ad2] GET /api/v1/ic/task/378e159a-cd34-4f13-be43-e3b112672ed0 - 200 - 0.002s
INFO     httpx:_client.py:1025 HTTP Request: GET http://testserver/api/v1/ic/task/378e159a-cd34-4f13-be43-e3b112672ed0 "HTTP/1.1 200 OK"
DEBUG    asyncio:selector_events.py:59 Using selector: KqueueSelector
INFO     api.middleware.request:middleware.py:64 [e8f59af2] GET /api/v1/ic/task/378e159a-cd34-4f13-be43-e3b112672ed0 - 200 - 0.002s
INFO     httpx:_client.py:1025 HTTP Request: GET http://testserver/api/v1/ic/task/378e159a-cd34-4f13-be43-e3b112672ed0 "HTTP/1.1 200 OK"
DEBUG    asyncio:selector_events.py:59 Using selector: KqueueSelector
INFO     api.middleware.request:middleware.py:64 [f0a5a913] GET /api/v1/ic/task/378e159a-cd34-4f13-be43-e3b112672ed0 - 200 - 0.002s
INFO     httpx:_client.py:1025 HTTP Request: GET http://testserver/api/v1/ic/task/378e159a-cd34-4f13-be43-e3b112672ed0 "HTTP/1.1 200 OK"
DEBUG    asyncio:selector_events.py:59 Using selector: KqueueSelector
INFO     api.middleware.request:middleware.py:64 [428c60b0] GET /api/v1/ic/task/378e159a-cd34-4f13-be43-e3b112672ed0 - 200 - 0.002s
INFO     httpx:_client.py:1025 HTTP Request: GET http://testserver/api/v1/ic/task/378e159a-cd34-4f13-be43-e3b112672ed0 "HTTP/1.1 200 OK"
DEBUG    asyncio:selector_events.py:59 Using selector: KqueueSelector
INFO     api.middleware.request:middleware.py:64 [88789d56] GET /api/v1/ic/task/378e159a-cd34-4f13-be43-e3b112672ed0 - 200 - 0.002s
INFO     httpx:_client.py:1025 HTTP Request: GET http://testserver/api/v1/ic/task/378e159a-cd34-4f13-be43-e3b112672ed0 "HTTP/1.1 200 OK"
DEBUG    asyncio:selector_events.py:59 Using selector: KqueueSelector
INFO     api.middleware.request:middleware.py:64 [5d0319e2] GET /api/v1/ic/task/378e159a-cd34-4f13-be43-e3b112672ed0 - 200 - 0.002s
INFO     httpx:_client.py:1025 HTTP Request: GET http://testserver/api/v1/ic/task/378e159a-cd34-4f13-be43-e3b112672ed0 "HTTP/1.1 200 OK"
DEBUG    asyncio:selector_events.py:59 Using selector: KqueueSelector
INFO     api.middleware.request:middleware.py:64 [7b5ffd6d] GET /api/v1/ic/task/378e159a-cd34-4f13-be43-e3b112672ed0 - 200 - 0.002s
INFO     httpx:_client.py:1025 HTTP Request: GET http://testserver/api/v1/ic/task/378e159a-cd34-4f13-be43-e3b112672ed0 "HTTP/1.1 200 OK"
DEBUG    asyncio:selector_events.py:59 Using selector: KqueueSelector
INFO     api.middleware.request:middleware.py:64 [86b06648] GET /api/v1/ic/task/378e159a-cd34-4f13-be43-e3b112672ed0 - 200 - 0.003s
INFO     httpx:_client.py:1025 HTTP Request: GET http://testserver/api/v1/ic/task/378e159a-cd34-4f13-be43-e3b112672ed0 "HTTP/1.1 200 OK"
DEBUG    asyncio:selector_events.py:59 Using selector: KqueueSelector
INFO     api.middleware.request:middleware.py:64 [f75790e9] GET /api/v1/ic/task/378e159a-cd34-4f13-be43-e3b112672ed0 - 200 - 0.002s
INFO     httpx:_client.py:1025 HTTP Request: GET http://testserver/api/v1/ic/task/378e159a-cd34-4f13-be43-e3b112672ed0 "HTTP/1.1 200 OK"
DEBUG    asyncio:selector_events.py:59 Using selector: KqueueSelector
INFO     api.middleware.request:middleware.py:64 [58dd343e] GET /api/v1/ic/task/378e159a-cd34-4f13-be43-e3b112672ed0 - 200 - 0.002s
INFO     httpx:_client.py:1025 HTTP Request: GET http://testserver/api/v1/ic/task/378e159a-cd34-4f13-be43-e3b112672ed0 "HTTP/1.1 200 OK"
DEBUG    asyncio:selector_events.py:59 Using selector: KqueueSelector
INFO     api.middleware.request:middleware.py:64 [6feb800b] GET /api/v1/ic/task/378e159a-cd34-4f13-be43-e3b112672ed0 - 200 - 0.002s
INFO     httpx:_client.py:1025 HTTP Request: GET http://testserver/api/v1/ic/task/378e159a-cd34-4f13-be43-e3b112672ed0 "HTTP/1.1 200 OK"
DEBUG    asyncio:selector_events.py:59 Using selector: KqueueSelector
INFO     api.middleware.request:middleware.py:64 [03d72c6b] GET /api/v1/ic/task/378e159a-cd34-4f13-be43-e3b112672ed0 - 200 - 0.002s
INFO     httpx:_client.py:1025 HTTP Request: GET http://testserver/api/v1/ic/task/378e159a-cd34-4f13-be43-e3b112672ed0 "HTTP/1.1 200 OK"
DEBUG    asyncio:selector_events.py:59 Using selector: KqueueSelector
INFO     api.middleware.request:middleware.py:64 [b37ae41c] GET /api/v1/ic/task/378e159a-cd34-4f13-be43-e3b112672ed0 - 200 - 0.002s
INFO     httpx:_client.py:1025 HTTP Request: GET http://testserver/api/v1/ic/task/378e159a-cd34-4f13-be43-e3b112672ed0 "HTTP/1.1 200 OK"
DEBUG    asyncio:selector_events.py:59 Using selector: KqueueSelector
INFO     api.middleware.request:middleware.py:64 [1c29e511] GET /api/v1/ic/task/378e159a-cd34-4f13-be43-e3b112672ed0 - 200 - 0.002s
INFO     httpx:_client.py:1025 HTTP Request: GET http://testserver/api/v1/ic/task/378e159a-cd34-4f13-be43-e3b112672ed0 "HTTP/1.1 200 OK"
DEBUG    asyncio:selector_events.py:59 Using selector: KqueueSelector
INFO     api.middleware.request:middleware.py:64 [7dce30eb] GET /api/v1/ic/task/378e159a-cd34-4f13-be43-e3b112672ed0 - 200 - 0.003s
INFO     httpx:_client.py:1025 HTTP Request: GET http://testserver/api/v1/ic/task/378e159a-cd34-4f13-be43-e3b112672ed0 "HTTP/1.1 200 OK"
DEBUG    asyncio:selector_events.py:59 Using selector: KqueueSelector
INFO     api.middleware.request:middleware.py:64 [cdb2c00e] GET /api/v1/ic/task/378e159a-cd34-4f13-be43-e3b112672ed0 - 200 - 0.002s
INFO     httpx:_client.py:1025 HTTP Request: GET http://testserver/api/v1/ic/task/378e159a-cd34-4f13-be43-e3b112672ed0 "HTTP/1.1 200 OK"
DEBUG    asyncio:selector_events.py:59 Using selector: KqueueSelector
INFO     api.middleware.request:middleware.py:64 [365f90cc] GET /api/v1/ic/task/378e159a-cd34-4f13-be43-e3b112672ed0 - 200 - 0.002s
INFO     httpx:_client.py:1025 HTTP Request: GET http://testserver/api/v1/ic/task/378e159a-cd34-4f13-be43-e3b112672ed0 "HTTP/1.1 200 OK"
DEBUG    asyncio:selector_events.py:59 Using selector: KqueueSelector
INFO     api.middleware.request:middleware.py:64 [7a777a2d] GET /api/v1/ic/task/378e159a-cd34-4f13-be43-e3b112672ed0 - 200 - 0.002s
INFO     httpx:_client.py:1025 HTTP Request: GET http://testserver/api/v1/ic/task/378e159a-cd34-4f13-be43-e3b112672ed0 "HTTP/1.1 200 OK"
DEBUG    asyncio:selector_events.py:59 Using selector: KqueueSelector
INFO     api.middleware.request:middleware.py:64 [aeb4b73c] GET /api/v1/ic/task/378e159a-cd34-4f13-be43-e3b112672ed0 - 200 - 0.002s
INFO     httpx:_client.py:1025 HTTP Request: GET http://testserver/api/v1/ic/task/378e159a-cd34-4f13-be43-e3b112672ed0 "HTTP/1.1 200 OK"
DEBUG    asyncio:selector_events.py:59 Using selector: KqueueSelector
INFO     api.middleware.request:middleware.py:64 [3bb3873e] GET /api/v1/ic/task/378e159a-cd34-4f13-be43-e3b112672ed0 - 200 - 0.002s
INFO     httpx:_client.py:1025 HTTP Request: GET http://testserver/api/v1/ic/task/378e159a-cd34-4f13-be43-e3b112672ed0 "HTTP/1.1 200 OK"
DEBUG    asyncio:selector_events.py:59 Using selector: KqueueSelector
INFO     api.middleware.request:middleware.py:64 [47294ac4] GET /api/v1/ic/task/378e159a-cd34-4f13-be43-e3b112672ed0 - 200 - 0.002s
INFO     httpx:_client.py:1025 HTTP Request: GET http://testserver/api/v1/ic/task/378e159a-cd34-4f13-be43-e3b112672ed0 "HTTP/1.1 200 OK"
DEBUG    asyncio:selector_events.py:59 Using selector: KqueueSelector
INFO     api.middleware.request:middleware.py:64 [65009121] GET /api/v1/ic/task/378e159a-cd34-4f13-be43-e3b112672ed0 - 200 - 0.002s
INFO     httpx:_client.py:1025 HTTP Request: GET http://testserver/api/v1/ic/task/378e159a-cd34-4f13-be43-e3b112672ed0 "HTTP/1.1 200 OK"
DEBUG    asyncio:selector_events.py:59 Using selector: KqueueSelector
INFO     api.middleware.request:middleware.py:64 [7c292c74] GET /api/v1/ic/task/378e159a-cd34-4f13-be43-e3b112672ed0 - 200 - 0.003s
INFO     httpx:_client.py:1025 HTTP Request: GET http://testserver/api/v1/ic/task/378e159a-cd34-4f13-be43-e3b112672ed0 "HTTP/1.1 200 OK"
DEBUG    asyncio:selector_events.py:59 Using selector: KqueueSelector
INFO     api.middleware.request:middleware.py:64 [1fb6dd1c] GET /api/v1/ic/task/378e159a-cd34-4f13-be43-e3b112672ed0 - 200 - 0.003s
INFO     httpx:_client.py:1025 HTTP Request: GET http://testserver/api/v1/ic/task/378e159a-cd34-4f13-be43-e3b112672ed0 "HTTP/1.1 200 OK"
DEBUG    asyncio:selector_events.py:59 Using selector: KqueueSelector
INFO     api.middleware.request:middleware.py:64 [7c5ed066] GET /api/v1/ic/task/378e159a-cd34-4f13-be43-e3b112672ed0 - 200 - 0.002s
INFO     httpx:_client.py:1025 HTTP Request: GET http://testserver/api/v1/ic/task/378e159a-cd34-4f13-be43-e3b112672ed0 "HTTP/1.1 200 OK"
DEBUG    asyncio:selector_events.py:59 Using selector: KqueueSelector
INFO     api.middleware.request:middleware.py:64 [d86457e2] GET /api/v1/ic/task/378e159a-cd34-4f13-be43-e3b112672ed0 - 200 - 0.002s
INFO     httpx:_client.py:1025 HTTP Request: GET http://testserver/api/v1/ic/task/378e159a-cd34-4f13-be43-e3b112672ed0 "HTTP/1.1 200 OK"
DEBUG    asyncio:selector_events.py:59 Using selector: KqueueSelector
INFO     api.middleware.request:middleware.py:64 [aab18ddc] GET /api/v1/ic/task/378e159a-cd34-4f13-be43-e3b112672ed0 - 200 - 0.002s
INFO     httpx:_client.py:1025 HTTP Request: GET http://testserver/api/v1/ic/task/378e159a-cd34-4f13-be43-e3b112672ed0 "HTTP/1.1 200 OK"
DEBUG    asyncio:selector_events.py:59 Using selector: KqueueSelector
INFO     api.middleware.request:middleware.py:64 [813dd622] GET /api/v1/ic/task/378e159a-cd34-4f13-be43-e3b112672ed0 - 200 - 0.002s
INFO     httpx:_client.py:1025 HTTP Request: GET http://testserver/api/v1/ic/task/378e159a-cd34-4f13-be43-e3b112672ed0 "HTTP/1.1 200 OK"
DEBUG    asyncio:selector_events.py:59 Using selector: KqueueSelector
INFO     api.middleware.request:middleware.py:64 [8c35fe11] GET /api/v1/ic/task/378e159a-cd34-4f13-be43-e3b112672ed0 - 200 - 0.002s
INFO     httpx:_client.py:1025 HTTP Request: GET http://testserver/api/v1/ic/task/378e159a-cd34-4f13-be43-e3b112672ed0 "HTTP/1.1 200 OK"
DEBUG    asyncio:selector_events.py:59 Using selector: KqueueSelector
INFO     api.middleware.request:middleware.py:64 [d28e9f0e] GET /api/v1/ic/task/378e159a-cd34-4f13-be43-e3b112672ed0 - 200 - 0.002s
INFO     httpx:_client.py:1025 HTTP Request: GET http://testserver/api/v1/ic/task/378e159a-cd34-4f13-be43-e3b112672ed0 "HTTP/1.1 200 OK"
DEBUG    asyncio:selector_events.py:59 Using selector: KqueueSelector
INFO     api.middleware.request:middleware.py:64 [11e14352] GET /api/v1/ic/task/378e159a-cd34-4f13-be43-e3b112672ed0 - 200 - 0.003s
INFO     httpx:_client.py:1025 HTTP Request: GET http://testserver/api/v1/ic/task/378e159a-cd34-4f13-be43-e3b112672ed0 "HTTP/1.1 200 OK"
DEBUG    asyncio:selector_events.py:59 Using selector: KqueueSelector
INFO     api.middleware.request:middleware.py:64 [ec08c281] GET /api/v1/ic/task/378e159a-cd34-4f13-be43-e3b112672ed0 - 200 - 0.002s
INFO     httpx:_client.py:1025 HTTP Request: GET http://testserver/api/v1/ic/task/378e159a-cd34-4f13-be43-e3b112672ed0 "HTTP/1.1 200 OK"
DEBUG    asyncio:selector_events.py:59 Using selector: KqueueSelector
INFO     api.middleware.request:middleware.py:64 [4e00ee99] GET /api/v1/ic/task/378e159a-cd34-4f13-be43-e3b112672ed0 - 200 - 0.002s
INFO     httpx:_client.py:1025 HTTP Request: GET http://testserver/api/v1/ic/task/378e159a-cd34-4f13-be43-e3b112672ed0 "HTTP/1.1 200 OK"
DEBUG    asyncio:selector_events.py:59 Using selector: KqueueSelector
INFO     api.middleware.request:middleware.py:64 [06eedd70] GET /api/v1/ic/task/378e159a-cd34-4f13-be43-e3b112672ed0 - 200 - 0.002s
INFO     httpx:_client.py:1025 HTTP Request: GET http://testserver/api/v1/ic/task/378e159a-cd34-4f13-be43-e3b112672ed0 "HTTP/1.1 200 OK"
DEBUG    asyncio:selector_events.py:59 Using selector: KqueueSelector
INFO     api.middleware.request:middleware.py:64 [62469d12] GET /api/v1/ic/task/378e159a-cd34-4f13-be43-e3b112672ed0 - 200 - 0.002s
INFO     httpx:_client.py:1025 HTTP Request: GET http://testserver/api/v1/ic/task/378e159a-cd34-4f13-be43-e3b112672ed0 "HTTP/1.1 200 OK"
DEBUG    asyncio:selector_events.py:59 Using selector: KqueueSelector
INFO     api.middleware.request:middleware.py:64 [b1abc68d] GET /api/v1/ic/task/378e159a-cd34-4f13-be43-e3b112672ed0 - 200 - 0.002s
INFO     httpx:_client.py:1025 HTTP Request: GET http://testserver/api/v1/ic/task/378e159a-cd34-4f13-be43-e3b112672ed0 "HTTP/1.1 200 OK"
DEBUG    asyncio:selector_events.py:59 Using selector: KqueueSelector
INFO     api.middleware.request:middleware.py:64 [b25fe368] GET /api/v1/ic/task/378e159a-cd34-4f13-be43-e3b112672ed0 - 200 - 0.002s
INFO     httpx:_client.py:1025 HTTP Request: GET http://testserver/api/v1/ic/task/378e159a-cd34-4f13-be43-e3b112672ed0 "HTTP/1.1 200 OK"
DEBUG    asyncio:selector_events.py:59 Using selector: KqueueSelector
INFO     api.middleware.request:middleware.py:64 [d294e9a4] GET /api/v1/ic/task/378e159a-cd34-4f13-be43-e3b112672ed0 - 200 - 0.002s
INFO     httpx:_client.py:1025 HTTP Request: GET http://testserver/api/v1/ic/task/378e159a-cd34-4f13-be43-e3b112672ed0 "HTTP/1.1 200 OK"
DEBUG    asyncio:selector_events.py:59 Using selector: KqueueSelector
INFO     api.middleware.request:middleware.py:64 [989d251d] GET /api/v1/ic/task/378e159a-cd34-4f13-be43-e3b112672ed0 - 200 - 0.003s
INFO     httpx:_client.py:1025 HTTP Request: GET http://testserver/api/v1/ic/task/378e159a-cd34-4f13-be43-e3b112672ed0 "HTTP/1.1 200 OK"
DEBUG    asyncio:selector_events.py:59 Using selector: KqueueSelector
INFO     api.middleware.request:middleware.py:64 [f2d9af65] GET /api/v1/ic/task/378e159a-cd34-4f13-be43-e3b112672ed0 - 200 - 0.002s
INFO     httpx:_client.py:1025 HTTP Request: GET http://testserver/api/v1/ic/task/378e159a-cd34-4f13-be43-e3b112672ed0 "HTTP/1.1 200 OK"
DEBUG    asyncio:selector_events.py:59 Using selector: KqueueSelector
INFO     api.middleware.request:middleware.py:64 [dcc10fc2] GET /api/v1/ic/task/378e159a-cd34-4f13-be43-e3b112672ed0 - 200 - 0.002s
INFO     httpx:_client.py:1025 HTTP Request: GET http://testserver/api/v1/ic/task/378e159a-cd34-4f13-be43-e3b112672ed0 "HTTP/1.1 200 OK"
DEBUG    asyncio:selector_events.py:59 Using selector: KqueueSelector
INFO     api.middleware.request:middleware.py:64 [4389028e] GET /api/v1/ic/task/378e159a-cd34-4f13-be43-e3b112672ed0 - 200 - 0.002s
INFO     httpx:_client.py:1025 HTTP Request: GET http://testserver/api/v1/ic/task/378e159a-cd34-4f13-be43-e3b112672ed0 "HTTP/1.1 200 OK"
DEBUG    asyncio:selector_events.py:59 Using selector: KqueueSelector
INFO     api.middleware.request:middleware.py:64 [460069c2] GET /api/v1/ic/task/378e159a-cd34-4f13-be43-e3b112672ed0 - 200 - 0.002s
INFO     httpx:_client.py:1025 HTTP Request: GET http://testserver/api/v1/ic/task/378e159a-cd34-4f13-be43-e3b112672ed0 "HTTP/1.1 200 OK"
DEBUG    asyncio:selector_events.py:59 Using selector: KqueueSelector
INFO     api.middleware.request:middleware.py:64 [af7bbe52] GET /api/v1/ic/task/378e159a-cd34-4f13-be43-e3b112672ed0 - 200 - 0.003s
INFO     httpx:_client.py:1025 HTTP Request: GET http://testserver/api/v1/ic/task/378e159a-cd34-4f13-be43-e3b112672ed0 "HTTP/1.1 200 OK"
DEBUG    asyncio:selector_events.py:59 Using selector: KqueueSelector
INFO     api.middleware.request:middleware.py:64 [fdc2572e] GET /api/v1/ic/task/378e159a-cd34-4f13-be43-e3b112672ed0 - 200 - 0.003s
INFO     httpx:_client.py:1025 HTTP Request: GET http://testserver/api/v1/ic/task/378e159a-cd34-4f13-be43-e3b112672ed0 "HTTP/1.1 200 OK"
DEBUG    asyncio:selector_events.py:59 Using selector: KqueueSelector
INFO     api.middleware.request:middleware.py:64 [898c04d7] GET /api/v1/ic/task/378e159a-cd34-4f13-be43-e3b112672ed0 - 200 - 0.001s
INFO     httpx:_client.py:1025 HTTP Request: GET http://testserver/api/v1/ic/task/378e159a-cd34-4f13-be43-e3b112672ed0 "HTTP/1.1 200 OK"
DEBUG    asyncio:selector_events.py:59 Using selector: KqueueSelector
INFO     api.middleware.request:middleware.py:64 [ce88dd80] GET /api/v1/ic/task/378e159a-cd34-4f13-be43-e3b112672ed0 - 200 - 0.002s
INFO     httpx:_client.py:1025 HTTP Request: GET http://testserver/api/v1/ic/task/378e159a-cd34-4f13-be43-e3b112672ed0 "HTTP/1.1 200 OK"
DEBUG    asyncio:selector_events.py:59 Using selector: KqueueSelector
INFO     api.middleware.request:middleware.py:64 [31ce5603] GET /api/v1/ic/task/378e159a-cd34-4f13-be43-e3b112672ed0 - 200 - 0.002s
INFO     httpx:_client.py:1025 HTTP Request: GET http://testserver/api/v1/ic/task/378e159a-cd34-4f13-be43-e3b112672ed0 "HTTP/1.1 200 OK"
DEBUG    asyncio:selector_events.py:59 Using selector: KqueueSelector
INFO     api.middleware.request:middleware.py:64 [6ce6f18d] GET /api/v1/ic/task/378e159a-cd34-4f13-be43-e3b112672ed0 - 200 - 0.002s
INFO     httpx:_client.py:1025 HTTP Request: GET http://testserver/api/v1/ic/task/378e159a-cd34-4f13-be43-e3b112672ed0 "HTTP/1.1 200 OK"
DEBUG    asyncio:selector_events.py:59 Using selector: KqueueSelector
INFO     api.middleware.request:middleware.py:64 [34b7f6b3] GET /api/v1/ic/task/378e159a-cd34-4f13-be43-e3b112672ed0 - 200 - 0.002s
INFO     httpx:_client.py:1025 HTTP Request: GET http://testserver/api/v1/ic/task/378e159a-cd34-4f13-be43-e3b112672ed0 "HTTP/1.1 200 OK"
DEBUG    asyncio:selector_events.py:59 Using selector: KqueueSelector
INFO     api.middleware.request:middleware.py:64 [6c1bd59e] GET /api/v1/ic/task/378e159a-cd34-4f13-be43-e3b112672ed0 - 200 - 0.002s
INFO     httpx:_client.py:1025 HTTP Request: GET http://testserver/api/v1/ic/task/378e159a-cd34-4f13-be43-e3b112672ed0 "HTTP/1.1 200 OK"
DEBUG    asyncio:selector_events.py:59 Using selector: KqueueSelector
INFO     api.middleware.request:middleware.py:64 [c101f901] GET /api/v1/ic/task/378e159a-cd34-4f13-be43-e3b112672ed0 - 200 - 0.002s
INFO     httpx:_client.py:1025 HTTP Request: GET http://testserver/api/v1/ic/task/378e159a-cd34-4f13-be43-e3b112672ed0 "HTTP/1.1 200 OK"
DEBUG    asyncio:selector_events.py:59 Using selector: KqueueSelector
INFO     api.middleware.request:middleware.py:64 [2d5b0e75] GET /api/v1/ic/task/378e159a-cd34-4f13-be43-e3b112672ed0 - 200 - 0.002s
INFO     httpx:_client.py:1025 HTTP Request: GET http://testserver/api/v1/ic/task/378e159a-cd34-4f13-be43-e3b112672ed0 "HTTP/1.1 200 OK"
DEBUG    asyncio:selector_events.py:59 Using selector: KqueueSelector
INFO     api.middleware.request:middleware.py:64 [7096a4ba] GET /api/v1/ic/task/378e159a-cd34-4f13-be43-e3b112672ed0 - 200 - 0.003s
INFO     httpx:_client.py:1025 HTTP Request: GET http://testserver/api/v1/ic/task/378e159a-cd34-4f13-be43-e3b112672ed0 "HTTP/1.1 200 OK"
DEBUG    asyncio:selector_events.py:59 Using selector: KqueueSelector
INFO     api.middleware.request:middleware.py:64 [2f30cc93] GET /api/v1/ic/task/378e159a-cd34-4f13-be43-e3b112672ed0 - 200 - 0.003s
INFO     httpx:_client.py:1025 HTTP Request: GET http://testserver/api/v1/ic/task/378e159a-cd34-4f13-be43-e3b112672ed0 "HTTP/1.1 200 OK"
DEBUG    asyncio:selector_events.py:59 Using selector: KqueueSelector
INFO     api.middleware.request:middleware.py:64 [31cdbe1b] GET /api/v1/ic/task/378e159a-cd34-4f13-be43-e3b112672ed0 - 200 - 0.003s
INFO     httpx:_client.py:1025 HTTP Request: GET http://testserver/api/v1/ic/task/378e159a-cd34-4f13-be43-e3b112672ed0 "HTTP/1.1 200 OK"
DEBUG    asyncio:selector_events.py:59 Using selector: KqueueSelector
INFO     api.middleware.request:middleware.py:64 [26f34837] GET /api/v1/ic/task/378e159a-cd34-4f13-be43-e3b112672ed0 - 200 - 0.002s
INFO     httpx:_client.py:1025 HTTP Request: GET http://testserver/api/v1/ic/task/378e159a-cd34-4f13-be43-e3b112672ed0 "HTTP/1.1 200 OK"
DEBUG    asyncio:selector_events.py:59 Using selector: KqueueSelector
INFO     api.middleware.request:middleware.py:64 [fc6fedec] GET /api/v1/ic/task/378e159a-cd34-4f13-be43-e3b112672ed0 - 200 - 0.002s
INFO     httpx:_client.py:1025 HTTP Request: GET http://testserver/api/v1/ic/task/378e159a-cd34-4f13-be43-e3b112672ed0 "HTTP/1.1 200 OK"
DEBUG    asyncio:selector_events.py:59 Using selector: KqueueSelector
INFO     api.middleware.request:middleware.py:64 [139a0392] GET /api/v1/ic/task/378e159a-cd34-4f13-be43-e3b112672ed0 - 200 - 0.005s
INFO     httpx:_client.py:1025 HTTP Request: GET http://testserver/api/v1/ic/task/378e159a-cd34-4f13-be43-e3b112672ed0 "HTTP/1.1 200 OK"
DEBUG    asyncio:selector_events.py:59 Using selector: KqueueSelector
INFO     api.middleware.request:middleware.py:64 [441b408a] GET /api/v1/ic/task/378e159a-cd34-4f13-be43-e3b112672ed0 - 200 - 0.003s
INFO     httpx:_client.py:1025 HTTP Request: GET http://testserver/api/v1/ic/task/378e159a-cd34-4f13-be43-e3b112672ed0 "HTTP/1.1 200 OK"
DEBUG    asyncio:selector_events.py:59 Using selector: KqueueSelector
INFO     api.middleware.request:middleware.py:64 [3b9bf332] GET /api/v1/ic/task/378e159a-cd34-4f13-be43-e3b112672ed0 - 200 - 0.002s
INFO     httpx:_client.py:1025 HTTP Request: GET http://testserver/api/v1/ic/task/378e159a-cd34-4f13-be43-e3b112672ed0 "HTTP/1.1 200 OK"
DEBUG    asyncio:selector_events.py:59 Using selector: KqueueSelector
INFO     api.middleware.request:middleware.py:64 [7f607770] GET /api/v1/ic/task/378e159a-cd34-4f13-be43-e3b112672ed0 - 200 - 0.003s
INFO     httpx:_client.py:1025 HTTP Request: GET http://testserver/api/v1/ic/task/378e159a-cd34-4f13-be43-e3b112672ed0 "HTTP/1.1 200 OK"
_______________________ ERROR at setup of test_ic_result _______________________
tests/api/test_ic_analysis_api.py:128: in ic_analysis_task
    return _build_ic_analysis_task(tmp_path_factory)
tests/api/test_ic_analysis_api.py:115: in _build_ic_analysis_task
    _wait_for_task(task_id)
tests/api/test_ic_analysis_api.py:71: in _wait_for_task
    pytest.fail("task timeout")
E   Failed: task timeout
______________________ ERROR at setup of test_ic_summary _______________________
tests/api/test_ic_analysis_api.py:128: in ic_analysis_task
    return _build_ic_analysis_task(tmp_path_factory)
tests/api/test_ic_analysis_api.py:115: in _build_ic_analysis_task
    _wait_for_task(task_id)
tests/api/test_ic_analysis_api.py:71: in _wait_for_task
    pytest.fail("task timeout")
E   Failed: task timeout
____________________ ERROR at setup of test_ic_top_features ____________________
tests/api/test_ic_analysis_api.py:128: in ic_analysis_task
    return _build_ic_analysis_task(tmp_path_factory)
tests/api/test_ic_analysis_api.py:115: in _build_ic_analysis_task
    _wait_for_task(task_id)
tests/api/test_ic_analysis_api.py:71: in _wait_for_task
    pytest.fail("task timeout")
E   Failed: task timeout
______________ ERROR at setup of test_ic_quantile_and_correlation ______________
tests/api/test_ic_analysis_api.py:128: in ic_analysis_task
    return _build_ic_analysis_task(tmp_path_factory)
tests/api/test_ic_analysis_api.py:115: in _build_ic_analysis_task
    _wait_for_task(task_id)
tests/api/test_ic_analysis_api.py:71: in _wait_for_task
    pytest.fail("task timeout")
E   Failed: task timeout
______________________ ERROR at setup of test_ic_grouped _______________________
tests/api/test_ic_analysis_api.py:128: in ic_analysis_task
    return _build_ic_analysis_task(tmp_path_factory)
tests/api/test_ic_analysis_api.py:115: in _build_ic_analysis_task
    _wait_for_task(task_id)
tests/api/test_ic_analysis_api.py:71: in _wait_for_task
    pytest.fail("task timeout")
E   Failed: task timeout
______________________ ERROR at setup of test_ic_refilter ______________________
tests/api/test_ic_analysis_api.py:128: in ic_analysis_task
    return _build_ic_analysis_task(tmp_path_factory)
tests/api/test_ic_analysis_api.py:115: in _build_ic_analysis_task
    _wait_for_task(task_id)
tests/api/test_ic_analysis_api.py:71: in _wait_for_task
    pytest.fail("task timeout")
E   Failed: task timeout
_____________________ ERROR at setup of test_ic_export_csv _____________________
tests/api/test_ic_analysis_api.py:128: in ic_analysis_task
    return _build_ic_analysis_task(tmp_path_factory)
tests/api/test_ic_analysis_api.py:115: in _build_ic_analysis_task
    _wait_for_task(task_id)
tests/api/test_ic_analysis_api.py:71: in _wait_for_task
    pytest.fail("task timeout")
E   Failed: task timeout
____________________ ERROR at setup of test_ic_export_hdf5 _____________________
tests/api/test_ic_analysis_api.py:128: in ic_analysis_task
    return _build_ic_analysis_task(tmp_path_factory)
tests/api/test_ic_analysis_api.py:115: in _build_ic_analysis_task
    _wait_for_task(task_id)
tests/api/test_ic_analysis_api.py:71: in _wait_for_task
    pytest.fail("task timeout")
E   Failed: task timeout
__________ ERROR at setup of test_start_deep_analysis_and_get_result ___________
tests/api/test_ic_deep_analysis.py:163: in completed_ic_task
    return _build_completed_ic_task(sample_paths)
tests/api/test_ic_deep_analysis.py:151: in _build_completed_ic_task
    _wait_for_task_completed(task_id)
tests/api/test_ic_deep_analysis.py:78: in _wait_for_task_completed
    pytest.fail(f"task failed: {data.get('error')}")
E   Failed: task failed: label horizon cannot be resolved from column: label
---------------------------- Captured stderr setup -----------------------------
2026-07-11 23:02:13,232 - asyncio - DEBUG - Using selector: KqueueSelector
[2026-07-11 23:02:13,248] INFO momentum.Analysis.ic_config_schema: IC config loaded
2026-07-11 23:02:13,248 - momentum.Analysis.ic_config_schema - INFO - IC config loaded
2026-07-11 23:02:13,249 - api.ic_analysis_service - INFO - IC analysis task started: 17175b7b-1c15-4980-b46c-7e89d42255ae
2026-07-11 23:02:13,251 - api.middleware.request - INFO - [0c101d31] POST /api/v1/ic/analyze - 200 - 0.018s
2026-07-11 23:02:13,252 - api.ic_analysis_service - ERROR - IC analysis task failed: label horizon cannot be resolved from column: label
Traceback (most recent call last):
  File "/Users/louis/Desktop/quantitative_trading_system/api/services/ic_analysis_service.py", line 228, in _run_analysis
    report = await asyncio.to_thread(
  File "/Library/Developer/CommandLineTools/Library/Frameworks/Python3.framework/Versions/3.9/lib/python3.9/asyncio/threads.py", line 25, in to_thread
    return await loop.run_in_executor(None, func_call)
  File "/Library/Developer/CommandLineTools/Library/Frameworks/Python3.framework/Versions/3.9/lib/python3.9/concurrent/futures/thread.py", line 52, in run
    result = self.fn(*self.args, **self.kwargs)
  File "/Users/louis/Desktop/quantitative_trading_system/momentum/Analysis/ic_filter_orchestrator.py", line 857, in analyze
    features_df, labels_df, metadata, stage0_log = self._stage0_ingestion(
  File "/Users/louis/Desktop/quantitative_trading_system/momentum/Analysis/ic_filter_orchestrator.py", line 2042, in _stage0_ingestion
    horizon = _resolve_label_horizon_from_column(str(label_series.name), active_config)
  File "/Users/louis/Desktop/quantitative_trading_system/momentum/Analysis/ic_filter_orchestrator.py", line 288, in _resolve_label_horizon_from_column
    raise InvalidInputError(f"label horizon cannot be resolved from column: {name}")
momentum.core.exceptions.InvalidInputError: label horizon cannot be resolved from column: label
2026-07-11 23:02:13,266 - httpx - INFO - HTTP Request: POST http://testserver/api/v1/ic/analyze "HTTP/1.1 200 OK"
2026-07-11 23:02:13,266 - asyncio - DEBUG - Using selector: KqueueSelector
2026-07-11 23:02:13,267 - api.middleware.request - INFO - [36ca269b] GET /api/v1/ic/task/17175b7b-1c15-4980-b46c-7e89d42255ae - 200 - 0.001s
2026-07-11 23:02:13,268 - httpx - INFO - HTTP Request: GET http://testserver/api/v1/ic/task/17175b7b-1c15-4980-b46c-7e89d42255ae "HTTP/1.1 200 OK"
------------------------------ Captured log setup ------------------------------
DEBUG    asyncio:selector_events.py:59 Using selector: KqueueSelector
INFO     momentum.Analysis.ic_config_schema:ic_config_schema.py:437 IC config loaded
INFO     api.ic_analysis_service:ic_analysis_service.py:83 IC analysis task started: 17175b7b-1c15-4980-b46c-7e89d42255ae
INFO     api.middleware.request:middleware.py:64 [0c101d31] POST /api/v1/ic/analyze - 200 - 0.018s
ERROR    api.ic_analysis_service:ic_analysis_service.py:256 IC analysis task failed: label horizon cannot be resolved from column: label
Traceback (most recent call last):
  File "/Users/louis/Desktop/quantitative_trading_system/api/services/ic_analysis_service.py", line 228, in _run_analysis
    report = await asyncio.to_thread(
  File "/Library/Developer/CommandLineTools/Library/Frameworks/Python3.framework/Versions/3.9/lib/python3.9/asyncio/threads.py", line 25, in to_thread
    return await loop.run_in_executor(None, func_call)
  File "/Library/Developer/CommandLineTools/Library/Frameworks/Python3.framework/Versions/3.9/lib/python3.9/concurrent/futures/thread.py", line 52, in run
    result = self.fn(*self.args, **self.kwargs)
  File "/Users/louis/Desktop/quantitative_trading_system/momentum/Analysis/ic_filter_orchestrator.py", line 857, in analyze
    features_df, labels_df, metadata, stage0_log = self._stage0_ingestion(
  File "/Users/louis/Desktop/quantitative_trading_system/momentum/Analysis/ic_filter_orchestrator.py", line 2042, in _stage0_ingestion
    horizon = _resolve_label_horizon_from_column(str(label_series.name), active_config)
  File "/Users/louis/Desktop/quantitative_trading_system/momentum/Analysis/ic_filter_orchestrator.py", line 288, in _resolve_label_horizon_from_column
    raise InvalidInputError(f"label horizon cannot be resolved from column: {name}")
momentum.core.exceptions.InvalidInputError: label horizon cannot be resolved from column: label
INFO     httpx:_client.py:1025 HTTP Request: POST http://testserver/api/v1/ic/analyze "HTTP/1.1 200 OK"
DEBUG    asyncio:selector_events.py:59 Using selector: KqueueSelector
INFO     api.middleware.request:middleware.py:64 [36ca269b] GET /api/v1/ic/task/17175b7b-1c15-4980-b46c-7e89d42255ae - 200 - 0.001s
INFO     httpx:_client.py:1025 HTTP Request: GET http://testserver/api/v1/ic/task/17175b7b-1c15-4980-b46c-7e89d42255ae "HTTP/1.1 200 OK"
__________________ ERROR at setup of test_deep_analysis_start __________________
tests/api/test_ic_deep_analysis.py:163: in completed_ic_task
    return _build_completed_ic_task(sample_paths)
tests/api/test_ic_deep_analysis.py:151: in _build_completed_ic_task
    _wait_for_task_completed(task_id)
tests/api/test_ic_deep_analysis.py:78: in _wait_for_task_completed
    pytest.fail(f"task failed: {data.get('error')}")
E   Failed: task failed: label horizon cannot be resolved from column: label
_________________ ERROR at setup of test_deep_analysis_result __________________
tests/api/test_ic_deep_analysis.py:163: in completed_ic_task
    return _build_completed_ic_task(sample_paths)
tests/api/test_ic_deep_analysis.py:151: in _build_completed_ic_task
    _wait_for_task_completed(task_id)
tests/api/test_ic_deep_analysis.py:78: in _wait_for_task_completed
    pytest.fail(f"task failed: {data.get('error')}")
E   Failed: task failed: label horizon cannot be resolved from column: label
_____ ERROR at setup of test_deep_analysis_result_serializes_numpy_scalars _____
tests/api/test_ic_deep_analysis.py:163: in completed_ic_task
    return _build_completed_ic_task(sample_paths)
tests/api/test_ic_deep_analysis.py:151: in _build_completed_ic_task
    _wait_for_task_completed(task_id)
tests/api/test_ic_deep_analysis.py:78: in _wait_for_task_completed
    pytest.fail(f"task failed: {data.get('error')}")
E   Failed: task failed: label horizon cannot be resolved from column: label
________________ ERROR at setup of test_export_csv_summary_200 _________________
tests/api/test_export_api.py:133: in export_task
    _wait_for_task(task_id)
tests/api/test_export_api.py:82: in _wait_for_task
    pytest.fail(f"task failed: {payload.get('error')}")
E   Failed: task failed: label horizon cannot be resolved from column: label
---------------------------- Captured stderr setup -----------------------------
2026-07-11 23:02:13,429 - asyncio - DEBUG - Using selector: KqueueSelector
[2026-07-11 23:02:13,446] INFO momentum.Analysis.ic_config_schema: IC config loaded
2026-07-11 23:02:13,446 - momentum.Analysis.ic_config_schema - INFO - IC config loaded
2026-07-11 23:02:13,446 - api.ic_analysis_service - INFO - IC analysis task started: bd51c91f-f302-4ed3-8e1e-cce52fcf20f1
2026-07-11 23:02:13,448 - api.middleware.request - INFO - [77eb2555] POST /api/v1/ic/analyze - 200 - 0.018s
2026-07-11 23:02:13,450 - api.ic_analysis_service - ERROR - IC analysis task failed: label horizon cannot be resolved from column: label
Traceback (most recent call last):
  File "/Users/louis/Desktop/quantitative_trading_system/api/services/ic_analysis_service.py", line 228, in _run_analysis
    report = await asyncio.to_thread(
  File "/Library/Developer/CommandLineTools/Library/Frameworks/Python3.framework/Versions/3.9/lib/python3.9/asyncio/threads.py", line 25, in to_thread
    return await loop.run_in_executor(None, func_call)
  File "/Library/Developer/CommandLineTools/Library/Frameworks/Python3.framework/Versions/3.9/lib/python3.9/concurrent/futures/thread.py", line 52, in run
    result = self.fn(*self.args, **self.kwargs)
  File "/Users/louis/Desktop/quantitative_trading_system/momentum/Analysis/ic_filter_orchestrator.py", line 857, in analyze
    features_df, labels_df, metadata, stage0_log = self._stage0_ingestion(
  File "/Users/louis/Desktop/quantitative_trading_system/momentum/Analysis/ic_filter_orchestrator.py", line 2042, in _stage0_ingestion
    horizon = _resolve_label_horizon_from_column(str(label_series.name), active_config)
  File "/Users/louis/Desktop/quantitative_trading_system/momentum/Analysis/ic_filter_orchestrator.py", line 288, in _resolve_label_horizon_from_column
    raise InvalidInputError(f"label horizon cannot be resolved from column: {name}")
momentum.core.exceptions.InvalidInputError: label horizon cannot be resolved from column: label
2026-07-11 23:02:13,450 - httpx - INFO - HTTP Request: POST http://testserver/api/v1/ic/analyze "HTTP/1.1 200 OK"
2026-07-11 23:02:13,451 - asyncio - DEBUG - Using selector: KqueueSelector
2026-07-11 23:02:13,452 - api.middleware.request - INFO - [b69ec5bf] GET /api/v1/ic/task/bd51c91f-f302-4ed3-8e1e-cce52fcf20f1 - 200 - 0.001s
2026-07-11 23:02:13,453 - httpx - INFO - HTTP Request: GET http://testserver/api/v1/ic/task/bd51c91f-f302-4ed3-8e1e-cce52fcf20f1 "HTTP/1.1 200 OK"
------------------------------ Captured log setup ------------------------------
DEBUG    asyncio:selector_events.py:59 Using selector: KqueueSelector
INFO     momentum.Analysis.ic_config_schema:ic_config_schema.py:437 IC config loaded
INFO     api.ic_analysis_service:ic_analysis_service.py:83 IC analysis task started: bd51c91f-f302-4ed3-8e1e-cce52fcf20f1
INFO     api.middleware.request:middleware.py:64 [77eb2555] POST /api/v1/ic/analyze - 200 - 0.018s
ERROR    api.ic_analysis_service:ic_analysis_service.py:256 IC analysis task failed: label horizon cannot be resolved from column: label
Traceback (most recent call last):
  File "/Users/louis/Desktop/quantitative_trading_system/api/services/ic_analysis_service.py", line 228, in _run_analysis
    report = await asyncio.to_thread(
  File "/Library/Developer/CommandLineTools/Library/Frameworks/Python3.framework/Versions/3.9/lib/python3.9/asyncio/threads.py", line 25, in to_thread
    return await loop.run_in_executor(None, func_call)
  File "/Library/Developer/CommandLineTools/Library/Frameworks/Python3.framework/Versions/3.9/lib/python3.9/concurrent/futures/thread.py", line 52, in run
    result = self.fn(*self.args, **self.kwargs)
  File "/Users/louis/Desktop/quantitative_trading_system/momentum/Analysis/ic_filter_orchestrator.py", line 857, in analyze
    features_df, labels_df, metadata, stage0_log = self._stage0_ingestion(
  File "/Users/louis/Desktop/quantitative_trading_system/momentum/Analysis/ic_filter_orchestrator.py", line 2042, in _stage0_ingestion
    horizon = _resolve_label_horizon_from_column(str(label_series.name), active_config)
  File "/Users/louis/Desktop/quantitative_trading_system/momentum/Analysis/ic_filter_orchestrator.py", line 288, in _resolve_label_horizon_from_column
    raise InvalidInputError(f"label horizon cannot be resolved from column: {name}")
momentum.core.exceptions.InvalidInputError: label horizon cannot be resolved from column: label
INFO     httpx:_client.py:1025 HTTP Request: POST http://testserver/api/v1/ic/analyze "HTTP/1.1 200 OK"
DEBUG    asyncio:selector_events.py:59 Using selector: KqueueSelector
INFO     api.middleware.request:middleware.py:64 [b69ec5bf] GET /api/v1/ic/task/bd51c91f-f302-4ed3-8e1e-cce52fcf20f1 - 200 - 0.001s
INFO     httpx:_client.py:1025 HTTP Request: GET http://testserver/api/v1/ic/task/bd51c91f-f302-4ed3-8e1e-cce52fcf20f1 "HTTP/1.1 200 OK"
___________ ERROR at setup of test_export_csv_detailed_factor_return ___________
tests/api/test_export_api.py:133: in export_task
    _wait_for_task(task_id)
tests/api/test_export_api.py:82: in _wait_for_task
    pytest.fail(f"task failed: {payload.get('error')}")
E   Failed: task failed: label horizon cannot be resolved from column: label
__________________ ERROR at setup of test_export_ai_json_200 ___________________
tests/api/test_export_api.py:133: in export_task
    _wait_for_task(task_id)
tests/api/test_export_api.py:82: in _wait_for_task
    pytest.fail(f"task failed: {payload.get('error')}")
E   Failed: task failed: label horizon cannot be resolved from column: label
__________________ ERROR at setup of test_export_markdown_200 __________________
tests/api/test_export_api.py:133: in export_task
    _wait_for_task(task_id)
tests/api/test_export_api.py:82: in _wait_for_task
    pytest.fail(f"task failed: {payload.get('error')}")
E   Failed: task failed: label horizon cannot be resolved from column: label
____________________ ERROR at setup of test_export_hdf5_200 ____________________
tests/api/test_export_api.py:133: in export_task
    _wait_for_task(task_id)
tests/api/test_export_api.py:82: in _wait_for_task
    pytest.fail(f"task failed: {payload.get('error')}")
E   Failed: task failed: label horizon cannot be resolved from column: label
_______________ ERROR at setup of test_export_invalid_format_422 _______________
tests/api/test_export_api.py:133: in export_task
    _wait_for_task(task_id)
tests/api/test_export_api.py:82: in _wait_for_task
    pytest.fail(f"task failed: {payload.get('error')}")
E   Failed: task failed: label horizon cannot be resolved from column: label
________ ERROR at setup of test_export_csv_detailed_without_module_422 _________
tests/api/test_export_api.py:133: in export_task
    _wait_for_task(task_id)
tests/api/test_export_api.py:82: in _wait_for_task
    pytest.fail(f"task failed: {payload.get('error')}")
E   Failed: task failed: label horizon cannot be resolved from column: label
=================================== FAILURES ===================================
_________________________ test_full_analysis_endpoint __________________________
tests/api/test_ic_deep_analysis.py:239: in test_full_analysis_endpoint
    _wait_for_task_completed(task_id)
tests/api/test_ic_deep_analysis.py:78: in _wait_for_task_completed
    pytest.fail(f"task failed: {data.get('error')}")
E   Failed: task failed: label horizon cannot be resolved from column: label
----------------------------- Captured stderr call -----------------------------
2026-07-11 23:02:13,287 - asyncio - DEBUG - Using selector: KqueueSelector
[2026-07-11 23:02:13,306] INFO momentum.Analysis.ic_config_schema: IC config loaded
2026-07-11 23:02:13,306 - momentum.Analysis.ic_config_schema - INFO - IC config loaded
2026-07-11 23:02:13,306 - api.ic_analysis_service - INFO - IC full analysis task started: 8593c431-9aa5-4590-a402-98d86ca94007
2026-07-11 23:02:13,307 - asyncio - DEBUG - Using selector: KqueueSelector
2026-07-11 23:02:13,309 - api.middleware.request - INFO - [37365b85] POST /api/v1/ic/full-analysis - 200 - 0.021s
2026-07-11 23:02:13,310 - api.ic_analysis_service - ERROR - IC full analysis task failed: label horizon cannot be resolved from column: label
Traceback (most recent call last):
  File "/Users/louis/Desktop/quantitative_trading_system/api/services/ic_analysis_service.py", line 787, in _run_full_analysis
    report = await asyncio.to_thread(
  File "/Library/Developer/CommandLineTools/Library/Frameworks/Python3.framework/Versions/3.9/lib/python3.9/asyncio/threads.py", line 25, in to_thread
    return await loop.run_in_executor(None, func_call)
  File "/Library/Developer/CommandLineTools/Library/Frameworks/Python3.framework/Versions/3.9/lib/python3.9/concurrent/futures/thread.py", line 52, in run
    result = self.fn(*self.args, **self.kwargs)
  File "/Users/louis/Desktop/quantitative_trading_system/momentum/Analysis/ic_filter_orchestrator.py", line 857, in analyze
    features_df, labels_df, metadata, stage0_log = self._stage0_ingestion(
  File "/Users/louis/Desktop/quantitative_trading_system/momentum/Analysis/ic_filter_orchestrator.py", line 2042, in _stage0_ingestion
    horizon = _resolve_label_horizon_from_column(str(label_series.name), active_config)
  File "/Users/louis/Desktop/quantitative_trading_system/momentum/Analysis/ic_filter_orchestrator.py", line 288, in _resolve_label_horizon_from_column
    raise InvalidInputError(f"label horizon cannot be resolved from column: {name}")
momentum.core.exceptions.InvalidInputError: label horizon cannot be resolved from column: label
2026-07-11 23:02:13,311 - httpx - INFO - HTTP Request: POST http://testserver/api/v1/ic/full-analysis "HTTP/1.1 200 OK"
2026-07-11 23:02:13,311 - asyncio - DEBUG - Using selector: KqueueSelector
2026-07-11 23:02:13,312 - api.middleware.request - INFO - [b89f594b] GET /api/v1/ic/task/8593c431-9aa5-4590-a402-98d86ca94007 - 200 - 0.001s
2026-07-11 23:02:13,313 - httpx - INFO - HTTP Request: GET http://testserver/api/v1/ic/task/8593c431-9aa5-4590-a402-98d86ca94007 "HTTP/1.1 200 OK"
------------------------------ Captured log call -------------------------------
DEBUG    asyncio:selector_events.py:59 Using selector: KqueueSelector
INFO     momentum.Analysis.ic_config_schema:ic_config_schema.py:437 IC config loaded
INFO     api.ic_analysis_service:ic_analysis_service.py:749 IC full analysis task started: 8593c431-9aa5-4590-a402-98d86ca94007
DEBUG    asyncio:selector_events.py:59 Using selector: KqueueSelector
INFO     api.middleware.request:middleware.py:64 [37365b85] POST /api/v1/ic/full-analysis - 200 - 0.021s
ERROR    api.ic_analysis_service:ic_analysis_service.py:838 IC full analysis task failed: label horizon cannot be resolved from column: label
Traceback (most recent call last):
  File "/Users/louis/Desktop/quantitative_trading_system/api/services/ic_analysis_service.py", line 787, in _run_full_analysis
    report = await asyncio.to_thread(
  File "/Library/Developer/CommandLineTools/Library/Frameworks/Python3.framework/Versions/3.9/lib/python3.9/asyncio/threads.py", line 25, in to_thread
    return await loop.run_in_executor(None, func_call)
  File "/Library/Developer/CommandLineTools/Library/Frameworks/Python3.framework/Versions/3.9/lib/python3.9/concurrent/futures/thread.py", line 52, in run
    result = self.fn(*self.args, **self.kwargs)
  File "/Users/louis/Desktop/quantitative_trading_system/momentum/Analysis/ic_filter_orchestrator.py", line 857, in analyze
    features_df, labels_df, metadata, stage0_log = self._stage0_ingestion(
  File "/Users/louis/Desktop/quantitative_trading_system/momentum/Analysis/ic_filter_orchestrator.py", line 2042, in _stage0_ingestion
    horizon = _resolve_label_horizon_from_column(str(label_series.name), active_config)
  File "/Users/louis/Desktop/quantitative_trading_system/momentum/Analysis/ic_filter_orchestrator.py", line 288, in _resolve_label_horizon_from_column
    raise InvalidInputError(f"label horizon cannot be resolved from column: {name}")
momentum.core.exceptions.InvalidInputError: label horizon cannot be resolved from column: label
INFO     httpx:_client.py:1025 HTTP Request: POST http://testserver/api/v1/ic/full-analysis "HTTP/1.1 200 OK"
DEBUG    asyncio:selector_events.py:59 Using selector: KqueueSelector
INFO     api.middleware.request:middleware.py:64 [b89f594b] GET /api/v1/ic/task/8593c431-9aa5-4590-a402-98d86ca94007 - 200 - 0.001s
INFO     httpx:_client.py:1025 HTTP Request: GET http://testserver/api/v1/ic/task/8593c431-9aa5-4590-a402-98d86ca94007 "HTTP/1.1 200 OK"
_________________ test_full_analysis_with_deep_analysis_config _________________
tests/api/test_ic_deep_analysis.py:274: in test_full_analysis_with_deep_analysis_config
    _wait_for_task_completed(task_id)
tests/api/test_ic_deep_analysis.py:78: in _wait_for_task_completed
    pytest.fail(f"task failed: {data.get('error')}")
E   Failed: task failed: label horizon cannot be resolved from column: label
----------------------------- Captured stderr call -----------------------------
2026-07-11 23:02:13,322 - asyncio - DEBUG - Using selector: KqueueSelector
[2026-07-11 23:02:13,338] INFO momentum.Analysis.ic_config_schema: IC config loaded
2026-07-11 23:02:13,338 - momentum.Analysis.ic_config_schema - INFO - IC config loaded
2026-07-11 23:02:13,338 - api.ic_analysis_service - INFO - IC full analysis task started: 0f27b121-f892-431e-a77a-a1a188f634f8
2026-07-11 23:02:13,338 - asyncio - DEBUG - Using selector: KqueueSelector
2026-07-11 23:02:13,341 - api.middleware.request - INFO - [6ca168b8] POST /api/v1/ic/full-analysis - 200 - 0.019s
2026-07-11 23:02:13,342 - api.ic_analysis_service - ERROR - IC full analysis task failed: label horizon cannot be resolved from column: label
Traceback (most recent call last):
  File "/Users/louis/Desktop/quantitative_trading_system/api/services/ic_analysis_service.py", line 787, in _run_full_analysis
    report = await asyncio.to_thread(
  File "/Library/Developer/CommandLineTools/Library/Frameworks/Python3.framework/Versions/3.9/lib/python3.9/asyncio/threads.py", line 25, in to_thread
    return await loop.run_in_executor(None, func_call)
  File "/Library/Developer/CommandLineTools/Library/Frameworks/Python3.framework/Versions/3.9/lib/python3.9/concurrent/futures/thread.py", line 52, in run
    result = self.fn(*self.args, **self.kwargs)
  File "/Users/louis/Desktop/quantitative_trading_system/momentum/Analysis/ic_filter_orchestrator.py", line 857, in analyze
    features_df, labels_df, metadata, stage0_log = self._stage0_ingestion(
  File "/Users/louis/Desktop/quantitative_trading_system/momentum/Analysis/ic_filter_orchestrator.py", line 2042, in _stage0_ingestion
    horizon = _resolve_label_horizon_from_column(str(label_series.name), active_config)
  File "/Users/louis/Desktop/quantitative_trading_system/momentum/Analysis/ic_filter_orchestrator.py", line 288, in _resolve_label_horizon_from_column
    raise InvalidInputError(f"label horizon cannot be resolved from column: {name}")
momentum.core.exceptions.InvalidInputError: label horizon cannot be resolved from column: label
2026-07-11 23:02:13,343 - httpx - INFO - HTTP Request: POST http://testserver/api/v1/ic/full-analysis "HTTP/1.1 200 OK"
2026-07-11 23:02:13,343 - asyncio - DEBUG - Using selector: KqueueSelector
2026-07-11 23:02:13,344 - api.middleware.request - INFO - [caa289a2] GET /api/v1/ic/task/0f27b121-f892-431e-a77a-a1a188f634f8 - 200 - 0.001s
2026-07-11 23:02:13,345 - httpx - INFO - HTTP Request: GET http://testserver/api/v1/ic/task/0f27b121-f892-431e-a77a-a1a188f634f8 "HTTP/1.1 200 OK"
------------------------------ Captured log call -------------------------------
DEBUG    asyncio:selector_events.py:59 Using selector: KqueueSelector
INFO     momentum.Analysis.ic_config_schema:ic_config_schema.py:437 IC config loaded
INFO     api.ic_analysis_service:ic_analysis_service.py:749 IC full analysis task started: 0f27b121-f892-431e-a77a-a1a188f634f8
DEBUG    asyncio:selector_events.py:59 Using selector: KqueueSelector
INFO     api.middleware.request:middleware.py:64 [6ca168b8] POST /api/v1/ic/full-analysis - 200 - 0.019s
ERROR    api.ic_analysis_service:ic_analysis_service.py:838 IC full analysis task failed: label horizon cannot be resolved from column: label
Traceback (most recent call last):
  File "/Users/louis/Desktop/quantitative_trading_system/api/services/ic_analysis_service.py", line 787, in _run_full_analysis
    report = await asyncio.to_thread(
  File "/Library/Developer/CommandLineTools/Library/Frameworks/Python3.framework/Versions/3.9/lib/python3.9/asyncio/threads.py", line 25, in to_thread
    return await loop.run_in_executor(None, func_call)
  File "/Library/Developer/CommandLineTools/Library/Frameworks/Python3.framework/Versions/3.9/lib/python3.9/concurrent/futures/thread.py", line 52, in run
    result = self.fn(*self.args, **self.kwargs)
  File "/Users/louis/Desktop/quantitative_trading_system/momentum/Analysis/ic_filter_orchestrator.py", line 857, in analyze
    features_df, labels_df, metadata, stage0_log = self._stage0_ingestion(
  File "/Users/louis/Desktop/quantitative_trading_system/momentum/Analysis/ic_filter_orchestrator.py", line 2042, in _stage0_ingestion
    horizon = _resolve_label_horizon_from_column(str(label_series.name), active_config)
  File "/Users/louis/Desktop/quantitative_trading_system/momentum/Analysis/ic_filter_orchestrator.py", line 288, in _resolve_label_horizon_from_column
    raise InvalidInputError(f"label horizon cannot be resolved from column: {name}")
momentum.core.exceptions.InvalidInputError: label horizon cannot be resolved from column: label
INFO     httpx:_client.py:1025 HTTP Request: POST http://testserver/api/v1/ic/full-analysis "HTTP/1.1 200 OK"
DEBUG    asyncio:selector_events.py:59 Using selector: KqueueSelector
INFO     api.middleware.request:middleware.py:64 [caa289a2] GET /api/v1/ic/task/0f27b121-f892-431e-a77a-a1a188f634f8 - 200 - 0.001s
INFO     httpx:_client.py:1025 HTTP Request: GET http://testserver/api/v1/ic/task/0f27b121-f892-431e-a77a-a1a188f634f8 "HTTP/1.1 200 OK"
______________________________ test_full_analysis ______________________________
tests/api/test_ic_deep_analysis.py:346: in test_full_analysis
    _wait_for_task_completed(task_id)
tests/api/test_ic_deep_analysis.py:78: in _wait_for_task_completed
    pytest.fail(f"task failed: {data.get('error')}")
E   Failed: task failed: label horizon cannot be resolved from column: label
----------------------------- Captured stderr call -----------------------------
2026-07-11 23:02:13,386 - asyncio - DEBUG - Using selector: KqueueSelector
[2026-07-11 23:02:13,403] INFO momentum.Analysis.ic_config_schema: IC config loaded
2026-07-11 23:02:13,403 - momentum.Analysis.ic_config_schema - INFO - IC config loaded
2026-07-11 23:02:13,403 - api.ic_analysis_service - INFO - IC full analysis task started: b8e04573-aca7-43b2-8d20-37a1c656af22
2026-07-11 23:02:13,403 - asyncio - DEBUG - Using selector: KqueueSelector
2026-07-11 23:02:13,405 - api.middleware.request - INFO - [877e44b5] POST /api/v1/ic/full-analysis - 200 - 0.018s
2026-07-11 23:02:13,407 - api.ic_analysis_service - ERROR - IC full analysis task failed: label horizon cannot be resolved from column: label
Traceback (most recent call last):
  File "/Users/louis/Desktop/quantitative_trading_system/api/services/ic_analysis_service.py", line 787, in _run_full_analysis
    report = await asyncio.to_thread(
  File "/Library/Developer/CommandLineTools/Library/Frameworks/Python3.framework/Versions/3.9/lib/python3.9/asyncio/threads.py", line 25, in to_thread
    return await loop.run_in_executor(None, func_call)
  File "/Library/Developer/CommandLineTools/Library/Frameworks/Python3.framework/Versions/3.9/lib/python3.9/concurrent/futures/thread.py", line 52, in run
    result = self.fn(*self.args, **self.kwargs)
  File "/Users/louis/Desktop/quantitative_trading_system/momentum/Analysis/ic_filter_orchestrator.py", line 857, in analyze
    features_df, labels_df, metadata, stage0_log = self._stage0_ingestion(
  File "/Users/louis/Desktop/quantitative_trading_system/momentum/Analysis/ic_filter_orchestrator.py", line 2042, in _stage0_ingestion
    horizon = _resolve_label_horizon_from_column(str(label_series.name), active_config)
  File "/Users/louis/Desktop/quantitative_trading_system/momentum/Analysis/ic_filter_orchestrator.py", line 288, in _resolve_label_horizon_from_column
    raise InvalidInputError(f"label horizon cannot be resolved from column: {name}")
momentum.core.exceptions.InvalidInputError: label horizon cannot be resolved from column: label
2026-07-11 23:02:13,408 - httpx - INFO - HTTP Request: POST http://testserver/api/v1/ic/full-analysis "HTTP/1.1 200 OK"
2026-07-11 23:02:13,408 - asyncio - DEBUG - Using selector: KqueueSelector
2026-07-11 23:02:13,409 - api.middleware.request - INFO - [4708aead] GET /api/v1/ic/task/b8e04573-aca7-43b2-8d20-37a1c656af22 - 200 - 0.001s
2026-07-11 23:02:13,410 - httpx - INFO - HTTP Request: GET http://testserver/api/v1/ic/task/b8e04573-aca7-43b2-8d20-37a1c656af22 "HTTP/1.1 200 OK"
------------------------------ Captured log call -------------------------------
DEBUG    asyncio:selector_events.py:59 Using selector: KqueueSelector
INFO     momentum.Analysis.ic_config_schema:ic_config_schema.py:437 IC config loaded
INFO     api.ic_analysis_service:ic_analysis_service.py:749 IC full analysis task started: b8e04573-aca7-43b2-8d20-37a1c656af22
DEBUG    asyncio:selector_events.py:59 Using selector: KqueueSelector
INFO     api.middleware.request:middleware.py:64 [877e44b5] POST /api/v1/ic/full-analysis - 200 - 0.018s
ERROR    api.ic_analysis_service:ic_analysis_service.py:838 IC full analysis task failed: label horizon cannot be resolved from column: label
Traceback (most recent call last):
  File "/Users/louis/Desktop/quantitative_trading_system/api/services/ic_analysis_service.py", line 787, in _run_full_analysis
    report = await asyncio.to_thread(
  File "/Library/Developer/CommandLineTools/Library/Frameworks/Python3.framework/Versions/3.9/lib/python3.9/asyncio/threads.py", line 25, in to_thread
    return await loop.run_in_executor(None, func_call)
  File "/Library/Developer/CommandLineTools/Library/Frameworks/Python3.framework/Versions/3.9/lib/python3.9/concurrent/futures/thread.py", line 52, in run
    result = self.fn(*self.args, **self.kwargs)
  File "/Users/louis/Desktop/quantitative_trading_system/momentum/Analysis/ic_filter_orchestrator.py", line 857, in analyze
    features_df, labels_df, metadata, stage0_log = self._stage0_ingestion(
  File "/Users/louis/Desktop/quantitative_trading_system/momentum/Analysis/ic_filter_orchestrator.py", line 2042, in _stage0_ingestion
    horizon = _resolve_label_horizon_from_column(str(label_series.name), active_config)
  File "/Users/louis/Desktop/quantitative_trading_system/momentum/Analysis/ic_filter_orchestrator.py", line 288, in _resolve_label_horizon_from_column
    raise InvalidInputError(f"label horizon cannot be resolved from column: {name}")
momentum.core.exceptions.InvalidInputError: label horizon cannot be resolved from column: label
INFO     httpx:_client.py:1025 HTTP Request: POST http://testserver/api/v1/ic/full-analysis "HTTP/1.1 200 OK"
DEBUG    asyncio:selector_events.py:59 Using selector: KqueueSelector
INFO     api.middleware.request:middleware.py:64 [4708aead] GET /api/v1/ic/task/b8e04573-aca7-43b2-8d20-37a1c656af22 - 200 - 0.001s
INFO     httpx:_client.py:1025 HTTP Request: GET http://testserver/api/v1/ic/task/b8e04573-aca7-43b2-8d20-37a1c656af22 "HTTP/1.1 200 OK"
=============================== warnings summary ===============================
venv/lib/python3.9/site-packages/joblib/_multiprocessing_helpers.py:44
  /Users/louis/Desktop/quantitative_trading_system/venv/lib/python3.9/site-packages/joblib/_multiprocessing_helpers.py:44: UserWarning: [Errno 1] Operation not permitted.  joblib will operate in serial mode
    warnings.warn("%s.  joblib will operate in serial mode" % (e,))

-- Docs: https://docs.pytest.org/en/stable/how-to/capture-warnings.html
=========================== short test summary info ============================
ERROR tests/api/test_ic_analysis_api.py::test_ic_task_status - Failed: task timeout
ERROR tests/api/test_ic_analysis_api.py::test_ic_result - Failed: task timeout
ERROR tests/api/test_ic_analysis_api.py::test_ic_summary - Failed: task timeout
ERROR tests/api/test_ic_analysis_api.py::test_ic_top_features - Failed: task timeout
ERROR tests/api/test_ic_analysis_api.py::test_ic_quantile_and_correlation - Failed: task timeout
ERROR tests/api/test_ic_analysis_api.py::test_ic_grouped - Failed: task timeout
ERROR tests/api/test_ic_analysis_api.py::test_ic_refilter - Failed: task timeout
ERROR tests/api/test_ic_analysis_api.py::test_ic_export_csv - Failed: task timeout
ERROR tests/api/test_ic_analysis_api.py::test_ic_export_hdf5 - Failed: task timeout
ERROR tests/api/test_ic_deep_analysis.py::test_start_deep_analysis_and_get_result - Failed: task failed: label horizon cannot be resolved from column: label
ERROR tests/api/test_ic_deep_analysis.py::test_deep_analysis_start - Failed: task failed: label horizon cannot be resolved from column: label
ERROR tests/api/test_ic_deep_analysis.py::test_deep_analysis_result - Failed: task failed: label horizon cannot be resolved from column: label
ERROR tests/api/test_ic_deep_analysis.py::test_deep_analysis_result_serializes_numpy_scalars - Failed: task failed: label horizon cannot be resolved from column: label
ERROR tests/api/test_export_api.py::test_export_csv_summary_200 - Failed: task failed: label horizon cannot be resolved from column: label
ERROR tests/api/test_export_api.py::test_export_csv_detailed_factor_return - Failed: task failed: label horizon cannot be resolved from column: label
ERROR tests/api/test_export_api.py::test_export_ai_json_200 - Failed: task failed: label horizon cannot be resolved from column: label
ERROR tests/api/test_export_api.py::test_export_markdown_200 - Failed: task failed: label horizon cannot be resolved from column: label
ERROR tests/api/test_export_api.py::test_export_hdf5_200 - Failed: task failed: label horizon cannot be resolved from column: label
ERROR tests/api/test_export_api.py::test_export_invalid_format_422 - Failed: task failed: label horizon cannot be resolved from column: label
ERROR tests/api/test_export_api.py::test_export_csv_detailed_without_module_422 - Failed: task failed: label horizon cannot be resolved from column: label
FAILED tests/api/test_ic_deep_analysis.py::test_full_analysis_endpoint - Failed: task failed: label horizon cannot be resolved from column: label
FAILED tests/api/test_ic_deep_analysis.py::test_full_analysis_with_deep_analysis_config - Failed: task failed: label horizon cannot be resolved from column: label
FAILED tests/api/test_ic_deep_analysis.py::test_full_analysis - Failed: task failed: label horizon cannot be resolved from column: label
============== 3 failed, 9 passed, 1 warning, 20 errors in 18.01s ==============
DIGEST_DIFF_EMPTY[V6]=1
NEW_RED[V6]:
(none)
V6_NO_NEW_RED=1
============================= test session starts ==============================
platform darwin -- Python 3.9.6, pytest-8.4.2, pluggy-1.6.0
rootdir: /Users/louis/Desktop/quantitative_trading_system
configfile: pytest.ini
plugins: asyncio-1.2.0, anyio-4.10.0, cov-7.0.0
asyncio: mode=strict, debug=False, asyncio_default_fixture_loop_scope=None, asyncio_default_test_loop_scope=function

----------------------------- live log collection ------------------------------
23:03:11 [WARNING] /Users/louis/.matplotlib is not a writable directory
23:03:11 [WARNING] Matplotlib created a temporary cache directory at /var/folders/_c/3xdf41hd3tvgxpx63mrml2c00000gn/T/matplotlib-_udtsj9e because there was an issue with the default path (/Users/louis/.matplotlib); it is highly recommended to set the MPLCONFIGDIR environment variable to a writable directory, in particular to speed up the import of Matplotlib and to better support multiprocessing.
collected 141 items

tests/test_feature_factory_e2e.py::test_standard_preset_btcusdt 
-------------------------------- live log setup --------------------------------
23:03:11 [INFO] Loaded feature registry with 11 entries
23:03:11 [INFO] KlineStorageManager initialized: /Users/louis/Desktop/quantitative_trading_system/data_cache/feature_klines/kline_cache.h5
23:03:11 [INFO] Registered adapter: crypto_spot
23:03:11 [INFO] Loaded feature registry with 11 entries
23:03:12 [INFO] CGSA stats (tier=8gb): sync_cap=200 q_sample=1500 warmup_workers=2
23:03:12 [INFO] Restored 9 persisted feature task(s) from disk
23:03:12 [INFO] 所有中間件已設置完成
23:03:12 [INFO] 異常處理器設置完成
23:03:12 [INFO] StandaloneSearchService initialized - momentum modules will be loaded on demand
23:03:12 [INFO] CaseStorageManager initialized (persistent=True, json_path=/Users/louis/Desktop/quantitative_trading_system/data_cache/cases.json, cases=0)
23:03:12 [INFO] Created global CaseStorageManager instance
23:03:12 [INFO] CaseImportService initialized
23:03:12 [INFO] Created global CaseImportService instance with shared storage
23:03:12 [INFO] KlineStorageManager initialized: /Users/louis/Desktop/quantitative_trading_system/data_cache/kline_cache.h5
23:03:12 [INFO] KlineDownloadService initialized
23:03:12 [INFO] Rate limiter initialized: 1000 req/min
23:03:12 [INFO] BinanceProvider initialized
23:03:12 [INFO] Registered provider: binance (rate_limit=1000/min)
23:03:12 [INFO] Registered BinanceProvider to KlineDownloadService
23:03:12 [INFO] BatchDownloadService initialized
23:03:12 [INFO] Created global BatchDownloadService instance with shared storage
23:03:12 [INFO] KlineStorageManager initialized: data_cache/kline_cache.h5
23:03:12 [INFO] KlineDownloadService initialized
23:03:12 [INFO] Rate limiter initialized: 1000 req/min
23:03:12 [INFO] BinanceProvider initialized
23:03:12 [INFO] Registered provider: binance (rate_limit=1000/min)
23:03:12 [INFO] KlineStorageManager initialized: data_cache/kline_cache.h5
23:03:12 [INFO] IndicatorEngine initialized
23:03:12 [INFO] ChartDataService initialized with IndicatorEngine
23:03:12 [INFO] OptimizationTaskService initialized
23:03:12 [INFO] Loaded feature registry with 11 entries
23:03:12 [INFO] Loaded feature registry with 11 entries
23:03:13 [INFO] Loaded feature registry with 11 entries
23:03:13 [INFO] Loaded feature registry with 11 entries
23:03:13 [INFO] WebSocketConnectionManager initialized
23:03:13 [INFO] All API routes registered successfully
-------------------------------- live log call ---------------------------------
23:03:13 [INFO] KlineStorageManager initialized: data_cache/kline_cache.h5
23:03:13 [WARNING] Dataset BTCUSDT/12h not available in storage or legacy cache
SKIPPED (missing data for BTCUSDT/12h)                                   [  0%]
tests/test_feature_factory_e2e.py::test_minimal_preset 
-------------------------------- live log call ---------------------------------
23:03:13 [INFO] KlineStorageManager initialized: data_cache/kline_cache.h5
23:03:13 [WARNING] Dataset BTCUSDT/12h not available in storage or legacy cache
SKIPPED (missing data for BTCUSDT/12h)                                   [  1%]
tests/test_feature_factory_e2e.py::test_multi_data_source 
-------------------------------- live log call ---------------------------------
23:03:13 [INFO] KlineStorageManager initialized: data_cache/kline_cache.h5
23:03:13 [WARNING] Dataset BTCUSDT/12h not available in storage or legacy cache
SKIPPED (missing data for BTCUSDT/12h)                                   [  2%]
tests/test_feature_factory_e2e.py::test_multi_timeframe_alignment 
-------------------------------- live log call ---------------------------------
23:03:13 [INFO] KlineStorageManager initialized: data_cache/kline_cache.h5
23:03:13 [WARNING] Dataset BTCUSDT/1h not available in storage or legacy cache
SKIPPED (missing multi-timeframe data)                                   [  2%]
tests/test_feature_factory_e2e.py::test_user_override_rsi_period 
-------------------------------- live log call ---------------------------------
23:03:13 [INFO] KlineStorageManager initialized: data_cache/kline_cache.h5
23:03:13 [WARNING] Dataset BTCUSDT/12h not available in storage or legacy cache
SKIPPED (missing data for BTCUSDT/12h)                                   [  3%]
tests/test_feature_factory_e2e.py::test_no_future_leak_alignment_check 
-------------------------------- live log call ---------------------------------
23:03:13 [INFO] KlineStorageManager initialized: data_cache/kline_cache.h5
23:03:13 [WARNING] Dataset BTCUSDT/12h not available in storage or legacy cache
SKIPPED (missing data for BTCUSDT/12h)                                   [  4%]
tests/test_feature_factory_e2e.py::test_naming_convention_basic 
-------------------------------- live log call ---------------------------------
23:03:13 [INFO] KlineStorageManager initialized: data_cache/kline_cache.h5
23:03:13 [WARNING] Dataset BTCUSDT/12h not available in storage or legacy cache
SKIPPED (missing data for BTCUSDT/12h)                                   [  4%]
tests/test_feature_factory_e2e.py::test_metadata_completeness 
-------------------------------- live log call ---------------------------------
23:03:13 [INFO] KlineStorageManager initialized: data_cache/kline_cache.h5
23:03:13 [WARNING] Dataset BTCUSDT/12h not available in storage or legacy cache
SKIPPED (missing data for BTCUSDT/12h)                                   [  5%]
tests/momentum/Analysis/test_lightgbm_analyzer.py::test_train_model_returns_model_performance 
-------------------------------- live log call ---------------------------------
23:03:13 [INFO] 開始訓練 LightGBM 模型 - 樣本數: 220, 特徵數: 12
23:03:13 [INFO] 標籤分佈: {0: 110, 1: 110}
23:03:13 [INFO] 訓練集: 176 樣本, 驗證集: 44 樣本
23:03:13 [INFO] 開始交叉驗證 - 3-fold CV
23:03:13 [INFO] Fold 1/3 - AUC: 0.9693, Precision: 0.8974, Recall: 0.9459, F1: 0.9211
23:03:13 [INFO] Fold 2/3 - AUC: 0.9245, Precision: 0.8182, Recall: 0.7297, F1: 0.7714
23:03:13 [INFO] Fold 3/3 - AUC: 0.9388, Precision: 0.9375, Recall: 0.8333, F1: 0.8824
23:03:13 [INFO] 校準指標 - Brier: 0.0982, ECE: 0.2075, 品質: poor
23:03:13 [WARNING] 校準品質偏低，建議重新調整模型或做機率校準
23:03:13 [INFO] 交叉驗證完成 - Train AUC: 0.9839, CV AUC: 0.9442 ± 0.0187, Overfitting: 0.0397
23:03:13 [INFO] 訓練完成 - Train AUC: 0.9839, CV AUC: 0.9442 ± 0.0187
PASSED                                                                   [  6%]
tests/momentum/Analysis/test_lightgbm_analyzer.py::test_train_with_purged_cv_smoke 
-------------------------------- live log call ---------------------------------
23:03:13 [INFO] 開始訓練 LightGBM 模型 - 樣本數: 220, 特徵數: 12
23:03:13 [INFO] 標籤分佈: {0: 110, 1: 110}
23:03:13 [INFO] 訓練集: 176 樣本, 驗證集: 44 樣本
23:03:13 [INFO] 開始交叉驗證 - 3-fold CV
23:03:13 [INFO] Fold 1/3 - 訓練: 55 → 53 (purge: -2), 驗證: 55 → 55
23:03:13 [INFO] Fold 1/3 - AUC: 0.8700, Precision: 0.8571, Recall: 0.6207, F1: 0.7200
23:03:13 [INFO] Fold 2/3 - 訓練: 110 → 108 (purge: -2), 驗證: 55 → 55
23:03:13 [INFO] Fold 2/3 - AUC: 0.9610, Precision: 0.8696, Recall: 0.8333, F1: 0.8511
23:03:13 [INFO] Fold 3/3 - 訓練: 165 → 163 (purge: -2), 驗證: 55 → 55
23:03:13 [INFO] Fold 3/3 - AUC: 0.9677, Precision: 1.0000, Recall: 0.8065, F1: 0.8929
23:03:13 [INFO] 校準指標 - Brier: 0.1915, ECE: 0.3262, 品質: poor
23:03:13 [WARNING] 校準品質偏低，建議重新調整模型或做機率校準
23:03:13 [INFO] 交叉驗證完成 - Train AUC: 0.9817, CV AUC: 0.9329 ± 0.0446, Overfitting: 0.0488
23:03:13 [INFO] 訓練完成 - Train AUC: 0.9817, CV AUC: 0.9329 ± 0.0446
PASSED                                                                   [  7%]
tests/momentum/Analysis/test_lightgbm_analyzer.py::test_validate_oot_returns_status 
-------------------------------- live log call ---------------------------------
23:03:13 [INFO] 開始訓練 LightGBM 模型 - 樣本數: 220, 特徵數: 12
23:03:13 [INFO] 標籤分佈: {0: 110, 1: 110}
23:03:13 [INFO] 訓練集: 176 樣本, 驗證集: 44 樣本
23:03:13 [INFO] 開始交叉驗證 - 3-fold CV
23:03:13 [INFO] Fold 1/3 - AUC: 0.9638, Precision: 0.8857, Recall: 0.8378, F1: 0.8611
23:03:13 [INFO] Fold 2/3 - AUC: 0.8855, Precision: 0.8065, Recall: 0.6757, F1: 0.7353
23:03:13 [INFO] Fold 3/3 - AUC: 0.9418, Precision: 0.8333, Recall: 0.8333, F1: 0.8333
23:03:13 [INFO] 校準指標 - Brier: 0.1629, ECE: 0.2778, 品質: poor
23:03:13 [WARNING] 校準品質偏低，建議重新調整模型或做機率校準
23:03:13 [INFO] 交叉驗證完成 - Train AUC: 0.9731, CV AUC: 0.9304 ± 0.0330, Overfitting: 0.0428
23:03:13 [INFO] 訓練完成 - Train AUC: 0.9731, CV AUC: 0.9304 ± 0.0330
PASSED                                                                   [  7%]
tests/momentum/Analysis/test_lightgbm_analyzer.py::test_validate_oot_single_class_returns_none_auc 
-------------------------------- live log call ---------------------------------
23:03:13 [INFO] 開始訓練 LightGBM 模型 - 樣本數: 220, 特徵數: 12
23:03:13 [INFO] 標籤分佈: {0: 110, 1: 110}
23:03:13 [INFO] 訓練集: 176 樣本, 驗證集: 44 樣本
23:03:13 [INFO] 開始交叉驗證 - 3-fold CV
23:03:13 [INFO] Fold 1/3 - AUC: 0.9638, Precision: 0.8857, Recall: 0.8378, F1: 0.8611
23:03:13 [INFO] Fold 2/3 - AUC: 0.8855, Precision: 0.8065, Recall: 0.6757, F1: 0.7353
23:03:13 [INFO] Fold 3/3 - AUC: 0.9418, Precision: 0.8333, Recall: 0.8333, F1: 0.8333
23:03:13 [INFO] 校準指標 - Brier: 0.1629, ECE: 0.2778, 品質: poor
23:03:13 [WARNING] 校準品質偏低，建議重新調整模型或做機率校準
23:03:13 [INFO] 交叉驗證完成 - Train AUC: 0.9731, CV AUC: 0.9304 ± 0.0330, Overfitting: 0.0428
23:03:13 [INFO] 訓練完成 - Train AUC: 0.9731, CV AUC: 0.9304 ± 0.0330
23:03:13 [WARNING] OOT 樣本數不足 50
23:03:13 [WARNING] OOT 標籤只有單一類別，無法計算 AUC
PASSED                                                                   [  8%]
tests/momentum/Analysis/test_lightgbm_analyzer.py::test_predict_and_predictions_output 
-------------------------------- live log setup --------------------------------
23:03:13 [INFO] 開始訓練 LightGBM 模型 - 樣本數: 220, 特徵數: 12
23:03:13 [INFO] 標籤分佈: {0: 110, 1: 110}
23:03:13 [INFO] 訓練集: 176 樣本, 驗證集: 44 樣本
23:03:13 [INFO] 開始交叉驗證 - 3-fold CV
23:03:13 [INFO] Fold 1/3 - AUC: 0.9752, Precision: 0.9167, Recall: 0.8919, F1: 0.9041
23:03:13 [INFO] Fold 2/3 - AUC: 0.8968, Precision: 0.8125, Recall: 0.7027, F1: 0.7536
23:03:13 [INFO] Fold 3/3 - AUC: 0.9441, Precision: 0.9091, Recall: 0.8333, F1: 0.8696
23:03:13 [INFO] 校準指標 - Brier: 0.1117, ECE: 0.2241, 品質: poor
23:03:13 [WARNING] 校準品質偏低，建議重新調整模型或做機率校準
23:03:13 [INFO] 交叉驗證完成 - Train AUC: 0.9798, CV AUC: 0.9387 ± 0.0322, Overfitting: 0.0411
23:03:13 [INFO] 訓練完成 - Train AUC: 0.9798, CV AUC: 0.9387 ± 0.0322
PASSED                                                                   [  9%]
tests/momentum/Analysis/test_lightgbm_analyzer.py::test_feature_importance_methods PASSED [  9%]
tests/momentum/Analysis/test_lightgbm_analyzer.py::test_permutation_and_fold_stability PASSED [ 10%]
tests/momentum/Analysis/test_lightgbm_analyzer.py::test_precision_at_k_and_pr_metrics PASSED [ 11%]
tests/momentum/Analysis/test_lightgbm_analyzer.py::test_recommend_k_returns_dict PASSED [ 12%]
tests/momentum/Analysis/test_lightgbm_analyzer.py::test_shap_methods_smoke 
-------------------------------- live log call ---------------------------------
23:03:18 [WARNING] Matplotlib is building the font cache; this may take a moment.
23:03:26 [INFO] Failed to extract font properties from /System/Library/Fonts/LastResort.otf: tuple indices must be integers or slices, not str
23:03:26 [INFO] Failed to extract font properties from /System/Library/PrivateFrameworks/FontServices.framework/Resources/Reserved/PingFangUI.ttc: In FT2Font: Can not load face (locations (loca) table missing; error code 0x90)
23:03:26 [INFO] Failed to extract font properties from /System/Library/Fonts/SFIndia.ttc: In FT2Font: Can not load face (SFNT font table missing; error code 0x8e)
23:03:26 [INFO] Failed to extract font properties from /System/Library/Fonts/Apple Color Emoji.ttc: In FT2Font: Could not set the fontsize (invalid pixel size; error code 0x17)
23:03:26 [INFO] Failed to extract font properties from /System/Library/Fonts/Supplemental/NISC18030.ttf: In FT2Font: Could not set the fontsize (invalid pixel size; error code 0x17)
23:03:26 [INFO] generated new fontManager
23:03:27 [INFO] SHAP 全局分析完成 - 樣本數: 20, 特徵數: 12
23:03:27 [INFO] SHAP 單案例分析完成
PASSED                                                                   [ 12%]
tests/momentum/Analysis/test_lightgbm_analyzer.py::test_save_and_load_roundtrip 
-------------------------------- live log call ---------------------------------
23:03:27 [INFO] LightGBM 模型已儲存: /private/var/folders/_c/3xdf41hd3tvgxpx63mrml2c00000gn/T/pytest-of-louis/pytest-456/ic_redirect0/models/test_lightgbm_roundtrip.pkl
PASSED                                                                   [ 13%]
tests/momentum/Analysis/test_lightgbm_analyzer.py::test_train_input_empty_y_and_invalid_eval_size PASSED [ 14%]
tests/momentum/Analysis/test_lightgbm_analyzer.py::test_train_numpy_feature_mismatch_and_missing_names PASSED [ 14%]
tests/momentum/Analysis/test_lightgbm_analyzer.py::test_train_with_custom_params_and_categorical_branch 
-------------------------------- live log call ---------------------------------
23:03:27 [INFO] 開始訓練 LightGBM 模型 - 樣本數: 220, 特徵數: 12
23:03:27 [INFO] 標籤分佈: {0: 110, 1: 110}
23:03:27 [INFO] 訓練集: 176 樣本, 驗證集: 44 樣本
23:03:27 [INFO] 開始交叉驗證 - 3-fold CV
23:03:27 [INFO] Fold 1/3 - AUC: 0.9518, Precision: 0.8421, Recall: 0.8649, F1: 0.8533
23:03:27 [INFO] Fold 2/3 - AUC: 0.8848, Precision: 0.8065, Recall: 0.6757, F1: 0.7353
23:03:27 [INFO] Fold 3/3 - AUC: 0.9253, Precision: 0.9091, Recall: 0.8333, F1: 0.8696
23:03:27 [INFO] 校準指標 - Brier: 0.1629, ECE: 0.2778, 品質: poor
23:03:27 [WARNING] 校準品質偏低，建議重新調整模型或做機率校準
23:03:27 [INFO] 交叉驗證完成 - Train AUC: 0.9731, CV AUC: 0.9206 ± 0.0276, Overfitting: 0.0525
23:03:27 [INFO] 訓練完成 - Train AUC: 0.9731, CV AUC: 0.9206 ± 0.0276
PASSED                                                                   [ 15%]
tests/momentum/Analysis/test_lightgbm_analyzer.py::test_time_series_split_invalid_branches PASSED [ 16%]
tests/momentum/Analysis/test_lightgbm_analyzer.py::test_validate_model_time_series_with_timestamps 
-------------------------------- live log call ---------------------------------
23:03:27 [INFO] 開始訓練 LightGBM 模型 - 樣本數: 220, 特徵數: 12
23:03:27 [INFO] 標籤分佈: {0: 110, 1: 110}
23:03:27 [INFO] 訓練集: 176 樣本, 驗證集: 44 樣本
23:03:27 [INFO] 開始交叉驗證 - 3-fold CV
23:03:27 [INFO] Fold 1/3 - AUC: 0.9719, Precision: 0.8857, Recall: 0.8378, F1: 0.8611
23:03:27 [INFO] Fold 2/3 - AUC: 0.8645, Precision: 0.7931, Recall: 0.6216, F1: 0.6970
23:03:27 [INFO] Fold 3/3 - AUC: 0.9456, Precision: 0.9375, Recall: 0.8333, F1: 0.8824
23:03:27 [INFO] 校準指標 - Brier: 0.1732, ECE: 0.2638, 品質: poor
23:03:27 [WARNING] 校準品質偏低，建議重新調整模型或做機率校準
23:03:27 [INFO] 交叉驗證完成 - Train AUC: 0.9665, CV AUC: 0.9273 ± 0.0457, Overfitting: 0.0392
23:03:27 [INFO] 訓練完成 - Train AUC: 0.9665, CV AUC: 0.9273 ± 0.0457
23:03:27 [INFO] 開始交叉驗證 - 3-fold CV
23:03:27 [INFO] Fold 1/3 - 訓練: 55 → 54 (purge: -1), 驗證: 55 → 55
23:03:27 [INFO] Fold 1/3 - AUC: 0.8694, Precision: 1.0000, Recall: 0.1724, F1: 0.2941
23:03:27 [INFO] Fold 2/3 - 訓練: 110 → 109 (purge: -1), 驗證: 55 → 55
23:03:27 [INFO] Fold 2/3 - AUC: 0.8931, Precision: 0.7407, Recall: 0.8333, F1: 0.7843
23:03:27 [INFO] Fold 3/3 - 訓練: 165 → 164 (purge: -1), 驗證: 55 → 55
23:03:27 [INFO] Fold 3/3 - AUC: 0.9603, Precision: 0.9583, Recall: 0.7419, F1: 0.8364
23:03:27 [INFO] 校準指標 - Brier: 0.1732, ECE: 0.2638, 品質: poor
23:03:27 [WARNING] 校準品質偏低，建議重新調整模型或做機率校準
23:03:27 [INFO] 交叉驗證完成 - Train AUC: 0.9665, CV AUC: 0.9076 ± 0.0385, Overfitting: 0.0589
PASSED                                                                   [ 17%]
tests/momentum/Analysis/test_lightgbm_analyzer.py::test_validate_oot_error_and_severe_branch 
-------------------------------- live log call ---------------------------------
23:03:27 [INFO] 開始訓練 LightGBM 模型 - 樣本數: 220, 特徵數: 12
23:03:27 [INFO] 標籤分佈: {0: 110, 1: 110}
23:03:27 [INFO] 訓練集: 176 樣本, 驗證集: 44 樣本
23:03:27 [INFO] 開始交叉驗證 - 3-fold CV
23:03:27 [INFO] Fold 1/3 - AUC: 0.9719, Precision: 0.8857, Recall: 0.8378, F1: 0.8611
23:03:27 [INFO] Fold 2/3 - AUC: 0.8645, Precision: 0.7931, Recall: 0.6216, F1: 0.6970
23:03:27 [INFO] Fold 3/3 - AUC: 0.9456, Precision: 0.9375, Recall: 0.8333, F1: 0.8824
23:03:27 [INFO] 校準指標 - Brier: 0.1732, ECE: 0.2638, 品質: poor
23:03:27 [WARNING] 校準品質偏低，建議重新調整模型或做機率校準
23:03:27 [INFO] 交叉驗證完成 - Train AUC: 0.9665, CV AUC: 0.9273 ± 0.0457, Overfitting: 0.0392
23:03:27 [INFO] 訓練完成 - Train AUC: 0.9665, CV AUC: 0.9273 ± 0.0457
PASSED                                                                   [ 17%]
tests/momentum/Analysis/test_lightgbm_analyzer.py::test_feature_importance_invalid_method_and_length_mismatch PASSED [ 18%]
tests/momentum/Analysis/test_lightgbm_analyzer.py::test_predict_related_error_branches 
-------------------------------- live log call ---------------------------------
23:03:27 [INFO] 開始訓練 LightGBM 模型 - 樣本數: 220, 特徵數: 12
23:03:27 [INFO] 標籤分佈: {0: 110, 1: 110}
23:03:27 [INFO] 訓練集: 176 樣本, 驗證集: 44 樣本
23:03:27 [INFO] 開始交叉驗證 - 3-fold CV
23:03:27 [INFO] Fold 1/3 - AUC: 0.9719, Precision: 0.8857, Recall: 0.8378, F1: 0.8611
23:03:27 [INFO] Fold 2/3 - AUC: 0.8645, Precision: 0.7931, Recall: 0.6216, F1: 0.6970
23:03:27 [INFO] Fold 3/3 - AUC: 0.9456, Precision: 0.9375, Recall: 0.8333, F1: 0.8824
23:03:27 [INFO] 校準指標 - Brier: 0.1732, ECE: 0.2638, 品質: poor
23:03:27 [WARNING] 校準品質偏低，建議重新調整模型或做機率校準
23:03:27 [INFO] 交叉驗證完成 - Train AUC: 0.9665, CV AUC: 0.9273 ± 0.0457, Overfitting: 0.0392
23:03:27 [INFO] 訓練完成 - Train AUC: 0.9665, CV AUC: 0.9273 ± 0.0457
PASSED                                                                   [ 19%]
tests/momentum/Analysis/test_lightgbm_analyzer.py::test_explain_single_case_without_feature_names_branch 
-------------------------------- live log call ---------------------------------
23:03:27 [INFO] 開始訓練 LightGBM 模型 - 樣本數: 220, 特徵數: 12
23:03:27 [INFO] 標籤分佈: {0: 110, 1: 110}
23:03:27 [INFO] 訓練集: 176 樣本, 驗證集: 44 樣本
23:03:27 [INFO] 開始交叉驗證 - 3-fold CV
23:03:27 [INFO] Fold 1/3 - AUC: 0.9719, Precision: 0.8857, Recall: 0.8378, F1: 0.8611
23:03:27 [INFO] Fold 2/3 - AUC: 0.8645, Precision: 0.7931, Recall: 0.6216, F1: 0.6970
23:03:27 [INFO] Fold 3/3 - AUC: 0.9456, Precision: 0.9375, Recall: 0.8333, F1: 0.8824
23:03:27 [INFO] 校準指標 - Brier: 0.1732, ECE: 0.2638, 品質: poor
23:03:27 [WARNING] 校準品質偏低，建議重新調整模型或做機率校準
23:03:27 [INFO] 交叉驗證完成 - Train AUC: 0.9665, CV AUC: 0.9273 ± 0.0457, Overfitting: 0.0392
23:03:27 [INFO] 訓練完成 - Train AUC: 0.9665, CV AUC: 0.9273 ± 0.0457
PASSED                                                                   [ 19%]
tests/momentum/Analysis/test_lightgbm_analyzer.py::test_save_load_format_error_branches FAILED [ 20%]
tests/momentum/Analysis/test_lightgbm_edge_cases.py::test_d1_empty_x_raises[lightgbm] PASSED [ 21%]
tests/momentum/Analysis/test_lightgbm_edge_cases.py::test_d1_empty_x_raises[xgboost] 
-------------------------------- live log call ---------------------------------
23:03:27 [INFO] 開始訓練 XGBoost 模型 - 樣本數: 0, 特徵數: 0
PASSED                                                                   [ 21%]
tests/momentum/Analysis/test_lightgbm_edge_cases.py::test_d2_d3_single_class_labels_raise[0-lightgbm] PASSED [ 22%]
tests/momentum/Analysis/test_lightgbm_edge_cases.py::test_d2_d3_single_class_labels_raise[0-xgboost] 
-------------------------------- live log call ---------------------------------
23:03:27 [INFO] 開始訓練 XGBoost 模型 - 樣本數: 120, 特徵數: 8
23:03:27 [INFO] 標籤分佈: {0: 120}
PASSED                                                                   [ 23%]
tests/momentum/Analysis/test_lightgbm_edge_cases.py::test_d2_d3_single_class_labels_raise[1-lightgbm] PASSED [ 24%]
tests/momentum/Analysis/test_lightgbm_edge_cases.py::test_d2_d3_single_class_labels_raise[1-xgboost] 
-------------------------------- live log call ---------------------------------
23:03:27 [INFO] 開始訓練 XGBoost 模型 - 樣本數: 120, 特徵數: 8
23:03:27 [INFO] 標籤分佈: {1: 120}
PASSED                                                                   [ 24%]
tests/momentum/Analysis/test_lightgbm_edge_cases.py::test_d4_length_mismatch_raises[lightgbm] PASSED [ 25%]
tests/momentum/Analysis/test_lightgbm_edge_cases.py::test_d4_length_mismatch_raises[xgboost] 
-------------------------------- live log call ---------------------------------
23:03:27 [INFO] 開始訓練 XGBoost 模型 - 樣本數: 119, 特徵數: 8
PASSED                                                                   [ 26%]
tests/momentum/Analysis/test_lightgbm_edge_cases.py::test_d5_nan_input_trainable[lightgbm] 
-------------------------------- live log call ---------------------------------
23:03:27 [INFO] 開始訓練 LightGBM 模型 - 樣本數: 120, 特徵數: 8
23:03:27 [INFO] 標籤分佈: {0: 60, 1: 60}
23:03:27 [INFO] 訓練集: 96 樣本, 驗證集: 24 樣本
23:03:27 [INFO] 開始交叉驗證 - 3-fold CV
23:03:27 [INFO] Fold 1/3 - AUC: 0.9725, Precision: 0.8696, Recall: 1.0000, F1: 0.9302
23:03:27 [INFO] Fold 2/3 - AUC: 0.9763, Precision: 0.9444, Recall: 0.8500, F1: 0.8947
23:03:27 [INFO] Fold 3/3 - AUC: 0.9563, Precision: 0.9000, Recall: 0.9000, F1: 0.9000
23:03:27 [INFO] 校準指標 - Brier: 0.1633, ECE: 0.3720, 品質: poor
23:03:27 [WARNING] 校準品質偏低，建議重新調整模型或做機率校準
23:03:27 [INFO] 交叉驗證完成 - Train AUC: 0.9867, CV AUC: 0.9683 ± 0.0087, Overfitting: 0.0183
23:03:27 [INFO] 訓練完成 - Train AUC: 0.9867, CV AUC: 0.9683 ± 0.0087
PASSED                                                                   [ 26%]
tests/momentum/Analysis/test_lightgbm_edge_cases.py::test_d5_nan_input_trainable[xgboost] 
-------------------------------- live log call ---------------------------------
23:03:27 [INFO] 開始訓練 XGBoost 模型 - 樣本數: 120, 特徵數: 8
23:03:27 [INFO] 標籤分佈: {0: 60, 1: 60}
23:03:27 [INFO] 訓練集: 96 樣本, 驗證集: 24 樣本
23:03:27 [INFO] 開始交叉驗證 - 3-fold CV
23:03:27 [INFO] Fold 1/3 - AUC: 0.9875, Precision: 0.9091, Recall: 1.0000, F1: 0.9524
23:03:27 [INFO] Fold 2/3 - AUC: 0.9925, Precision: 1.0000, Recall: 0.8500, F1: 0.9189
23:03:27 [INFO] Fold 3/3 - AUC: 0.9575, Precision: 0.8636, Recall: 0.9500, F1: 0.9048
23:03:27 [INFO] 校準指標 - Brier: 0.1332, ECE: 0.3011, 品質: poor
23:03:27 [WARNING] 校準品質偏低，建議重新調整模型或做機率校準
23:03:27 [INFO] 交叉驗證完成 - Train AUC: 0.9914, CV AUC: 0.9792 ± 0.0155, Overfitting: 0.0122
23:03:27 [INFO] 訓練完成 - Train AUC: 0.9922, CV AUC: 0.9792 ± 0.0155
PASSED                                                                   [ 27%]
tests/momentum/Analysis/test_lightgbm_edge_cases.py::test_d6_inf_input_raises[lightgbm] PASSED [ 28%]
tests/momentum/Analysis/test_lightgbm_edge_cases.py::test_d6_inf_input_raises[xgboost] 
-------------------------------- live log call ---------------------------------
23:03:27 [INFO] 開始訓練 XGBoost 模型 - 樣本數: 120, 特徵數: 8
23:03:27 [INFO] 標籤分佈: {0: 60, 1: 60}
23:03:27 [INFO] 訓練集: 96 樣本, 驗證集: 24 樣本
PASSED                                                                   [ 29%]
tests/momentum/Analysis/test_lightgbm_edge_cases.py::test_d7_single_feature_trainable[lightgbm] 
-------------------------------- live log call ---------------------------------
23:03:27 [INFO] 開始訓練 LightGBM 模型 - 樣本數: 120, 特徵數: 1
23:03:27 [INFO] 標籤分佈: {0: 60, 1: 60}
23:03:27 [INFO] 訓練集: 96 樣本, 驗證集: 24 樣本
23:03:27 [INFO] 開始交叉驗證 - 3-fold CV
23:03:27 [INFO] Fold 1/3 - AUC: 0.9975, Precision: 0.9524, Recall: 1.0000, F1: 0.9756
23:03:27 [INFO] Fold 2/3 - AUC: 1.0000, Precision: 1.0000, Recall: 1.0000, F1: 1.0000
23:03:27 [INFO] Fold 3/3 - AUC: 1.0000, Precision: 1.0000, Recall: 1.0000, F1: 1.0000
23:03:27 [INFO] 校準指標 - Brier: 0.2291, ECE: 0.4700, 品質: poor
23:03:27 [WARNING] 校準品質偏低，建議重新調整模型或做機率校準
23:03:27 [INFO] 交叉驗證完成 - Train AUC: 0.9917, CV AUC: 0.9992 ± 0.0012, Overfitting: -0.0075
23:03:27 [INFO] 訓練完成 - Train AUC: 0.9917, CV AUC: 0.9992 ± 0.0012
PASSED                                                                   [ 29%]
tests/momentum/Analysis/test_lightgbm_edge_cases.py::test_d7_single_feature_trainable[xgboost] 
-------------------------------- live log call ---------------------------------
23:03:27 [INFO] 開始訓練 XGBoost 模型 - 樣本數: 120, 特徵數: 1
23:03:27 [INFO] 標籤分佈: {0: 60, 1: 60}
23:03:27 [INFO] 訓練集: 96 樣本, 驗證集: 24 樣本
23:03:27 [INFO] 開始交叉驗證 - 3-fold CV
23:03:27 [INFO] Fold 1/3 - AUC: 0.9975, Precision: 1.0000, Recall: 0.9000, F1: 0.9474
23:03:27 [INFO] Fold 2/3 - AUC: 1.0000, Precision: 1.0000, Recall: 1.0000, F1: 1.0000
23:03:27 [INFO] Fold 3/3 - AUC: 1.0000, Precision: 1.0000, Recall: 1.0000, F1: 1.0000
23:03:27 [INFO] 校準指標 - Brier: 0.2280, ECE: 0.4775, 品質: poor
23:03:27 [WARNING] 校準品質偏低，建議重新調整模型或做機率校準
23:03:27 [INFO] 交叉驗證完成 - Train AUC: 1.0000, CV AUC: 0.9992 ± 0.0012, Overfitting: 0.0008
23:03:27 [INFO] 訓練完成 - Train AUC: 1.0000, CV AUC: 0.9992 ± 0.0012
PASSED                                                                   [ 30%]
tests/momentum/Analysis/test_lightgbm_edge_cases.py::test_d9_ndarray_without_feature_names_raises[lightgbm] PASSED [ 31%]
tests/momentum/Analysis/test_lightgbm_edge_cases.py::test_d9_ndarray_without_feature_names_raises[xgboost] PASSED [ 31%]
tests/momentum/Analysis/test_lightgbm_edge_cases.py::test_d10_feature_names_mismatch_raises[lightgbm] PASSED [ 32%]
tests/momentum/Analysis/test_lightgbm_edge_cases.py::test_d10_feature_names_mismatch_raises[xgboost] 
-------------------------------- live log call ---------------------------------
23:03:27 [INFO] 開始訓練 XGBoost 模型 - 樣本數: 120, 特徵數: 2
23:03:27 [INFO] 標籤分佈: {0: 60, 1: 60}
23:03:27 [INFO] 訓練集: 96 樣本, 驗證集: 24 樣本
23:03:27 [INFO] 開始交叉驗證 - 3-fold CV
23:03:27 [INFO] Fold 1/3 - AUC: 0.9850, Precision: 0.9091, Recall: 1.0000, F1: 0.9524
23:03:27 [INFO] Fold 2/3 - AUC: 0.9875, Precision: 0.9474, Recall: 0.9000, F1: 0.9231
23:03:27 [INFO] Fold 3/3 - AUC: 0.9575, Precision: 0.8636, Recall: 0.9500, F1: 0.9048
23:03:27 [INFO] 校準指標 - Brier: 0.1334, ECE: 0.3015, 品質: poor
23:03:27 [WARNING] 校準品質偏低，建議重新調整模型或做機率校準
23:03:27 [INFO] 交叉驗證完成 - Train AUC: 0.9914, CV AUC: 0.9767 ± 0.0136, Overfitting: 0.0147
23:03:27 [INFO] 訓練完成 - Train AUC: 0.9922, CV AUC: 0.9767 ± 0.0136
PASSED                                                                   [ 33%]
tests/momentum/Analysis/test_lightgbm_edge_cases.py::test_p3_p4_eval_size_invalid_raises[0-lightgbm] PASSED [ 34%]
tests/momentum/Analysis/test_lightgbm_edge_cases.py::test_p3_p4_eval_size_invalid_raises[0-xgboost] 
-------------------------------- live log call ---------------------------------
23:03:27 [INFO] 開始訓練 XGBoost 模型 - 樣本數: 120, 特徵數: 8
PASSED                                                                   [ 34%]
tests/momentum/Analysis/test_lightgbm_edge_cases.py::test_p3_p4_eval_size_invalid_raises[1-lightgbm] PASSED [ 35%]
tests/momentum/Analysis/test_lightgbm_edge_cases.py::test_p3_p4_eval_size_invalid_raises[1-xgboost] 
-------------------------------- live log call ---------------------------------
23:03:27 [INFO] 開始訓練 XGBoost 模型 - 樣本數: 120, 特徵數: 8
PASSED                                                                   [ 36%]
tests/momentum/Analysis/test_lightgbm_edge_cases.py::test_p1_cv_folds_less_than_2_raises[lightgbm] 
-------------------------------- live log call ---------------------------------
23:03:27 [INFO] 開始訓練 LightGBM 模型 - 樣本數: 120, 特徵數: 8
23:03:27 [INFO] 標籤分佈: {0: 60, 1: 60}
23:03:27 [INFO] 訓練集: 96 樣本, 驗證集: 24 樣本
23:03:27 [INFO] 開始交叉驗證 - 3-fold CV
23:03:27 [INFO] Fold 1/3 - AUC: 0.9750, Precision: 0.8696, Recall: 1.0000, F1: 0.9302
23:03:27 [INFO] Fold 2/3 - AUC: 0.9763, Precision: 0.9444, Recall: 0.8500, F1: 0.8947
23:03:27 [INFO] Fold 3/3 - AUC: 0.9563, Precision: 0.9000, Recall: 0.9000, F1: 0.9000
23:03:27 [INFO] 校準指標 - Brier: 0.1633, ECE: 0.3720, 品質: poor
23:03:27 [WARNING] 校準品質偏低，建議重新調整模型或做機率校準
23:03:27 [INFO] 交叉驗證完成 - Train AUC: 0.9867, CV AUC: 0.9692 ± 0.0091, Overfitting: 0.0175
23:03:27 [INFO] 訓練完成 - Train AUC: 0.9867, CV AUC: 0.9692 ± 0.0091
23:03:27 [INFO] 開始交叉驗證 - 1-fold CV
PASSED                                                                   [ 36%]
tests/momentum/Analysis/test_lightgbm_edge_cases.py::test_p1_cv_folds_less_than_2_raises[xgboost] 
-------------------------------- live log call ---------------------------------
23:03:27 [INFO] 開始訓練 XGBoost 模型 - 樣本數: 120, 特徵數: 8
23:03:27 [INFO] 標籤分佈: {0: 60, 1: 60}
23:03:27 [INFO] 訓練集: 96 樣本, 驗證集: 24 樣本
23:03:27 [INFO] 開始交叉驗證 - 3-fold CV
23:03:27 [INFO] Fold 1/3 - AUC: 0.9850, Precision: 0.9091, Recall: 1.0000, F1: 0.9524
23:03:27 [INFO] Fold 2/3 - AUC: 0.9875, Precision: 0.9474, Recall: 0.9000, F1: 0.9231
23:03:27 [INFO] Fold 3/3 - AUC: 0.9575, Precision: 0.8636, Recall: 0.9500, F1: 0.9048
23:03:27 [INFO] 校準指標 - Brier: 0.1334, ECE: 0.3015, 品質: poor
23:03:27 [WARNING] 校準品質偏低，建議重新調整模型或做機率校準
23:03:27 [INFO] 交叉驗證完成 - Train AUC: 0.9914, CV AUC: 0.9767 ± 0.0136, Overfitting: 0.0147
23:03:27 [INFO] 訓練完成 - Train AUC: 0.9922, CV AUC: 0.9767 ± 0.0136
23:03:27 [INFO] 開始交叉驗證 - 1-fold CV
PASSED                                                                   [ 37%]
tests/momentum/Analysis/test_lightgbm_edge_cases.py::test_p2_cv_folds_exceeds_samples_raises[lightgbm] 
-------------------------------- live log call ---------------------------------
23:03:27 [INFO] 開始訓練 LightGBM 模型 - 樣本數: 120, 特徵數: 8
23:03:27 [INFO] 標籤分佈: {0: 60, 1: 60}
23:03:27 [INFO] 訓練集: 96 樣本, 驗證集: 24 樣本
23:03:27 [INFO] 開始交叉驗證 - 3-fold CV
23:03:27 [INFO] Fold 1/3 - AUC: 0.9750, Precision: 0.8696, Recall: 1.0000, F1: 0.9302
23:03:27 [INFO] Fold 2/3 - AUC: 0.9763, Precision: 0.9444, Recall: 0.8500, F1: 0.8947
23:03:27 [INFO] Fold 3/3 - AUC: 0.9563, Precision: 0.9000, Recall: 0.9000, F1: 0.9000
23:03:27 [INFO] 校準指標 - Brier: 0.1633, ECE: 0.3720, 品質: poor
23:03:27 [WARNING] 校準品質偏低，建議重新調整模型或做機率校準
23:03:27 [INFO] 交叉驗證完成 - Train AUC: 0.9867, CV AUC: 0.9692 ± 0.0091, Overfitting: 0.0175
23:03:27 [INFO] 訓練完成 - Train AUC: 0.9867, CV AUC: 0.9692 ± 0.0091
23:03:27 [INFO] 開始交叉驗證 - 121-fold CV
PASSED                                                                   [ 38%]
tests/momentum/Analysis/test_lightgbm_edge_cases.py::test_p2_cv_folds_exceeds_samples_raises[xgboost] 
-------------------------------- live log call ---------------------------------
23:03:27 [INFO] 開始訓練 XGBoost 模型 - 樣本數: 120, 特徵數: 8
23:03:27 [INFO] 標籤分佈: {0: 60, 1: 60}
23:03:27 [INFO] 訓練集: 96 樣本, 驗證集: 24 樣本
23:03:27 [INFO] 開始交叉驗證 - 3-fold CV
23:03:27 [INFO] Fold 1/3 - AUC: 0.9850, Precision: 0.9091, Recall: 1.0000, F1: 0.9524
23:03:27 [INFO] Fold 2/3 - AUC: 0.9875, Precision: 0.9474, Recall: 0.9000, F1: 0.9231
23:03:27 [INFO] Fold 3/3 - AUC: 0.9575, Precision: 0.8636, Recall: 0.9500, F1: 0.9048
23:03:27 [INFO] 校準指標 - Brier: 0.1334, ECE: 0.3015, 品質: poor
23:03:27 [WARNING] 校準品質偏低，建議重新調整模型或做機率校準
23:03:27 [INFO] 交叉驗證完成 - Train AUC: 0.9914, CV AUC: 0.9767 ± 0.0136, Overfitting: 0.0147
23:03:27 [INFO] 訓練完成 - Train AUC: 0.9922, CV AUC: 0.9767 ± 0.0136
23:03:27 [INFO] 開始交叉驗證 - 121-fold CV
PASSED                                                                   [ 39%]
tests/momentum/Analysis/test_lightgbm_edge_cases.py::test_p5_purge_gap_too_large_raises[lightgbm] 
-------------------------------- live log call ---------------------------------
23:03:27 [INFO] 開始訓練 LightGBM 模型 - 樣本數: 120, 特徵數: 8
23:03:27 [INFO] 標籤分佈: {0: 60, 1: 60}
23:03:27 [INFO] 訓練集: 96 樣本, 驗證集: 24 樣本
23:03:27 [INFO] 開始交叉驗證 - 3-fold CV
23:03:27 [INFO] Fold 1/3 - AUC: 0.9750, Precision: 0.8696, Recall: 1.0000, F1: 0.9302
23:03:27 [INFO] Fold 2/3 - AUC: 0.9763, Precision: 0.9444, Recall: 0.8500, F1: 0.8947
23:03:27 [INFO] Fold 3/3 - AUC: 0.9563, Precision: 0.9000, Recall: 0.9000, F1: 0.9000
23:03:27 [INFO] 校準指標 - Brier: 0.1633, ECE: 0.3720, 品質: poor
23:03:27 [WARNING] 校準品質偏低，建議重新調整模型或做機率校準
23:03:27 [INFO] 交叉驗證完成 - Train AUC: 0.9867, CV AUC: 0.9692 ± 0.0091, Overfitting: 0.0175
23:03:27 [INFO] 訓練完成 - Train AUC: 0.9867, CV AUC: 0.9692 ± 0.0091
23:03:27 [INFO] 開始交叉驗證 - 3-fold CV
PASSED                                                                   [ 39%]
tests/momentum/Analysis/test_lightgbm_edge_cases.py::test_p5_purge_gap_too_large_raises[xgboost] 
-------------------------------- live log call ---------------------------------
23:03:27 [INFO] 開始訓練 XGBoost 模型 - 樣本數: 120, 特徵數: 8
23:03:27 [INFO] 標籤分佈: {0: 60, 1: 60}
23:03:27 [INFO] 訓練集: 96 樣本, 驗證集: 24 樣本
23:03:27 [INFO] 開始交叉驗證 - 3-fold CV
23:03:27 [INFO] Fold 1/3 - AUC: 0.9850, Precision: 0.9091, Recall: 1.0000, F1: 0.9524
23:03:27 [INFO] Fold 2/3 - AUC: 0.9875, Precision: 0.9474, Recall: 0.9000, F1: 0.9231
23:03:27 [INFO] Fold 3/3 - AUC: 0.9575, Precision: 0.8636, Recall: 0.9500, F1: 0.9048
23:03:27 [INFO] 校準指標 - Brier: 0.1334, ECE: 0.3015, 品質: poor
23:03:27 [WARNING] 校準品質偏低，建議重新調整模型或做機率校準
23:03:27 [INFO] 交叉驗證完成 - Train AUC: 0.9914, CV AUC: 0.9767 ± 0.0136, Overfitting: 0.0147
23:03:27 [INFO] 訓練完成 - Train AUC: 0.9922, CV AUC: 0.9767 ± 0.0136
23:03:27 [INFO] 開始交叉驗證 - 3-fold CV
23:03:27 [INFO] Fold 1/3 - 訓練: 30 → 30 (purge: -120), 驗證: 30 → 30
23:03:27 [INFO] Fold 1/3 - AUC: 0.5000, Precision: 0.4667, Recall: 1.0000, F1: 0.6364
23:03:27 [INFO] Fold 2/3 - 訓練: 60 → 60 (purge: -120), 驗證: 30 → 30
23:03:27 [INFO] Fold 2/3 - AUC: 0.9480, Precision: 1.0000, Recall: 0.7647, F1: 0.8667
23:03:27 [INFO] Fold 3/3 - 訓練: 90 → 90 (purge: -120), 驗證: 30 → 30
23:03:27 [INFO] Fold 3/3 - AUC: 0.9653, Precision: 0.8000, Recall: 1.0000, F1: 0.8889
23:03:27 [INFO] 校準指標 - Brier: 0.1334, ECE: 0.3015, 品質: poor
23:03:27 [WARNING] 校準品質偏低，建議重新調整模型或做機率校準
23:03:27 [INFO] 交叉驗證完成 - Train AUC: 0.9914, CV AUC: 0.8044 ± 0.2154, Overfitting: 0.1870
23:03:27 [WARNING] 檢測到過擬合 (overfitting score > 0.15): 0.1870
PASSED                                                                   [ 40%]
tests/momentum/Analysis/test_lightgbm_edge_cases.py::test_s1_predict_before_train_raises[lightgbm] PASSED [ 41%]
tests/momentum/Analysis/test_lightgbm_edge_cases.py::test_s1_predict_before_train_raises[xgboost] PASSED [ 41%]
tests/momentum/Analysis/test_lightgbm_edge_cases.py::test_s2_feature_importance_before_train_raises[lightgbm] PASSED [ 42%]
tests/momentum/Analysis/test_lightgbm_edge_cases.py::test_s2_feature_importance_before_train_raises[xgboost] PASSED [ 43%]
tests/momentum/Analysis/test_lightgbm_edge_cases.py::test_s3_save_before_train_raises[lightgbm] PASSED [ 43%]
tests/momentum/Analysis/test_lightgbm_edge_cases.py::test_s3_save_before_train_raises[xgboost] PASSED [ 44%]
tests/momentum/Analysis/test_lightgbm_edge_cases.py::test_s4_load_missing_file_raises[lightgbm] PASSED [ 45%]
tests/momentum/Analysis/test_lightgbm_edge_cases.py::test_s4_load_missing_file_raises[xgboost] PASSED [ 46%]
tests/momentum/Analysis/test_lightgbm_edge_cases.py::test_model_path_safety_rejects_outside_cache[lightgbm] 
-------------------------------- live log call ---------------------------------
23:03:27 [INFO] 開始訓練 LightGBM 模型 - 樣本數: 120, 特徵數: 8
23:03:27 [INFO] 標籤分佈: {0: 60, 1: 60}
23:03:27 [INFO] 訓練集: 96 樣本, 驗證集: 24 樣本
23:03:27 [INFO] 開始交叉驗證 - 3-fold CV
23:03:27 [INFO] Fold 1/3 - AUC: 0.9750, Precision: 0.8696, Recall: 1.0000, F1: 0.9302
23:03:27 [INFO] Fold 2/3 - AUC: 0.9763, Precision: 0.9444, Recall: 0.8500, F1: 0.8947
23:03:27 [INFO] Fold 3/3 - AUC: 0.9563, Precision: 0.9000, Recall: 0.9000, F1: 0.9000
23:03:27 [INFO] 校準指標 - Brier: 0.1633, ECE: 0.3720, 品質: poor
23:03:27 [WARNING] 校準品質偏低，建議重新調整模型或做機率校準
23:03:27 [INFO] 交叉驗證完成 - Train AUC: 0.9867, CV AUC: 0.9692 ± 0.0091, Overfitting: 0.0175
23:03:27 [INFO] 訓練完成 - Train AUC: 0.9867, CV AUC: 0.9692 ± 0.0091
PASSED                                                                   [ 46%]
tests/momentum/Analysis/test_lightgbm_edge_cases.py::test_model_path_safety_rejects_outside_cache[xgboost] 
-------------------------------- live log call ---------------------------------
23:03:27 [INFO] 開始訓練 XGBoost 模型 - 樣本數: 120, 特徵數: 8
23:03:27 [INFO] 標籤分佈: {0: 60, 1: 60}
23:03:27 [INFO] 訓練集: 96 樣本, 驗證集: 24 樣本
23:03:27 [INFO] 開始交叉驗證 - 3-fold CV
23:03:27 [INFO] Fold 1/3 - AUC: 0.9850, Precision: 0.9091, Recall: 1.0000, F1: 0.9524
23:03:27 [INFO] Fold 2/3 - AUC: 0.9875, Precision: 0.9474, Recall: 0.9000, F1: 0.9231
23:03:27 [INFO] Fold 3/3 - AUC: 0.9575, Precision: 0.8636, Recall: 0.9500, F1: 0.9048
23:03:27 [INFO] 校準指標 - Brier: 0.1334, ECE: 0.3015, 品質: poor
23:03:27 [WARNING] 校準品質偏低，建議重新調整模型或做機率校準
23:03:27 [INFO] 交叉驗證完成 - Train AUC: 0.9914, CV AUC: 0.9767 ± 0.0136, Overfitting: 0.0147
23:03:27 [INFO] 訓練完成 - Train AUC: 0.9922, CV AUC: 0.9767 ± 0.0136
PASSED                                                                   [ 47%]
tests/momentum/Analysis/test_lightgbm_edge_cases.py::test_s5_type_mismatch_lightgbm_to_xgboost_raises 
-------------------------------- live log call ---------------------------------
23:03:27 [INFO] 開始訓練 LightGBM 模型 - 樣本數: 120, 特徵數: 8
23:03:27 [INFO] 標籤分佈: {0: 60, 1: 60}
23:03:27 [INFO] 訓練集: 96 樣本, 驗證集: 24 樣本
23:03:27 [INFO] 開始交叉驗證 - 3-fold CV
23:03:27 [INFO] Fold 1/3 - AUC: 0.9750, Precision: 0.8696, Recall: 1.0000, F1: 0.9302
23:03:27 [INFO] Fold 2/3 - AUC: 0.9763, Precision: 0.9444, Recall: 0.8500, F1: 0.8947
23:03:27 [INFO] Fold 3/3 - AUC: 0.9563, Precision: 0.9000, Recall: 0.9000, F1: 0.9000
23:03:27 [INFO] 校準指標 - Brier: 0.1633, ECE: 0.3720, 品質: poor
23:03:27 [WARNING] 校準品質偏低，建議重新調整模型或做機率校準
23:03:27 [INFO] 交叉驗證完成 - Train AUC: 0.9867, CV AUC: 0.9692 ± 0.0091, Overfitting: 0.0175
23:03:27 [INFO] 訓練完成 - Train AUC: 0.9867, CV AUC: 0.9692 ± 0.0091
23:03:27 [INFO] LightGBM 模型已儲存: /private/var/folders/_c/3xdf41hd3tvgxpx63mrml2c00000gn/T/pytest-of-louis/pytest-456/ic_redirect0/models/type_mismatch_lgb.pkl
PASSED                                                                   [ 48%]
tests/momentum/Analysis/test_lightgbm_edge_cases.py::test_s5_type_mismatch_xgboost_to_lightgbm_raises 
-------------------------------- live log call ---------------------------------
23:03:27 [INFO] 開始訓練 XGBoost 模型 - 樣本數: 120, 特徵數: 8
23:03:27 [INFO] 標籤分佈: {0: 60, 1: 60}
23:03:27 [INFO] 訓練集: 96 樣本, 驗證集: 24 樣本
23:03:28 [INFO] 開始交叉驗證 - 3-fold CV
23:03:28 [INFO] Fold 1/3 - AUC: 0.9850, Precision: 0.9091, Recall: 1.0000, F1: 0.9524
23:03:28 [INFO] Fold 2/3 - AUC: 0.9875, Precision: 0.9474, Recall: 0.9000, F1: 0.9231
23:03:28 [INFO] Fold 3/3 - AUC: 0.9575, Precision: 0.8636, Recall: 0.9500, F1: 0.9048
23:03:28 [INFO] 校準指標 - Brier: 0.1334, ECE: 0.3015, 品質: poor
23:03:28 [WARNING] 校準品質偏低，建議重新調整模型或做機率校準
23:03:28 [INFO] 交叉驗證完成 - Train AUC: 0.9914, CV AUC: 0.9767 ± 0.0136, Overfitting: 0.0147
23:03:28 [INFO] 訓練完成 - Train AUC: 0.9922, CV AUC: 0.9767 ± 0.0136
23:03:28 [INFO] XGBoost 模型已儲存: /private/var/folders/_c/3xdf41hd3tvgxpx63mrml2c00000gn/T/pytest-of-louis/pytest-456/ic_redirect0/models/type_mismatch_xgb.pkl
PASSED                                                                   [ 48%]
tests/momentum/Analysis/test_lightgbm_edge_cases.py::test_s6_loaded_model_can_be_retrained[lightgbm] 
-------------------------------- live log call ---------------------------------
23:03:28 [INFO] 開始訓練 LightGBM 模型 - 樣本數: 120, 特徵數: 8
23:03:28 [INFO] 標籤分佈: {0: 60, 1: 60}
23:03:28 [INFO] 訓練集: 96 樣本, 驗證集: 24 樣本
23:03:28 [INFO] 開始交叉驗證 - 3-fold CV
23:03:28 [INFO] Fold 1/3 - AUC: 0.9750, Precision: 0.8696, Recall: 1.0000, F1: 0.9302
23:03:28 [INFO] Fold 2/3 - AUC: 0.9763, Precision: 0.9444, Recall: 0.8500, F1: 0.8947
23:03:28 [INFO] Fold 3/3 - AUC: 0.9563, Precision: 0.9000, Recall: 0.9000, F1: 0.9000
23:03:28 [INFO] 校準指標 - Brier: 0.1633, ECE: 0.3720, 品質: poor
23:03:28 [WARNING] 校準品質偏低，建議重新調整模型或做機率校準
23:03:28 [INFO] 交叉驗證完成 - Train AUC: 0.9867, CV AUC: 0.9692 ± 0.0091, Overfitting: 0.0175
23:03:28 [INFO] 訓練完成 - Train AUC: 0.9867, CV AUC: 0.9692 ± 0.0091
23:03:28 [INFO] LightGBM 模型已儲存: /private/var/folders/_c/3xdf41hd3tvgxpx63mrml2c00000gn/T/pytest-of-louis/pytest-456/ic_redirect0/models/retrain_lightgbm.pkl
23:03:28 [INFO] 開始訓練 LightGBM 模型 - 樣本數: 120, 特徵數: 8
23:03:28 [INFO] 標籤分佈: {0: 60, 1: 60}
23:03:28 [INFO] 訓練集: 96 樣本, 驗證集: 24 樣本
23:03:28 [INFO] 開始交叉驗證 - 3-fold CV
23:03:28 [INFO] Fold 1/3 - AUC: 0.9750, Precision: 0.8696, Recall: 1.0000, F1: 0.9302
23:03:28 [INFO] Fold 2/3 - AUC: 0.9763, Precision: 0.9444, Recall: 0.8500, F1: 0.8947
23:03:28 [INFO] Fold 3/3 - AUC: 0.9563, Precision: 0.9000, Recall: 0.9000, F1: 0.9000
23:03:28 [INFO] 校準指標 - Brier: 0.1633, ECE: 0.3720, 品質: poor
23:03:28 [WARNING] 校準品質偏低，建議重新調整模型或做機率校準
23:03:28 [INFO] 交叉驗證完成 - Train AUC: 0.9867, CV AUC: 0.9692 ± 0.0091, Overfitting: 0.0175
23:03:28 [INFO] 訓練完成 - Train AUC: 0.9867, CV AUC: 0.9692 ± 0.0091
PASSED                                                                   [ 49%]
tests/momentum/Analysis/test_lightgbm_edge_cases.py::test_s6_loaded_model_can_be_retrained[xgboost] 
-------------------------------- live log call ---------------------------------
23:03:28 [INFO] 開始訓練 XGBoost 模型 - 樣本數: 120, 特徵數: 8
23:03:28 [INFO] 標籤分佈: {0: 60, 1: 60}
23:03:28 [INFO] 訓練集: 96 樣本, 驗證集: 24 樣本
23:03:28 [INFO] 開始交叉驗證 - 3-fold CV
23:03:28 [INFO] Fold 1/3 - AUC: 0.9850, Precision: 0.9091, Recall: 1.0000, F1: 0.9524
23:03:28 [INFO] Fold 2/3 - AUC: 0.9875, Precision: 0.9474, Recall: 0.9000, F1: 0.9231
23:03:28 [INFO] Fold 3/3 - AUC: 0.9575, Precision: 0.8636, Recall: 0.9500, F1: 0.9048
23:03:28 [INFO] 校準指標 - Brier: 0.1334, ECE: 0.3015, 品質: poor
23:03:28 [WARNING] 校準品質偏低，建議重新調整模型或做機率校準
23:03:28 [INFO] 交叉驗證完成 - Train AUC: 0.9914, CV AUC: 0.9767 ± 0.0136, Overfitting: 0.0147
23:03:28 [INFO] 訓練完成 - Train AUC: 0.9922, CV AUC: 0.9767 ± 0.0136
23:03:28 [INFO] XGBoost 模型已儲存: /private/var/folders/_c/3xdf41hd3tvgxpx63mrml2c00000gn/T/pytest-of-louis/pytest-456/ic_redirect0/models/retrain_xgboost.pkl
23:03:28 [INFO] 開始訓練 XGBoost 模型 - 樣本數: 120, 特徵數: 8
23:03:28 [INFO] 標籤分佈: {0: 60, 1: 60}
23:03:28 [INFO] 訓練集: 96 樣本, 驗證集: 24 樣本
23:03:28 [INFO] 開始交叉驗證 - 3-fold CV
23:03:28 [INFO] Fold 1/3 - AUC: 0.9850, Precision: 0.9091, Recall: 1.0000, F1: 0.9524
23:03:28 [INFO] Fold 2/3 - AUC: 0.9875, Precision: 0.9474, Recall: 0.9000, F1: 0.9231
23:03:28 [INFO] Fold 3/3 - AUC: 0.9575, Precision: 0.8636, Recall: 0.9500, F1: 0.9048
23:03:28 [INFO] 校準指標 - Brier: 0.1334, ECE: 0.3015, 品質: poor
23:03:28 [WARNING] 校準品質偏低，建議重新調整模型或做機率校準
23:03:28 [INFO] 交叉驗證完成 - Train AUC: 0.9914, CV AUC: 0.9767 ± 0.0136, Overfitting: 0.0147
23:03:28 [INFO] 訓練完成 - Train AUC: 0.9922, CV AUC: 0.9767 ± 0.0136
PASSED                                                                   [ 50%]
tests/momentum/Analysis/test_lightgbm_edge_cases.py::test_o1_oot_insufficient_samples_returns_result[lightgbm] 
-------------------------------- live log call ---------------------------------
23:03:28 [INFO] 開始訓練 LightGBM 模型 - 樣本數: 120, 特徵數: 8
23:03:28 [INFO] 標籤分佈: {0: 60, 1: 60}
23:03:28 [INFO] 訓練集: 96 樣本, 驗證集: 24 樣本
23:03:28 [INFO] 開始交叉驗證 - 3-fold CV
23:03:28 [INFO] Fold 1/3 - AUC: 0.9750, Precision: 0.8696, Recall: 1.0000, F1: 0.9302
23:03:28 [INFO] Fold 2/3 - AUC: 0.9763, Precision: 0.9444, Recall: 0.8500, F1: 0.8947
23:03:28 [INFO] Fold 3/3 - AUC: 0.9563, Precision: 0.9000, Recall: 0.9000, F1: 0.9000
23:03:28 [INFO] 校準指標 - Brier: 0.1633, ECE: 0.3720, 品質: poor
23:03:28 [WARNING] 校準品質偏低，建議重新調整模型或做機率校準
23:03:28 [INFO] 交叉驗證完成 - Train AUC: 0.9867, CV AUC: 0.9692 ± 0.0091, Overfitting: 0.0175
23:03:28 [INFO] 訓練完成 - Train AUC: 0.9867, CV AUC: 0.9692 ± 0.0091
23:03:28 [WARNING] OOT 樣本數不足 50
PASSED                                                                   [ 51%]
tests/momentum/Analysis/test_lightgbm_edge_cases.py::test_o1_oot_insufficient_samples_returns_result[xgboost] 
-------------------------------- live log call ---------------------------------
23:03:28 [INFO] 開始訓練 XGBoost 模型 - 樣本數: 120, 特徵數: 8
23:03:28 [INFO] 標籤分佈: {0: 60, 1: 60}
23:03:28 [INFO] 訓練集: 96 樣本, 驗證集: 24 樣本
23:03:28 [INFO] 開始交叉驗證 - 3-fold CV
23:03:28 [INFO] Fold 1/3 - AUC: 0.9850, Precision: 0.9091, Recall: 1.0000, F1: 0.9524
23:03:28 [INFO] Fold 2/3 - AUC: 0.9875, Precision: 0.9474, Recall: 0.9000, F1: 0.9231
23:03:28 [INFO] Fold 3/3 - AUC: 0.9575, Precision: 0.8636, Recall: 0.9500, F1: 0.9048
23:03:28 [INFO] 校準指標 - Brier: 0.1334, ECE: 0.3015, 品質: poor
23:03:28 [WARNING] 校準品質偏低，建議重新調整模型或做機率校準
23:03:28 [INFO] 交叉驗證完成 - Train AUC: 0.9914, CV AUC: 0.9767 ± 0.0136, Overfitting: 0.0147
23:03:28 [INFO] 訓練完成 - Train AUC: 0.9922, CV AUC: 0.9767 ± 0.0136
23:03:28 [INFO] 開始 OOT 驗證 - 樣本數: 20, 期間:  ~ 
23:03:28 [INFO] OOT 驗證完成 - AUC: 1.0000, Precision: 0.9091, Recall: 1.0000, 正樣本率: 50.00%
23:03:28 [INFO] CV-OOT Gap: -0.3000 - 狀態: good
PASSED                                                                   [ 51%]
tests/momentum/Analysis/test_lightgbm_edge_cases.py::test_o2_oot_single_class_sets_auc_none[lightgbm] 
-------------------------------- live log call ---------------------------------
23:03:28 [INFO] 開始訓練 LightGBM 模型 - 樣本數: 120, 特徵數: 8
23:03:28 [INFO] 標籤分佈: {0: 60, 1: 60}
23:03:28 [INFO] 訓練集: 96 樣本, 驗證集: 24 樣本
23:03:28 [INFO] 開始交叉驗證 - 3-fold CV
23:03:28 [INFO] Fold 1/3 - AUC: 0.9750, Precision: 0.8696, Recall: 1.0000, F1: 0.9302
23:03:28 [INFO] Fold 2/3 - AUC: 0.9763, Precision: 0.9444, Recall: 0.8500, F1: 0.8947
23:03:28 [INFO] Fold 3/3 - AUC: 0.9563, Precision: 0.9000, Recall: 0.9000, F1: 0.9000
23:03:28 [INFO] 校準指標 - Brier: 0.1633, ECE: 0.3720, 品質: poor
23:03:28 [WARNING] 校準品質偏低，建議重新調整模型或做機率校準
23:03:28 [INFO] 交叉驗證完成 - Train AUC: 0.9867, CV AUC: 0.9692 ± 0.0091, Overfitting: 0.0175
23:03:28 [INFO] 訓練完成 - Train AUC: 0.9867, CV AUC: 0.9692 ± 0.0091
23:03:28 [WARNING] OOT 樣本數不足 50
23:03:28 [WARNING] OOT 標籤只有單一類別，無法計算 AUC
PASSED                                                                   [ 52%]
tests/momentum/Analysis/test_lightgbm_edge_cases.py::test_o2_oot_single_class_sets_auc_none[xgboost] 
-------------------------------- live log call ---------------------------------
23:03:28 [INFO] 開始訓練 XGBoost 模型 - 樣本數: 120, 特徵數: 8
23:03:28 [INFO] 標籤分佈: {0: 60, 1: 60}
23:03:28 [INFO] 訓練集: 96 樣本, 驗證集: 24 樣本
23:03:28 [INFO] 開始交叉驗證 - 3-fold CV
23:03:28 [INFO] Fold 1/3 - AUC: 0.9850, Precision: 0.9091, Recall: 1.0000, F1: 0.9524
23:03:28 [INFO] Fold 2/3 - AUC: 0.9875, Precision: 0.9474, Recall: 0.9000, F1: 0.9231
23:03:28 [INFO] Fold 3/3 - AUC: 0.9575, Precision: 0.8636, Recall: 0.9500, F1: 0.9048
23:03:28 [INFO] 校準指標 - Brier: 0.1334, ECE: 0.3015, 品質: poor
23:03:28 [WARNING] 校準品質偏低，建議重新調整模型或做機率校準
23:03:28 [INFO] 交叉驗證完成 - Train AUC: 0.9914, CV AUC: 0.9767 ± 0.0136, Overfitting: 0.0147
23:03:28 [INFO] 訓練完成 - Train AUC: 0.9922, CV AUC: 0.9767 ± 0.0136
23:03:28 [INFO] 開始 OOT 驗證 - 樣本數: 30, 期間:  ~ 
23:03:28 [WARNING] OOT 標籤只有單一類別 ([0])，AUC 設為 NaN
23:03:28 [INFO] OOT 驗證完成 - AUC: nan, Precision: 0.0000, Recall: 0.0000, 正樣本率: 0.00%
PASSED                                                                   [ 53%]
tests/momentum/Analysis/test_lightgbm_edge_cases.py::test_h1_shap_sample_size_handling[1-lightgbm] 
-------------------------------- live log call ---------------------------------
23:03:28 [INFO] 開始訓練 LightGBM 模型 - 樣本數: 120, 特徵數: 8
23:03:28 [INFO] 標籤分佈: {0: 60, 1: 60}
23:03:28 [INFO] 訓練集: 96 樣本, 驗證集: 24 樣本
23:03:28 [INFO] 開始交叉驗證 - 3-fold CV
23:03:28 [INFO] Fold 1/3 - AUC: 0.9750, Precision: 0.8696, Recall: 1.0000, F1: 0.9302
23:03:28 [INFO] Fold 2/3 - AUC: 0.9763, Precision: 0.9444, Recall: 0.8500, F1: 0.8947
23:03:28 [INFO] Fold 3/3 - AUC: 0.9563, Precision: 0.9000, Recall: 0.9000, F1: 0.9000
23:03:28 [INFO] 校準指標 - Brier: 0.1633, ECE: 0.3720, 品質: poor
23:03:28 [WARNING] 校準品質偏低，建議重新調整模型或做機率校準
23:03:28 [INFO] 交叉驗證完成 - Train AUC: 0.9867, CV AUC: 0.9692 ± 0.0091, Overfitting: 0.0175
23:03:28 [INFO] 訓練完成 - Train AUC: 0.9867, CV AUC: 0.9692 ± 0.0091
23:03:28 [INFO] SHAP 全局分析完成 - 樣本數: 1, 特徵數: 8
PASSED                                                                   [ 53%]
tests/momentum/Analysis/test_lightgbm_edge_cases.py::test_h1_shap_sample_size_handling[1-xgboost] 
-------------------------------- live log call ---------------------------------
23:03:28 [INFO] 開始訓練 XGBoost 模型 - 樣本數: 120, 特徵數: 8
23:03:28 [INFO] 標籤分佈: {0: 60, 1: 60}
23:03:28 [INFO] 訓練集: 96 樣本, 驗證集: 24 樣本
23:03:28 [INFO] 開始交叉驗證 - 3-fold CV
23:03:28 [INFO] Fold 1/3 - AUC: 0.9850, Precision: 0.9091, Recall: 1.0000, F1: 0.9524
23:03:28 [INFO] Fold 2/3 - AUC: 0.9875, Precision: 0.9474, Recall: 0.9000, F1: 0.9231
23:03:28 [INFO] Fold 3/3 - AUC: 0.9575, Precision: 0.8636, Recall: 0.9500, F1: 0.9048
23:03:28 [INFO] 校準指標 - Brier: 0.1334, ECE: 0.3015, 品質: poor
23:03:28 [WARNING] 校準品質偏低，建議重新調整模型或做機率校準
23:03:28 [INFO] 交叉驗證完成 - Train AUC: 0.9914, CV AUC: 0.9767 ± 0.0136, Overfitting: 0.0147
23:03:28 [INFO] 訓練完成 - Train AUC: 0.9922, CV AUC: 0.9767 ± 0.0136
23:03:28 [INFO] SHAP 全局分析完成 - 樣本數: 1, 特徵數: 8
PASSED                                                                   [ 54%]
tests/momentum/Analysis/test_lightgbm_edge_cases.py::test_h1_shap_sample_size_handling[5-lightgbm] 
-------------------------------- live log call ---------------------------------
23:03:28 [INFO] 開始訓練 LightGBM 模型 - 樣本數: 120, 特徵數: 8
23:03:28 [INFO] 標籤分佈: {0: 60, 1: 60}
23:03:28 [INFO] 訓練集: 96 樣本, 驗證集: 24 樣本
23:03:28 [INFO] 開始交叉驗證 - 3-fold CV
23:03:28 [INFO] Fold 1/3 - AUC: 0.9750, Precision: 0.8696, Recall: 1.0000, F1: 0.9302
23:03:28 [INFO] Fold 2/3 - AUC: 0.9763, Precision: 0.9444, Recall: 0.8500, F1: 0.8947
23:03:28 [INFO] Fold 3/3 - AUC: 0.9563, Precision: 0.9000, Recall: 0.9000, F1: 0.9000
23:03:28 [INFO] 校準指標 - Brier: 0.1633, ECE: 0.3720, 品質: poor
23:03:28 [WARNING] 校準品質偏低，建議重新調整模型或做機率校準
23:03:28 [INFO] 交叉驗證完成 - Train AUC: 0.9867, CV AUC: 0.9692 ± 0.0091, Overfitting: 0.0175
23:03:28 [INFO] 訓練完成 - Train AUC: 0.9867, CV AUC: 0.9692 ± 0.0091
23:03:28 [INFO] SHAP 全局分析完成 - 樣本數: 5, 特徵數: 8
PASSED                                                                   [ 55%]
tests/momentum/Analysis/test_lightgbm_edge_cases.py::test_h1_shap_sample_size_handling[5-xgboost] 
-------------------------------- live log call ---------------------------------
23:03:28 [INFO] 開始訓練 XGBoost 模型 - 樣本數: 120, 特徵數: 8
23:03:28 [INFO] 標籤分佈: {0: 60, 1: 60}
23:03:28 [INFO] 訓練集: 96 樣本, 驗證集: 24 樣本
23:03:28 [INFO] 開始交叉驗證 - 3-fold CV
23:03:28 [INFO] Fold 1/3 - AUC: 0.9850, Precision: 0.9091, Recall: 1.0000, F1: 0.9524
23:03:28 [INFO] Fold 2/3 - AUC: 0.9875, Precision: 0.9474, Recall: 0.9000, F1: 0.9231
23:03:28 [INFO] Fold 3/3 - AUC: 0.9575, Precision: 0.8636, Recall: 0.9500, F1: 0.9048
23:03:28 [INFO] 校準指標 - Brier: 0.1334, ECE: 0.3015, 品質: poor
23:03:28 [WARNING] 校準品質偏低，建議重新調整模型或做機率校準
23:03:28 [INFO] 交叉驗證完成 - Train AUC: 0.9914, CV AUC: 0.9767 ± 0.0136, Overfitting: 0.0147
23:03:28 [INFO] 訓練完成 - Train AUC: 0.9922, CV AUC: 0.9767 ± 0.0136
23:03:28 [INFO] SHAP 全局分析完成 - 樣本數: 5, 特徵數: 8
PASSED                                                                   [ 56%]
tests/momentum/Analysis/test_lightgbm_edge_cases.py::test_h1_shap_sample_size_handling[20-lightgbm] 
-------------------------------- live log call ---------------------------------
23:03:28 [INFO] 開始訓練 LightGBM 模型 - 樣本數: 120, 特徵數: 8
23:03:28 [INFO] 標籤分佈: {0: 60, 1: 60}
23:03:28 [INFO] 訓練集: 96 樣本, 驗證集: 24 樣本
23:03:28 [INFO] 開始交叉驗證 - 3-fold CV
23:03:28 [INFO] Fold 1/3 - AUC: 0.9750, Precision: 0.8696, Recall: 1.0000, F1: 0.9302
23:03:28 [INFO] Fold 2/3 - AUC: 0.9763, Precision: 0.9444, Recall: 0.8500, F1: 0.8947
23:03:28 [INFO] Fold 3/3 - AUC: 0.9563, Precision: 0.9000, Recall: 0.9000, F1: 0.9000
23:03:28 [INFO] 校準指標 - Brier: 0.1633, ECE: 0.3720, 品質: poor
23:03:28 [WARNING] 校準品質偏低，建議重新調整模型或做機率校準
23:03:28 [INFO] 交叉驗證完成 - Train AUC: 0.9867, CV AUC: 0.9692 ± 0.0091, Overfitting: 0.0175
23:03:28 [INFO] 訓練完成 - Train AUC: 0.9867, CV AUC: 0.9692 ± 0.0091
23:03:28 [INFO] SHAP 全局分析完成 - 樣本數: 20, 特徵數: 8
PASSED                                                                   [ 56%]
tests/momentum/Analysis/test_lightgbm_edge_cases.py::test_h1_shap_sample_size_handling[20-xgboost] 
-------------------------------- live log call ---------------------------------
23:03:28 [INFO] 開始訓練 XGBoost 模型 - 樣本數: 120, 特徵數: 8
23:03:28 [INFO] 標籤分佈: {0: 60, 1: 60}
23:03:28 [INFO] 訓練集: 96 樣本, 驗證集: 24 樣本
23:03:28 [INFO] 開始交叉驗證 - 3-fold CV
23:03:28 [INFO] Fold 1/3 - AUC: 0.9850, Precision: 0.9091, Recall: 1.0000, F1: 0.9524
23:03:28 [INFO] Fold 2/3 - AUC: 0.9875, Precision: 0.9474, Recall: 0.9000, F1: 0.9231
23:03:28 [INFO] Fold 3/3 - AUC: 0.9575, Precision: 0.8636, Recall: 0.9500, F1: 0.9048
23:03:28 [INFO] 校準指標 - Brier: 0.1334, ECE: 0.3015, 品質: poor
23:03:28 [WARNING] 校準品質偏低，建議重新調整模型或做機率校準
23:03:28 [INFO] 交叉驗證完成 - Train AUC: 0.9914, CV AUC: 0.9767 ± 0.0136, Overfitting: 0.0147
23:03:28 [INFO] 訓練完成 - Train AUC: 0.9922, CV AUC: 0.9767 ± 0.0136
23:03:28 [INFO] SHAP 全局分析完成 - 樣本數: 20, 特徵數: 8
PASSED                                                                   [ 57%]
tests/momentum/Analysis/test_lightgbm_edge_cases.py::test_h1_shap_sample_size_handling[50-lightgbm] 
-------------------------------- live log call ---------------------------------
23:03:28 [INFO] 開始訓練 LightGBM 模型 - 樣本數: 120, 特徵數: 8
23:03:28 [INFO] 標籤分佈: {0: 60, 1: 60}
23:03:28 [INFO] 訓練集: 96 樣本, 驗證集: 24 樣本
23:03:28 [INFO] 開始交叉驗證 - 3-fold CV
23:03:28 [INFO] Fold 1/3 - AUC: 0.9750, Precision: 0.8696, Recall: 1.0000, F1: 0.9302
23:03:28 [INFO] Fold 2/3 - AUC: 0.9763, Precision: 0.9444, Recall: 0.8500, F1: 0.8947
23:03:28 [INFO] Fold 3/3 - AUC: 0.9563, Precision: 0.9000, Recall: 0.9000, F1: 0.9000
23:03:28 [INFO] 校準指標 - Brier: 0.1633, ECE: 0.3720, 品質: poor
23:03:28 [WARNING] 校準品質偏低，建議重新調整模型或做機率校準
23:03:28 [INFO] 交叉驗證完成 - Train AUC: 0.9867, CV AUC: 0.9692 ± 0.0091, Overfitting: 0.0175
23:03:28 [INFO] 訓練完成 - Train AUC: 0.9867, CV AUC: 0.9692 ± 0.0091
23:03:28 [INFO] SHAP 全局分析完成 - 樣本數: 40, 特徵數: 8
PASSED                                                                   [ 58%]
tests/momentum/Analysis/test_lightgbm_edge_cases.py::test_h1_shap_sample_size_handling[50-xgboost] 
-------------------------------- live log call ---------------------------------
23:03:28 [INFO] 開始訓練 XGBoost 模型 - 樣本數: 120, 特徵數: 8
23:03:28 [INFO] 標籤分佈: {0: 60, 1: 60}
23:03:28 [INFO] 訓練集: 96 樣本, 驗證集: 24 樣本
23:03:28 [INFO] 開始交叉驗證 - 3-fold CV
23:03:28 [INFO] Fold 1/3 - AUC: 0.9850, Precision: 0.9091, Recall: 1.0000, F1: 0.9524
23:03:28 [INFO] Fold 2/3 - AUC: 0.9875, Precision: 0.9474, Recall: 0.9000, F1: 0.9231
23:03:28 [INFO] Fold 3/3 - AUC: 0.9575, Precision: 0.8636, Recall: 0.9500, F1: 0.9048
23:03:28 [INFO] 校準指標 - Brier: 0.1334, ECE: 0.3015, 品質: poor
23:03:28 [WARNING] 校準品質偏低，建議重新調整模型或做機率校準
23:03:28 [INFO] 交叉驗證完成 - Train AUC: 0.9914, CV AUC: 0.9767 ± 0.0136, Overfitting: 0.0147
23:03:28 [INFO] 訓練完成 - Train AUC: 0.9922, CV AUC: 0.9767 ± 0.0136
23:03:28 [INFO] SHAP 全局分析完成 - 樣本數: 40, 特徵數: 8
PASSED                                                                   [ 58%]
tests/momentum/Analysis/test_lightgbm_edge_cases.py::test_h1_shap_sample_size_handling[9999-lightgbm] 
-------------------------------- live log call ---------------------------------
23:03:28 [INFO] 開始訓練 LightGBM 模型 - 樣本數: 120, 特徵數: 8
23:03:28 [INFO] 標籤分佈: {0: 60, 1: 60}
23:03:28 [INFO] 訓練集: 96 樣本, 驗證集: 24 樣本
23:03:28 [INFO] 開始交叉驗證 - 3-fold CV
23:03:28 [INFO] Fold 1/3 - AUC: 0.9750, Precision: 0.8696, Recall: 1.0000, F1: 0.9302
23:03:28 [INFO] Fold 2/3 - AUC: 0.9763, Precision: 0.9444, Recall: 0.8500, F1: 0.8947
23:03:28 [INFO] Fold 3/3 - AUC: 0.9563, Precision: 0.9000, Recall: 0.9000, F1: 0.9000
23:03:28 [INFO] 校準指標 - Brier: 0.1633, ECE: 0.3720, 品質: poor
23:03:28 [WARNING] 校準品質偏低，建議重新調整模型或做機率校準
23:03:28 [INFO] 交叉驗證完成 - Train AUC: 0.9867, CV AUC: 0.9692 ± 0.0091, Overfitting: 0.0175
23:03:28 [INFO] 訓練完成 - Train AUC: 0.9867, CV AUC: 0.9692 ± 0.0091
23:03:28 [INFO] SHAP 全局分析完成 - 樣本數: 40, 特徵數: 8
PASSED                                                                   [ 59%]
tests/momentum/Analysis/test_lightgbm_edge_cases.py::test_h1_shap_sample_size_handling[9999-xgboost] 
-------------------------------- live log call ---------------------------------
23:03:28 [INFO] 開始訓練 XGBoost 模型 - 樣本數: 120, 特徵數: 8
23:03:28 [INFO] 標籤分佈: {0: 60, 1: 60}
23:03:28 [INFO] 訓練集: 96 樣本, 驗證集: 24 樣本
23:03:28 [INFO] 開始交叉驗證 - 3-fold CV
23:03:28 [INFO] Fold 1/3 - AUC: 0.9850, Precision: 0.9091, Recall: 1.0000, F1: 0.9524
23:03:28 [INFO] Fold 2/3 - AUC: 0.9875, Precision: 0.9474, Recall: 0.9000, F1: 0.9231
23:03:28 [INFO] Fold 3/3 - AUC: 0.9575, Precision: 0.8636, Recall: 0.9500, F1: 0.9048
23:03:28 [INFO] 校準指標 - Brier: 0.1334, ECE: 0.3015, 品質: poor
23:03:28 [WARNING] 校準品質偏低，建議重新調整模型或做機率校準
23:03:28 [INFO] 交叉驗證完成 - Train AUC: 0.9914, CV AUC: 0.9767 ± 0.0136, Overfitting: 0.0147
23:03:28 [INFO] 訓練完成 - Train AUC: 0.9922, CV AUC: 0.9767 ± 0.0136
23:03:28 [INFO] SHAP 全局分析完成 - 樣本數: 40, 特徵數: 8
PASSED                                                                   [ 60%]
tests/momentum/Analysis/test_lightgbm_edge_cases.py::test_h2_shap_sample_size_zero_raises[lightgbm] 
-------------------------------- live log call ---------------------------------
23:03:28 [INFO] 開始訓練 LightGBM 模型 - 樣本數: 120, 特徵數: 8
23:03:28 [INFO] 標籤分佈: {0: 60, 1: 60}
23:03:28 [INFO] 訓練集: 96 樣本, 驗證集: 24 樣本
23:03:28 [INFO] 開始交叉驗證 - 3-fold CV
23:03:28 [INFO] Fold 1/3 - AUC: 0.9750, Precision: 0.8696, Recall: 1.0000, F1: 0.9302
23:03:28 [INFO] Fold 2/3 - AUC: 0.9763, Precision: 0.9444, Recall: 0.8500, F1: 0.8947
23:03:28 [INFO] Fold 3/3 - AUC: 0.9563, Precision: 0.9000, Recall: 0.9000, F1: 0.9000
23:03:28 [INFO] 校準指標 - Brier: 0.1633, ECE: 0.3720, 品質: poor
23:03:28 [WARNING] 校準品質偏低，建議重新調整模型或做機率校準
23:03:28 [INFO] 交叉驗證完成 - Train AUC: 0.9867, CV AUC: 0.9692 ± 0.0091, Overfitting: 0.0175
23:03:28 [INFO] 訓練完成 - Train AUC: 0.9867, CV AUC: 0.9692 ± 0.0091
PASSED                                                                   [ 60%]
tests/momentum/Analysis/test_lightgbm_edge_cases.py::test_h2_shap_sample_size_zero_raises[xgboost] 
-------------------------------- live log call ---------------------------------
23:03:28 [INFO] 開始訓練 XGBoost 模型 - 樣本數: 120, 特徵數: 8
23:03:28 [INFO] 標籤分佈: {0: 60, 1: 60}
23:03:28 [INFO] 訓練集: 96 樣本, 驗證集: 24 樣本
23:03:28 [INFO] 開始交叉驗證 - 3-fold CV
23:03:28 [INFO] Fold 1/3 - AUC: 0.9850, Precision: 0.9091, Recall: 1.0000, F1: 0.9524
23:03:28 [INFO] Fold 2/3 - AUC: 0.9875, Precision: 0.9474, Recall: 0.9000, F1: 0.9231
23:03:28 [INFO] Fold 3/3 - AUC: 0.9575, Precision: 0.8636, Recall: 0.9500, F1: 0.9048
23:03:28 [INFO] 校準指標 - Brier: 0.1334, ECE: 0.3015, 品質: poor
23:03:28 [WARNING] 校準品質偏低，建議重新調整模型或做機率校準
23:03:28 [INFO] 交叉驗證完成 - Train AUC: 0.9914, CV AUC: 0.9767 ± 0.0136, Overfitting: 0.0147
23:03:28 [INFO] 訓練完成 - Train AUC: 0.9922, CV AUC: 0.9767 ± 0.0136
PASSED                                                                   [ 61%]
tests/momentum/Analysis/test_lightgbm_edge_cases.py::test_h3_explain_single_case_feature_mismatch_raises[lightgbm] 
-------------------------------- live log call ---------------------------------
23:03:28 [INFO] 開始訓練 LightGBM 模型 - 樣本數: 120, 特徵數: 8
23:03:28 [INFO] 標籤分佈: {0: 60, 1: 60}
23:03:28 [INFO] 訓練集: 96 樣本, 驗證集: 24 樣本
23:03:28 [INFO] 開始交叉驗證 - 3-fold CV
23:03:28 [INFO] Fold 1/3 - AUC: 0.9750, Precision: 0.8696, Recall: 1.0000, F1: 0.9302
23:03:28 [INFO] Fold 2/3 - AUC: 0.9763, Precision: 0.9444, Recall: 0.8500, F1: 0.8947
23:03:28 [INFO] Fold 3/3 - AUC: 0.9563, Precision: 0.9000, Recall: 0.9000, F1: 0.9000
23:03:28 [INFO] 校準指標 - Brier: 0.1633, ECE: 0.3720, 品質: poor
23:03:28 [WARNING] 校準品質偏低，建議重新調整模型或做機率校準
23:03:28 [INFO] 交叉驗證完成 - Train AUC: 0.9867, CV AUC: 0.9692 ± 0.0091, Overfitting: 0.0175
23:03:28 [INFO] 訓練完成 - Train AUC: 0.9867, CV AUC: 0.9692 ± 0.0091
PASSED                                                                   [ 62%]
tests/momentum/Analysis/test_lightgbm_edge_cases.py::test_h3_explain_single_case_feature_mismatch_raises[xgboost] 
-------------------------------- live log call ---------------------------------
23:03:29 [INFO] 開始訓練 XGBoost 模型 - 樣本數: 120, 特徵數: 8
23:03:29 [INFO] 標籤分佈: {0: 60, 1: 60}
23:03:29 [INFO] 訓練集: 96 樣本, 驗證集: 24 樣本
23:03:29 [INFO] 開始交叉驗證 - 3-fold CV
23:03:29 [INFO] Fold 1/3 - AUC: 0.9850, Precision: 0.9091, Recall: 1.0000, F1: 0.9524
23:03:29 [INFO] Fold 2/3 - AUC: 0.9875, Precision: 0.9474, Recall: 0.9000, F1: 0.9231
23:03:29 [INFO] Fold 3/3 - AUC: 0.9575, Precision: 0.8636, Recall: 0.9500, F1: 0.9048
23:03:29 [INFO] 校準指標 - Brier: 0.1334, ECE: 0.3015, 品質: poor
23:03:29 [WARNING] 校準品質偏低，建議重新調整模型或做機率校準
23:03:29 [INFO] 交叉驗證完成 - Train AUC: 0.9914, CV AUC: 0.9767 ± 0.0136, Overfitting: 0.0147
23:03:29 [INFO] 訓練完成 - Train AUC: 0.9922, CV AUC: 0.9767 ± 0.0136
PASSED                                                                   [ 63%]
tests/momentum/Analysis/test_lightgbm_edge_cases.py::test_precision_at_k_parameter_sweep[1-lightgbm] 
-------------------------------- live log call ---------------------------------
23:03:29 [INFO] 開始訓練 LightGBM 模型 - 樣本數: 120, 特徵數: 8
23:03:29 [INFO] 標籤分佈: {0: 60, 1: 60}
23:03:29 [INFO] 訓練集: 96 樣本, 驗證集: 24 樣本
23:03:29 [INFO] 開始交叉驗證 - 3-fold CV
23:03:29 [INFO] Fold 1/3 - AUC: 0.9750, Precision: 0.8696, Recall: 1.0000, F1: 0.9302
23:03:29 [INFO] Fold 2/3 - AUC: 0.9763, Precision: 0.9444, Recall: 0.8500, F1: 0.8947
23:03:29 [INFO] Fold 3/3 - AUC: 0.9563, Precision: 0.9000, Recall: 0.9000, F1: 0.9000
23:03:29 [INFO] 校準指標 - Brier: 0.1633, ECE: 0.3720, 品質: poor
23:03:29 [WARNING] 校準品質偏低，建議重新調整模型或做機率校準
23:03:29 [INFO] 交叉驗證完成 - Train AUC: 0.9867, CV AUC: 0.9692 ± 0.0091, Overfitting: 0.0175
23:03:29 [INFO] 訓練完成 - Train AUC: 0.9867, CV AUC: 0.9692 ± 0.0091
PASSED                                                                   [ 63%]
tests/momentum/Analysis/test_lightgbm_edge_cases.py::test_precision_at_k_parameter_sweep[1-xgboost] 
-------------------------------- live log call ---------------------------------
23:03:29 [INFO] 開始訓練 XGBoost 模型 - 樣本數: 120, 特徵數: 8
23:03:29 [INFO] 標籤分佈: {0: 60, 1: 60}
23:03:29 [INFO] 訓練集: 96 樣本, 驗證集: 24 樣本
23:03:29 [INFO] 開始交叉驗證 - 3-fold CV
23:03:29 [INFO] Fold 1/3 - AUC: 0.9850, Precision: 0.9091, Recall: 1.0000, F1: 0.9524
23:03:29 [INFO] Fold 2/3 - AUC: 0.9875, Precision: 0.9474, Recall: 0.9000, F1: 0.9231
23:03:29 [INFO] Fold 3/3 - AUC: 0.9575, Precision: 0.8636, Recall: 0.9500, F1: 0.9048
23:03:29 [INFO] 校準指標 - Brier: 0.1334, ECE: 0.3015, 品質: poor
23:03:29 [WARNING] 校準品質偏低，建議重新調整模型或做機率校準
23:03:29 [INFO] 交叉驗證完成 - Train AUC: 0.9914, CV AUC: 0.9767 ± 0.0136, Overfitting: 0.0147
23:03:29 [INFO] 訓練完成 - Train AUC: 0.9922, CV AUC: 0.9767 ± 0.0136
23:03:29 [INFO] Precision@1% = 1.0000, threshold=0.6888, samples=1
PASSED                                                                   [ 64%]
tests/momentum/Analysis/test_lightgbm_edge_cases.py::test_precision_at_k_parameter_sweep[2-lightgbm] 
-------------------------------- live log call ---------------------------------
23:03:29 [INFO] 開始訓練 LightGBM 模型 - 樣本數: 120, 特徵數: 8
23:03:29 [INFO] 標籤分佈: {0: 60, 1: 60}
23:03:29 [INFO] 訓練集: 96 樣本, 驗證集: 24 樣本
23:03:29 [INFO] 開始交叉驗證 - 3-fold CV
23:03:29 [INFO] Fold 1/3 - AUC: 0.9750, Precision: 0.8696, Recall: 1.0000, F1: 0.9302
23:03:29 [INFO] Fold 2/3 - AUC: 0.9763, Precision: 0.9444, Recall: 0.8500, F1: 0.8947
23:03:29 [INFO] Fold 3/3 - AUC: 0.9563, Precision: 0.9000, Recall: 0.9000, F1: 0.9000
23:03:29 [INFO] 校準指標 - Brier: 0.1633, ECE: 0.3720, 品質: poor
23:03:29 [WARNING] 校準品質偏低，建議重新調整模型或做機率校準
23:03:29 [INFO] 交叉驗證完成 - Train AUC: 0.9867, CV AUC: 0.9692 ± 0.0091, Overfitting: 0.0175
23:03:29 [INFO] 訓練完成 - Train AUC: 0.9867, CV AUC: 0.9692 ± 0.0091
PASSED                                                                   [ 65%]
tests/momentum/Analysis/test_lightgbm_edge_cases.py::test_precision_at_k_parameter_sweep[2-xgboost] 
-------------------------------- live log call ---------------------------------
23:03:29 [INFO] 開始訓練 XGBoost 模型 - 樣本數: 120, 特徵數: 8
23:03:29 [INFO] 標籤分佈: {0: 60, 1: 60}
23:03:29 [INFO] 訓練集: 96 樣本, 驗證集: 24 樣本
23:03:29 [INFO] 開始交叉驗證 - 3-fold CV
23:03:29 [INFO] Fold 1/3 - AUC: 0.9850, Precision: 0.9091, Recall: 1.0000, F1: 0.9524
23:03:29 [INFO] Fold 2/3 - AUC: 0.9875, Precision: 0.9474, Recall: 0.9000, F1: 0.9231
23:03:29 [INFO] Fold 3/3 - AUC: 0.9575, Precision: 0.8636, Recall: 0.9500, F1: 0.9048
23:03:29 [INFO] 校準指標 - Brier: 0.1334, ECE: 0.3015, 品質: poor
23:03:29 [WARNING] 校準品質偏低，建議重新調整模型或做機率校準
23:03:29 [INFO] 交叉驗證完成 - Train AUC: 0.9914, CV AUC: 0.9767 ± 0.0136, Overfitting: 0.0147
23:03:29 [INFO] 訓練完成 - Train AUC: 0.9922, CV AUC: 0.9767 ± 0.0136
23:03:29 [INFO] Precision@2% = 1.0000, threshold=0.6888, samples=2
PASSED                                                                   [ 65%]
tests/momentum/Analysis/test_lightgbm_edge_cases.py::test_precision_at_k_parameter_sweep[3-lightgbm] 
-------------------------------- live log call ---------------------------------
23:03:29 [INFO] 開始訓練 LightGBM 模型 - 樣本數: 120, 特徵數: 8
23:03:29 [INFO] 標籤分佈: {0: 60, 1: 60}
23:03:29 [INFO] 訓練集: 96 樣本, 驗證集: 24 樣本
23:03:29 [INFO] 開始交叉驗證 - 3-fold CV
23:03:29 [INFO] Fold 1/3 - AUC: 0.9750, Precision: 0.8696, Recall: 1.0000, F1: 0.9302
23:03:29 [INFO] Fold 2/3 - AUC: 0.9763, Precision: 0.9444, Recall: 0.8500, F1: 0.8947
23:03:29 [INFO] Fold 3/3 - AUC: 0.9563, Precision: 0.9000, Recall: 0.9000, F1: 0.9000
23:03:29 [INFO] 校準指標 - Brier: 0.1633, ECE: 0.3720, 品質: poor
23:03:29 [WARNING] 校準品質偏低，建議重新調整模型或做機率校準
23:03:29 [INFO] 交叉驗證完成 - Train AUC: 0.9867, CV AUC: 0.9692 ± 0.0091, Overfitting: 0.0175
23:03:29 [INFO] 訓練完成 - Train AUC: 0.9867, CV AUC: 0.9692 ± 0.0091
PASSED                                                                   [ 66%]
tests/momentum/Analysis/test_lightgbm_edge_cases.py::test_precision_at_k_parameter_sweep[3-xgboost] 
-------------------------------- live log call ---------------------------------
23:03:29 [INFO] 開始訓練 XGBoost 模型 - 樣本數: 120, 特徵數: 8
23:03:29 [INFO] 標籤分佈: {0: 60, 1: 60}
23:03:29 [INFO] 訓練集: 96 樣本, 驗證集: 24 樣本
23:03:29 [INFO] 開始交叉驗證 - 3-fold CV
23:03:29 [INFO] Fold 1/3 - AUC: 0.9850, Precision: 0.9091, Recall: 1.0000, F1: 0.9524
23:03:29 [INFO] Fold 2/3 - AUC: 0.9875, Precision: 0.9474, Recall: 0.9000, F1: 0.9231
23:03:29 [INFO] Fold 3/3 - AUC: 0.9575, Precision: 0.8636, Recall: 0.9500, F1: 0.9048
23:03:29 [INFO] 校準指標 - Brier: 0.1334, ECE: 0.3015, 品質: poor
23:03:29 [WARNING] 校準品質偏低，建議重新調整模型或做機率校準
23:03:29 [INFO] 交叉驗證完成 - Train AUC: 0.9914, CV AUC: 0.9767 ± 0.0136, Overfitting: 0.0147
23:03:29 [INFO] 訓練完成 - Train AUC: 0.9922, CV AUC: 0.9767 ± 0.0136
23:03:29 [INFO] Precision@3% = 1.0000, threshold=0.6888, samples=3
PASSED                                                                   [ 67%]
tests/momentum/Analysis/test_lightgbm_edge_cases.py::test_precision_at_k_parameter_sweep[5-lightgbm] 
-------------------------------- live log call ---------------------------------
23:03:29 [INFO] 開始訓練 LightGBM 模型 - 樣本數: 120, 特徵數: 8
23:03:29 [INFO] 標籤分佈: {0: 60, 1: 60}
23:03:29 [INFO] 訓練集: 96 樣本, 驗證集: 24 樣本
23:03:29 [INFO] 開始交叉驗證 - 3-fold CV
23:03:29 [INFO] Fold 1/3 - AUC: 0.9750, Precision: 0.8696, Recall: 1.0000, F1: 0.9302
23:03:29 [INFO] Fold 2/3 - AUC: 0.9763, Precision: 0.9444, Recall: 0.8500, F1: 0.8947
23:03:29 [INFO] Fold 3/3 - AUC: 0.9563, Precision: 0.9000, Recall: 0.9000, F1: 0.9000
23:03:29 [INFO] 校準指標 - Brier: 0.1633, ECE: 0.3720, 品質: poor
23:03:29 [WARNING] 校準品質偏低，建議重新調整模型或做機率校準
23:03:29 [INFO] 交叉驗證完成 - Train AUC: 0.9867, CV AUC: 0.9692 ± 0.0091, Overfitting: 0.0175
23:03:29 [INFO] 訓練完成 - Train AUC: 0.9867, CV AUC: 0.9692 ± 0.0091
PASSED                                                                   [ 68%]
tests/momentum/Analysis/test_lightgbm_edge_cases.py::test_precision_at_k_parameter_sweep[5-xgboost] 
-------------------------------- live log call ---------------------------------
23:03:29 [INFO] 開始訓練 XGBoost 模型 - 樣本數: 120, 特徵數: 8
23:03:29 [INFO] 標籤分佈: {0: 60, 1: 60}
23:03:29 [INFO] 訓練集: 96 樣本, 驗證集: 24 樣本
23:03:29 [INFO] 開始交叉驗證 - 3-fold CV
23:03:29 [INFO] Fold 1/3 - AUC: 0.9850, Precision: 0.9091, Recall: 1.0000, F1: 0.9524
23:03:29 [INFO] Fold 2/3 - AUC: 0.9875, Precision: 0.9474, Recall: 0.9000, F1: 0.9231
23:03:29 [INFO] Fold 3/3 - AUC: 0.9575, Precision: 0.8636, Recall: 0.9500, F1: 0.9048
23:03:29 [INFO] 校準指標 - Brier: 0.1334, ECE: 0.3015, 品質: poor
23:03:29 [WARNING] 校準品質偏低，建議重新調整模型或做機率校準
23:03:29 [INFO] 交叉驗證完成 - Train AUC: 0.9914, CV AUC: 0.9767 ± 0.0136, Overfitting: 0.0147
23:03:29 [INFO] 訓練完成 - Train AUC: 0.9922, CV AUC: 0.9767 ± 0.0136
23:03:29 [INFO] Precision@5% = 1.0000, threshold=0.6827, samples=6
PASSED                                                                   [ 68%]
tests/momentum/Analysis/test_lightgbm_edge_cases.py::test_precision_at_k_parameter_sweep[8-lightgbm] 
-------------------------------- live log call ---------------------------------
23:03:29 [INFO] 開始訓練 LightGBM 模型 - 樣本數: 120, 特徵數: 8
23:03:29 [INFO] 標籤分佈: {0: 60, 1: 60}
23:03:29 [INFO] 訓練集: 96 樣本, 驗證集: 24 樣本
23:03:29 [INFO] 開始交叉驗證 - 3-fold CV
23:03:29 [INFO] Fold 1/3 - AUC: 0.9750, Precision: 0.8696, Recall: 1.0000, F1: 0.9302
23:03:29 [INFO] Fold 2/3 - AUC: 0.9763, Precision: 0.9444, Recall: 0.8500, F1: 0.8947
23:03:29 [INFO] Fold 3/3 - AUC: 0.9563, Precision: 0.9000, Recall: 0.9000, F1: 0.9000
23:03:29 [INFO] 校準指標 - Brier: 0.1633, ECE: 0.3720, 品質: poor
23:03:29 [WARNING] 校準品質偏低，建議重新調整模型或做機率校準
23:03:29 [INFO] 交叉驗證完成 - Train AUC: 0.9867, CV AUC: 0.9692 ± 0.0091, Overfitting: 0.0175
23:03:29 [INFO] 訓練完成 - Train AUC: 0.9867, CV AUC: 0.9692 ± 0.0091
PASSED                                                                   [ 69%]
tests/momentum/Analysis/test_lightgbm_edge_cases.py::test_precision_at_k_parameter_sweep[8-xgboost] 
-------------------------------- live log call ---------------------------------
23:03:29 [INFO] 開始訓練 XGBoost 模型 - 樣本數: 120, 特徵數: 8
23:03:29 [INFO] 標籤分佈: {0: 60, 1: 60}
23:03:29 [INFO] 訓練集: 96 樣本, 驗證集: 24 樣本
23:03:29 [INFO] 開始交叉驗證 - 3-fold CV
23:03:29 [INFO] Fold 1/3 - AUC: 0.9850, Precision: 0.9091, Recall: 1.0000, F1: 0.9524
23:03:29 [INFO] Fold 2/3 - AUC: 0.9875, Precision: 0.9474, Recall: 0.9000, F1: 0.9231
23:03:29 [INFO] Fold 3/3 - AUC: 0.9575, Precision: 0.8636, Recall: 0.9500, F1: 0.9048
23:03:29 [INFO] 校準指標 - Brier: 0.1334, ECE: 0.3015, 品質: poor
23:03:29 [WARNING] 校準品質偏低，建議重新調整模型或做機率校準
23:03:29 [INFO] 交叉驗證完成 - Train AUC: 0.9914, CV AUC: 0.9767 ± 0.0136, Overfitting: 0.0147
23:03:29 [INFO] 訓練完成 - Train AUC: 0.9922, CV AUC: 0.9767 ± 0.0136
23:03:29 [INFO] Precision@8% = 1.0000, threshold=0.6815, samples=9
PASSED                                                                   [ 70%]
tests/momentum/Analysis/test_lightgbm_edge_cases.py::test_precision_at_k_parameter_sweep[10-lightgbm] 
-------------------------------- live log call ---------------------------------
23:03:29 [INFO] 開始訓練 LightGBM 模型 - 樣本數: 120, 特徵數: 8
23:03:29 [INFO] 標籤分佈: {0: 60, 1: 60}
23:03:29 [INFO] 訓練集: 96 樣本, 驗證集: 24 樣本
23:03:29 [INFO] 開始交叉驗證 - 3-fold CV
23:03:29 [INFO] Fold 1/3 - AUC: 0.9750, Precision: 0.8696, Recall: 1.0000, F1: 0.9302
23:03:29 [INFO] Fold 2/3 - AUC: 0.9763, Precision: 0.9444, Recall: 0.8500, F1: 0.8947
23:03:29 [INFO] Fold 3/3 - AUC: 0.9563, Precision: 0.9000, Recall: 0.9000, F1: 0.9000
23:03:29 [INFO] 校準指標 - Brier: 0.1633, ECE: 0.3720, 品質: poor
23:03:29 [WARNING] 校準品質偏低，建議重新調整模型或做機率校準
23:03:29 [INFO] 交叉驗證完成 - Train AUC: 0.9867, CV AUC: 0.9692 ± 0.0091, Overfitting: 0.0175
23:03:29 [INFO] 訓練完成 - Train AUC: 0.9867, CV AUC: 0.9692 ± 0.0091
PASSED                                                                   [ 70%]
tests/momentum/Analysis/test_lightgbm_edge_cases.py::test_precision_at_k_parameter_sweep[10-xgboost] 
-------------------------------- live log call ---------------------------------
23:03:29 [INFO] 開始訓練 XGBoost 模型 - 樣本數: 120, 特徵數: 8
23:03:29 [INFO] 標籤分佈: {0: 60, 1: 60}
23:03:29 [INFO] 訓練集: 96 樣本, 驗證集: 24 樣本
23:03:29 [INFO] 開始交叉驗證 - 3-fold CV
23:03:29 [INFO] Fold 1/3 - AUC: 0.9850, Precision: 0.9091, Recall: 1.0000, F1: 0.9524
23:03:29 [INFO] Fold 2/3 - AUC: 0.9875, Precision: 0.9474, Recall: 0.9000, F1: 0.9231
23:03:29 [INFO] Fold 3/3 - AUC: 0.9575, Precision: 0.8636, Recall: 0.9500, F1: 0.9048
23:03:29 [INFO] 校準指標 - Brier: 0.1334, ECE: 0.3015, 品質: poor
23:03:29 [WARNING] 校準品質偏低，建議重新調整模型或做機率校準
23:03:29 [INFO] 交叉驗證完成 - Train AUC: 0.9914, CV AUC: 0.9767 ± 0.0136, Overfitting: 0.0147
23:03:29 [INFO] 訓練完成 - Train AUC: 0.9922, CV AUC: 0.9767 ± 0.0136
23:03:29 [INFO] Precision@10% = 1.0000, threshold=0.6753, samples=12
PASSED                                                                   [ 71%]
tests/momentum/Analysis/test_lightgbm_edge_cases.py::test_precision_at_k_parameter_sweep[15-lightgbm] 
-------------------------------- live log call ---------------------------------
23:03:29 [INFO] 開始訓練 LightGBM 模型 - 樣本數: 120, 特徵數: 8
23:03:29 [INFO] 標籤分佈: {0: 60, 1: 60}
23:03:29 [INFO] 訓練集: 96 樣本, 驗證集: 24 樣本
23:03:29 [INFO] 開始交叉驗證 - 3-fold CV
23:03:29 [INFO] Fold 1/3 - AUC: 0.9750, Precision: 0.8696, Recall: 1.0000, F1: 0.9302
23:03:29 [INFO] Fold 2/3 - AUC: 0.9763, Precision: 0.9444, Recall: 0.8500, F1: 0.8947
23:03:29 [INFO] Fold 3/3 - AUC: 0.9563, Precision: 0.9000, Recall: 0.9000, F1: 0.9000
23:03:29 [INFO] 校準指標 - Brier: 0.1633, ECE: 0.3720, 品質: poor
23:03:29 [WARNING] 校準品質偏低，建議重新調整模型或做機率校準
23:03:29 [INFO] 交叉驗證完成 - Train AUC: 0.9867, CV AUC: 0.9692 ± 0.0091, Overfitting: 0.0175
23:03:29 [INFO] 訓練完成 - Train AUC: 0.9867, CV AUC: 0.9692 ± 0.0091
PASSED                                                                   [ 72%]
tests/momentum/Analysis/test_lightgbm_edge_cases.py::test_precision_at_k_parameter_sweep[15-xgboost] 
-------------------------------- live log call ---------------------------------
23:03:29 [INFO] 開始訓練 XGBoost 模型 - 樣本數: 120, 特徵數: 8
23:03:29 [INFO] 標籤分佈: {0: 60, 1: 60}
23:03:29 [INFO] 訓練集: 96 樣本, 驗證集: 24 樣本
23:03:29 [INFO] 開始交叉驗證 - 3-fold CV
23:03:29 [INFO] Fold 1/3 - AUC: 0.9850, Precision: 0.9091, Recall: 1.0000, F1: 0.9524
23:03:29 [INFO] Fold 2/3 - AUC: 0.9875, Precision: 0.9474, Recall: 0.9000, F1: 0.9231
23:03:29 [INFO] Fold 3/3 - AUC: 0.9575, Precision: 0.8636, Recall: 0.9500, F1: 0.9048
23:03:29 [INFO] 校準指標 - Brier: 0.1334, ECE: 0.3015, 品質: poor
23:03:29 [WARNING] 校準品質偏低，建議重新調整模型或做機率校準
23:03:29 [INFO] 交叉驗證完成 - Train AUC: 0.9914, CV AUC: 0.9767 ± 0.0136, Overfitting: 0.0147
23:03:29 [INFO] 訓練完成 - Train AUC: 0.9922, CV AUC: 0.9767 ± 0.0136
23:03:29 [INFO] Precision@15% = 1.0000, threshold=0.6734, samples=18
PASSED                                                                   [ 73%]
tests/momentum/Analysis/test_lightgbm_edge_cases.py::test_precision_at_k_parameter_sweep[20-lightgbm] 
-------------------------------- live log call ---------------------------------
23:03:29 [INFO] 開始訓練 LightGBM 模型 - 樣本數: 120, 特徵數: 8
23:03:29 [INFO] 標籤分佈: {0: 60, 1: 60}
23:03:29 [INFO] 訓練集: 96 樣本, 驗證集: 24 樣本
23:03:29 [INFO] 開始交叉驗證 - 3-fold CV
23:03:29 [INFO] Fold 1/3 - AUC: 0.9750, Precision: 0.8696, Recall: 1.0000, F1: 0.9302
23:03:29 [INFO] Fold 2/3 - AUC: 0.9763, Precision: 0.9444, Recall: 0.8500, F1: 0.8947
23:03:29 [INFO] Fold 3/3 - AUC: 0.9563, Precision: 0.9000, Recall: 0.9000, F1: 0.9000
23:03:29 [INFO] 校準指標 - Brier: 0.1633, ECE: 0.3720, 品質: poor
23:03:29 [WARNING] 校準品質偏低，建議重新調整模型或做機率校準
23:03:29 [INFO] 交叉驗證完成 - Train AUC: 0.9867, CV AUC: 0.9692 ± 0.0091, Overfitting: 0.0175
23:03:29 [INFO] 訓練完成 - Train AUC: 0.9867, CV AUC: 0.9692 ± 0.0091
PASSED                                                                   [ 73%]
tests/momentum/Analysis/test_lightgbm_edge_cases.py::test_precision_at_k_parameter_sweep[20-xgboost] 
-------------------------------- live log call ---------------------------------
23:03:29 [INFO] 開始訓練 XGBoost 模型 - 樣本數: 120, 特徵數: 8
23:03:29 [INFO] 標籤分佈: {0: 60, 1: 60}
23:03:29 [INFO] 訓練集: 96 樣本, 驗證集: 24 樣本
23:03:29 [INFO] 開始交叉驗證 - 3-fold CV
23:03:29 [INFO] Fold 1/3 - AUC: 0.9850, Precision: 0.9091, Recall: 1.0000, F1: 0.9524
23:03:29 [INFO] Fold 2/3 - AUC: 0.9875, Precision: 0.9474, Recall: 0.9000, F1: 0.9231
23:03:29 [INFO] Fold 3/3 - AUC: 0.9575, Precision: 0.8636, Recall: 0.9500, F1: 0.9048
23:03:29 [INFO] 校準指標 - Brier: 0.1334, ECE: 0.3015, 品質: poor
23:03:29 [WARNING] 校準品質偏低，建議重新調整模型或做機率校準
23:03:29 [INFO] 交叉驗證完成 - Train AUC: 0.9914, CV AUC: 0.9767 ± 0.0136, Overfitting: 0.0147
23:03:29 [INFO] 訓練完成 - Train AUC: 0.9922, CV AUC: 0.9767 ± 0.0136
23:03:29 [INFO] Precision@20% = 1.0000, threshold=0.6662, samples=24
PASSED                                                                   [ 74%]
tests/momentum/Analysis/test_lightgbm_edge_cases.py::test_precision_at_k_parameter_sweep[30-lightgbm] 
-------------------------------- live log call ---------------------------------
23:03:29 [INFO] 開始訓練 LightGBM 模型 - 樣本數: 120, 特徵數: 8
23:03:29 [INFO] 標籤分佈: {0: 60, 1: 60}
23:03:29 [INFO] 訓練集: 96 樣本, 驗證集: 24 樣本
23:03:29 [INFO] 開始交叉驗證 - 3-fold CV
23:03:29 [INFO] Fold 1/3 - AUC: 0.9750, Precision: 0.8696, Recall: 1.0000, F1: 0.9302
23:03:29 [INFO] Fold 2/3 - AUC: 0.9763, Precision: 0.9444, Recall: 0.8500, F1: 0.8947
23:03:29 [INFO] Fold 3/3 - AUC: 0.9563, Precision: 0.9000, Recall: 0.9000, F1: 0.9000
23:03:29 [INFO] 校準指標 - Brier: 0.1633, ECE: 0.3720, 品質: poor
23:03:29 [WARNING] 校準品質偏低，建議重新調整模型或做機率校準
23:03:29 [INFO] 交叉驗證完成 - Train AUC: 0.9867, CV AUC: 0.9692 ± 0.0091, Overfitting: 0.0175
23:03:29 [INFO] 訓練完成 - Train AUC: 0.9867, CV AUC: 0.9692 ± 0.0091
PASSED                                                                   [ 75%]
tests/momentum/Analysis/test_lightgbm_edge_cases.py::test_precision_at_k_parameter_sweep[30-xgboost] 
-------------------------------- live log call ---------------------------------
23:03:29 [INFO] 開始訓練 XGBoost 模型 - 樣本數: 120, 特徵數: 8
23:03:29 [INFO] 標籤分佈: {0: 60, 1: 60}
23:03:29 [INFO] 訓練集: 96 樣本, 驗證集: 24 樣本
23:03:29 [INFO] 開始交叉驗證 - 3-fold CV
23:03:29 [INFO] Fold 1/3 - AUC: 0.9850, Precision: 0.9091, Recall: 1.0000, F1: 0.9524
23:03:29 [INFO] Fold 2/3 - AUC: 0.9875, Precision: 0.9474, Recall: 0.9000, F1: 0.9231
23:03:29 [INFO] Fold 3/3 - AUC: 0.9575, Precision: 0.8636, Recall: 0.9500, F1: 0.9048
23:03:29 [INFO] 校準指標 - Brier: 0.1334, ECE: 0.3015, 品質: poor
23:03:29 [WARNING] 校準品質偏低，建議重新調整模型或做機率校準
23:03:29 [INFO] 交叉驗證完成 - Train AUC: 0.9914, CV AUC: 0.9767 ± 0.0136, Overfitting: 0.0147
23:03:29 [INFO] 訓練完成 - Train AUC: 0.9922, CV AUC: 0.9767 ± 0.0136
23:03:29 [INFO] Precision@30% = 1.0000, threshold=0.6468, samples=36
PASSED                                                                   [ 75%]
tests/momentum/Analysis/test_lightgbm_edge_cases.py::test_precision_at_k_parameter_sweep[40-lightgbm] 
-------------------------------- live log call ---------------------------------
23:03:29 [INFO] 開始訓練 LightGBM 模型 - 樣本數: 120, 特徵數: 8
23:03:29 [INFO] 標籤分佈: {0: 60, 1: 60}
23:03:29 [INFO] 訓練集: 96 樣本, 驗證集: 24 樣本
23:03:29 [INFO] 開始交叉驗證 - 3-fold CV
23:03:29 [INFO] Fold 1/3 - AUC: 0.9750, Precision: 0.8696, Recall: 1.0000, F1: 0.9302
23:03:29 [INFO] Fold 2/3 - AUC: 0.9763, Precision: 0.9444, Recall: 0.8500, F1: 0.8947
23:03:29 [INFO] Fold 3/3 - AUC: 0.9563, Precision: 0.9000, Recall: 0.9000, F1: 0.9000
23:03:29 [INFO] 校準指標 - Brier: 0.1633, ECE: 0.3720, 品質: poor
23:03:29 [WARNING] 校準品質偏低，建議重新調整模型或做機率校準
23:03:29 [INFO] 交叉驗證完成 - Train AUC: 0.9867, CV AUC: 0.9692 ± 0.0091, Overfitting: 0.0175
23:03:29 [INFO] 訓練完成 - Train AUC: 0.9867, CV AUC: 0.9692 ± 0.0091
PASSED                                                                   [ 76%]
tests/momentum/Analysis/test_lightgbm_edge_cases.py::test_precision_at_k_parameter_sweep[40-xgboost] 
-------------------------------- live log call ---------------------------------
23:03:29 [INFO] 開始訓練 XGBoost 模型 - 樣本數: 120, 特徵數: 8
23:03:29 [INFO] 標籤分佈: {0: 60, 1: 60}
23:03:29 [INFO] 訓練集: 96 樣本, 驗證集: 24 樣本
23:03:29 [INFO] 開始交叉驗證 - 3-fold CV
23:03:29 [INFO] Fold 1/3 - AUC: 0.9850, Precision: 0.9091, Recall: 1.0000, F1: 0.9524
23:03:29 [INFO] Fold 2/3 - AUC: 0.9875, Precision: 0.9474, Recall: 0.9000, F1: 0.9231
23:03:29 [INFO] Fold 3/3 - AUC: 0.9575, Precision: 0.8636, Recall: 0.9500, F1: 0.9048
23:03:29 [INFO] 校準指標 - Brier: 0.1334, ECE: 0.3015, 品質: poor
23:03:29 [WARNING] 校準品質偏低，建議重新調整模型或做機率校準
23:03:29 [INFO] 交叉驗證完成 - Train AUC: 0.9914, CV AUC: 0.9767 ± 0.0136, Overfitting: 0.0147
23:03:29 [INFO] 訓練完成 - Train AUC: 0.9922, CV AUC: 0.9767 ± 0.0136
23:03:29 [INFO] Precision@40% = 1.0000, threshold=0.6350, samples=48
PASSED                                                                   [ 77%]
tests/momentum/Analysis/test_lightgbm_edge_cases.py::test_precision_at_k_parameter_sweep[50-lightgbm] 
-------------------------------- live log call ---------------------------------
23:03:29 [INFO] 開始訓練 LightGBM 模型 - 樣本數: 120, 特徵數: 8
23:03:29 [INFO] 標籤分佈: {0: 60, 1: 60}
23:03:29 [INFO] 訓練集: 96 樣本, 驗證集: 24 樣本
23:03:29 [INFO] 開始交叉驗證 - 3-fold CV
23:03:29 [INFO] Fold 1/3 - AUC: 0.9750, Precision: 0.8696, Recall: 1.0000, F1: 0.9302
23:03:29 [INFO] Fold 2/3 - AUC: 0.9763, Precision: 0.9444, Recall: 0.8500, F1: 0.8947
23:03:29 [INFO] Fold 3/3 - AUC: 0.9563, Precision: 0.9000, Recall: 0.9000, F1: 0.9000
23:03:29 [INFO] 校準指標 - Brier: 0.1633, ECE: 0.3720, 品質: poor
23:03:29 [WARNING] 校準品質偏低，建議重新調整模型或做機率校準
23:03:29 [INFO] 交叉驗證完成 - Train AUC: 0.9867, CV AUC: 0.9692 ± 0.0091, Overfitting: 0.0175
23:03:29 [INFO] 訓練完成 - Train AUC: 0.9867, CV AUC: 0.9692 ± 0.0091
PASSED                                                                   [ 78%]
tests/momentum/Analysis/test_lightgbm_edge_cases.py::test_precision_at_k_parameter_sweep[50-xgboost] 
-------------------------------- live log call ---------------------------------
23:03:29 [INFO] 開始訓練 XGBoost 模型 - 樣本數: 120, 特徵數: 8
23:03:29 [INFO] 標籤分佈: {0: 60, 1: 60}
23:03:29 [INFO] 訓練集: 96 樣本, 驗證集: 24 樣本
23:03:29 [INFO] 開始交叉驗證 - 3-fold CV
23:03:30 [INFO] Fold 1/3 - AUC: 0.9850, Precision: 0.9091, Recall: 1.0000, F1: 0.9524
23:03:30 [INFO] Fold 2/3 - AUC: 0.9875, Precision: 0.9474, Recall: 0.9000, F1: 0.9231
23:03:30 [INFO] Fold 3/3 - AUC: 0.9575, Precision: 0.8636, Recall: 0.9500, F1: 0.9048
23:03:30 [INFO] 校準指標 - Brier: 0.1334, ECE: 0.3015, 品質: poor
23:03:30 [WARNING] 校準品質偏低，建議重新調整模型或做機率校準
23:03:30 [INFO] 交叉驗證完成 - Train AUC: 0.9914, CV AUC: 0.9767 ± 0.0136, Overfitting: 0.0147
23:03:30 [INFO] 訓練完成 - Train AUC: 0.9922, CV AUC: 0.9767 ± 0.0136
23:03:30 [INFO] Precision@50% = 0.9333, threshold=0.5915, samples=60
PASSED                                                                   [ 78%]
tests/momentum/Analysis/test_lightgbm_edge_cases.py::test_precision_at_k_parameter_sweep[60-lightgbm] 
-------------------------------- live log call ---------------------------------
23:03:30 [INFO] 開始訓練 LightGBM 模型 - 樣本數: 120, 特徵數: 8
23:03:30 [INFO] 標籤分佈: {0: 60, 1: 60}
23:03:30 [INFO] 訓練集: 96 樣本, 驗證集: 24 樣本
23:03:30 [INFO] 開始交叉驗證 - 3-fold CV
23:03:30 [INFO] Fold 1/3 - AUC: 0.9750, Precision: 0.8696, Recall: 1.0000, F1: 0.9302
23:03:30 [INFO] Fold 2/3 - AUC: 0.9763, Precision: 0.9444, Recall: 0.8500, F1: 0.8947
23:03:30 [INFO] Fold 3/3 - AUC: 0.9563, Precision: 0.9000, Recall: 0.9000, F1: 0.9000
23:03:30 [INFO] 校準指標 - Brier: 0.1633, ECE: 0.3720, 品質: poor
23:03:30 [WARNING] 校準品質偏低，建議重新調整模型或做機率校準
23:03:30 [INFO] 交叉驗證完成 - Train AUC: 0.9867, CV AUC: 0.9692 ± 0.0091, Overfitting: 0.0175
23:03:30 [INFO] 訓練完成 - Train AUC: 0.9867, CV AUC: 0.9692 ± 0.0091
PASSED                                                                   [ 79%]
tests/momentum/Analysis/test_lightgbm_edge_cases.py::test_precision_at_k_parameter_sweep[60-xgboost] 
-------------------------------- live log call ---------------------------------
23:03:30 [INFO] 開始訓練 XGBoost 模型 - 樣本數: 120, 特徵數: 8
23:03:30 [INFO] 標籤分佈: {0: 60, 1: 60}
23:03:30 [INFO] 訓練集: 96 樣本, 驗證集: 24 樣本
23:03:30 [INFO] 開始交叉驗證 - 3-fold CV
23:03:30 [INFO] Fold 1/3 - AUC: 0.9850, Precision: 0.9091, Recall: 1.0000, F1: 0.9524
23:03:30 [INFO] Fold 2/3 - AUC: 0.9875, Precision: 0.9474, Recall: 0.9000, F1: 0.9231
23:03:30 [INFO] Fold 3/3 - AUC: 0.9575, Precision: 0.8636, Recall: 0.9500, F1: 0.9048
23:03:30 [INFO] 校準指標 - Brier: 0.1334, ECE: 0.3015, 品質: poor
23:03:30 [WARNING] 校準品質偏低，建議重新調整模型或做機率校準
23:03:30 [INFO] 交叉驗證完成 - Train AUC: 0.9914, CV AUC: 0.9767 ± 0.0136, Overfitting: 0.0147
23:03:30 [INFO] 訓練完成 - Train AUC: 0.9922, CV AUC: 0.9767 ± 0.0136
23:03:30 [INFO] Precision@60% = 0.8194, threshold=0.3609, samples=72
PASSED                                                                   [ 80%]
tests/momentum/Analysis/test_lightgbm_edge_cases.py::test_validate_oot_sample_size_sweep[10-lightgbm] 
-------------------------------- live log call ---------------------------------
23:03:30 [INFO] 開始訓練 LightGBM 模型 - 樣本數: 120, 特徵數: 8
23:03:30 [INFO] 標籤分佈: {0: 60, 1: 60}
23:03:30 [INFO] 訓練集: 96 樣本, 驗證集: 24 樣本
23:03:30 [INFO] 開始交叉驗證 - 3-fold CV
23:03:30 [INFO] Fold 1/3 - AUC: 0.9750, Precision: 0.8696, Recall: 1.0000, F1: 0.9302
23:03:30 [INFO] Fold 2/3 - AUC: 0.9763, Precision: 0.9444, Recall: 0.8500, F1: 0.8947
23:03:30 [INFO] Fold 3/3 - AUC: 0.9563, Precision: 0.9000, Recall: 0.9000, F1: 0.9000
23:03:30 [INFO] 校準指標 - Brier: 0.1633, ECE: 0.3720, 品質: poor
23:03:30 [WARNING] 校準品質偏低，建議重新調整模型或做機率校準
23:03:30 [INFO] 交叉驗證完成 - Train AUC: 0.9867, CV AUC: 0.9692 ± 0.0091, Overfitting: 0.0175
23:03:30 [INFO] 訓練完成 - Train AUC: 0.9867, CV AUC: 0.9692 ± 0.0091
23:03:30 [WARNING] OOT 樣本數不足 50
PASSED                                                                   [ 80%]
tests/momentum/Analysis/test_lightgbm_edge_cases.py::test_validate_oot_sample_size_sweep[10-xgboost] 
-------------------------------- live log call ---------------------------------
23:03:30 [INFO] 開始訓練 XGBoost 模型 - 樣本數: 120, 特徵數: 8
23:03:30 [INFO] 標籤分佈: {0: 60, 1: 60}
23:03:30 [INFO] 訓練集: 96 樣本, 驗證集: 24 樣本
23:03:30 [INFO] 開始交叉驗證 - 3-fold CV
23:03:30 [INFO] Fold 1/3 - AUC: 0.9850, Precision: 0.9091, Recall: 1.0000, F1: 0.9524
23:03:30 [INFO] Fold 2/3 - AUC: 0.9875, Precision: 0.9474, Recall: 0.9000, F1: 0.9231
23:03:30 [INFO] Fold 3/3 - AUC: 0.9575, Precision: 0.8636, Recall: 0.9500, F1: 0.9048
23:03:30 [INFO] 校準指標 - Brier: 0.1334, ECE: 0.3015, 品質: poor
23:03:30 [WARNING] 校準品質偏低，建議重新調整模型或做機率校準
23:03:30 [INFO] 交叉驗證完成 - Train AUC: 0.9914, CV AUC: 0.9767 ± 0.0136, Overfitting: 0.0147
23:03:30 [INFO] 訓練完成 - Train AUC: 0.9922, CV AUC: 0.9767 ± 0.0136
23:03:30 [INFO] 開始 OOT 驗證 - 樣本數: 10, 期間:  ~ 
23:03:30 [INFO] OOT 驗證完成 - AUC: 1.0000, Precision: 0.8333, Recall: 1.0000, 正樣本率: 50.00%
23:03:30 [INFO] CV-OOT Gap: -0.2500 - 狀態: good
PASSED                                                                   [ 81%]
tests/momentum/Analysis/test_lightgbm_edge_cases.py::test_validate_oot_sample_size_sweep[15-lightgbm] 
-------------------------------- live log call ---------------------------------
23:03:30 [INFO] 開始訓練 LightGBM 模型 - 樣本數: 120, 特徵數: 8
23:03:30 [INFO] 標籤分佈: {0: 60, 1: 60}
23:03:30 [INFO] 訓練集: 96 樣本, 驗證集: 24 樣本
23:03:30 [INFO] 開始交叉驗證 - 3-fold CV
23:03:30 [INFO] Fold 1/3 - AUC: 0.9750, Precision: 0.8696, Recall: 1.0000, F1: 0.9302
23:03:30 [INFO] Fold 2/3 - AUC: 0.9763, Precision: 0.9444, Recall: 0.8500, F1: 0.8947
23:03:30 [INFO] Fold 3/3 - AUC: 0.9563, Precision: 0.9000, Recall: 0.9000, F1: 0.9000
23:03:30 [INFO] 校準指標 - Brier: 0.1633, ECE: 0.3720, 品質: poor
23:03:30 [WARNING] 校準品質偏低，建議重新調整模型或做機率校準
23:03:30 [INFO] 交叉驗證完成 - Train AUC: 0.9867, CV AUC: 0.9692 ± 0.0091, Overfitting: 0.0175
23:03:30 [INFO] 訓練完成 - Train AUC: 0.9867, CV AUC: 0.9692 ± 0.0091
23:03:30 [WARNING] OOT 樣本數不足 50
PASSED                                                                   [ 82%]
tests/momentum/Analysis/test_lightgbm_edge_cases.py::test_validate_oot_sample_size_sweep[15-xgboost] 
-------------------------------- live log call ---------------------------------
23:03:30 [INFO] 開始訓練 XGBoost 模型 - 樣本數: 120, 特徵數: 8
23:03:30 [INFO] 標籤分佈: {0: 60, 1: 60}
23:03:30 [INFO] 訓練集: 96 樣本, 驗證集: 24 樣本
23:03:30 [INFO] 開始交叉驗證 - 3-fold CV
23:03:30 [INFO] Fold 1/3 - AUC: 0.9850, Precision: 0.9091, Recall: 1.0000, F1: 0.9524
23:03:30 [INFO] Fold 2/3 - AUC: 0.9875, Precision: 0.9474, Recall: 0.9000, F1: 0.9231
23:03:30 [INFO] Fold 3/3 - AUC: 0.9575, Precision: 0.8636, Recall: 0.9500, F1: 0.9048
23:03:30 [INFO] 校準指標 - Brier: 0.1334, ECE: 0.3015, 品質: poor
23:03:30 [WARNING] 校準品質偏低，建議重新調整模型或做機率校準
23:03:30 [INFO] 交叉驗證完成 - Train AUC: 0.9914, CV AUC: 0.9767 ± 0.0136, Overfitting: 0.0147
23:03:30 [INFO] 訓練完成 - Train AUC: 0.9922, CV AUC: 0.9767 ± 0.0136
23:03:30 [INFO] 開始 OOT 驗證 - 樣本數: 15, 期間:  ~ 
23:03:30 [INFO] OOT 驗證完成 - AUC: 1.0000, Precision: 0.8750, Recall: 1.0000, 正樣本率: 46.67%
23:03:30 [INFO] CV-OOT Gap: -0.2500 - 狀態: good
PASSED                                                                   [ 82%]
tests/momentum/Analysis/test_lightgbm_edge_cases.py::test_validate_oot_sample_size_sweep[20-lightgbm] 
-------------------------------- live log call ---------------------------------
23:03:30 [INFO] 開始訓練 LightGBM 模型 - 樣本數: 120, 特徵數: 8
23:03:30 [INFO] 標籤分佈: {0: 60, 1: 60}
23:03:30 [INFO] 訓練集: 96 樣本, 驗證集: 24 樣本
23:03:30 [INFO] 開始交叉驗證 - 3-fold CV
23:03:30 [INFO] Fold 1/3 - AUC: 0.9750, Precision: 0.8696, Recall: 1.0000, F1: 0.9302
23:03:30 [INFO] Fold 2/3 - AUC: 0.9763, Precision: 0.9444, Recall: 0.8500, F1: 0.8947
23:03:30 [INFO] Fold 3/3 - AUC: 0.9563, Precision: 0.9000, Recall: 0.9000, F1: 0.9000
23:03:30 [INFO] 校準指標 - Brier: 0.1633, ECE: 0.3720, 品質: poor
23:03:30 [WARNING] 校準品質偏低，建議重新調整模型或做機率校準
23:03:30 [INFO] 交叉驗證完成 - Train AUC: 0.9867, CV AUC: 0.9692 ± 0.0091, Overfitting: 0.0175
23:03:30 [INFO] 訓練完成 - Train AUC: 0.9867, CV AUC: 0.9692 ± 0.0091
23:03:30 [WARNING] OOT 樣本數不足 50
PASSED                                                                   [ 83%]
tests/momentum/Analysis/test_lightgbm_edge_cases.py::test_validate_oot_sample_size_sweep[20-xgboost] 
-------------------------------- live log call ---------------------------------
23:03:30 [INFO] 開始訓練 XGBoost 模型 - 樣本數: 120, 特徵數: 8
23:03:30 [INFO] 標籤分佈: {0: 60, 1: 60}
23:03:30 [INFO] 訓練集: 96 樣本, 驗證集: 24 樣本
23:03:30 [INFO] 開始交叉驗證 - 3-fold CV
23:03:30 [INFO] Fold 1/3 - AUC: 0.9850, Precision: 0.9091, Recall: 1.0000, F1: 0.9524
23:03:30 [INFO] Fold 2/3 - AUC: 0.9875, Precision: 0.9474, Recall: 0.9000, F1: 0.9231
23:03:30 [INFO] Fold 3/3 - AUC: 0.9575, Precision: 0.8636, Recall: 0.9500, F1: 0.9048
23:03:30 [INFO] 校準指標 - Brier: 0.1334, ECE: 0.3015, 品質: poor
23:03:30 [WARNING] 校準品質偏低，建議重新調整模型或做機率校準
23:03:30 [INFO] 交叉驗證完成 - Train AUC: 0.9914, CV AUC: 0.9767 ± 0.0136, Overfitting: 0.0147
23:03:30 [INFO] 訓練完成 - Train AUC: 0.9922, CV AUC: 0.9767 ± 0.0136
23:03:30 [INFO] 開始 OOT 驗證 - 樣本數: 20, 期間:  ~ 
23:03:30 [INFO] OOT 驗證完成 - AUC: 1.0000, Precision: 0.9091, Recall: 1.0000, 正樣本率: 50.00%
23:03:30 [INFO] CV-OOT Gap: -0.2500 - 狀態: good
PASSED                                                                   [ 84%]
tests/momentum/Analysis/test_lightgbm_edge_cases.py::test_validate_oot_sample_size_sweep[25-lightgbm] 
-------------------------------- live log call ---------------------------------
23:03:30 [INFO] 開始訓練 LightGBM 模型 - 樣本數: 120, 特徵數: 8
23:03:30 [INFO] 標籤分佈: {0: 60, 1: 60}
23:03:30 [INFO] 訓練集: 96 樣本, 驗證集: 24 樣本
23:03:30 [INFO] 開始交叉驗證 - 3-fold CV
23:03:30 [INFO] Fold 1/3 - AUC: 0.9750, Precision: 0.8696, Recall: 1.0000, F1: 0.9302
23:03:30 [INFO] Fold 2/3 - AUC: 0.9763, Precision: 0.9444, Recall: 0.8500, F1: 0.8947
23:03:30 [INFO] Fold 3/3 - AUC: 0.9563, Precision: 0.9000, Recall: 0.9000, F1: 0.9000
23:03:30 [INFO] 校準指標 - Brier: 0.1633, ECE: 0.3720, 品質: poor
23:03:30 [WARNING] 校準品質偏低，建議重新調整模型或做機率校準
23:03:30 [INFO] 交叉驗證完成 - Train AUC: 0.9867, CV AUC: 0.9692 ± 0.0091, Overfitting: 0.0175
23:03:30 [INFO] 訓練完成 - Train AUC: 0.9867, CV AUC: 0.9692 ± 0.0091
23:03:30 [WARNING] OOT 樣本數不足 50
PASSED                                                                   [ 85%]
tests/momentum/Analysis/test_lightgbm_edge_cases.py::test_validate_oot_sample_size_sweep[25-xgboost] 
-------------------------------- live log call ---------------------------------
23:03:30 [INFO] 開始訓練 XGBoost 模型 - 樣本數: 120, 特徵數: 8
23:03:30 [INFO] 標籤分佈: {0: 60, 1: 60}
23:03:30 [INFO] 訓練集: 96 樣本, 驗證集: 24 樣本
23:03:30 [INFO] 開始交叉驗證 - 3-fold CV
23:03:30 [INFO] Fold 1/3 - AUC: 0.9850, Precision: 0.9091, Recall: 1.0000, F1: 0.9524
23:03:30 [INFO] Fold 2/3 - AUC: 0.9875, Precision: 0.9474, Recall: 0.9000, F1: 0.9231
23:03:30 [INFO] Fold 3/3 - AUC: 0.9575, Precision: 0.8636, Recall: 0.9500, F1: 0.9048
23:03:30 [INFO] 校準指標 - Brier: 0.1334, ECE: 0.3015, 品質: poor
23:03:30 [WARNING] 校準品質偏低，建議重新調整模型或做機率校準
23:03:30 [INFO] 交叉驗證完成 - Train AUC: 0.9914, CV AUC: 0.9767 ± 0.0136, Overfitting: 0.0147
23:03:30 [INFO] 訓練完成 - Train AUC: 0.9922, CV AUC: 0.9767 ± 0.0136
23:03:30 [INFO] 開始 OOT 驗證 - 樣本數: 25, 期間:  ~ 
23:03:30 [INFO] OOT 驗證完成 - AUC: 1.0000, Precision: 0.9286, Recall: 1.0000, 正樣本率: 52.00%
23:03:30 [INFO] CV-OOT Gap: -0.2500 - 狀態: good
PASSED                                                                   [ 85%]
tests/momentum/Analysis/test_lightgbm_edge_cases.py::test_validate_oot_sample_size_sweep[30-lightgbm] 
-------------------------------- live log call ---------------------------------
23:03:30 [INFO] 開始訓練 LightGBM 模型 - 樣本數: 120, 特徵數: 8
23:03:30 [INFO] 標籤分佈: {0: 60, 1: 60}
23:03:30 [INFO] 訓練集: 96 樣本, 驗證集: 24 樣本
23:03:30 [INFO] 開始交叉驗證 - 3-fold CV
23:03:30 [INFO] Fold 1/3 - AUC: 0.9750, Precision: 0.8696, Recall: 1.0000, F1: 0.9302
23:03:30 [INFO] Fold 2/3 - AUC: 0.9763, Precision: 0.9444, Recall: 0.8500, F1: 0.8947
23:03:30 [INFO] Fold 3/3 - AUC: 0.9563, Precision: 0.9000, Recall: 0.9000, F1: 0.9000
23:03:30 [INFO] 校準指標 - Brier: 0.1633, ECE: 0.3720, 品質: poor
23:03:30 [WARNING] 校準品質偏低，建議重新調整模型或做機率校準
23:03:30 [INFO] 交叉驗證完成 - Train AUC: 0.9867, CV AUC: 0.9692 ± 0.0091, Overfitting: 0.0175
23:03:30 [INFO] 訓練完成 - Train AUC: 0.9867, CV AUC: 0.9692 ± 0.0091
23:03:30 [WARNING] OOT 樣本數不足 50
PASSED                                                                   [ 86%]
tests/momentum/Analysis/test_lightgbm_edge_cases.py::test_validate_oot_sample_size_sweep[30-xgboost] 
-------------------------------- live log call ---------------------------------
23:03:30 [INFO] 開始訓練 XGBoost 模型 - 樣本數: 120, 特徵數: 8
23:03:30 [INFO] 標籤分佈: {0: 60, 1: 60}
23:03:30 [INFO] 訓練集: 96 樣本, 驗證集: 24 樣本
23:03:30 [INFO] 開始交叉驗證 - 3-fold CV
23:03:30 [INFO] Fold 1/3 - AUC: 0.9850, Precision: 0.9091, Recall: 1.0000, F1: 0.9524
23:03:30 [INFO] Fold 2/3 - AUC: 0.9875, Precision: 0.9474, Recall: 0.9000, F1: 0.9231
23:03:30 [INFO] Fold 3/3 - AUC: 0.9575, Precision: 0.8636, Recall: 0.9500, F1: 0.9048
23:03:30 [INFO] 校準指標 - Brier: 0.1334, ECE: 0.3015, 品質: poor
23:03:30 [WARNING] 校準品質偏低，建議重新調整模型或做機率校準
23:03:30 [INFO] 交叉驗證完成 - Train AUC: 0.9914, CV AUC: 0.9767 ± 0.0136, Overfitting: 0.0147
23:03:30 [INFO] 訓練完成 - Train AUC: 0.9922, CV AUC: 0.9767 ± 0.0136
23:03:30 [INFO] 開始 OOT 驗證 - 樣本數: 30, 期間:  ~ 
23:03:30 [INFO] OOT 驗證完成 - AUC: 1.0000, Precision: 0.9444, Recall: 1.0000, 正樣本率: 56.67%
23:03:30 [INFO] CV-OOT Gap: -0.2500 - 狀態: good
PASSED                                                                   [ 87%]
tests/momentum/Analysis/test_lightgbm_edge_cases.py::test_validate_oot_sample_size_sweep[35-lightgbm] 
-------------------------------- live log call ---------------------------------
23:03:30 [INFO] 開始訓練 LightGBM 模型 - 樣本數: 120, 特徵數: 8
23:03:30 [INFO] 標籤分佈: {0: 60, 1: 60}
23:03:30 [INFO] 訓練集: 96 樣本, 驗證集: 24 樣本
23:03:30 [INFO] 開始交叉驗證 - 3-fold CV
23:03:30 [INFO] Fold 1/3 - AUC: 0.9750, Precision: 0.8696, Recall: 1.0000, F1: 0.9302
23:03:30 [INFO] Fold 2/3 - AUC: 0.9763, Precision: 0.9444, Recall: 0.8500, F1: 0.8947
23:03:30 [INFO] Fold 3/3 - AUC: 0.9563, Precision: 0.9000, Recall: 0.9000, F1: 0.9000
23:03:30 [INFO] 校準指標 - Brier: 0.1633, ECE: 0.3720, 品質: poor
23:03:30 [WARNING] 校準品質偏低，建議重新調整模型或做機率校準
23:03:30 [INFO] 交叉驗證完成 - Train AUC: 0.9867, CV AUC: 0.9692 ± 0.0091, Overfitting: 0.0175
23:03:30 [INFO] 訓練完成 - Train AUC: 0.9867, CV AUC: 0.9692 ± 0.0091
23:03:30 [WARNING] OOT 樣本數不足 50
PASSED                                                                   [ 87%]
tests/momentum/Analysis/test_lightgbm_edge_cases.py::test_validate_oot_sample_size_sweep[35-xgboost] 
-------------------------------- live log call ---------------------------------
23:03:30 [INFO] 開始訓練 XGBoost 模型 - 樣本數: 120, 特徵數: 8
23:03:30 [INFO] 標籤分佈: {0: 60, 1: 60}
23:03:30 [INFO] 訓練集: 96 樣本, 驗證集: 24 樣本
23:03:30 [INFO] 開始交叉驗證 - 3-fold CV
23:03:30 [INFO] Fold 1/3 - AUC: 0.9850, Precision: 0.9091, Recall: 1.0000, F1: 0.9524
23:03:30 [INFO] Fold 2/3 - AUC: 0.9875, Precision: 0.9474, Recall: 0.9000, F1: 0.9231
23:03:30 [INFO] Fold 3/3 - AUC: 0.9575, Precision: 0.8636, Recall: 0.9500, F1: 0.9048
23:03:30 [INFO] 校準指標 - Brier: 0.1334, ECE: 0.3015, 品質: poor
23:03:30 [WARNING] 校準品質偏低，建議重新調整模型或做機率校準
23:03:30 [INFO] 交叉驗證完成 - Train AUC: 0.9914, CV AUC: 0.9767 ± 0.0136, Overfitting: 0.0147
23:03:30 [INFO] 訓練完成 - Train AUC: 0.9922, CV AUC: 0.9767 ± 0.0136
23:03:30 [INFO] 開始 OOT 驗證 - 樣本數: 35, 期間:  ~ 
23:03:30 [INFO] OOT 驗證完成 - AUC: 0.9967, Precision: 0.9524, Recall: 1.0000, 正樣本率: 57.14%
23:03:30 [INFO] CV-OOT Gap: -0.2467 - 狀態: good
PASSED                                                                   [ 88%]
tests/momentum/Analysis/test_lightgbm_edge_cases.py::test_validate_oot_sample_size_sweep[40-lightgbm] 
-------------------------------- live log call ---------------------------------
23:03:30 [INFO] 開始訓練 LightGBM 模型 - 樣本數: 120, 特徵數: 8
23:03:30 [INFO] 標籤分佈: {0: 60, 1: 60}
23:03:30 [INFO] 訓練集: 96 樣本, 驗證集: 24 樣本
23:03:30 [INFO] 開始交叉驗證 - 3-fold CV
23:03:30 [INFO] Fold 1/3 - AUC: 0.9750, Precision: 0.8696, Recall: 1.0000, F1: 0.9302
23:03:30 [INFO] Fold 2/3 - AUC: 0.9763, Precision: 0.9444, Recall: 0.8500, F1: 0.8947
23:03:30 [INFO] Fold 3/3 - AUC: 0.9563, Precision: 0.9000, Recall: 0.9000, F1: 0.9000
23:03:30 [INFO] 校準指標 - Brier: 0.1633, ECE: 0.3720, 品質: poor
23:03:30 [WARNING] 校準品質偏低，建議重新調整模型或做機率校準
23:03:30 [INFO] 交叉驗證完成 - Train AUC: 0.9867, CV AUC: 0.9692 ± 0.0091, Overfitting: 0.0175
23:03:30 [INFO] 訓練完成 - Train AUC: 0.9867, CV AUC: 0.9692 ± 0.0091
23:03:30 [WARNING] OOT 樣本數不足 50
PASSED                                                                   [ 89%]
tests/momentum/Analysis/test_lightgbm_edge_cases.py::test_validate_oot_sample_size_sweep[40-xgboost] 
-------------------------------- live log call ---------------------------------
23:03:30 [INFO] 開始訓練 XGBoost 模型 - 樣本數: 120, 特徵數: 8
23:03:30 [INFO] 標籤分佈: {0: 60, 1: 60}
23:03:30 [INFO] 訓練集: 96 樣本, 驗證集: 24 樣本
23:03:30 [INFO] 開始交叉驗證 - 3-fold CV
23:03:30 [INFO] Fold 1/3 - AUC: 0.9850, Precision: 0.9091, Recall: 1.0000, F1: 0.9524
23:03:30 [INFO] Fold 2/3 - AUC: 0.9875, Precision: 0.9474, Recall: 0.9000, F1: 0.9231
23:03:30 [INFO] Fold 3/3 - AUC: 0.9575, Precision: 0.8636, Recall: 0.9500, F1: 0.9048
23:03:30 [INFO] 校準指標 - Brier: 0.1334, ECE: 0.3015, 品質: poor
23:03:30 [WARNING] 校準品質偏低，建議重新調整模型或做機率校準
23:03:30 [INFO] 交叉驗證完成 - Train AUC: 0.9914, CV AUC: 0.9767 ± 0.0136, Overfitting: 0.0147
23:03:30 [INFO] 訓練完成 - Train AUC: 0.9922, CV AUC: 0.9767 ± 0.0136
23:03:30 [INFO] 開始 OOT 驗證 - 樣本數: 40, 期間:  ~ 
23:03:30 [INFO] OOT 驗證完成 - AUC: 0.9950, Precision: 0.9091, Recall: 1.0000, 正樣本率: 50.00%
23:03:30 [INFO] CV-OOT Gap: -0.2450 - 狀態: good
PASSED                                                                   [ 90%]
tests/momentum/Analysis/test_lightgbm_edge_cases.py::test_validate_oot_sample_size_sweep[45-lightgbm] 
-------------------------------- live log call ---------------------------------
23:03:30 [INFO] 開始訓練 LightGBM 模型 - 樣本數: 120, 特徵數: 8
23:03:30 [INFO] 標籤分佈: {0: 60, 1: 60}
23:03:30 [INFO] 訓練集: 96 樣本, 驗證集: 24 樣本
23:03:30 [INFO] 開始交叉驗證 - 3-fold CV
23:03:30 [INFO] Fold 1/3 - AUC: 0.9750, Precision: 0.8696, Recall: 1.0000, F1: 0.9302
23:03:30 [INFO] Fold 2/3 - AUC: 0.9763, Precision: 0.9444, Recall: 0.8500, F1: 0.8947
23:03:30 [INFO] Fold 3/3 - AUC: 0.9563, Precision: 0.9000, Recall: 0.9000, F1: 0.9000
23:03:30 [INFO] 校準指標 - Brier: 0.1633, ECE: 0.3720, 品質: poor
23:03:30 [WARNING] 校準品質偏低，建議重新調整模型或做機率校準
23:03:30 [INFO] 交叉驗證完成 - Train AUC: 0.9867, CV AUC: 0.9692 ± 0.0091, Overfitting: 0.0175
23:03:30 [INFO] 訓練完成 - Train AUC: 0.9867, CV AUC: 0.9692 ± 0.0091
23:03:30 [WARNING] OOT 樣本數不足 50
PASSED                                                                   [ 90%]
tests/momentum/Analysis/test_lightgbm_edge_cases.py::test_validate_oot_sample_size_sweep[45-xgboost] 
-------------------------------- live log call ---------------------------------
23:03:30 [INFO] 開始訓練 XGBoost 模型 - 樣本數: 120, 特徵數: 8
23:03:30 [INFO] 標籤分佈: {0: 60, 1: 60}
23:03:30 [INFO] 訓練集: 96 樣本, 驗證集: 24 樣本
23:03:30 [INFO] 開始交叉驗證 - 3-fold CV
23:03:30 [INFO] Fold 1/3 - AUC: 0.9850, Precision: 0.9091, Recall: 1.0000, F1: 0.9524
23:03:30 [INFO] Fold 2/3 - AUC: 0.9875, Precision: 0.9474, Recall: 0.9000, F1: 0.9231
23:03:30 [INFO] Fold 3/3 - AUC: 0.9575, Precision: 0.8636, Recall: 0.9500, F1: 0.9048
23:03:30 [INFO] 校準指標 - Brier: 0.1334, ECE: 0.3015, 品質: poor
23:03:30 [WARNING] 校準品質偏低，建議重新調整模型或做機率校準
23:03:30 [INFO] 交叉驗證完成 - Train AUC: 0.9914, CV AUC: 0.9767 ± 0.0136, Overfitting: 0.0147
23:03:30 [INFO] 訓練完成 - Train AUC: 0.9922, CV AUC: 0.9767 ± 0.0136
23:03:30 [INFO] 開始 OOT 驗證 - 樣本數: 45, 期間:  ~ 
23:03:30 [INFO] OOT 驗證完成 - AUC: 0.9960, Precision: 0.9091, Recall: 1.0000, 正樣本率: 44.44%
23:03:30 [INFO] CV-OOT Gap: -0.2460 - 狀態: good
PASSED                                                                   [ 91%]
tests/momentum/Analysis/test_lightgbm_edge_cases.py::test_validate_oot_sample_size_sweep[50-lightgbm] 
-------------------------------- live log call ---------------------------------
23:03:30 [INFO] 開始訓練 LightGBM 模型 - 樣本數: 120, 特徵數: 8
23:03:30 [INFO] 標籤分佈: {0: 60, 1: 60}
23:03:30 [INFO] 訓練集: 96 樣本, 驗證集: 24 樣本
23:03:30 [INFO] 開始交叉驗證 - 3-fold CV
23:03:30 [INFO] Fold 1/3 - AUC: 0.9750, Precision: 0.8696, Recall: 1.0000, F1: 0.9302
23:03:30 [INFO] Fold 2/3 - AUC: 0.9763, Precision: 0.9444, Recall: 0.8500, F1: 0.8947
23:03:30 [INFO] Fold 3/3 - AUC: 0.9563, Precision: 0.9000, Recall: 0.9000, F1: 0.9000
23:03:30 [INFO] 校準指標 - Brier: 0.1633, ECE: 0.3720, 品質: poor
23:03:30 [WARNING] 校準品質偏低，建議重新調整模型或做機率校準
23:03:30 [INFO] 交叉驗證完成 - Train AUC: 0.9867, CV AUC: 0.9692 ± 0.0091, Overfitting: 0.0175
23:03:30 [INFO] 訓練完成 - Train AUC: 0.9867, CV AUC: 0.9692 ± 0.0091
PASSED                                                                   [ 92%]
tests/momentum/Analysis/test_lightgbm_edge_cases.py::test_validate_oot_sample_size_sweep[50-xgboost] 
-------------------------------- live log call ---------------------------------
23:03:30 [INFO] 開始訓練 XGBoost 模型 - 樣本數: 120, 特徵數: 8
23:03:30 [INFO] 標籤分佈: {0: 60, 1: 60}
23:03:30 [INFO] 訓練集: 96 樣本, 驗證集: 24 樣本
23:03:30 [INFO] 開始交叉驗證 - 3-fold CV
23:03:30 [INFO] Fold 1/3 - AUC: 0.9850, Precision: 0.9091, Recall: 1.0000, F1: 0.9524
23:03:30 [INFO] Fold 2/3 - AUC: 0.9875, Precision: 0.9474, Recall: 0.9000, F1: 0.9231
23:03:30 [INFO] Fold 3/3 - AUC: 0.9575, Precision: 0.8636, Recall: 0.9500, F1: 0.9048
23:03:30 [INFO] 校準指標 - Brier: 0.1334, ECE: 0.3015, 品質: poor
23:03:30 [WARNING] 校準品質偏低，建議重新調整模型或做機率校準
23:03:30 [INFO] 交叉驗證完成 - Train AUC: 0.9914, CV AUC: 0.9767 ± 0.0136, Overfitting: 0.0147
23:03:30 [INFO] 訓練完成 - Train AUC: 0.9922, CV AUC: 0.9767 ± 0.0136
23:03:30 [INFO] 開始 OOT 驗證 - 樣本數: 50, 期間:  ~ 
23:03:30 [INFO] OOT 驗證完成 - AUC: 0.9952, Precision: 0.8846, Recall: 1.0000, 正樣本率: 46.00%
23:03:30 [INFO] CV-OOT Gap: -0.2452 - 狀態: good
PASSED                                                                   [ 92%]
tests/momentum/Analysis/test_lightgbm_edge_cases.py::test_validate_oot_sample_size_sweep[60-lightgbm] 
-------------------------------- live log call ---------------------------------
23:03:30 [INFO] 開始訓練 LightGBM 模型 - 樣本數: 120, 特徵數: 8
23:03:30 [INFO] 標籤分佈: {0: 60, 1: 60}
23:03:30 [INFO] 訓練集: 96 樣本, 驗證集: 24 樣本
23:03:30 [INFO] 開始交叉驗證 - 3-fold CV
23:03:30 [INFO] Fold 1/3 - AUC: 0.9750, Precision: 0.8696, Recall: 1.0000, F1: 0.9302
23:03:30 [INFO] Fold 2/3 - AUC: 0.9763, Precision: 0.9444, Recall: 0.8500, F1: 0.8947
23:03:30 [INFO] Fold 3/3 - AUC: 0.9563, Precision: 0.9000, Recall: 0.9000, F1: 0.9000
23:03:30 [INFO] 校準指標 - Brier: 0.1633, ECE: 0.3720, 品質: poor
23:03:30 [WARNING] 校準品質偏低，建議重新調整模型或做機率校準
23:03:30 [INFO] 交叉驗證完成 - Train AUC: 0.9867, CV AUC: 0.9692 ± 0.0091, Overfitting: 0.0175
23:03:30 [INFO] 訓練完成 - Train AUC: 0.9867, CV AUC: 0.9692 ± 0.0091
PASSED                                                                   [ 93%]
tests/momentum/Analysis/test_lightgbm_edge_cases.py::test_validate_oot_sample_size_sweep[60-xgboost] 
-------------------------------- live log call ---------------------------------
23:03:30 [INFO] 開始訓練 XGBoost 模型 - 樣本數: 120, 特徵數: 8
23:03:30 [INFO] 標籤分佈: {0: 60, 1: 60}
23:03:30 [INFO] 訓練集: 96 樣本, 驗證集: 24 樣本
23:03:31 [INFO] 開始交叉驗證 - 3-fold CV
23:03:31 [INFO] Fold 1/3 - AUC: 0.9850, Precision: 0.9091, Recall: 1.0000, F1: 0.9524
23:03:31 [INFO] Fold 2/3 - AUC: 0.9875, Precision: 0.9474, Recall: 0.9000, F1: 0.9231
23:03:31 [INFO] Fold 3/3 - AUC: 0.9575, Precision: 0.8636, Recall: 0.9500, F1: 0.9048
23:03:31 [INFO] 校準指標 - Brier: 0.1334, ECE: 0.3015, 品質: poor
23:03:31 [WARNING] 校準品質偏低，建議重新調整模型或做機率校準
23:03:31 [INFO] 交叉驗證完成 - Train AUC: 0.9914, CV AUC: 0.9767 ± 0.0136, Overfitting: 0.0147
23:03:31 [INFO] 訓練完成 - Train AUC: 0.9922, CV AUC: 0.9767 ± 0.0136
23:03:31 [INFO] 開始 OOT 驗證 - 樣本數: 60, 期間:  ~ 
23:03:31 [INFO] OOT 驗證完成 - AUC: 0.9967, Precision: 0.9118, Recall: 1.0000, 正樣本率: 51.67%
23:03:31 [INFO] CV-OOT Gap: -0.2467 - 狀態: good
PASSED                                                                   [ 94%]
tests/momentum/Analysis/test_xgboost_protocol_methods.py::test_xgboost_protocol_methods_added 
-------------------------------- live log call ---------------------------------
23:03:31 [INFO] 開始訓練 XGBoost 模型 - 樣本數: 180, 特徵數: 8
23:03:31 [INFO] 標籤分佈: {0: 83, 1: 97}
23:03:31 [INFO] 訓練集: 144 樣本, 驗證集: 36 樣本
23:03:31 [INFO] 開始交叉驗證 - 3-fold CV
23:03:31 [INFO] Fold 1/3 - AUC: 0.9475, Precision: 0.8421, Recall: 1.0000, F1: 0.9143
23:03:31 [INFO] Fold 2/3 - AUC: 0.9503, Precision: 0.6596, Recall: 0.9688, F1: 0.7848
23:03:31 [INFO] Fold 3/3 - AUC: 0.9658, Precision: 0.7674, Recall: 1.0000, F1: 0.8684
23:03:31 [INFO] 校準指標 - Brier: 0.2109, ECE: 0.2831, 品質: poor
23:03:31 [WARNING] 校準品質偏低，建議重新調整模型或做機率校準
23:03:31 [INFO] 交叉驗證完成 - Train AUC: 0.9676, CV AUC: 0.9545 ± 0.0080, Overfitting: 0.0131
23:03:31 [INFO] 訓練完成 - Train AUC: 0.9783, CV AUC: 0.9545 ± 0.0080
23:03:31 [INFO] 特徵重要性計算完成 - 方法: gain, 前 3 名: ['feature_0', 'feature_1', 'feature_4']
PASSED                                                                   [ 95%]
tests/momentum/Analysis/test_xgboost_protocol_methods.py::test_xgboost_model_path_safety_and_type_mismatch 
-------------------------------- live log call ---------------------------------
23:03:31 [INFO] 開始訓練 XGBoost 模型 - 樣本數: 180, 特徵數: 8
23:03:31 [INFO] 標籤分佈: {0: 83, 1: 97}
23:03:31 [INFO] 訓練集: 144 樣本, 驗證集: 36 樣本
23:03:31 [INFO] 開始交叉驗證 - 3-fold CV
23:03:31 [INFO] Fold 1/3 - AUC: 0.9475, Precision: 0.8421, Recall: 1.0000, F1: 0.9143
23:03:31 [INFO] Fold 2/3 - AUC: 0.9503, Precision: 0.6596, Recall: 0.9688, F1: 0.7848
23:03:31 [INFO] Fold 3/3 - AUC: 0.9658, Precision: 0.7674, Recall: 1.0000, F1: 0.8684
23:03:31 [INFO] 校準指標 - Brier: 0.2109, ECE: 0.2831, 品質: poor
23:03:31 [WARNING] 校準品質偏低，建議重新調整模型或做機率校準
23:03:31 [INFO] 交叉驗證完成 - Train AUC: 0.9676, CV AUC: 0.9545 ± 0.0080, Overfitting: 0.0131
23:03:31 [INFO] 訓練完成 - Train AUC: 0.9783, CV AUC: 0.9545 ± 0.0080
23:03:31 [INFO] XGBoost 模型已儲存: /private/var/folders/_c/3xdf41hd3tvgxpx63mrml2c00000gn/T/pytest-of-louis/pytest-456/ic_redirect0/models/phase3_xgb_protocol.pkl
PASSED                                                                   [ 95%]
tests/momentum/Analysis/test_xgboost_protocol_methods.py::test_xgboost_load_and_predict_roundtrip 
-------------------------------- live log call ---------------------------------
23:03:31 [INFO] 開始訓練 XGBoost 模型 - 樣本數: 180, 特徵數: 8
23:03:31 [INFO] 標籤分佈: {0: 83, 1: 97}
23:03:31 [INFO] 訓練集: 144 樣本, 驗證集: 36 樣本
23:03:31 [INFO] 開始交叉驗證 - 3-fold CV
23:03:31 [INFO] Fold 1/3 - AUC: 0.9475, Precision: 0.8421, Recall: 1.0000, F1: 0.9143
23:03:31 [INFO] Fold 2/3 - AUC: 0.9503, Precision: 0.6596, Recall: 0.9688, F1: 0.7848
23:03:31 [INFO] Fold 3/3 - AUC: 0.9658, Precision: 0.7674, Recall: 1.0000, F1: 0.8684
23:03:31 [INFO] 校準指標 - Brier: 0.2109, ECE: 0.2831, 品質: poor
23:03:31 [WARNING] 校準品質偏低，建議重新調整模型或做機率校準
23:03:31 [INFO] 交叉驗證完成 - Train AUC: 0.9676, CV AUC: 0.9545 ± 0.0080, Overfitting: 0.0131
23:03:31 [INFO] 訓練完成 - Train AUC: 0.9783, CV AUC: 0.9545 ± 0.0080
23:03:31 [INFO] XGBoost 模型已儲存: /private/var/folders/_c/3xdf41hd3tvgxpx63mrml2c00000gn/T/pytest-of-louis/pytest-456/ic_redirect0/models/xgb_roundtrip_protocol.pkl
PASSED                                                                   [ 96%]
tests/momentum/test_lightgbm_analyzer_phase3.py::test_lightgbm_protocol_and_train_predict 
-------------------------------- live log call ---------------------------------
23:03:31 [INFO] 開始訓練 LightGBM 模型 - 樣本數: 160, 特徵數: 8
23:03:31 [INFO] 標籤分佈: {0: 87, 1: 73}
23:03:31 [INFO] 訓練集: 128 樣本, 驗證集: 32 樣本
23:03:31 [INFO] 開始交叉驗證 - 3-fold CV
23:03:31 [INFO] Fold 1/3 - AUC: 0.9655, Precision: 0.9130, Recall: 0.8400, F1: 0.8750
23:03:31 [INFO] Fold 2/3 - AUC: 0.9626, Precision: 0.9130, Recall: 0.8750, F1: 0.8936
23:03:31 [INFO] Fold 3/3 - AUC: 0.9612, Precision: 0.8696, Recall: 0.8333, F1: 0.8511
23:03:31 [INFO] 校準指標 - Brier: 0.1708, ECE: 0.2984, 品質: poor
23:03:31 [WARNING] 校準品質偏低，建議重新調整模型或做機率校準
23:03:31 [INFO] 交叉驗證完成 - Train AUC: 0.9785, CV AUC: 0.9631 ± 0.0018, Overfitting: 0.0154
23:03:31 [INFO] 訓練完成 - Train AUC: 0.9785, CV AUC: 0.9631 ± 0.0018
PASSED                                                                   [ 97%]
tests/momentum/test_lightgbm_analyzer_phase3.py::test_lightgbm_required_errors_and_path_safety PASSED [ 97%]
tests/momentum/test_lightgbm_analyzer_phase3.py::test_lightgbm_save_load_and_type_mismatch 
-------------------------------- live log call ---------------------------------
23:03:31 [INFO] 開始訓練 LightGBM 模型 - 樣本數: 160, 特徵數: 8
23:03:31 [INFO] 標籤分佈: {0: 87, 1: 73}
23:03:31 [INFO] 訓練集: 128 樣本, 驗證集: 32 樣本
23:03:31 [INFO] 開始交叉驗證 - 3-fold CV
23:03:31 [INFO] Fold 1/3 - AUC: 0.9669, Precision: 0.9130, Recall: 0.8400, F1: 0.8750
23:03:31 [INFO] Fold 2/3 - AUC: 0.9605, Precision: 0.9130, Recall: 0.8750, F1: 0.8936
23:03:31 [INFO] Fold 3/3 - AUC: 0.9483, Precision: 0.8750, Recall: 0.8750, F1: 0.8750
23:03:31 [INFO] 校準指標 - Brier: 0.1708, ECE: 0.2984, 品質: poor
23:03:31 [WARNING] 校準品質偏低，建議重新調整模型或做機率校準
23:03:31 [INFO] 交叉驗證完成 - Train AUC: 0.9785, CV AUC: 0.9586 ± 0.0077, Overfitting: 0.0200
23:03:31 [INFO] 訓練完成 - Train AUC: 0.9785, CV AUC: 0.9586 ± 0.0077
23:03:31 [INFO] LightGBM 模型已儲存: /private/var/folders/_c/3xdf41hd3tvgxpx63mrml2c00000gn/T/pytest-of-louis/pytest-456/ic_redirect0/models/phase3_lgb_test.pkl
23:03:31 [INFO] 開始訓練 XGBoost 模型 - 樣本數: 160, 特徵數: 8
23:03:31 [INFO] 標籤分佈: {0: 87, 1: 73}
23:03:31 [INFO] 訓練集: 128 樣本, 驗證集: 32 樣本
23:03:31 [INFO] 開始交叉驗證 - 3-fold CV
23:03:31 [INFO] Fold 1/3 - AUC: 0.9545, Precision: 0.9130, Recall: 0.8400, F1: 0.8750
23:03:31 [INFO] Fold 2/3 - AUC: 0.9555, Precision: 0.9130, Recall: 0.8750, F1: 0.8936
23:03:31 [INFO] Fold 3/3 - AUC: 0.9591, Precision: 0.8571, Recall: 0.7500, F1: 0.8000
23:03:31 [INFO] 校準指標 - Brier: 0.1914, ECE: 0.3329, 品質: poor
23:03:31 [WARNING] 校準品質偏低，建議重新調整模型或做機率校準
23:03:31 [INFO] 交叉驗證完成 - Train AUC: 0.9850, CV AUC: 0.9563 ± 0.0020, Overfitting: 0.0287
23:03:31 [INFO] 訓練完成 - Train AUC: 0.9846, CV AUC: 0.9563 ± 0.0020
23:03:31 [INFO] XGBoost 模型已儲存: /private/var/folders/_c/3xdf41hd3tvgxpx63mrml2c00000gn/T/pytest-of-louis/pytest-456/ic_redirect0/models/phase3_xgb_test.pkl
PASSED                                                                   [ 98%]
tests/momentum/test_xgboost_protocol_methods_phase3.py::test_xgboost_protocol_methods_added 
-------------------------------- live log call ---------------------------------
23:03:31 [INFO] 開始訓練 XGBoost 模型 - 樣本數: 180, 特徵數: 8
23:03:31 [INFO] 標籤分佈: {0: 83, 1: 97}
23:03:31 [INFO] 訓練集: 144 樣本, 驗證集: 36 樣本
23:03:31 [INFO] 開始交叉驗證 - 3-fold CV
23:03:31 [INFO] Fold 1/3 - AUC: 0.9475, Precision: 0.8421, Recall: 1.0000, F1: 0.9143
23:03:31 [INFO] Fold 2/3 - AUC: 0.9503, Precision: 0.6596, Recall: 0.9688, F1: 0.7848
23:03:31 [INFO] Fold 3/3 - AUC: 0.9658, Precision: 0.7674, Recall: 1.0000, F1: 0.8684
23:03:31 [INFO] 校準指標 - Brier: 0.2109, ECE: 0.2831, 品質: poor
23:03:31 [WARNING] 校準品質偏低，建議重新調整模型或做機率校準
23:03:31 [INFO] 交叉驗證完成 - Train AUC: 0.9676, CV AUC: 0.9545 ± 0.0080, Overfitting: 0.0131
23:03:31 [INFO] 訓練完成 - Train AUC: 0.9783, CV AUC: 0.9545 ± 0.0080
23:03:31 [INFO] 特徵重要性計算完成 - 方法: gain, 前 3 名: ['feature_0', 'feature_1', 'feature_4']
PASSED                                                                   [ 99%]
tests/momentum/test_xgboost_protocol_methods_phase3.py::test_xgboost_model_path_safety_and_type_mismatch 
-------------------------------- live log call ---------------------------------
23:03:31 [INFO] 開始訓練 XGBoost 模型 - 樣本數: 180, 特徵數: 8
23:03:31 [INFO] 標籤分佈: {0: 83, 1: 97}
23:03:31 [INFO] 訓練集: 144 樣本, 驗證集: 36 樣本
23:03:31 [INFO] 開始交叉驗證 - 3-fold CV
23:03:31 [INFO] Fold 1/3 - AUC: 0.9475, Precision: 0.8421, Recall: 1.0000, F1: 0.9143
23:03:31 [INFO] Fold 2/3 - AUC: 0.9503, Precision: 0.6596, Recall: 0.9688, F1: 0.7848
23:03:31 [INFO] Fold 3/3 - AUC: 0.9658, Precision: 0.7674, Recall: 1.0000, F1: 0.8684
23:03:31 [INFO] 校準指標 - Brier: 0.2109, ECE: 0.2831, 品質: poor
23:03:31 [WARNING] 校準品質偏低，建議重新調整模型或做機率校準
23:03:31 [INFO] 交叉驗證完成 - Train AUC: 0.9676, CV AUC: 0.9545 ± 0.0080, Overfitting: 0.0131
23:03:31 [INFO] 訓練完成 - Train AUC: 0.9783, CV AUC: 0.9545 ± 0.0080
23:03:31 [INFO] XGBoost 模型已儲存: /private/var/folders/_c/3xdf41hd3tvgxpx63mrml2c00000gn/T/pytest-of-louis/pytest-456/ic_redirect0/models/phase3_xgb_protocol.pkl
PASSED                                                                   [100%]

=============================== warnings summary ===============================
venv/lib/python3.9/site-packages/joblib/_multiprocessing_helpers.py:44
  /Users/louis/Desktop/quantitative_trading_system/venv/lib/python3.9/site-packages/joblib/_multiprocessing_helpers.py:44: UserWarning: [Errno 1] Operation not permitted.  joblib will operate in serial mode
    warnings.warn("%s.  joblib will operate in serial mode" % (e,))

tests/test_feature_factory_e2e.py::test_standard_preset_btcusdt
tests/test_feature_factory_e2e.py::test_minimal_preset
tests/test_feature_factory_e2e.py::test_multi_data_source
tests/test_feature_factory_e2e.py::test_multi_timeframe_alignment
tests/test_feature_factory_e2e.py::test_user_override_rsi_period
tests/test_feature_factory_e2e.py::test_no_future_leak_alignment_check
tests/test_feature_factory_e2e.py::test_naming_convention_basic
tests/test_feature_factory_e2e.py::test_metadata_completeness
  /Users/louis/Desktop/quantitative_trading_system/momentum/DataExtraction/kline_storage.py:411: DeprecationWarning: _import_from_legacy_cache() is deprecated and will be removed in a future release. Please migrate data access to kline_cache.h5 directly.
    imported = self._import_from_legacy_cache(symbol, timeframe)

tests/momentum/Analysis/test_lightgbm_analyzer.py: 55 warnings
tests/momentum/Analysis/test_lightgbm_edge_cases.py: 200 warnings
tests/momentum/test_lightgbm_analyzer_phase3.py: 10 warnings
  /Users/louis/Desktop/quantitative_trading_system/venv/lib/python3.9/site-packages/sklearn/utils/validation.py:2739: UserWarning: X does not have valid feature names, but LGBMClassifier was fitted with feature names
    warnings.warn(

tests/momentum/Analysis/test_lightgbm_analyzer.py::test_shap_methods_smoke
tests/momentum/Analysis/test_lightgbm_analyzer.py::test_shap_methods_smoke
tests/momentum/Analysis/test_lightgbm_edge_cases.py::test_h1_shap_sample_size_handling[1-lightgbm]
tests/momentum/Analysis/test_lightgbm_edge_cases.py::test_h1_shap_sample_size_handling[5-lightgbm]
tests/momentum/Analysis/test_lightgbm_edge_cases.py::test_h1_shap_sample_size_handling[20-lightgbm]
tests/momentum/Analysis/test_lightgbm_edge_cases.py::test_h1_shap_sample_size_handling[50-lightgbm]
tests/momentum/Analysis/test_lightgbm_edge_cases.py::test_h1_shap_sample_size_handling[9999-lightgbm]
  /Users/louis/Desktop/quantitative_trading_system/venv/lib/python3.9/site-packages/shap/explainers/_tree.py:586: UserWarning: LightGBM binary classifier with TreeExplainer shap values output has changed to a list of ndarray
    warnings.warn(

-- Docs: https://docs.pytest.org/en/stable/how-to/capture-warnings.html
=========================== short test summary info ============================
SKIPPED [7] tests/test_feature_factory_e2e.py:42: missing data for BTCUSDT/12h
SKIPPED [1] tests/test_feature_factory_e2e.py:91: missing multi-timeframe data
FAILED tests/momentum/Analysis/test_lightgbm_analyzer.py::test_save_load_format_error_branches - FileNotFoundError: 模型檔案不存在: /private/var/folders/_c/3xdf41hd3tvgxpx63mrml2c00000gn/T/pytest-of-louis/pytest-456/ic_redirect0/models/lightgbm_bad_payload.pkl
=========== 1 failed, 132 passed, 8 skipped, 281 warnings in 20.47s ============
DIGEST_DIFF_EMPTY[V7]=0
