Fri Oct  2 12:51:08 CST 2026
============================= test session starts ==============================
platform darwin -- Python 3.9.6, pytest-8.4.2, pluggy-1.6.0 -- /Users/louis/Desktop/quantitative_trading_system/venv/bin/python
rootdir: /Users/louis/Desktop/quantitative_trading_system
configfile: pytest.ini
plugins: asyncio-1.2.0, anyio-4.10.0, cov-7.0.0
asyncio: mode=strict, debug=False, asyncio_default_fixture_loop_scope=None, asyncio_default_test_loop_scope=function
collecting ... collected 2 items

tests/feature_engineering/test_ff_multitf_truncation_small_mr.py::test_small_mutation_numba_rolling_center_true_fails 
-------------------------------- live log setup --------------------------------
12:51:11 [INFO] KlineStorageManager initialized: data_cache/feature_klines/kline_cache.h5
12:51:11 [INFO] Read 20352 klines from BTCUSDT/1h in 0.011s
-------------------------------- live log call ---------------------------------
12:51:11 [INFO] KlineStorageManager initialized: data_cache/feature_klines/kline_cache.h5
12:51:11 [INFO] Registered adapter: crypto_spot
12:51:11 [INFO] Loaded 134 TA-Lib indicators
12:51:11 [WARNING] STOCH combo [5, 3, 3] is missing 2 parameter(s); using defaults slowk=3 slowd=3 slowk_matype=0 slowd_matype=0
12:51:11 [WARNING] STOCH combo [8, 3, 3] is missing 2 parameter(s); using defaults slowk=3 slowd=3 slowk_matype=0 slowd_matype=0
12:51:11 [WARNING] STOCH combo [13, 3, 3] is missing 2 parameter(s); using defaults slowk=3 slowd=3 slowk_matype=0 slowd_matype=0
12:51:11 [WARNING] STOCH combo [13, 5, 3] is missing 2 parameter(s); using defaults slowk=5 slowd=3 slowk_matype=0 slowd_matype=0
12:51:11 [WARNING] STOCH combo [21, 3, 3] is missing 2 parameter(s); using defaults slowk=3 slowd=3 slowk_matype=0 slowd_matype=0
12:51:11 [WARNING] STOCH combo [21, 5, 3] is missing 2 parameter(s); using defaults slowk=5 slowd=3 slowk_matype=0 slowd_matype=0
12:51:11 [WARNING] STOCH combo [21, 5, 5] is missing 2 parameter(s); using defaults slowk=5 slowd=5 slowk_matype=0 slowd_matype=0
12:51:11 [WARNING] STOCH combo [34, 5, 3] is missing 2 parameter(s); using defaults slowk=5 slowd=3 slowk_matype=0 slowd_matype=0
12:51:11 [WARNING] STOCH combo [34, 5, 5] is missing 2 parameter(s); using defaults slowk=5 slowd=5 slowk_matype=0 slowd_matype=0
12:51:11 [WARNING] STOCH combo [55, 5, 5] is missing 2 parameter(s); using defaults slowk=5 slowd=5 slowk_matype=0 slowd_matype=0
12:51:11 [WARNING] STOCH combo [55, 8, 5] is missing 2 parameter(s); using defaults slowk=8 slowd=5 slowk_matype=0 slowd_matype=0
12:51:11 [WARNING] STOCH combo [89, 8, 5] is missing 2 parameter(s); using defaults slowk=8 slowd=5 slowk_matype=0 slowd_matype=0
12:51:11 [WARNING] STOCHF combo [5, 3] is missing 1 parameter(s); using defaults fastd_period=3 fastd_matype=0
12:51:11 [WARNING] STOCHF combo [8, 3] is missing 1 parameter(s); using defaults fastd_period=3 fastd_matype=0
12:51:11 [WARNING] STOCHF combo [13, 3] is missing 1 parameter(s); using defaults fastd_period=3 fastd_matype=0
12:51:11 [WARNING] STOCHF combo [21, 3] is missing 1 parameter(s); using defaults fastd_period=3 fastd_matype=0
12:51:11 [WARNING] STOCHF combo [21, 5] is missing 1 parameter(s); using defaults fastd_period=5 fastd_matype=0
12:51:11 [WARNING] STOCHF combo [34, 5] is missing 1 parameter(s); using defaults fastd_period=5 fastd_matype=0
12:51:11 [WARNING] STOCHF combo [55, 5] is missing 1 parameter(s); using defaults fastd_period=5 fastd_matype=0
12:51:11 [WARNING] STOCHF combo [89, 8] is missing 1 parameter(s); using defaults fastd_period=8 fastd_matype=0
12:51:11 [WARNING] STOCHRSI combo [9, 5, 3] is missing 1 parameter(s); using defaults fastk_period=5 fastd_period=3 fastd_matype=0
12:51:11 [WARNING] STOCHRSI combo [14, 5, 3] is missing 1 parameter(s); using defaults fastk_period=5 fastd_period=3 fastd_matype=0
12:51:11 [WARNING] STOCHRSI combo [14, 3, 3] is missing 1 parameter(s); using defaults fastk_period=3 fastd_period=3 fastd_matype=0
12:51:11 [WARNING] STOCHRSI combo [21, 5, 3] is missing 1 parameter(s); using defaults fastk_period=5 fastd_period=3 fastd_matype=0
12:51:11 [WARNING] STOCHRSI combo [21, 8, 5] is missing 1 parameter(s); using defaults fastk_period=8 fastd_period=5 fastd_matype=0
12:51:11 [WARNING] STOCHRSI combo [34, 8, 5] is missing 1 parameter(s); using defaults fastk_period=8 fastd_period=5 fastd_matype=0
12:51:11 [WARNING] STOCHRSI combo [55, 8, 5] is missing 1 parameter(s); using defaults fastk_period=8 fastd_period=5 fastd_matype=0
12:51:11 [INFO] KlineStorageManager initialized: data_cache/feature_klines/kline_cache.h5
12:51:11 [INFO] Registered adapter: crypto_spot
12:51:11 [WARNING] STOCH combo [5, 3, 3] is missing 2 parameter(s); using defaults slowk=3 slowd=3 slowk_matype=0 slowd_matype=0
12:51:11 [WARNING] STOCH combo [8, 3, 3] is missing 2 parameter(s); using defaults slowk=3 slowd=3 slowk_matype=0 slowd_matype=0
12:51:11 [WARNING] STOCH combo [13, 3, 3] is missing 2 parameter(s); using defaults slowk=3 slowd=3 slowk_matype=0 slowd_matype=0
12:51:11 [WARNING] STOCH combo [13, 5, 3] is missing 2 parameter(s); using defaults slowk=5 slowd=3 slowk_matype=0 slowd_matype=0
12:51:11 [WARNING] STOCH combo [21, 3, 3] is missing 2 parameter(s); using defaults slowk=3 slowd=3 slowk_matype=0 slowd_matype=0
12:51:11 [WARNING] STOCH combo [21, 5, 3] is missing 2 parameter(s); using defaults slowk=5 slowd=3 slowk_matype=0 slowd_matype=0
12:51:11 [WARNING] STOCH combo [21, 5, 5] is missing 2 parameter(s); using defaults slowk=5 slowd=5 slowk_matype=0 slowd_matype=0
12:51:11 [WARNING] STOCH combo [34, 5, 3] is missing 2 parameter(s); using defaults slowk=5 slowd=3 slowk_matype=0 slowd_matype=0
12:51:11 [WARNING] STOCH combo [34, 5, 5] is missing 2 parameter(s); using defaults slowk=5 slowd=5 slowk_matype=0 slowd_matype=0
12:51:11 [WARNING] STOCH combo [55, 5, 5] is missing 2 parameter(s); using defaults slowk=5 slowd=5 slowk_matype=0 slowd_matype=0
12:51:11 [WARNING] STOCH combo [55, 8, 5] is missing 2 parameter(s); using defaults slowk=8 slowd=5 slowk_matype=0 slowd_matype=0
12:51:11 [WARNING] STOCH combo [89, 8, 5] is missing 2 parameter(s); using defaults slowk=8 slowd=5 slowk_matype=0 slowd_matype=0
12:51:11 [WARNING] STOCHF combo [5, 3] is missing 1 parameter(s); using defaults fastd_period=3 fastd_matype=0
12:51:11 [WARNING] STOCHF combo [8, 3] is missing 1 parameter(s); using defaults fastd_period=3 fastd_matype=0
12:51:11 [WARNING] STOCHF combo [13, 3] is missing 1 parameter(s); using defaults fastd_period=3 fastd_matype=0
12:51:11 [WARNING] STOCHF combo [21, 3] is missing 1 parameter(s); using defaults fastd_period=3 fastd_matype=0
12:51:11 [WARNING] STOCHF combo [21, 5] is missing 1 parameter(s); using defaults fastd_period=5 fastd_matype=0
12:51:11 [WARNING] STOCHF combo [34, 5] is missing 1 parameter(s); using defaults fastd_period=5 fastd_matype=0
12:51:11 [WARNING] STOCHF combo [55, 5] is missing 1 parameter(s); using defaults fastd_period=5 fastd_matype=0
12:51:11 [WARNING] STOCHF combo [89, 8] is missing 1 parameter(s); using defaults fastd_period=8 fastd_matype=0
12:51:11 [WARNING] STOCHRSI combo [9, 5, 3] is missing 1 parameter(s); using defaults fastk_period=5 fastd_period=3 fastd_matype=0
12:51:11 [WARNING] STOCHRSI combo [14, 5, 3] is missing 1 parameter(s); using defaults fastk_period=5 fastd_period=3 fastd_matype=0
12:51:11 [WARNING] STOCHRSI combo [14, 3, 3] is missing 1 parameter(s); using defaults fastk_period=3 fastd_period=3 fastd_matype=0
12:51:11 [WARNING] STOCHRSI combo [21, 5, 3] is missing 1 parameter(s); using defaults fastk_period=5 fastd_period=3 fastd_matype=0
12:51:11 [WARNING] STOCHRSI combo [21, 8, 5] is missing 1 parameter(s); using defaults fastk_period=8 fastd_period=5 fastd_matype=0
12:51:11 [WARNING] STOCHRSI combo [34, 8, 5] is missing 1 parameter(s); using defaults fastk_period=8 fastd_period=5 fastd_matype=0
12:51:11 [WARNING] STOCHRSI combo [55, 8, 5] is missing 1 parameter(s); using defaults fastk_period=8 fastd_period=5 fastd_matype=0
12:51:11 [WARNING] STOCH combo [5, 3, 3] is missing 2 parameter(s); using defaults slowk=3 slowd=3 slowk_matype=0 slowd_matype=0
12:51:11 [WARNING] STOCH combo [8, 3, 3] is missing 2 parameter(s); using defaults slowk=3 slowd=3 slowk_matype=0 slowd_matype=0
12:51:11 [WARNING] STOCH combo [13, 3, 3] is missing 2 parameter(s); using defaults slowk=3 slowd=3 slowk_matype=0 slowd_matype=0
12:51:11 [WARNING] STOCH combo [13, 5, 3] is missing 2 parameter(s); using defaults slowk=5 slowd=3 slowk_matype=0 slowd_matype=0
12:51:11 [WARNING] STOCH combo [21, 3, 3] is missing 2 parameter(s); using defaults slowk=3 slowd=3 slowk_matype=0 slowd_matype=0
12:51:11 [WARNING] STOCH combo [21, 5, 3] is missing 2 parameter(s); using defaults slowk=5 slowd=3 slowk_matype=0 slowd_matype=0
12:51:11 [WARNING] STOCH combo [21, 5, 5] is missing 2 parameter(s); using defaults slowk=5 slowd=5 slowk_matype=0 slowd_matype=0
12:51:11 [WARNING] STOCH combo [34, 5, 3] is missing 2 parameter(s); using defaults slowk=5 slowd=3 slowk_matype=0 slowd_matype=0
12:51:11 [WARNING] STOCH combo [34, 5, 5] is missing 2 parameter(s); using defaults slowk=5 slowd=5 slowk_matype=0 slowd_matype=0
12:51:11 [WARNING] STOCH combo [55, 5, 5] is missing 2 parameter(s); using defaults slowk=5 slowd=5 slowk_matype=0 slowd_matype=0
12:51:11 [WARNING] STOCH combo [55, 8, 5] is missing 2 parameter(s); using defaults slowk=8 slowd=5 slowk_matype=0 slowd_matype=0
12:51:11 [WARNING] STOCH combo [89, 8, 5] is missing 2 parameter(s); using defaults slowk=8 slowd=5 slowk_matype=0 slowd_matype=0
12:51:11 [WARNING] STOCHF combo [5, 3] is missing 1 parameter(s); using defaults fastd_period=3 fastd_matype=0
12:51:11 [WARNING] STOCHF combo [8, 3] is missing 1 parameter(s); using defaults fastd_period=3 fastd_matype=0
12:51:11 [WARNING] STOCHF combo [13, 3] is missing 1 parameter(s); using defaults fastd_period=3 fastd_matype=0
12:51:11 [WARNING] STOCHF combo [21, 3] is missing 1 parameter(s); using defaults fastd_period=3 fastd_matype=0
12:51:11 [WARNING] STOCHF combo [21, 5] is missing 1 parameter(s); using defaults fastd_period=5 fastd_matype=0
12:51:11 [WARNING] STOCHF combo [34, 5] is missing 1 parameter(s); using defaults fastd_period=5 fastd_matype=0
12:51:11 [WARNING] STOCHF combo [55, 5] is missing 1 parameter(s); using defaults fastd_period=5 fastd_matype=0
12:51:11 [WARNING] STOCHF combo [89, 8] is missing 1 parameter(s); using defaults fastd_period=8 fastd_matype=0
12:51:11 [WARNING] STOCHRSI combo [9, 5, 3] is missing 1 parameter(s); using defaults fastk_period=5 fastd_period=3 fastd_matype=0
12:51:11 [WARNING] STOCHRSI combo [14, 5, 3] is missing 1 parameter(s); using defaults fastk_period=5 fastd_period=3 fastd_matype=0
12:51:11 [WARNING] STOCHRSI combo [14, 3, 3] is missing 1 parameter(s); using defaults fastk_period=3 fastd_period=3 fastd_matype=0
12:51:11 [WARNING] STOCHRSI combo [21, 5, 3] is missing 1 parameter(s); using defaults fastk_period=5 fastd_period=3 fastd_matype=0
12:51:11 [WARNING] STOCHRSI combo [21, 8, 5] is missing 1 parameter(s); using defaults fastk_period=8 fastd_period=5 fastd_matype=0
12:51:11 [WARNING] STOCHRSI combo [34, 8, 5] is missing 1 parameter(s); using defaults fastk_period=8 fastd_period=5 fastd_matype=0
12:51:11 [WARNING] STOCHRSI combo [55, 8, 5] is missing 1 parameter(s); using defaults fastk_period=8 fastd_period=5 fastd_matype=0
12:51:11 [WARNING] STOCH combo [5, 3, 3] is missing 2 parameter(s); using defaults slowk=3 slowd=3 slowk_matype=0 slowd_matype=0
12:51:11 [WARNING] STOCH combo [8, 3, 3] is missing 2 parameter(s); using defaults slowk=3 slowd=3 slowk_matype=0 slowd_matype=0
12:51:11 [WARNING] STOCH combo [13, 3, 3] is missing 2 parameter(s); using defaults slowk=3 slowd=3 slowk_matype=0 slowd_matype=0
12:51:11 [WARNING] STOCH combo [13, 5, 3] is missing 2 parameter(s); using defaults slowk=5 slowd=3 slowk_matype=0 slowd_matype=0
12:51:11 [WARNING] STOCH combo [21, 3, 3] is missing 2 parameter(s); using defaults slowk=3 slowd=3 slowk_matype=0 slowd_matype=0
12:51:11 [WARNING] STOCH combo [21, 5, 3] is missing 2 parameter(s); using defaults slowk=5 slowd=3 slowk_matype=0 slowd_matype=0
12:51:11 [WARNING] STOCH combo [21, 5, 5] is missing 2 parameter(s); using defaults slowk=5 slowd=5 slowk_matype=0 slowd_matype=0
12:51:11 [WARNING] STOCH combo [34, 5, 3] is missing 2 parameter(s); using defaults slowk=5 slowd=3 slowk_matype=0 slowd_matype=0
12:51:11 [WARNING] STOCH combo [34, 5, 5] is missing 2 parameter(s); using defaults slowk=5 slowd=5 slowk_matype=0 slowd_matype=0
12:51:11 [WARNING] STOCH combo [55, 5, 5] is missing 2 parameter(s); using defaults slowk=5 slowd=5 slowk_matype=0 slowd_matype=0
12:51:11 [WARNING] STOCH combo [55, 8, 5] is missing 2 parameter(s); using defaults slowk=8 slowd=5 slowk_matype=0 slowd_matype=0
12:51:11 [WARNING] STOCH combo [89, 8, 5] is missing 2 parameter(s); using defaults slowk=8 slowd=5 slowk_matype=0 slowd_matype=0
12:51:11 [WARNING] STOCHF combo [5, 3] is missing 1 parameter(s); using defaults fastd_period=3 fastd_matype=0
12:51:11 [WARNING] STOCHF combo [8, 3] is missing 1 parameter(s); using defaults fastd_period=3 fastd_matype=0
12:51:11 [WARNING] STOCHF combo [13, 3] is missing 1 parameter(s); using defaults fastd_period=3 fastd_matype=0
12:51:11 [WARNING] STOCHF combo [21, 3] is missing 1 parameter(s); using defaults fastd_period=3 fastd_matype=0
12:51:11 [WARNING] STOCHF combo [21, 5] is missing 1 parameter(s); using defaults fastd_period=5 fastd_matype=0
12:51:11 [WARNING] STOCHF combo [34, 5] is missing 1 parameter(s); using defaults fastd_period=5 fastd_matype=0
12:51:11 [WARNING] STOCHF combo [55, 5] is missing 1 parameter(s); using defaults fastd_period=5 fastd_matype=0
12:51:11 [WARNING] STOCHF combo [89, 8] is missing 1 parameter(s); using defaults fastd_period=8 fastd_matype=0
12:51:11 [WARNING] STOCHRSI combo [9, 5, 3] is missing 1 parameter(s); using defaults fastk_period=5 fastd_period=3 fastd_matype=0
12:51:11 [WARNING] STOCHRSI combo [14, 5, 3] is missing 1 parameter(s); using defaults fastk_period=5 fastd_period=3 fastd_matype=0
12:51:11 [WARNING] STOCHRSI combo [14, 3, 3] is missing 1 parameter(s); using defaults fastk_period=3 fastd_period=3 fastd_matype=0
12:51:11 [WARNING] STOCHRSI combo [21, 5, 3] is missing 1 parameter(s); using defaults fastk_period=5 fastd_period=3 fastd_matype=0
12:51:11 [WARNING] STOCHRSI combo [21, 8, 5] is missing 1 parameter(s); using defaults fastk_period=8 fastd_period=5 fastd_matype=0
12:51:11 [WARNING] STOCHRSI combo [34, 8, 5] is missing 1 parameter(s); using defaults fastk_period=8 fastd_period=5 fastd_matype=0
12:51:11 [WARNING] STOCHRSI combo [55, 8, 5] is missing 1 parameter(s); using defaults fastk_period=8 fastd_period=5 fastd_matype=0
12:51:11 [INFO] Fetching spot data: BTCUSDT/1h
12:51:11 [INFO] Read 20352 klines from BTCUSDT/1h in 0.006s
12:51:11 [INFO] Aligned data for BTCUSDT/1h: 20352 rows, 5 columns
12:51:11 [INFO] Fetching spot data: BTCUSDT/4h
12:51:11 [INFO] Read 5088 klines from BTCUSDT/4h in 0.003s
12:51:11 [INFO] Aligned data for BTCUSDT/4h: 5088 rows, 5 columns
12:51:11 [INFO] [Layer 1] 0% - Starting Layer 1...
12:51:11 [INFO] Layer 1 starting, rss=285MB
12:51:12 [WARNING] STOCH combo [5, 3, 3] is missing 2 parameter(s); using defaults slowk=3 slowd=3 slowk_matype=0 slowd_matype=0
12:51:12 [WARNING] STOCH combo [8, 3, 3] is missing 2 parameter(s); using defaults slowk=3 slowd=3 slowk_matype=0 slowd_matype=0
12:51:12 [WARNING] STOCH combo [13, 3, 3] is missing 2 parameter(s); using defaults slowk=3 slowd=3 slowk_matype=0 slowd_matype=0
12:51:12 [WARNING] STOCH combo [13, 5, 3] is missing 2 parameter(s); using defaults slowk=5 slowd=3 slowk_matype=0 slowd_matype=0
12:51:12 [WARNING] STOCH combo [21, 3, 3] is missing 2 parameter(s); using defaults slowk=3 slowd=3 slowk_matype=0 slowd_matype=0
12:51:12 [WARNING] STOCH combo [21, 5, 3] is missing 2 parameter(s); using defaults slowk=5 slowd=3 slowk_matype=0 slowd_matype=0
12:51:12 [WARNING] STOCH combo [21, 5, 5] is missing 2 parameter(s); using defaults slowk=5 slowd=5 slowk_matype=0 slowd_matype=0
12:51:12 [WARNING] STOCH combo [34, 5, 3] is missing 2 parameter(s); using defaults slowk=5 slowd=3 slowk_matype=0 slowd_matype=0
12:51:12 [WARNING] STOCH combo [34, 5, 5] is missing 2 parameter(s); using defaults slowk=5 slowd=5 slowk_matype=0 slowd_matype=0
12:51:12 [WARNING] STOCH combo [55, 5, 5] is missing 2 parameter(s); using defaults slowk=5 slowd=5 slowk_matype=0 slowd_matype=0
12:51:12 [WARNING] STOCH combo [55, 8, 5] is missing 2 parameter(s); using defaults slowk=8 slowd=5 slowk_matype=0 slowd_matype=0
12:51:12 [WARNING] STOCH combo [89, 8, 5] is missing 2 parameter(s); using defaults slowk=8 slowd=5 slowk_matype=0 slowd_matype=0
12:51:12 [WARNING] STOCHF combo [5, 3] is missing 1 parameter(s); using defaults fastd_period=3 fastd_matype=0
12:51:12 [WARNING] STOCHF combo [8, 3] is missing 1 parameter(s); using defaults fastd_period=3 fastd_matype=0
12:51:12 [WARNING] STOCHF combo [13, 3] is missing 1 parameter(s); using defaults fastd_period=3 fastd_matype=0
12:51:12 [WARNING] STOCHF combo [21, 3] is missing 1 parameter(s); using defaults fastd_period=3 fastd_matype=0
12:51:12 [WARNING] STOCHF combo [21, 5] is missing 1 parameter(s); using defaults fastd_period=5 fastd_matype=0
12:51:12 [WARNING] STOCHF combo [34, 5] is missing 1 parameter(s); using defaults fastd_period=5 fastd_matype=0
12:51:12 [WARNING] STOCHF combo [55, 5] is missing 1 parameter(s); using defaults fastd_period=5 fastd_matype=0
12:51:12 [WARNING] STOCHF combo [89, 8] is missing 1 parameter(s); using defaults fastd_period=8 fastd_matype=0
12:51:12 [WARNING] STOCHRSI combo [9, 5, 3] is missing 1 parameter(s); using defaults fastk_period=5 fastd_period=3 fastd_matype=0
12:51:12 [WARNING] STOCHRSI combo [14, 5, 3] is missing 1 parameter(s); using defaults fastk_period=5 fastd_period=3 fastd_matype=0
12:51:12 [WARNING] STOCHRSI combo [14, 3, 3] is missing 1 parameter(s); using defaults fastk_period=3 fastd_period=3 fastd_matype=0
12:51:12 [WARNING] STOCHRSI combo [21, 5, 3] is missing 1 parameter(s); using defaults fastk_period=5 fastd_period=3 fastd_matype=0
12:51:12 [WARNING] STOCHRSI combo [21, 8, 5] is missing 1 parameter(s); using defaults fastk_period=8 fastd_period=5 fastd_matype=0
12:51:12 [WARNING] STOCHRSI combo [34, 8, 5] is missing 1 parameter(s); using defaults fastk_period=8 fastd_period=5 fastd_matype=0
12:51:12 [WARNING] STOCHRSI combo [55, 8, 5] is missing 1 parameter(s); using defaults fastk_period=8 fastd_period=5 fastd_matype=0
12:51:12 [INFO] [Layer 1] 100% - Layer 1 completed: 898 features
12:51:12 [INFO] Layer 1 done: 898 cols, status=ok, rss=590MB
12:51:12 [INFO] [Layer 2] 0% - Starting Layer 2...
12:51:12 [INFO] Layer 2 starting, rss=590MB
12:51:12 [INFO] [L2] Starting derived features: 898 L1 cols
12:51:12 [WARNING] STOCH combo [5, 3, 3] is missing 2 parameter(s); using defaults slowk=3 slowd=3 slowk_matype=0 slowd_matype=0
12:51:12 [WARNING] STOCH combo [8, 3, 3] is missing 2 parameter(s); using defaults slowk=3 slowd=3 slowk_matype=0 slowd_matype=0
12:51:12 [WARNING] STOCH combo [13, 3, 3] is missing 2 parameter(s); using defaults slowk=3 slowd=3 slowk_matype=0 slowd_matype=0
12:51:12 [WARNING] STOCH combo [13, 5, 3] is missing 2 parameter(s); using defaults slowk=5 slowd=3 slowk_matype=0 slowd_matype=0
12:51:12 [WARNING] STOCH combo [21, 3, 3] is missing 2 parameter(s); using defaults slowk=3 slowd=3 slowk_matype=0 slowd_matype=0
12:51:12 [WARNING] STOCH combo [21, 5, 3] is missing 2 parameter(s); using defaults slowk=5 slowd=3 slowk_matype=0 slowd_matype=0
12:51:12 [WARNING] STOCH combo [21, 5, 5] is missing 2 parameter(s); using defaults slowk=5 slowd=5 slowk_matype=0 slowd_matype=0
12:51:12 [WARNING] STOCH combo [34, 5, 3] is missing 2 parameter(s); using defaults slowk=5 slowd=3 slowk_matype=0 slowd_matype=0
12:51:12 [WARNING] STOCH combo [34, 5, 5] is missing 2 parameter(s); using defaults slowk=5 slowd=5 slowk_matype=0 slowd_matype=0
12:51:12 [WARNING] STOCH combo [55, 5, 5] is missing 2 parameter(s); using defaults slowk=5 slowd=5 slowk_matype=0 slowd_matype=0
12:51:12 [WARNING] STOCH combo [55, 8, 5] is missing 2 parameter(s); using defaults slowk=8 slowd=5 slowk_matype=0 slowd_matype=0
12:51:12 [WARNING] STOCH combo [89, 8, 5] is missing 2 parameter(s); using defaults slowk=8 slowd=5 slowk_matype=0 slowd_matype=0
12:51:12 [WARNING] STOCHF combo [5, 3] is missing 1 parameter(s); using defaults fastd_period=3 fastd_matype=0
12:51:12 [WARNING] STOCHF combo [8, 3] is missing 1 parameter(s); using defaults fastd_period=3 fastd_matype=0
12:51:12 [WARNING] STOCHF combo [13, 3] is missing 1 parameter(s); using defaults fastd_period=3 fastd_matype=0
12:51:12 [WARNING] STOCHF combo [21, 3] is missing 1 parameter(s); using defaults fastd_period=3 fastd_matype=0
12:51:12 [WARNING] STOCHF combo [21, 5] is missing 1 parameter(s); using defaults fastd_period=5 fastd_matype=0
12:51:12 [WARNING] STOCHF combo [34, 5] is missing 1 parameter(s); using defaults fastd_period=5 fastd_matype=0
12:51:12 [WARNING] STOCHF combo [55, 5] is missing 1 parameter(s); using defaults fastd_period=5 fastd_matype=0
12:51:12 [WARNING] STOCHF combo [89, 8] is missing 1 parameter(s); using defaults fastd_period=8 fastd_matype=0
12:51:12 [WARNING] STOCHRSI combo [9, 5, 3] is missing 1 parameter(s); using defaults fastk_period=5 fastd_period=3 fastd_matype=0
12:51:12 [WARNING] STOCHRSI combo [14, 5, 3] is missing 1 parameter(s); using defaults fastk_period=5 fastd_period=3 fastd_matype=0
12:51:12 [WARNING] STOCHRSI combo [14, 3, 3] is missing 1 parameter(s); using defaults fastk_period=3 fastd_period=3 fastd_matype=0
12:51:12 [WARNING] STOCHRSI combo [21, 5, 3] is missing 1 parameter(s); using defaults fastk_period=5 fastd_period=3 fastd_matype=0
12:51:12 [WARNING] STOCHRSI combo [21, 8, 5] is missing 1 parameter(s); using defaults fastk_period=8 fastd_period=5 fastd_matype=0
12:51:12 [WARNING] STOCHRSI combo [34, 8, 5] is missing 1 parameter(s); using defaults fastk_period=8 fastd_period=5 fastd_matype=0
12:51:12 [WARNING] STOCHRSI combo [55, 8, 5] is missing 1 parameter(s); using defaults fastk_period=8 fastd_period=5 fastd_matype=0
12:51:20 [INFO] [L2] Completed: 11621 cols in 8.05s
12:51:21 [INFO] [Layer 2] 100% - Layer 2 completed: 11621 features
12:51:21 [INFO] Layer 2 done: 11621 cols, status=ok, rss=840MB
12:51:21 [INFO] [memmap] created: shape=(10752, 11621), dtype=<class 'numpy.float32'>, est=0.50 GB  (file auto-unlinked)
12:51:22 [INFO] [spill] calib_layer2: 10752×11621 → float32 memmap in 0.9s (freed ~1.0 GB float64)
12:51:22 [INFO] [Layer 3] 0% - Starting Layer 3...
12:51:22 [INFO] Layer 3 starting, rss=1572MB
12:51:26 [INFO] [L3 streaming][numba][multi] step 10/20 (W5_range): 898→898 cols (-0 dead)
12:51:26 [INFO] [L3 streaming][numba][multi] step 20/20 (W13_range): 898→898 cols (-0 dead)
12:51:26 [INFO] [L3 streaming][numba][multi] complete: 17960 total generated, 0 dead dropped, 17960 survivors
12:51:28 [INFO] [Layer 3] 100% - Layer 3 completed: 17960 features
12:51:28 [INFO] Layer 3 done: 17960 cols, status=ok, rss=1232MB
12:51:28 [INFO] [Layer 4] 0% - Starting Layer 4...
12:51:28 [INFO] Layer 4 starting, rss=1232MB
12:51:28 [INFO] [Layer 4] 100% - Layer 4 completed: 7224 features
12:51:28 [INFO] Layer 4 done: 7224 cols, status=ok, rss=2291MB
12:51:28 [INFO] [Layer 5] 0% - Starting Layer 5...
12:51:28 [INFO] Layer 5 starting, rss=2291MB
12:51:28 [INFO] [Layer 5] 100% - Layer 5 completed: 0 features
12:51:28 [INFO] Layer 5 done: 0 cols, status=empty_disabled, rss=2292MB
12:51:28 [INFO] [Layer 6] 0% - Starting Layer 6...
12:51:28 [INFO] Layer 6 starting, rss=2292MB
12:51:28 [INFO] [Layer 6] 100% - Layer 6 completed: 10 features
12:51:28 [INFO] Layer 6 done: 10 cols, status=ok, rss=2295MB
12:51:28 [INFO] [memmap concat] 5 DFs → 37713 cols × 10752 rows ≈ 1.62 GB → disk-backed
12:51:28 [INFO] [memmap] created: shape=(10752, 37713), dtype=<class 'numpy.float32'>, est=1.62 GB  (file auto-unlinked)
12:51:28 [INFO] [memmap concat] copying DF 1/5 (898 cols)
12:51:28 [INFO] [memmap concat] copying DF 2/5 (11621 cols)
12:51:29 [INFO] [memmap concat] copying DF 3/5 (17960 cols)
12:51:31 [INFO] [memmap concat] copying DF 4/5 (7224 cols)
12:51:34 [INFO] [memmap concat] copying DF 5/5 (10 cols)
13:00:45 [INFO] [Layer 1] 0% - Starting Layer 1...
13:00:45 [INFO] Layer 1 starting, rss=1539MB
13:00:46 [WARNING] STOCH combo [5, 3, 3] is missing 2 parameter(s); using defaults slowk=3 slowd=3 slowk_matype=0 slowd_matype=0
13:00:46 [WARNING] STOCH combo [8, 3, 3] is missing 2 parameter(s); using defaults slowk=3 slowd=3 slowk_matype=0 slowd_matype=0
13:00:46 [WARNING] STOCH combo [13, 3, 3] is missing 2 parameter(s); using defaults slowk=3 slowd=3 slowk_matype=0 slowd_matype=0
13:00:46 [WARNING] STOCH combo [13, 5, 3] is missing 2 parameter(s); using defaults slowk=5 slowd=3 slowk_matype=0 slowd_matype=0
13:00:46 [WARNING] STOCH combo [21, 3, 3] is missing 2 parameter(s); using defaults slowk=3 slowd=3 slowk_matype=0 slowd_matype=0
13:00:46 [WARNING] STOCH combo [21, 5, 3] is missing 2 parameter(s); using defaults slowk=5 slowd=3 slowk_matype=0 slowd_matype=0
13:00:46 [WARNING] STOCH combo [21, 5, 5] is missing 2 parameter(s); using defaults slowk=5 slowd=5 slowk_matype=0 slowd_matype=0
13:00:46 [WARNING] STOCH combo [34, 5, 3] is missing 2 parameter(s); using defaults slowk=5 slowd=3 slowk_matype=0 slowd_matype=0
13:00:46 [WARNING] STOCH combo [34, 5, 5] is missing 2 parameter(s); using defaults slowk=5 slowd=5 slowk_matype=0 slowd_matype=0
13:00:46 [WARNING] STOCH combo [55, 5, 5] is missing 2 parameter(s); using defaults slowk=5 slowd=5 slowk_matype=0 slowd_matype=0
13:00:46 [WARNING] STOCH combo [55, 8, 5] is missing 2 parameter(s); using defaults slowk=8 slowd=5 slowk_matype=0 slowd_matype=0
13:00:46 [WARNING] STOCH combo [89, 8, 5] is missing 2 parameter(s); using defaults slowk=8 slowd=5 slowk_matype=0 slowd_matype=0
13:00:46 [WARNING] STOCHF combo [5, 3] is missing 1 parameter(s); using defaults fastd_period=3 fastd_matype=0
13:00:46 [WARNING] STOCHF combo [8, 3] is missing 1 parameter(s); using defaults fastd_period=3 fastd_matype=0
13:00:46 [WARNING] STOCHF combo [13, 3] is missing 1 parameter(s); using defaults fastd_period=3 fastd_matype=0
13:00:46 [WARNING] STOCHF combo [21, 3] is missing 1 parameter(s); using defaults fastd_period=3 fastd_matype=0
13:00:46 [WARNING] STOCHF combo [21, 5] is missing 1 parameter(s); using defaults fastd_period=5 fastd_matype=0
13:00:46 [WARNING] STOCHF combo [34, 5] is missing 1 parameter(s); using defaults fastd_period=5 fastd_matype=0
13:00:46 [WARNING] STOCHF combo [55, 5] is missing 1 parameter(s); using defaults fastd_period=5 fastd_matype=0
13:00:46 [WARNING] STOCHF combo [89, 8] is missing 1 parameter(s); using defaults fastd_period=8 fastd_matype=0
13:00:46 [WARNING] STOCHRSI combo [9, 5, 3] is missing 1 parameter(s); using defaults fastk_period=5 fastd_period=3 fastd_matype=0
13:00:46 [WARNING] STOCHRSI combo [14, 5, 3] is missing 1 parameter(s); using defaults fastk_period=5 fastd_period=3 fastd_matype=0
13:00:46 [WARNING] STOCHRSI combo [14, 3, 3] is missing 1 parameter(s); using defaults fastk_period=3 fastd_period=3 fastd_matype=0
13:00:46 [WARNING] STOCHRSI combo [21, 5, 3] is missing 1 parameter(s); using defaults fastk_period=5 fastd_period=3 fastd_matype=0
13:00:46 [WARNING] STOCHRSI combo [21, 8, 5] is missing 1 parameter(s); using defaults fastk_period=8 fastd_period=5 fastd_matype=0
13:00:46 [WARNING] STOCHRSI combo [34, 8, 5] is missing 1 parameter(s); using defaults fastk_period=8 fastd_period=5 fastd_matype=0
13:00:46 [WARNING] STOCHRSI combo [55, 8, 5] is missing 1 parameter(s); using defaults fastk_period=8 fastd_period=5 fastd_matype=0
13:00:46 [INFO] [Layer 1] 100% - Layer 1 completed: 898 features
13:00:46 [INFO] Layer 1 done: 898 cols, status=ok, rss=1537MB
13:00:46 [INFO] [Layer 2] 0% - Starting Layer 2...
13:00:46 [INFO] Layer 2 starting, rss=1537MB
13:00:46 [INFO] [L2] Starting derived features: 898 L1 cols
13:00:46 [WARNING] STOCH combo [5, 3, 3] is missing 2 parameter(s); using defaults slowk=3 slowd=3 slowk_matype=0 slowd_matype=0
13:00:46 [WARNING] STOCH combo [8, 3, 3] is missing 2 parameter(s); using defaults slowk=3 slowd=3 slowk_matype=0 slowd_matype=0
13:00:46 [WARNING] STOCH combo [13, 3, 3] is missing 2 parameter(s); using defaults slowk=3 slowd=3 slowk_matype=0 slowd_matype=0
13:00:46 [WARNING] STOCH combo [13, 5, 3] is missing 2 parameter(s); using defaults slowk=5 slowd=3 slowk_matype=0 slowd_matype=0
13:00:46 [WARNING] STOCH combo [21, 3, 3] is missing 2 parameter(s); using defaults slowk=3 slowd=3 slowk_matype=0 slowd_matype=0
13:00:46 [WARNING] STOCH combo [21, 5, 3] is missing 2 parameter(s); using defaults slowk=5 slowd=3 slowk_matype=0 slowd_matype=0
13:00:46 [WARNING] STOCH combo [21, 5, 5] is missing 2 parameter(s); using defaults slowk=5 slowd=5 slowk_matype=0 slowd_matype=0
13:00:46 [WARNING] STOCH combo [34, 5, 3] is missing 2 parameter(s); using defaults slowk=5 slowd=3 slowk_matype=0 slowd_matype=0
13:00:46 [WARNING] STOCH combo [34, 5, 5] is missing 2 parameter(s); using defaults slowk=5 slowd=5 slowk_matype=0 slowd_matype=0
13:00:46 [WARNING] STOCH combo [55, 5, 5] is missing 2 parameter(s); using defaults slowk=5 slowd=5 slowk_matype=0 slowd_matype=0
13:00:46 [WARNING] STOCH combo [55, 8, 5] is missing 2 parameter(s); using defaults slowk=8 slowd=5 slowk_matype=0 slowd_matype=0
13:00:46 [WARNING] STOCH combo [89, 8, 5] is missing 2 parameter(s); using defaults slowk=8 slowd=5 slowk_matype=0 slowd_matype=0
13:00:46 [WARNING] STOCHF combo [5, 3] is missing 1 parameter(s); using defaults fastd_period=3 fastd_matype=0
13:00:46 [WARNING] STOCHF combo [8, 3] is missing 1 parameter(s); using defaults fastd_period=3 fastd_matype=0
13:00:46 [WARNING] STOCHF combo [13, 3] is missing 1 parameter(s); using defaults fastd_period=3 fastd_matype=0
13:00:46 [WARNING] STOCHF combo [21, 3] is missing 1 parameter(s); using defaults fastd_period=3 fastd_matype=0
13:00:46 [WARNING] STOCHF combo [21, 5] is missing 1 parameter(s); using defaults fastd_period=5 fastd_matype=0
13:00:46 [WARNING] STOCHF combo [34, 5] is missing 1 parameter(s); using defaults fastd_period=5 fastd_matype=0
13:00:46 [WARNING] STOCHF combo [55, 5] is missing 1 parameter(s); using defaults fastd_period=5 fastd_matype=0
13:00:46 [WARNING] STOCHF combo [89, 8] is missing 1 parameter(s); using defaults fastd_period=8 fastd_matype=0
13:00:46 [WARNING] STOCHRSI combo [9, 5, 3] is missing 1 parameter(s); using defaults fastk_period=5 fastd_period=3 fastd_matype=0
13:00:46 [WARNING] STOCHRSI combo [14, 5, 3] is missing 1 parameter(s); using defaults fastk_period=5 fastd_period=3 fastd_matype=0
13:00:46 [WARNING] STOCHRSI combo [14, 3, 3] is missing 1 parameter(s); using defaults fastk_period=3 fastd_period=3 fastd_matype=0
13:00:46 [WARNING] STOCHRSI combo [21, 5, 3] is missing 1 parameter(s); using defaults fastk_period=5 fastd_period=3 fastd_matype=0
13:00:46 [WARNING] STOCHRSI combo [21, 8, 5] is missing 1 parameter(s); using defaults fastk_period=8 fastd_period=5 fastd_matype=0
13:00:46 [WARNING] STOCHRSI combo [34, 8, 5] is missing 1 parameter(s); using defaults fastk_period=8 fastd_period=5 fastd_matype=0
13:00:46 [WARNING] STOCHRSI combo [55, 8, 5] is missing 1 parameter(s); using defaults fastk_period=8 fastd_period=5 fastd_matype=0
13:00:49 [INFO] [L2] Completed: 11621 cols in 3.50s
13:00:51 [INFO] [Layer 2] 100% - Layer 2 completed: 11621 features
13:00:51 [INFO] Layer 2 done: 11621 cols, status=ok, rss=884MB
13:00:51 [INFO] [Layer 3] 0% - Starting Layer 3...
13:00:51 [INFO] Layer 3 starting, rss=884MB
13:00:52 [INFO] [L3 streaming][numba][multi] step 10/20 (W5_range): 898→898 cols (-0 dead)
13:00:52 [INFO] [L3 streaming][numba][multi] step 20/20 (W13_range): 898→898 cols (-0 dead)
13:00:52 [INFO] [L3 streaming][numba][multi] complete: 17960 total generated, 0 dead dropped, 17960 survivors
13:00:53 [INFO] [Layer 3] 100% - Layer 3 completed: 17960 features
13:00:53 [INFO] Layer 3 done: 17960 cols, status=ok, rss=1612MB
13:00:53 [INFO] [Layer 4] 0% - Starting Layer 4...
13:00:53 [INFO] Layer 4 starting, rss=1612MB
13:00:53 [INFO] [Layer 4] 100% - Layer 4 completed: 7224 features
13:00:53 [INFO] Layer 4 done: 7224 cols, status=ok, rss=1869MB
13:00:53 [INFO] [Layer 5] 0% - Starting Layer 5...
13:00:53 [INFO] Layer 5 starting, rss=1869MB
13:00:53 [INFO] [Layer 5] 100% - Layer 5 completed: 0 features
13:00:53 [INFO] Layer 5 done: 0 cols, status=empty_disabled, rss=1869MB
13:00:53 [INFO] [Layer 6] 0% - Starting Layer 6...
13:00:53 [INFO] Layer 6 starting, rss=1869MB
13:00:53 [INFO] [Layer 6] 100% - Layer 6 completed: 10 features
13:00:53 [INFO] Layer 6 done: 10 cols, status=ok, rss=1871MB
13:01:11 [INFO] [CGSA] Initialized ColumnGroupRegistry at /private/var/folders/_c/3xdf41hd3tvgxpx63mrml2c00000gn/T/pytest-of-louis/pytest-15/test_small_mutation_numba_roll0/cgsa_work (tier=8gb, buffer_groups=0)
13:01:11 [INFO] Fetching spot data: BTCUSDT/1h
13:01:11 [INFO] Read 20352 klines from BTCUSDT/1h in 0.049s
13:01:11 [INFO] Aligned data for BTCUSDT/1h: 20352 rows, 5 columns
13:01:11 [INFO] [multi_tf:multi_tf] 35% - [CGSA] Processing timeframe 1h (1/2)
13:01:11 [INFO] [Layer 1] 0% - Starting Layer 1...
13:01:11 [INFO] Layer 1 starting, rss=1493MB
13:01:12 [WARNING] STOCH combo [5, 3, 3] is missing 2 parameter(s); using defaults slowk=3 slowd=3 slowk_matype=0 slowd_matype=0
13:01:12 [WARNING] STOCH combo [8, 3, 3] is missing 2 parameter(s); using defaults slowk=3 slowd=3 slowk_matype=0 slowd_matype=0
13:01:12 [WARNING] STOCH combo [13, 3, 3] is missing 2 parameter(s); using defaults slowk=3 slowd=3 slowk_matype=0 slowd_matype=0
13:01:12 [WARNING] STOCH combo [13, 5, 3] is missing 2 parameter(s); using defaults slowk=5 slowd=3 slowk_matype=0 slowd_matype=0
13:01:12 [WARNING] STOCH combo [21, 3, 3] is missing 2 parameter(s); using defaults slowk=3 slowd=3 slowk_matype=0 slowd_matype=0
13:01:12 [WARNING] STOCH combo [21, 5, 3] is missing 2 parameter(s); using defaults slowk=5 slowd=3 slowk_matype=0 slowd_matype=0
13:01:12 [WARNING] STOCH combo [21, 5, 5] is missing 2 parameter(s); using defaults slowk=5 slowd=5 slowk_matype=0 slowd_matype=0
13:01:12 [WARNING] STOCH combo [34, 5, 3] is missing 2 parameter(s); using defaults slowk=5 slowd=3 slowk_matype=0 slowd_matype=0
13:01:12 [WARNING] STOCH combo [34, 5, 5] is missing 2 parameter(s); using defaults slowk=5 slowd=5 slowk_matype=0 slowd_matype=0
13:01:12 [WARNING] STOCH combo [55, 5, 5] is missing 2 parameter(s); using defaults slowk=5 slowd=5 slowk_matype=0 slowd_matype=0
13:01:12 [WARNING] STOCH combo [55, 8, 5] is missing 2 parameter(s); using defaults slowk=8 slowd=5 slowk_matype=0 slowd_matype=0
13:01:12 [WARNING] STOCH combo [89, 8, 5] is missing 2 parameter(s); using defaults slowk=8 slowd=5 slowk_matype=0 slowd_matype=0
13:01:12 [WARNING] STOCHF combo [5, 3] is missing 1 parameter(s); using defaults fastd_period=3 fastd_matype=0
13:01:12 [WARNING] STOCHF combo [8, 3] is missing 1 parameter(s); using defaults fastd_period=3 fastd_matype=0
13:01:12 [WARNING] STOCHF combo [13, 3] is missing 1 parameter(s); using defaults fastd_period=3 fastd_matype=0
13:01:12 [WARNING] STOCHF combo [21, 3] is missing 1 parameter(s); using defaults fastd_period=3 fastd_matype=0
13:01:12 [WARNING] STOCHF combo [21, 5] is missing 1 parameter(s); using defaults fastd_period=5 fastd_matype=0
13:01:12 [WARNING] STOCHF combo [34, 5] is missing 1 parameter(s); using defaults fastd_period=5 fastd_matype=0
13:01:12 [WARNING] STOCHF combo [55, 5] is missing 1 parameter(s); using defaults fastd_period=5 fastd_matype=0
13:01:12 [WARNING] STOCHF combo [89, 8] is missing 1 parameter(s); using defaults fastd_period=8 fastd_matype=0
13:01:12 [WARNING] STOCHRSI combo [9, 5, 3] is missing 1 parameter(s); using defaults fastk_period=5 fastd_period=3 fastd_matype=0
13:01:12 [WARNING] STOCHRSI combo [14, 5, 3] is missing 1 parameter(s); using defaults fastk_period=5 fastd_period=3 fastd_matype=0
13:01:12 [WARNING] STOCHRSI combo [14, 3, 3] is missing 1 parameter(s); using defaults fastk_period=3 fastd_period=3 fastd_matype=0
13:01:12 [WARNING] STOCHRSI combo [21, 5, 3] is missing 1 parameter(s); using defaults fastk_period=5 fastd_period=3 fastd_matype=0
13:01:12 [WARNING] STOCHRSI combo [21, 8, 5] is missing 1 parameter(s); using defaults fastk_period=8 fastd_period=5 fastd_matype=0
13:01:12 [WARNING] STOCHRSI combo [34, 8, 5] is missing 1 parameter(s); using defaults fastk_period=8 fastd_period=5 fastd_matype=0
13:01:12 [WARNING] STOCHRSI combo [55, 8, 5] is missing 1 parameter(s); using defaults fastk_period=8 fastd_period=5 fastd_matype=0
13:01:13 [INFO] [Layer 1] 100% - Layer 1 completed: 898 features
13:01:13 [INFO] Layer 1 done: 898 cols, status=ok, rss=735MB
13:01:13 [INFO] [Layer 2] 0% - Starting Layer 2...
13:01:13 [INFO] Layer 2 starting, rss=735MB
13:01:13 [INFO] [L2] Starting derived features: 898 L1 cols
13:01:13 [WARNING] STOCH combo [5, 3, 3] is missing 2 parameter(s); using defaults slowk=3 slowd=3 slowk_matype=0 slowd_matype=0
13:01:13 [WARNING] STOCH combo [8, 3, 3] is missing 2 parameter(s); using defaults slowk=3 slowd=3 slowk_matype=0 slowd_matype=0
13:01:13 [WARNING] STOCH combo [13, 3, 3] is missing 2 parameter(s); using defaults slowk=3 slowd=3 slowk_matype=0 slowd_matype=0
13:01:13 [WARNING] STOCH combo [13, 5, 3] is missing 2 parameter(s); using defaults slowk=5 slowd=3 slowk_matype=0 slowd_matype=0
13:01:13 [WARNING] STOCH combo [21, 3, 3] is missing 2 parameter(s); using defaults slowk=3 slowd=3 slowk_matype=0 slowd_matype=0
13:01:13 [WARNING] STOCH combo [21, 5, 3] is missing 2 parameter(s); using defaults slowk=5 slowd=3 slowk_matype=0 slowd_matype=0
13:01:13 [WARNING] STOCH combo [21, 5, 5] is missing 2 parameter(s); using defaults slowk=5 slowd=5 slowk_matype=0 slowd_matype=0
13:01:13 [WARNING] STOCH combo [34, 5, 3] is missing 2 parameter(s); using defaults slowk=5 slowd=3 slowk_matype=0 slowd_matype=0
13:01:13 [WARNING] STOCH combo [34, 5, 5] is missing 2 parameter(s); using defaults slowk=5 slowd=5 slowk_matype=0 slowd_matype=0
13:01:13 [WARNING] STOCH combo [55, 5, 5] is missing 2 parameter(s); using defaults slowk=5 slowd=5 slowk_matype=0 slowd_matype=0
13:01:13 [WARNING] STOCH combo [55, 8, 5] is missing 2 parameter(s); using defaults slowk=8 slowd=5 slowk_matype=0 slowd_matype=0
13:01:13 [WARNING] STOCH combo [89, 8, 5] is missing 2 parameter(s); using defaults slowk=8 slowd=5 slowk_matype=0 slowd_matype=0
13:01:13 [WARNING] STOCHF combo [5, 3] is missing 1 parameter(s); using defaults fastd_period=3 fastd_matype=0
13:01:13 [WARNING] STOCHF combo [8, 3] is missing 1 parameter(s); using defaults fastd_period=3 fastd_matype=0
13:01:13 [WARNING] STOCHF combo [13, 3] is missing 1 parameter(s); using defaults fastd_period=3 fastd_matype=0
13:01:13 [WARNING] STOCHF combo [21, 3] is missing 1 parameter(s); using defaults fastd_period=3 fastd_matype=0
13:01:13 [WARNING] STOCHF combo [21, 5] is missing 1 parameter(s); using defaults fastd_period=5 fastd_matype=0
13:01:13 [WARNING] STOCHF combo [34, 5] is missing 1 parameter(s); using defaults fastd_period=5 fastd_matype=0
13:01:13 [WARNING] STOCHF combo [55, 5] is missing 1 parameter(s); using defaults fastd_period=5 fastd_matype=0
13:01:13 [WARNING] STOCHF combo [89, 8] is missing 1 parameter(s); using defaults fastd_period=8 fastd_matype=0
13:01:13 [WARNING] STOCHRSI combo [9, 5, 3] is missing 1 parameter(s); using defaults fastk_period=5 fastd_period=3 fastd_matype=0
13:01:13 [WARNING] STOCHRSI combo [14, 5, 3] is missing 1 parameter(s); using defaults fastk_period=5 fastd_period=3 fastd_matype=0
13:01:13 [WARNING] STOCHRSI combo [14, 3, 3] is missing 1 parameter(s); using defaults fastk_period=3 fastd_period=3 fastd_matype=0
13:01:13 [WARNING] STOCHRSI combo [21, 5, 3] is missing 1 parameter(s); using defaults fastk_period=5 fastd_period=3 fastd_matype=0
13:01:13 [WARNING] STOCHRSI combo [21, 8, 5] is missing 1 parameter(s); using defaults fastk_period=8 fastd_period=5 fastd_matype=0
13:01:13 [WARNING] STOCHRSI combo [34, 8, 5] is missing 1 parameter(s); using defaults fastk_period=8 fastd_period=5 fastd_matype=0
13:01:13 [WARNING] STOCHRSI combo [55, 8, 5] is missing 1 parameter(s); using defaults fastk_period=8 fastd_period=5 fastd_matype=0
13:01:29 [INFO] [CGSA] L2 persisted group=1h_L2_Cross shards=1 total_bytes=88.0 MiB
13:01:35 [INFO] [CGSA] L2 persisted group=1h_L2_Ratio shards=1 total_bytes=88.0 MiB
13:02:25 [INFO] [CGSA] L2 persisted group=1h_L2_Momentum shards=8 total_bytes=697.2 MiB
13:02:25 [INFO] [L2] Completed: 11621 cols in 72.37s
13:02:25 [INFO] [Layer 2] 100% - Layer 2 completed: 11621 features
13:02:25 [INFO] Layer 2 done: 11621 cols, status=ok, rss=3145MB
13:02:25 [INFO] [memmap] created: shape=(20352, 11621), dtype=<class 'numpy.float32'>, est=0.95 GB  (file auto-unlinked)
13:02:30 [INFO] [spill] layer2: 20352×11621 → float32 memmap in 4.9s (freed ~1.9 GB float64)
13:02:30 [INFO] [Layer 3] 0% - Starting Layer 3...
13:02:30 [INFO] Layer 3 starting, rss=2068MB
13:02:39 [INFO] [L3 streaming][numba][multi][persist] step 10/20 (W5_range): 898→898 cols (-0 dead)
13:02:39 [INFO] [L3 streaming][numba][multi][persist] step 20/20 (W13_range): 898→898 cols (-0 dead)
13:02:39 [INFO] [L3 streaming][numba][multi][persist] complete: 17960 generated, 4 dropped, 17956 survivors persisted via callback
13:02:42 [INFO] [L3] streaming persist (mode=streaming) complete: 17956 cols persisted in 20 groups
13:02:42 [INFO] [Layer 3] 100% - Layer 3 completed: 0 features
13:02:42 [INFO] Layer 3 done: 0 cols, status=offloaded_to_registry, rss=1604MB
13:02:42 [INFO] [Layer 4] 0% - Starting Layer 4...
13:02:42 [INFO] Layer 4 starting, rss=1604MB
13:02:44 [INFO] [Layer 4] 100% - Layer 4 completed: 7224 features
13:02:44 [INFO] Layer 4 done: 7224 cols, status=ok, rss=1668MB
13:02:44 [INFO] [Layer 5] 0% - Starting Layer 5...
13:02:44 [INFO] Layer 5 starting, rss=1668MB
13:02:44 [INFO] [Layer 5] 100% - Layer 5 completed: 0 features
13:02:44 [INFO] Layer 5 done: 0 cols, status=empty_disabled, rss=1653MB
13:02:44 [INFO] [Layer 6] 0% - Starting Layer 6...
13:02:44 [INFO] Layer 6 starting, rss=1653MB
13:02:44 [INFO] [Layer 6] 100% - Layer 6 completed: 10 features
13:02:44 [INFO] Layer 6 done: 10 cols, status=ok, rss=1644MB
13:02:44 [INFO] [CGSA] Disk pre-check OK: layer=L4_lag symbol=BTCUSDT tf=1h need=2.74 GiB (planned_new=0.55 GiB, max_inflight_tmp×2=0.19 GiB, reserve=2.00 GiB) free=28.36 GiB shape=(20352, 7224)
13:02:46 [INFO] [CGSA] L4_lag persisted group=1h_L4_lag_1 shards=5 total_bytes=388.2 MiB
13:02:47 [INFO] [CGSA] L4_lag persisted group=1h_L4_lag_2 shards=2 total_bytes=172.7 MiB
13:02:47 [INFO] [CGSA] Persisted L4_lag: 7224 cols → 2 groups (tf=1h)
13:02:47 [INFO] [CGSA] Disk pre-check OK: layer=L6_meta symbol=BTCUSDT tf=1h need=2.00 GiB (planned_new=0.00 GiB, max_inflight_tmp×2=0.00 GiB, reserve=2.00 GiB) free=27.69 GiB shape=(20352, 10)
13:02:47 [INFO] [CGSA] Persisted L6_meta: 10 cols → 1 groups (tf=1h)
13:02:47 [INFO] [CGSA][multi_tf] Primary TF 1h: 241 groups registered (no alignment needed)
13:02:47 [INFO] [multi_tf:multi_tf] 70% - [CGSA] Processing timeframe 4h (2/2)
13:02:47 [INFO] Fetching spot data: BTCUSDT/4h
13:02:47 [INFO] Read 5088 klines from BTCUSDT/4h in 0.026s
13:02:47 [INFO] Aligned data for BTCUSDT/4h: 5088 rows, 5 columns
13:02:47 [INFO] [Layer 1] 0% - Starting Layer 1...
13:02:47 [INFO] Layer 1 starting, rss=2806MB
13:02:48 [WARNING] STOCH combo [5, 3, 3] is missing 2 parameter(s); using defaults slowk=3 slowd=3 slowk_matype=0 slowd_matype=0
13:02:48 [WARNING] STOCH combo [8, 3, 3] is missing 2 parameter(s); using defaults slowk=3 slowd=3 slowk_matype=0 slowd_matype=0
13:02:48 [WARNING] STOCH combo [13, 3, 3] is missing 2 parameter(s); using defaults slowk=3 slowd=3 slowk_matype=0 slowd_matype=0
13:02:48 [WARNING] STOCH combo [13, 5, 3] is missing 2 parameter(s); using defaults slowk=5 slowd=3 slowk_matype=0 slowd_matype=0
13:02:48 [WARNING] STOCH combo [21, 3, 3] is missing 2 parameter(s); using defaults slowk=3 slowd=3 slowk_matype=0 slowd_matype=0
13:02:48 [WARNING] STOCH combo [21, 5, 3] is missing 2 parameter(s); using defaults slowk=5 slowd=3 slowk_matype=0 slowd_matype=0
13:02:48 [WARNING] STOCH combo [21, 5, 5] is missing 2 parameter(s); using defaults slowk=5 slowd=5 slowk_matype=0 slowd_matype=0
13:02:48 [WARNING] STOCH combo [34, 5, 3] is missing 2 parameter(s); using defaults slowk=5 slowd=3 slowk_matype=0 slowd_matype=0
13:02:48 [WARNING] STOCH combo [34, 5, 5] is missing 2 parameter(s); using defaults slowk=5 slowd=5 slowk_matype=0 slowd_matype=0
13:02:48 [WARNING] STOCH combo [55, 5, 5] is missing 2 parameter(s); using defaults slowk=5 slowd=5 slowk_matype=0 slowd_matype=0
13:02:48 [WARNING] STOCH combo [55, 8, 5] is missing 2 parameter(s); using defaults slowk=8 slowd=5 slowk_matype=0 slowd_matype=0
13:02:48 [WARNING] STOCH combo [89, 8, 5] is missing 2 parameter(s); using defaults slowk=8 slowd=5 slowk_matype=0 slowd_matype=0
13:02:48 [WARNING] STOCHF combo [5, 3] is missing 1 parameter(s); using defaults fastd_period=3 fastd_matype=0
13:02:48 [WARNING] STOCHF combo [8, 3] is missing 1 parameter(s); using defaults fastd_period=3 fastd_matype=0
13:02:48 [WARNING] STOCHF combo [13, 3] is missing 1 parameter(s); using defaults fastd_period=3 fastd_matype=0
13:02:48 [WARNING] STOCHF combo [21, 3] is missing 1 parameter(s); using defaults fastd_period=3 fastd_matype=0
13:02:48 [WARNING] STOCHF combo [21, 5] is missing 1 parameter(s); using defaults fastd_period=5 fastd_matype=0
13:02:48 [WARNING] STOCHF combo [34, 5] is missing 1 parameter(s); using defaults fastd_period=5 fastd_matype=0
13:02:48 [WARNING] STOCHF combo [55, 5] is missing 1 parameter(s); using defaults fastd_period=5 fastd_matype=0
13:02:48 [WARNING] STOCHF combo [89, 8] is missing 1 parameter(s); using defaults fastd_period=8 fastd_matype=0
13:02:48 [WARNING] STOCHRSI combo [9, 5, 3] is missing 1 parameter(s); using defaults fastk_period=5 fastd_period=3 fastd_matype=0
13:02:48 [WARNING] STOCHRSI combo [14, 5, 3] is missing 1 parameter(s); using defaults fastk_period=5 fastd_period=3 fastd_matype=0
13:02:48 [WARNING] STOCHRSI combo [14, 3, 3] is missing 1 parameter(s); using defaults fastk_period=3 fastd_period=3 fastd_matype=0
13:02:48 [WARNING] STOCHRSI combo [21, 5, 3] is missing 1 parameter(s); using defaults fastk_period=5 fastd_period=3 fastd_matype=0
13:02:48 [WARNING] STOCHRSI combo [21, 8, 5] is missing 1 parameter(s); using defaults fastk_period=8 fastd_period=5 fastd_matype=0
13:02:48 [WARNING] STOCHRSI combo [34, 8, 5] is missing 1 parameter(s); using defaults fastk_period=8 fastd_period=5 fastd_matype=0
13:02:48 [WARNING] STOCHRSI combo [55, 8, 5] is missing 1 parameter(s); using defaults fastk_period=8 fastd_period=5 fastd_matype=0
13:02:53 [INFO] [Layer 1] 100% - Layer 1 completed: 898 features
13:02:53 [INFO] Layer 1 done: 898 cols, status=ok, rss=2901MB
13:02:53 [INFO] [Layer 2] 0% - Starting Layer 2...
13:02:53 [INFO] Layer 2 starting, rss=2901MB
13:02:53 [INFO] [L2] Starting derived features: 898 L1 cols
13:02:53 [WARNING] STOCH combo [5, 3, 3] is missing 2 parameter(s); using defaults slowk=3 slowd=3 slowk_matype=0 slowd_matype=0
13:02:53 [WARNING] STOCH combo [8, 3, 3] is missing 2 parameter(s); using defaults slowk=3 slowd=3 slowk_matype=0 slowd_matype=0
13:02:53 [WARNING] STOCH combo [13, 3, 3] is missing 2 parameter(s); using defaults slowk=3 slowd=3 slowk_matype=0 slowd_matype=0
13:02:53 [WARNING] STOCH combo [13, 5, 3] is missing 2 parameter(s); using defaults slowk=5 slowd=3 slowk_matype=0 slowd_matype=0
13:02:53 [WARNING] STOCH combo [21, 3, 3] is missing 2 parameter(s); using defaults slowk=3 slowd=3 slowk_matype=0 slowd_matype=0
13:02:53 [WARNING] STOCH combo [21, 5, 3] is missing 2 parameter(s); using defaults slowk=5 slowd=3 slowk_matype=0 slowd_matype=0
13:02:53 [WARNING] STOCH combo [21, 5, 5] is missing 2 parameter(s); using defaults slowk=5 slowd=5 slowk_matype=0 slowd_matype=0
13:02:53 [WARNING] STOCH combo [34, 5, 3] is missing 2 parameter(s); using defaults slowk=5 slowd=3 slowk_matype=0 slowd_matype=0
13:02:53 [WARNING] STOCH combo [34, 5, 5] is missing 2 parameter(s); using defaults slowk=5 slowd=5 slowk_matype=0 slowd_matype=0
13:02:53 [WARNING] STOCH combo [55, 5, 5] is missing 2 parameter(s); using defaults slowk=5 slowd=5 slowk_matype=0 slowd_matype=0
13:02:53 [WARNING] STOCH combo [55, 8, 5] is missing 2 parameter(s); using defaults slowk=8 slowd=5 slowk_matype=0 slowd_matype=0
13:02:53 [WARNING] STOCH combo [89, 8, 5] is missing 2 parameter(s); using defaults slowk=8 slowd=5 slowk_matype=0 slowd_matype=0
13:02:53 [WARNING] STOCHF combo [5, 3] is missing 1 parameter(s); using defaults fastd_period=3 fastd_matype=0
13:02:53 [WARNING] STOCHF combo [8, 3] is missing 1 parameter(s); using defaults fastd_period=3 fastd_matype=0
13:02:53 [WARNING] STOCHF combo [13, 3] is missing 1 parameter(s); using defaults fastd_period=3 fastd_matype=0
13:02:53 [WARNING] STOCHF combo [21, 3] is missing 1 parameter(s); using defaults fastd_period=3 fastd_matype=0
13:02:53 [WARNING] STOCHF combo [21, 5] is missing 1 parameter(s); using defaults fastd_period=5 fastd_matype=0
13:02:53 [WARNING] STOCHF combo [34, 5] is missing 1 parameter(s); using defaults fastd_period=5 fastd_matype=0
13:02:53 [WARNING] STOCHF combo [55, 5] is missing 1 parameter(s); using defaults fastd_period=5 fastd_matype=0
13:02:53 [WARNING] STOCHF combo [89, 8] is missing 1 parameter(s); using defaults fastd_period=8 fastd_matype=0
13:02:53 [WARNING] STOCHRSI combo [9, 5, 3] is missing 1 parameter(s); using defaults fastk_period=5 fastd_period=3 fastd_matype=0
13:02:53 [WARNING] STOCHRSI combo [14, 5, 3] is missing 1 parameter(s); using defaults fastk_period=5 fastd_period=3 fastd_matype=0
13:02:53 [WARNING] STOCHRSI combo [14, 3, 3] is missing 1 parameter(s); using defaults fastk_period=3 fastd_period=3 fastd_matype=0
13:02:53 [WARNING] STOCHRSI combo [21, 5, 3] is missing 1 parameter(s); using defaults fastk_period=5 fastd_period=3 fastd_matype=0
13:02:53 [WARNING] STOCHRSI combo [21, 8, 5] is missing 1 parameter(s); using defaults fastk_period=8 fastd_period=5 fastd_matype=0
13:02:53 [WARNING] STOCHRSI combo [34, 8, 5] is missing 1 parameter(s); using defaults fastk_period=8 fastd_period=5 fastd_matype=0
13:02:53 [WARNING] STOCHRSI combo [55, 8, 5] is missing 1 parameter(s); using defaults fastk_period=8 fastd_period=5 fastd_matype=0
13:03:12 [INFO] [CGSA] L2 persisted group=4h_L2_Momentum shards=2 total_bytes=174.3 MiB
13:03:12 [INFO] [L2] Completed: 11621 cols in 19.46s
13:03:12 [INFO] [Layer 2] 100% - Layer 2 completed: 11621 features
13:03:12 [INFO] Layer 2 done: 11621 cols, status=ok, rss=739MB
13:03:12 [INFO] [Layer 3] 0% - Starting Layer 3...
13:03:12 [INFO] Layer 3 starting, rss=739MB
13:03:16 [INFO] [L3 streaming][numba][multi][persist] step 10/20 (W5_range): 898→898 cols (-0 dead)
13:03:16 [INFO] [L3 streaming][numba][multi][persist] step 20/20 (W13_range): 898→897 cols (-1 dead)
13:03:16 [INFO] [L3 streaming][numba][multi][persist] complete: 17960 generated, 6 dropped, 17954 survivors persisted via callback
13:03:18 [INFO] [L3] streaming persist (mode=streaming) complete: 17954 cols persisted in 20 groups
13:03:18 [INFO] [Layer 3] 100% - Layer 3 completed: 0 features
13:03:18 [INFO] Layer 3 done: 0 cols, status=offloaded_to_registry, rss=1242MB
13:03:18 [INFO] [Layer 4] 0% - Starting Layer 4...
13:03:18 [INFO] Layer 4 starting, rss=1242MB
13:03:18 [INFO] [Layer 4] 100% - Layer 4 completed: 7224 features
13:03:18 [INFO] Layer 4 done: 7224 cols, status=ok, rss=1992MB
13:03:18 [INFO] [Layer 5] 0% - Starting Layer 5...
13:03:18 [INFO] Layer 5 starting, rss=1992MB
13:03:18 [INFO] [Layer 5] 100% - Layer 5 completed: 0 features
13:03:18 [INFO] Layer 5 done: 0 cols, status=empty_disabled, rss=1992MB
13:03:18 [INFO] [Layer 6] 0% - Starting Layer 6...
13:03:18 [INFO] Layer 6 starting, rss=1992MB
13:03:18 [INFO] [Layer 6] 100% - Layer 6 completed: 10 features
13:03:18 [INFO] Layer 6 done: 10 cols, status=ok, rss=1992MB
13:03:18 [INFO] [CGSA] Disk pre-check OK: layer=L4_lag symbol=BTCUSDT tf=4h need=2.32 GiB (planned_new=0.14 GiB, max_inflight_tmp×2=0.19 GiB, reserve=2.00 GiB) free=29.11 GiB shape=(5088, 7224)
13:03:19 [INFO] [CGSA] L4_lag persisted group=4h_L4_lag_1 shards=2 total_bytes=97.0 MiB
13:03:19 [INFO] [CGSA] Persisted L4_lag: 7224 cols → 2 groups (tf=4h)
13:03:19 [INFO] [CGSA] Disk pre-check OK: layer=L6_meta symbol=BTCUSDT tf=4h need=2.00 GiB (planned_new=0.00 GiB, max_inflight_tmp×2=0.00 GiB, reserve=2.00 GiB) free=28.97 GiB shape=(5088, 10)
13:03:19 [INFO] [CGSA] Persisted L6_meta: 10 cols → 1 groups (tf=4h)
13:03:19 [INFO] [CGSA][multi_tf] Compact-aligned 241 groups from 4h → 1h (source_rows=5088 logical_rows=20352)
13:03:20 [INFO] [CGSA][multi_tf] All TFs done: 482 total groups in registry
13:03:20 [INFO] [multi_tf:persist] 90% - [CGSA] Running Layer 6.5 → L7_raw streaming persist
13:03:32 [INFO] [L7][CGSA] Quality summary: inf_count=0, coverage=0.9547, non_nan=1465376747/1534866432
13:03:32 [INFO] [L7_raw] Disk pre-check OK: required=2.00 GiB (safety x1.50), estimated_final=2.86 GiB, reclaimable_npy=3.57 GiB, net_growth=0.00 GiB, max_inflight_part=0.38 GiB, largest_part_source=1h_L2_Momentum, reserve_floor=2.00 GiB, free=28.97 GiB, groups=482
13:03:32 [INFO] [L6.5] raw-sink path uses serial group streaming for disk safety (requested_workers=2)
13:03:32 [INFO] [L6.5] Registry raw-sink config: groups=482 requested_workers=2 effective_workers=1 mode=append use_fast=False can_use_numba_fast=False winsor=True rank=False zscore=False fracdiff=False fracdiff_apply_to=non_stationary fracdiff_layers=['L1', 'L2'] adf=False gaussian=False
13:03:32 [INFO] [L6.5] Raw-sink start: 476 full groups (fast=0, slow=476) + 6 big-group splits → 496 sub-tasks (requested_workers=2, effective_workers=1, split_threshold=2000, slow_chunked=6, max_group_cols=8980, schedule=largest_first, rss=2209MB)
13:03:34 [INFO] [L6.5] raw-sink chunk stream start: group=1h_L2_Momentum cols=8980 chunks=5 chunk_size=2000 rss=1826MB
13:04:42 [INFO] [L6.5] raw-sink chunk stream complete: group=1h_L2_Momentum chunks=5 outputs=5 rss=1477MB
13:04:42 [INFO] [L6.5] raw-sink heartbeat: tasks 5/496 (1.0%), groups 1/482, elapsed=69.6s, rate=0.07/s, ETA=6834s, rss=1477MB, last=1h_L2_Momentum (slow-chunked, parts=5)
13:04:43 [INFO] [L6.5] raw-sink chunk stream start: group=1h_L4_lag_1 cols=5000 chunks=3 chunk_size=2000 rss=1792MB
13:05:21 [INFO] [L6.5] raw-sink chunk stream complete: group=1h_L4_lag_1 chunks=3 outputs=3 rss=1430MB
13:05:21 [INFO] [L6.5] raw-sink heartbeat: tasks 8/496 (1.6%), groups 2/482, elapsed=108.8s, rate=0.07/s, ETA=6638s, rss=1430MB, last=1h_L4_lag_1 (slow-chunked, parts=3)
13:05:36 [INFO] [L6.5] native-tf path completed: group=4h_L2_Momentum src_tf=4h primary_tf=1h native_rows=5088 primary_rows=20352 outputs=1
13:05:36 [INFO] [L6.5] raw-sink chunk stream start: group=1h_L4_lag_2 cols=2224 chunks=2 chunk_size=2000 rss=1228MB
13:05:52 [INFO] [L6.5] raw-sink chunk stream complete: group=1h_L4_lag_2 chunks=2 outputs=2 rss=3237MB
13:05:52 [INFO] [L6.5] raw-sink heartbeat: tasks 15/496 (3.0%), groups 4/482, elapsed=140.0s, rate=0.11/s, ETA=4490s, rss=3237MB, last=1h_L4_lag_2 (slow-chunked, parts=2)
13:06:00 [INFO] [L6.5] native-tf path completed: group=4h_L4_lag_1 src_tf=4h primary_tf=1h native_rows=5088 primary_rows=20352 outputs=1
13:06:23 [INFO] [L6.5] raw-sink heartbeat: tasks 21/496 (4.2%), groups 8/482, elapsed=170.4s, rate=0.12/s, ETA=3855s, rss=2350MB, last=1h_L3_rolling_W13_Kurt_1 (full)
13:06:55 [INFO] [L6.5] raw-sink heartbeat: tasks 26/496 (5.2%), groups 13/482, elapsed=203.0s, rate=0.13/s, ETA=3669s, rss=1425MB, last=1h_L3_rolling_W13_Skew_1 (full)
13:07:28 [INFO] [L6.5] raw-sink heartbeat: tasks 31/496 (6.2%), groups 18/482, elapsed=235.8s, rate=0.13/s, ETA=3537s, rss=1357MB, last=1h_L3_rolling_W5_Mean_1 (full)
13:08:01 [INFO] [L6.5] raw-sink heartbeat: tasks 36/496 (7.3%), groups 23/482, elapsed=268.7s, rate=0.13/s, ETA=3433s, rss=1396MB, last=1h_L3_rolling_W5_Std_1 (full)
13:08:30 [INFO] [L6.5] native-tf path completed: group=4h_L4_lag_2 src_tf=4h primary_tf=1h native_rows=5088 primary_rows=20352 outputs=1
13:08:31 [INFO] [L6.5] native-tf path completed: group=4h_L2_Cross src_tf=4h primary_tf=1h native_rows=5088 primary_rows=20352 outputs=1
13:08:31 [INFO] [L6.5] raw-sink heartbeat: tasks 43/496 (8.7%), groups 29/482, elapsed=298.9s, rate=0.14/s, ETA=3149s, rss=1845MB, last=4h_L2_Cross (native-tf, parts=1)
13:08:32 [INFO] [L6.5] native-tf path completed: group=4h_L2_Ratio src_tf=4h primary_tf=1h native_rows=5088 primary_rows=20352 outputs=1
13:08:36 [INFO] [L6.5] native-tf path completed: group=4h_L3_rolling_W13_Kurt_1 src_tf=4h primary_tf=1h native_rows=5088 primary_rows=20352 outputs=1
13:08:37 [INFO] [L6.5] native-tf path completed: group=4h_L3_rolling_W13_Mean_1 src_tf=4h primary_tf=1h native_rows=5088 primary_rows=20352 outputs=1
13:08:38 [INFO] [L6.5] native-tf path completed: group=4h_L3_rolling_W13_Rank_1 src_tf=4h primary_tf=1h native_rows=5088 primary_rows=20352 outputs=1
13:08:39 [INFO] [L6.5] native-tf path completed: group=4h_L3_rolling_W13_Skew_1 src_tf=4h primary_tf=1h native_rows=5088 primary_rows=20352 outputs=1
13:08:40 [INFO] [L6.5] native-tf path completed: group=4h_L3_rolling_W13_Slope_1 src_tf=4h primary_tf=1h native_rows=5088 primary_rows=20352 outputs=1
13:08:41 [INFO] [L6.5] native-tf path completed: group=4h_L3_rolling_W13_Std_1 src_tf=4h primary_tf=1h native_rows=5088 primary_rows=20352 outputs=1
13:08:42 [INFO] [L6.5] native-tf path completed: group=4h_L3_rolling_W13_ZScore_1 src_tf=4h primary_tf=1h native_rows=5088 primary_rows=20352 outputs=1
13:08:43 [INFO] [L6.5] native-tf path completed: group=4h_L3_rolling_W5_Max_1 src_tf=4h primary_tf=1h native_rows=5088 primary_rows=20352 outputs=1
13:08:44 [INFO] [L6.5] native-tf path completed: group=4h_L3_rolling_W5_Mean_1 src_tf=4h primary_tf=1h native_rows=5088 primary_rows=20352 outputs=1
13:08:45 [INFO] [L6.5] native-tf path completed: group=4h_L3_rolling_W5_Min_1 src_tf=4h primary_tf=1h native_rows=5088 primary_rows=20352 outputs=1
13:08:46 [INFO] [L6.5] native-tf path completed: group=4h_L3_rolling_W5_Range_1 src_tf=4h primary_tf=1h native_rows=5088 primary_rows=20352 outputs=1
13:08:47 [INFO] [L6.5] native-tf path completed: group=4h_L3_rolling_W5_Rank_1 src_tf=4h primary_tf=1h native_rows=5088 primary_rows=20352 outputs=1
13:08:48 [INFO] [L6.5] native-tf path completed: group=4h_L3_rolling_W5_Slope_1 src_tf=4h primary_tf=1h native_rows=5088 primary_rows=20352 outputs=1
13:08:49 [INFO] [L6.5] native-tf path completed: group=4h_L3_rolling_W5_Std_1 src_tf=4h primary_tf=1h native_rows=5088 primary_rows=20352 outputs=1
13:08:50 [INFO] [L6.5] native-tf path completed: group=4h_L3_rolling_W13_Max_1 src_tf=4h primary_tf=1h native_rows=5088 primary_rows=20352 outputs=1
13:08:51 [INFO] [L6.5] native-tf path completed: group=4h_L3_rolling_W13_Min_1 src_tf=4h primary_tf=1h native_rows=5088 primary_rows=20352 outputs=1
13:08:52 [INFO] [L6.5] native-tf path completed: group=4h_L3_rolling_W13_Range_1 src_tf=4h primary_tf=1h native_rows=5088 primary_rows=20352 outputs=1
13:08:53 [INFO] [L6.5] native-tf path completed: group=4h_L3_rolling_W5_Kurt_1 src_tf=4h primary_tf=1h native_rows=5088 primary_rows=20352 outputs=1
13:08:54 [INFO] [L6.5] native-tf path completed: group=4h_L3_rolling_W5_Skew_1 src_tf=4h primary_tf=1h native_rows=5088 primary_rows=20352 outputs=1
13:08:55 [INFO] [L6.5] native-tf path completed: group=4h_L3_rolling_W5_ZScore_1 src_tf=4h primary_tf=1h native_rows=5088 primary_rows=20352 outputs=1
13:08:56 [INFO] [L6.5] native-tf path completed: group=4h_L2_Distance src_tf=4h primary_tf=1h native_rows=5088 primary_rows=20352 outputs=1
13:08:56 [INFO] [L6.5] raw-sink heartbeat: tasks 67/496 (13.5%), groups 53/482, elapsed=323.7s, rate=0.21/s, ETA=2073s, rss=2002MB, last=4h_L2_Distance (native-tf, parts=1)
13:08:57 [INFO] [L6.5] native-tf path completed: group=4h_L2_BinarySignal src_tf=4h primary_tf=1h native_rows=5088 primary_rows=20352 outputs=1
13:09:01 [INFO] [L6.5] raw-sink heartbeat: tasks 91/496 (18.3%), groups 77/482, elapsed=328.8s, rate=0.28/s, ETA=1463s, rss=2035MB, last=1h_L1_momentum_MACDFIX-Hist (full)
13:09:04 [INFO] [L6.5] native-tf path completed: group=4h_L1_momentum_RSI src_tf=4h primary_tf=1h native_rows=5088 primary_rows=20352 outputs=1
13:09:04 [INFO] [L6.5] native-tf path completed: group=4h_L1_trend_EMA src_tf=4h primary_tf=1h native_rows=5088 primary_rows=20352 outputs=1
13:09:04 [INFO] [L6.5] native-tf path completed: group=4h_L1_trend_SMA src_tf=4h primary_tf=1h native_rows=5088 primary_rows=20352 outputs=1
13:09:04 [INFO] [L6.5] native-tf path completed: group=4h_L1_momentum_ROC src_tf=4h primary_tf=1h native_rows=5088 primary_rows=20352 outputs=1
13:09:04 [INFO] [L6.5] native-tf path completed: group=4h_L1_momentum_ROCP src_tf=4h primary_tf=1h native_rows=5088 primary_rows=20352 outputs=1
13:09:04 [INFO] [L6.5] native-tf path completed: group=4h_L1_momentum_ROCR src_tf=4h primary_tf=1h native_rows=5088 primary_rows=20352 outputs=1
13:09:04 [INFO] [L6.5] native-tf path completed: group=4h_L1_momentum_ROCR100 src_tf=4h primary_tf=1h native_rows=5088 primary_rows=20352 outputs=1
13:09:04 [INFO] [L6.5] raw-sink heartbeat: tasks 115/496 (23.2%), groups 101/482, elapsed=331.9s, rate=0.35/s, ETA=1100s, rss=2035MB, last=4h_L1_momentum_ROCR100 (native-tf, parts=1)
13:09:04 [INFO] [L6.5] native-tf path completed: group=4h_L1_momentum_CMO src_tf=4h primary_tf=1h native_rows=5088 primary_rows=20352 outputs=1
13:09:04 [INFO] [L6.5] native-tf path completed: group=4h_L1_momentum_MOM src_tf=4h primary_tf=1h native_rows=5088 primary_rows=20352 outputs=1
13:09:05 [INFO] [L6.5] native-tf path completed: group=4h_L1_momentum_TRIX src_tf=4h primary_tf=1h native_rows=5088 primary_rows=20352 outputs=1
13:09:05 [INFO] [L6.5] native-tf path completed: group=4h_L1_trend_DEMA src_tf=4h primary_tf=1h native_rows=5088 primary_rows=20352 outputs=1
13:09:05 [INFO] [L6.5] native-tf path completed: group=4h_L1_trend_KAMA src_tf=4h primary_tf=1h native_rows=5088 primary_rows=20352 outputs=1
13:09:05 [INFO] [L6.5] native-tf path completed: group=4h_L1_trend_MA src_tf=4h primary_tf=1h native_rows=5088 primary_rows=20352 outputs=1
13:09:05 [INFO] [L6.5] native-tf path completed: group=4h_L1_trend_MAVP src_tf=4h primary_tf=1h native_rows=5088 primary_rows=20352 outputs=1
13:09:05 [INFO] [L6.5] native-tf path completed: group=4h_L1_trend_MIDPOINT src_tf=4h primary_tf=1h native_rows=5088 primary_rows=20352 outputs=1
13:09:05 [INFO] [L6.5] native-tf path completed: group=4h_L1_trend_T3 src_tf=4h primary_tf=1h native_rows=5088 primary_rows=20352 outputs=1
13:09:05 [INFO] [L6.5] native-tf path completed: group=4h_L1_trend_TEMA src_tf=4h primary_tf=1h native_rows=5088 primary_rows=20352 outputs=1
13:09:05 [INFO] [L6.5] native-tf path completed: group=4h_L1_trend_TRIMA src_tf=4h primary_tf=1h native_rows=5088 primary_rows=20352 outputs=1
13:09:05 [INFO] [L6.5] native-tf path completed: group=4h_L1_trend_WMA src_tf=4h primary_tf=1h native_rows=5088 primary_rows=20352 outputs=1
13:09:06 [INFO] [L6.5] native-tf path completed: group=4h_L1_trend_BBANDS-Lower src_tf=4h primary_tf=1h native_rows=5088 primary_rows=20352 outputs=1
13:09:06 [INFO] [L6.5] native-tf path completed: group=4h_L1_trend_BBANDS-Middle src_tf=4h primary_tf=1h native_rows=5088 primary_rows=20352 outputs=1
13:09:06 [INFO] [L6.5] native-tf path completed: group=4h_L1_trend_BBANDS-Upper src_tf=4h primary_tf=1h native_rows=5088 primary_rows=20352 outputs=1
13:09:06 [INFO] [L6.5] native-tf path completed: group=4h_L1_momentum_MACDFIX-Hist src_tf=4h primary_tf=1h native_rows=5088 primary_rows=20352 outputs=1
13:09:06 [INFO] [L6.5] native-tf path completed: group=4h_L1_momentum_MACDFIX-Line src_tf=4h primary_tf=1h native_rows=5088 primary_rows=20352 outputs=1
13:09:06 [INFO] [L6.5] native-tf path completed: group=4h_L1_momentum_MACDFIX-Signal src_tf=4h primary_tf=1h native_rows=5088 primary_rows=20352 outputs=1
13:09:06 [INFO] [L6.5] native-tf path completed: group=4h_L1_momentum_WILLR src_tf=4h primary_tf=1h native_rows=5088 primary_rows=20352 outputs=1
13:09:06 [INFO] [L6.5] native-tf path completed: group=4h_L1_momentum_CCI src_tf=4h primary_tf=1h native_rows=5088 primary_rows=20352 outputs=1
13:09:06 [INFO] [L6.5] native-tf path completed: group=4h_L6_meta src_tf=4h primary_tf=1h native_rows=5088 primary_rows=20352 outputs=1
13:09:06 [INFO] [L6.5] native-tf path completed: group=4h_L1_momentum_ADX src_tf=4h primary_tf=1h native_rows=5088 primary_rows=20352 outputs=1
13:09:06 [INFO] [L6.5] native-tf path completed: group=4h_L1_momentum_ADXR src_tf=4h primary_tf=1h native_rows=5088 primary_rows=20352 outputs=1
13:09:06 [INFO] [L6.5] native-tf path completed: group=4h_L1_momentum_AROON-aroondown src_tf=4h primary_tf=1h native_rows=5088 primary_rows=20352 outputs=1
13:09:06 [INFO] [L6.5] raw-sink heartbeat: tasks 139/496 (28.0%), groups 125/482, elapsed=334.1s, rate=0.42/s, ETA=858s, rss=1979MB, last=4h_L1_momentum_AROON-aroondown (native-tf, parts=1)
13:09:07 [INFO] [L6.5] native-tf path completed: group=4h_L1_momentum_AROON-aroonup src_tf=4h primary_tf=1h native_rows=5088 primary_rows=20352 outputs=1
13:09:07 [INFO] [L6.5] native-tf path completed: group=4h_L1_momentum_AROONOSC src_tf=4h primary_tf=1h native_rows=5088 primary_rows=20352 outputs=1
13:09:07 [INFO] [L6.5] native-tf path completed: group=4h_L1_momentum_DX src_tf=4h primary_tf=1h native_rows=5088 primary_rows=20352 outputs=1
13:09:07 [INFO] [L6.5] native-tf path completed: group=4h_L1_momentum_MINUS-DI src_tf=4h primary_tf=1h native_rows=5088 primary_rows=20352 outputs=1
13:09:07 [INFO] [L6.5] native-tf path completed: group=4h_L1_momentum_MINUS-DM src_tf=4h primary_tf=1h native_rows=5088 primary_rows=20352 outputs=1
13:09:07 [INFO] [L6.5] native-tf path completed: group=4h_L1_momentum_PLUS-DI src_tf=4h primary_tf=1h native_rows=5088 primary_rows=20352 outputs=1
13:09:07 [INFO] [L6.5] native-tf path completed: group=4h_L1_momentum_PLUS-DM src_tf=4h primary_tf=1h native_rows=5088 primary_rows=20352 outputs=1
13:09:07 [INFO] [L6.5] native-tf path completed: group=4h_L1_trend_MIDPRICE src_tf=4h primary_tf=1h native_rows=5088 primary_rows=20352 outputs=1
13:09:09 [INFO] [L6.5] raw-sink heartbeat: tasks 163/496 (32.9%), groups 149/482, elapsed=336.2s, rate=0.48/s, ETA=687s, rss=1979MB, last=1h_L1_momentum_MACD-Hist_13-55-13 (full)
13:09:11 [INFO] [L6.5] raw-sink heartbeat: tasks 187/496 (37.7%), groups 173/482, elapsed=338.3s, rate=0.55/s, ETA=559s, rss=1979MB, last=1h_L1_momentum_MACD-Signal_12-26-9 (full)
13:09:13 [INFO] [L6.5] raw-sink heartbeat: tasks 211/496 (42.5%), groups 197/482, elapsed=340.4s, rate=0.62/s, ETA=460s, rss=1979MB, last=1h_L1_momentum_MACDEXT-Hist_8-21-5 (full)
13:09:15 [INFO] [L6.5] raw-sink heartbeat: tasks 235/496 (47.4%), groups 221/482, elapsed=342.6s, rate=0.69/s, ETA=380s, rss=1980MB, last=1h_L1_momentum_MACDEXT-Signal_55-144-21 (full)
13:09:17 [INFO] [L6.5] raw-sink heartbeat: tasks 259/496 (52.2%), groups 245/482, elapsed=344.7s, rate=0.75/s, ETA=315s, rss=1980MB, last=1h_L1_momentum_STOCHRSI-fastk_14-3-3-0 (full)
13:09:18 [INFO] [L6.5] native-tf path completed: group=4h_L1_momentum_MFI src_tf=4h primary_tf=1h native_rows=5088 primary_rows=20352 outputs=1
13:09:19 [INFO] [L6.5] raw-sink heartbeat: tasks 283/496 (57.1%), groups 269/482, elapsed=346.7s, rate=0.82/s, ETA=261s, rss=1982MB, last=1h_L1_momentum_STOCH-slowk_13-3-0-3-0 (full)
13:09:21 [INFO] [L6.5] raw-sink heartbeat: tasks 307/496 (61.9%), groups 293/482, elapsed=348.6s, rate=0.88/s, ETA=215s, rss=1982MB, last=1h_L1_momentum_STOCHF-fastk_5-3-0 (full)
13:09:22 [INFO] [L6.5] native-tf path completed: group=4h_L1_momentum_APO_12-26-0 src_tf=4h primary_tf=1h native_rows=5088 primary_rows=20352 outputs=1
13:09:22 [INFO] [L6.5] native-tf path completed: group=4h_L1_momentum_APO_13-34-0 src_tf=4h primary_tf=1h native_rows=5088 primary_rows=20352 outputs=1
13:09:22 [INFO] [L6.5] native-tf path completed: group=4h_L1_momentum_APO_13-55-0 src_tf=4h primary_tf=1h native_rows=5088 primary_rows=20352 outputs=1
13:09:22 [INFO] [L6.5] native-tf path completed: group=4h_L1_momentum_APO_21-55-0 src_tf=4h primary_tf=1h native_rows=5088 primary_rows=20352 outputs=1
13:09:23 [INFO] [L6.5] native-tf path completed: group=4h_L1_momentum_APO_21-89-0 src_tf=4h primary_tf=1h native_rows=5088 primary_rows=20352 outputs=1
13:09:23 [INFO] [L6.5] native-tf path completed: group=4h_L1_momentum_APO_34-144-0 src_tf=4h primary_tf=1h native_rows=5088 primary_rows=20352 outputs=1
13:09:23 [INFO] [L6.5] native-tf path completed: group=4h_L1_momentum_APO_34-89-0 src_tf=4h primary_tf=1h native_rows=5088 primary_rows=20352 outputs=1
13:09:23 [INFO] [L6.5] native-tf path completed: group=4h_L1_momentum_APO_5-13-0 src_tf=4h primary_tf=1h native_rows=5088 primary_rows=20352 outputs=1
13:09:23 [INFO] [L6.5] native-tf path completed: group=4h_L1_momentum_APO_5-21-0 src_tf=4h primary_tf=1h native_rows=5088 primary_rows=20352 outputs=1
13:09:23 [INFO] [L6.5] raw-sink heartbeat: tasks 331/496 (66.7%), groups 317/482, elapsed=350.5s, rate=0.94/s, ETA=175s, rss=1982MB, last=4h_L1_momentum_APO_5-21-0 (native-tf, parts=1)
13:09:23 [INFO] [L6.5] native-tf path completed: group=4h_L1_momentum_APO_55-144-0 src_tf=4h primary_tf=1h native_rows=5088 primary_rows=20352 outputs=1
13:09:23 [INFO] [L6.5] native-tf path completed: group=4h_L1_momentum_APO_55-233-0 src_tf=4h primary_tf=1h native_rows=5088 primary_rows=20352 outputs=1
13:09:23 [INFO] [L6.5] native-tf path completed: group=4h_L1_momentum_APO_8-21-0 src_tf=4h primary_tf=1h native_rows=5088 primary_rows=20352 outputs=1
13:09:23 [INFO] [L6.5] native-tf path completed: group=4h_L1_momentum_APO_8-34-0 src_tf=4h primary_tf=1h native_rows=5088 primary_rows=20352 outputs=1
13:09:23 [INFO] [L6.5] native-tf path completed: group=4h_L1_momentum_MACD-Hist_12-26-9 src_tf=4h primary_tf=1h native_rows=5088 primary_rows=20352 outputs=1
13:09:23 [INFO] [L6.5] native-tf path completed: group=4h_L1_momentum_MACD-Hist_13-34-9 src_tf=4h primary_tf=1h native_rows=5088 primary_rows=20352 outputs=1
13:09:23 [INFO] [L6.5] native-tf path completed: group=4h_L1_momentum_MACD-Hist_13-55-13 src_tf=4h primary_tf=1h native_rows=5088 primary_rows=20352 outputs=1
13:09:23 [INFO] [L6.5] native-tf path completed: group=4h_L1_momentum_MACD-Hist_21-55-9 src_tf=4h primary_tf=1h native_rows=5088 primary_rows=20352 outputs=1
13:09:24 [INFO] [L6.5] native-tf path completed: group=4h_L1_momentum_MACD-Hist_21-89-13 src_tf=4h primary_tf=1h native_rows=5088 primary_rows=20352 outputs=1
13:09:24 [INFO] [L6.5] native-tf path completed: group=4h_L1_momentum_MACD-Hist_34-144-21 src_tf=4h primary_tf=1h native_rows=5088 primary_rows=20352 outputs=1
13:09:24 [INFO] [L6.5] native-tf path completed: group=4h_L1_momentum_MACD-Hist_34-89-13 src_tf=4h primary_tf=1h native_rows=5088 primary_rows=20352 outputs=1
13:09:24 [INFO] [L6.5] native-tf path completed: group=4h_L1_momentum_MACD-Hist_5-13-3 src_tf=4h primary_tf=1h native_rows=5088 primary_rows=20352 outputs=1
13:09:24 [INFO] [L6.5] native-tf path completed: group=4h_L1_momentum_MACD-Hist_5-21-5 src_tf=4h primary_tf=1h native_rows=5088 primary_rows=20352 outputs=1
13:09:24 [INFO] [L6.5] native-tf path completed: group=4h_L1_momentum_MACD-Hist_55-144-21 src_tf=4h primary_tf=1h native_rows=5088 primary_rows=20352 outputs=1
13:09:24 [INFO] [L6.5] native-tf path completed: group=4h_L1_momentum_MACD-Hist_55-233-34 src_tf=4h primary_tf=1h native_rows=5088 primary_rows=20352 outputs=1
13:09:24 [INFO] [L6.5] native-tf path completed: group=4h_L1_momentum_MACD-Hist_8-21-5 src_tf=4h primary_tf=1h native_rows=5088 primary_rows=20352 outputs=1
13:09:24 [INFO] [L6.5] native-tf path completed: group=4h_L1_momentum_MACD-Hist_8-34-9 src_tf=4h primary_tf=1h native_rows=5088 primary_rows=20352 outputs=1
13:09:24 [INFO] [L6.5] native-tf path completed: group=4h_L1_momentum_MACD-Line_12-26-9 src_tf=4h primary_tf=1h native_rows=5088 primary_rows=20352 outputs=1
13:09:24 [INFO] [L6.5] native-tf path completed: group=4h_L1_momentum_MACD-Line_13-34-9 src_tf=4h primary_tf=1h native_rows=5088 primary_rows=20352 outputs=1
13:09:24 [INFO] [L6.5] native-tf path completed: group=4h_L1_momentum_MACD-Line_13-55-13 src_tf=4h primary_tf=1h native_rows=5088 primary_rows=20352 outputs=1
13:09:24 [INFO] [L6.5] native-tf path completed: group=4h_L1_momentum_MACD-Line_21-55-9 src_tf=4h primary_tf=1h native_rows=5088 primary_rows=20352 outputs=1
13:09:25 [INFO] [L6.5] native-tf path completed: group=4h_L1_momentum_MACD-Line_21-89-13 src_tf=4h primary_tf=1h native_rows=5088 primary_rows=20352 outputs=1
13:09:25 [INFO] [L6.5] native-tf path completed: group=4h_L1_momentum_MACD-Line_34-144-21 src_tf=4h primary_tf=1h native_rows=5088 primary_rows=20352 outputs=1
13:09:25 [INFO] [L6.5] native-tf path completed: group=4h_L1_momentum_MACD-Line_34-89-13 src_tf=4h primary_tf=1h native_rows=5088 primary_rows=20352 outputs=1
13:09:25 [INFO] [L6.5] raw-sink heartbeat: tasks 355/496 (71.6%), groups 341/482, elapsed=352.3s, rate=1.01/s, ETA=140s, rss=1975MB, last=4h_L1_momentum_MACD-Line_34-89-13 (native-tf, parts=1)
13:09:25 [INFO] [L6.5] native-tf path completed: group=4h_L1_momentum_MACD-Line_5-13-3 src_tf=4h primary_tf=1h native_rows=5088 primary_rows=20352 outputs=1
13:09:25 [INFO] [L6.5] native-tf path completed: group=4h_L1_momentum_MACD-Line_5-21-5 src_tf=4h primary_tf=1h native_rows=5088 primary_rows=20352 outputs=1
13:09:25 [INFO] [L6.5] native-tf path completed: group=4h_L1_momentum_MACD-Line_55-144-21 src_tf=4h primary_tf=1h native_rows=5088 primary_rows=20352 outputs=1
13:09:25 [INFO] [L6.5] native-tf path completed: group=4h_L1_momentum_MACD-Line_55-233-34 src_tf=4h primary_tf=1h native_rows=5088 primary_rows=20352 outputs=1
13:09:25 [INFO] [L6.5] native-tf path completed: group=4h_L1_momentum_MACD-Line_8-21-5 src_tf=4h primary_tf=1h native_rows=5088 primary_rows=20352 outputs=1
13:09:25 [INFO] [L6.5] native-tf path completed: group=4h_L1_momentum_MACD-Line_8-34-9 src_tf=4h primary_tf=1h native_rows=5088 primary_rows=20352 outputs=1
13:09:25 [INFO] [L6.5] native-tf path completed: group=4h_L1_momentum_MACD-Signal_12-26-9 src_tf=4h primary_tf=1h native_rows=5088 primary_rows=20352 outputs=1
13:09:25 [INFO] [L6.5] native-tf path completed: group=4h_L1_momentum_MACD-Signal_13-34-9 src_tf=4h primary_tf=1h native_rows=5088 primary_rows=20352 outputs=1
13:09:25 [INFO] [L6.5] native-tf path completed: group=4h_L1_momentum_MACD-Signal_13-55-13 src_tf=4h primary_tf=1h native_rows=5088 primary_rows=20352 outputs=1
13:09:25 [INFO] [L6.5] native-tf path completed: group=4h_L1_momentum_MACD-Signal_21-55-9 src_tf=4h primary_tf=1h native_rows=5088 primary_rows=20352 outputs=1
13:09:26 [INFO] [L6.5] native-tf path completed: group=4h_L1_momentum_MACD-Signal_21-89-13 src_tf=4h primary_tf=1h native_rows=5088 primary_rows=20352 outputs=1
13:09:26 [INFO] [L6.5] native-tf path completed: group=4h_L1_momentum_MACD-Signal_34-144-21 src_tf=4h primary_tf=1h native_rows=5088 primary_rows=20352 outputs=1
13:09:26 [INFO] [L6.5] native-tf path completed: group=4h_L1_momentum_MACD-Signal_34-89-13 src_tf=4h primary_tf=1h native_rows=5088 primary_rows=20352 outputs=1
13:09:26 [INFO] [L6.5] native-tf path completed: group=4h_L1_momentum_MACD-Signal_5-13-3 src_tf=4h primary_tf=1h native_rows=5088 primary_rows=20352 outputs=1
13:09:26 [INFO] [L6.5] native-tf path completed: group=4h_L1_momentum_MACD-Signal_5-21-5 src_tf=4h primary_tf=1h native_rows=5088 primary_rows=20352 outputs=1
13:09:26 [INFO] [L6.5] native-tf path completed: group=4h_L1_momentum_MACD-Signal_55-144-21 src_tf=4h primary_tf=1h native_rows=5088 primary_rows=20352 outputs=1
13:09:26 [INFO] [L6.5] native-tf path completed: group=4h_L1_momentum_MACD-Signal_55-233-34 src_tf=4h primary_tf=1h native_rows=5088 primary_rows=20352 outputs=1
13:09:26 [INFO] [L6.5] native-tf path completed: group=4h_L1_momentum_MACD-Signal_8-21-5 src_tf=4h primary_tf=1h native_rows=5088 primary_rows=20352 outputs=1
13:09:26 [INFO] [L6.5] native-tf path completed: group=4h_L1_momentum_MACD-Signal_8-34-9 src_tf=4h primary_tf=1h native_rows=5088 primary_rows=20352 outputs=1
13:09:26 [INFO] [L6.5] native-tf path completed: group=4h_L1_momentum_MACDEXT-Hist_12-26-9 src_tf=4h primary_tf=1h native_rows=5088 primary_rows=20352 outputs=1
13:09:26 [INFO] [L6.5] native-tf path completed: group=4h_L1_momentum_MACDEXT-Hist_13-34-9 src_tf=4h primary_tf=1h native_rows=5088 primary_rows=20352 outputs=1
13:09:26 [INFO] [L6.5] native-tf path completed: group=4h_L1_momentum_MACDEXT-Hist_13-55-13 src_tf=4h primary_tf=1h native_rows=5088 primary_rows=20352 outputs=1
13:09:26 [INFO] [L6.5] native-tf path completed: group=4h_L1_momentum_MACDEXT-Hist_21-55-9 src_tf=4h primary_tf=1h native_rows=5088 primary_rows=20352 outputs=1
13:09:27 [INFO] [L6.5] native-tf path completed: group=4h_L1_momentum_MACDEXT-Hist_21-89-13 src_tf=4h primary_tf=1h native_rows=5088 primary_rows=20352 outputs=1
13:09:27 [INFO] [L6.5] raw-sink heartbeat: tasks 379/496 (76.4%), groups 365/482, elapsed=354.2s, rate=1.07/s, ETA=109s, rss=1975MB, last=4h_L1_momentum_MACDEXT-Hist_21-89-13 (native-tf, parts=1)
13:09:27 [INFO] [L6.5] native-tf path completed: group=4h_L1_momentum_MACDEXT-Hist_34-144-21 src_tf=4h primary_tf=1h native_rows=5088 primary_rows=20352 outputs=1
13:09:27 [INFO] [L6.5] native-tf path completed: group=4h_L1_momentum_MACDEXT-Hist_34-89-13 src_tf=4h primary_tf=1h native_rows=5088 primary_rows=20352 outputs=1
13:09:27 [INFO] [L6.5] native-tf path completed: group=4h_L1_momentum_MACDEXT-Hist_5-13-3 src_tf=4h primary_tf=1h native_rows=5088 primary_rows=20352 outputs=1
13:09:27 [INFO] [L6.5] native-tf path completed: group=4h_L1_momentum_MACDEXT-Hist_5-21-5 src_tf=4h primary_tf=1h native_rows=5088 primary_rows=20352 outputs=1
13:09:27 [INFO] [L6.5] native-tf path completed: group=4h_L1_momentum_MACDEXT-Hist_55-144-21 src_tf=4h primary_tf=1h native_rows=5088 primary_rows=20352 outputs=1
13:09:27 [INFO] [L6.5] native-tf path completed: group=4h_L1_momentum_MACDEXT-Hist_55-233-34 src_tf=4h primary_tf=1h native_rows=5088 primary_rows=20352 outputs=1
13:09:27 [INFO] [L6.5] native-tf path completed: group=4h_L1_momentum_MACDEXT-Hist_8-21-5 src_tf=4h primary_tf=1h native_rows=5088 primary_rows=20352 outputs=1
13:09:27 [INFO] [L6.5] native-tf path completed: group=4h_L1_momentum_MACDEXT-Hist_8-34-9 src_tf=4h primary_tf=1h native_rows=5088 primary_rows=20352 outputs=1
13:09:27 [INFO] [L6.5] native-tf path completed: group=4h_L1_momentum_MACDEXT-Line_12-26-9 src_tf=4h primary_tf=1h native_rows=5088 primary_rows=20352 outputs=1
13:09:27 [INFO] [L6.5] native-tf path completed: group=4h_L1_momentum_MACDEXT-Line_13-34-9 src_tf=4h primary_tf=1h native_rows=5088 primary_rows=20352 outputs=1
13:09:27 [INFO] [L6.5] native-tf path completed: group=4h_L1_momentum_MACDEXT-Line_13-55-13 src_tf=4h primary_tf=1h native_rows=5088 primary_rows=20352 outputs=1
13:09:27 [INFO] [L6.5] native-tf path completed: group=4h_L1_momentum_MACDEXT-Line_21-55-9 src_tf=4h primary_tf=1h native_rows=5088 primary_rows=20352 outputs=1
13:09:28 [INFO] [L6.5] native-tf path completed: group=4h_L1_momentum_MACDEXT-Line_21-89-13 src_tf=4h primary_tf=1h native_rows=5088 primary_rows=20352 outputs=1
13:09:28 [INFO] [L6.5] native-tf path completed: group=4h_L1_momentum_MACDEXT-Line_34-144-21 src_tf=4h primary_tf=1h native_rows=5088 primary_rows=20352 outputs=1
13:09:28 [INFO] [L6.5] native-tf path completed: group=4h_L1_momentum_MACDEXT-Line_34-89-13 src_tf=4h primary_tf=1h native_rows=5088 primary_rows=20352 outputs=1
13:09:28 [INFO] [L6.5] native-tf path completed: group=4h_L1_momentum_MACDEXT-Line_5-13-3 src_tf=4h primary_tf=1h native_rows=5088 primary_rows=20352 outputs=1
13:09:28 [INFO] [L6.5] native-tf path completed: group=4h_L1_momentum_MACDEXT-Line_5-21-5 src_tf=4h primary_tf=1h native_rows=5088 primary_rows=20352 outputs=1
13:09:28 [INFO] [L6.5] native-tf path completed: group=4h_L1_momentum_MACDEXT-Line_55-144-21 src_tf=4h primary_tf=1h native_rows=5088 primary_rows=20352 outputs=1
13:09:28 [INFO] [L6.5] native-tf path completed: group=4h_L1_momentum_MACDEXT-Line_55-233-34 src_tf=4h primary_tf=1h native_rows=5088 primary_rows=20352 outputs=1
13:09:28 [INFO] [L6.5] native-tf path completed: group=4h_L1_momentum_MACDEXT-Line_8-21-5 src_tf=4h primary_tf=1h native_rows=5088 primary_rows=20352 outputs=1
13:09:28 [INFO] [L6.5] native-tf path completed: group=4h_L1_momentum_MACDEXT-Line_8-34-9 src_tf=4h primary_tf=1h native_rows=5088 primary_rows=20352 outputs=1
13:09:28 [INFO] [L6.5] native-tf path completed: group=4h_L1_momentum_MACDEXT-Signal_12-26-9 src_tf=4h primary_tf=1h native_rows=5088 primary_rows=20352 outputs=1
13:09:28 [INFO] [L6.5] native-tf path completed: group=4h_L1_momentum_MACDEXT-Signal_13-34-9 src_tf=4h primary_tf=1h native_rows=5088 primary_rows=20352 outputs=1
13:09:28 [INFO] [L6.5] native-tf path completed: group=4h_L1_momentum_MACDEXT-Signal_13-55-13 src_tf=4h primary_tf=1h native_rows=5088 primary_rows=20352 outputs=1
13:09:28 [INFO] [L6.5] raw-sink heartbeat: tasks 403/496 (81.2%), groups 389/482, elapsed=356.0s, rate=1.13/s, ETA=82s, rss=1826MB, last=4h_L1_momentum_MACDEXT-Signal_13-55-13 (native-tf, parts=1)
13:09:28 [INFO] [L6.5] native-tf path completed: group=4h_L1_momentum_MACDEXT-Signal_21-55-9 src_tf=4h primary_tf=1h native_rows=5088 primary_rows=20352 outputs=1
13:09:29 [INFO] [L6.5] native-tf path completed: group=4h_L1_momentum_MACDEXT-Signal_21-89-13 src_tf=4h primary_tf=1h native_rows=5088 primary_rows=20352 outputs=1
13:09:29 [INFO] [L6.5] native-tf path completed: group=4h_L1_momentum_MACDEXT-Signal_34-144-21 src_tf=4h primary_tf=1h native_rows=5088 primary_rows=20352 outputs=1
13:09:29 [INFO] [L6.5] native-tf path completed: group=4h_L1_momentum_MACDEXT-Signal_34-89-13 src_tf=4h primary_tf=1h native_rows=5088 primary_rows=20352 outputs=1
13:09:29 [INFO] [L6.5] native-tf path completed: group=4h_L1_momentum_MACDEXT-Signal_5-13-3 src_tf=4h primary_tf=1h native_rows=5088 primary_rows=20352 outputs=1
13:09:29 [INFO] [L6.5] native-tf path completed: group=4h_L1_momentum_MACDEXT-Signal_5-21-5 src_tf=4h primary_tf=1h native_rows=5088 primary_rows=20352 outputs=1
13:09:29 [INFO] [L6.5] native-tf path completed: group=4h_L1_momentum_MACDEXT-Signal_55-144-21 src_tf=4h primary_tf=1h native_rows=5088 primary_rows=20352 outputs=1
13:09:29 [INFO] [L6.5] native-tf path completed: group=4h_L1_momentum_MACDEXT-Signal_55-233-34 src_tf=4h primary_tf=1h native_rows=5088 primary_rows=20352 outputs=1
13:09:29 [INFO] [L6.5] native-tf path completed: group=4h_L1_momentum_MACDEXT-Signal_8-21-5 src_tf=4h primary_tf=1h native_rows=5088 primary_rows=20352 outputs=1
13:09:29 [INFO] [L6.5] native-tf path completed: group=4h_L1_momentum_MACDEXT-Signal_8-34-9 src_tf=4h primary_tf=1h native_rows=5088 primary_rows=20352 outputs=1
13:09:29 [INFO] [L6.5] native-tf path completed: group=4h_L1_momentum_PPO_12-26-0 src_tf=4h primary_tf=1h native_rows=5088 primary_rows=20352 outputs=1
13:09:29 [INFO] [L6.5] native-tf path completed: group=4h_L1_momentum_PPO_13-34-0 src_tf=4h primary_tf=1h native_rows=5088 primary_rows=20352 outputs=1
13:09:29 [INFO] [L6.5] native-tf path completed: group=4h_L1_momentum_PPO_13-55-0 src_tf=4h primary_tf=1h native_rows=5088 primary_rows=20352 outputs=1
13:09:29 [INFO] [L6.5] native-tf path completed: group=4h_L1_momentum_PPO_21-55-0 src_tf=4h primary_tf=1h native_rows=5088 primary_rows=20352 outputs=1
13:09:30 [INFO] [L6.5] native-tf path completed: group=4h_L1_momentum_PPO_21-89-0 src_tf=4h primary_tf=1h native_rows=5088 primary_rows=20352 outputs=1
13:09:30 [INFO] [L6.5] native-tf path completed: group=4h_L1_momentum_PPO_34-144-0 src_tf=4h primary_tf=1h native_rows=5088 primary_rows=20352 outputs=1
13:09:30 [INFO] [L6.5] native-tf path completed: group=4h_L1_momentum_PPO_34-89-0 src_tf=4h primary_tf=1h native_rows=5088 primary_rows=20352 outputs=1
13:09:30 [INFO] [L6.5] native-tf path completed: group=4h_L1_momentum_PPO_5-13-0 src_tf=4h primary_tf=1h native_rows=5088 primary_rows=20352 outputs=1
13:09:30 [INFO] [L6.5] native-tf path completed: group=4h_L1_momentum_PPO_5-21-0 src_tf=4h primary_tf=1h native_rows=5088 primary_rows=20352 outputs=1
13:09:30 [INFO] [L6.5] native-tf path completed: group=4h_L1_momentum_PPO_55-144-0 src_tf=4h primary_tf=1h native_rows=5088 primary_rows=20352 outputs=1
13:09:30 [INFO] [L6.5] native-tf path completed: group=4h_L1_momentum_PPO_55-233-0 src_tf=4h primary_tf=1h native_rows=5088 primary_rows=20352 outputs=1
13:09:30 [INFO] [L6.5] native-tf path completed: group=4h_L1_momentum_PPO_8-21-0 src_tf=4h primary_tf=1h native_rows=5088 primary_rows=20352 outputs=1
13:09:30 [INFO] [L6.5] native-tf path completed: group=4h_L1_momentum_PPO_8-34-0 src_tf=4h primary_tf=1h native_rows=5088 primary_rows=20352 outputs=1
13:09:30 [INFO] [L6.5] native-tf path completed: group=4h_L1_momentum_STOCHRSI-fastd_14-3-3-0 src_tf=4h primary_tf=1h native_rows=5088 primary_rows=20352 outputs=1
13:09:30 [INFO] [L6.5] raw-sink heartbeat: tasks 427/496 (86.1%), groups 413/482, elapsed=357.9s, rate=1.19/s, ETA=58s, rss=1826MB, last=4h_L1_momentum_STOCHRSI-fastd_14-3-3-0 (native-tf, parts=1)
13:09:30 [INFO] [L6.5] native-tf path completed: group=4h_L1_momentum_STOCHRSI-fastd_14-5-3-0 src_tf=4h primary_tf=1h native_rows=5088 primary_rows=20352 outputs=1
13:09:30 [INFO] [L6.5] native-tf path completed: group=4h_L1_momentum_STOCHRSI-fastd_21-5-3-0 src_tf=4h primary_tf=1h native_rows=5088 primary_rows=20352 outputs=1
13:09:30 [INFO] [L6.5] native-tf path completed: group=4h_L1_momentum_STOCHRSI-fastd_21-8-5-0 src_tf=4h primary_tf=1h native_rows=5088 primary_rows=20352 outputs=1
13:09:31 [INFO] [L6.5] native-tf path completed: group=4h_L1_momentum_STOCHRSI-fastd_34-8-5-0 src_tf=4h primary_tf=1h native_rows=5088 primary_rows=20352 outputs=1
13:09:31 [INFO] [L6.5] native-tf path completed: group=4h_L1_momentum_STOCHRSI-fastd_55-8-5-0 src_tf=4h primary_tf=1h native_rows=5088 primary_rows=20352 outputs=1
13:09:31 [INFO] [L6.5] native-tf path completed: group=4h_L1_momentum_STOCHRSI-fastd_9-5-3-0 src_tf=4h primary_tf=1h native_rows=5088 primary_rows=20352 outputs=1
13:09:31 [INFO] [L6.5] native-tf path completed: group=4h_L1_momentum_STOCHRSI-fastk_14-3-3-0 src_tf=4h primary_tf=1h native_rows=5088 primary_rows=20352 outputs=1
13:09:31 [INFO] [L6.5] native-tf path completed: group=4h_L1_momentum_STOCHRSI-fastk_14-5-3-0 src_tf=4h primary_tf=1h native_rows=5088 primary_rows=20352 outputs=1
13:09:31 [INFO] [L6.5] native-tf path completed: group=4h_L1_momentum_STOCHRSI-fastk_21-5-3-0 src_tf=4h primary_tf=1h native_rows=5088 primary_rows=20352 outputs=1
13:09:31 [INFO] [L6.5] native-tf path completed: group=4h_L1_momentum_STOCHRSI-fastk_21-8-5-0 src_tf=4h primary_tf=1h native_rows=5088 primary_rows=20352 outputs=1
13:09:31 [INFO] [L6.5] native-tf path completed: group=4h_L1_momentum_STOCHRSI-fastk_34-8-5-0 src_tf=4h primary_tf=1h native_rows=5088 primary_rows=20352 outputs=1
13:09:31 [INFO] [L6.5] native-tf path completed: group=4h_L1_momentum_STOCHRSI-fastk_55-8-5-0 src_tf=4h primary_tf=1h native_rows=5088 primary_rows=20352 outputs=1
13:09:31 [INFO] [L6.5] native-tf path completed: group=4h_L1_momentum_STOCHRSI-fastk_9-5-3-0 src_tf=4h primary_tf=1h native_rows=5088 primary_rows=20352 outputs=1
13:09:31 [INFO] [L6.5] native-tf path completed: group=4h_L1_trend_HT-TRENDLINE src_tf=4h primary_tf=1h native_rows=5088 primary_rows=20352 outputs=1
13:09:31 [INFO] [L6.5] native-tf path completed: group=4h_L1_trend_MAMA-FAMA_0.5-0.05 src_tf=4h primary_tf=1h native_rows=5088 primary_rows=20352 outputs=1
13:09:31 [INFO] [L6.5] native-tf path completed: group=4h_L1_trend_MAMA_0.5-0.05 src_tf=4h primary_tf=1h native_rows=5088 primary_rows=20352 outputs=1
13:09:32 [INFO] [L6.5] native-tf path completed: group=4h_L1_momentum_BOP src_tf=4h primary_tf=1h native_rows=5088 primary_rows=20352 outputs=1
13:09:32 [INFO] [L6.5] native-tf path completed: group=4h_L1_momentum_STOCH-slowd_13-3-0-3-0 src_tf=4h primary_tf=1h native_rows=5088 primary_rows=20352 outputs=1
13:09:32 [INFO] [L6.5] native-tf path completed: group=4h_L1_momentum_STOCH-slowd_13-5-0-3-0 src_tf=4h primary_tf=1h native_rows=5088 primary_rows=20352 outputs=1
13:09:32 [INFO] [L6.5] native-tf path completed: group=4h_L1_momentum_STOCH-slowd_21-3-0-3-0 src_tf=4h primary_tf=1h native_rows=5088 primary_rows=20352 outputs=1
13:09:32 [INFO] [L6.5] native-tf path completed: group=4h_L1_momentum_STOCH-slowd_21-5-0-3-0 src_tf=4h primary_tf=1h native_rows=5088 primary_rows=20352 outputs=1
13:09:32 [INFO] [L6.5] native-tf path completed: group=4h_L1_momentum_STOCH-slowd_21-5-0-5-0 src_tf=4h primary_tf=1h native_rows=5088 primary_rows=20352 outputs=1
13:09:32 [INFO] [L6.5] native-tf path completed: group=4h_L1_momentum_STOCH-slowd_34-5-0-3-0 src_tf=4h primary_tf=1h native_rows=5088 primary_rows=20352 outputs=1
13:09:32 [INFO] [L6.5] native-tf path completed: group=4h_L1_momentum_STOCH-slowd_34-5-0-5-0 src_tf=4h primary_tf=1h native_rows=5088 primary_rows=20352 outputs=1
13:09:32 [INFO] [L6.5] raw-sink heartbeat: tasks 451/496 (90.9%), groups 437/482, elapsed=359.9s, rate=1.25/s, ETA=36s, rss=1213MB, last=4h_L1_momentum_STOCH-slowd_34-5-0-5-0 (native-tf, parts=1)
13:09:32 [INFO] [L6.5] native-tf path completed: group=4h_L1_momentum_STOCH-slowd_5-3-0-3-0 src_tf=4h primary_tf=1h native_rows=5088 primary_rows=20352 outputs=1
13:09:32 [INFO] [L6.5] native-tf path completed: group=4h_L1_momentum_STOCH-slowd_55-5-0-5-0 src_tf=4h primary_tf=1h native_rows=5088 primary_rows=20352 outputs=1
13:09:33 [INFO] [L6.5] native-tf path completed: group=4h_L1_momentum_STOCH-slowd_55-8-0-5-0 src_tf=4h primary_tf=1h native_rows=5088 primary_rows=20352 outputs=1
13:09:33 [INFO] [L6.5] native-tf path completed: group=4h_L1_momentum_STOCH-slowd_8-3-0-3-0 src_tf=4h primary_tf=1h native_rows=5088 primary_rows=20352 outputs=1
13:09:33 [INFO] [L6.5] native-tf path completed: group=4h_L1_momentum_STOCH-slowd_89-8-0-5-0 src_tf=4h primary_tf=1h native_rows=5088 primary_rows=20352 outputs=1
13:09:33 [INFO] [L6.5] native-tf path completed: group=4h_L1_momentum_STOCH-slowk_13-3-0-3-0 src_tf=4h primary_tf=1h native_rows=5088 primary_rows=20352 outputs=1
13:09:33 [INFO] [L6.5] native-tf path completed: group=4h_L1_momentum_STOCH-slowk_13-5-0-3-0 src_tf=4h primary_tf=1h native_rows=5088 primary_rows=20352 outputs=1
13:09:33 [INFO] [L6.5] native-tf path completed: group=4h_L1_momentum_STOCH-slowk_21-3-0-3-0 src_tf=4h primary_tf=1h native_rows=5088 primary_rows=20352 outputs=1
13:09:33 [INFO] [L6.5] native-tf path completed: group=4h_L1_momentum_STOCH-slowk_21-5-0-3-0 src_tf=4h primary_tf=1h native_rows=5088 primary_rows=20352 outputs=1
13:09:33 [INFO] [L6.5] native-tf path completed: group=4h_L1_momentum_STOCH-slowk_21-5-0-5-0 src_tf=4h primary_tf=1h native_rows=5088 primary_rows=20352 outputs=1
13:09:33 [INFO] [L6.5] native-tf path completed: group=4h_L1_momentum_STOCH-slowk_34-5-0-3-0 src_tf=4h primary_tf=1h native_rows=5088 primary_rows=20352 outputs=1
13:09:33 [INFO] [L6.5] native-tf path completed: group=4h_L1_momentum_STOCH-slowk_34-5-0-5-0 src_tf=4h primary_tf=1h native_rows=5088 primary_rows=20352 outputs=1
13:09:33 [INFO] [L6.5] native-tf path completed: group=4h_L1_momentum_STOCH-slowk_5-3-0-3-0 src_tf=4h primary_tf=1h native_rows=5088 primary_rows=20352 outputs=1
13:09:33 [INFO] [L6.5] native-tf path completed: group=4h_L1_momentum_STOCH-slowk_55-5-0-5-0 src_tf=4h primary_tf=1h native_rows=5088 primary_rows=20352 outputs=1
13:09:33 [INFO] [L6.5] native-tf path completed: group=4h_L1_momentum_STOCH-slowk_55-8-0-5-0 src_tf=4h primary_tf=1h native_rows=5088 primary_rows=20352 outputs=1
13:09:33 [INFO] [L6.5] native-tf path completed: group=4h_L1_momentum_STOCH-slowk_8-3-0-3-0 src_tf=4h primary_tf=1h native_rows=5088 primary_rows=20352 outputs=1
13:09:34 [INFO] [L6.5] native-tf path completed: group=4h_L1_momentum_STOCH-slowk_89-8-0-5-0 src_tf=4h primary_tf=1h native_rows=5088 primary_rows=20352 outputs=1
13:09:34 [INFO] [L6.5] native-tf path completed: group=4h_L1_momentum_STOCHF-fastd_13-3-0 src_tf=4h primary_tf=1h native_rows=5088 primary_rows=20352 outputs=1
13:09:34 [INFO] [L6.5] native-tf path completed: group=4h_L1_momentum_STOCHF-fastd_21-3-0 src_tf=4h primary_tf=1h native_rows=5088 primary_rows=20352 outputs=1
13:09:34 [INFO] [L6.5] native-tf path completed: group=4h_L1_momentum_STOCHF-fastd_21-5-0 src_tf=4h primary_tf=1h native_rows=5088 primary_rows=20352 outputs=1
13:09:34 [INFO] [L6.5] native-tf path completed: group=4h_L1_momentum_STOCHF-fastd_34-5-0 src_tf=4h primary_tf=1h native_rows=5088 primary_rows=20352 outputs=1
13:09:34 [INFO] [L6.5] native-tf path completed: group=4h_L1_momentum_STOCHF-fastd_5-3-0 src_tf=4h primary_tf=1h native_rows=5088 primary_rows=20352 outputs=1
13:09:34 [INFO] [L6.5] native-tf path completed: group=4h_L1_momentum_STOCHF-fastd_55-5-0 src_tf=4h primary_tf=1h native_rows=5088 primary_rows=20352 outputs=1
13:09:34 [INFO] [L6.5] native-tf path completed: group=4h_L1_momentum_STOCHF-fastd_8-3-0 src_tf=4h primary_tf=1h native_rows=5088 primary_rows=20352 outputs=1
13:09:34 [INFO] [L6.5] raw-sink heartbeat: tasks 475/496 (95.8%), groups 461/482, elapsed=361.7s, rate=1.31/s, ETA=16s, rss=1213MB, last=4h_L1_momentum_STOCHF-fastd_8-3-0 (native-tf, parts=1)
13:09:34 [INFO] [L6.5] native-tf path completed: group=4h_L1_momentum_STOCHF-fastd_89-8-0 src_tf=4h primary_tf=1h native_rows=5088 primary_rows=20352 outputs=1
13:09:34 [INFO] [L6.5] native-tf path completed: group=4h_L1_momentum_STOCHF-fastk_13-3-0 src_tf=4h primary_tf=1h native_rows=5088 primary_rows=20352 outputs=1
13:09:34 [INFO] [L6.5] native-tf path completed: group=4h_L1_momentum_STOCHF-fastk_21-3-0 src_tf=4h primary_tf=1h native_rows=5088 primary_rows=20352 outputs=1
13:09:34 [INFO] [L6.5] native-tf path completed: group=4h_L1_momentum_STOCHF-fastk_21-5-0 src_tf=4h primary_tf=1h native_rows=5088 primary_rows=20352 outputs=1
13:09:34 [INFO] [L6.5] native-tf path completed: group=4h_L1_momentum_STOCHF-fastk_34-5-0 src_tf=4h primary_tf=1h native_rows=5088 primary_rows=20352 outputs=1
13:09:35 [INFO] [L6.5] native-tf path completed: group=4h_L1_momentum_STOCHF-fastk_5-3-0 src_tf=4h primary_tf=1h native_rows=5088 primary_rows=20352 outputs=1
13:09:35 [INFO] [L6.5] native-tf path completed: group=4h_L1_momentum_STOCHF-fastk_55-5-0 src_tf=4h primary_tf=1h native_rows=5088 primary_rows=20352 outputs=1
13:09:35 [INFO] [L6.5] native-tf path completed: group=4h_L1_momentum_STOCHF-fastk_8-3-0 src_tf=4h primary_tf=1h native_rows=5088 primary_rows=20352 outputs=1
13:09:35 [INFO] [L6.5] native-tf path completed: group=4h_L1_momentum_STOCHF-fastk_89-8-0 src_tf=4h primary_tf=1h native_rows=5088 primary_rows=20352 outputs=1
13:09:35 [INFO] [L6.5] native-tf path completed: group=4h_L1_momentum_ULTOSC_13-21-55 src_tf=4h primary_tf=1h native_rows=5088 primary_rows=20352 outputs=1
13:09:35 [INFO] [L6.5] native-tf path completed: group=4h_L1_momentum_ULTOSC_13-34-89 src_tf=4h primary_tf=1h native_rows=5088 primary_rows=20352 outputs=1
13:09:35 [INFO] [L6.5] native-tf path completed: group=4h_L1_momentum_ULTOSC_21-34-89 src_tf=4h primary_tf=1h native_rows=5088 primary_rows=20352 outputs=1
13:09:35 [INFO] [L6.5] native-tf path completed: group=4h_L1_momentum_ULTOSC_21-55-144 src_tf=4h primary_tf=1h native_rows=5088 primary_rows=20352 outputs=1
13:09:35 [INFO] [L6.5] native-tf path completed: group=4h_L1_momentum_ULTOSC_34-55-144 src_tf=4h primary_tf=1h native_rows=5088 primary_rows=20352 outputs=1
13:09:35 [INFO] [L6.5] native-tf path completed: group=4h_L1_momentum_ULTOSC_34-89-233 src_tf=4h primary_tf=1h native_rows=5088 primary_rows=20352 outputs=1
13:09:35 [INFO] [L6.5] native-tf path completed: group=4h_L1_momentum_ULTOSC_5-10-20 src_tf=4h primary_tf=1h native_rows=5088 primary_rows=20352 outputs=1
13:09:35 [INFO] [L6.5] native-tf path completed: group=4h_L1_momentum_ULTOSC_5-13-26 src_tf=4h primary_tf=1h native_rows=5088 primary_rows=20352 outputs=1
13:09:35 [INFO] [L6.5] native-tf path completed: group=4h_L1_momentum_ULTOSC_7-14-28 src_tf=4h primary_tf=1h native_rows=5088 primary_rows=20352 outputs=1
13:09:35 [INFO] [L6.5] native-tf path completed: group=4h_L1_momentum_ULTOSC_8-21-55 src_tf=4h primary_tf=1h native_rows=5088 primary_rows=20352 outputs=1
13:09:36 [INFO] [L6.5] native-tf path completed: group=4h_L1_trend_SAREXT_0-0-0.02-0.02-0.2-0.02-0.02-0.2 src_tf=4h primary_tf=1h native_rows=5088 primary_rows=20352 outputs=1
13:09:36 [INFO] [L6.5] native-tf path completed: group=4h_L1_trend_SAR_0.02-0.2 src_tf=4h primary_tf=1h native_rows=5088 primary_rows=20352 outputs=1
13:09:36 [INFO] [L6.5] raw-sink heartbeat: tasks 496/496 (100.0%), groups 482/482, elapsed=363.3s, rate=1.37/s, ETA=0s, rss=1213MB, last=4h_L1_trend_SAR_0.02-0.2 (native-tf, parts=1)
13:09:36 [INFO] [L6.5] raw-sink complete: 482/482 groups in 363.34s rss=1213MB
13:09:36 [INFO] [Layer B Sanitize][CGSA] nulled 4570254 non-finite/over-cap values (finite_cap=1e+18) across all streamed features
13:09:37 [INFO] [L7_raw] registry stream persist done: symbol=BTCUSDT tf=1h groups=490 features=75416 npy_freed=3.57 GiB dtype=mixed
13:09:37 [INFO] [multi_tf:complete] 100% - [CGSA] MultiTF generation completed (505.50s)
13:09:37 [WARNING] STOCH combo [5, 3, 3] is missing 2 parameter(s); using defaults slowk=3 slowd=3 slowk_matype=0 slowd_matype=0
13:09:37 [WARNING] STOCH combo [8, 3, 3] is missing 2 parameter(s); using defaults slowk=3 slowd=3 slowk_matype=0 slowd_matype=0
13:09:37 [WARNING] STOCH combo [13, 3, 3] is missing 2 parameter(s); using defaults slowk=3 slowd=3 slowk_matype=0 slowd_matype=0
13:09:37 [WARNING] STOCH combo [13, 5, 3] is missing 2 parameter(s); using defaults slowk=5 slowd=3 slowk_matype=0 slowd_matype=0
13:09:37 [WARNING] STOCH combo [21, 3, 3] is missing 2 parameter(s); using defaults slowk=3 slowd=3 slowk_matype=0 slowd_matype=0
13:09:37 [WARNING] STOCH combo [21, 5, 3] is missing 2 parameter(s); using defaults slowk=5 slowd=3 slowk_matype=0 slowd_matype=0
13:09:37 [WARNING] STOCH combo [21, 5, 5] is missing 2 parameter(s); using defaults slowk=5 slowd=5 slowk_matype=0 slowd_matype=0
13:09:37 [WARNING] STOCH combo [34, 5, 3] is missing 2 parameter(s); using defaults slowk=5 slowd=3 slowk_matype=0 slowd_matype=0
13:09:37 [WARNING] STOCH combo [34, 5, 5] is missing 2 parameter(s); using defaults slowk=5 slowd=5 slowk_matype=0 slowd_matype=0
13:09:37 [WARNING] STOCH combo [55, 5, 5] is missing 2 parameter(s); using defaults slowk=5 slowd=5 slowk_matype=0 slowd_matype=0
13:09:37 [WARNING] STOCH combo [55, 8, 5] is missing 2 parameter(s); using defaults slowk=8 slowd=5 slowk_matype=0 slowd_matype=0
13:09:37 [WARNING] STOCH combo [89, 8, 5] is missing 2 parameter(s); using defaults slowk=8 slowd=5 slowk_matype=0 slowd_matype=0
13:09:37 [WARNING] STOCHF combo [5, 3] is missing 1 parameter(s); using defaults fastd_period=3 fastd_matype=0
13:09:37 [WARNING] STOCHF combo [8, 3] is missing 1 parameter(s); using defaults fastd_period=3 fastd_matype=0
13:09:37 [WARNING] STOCHF combo [13, 3] is missing 1 parameter(s); using defaults fastd_period=3 fastd_matype=0
13:09:37 [WARNING] STOCHF combo [21, 3] is missing 1 parameter(s); using defaults fastd_period=3 fastd_matype=0
13:09:37 [WARNING] STOCHF combo [21, 5] is missing 1 parameter(s); using defaults fastd_period=5 fastd_matype=0
13:09:37 [WARNING] STOCHF combo [34, 5] is missing 1 parameter(s); using defaults fastd_period=5 fastd_matype=0
13:09:37 [WARNING] STOCHF combo [55, 5] is missing 1 parameter(s); using defaults fastd_period=5 fastd_matype=0
13:09:37 [WARNING] STOCHF combo [89, 8] is missing 1 parameter(s); using defaults fastd_period=8 fastd_matype=0
13:09:37 [WARNING] STOCHRSI combo [9, 5, 3] is missing 1 parameter(s); using defaults fastk_period=5 fastd_period=3 fastd_matype=0
13:09:37 [WARNING] STOCHRSI combo [14, 5, 3] is missing 1 parameter(s); using defaults fastk_period=5 fastd_period=3 fastd_matype=0
13:09:37 [WARNING] STOCHRSI combo [14, 3, 3] is missing 1 parameter(s); using defaults fastk_period=3 fastd_period=3 fastd_matype=0
13:09:37 [WARNING] STOCHRSI combo [21, 5, 3] is missing 1 parameter(s); using defaults fastk_period=5 fastd_period=3 fastd_matype=0
13:09:37 [WARNING] STOCHRSI combo [21, 8, 5] is missing 1 parameter(s); using defaults fastk_period=8 fastd_period=5 fastd_matype=0
13:09:37 [WARNING] STOCHRSI combo [34, 8, 5] is missing 1 parameter(s); using defaults fastk_period=8 fastd_period=5 fastd_matype=0
13:09:37 [WARNING] STOCHRSI combo [55, 8, 5] is missing 1 parameter(s); using defaults fastk_period=8 fastd_period=5 fastd_matype=0
13:09:37 [WARNING] STOCH combo [5, 3, 3] is missing 2 parameter(s); using defaults slowk=3 slowd=3 slowk_matype=0 slowd_matype=0
13:09:37 [WARNING] STOCH combo [8, 3, 3] is missing 2 parameter(s); using defaults slowk=3 slowd=3 slowk_matype=0 slowd_matype=0
13:09:37 [WARNING] STOCH combo [13, 3, 3] is missing 2 parameter(s); using defaults slowk=3 slowd=3 slowk_matype=0 slowd_matype=0
13:09:37 [WARNING] STOCH combo [13, 5, 3] is missing 2 parameter(s); using defaults slowk=5 slowd=3 slowk_matype=0 slowd_matype=0
13:09:37 [WARNING] STOCH combo [21, 3, 3] is missing 2 parameter(s); using defaults slowk=3 slowd=3 slowk_matype=0 slowd_matype=0
13:09:37 [WARNING] STOCH combo [21, 5, 3] is missing 2 parameter(s); using defaults slowk=5 slowd=3 slowk_matype=0 slowd_matype=0
13:09:37 [WARNING] STOCH combo [21, 5, 5] is missing 2 parameter(s); using defaults slowk=5 slowd=5 slowk_matype=0 slowd_matype=0
13:09:37 [WARNING] STOCH combo [34, 5, 3] is missing 2 parameter(s); using defaults slowk=5 slowd=3 slowk_matype=0 slowd_matype=0
13:09:37 [WARNING] STOCH combo [34, 5, 5] is missing 2 parameter(s); using defaults slowk=5 slowd=5 slowk_matype=0 slowd_matype=0
13:09:37 [WARNING] STOCH combo [55, 5, 5] is missing 2 parameter(s); using defaults slowk=5 slowd=5 slowk_matype=0 slowd_matype=0
13:09:37 [WARNING] STOCH combo [55, 8, 5] is missing 2 parameter(s); using defaults slowk=8 slowd=5 slowk_matype=0 slowd_matype=0
13:09:37 [WARNING] STOCH combo [89, 8, 5] is missing 2 parameter(s); using defaults slowk=8 slowd=5 slowk_matype=0 slowd_matype=0
13:09:37 [WARNING] STOCHF combo [5, 3] is missing 1 parameter(s); using defaults fastd_period=3 fastd_matype=0
13:09:37 [WARNING] STOCHF combo [8, 3] is missing 1 parameter(s); using defaults fastd_period=3 fastd_matype=0
13:09:37 [WARNING] STOCHF combo [13, 3] is missing 1 parameter(s); using defaults fastd_period=3 fastd_matype=0
13:09:37 [WARNING] STOCHF combo [21, 3] is missing 1 parameter(s); using defaults fastd_period=3 fastd_matype=0
13:09:37 [WARNING] STOCHF combo [21, 5] is missing 1 parameter(s); using defaults fastd_period=5 fastd_matype=0
13:09:37 [WARNING] STOCHF combo [34, 5] is missing 1 parameter(s); using defaults fastd_period=5 fastd_matype=0
13:09:37 [WARNING] STOCHF combo [55, 5] is missing 1 parameter(s); using defaults fastd_period=5 fastd_matype=0
13:09:37 [WARNING] STOCHF combo [89, 8] is missing 1 parameter(s); using defaults fastd_period=8 fastd_matype=0
13:09:37 [WARNING] STOCHRSI combo [9, 5, 3] is missing 1 parameter(s); using defaults fastk_period=5 fastd_period=3 fastd_matype=0
13:09:37 [WARNING] STOCHRSI combo [14, 5, 3] is missing 1 parameter(s); using defaults fastk_period=5 fastd_period=3 fastd_matype=0
13:09:37 [WARNING] STOCHRSI combo [14, 3, 3] is missing 1 parameter(s); using defaults fastk_period=3 fastd_period=3 fastd_matype=0
13:09:37 [WARNING] STOCHRSI combo [21, 5, 3] is missing 1 parameter(s); using defaults fastk_period=5 fastd_period=3 fastd_matype=0
13:09:37 [WARNING] STOCHRSI combo [21, 8, 5] is missing 1 parameter(s); using defaults fastk_period=8 fastd_period=5 fastd_matype=0
13:09:37 [WARNING] STOCHRSI combo [34, 8, 5] is missing 1 parameter(s); using defaults fastk_period=8 fastd_period=5 fastd_matype=0
13:09:37 [WARNING] STOCHRSI combo [55, 8, 5] is missing 1 parameter(s); using defaults fastk_period=8 fastd_period=5 fastd_matype=0
13:09:37 [INFO] Fetching spot data: BTCUSDT/1h
13:09:37 [INFO] Read 20352 klines from BTCUSDT/1h in 0.009s
13:09:37 [INFO] Aligned data for BTCUSDT/1h: 20352 rows, 5 columns
13:09:37 [INFO] Fetching spot data: BTCUSDT/4h
13:09:37 [INFO] Read 5088 klines from BTCUSDT/4h in 0.003s
13:09:37 [INFO] Aligned data for BTCUSDT/4h: 5088 rows, 5 columns
13:09:37 [INFO] Loaded feature registry with 1 entries
13:09:37 [INFO] [Layer 1] 0% - Starting Layer 1...
13:09:37 [INFO] Layer 1 starting, rss=1079MB
13:09:37 [WARNING] STOCH combo [5, 3, 3] is missing 2 parameter(s); using defaults slowk=3 slowd=3 slowk_matype=0 slowd_matype=0
13:09:37 [WARNING] STOCH combo [8, 3, 3] is missing 2 parameter(s); using defaults slowk=3 slowd=3 slowk_matype=0 slowd_matype=0
13:09:37 [WARNING] STOCH combo [13, 3, 3] is missing 2 parameter(s); using defaults slowk=3 slowd=3 slowk_matype=0 slowd_matype=0
13:09:37 [WARNING] STOCH combo [13, 5, 3] is missing 2 parameter(s); using defaults slowk=5 slowd=3 slowk_matype=0 slowd_matype=0
13:09:37 [WARNING] STOCH combo [21, 3, 3] is missing 2 parameter(s); using defaults slowk=3 slowd=3 slowk_matype=0 slowd_matype=0
13:09:37 [WARNING] STOCH combo [21, 5, 3] is missing 2 parameter(s); using defaults slowk=5 slowd=3 slowk_matype=0 slowd_matype=0
13:09:37 [WARNING] STOCH combo [21, 5, 5] is missing 2 parameter(s); using defaults slowk=5 slowd=5 slowk_matype=0 slowd_matype=0
13:09:37 [WARNING] STOCH combo [34, 5, 3] is missing 2 parameter(s); using defaults slowk=5 slowd=3 slowk_matype=0 slowd_matype=0
13:09:37 [WARNING] STOCH combo [34, 5, 5] is missing 2 parameter(s); using defaults slowk=5 slowd=5 slowk_matype=0 slowd_matype=0
13:09:37 [WARNING] STOCH combo [55, 5, 5] is missing 2 parameter(s); using defaults slowk=5 slowd=5 slowk_matype=0 slowd_matype=0
13:09:37 [WARNING] STOCH combo [55, 8, 5] is missing 2 parameter(s); using defaults slowk=8 slowd=5 slowk_matype=0 slowd_matype=0
13:09:37 [WARNING] STOCH combo [89, 8, 5] is missing 2 parameter(s); using defaults slowk=8 slowd=5 slowk_matype=0 slowd_matype=0
13:09:37 [WARNING] STOCHF combo [5, 3] is missing 1 parameter(s); using defaults fastd_period=3 fastd_matype=0
13:09:37 [WARNING] STOCHF combo [8, 3] is missing 1 parameter(s); using defaults fastd_period=3 fastd_matype=0
13:09:37 [WARNING] STOCHF combo [13, 3] is missing 1 parameter(s); using defaults fastd_period=3 fastd_matype=0
13:09:37 [WARNING] STOCHF combo [21, 3] is missing 1 parameter(s); using defaults fastd_period=3 fastd_matype=0
13:09:37 [WARNING] STOCHF combo [21, 5] is missing 1 parameter(s); using defaults fastd_period=5 fastd_matype=0
13:09:37 [WARNING] STOCHF combo [34, 5] is missing 1 parameter(s); using defaults fastd_period=5 fastd_matype=0
13:09:37 [WARNING] STOCHF combo [55, 5] is missing 1 parameter(s); using defaults fastd_period=5 fastd_matype=0
13:09:37 [WARNING] STOCHF combo [89, 8] is missing 1 parameter(s); using defaults fastd_period=8 fastd_matype=0
13:09:37 [WARNING] STOCHRSI combo [9, 5, 3] is missing 1 parameter(s); using defaults fastk_period=5 fastd_period=3 fastd_matype=0
13:09:37 [WARNING] STOCHRSI combo [14, 5, 3] is missing 1 parameter(s); using defaults fastk_period=5 fastd_period=3 fastd_matype=0
13:09:37 [WARNING] STOCHRSI combo [14, 3, 3] is missing 1 parameter(s); using defaults fastk_period=3 fastd_period=3 fastd_matype=0
13:09:37 [WARNING] STOCHRSI combo [21, 5, 3] is missing 1 parameter(s); using defaults fastk_period=5 fastd_period=3 fastd_matype=0
13:09:37 [WARNING] STOCHRSI combo [21, 8, 5] is missing 1 parameter(s); using defaults fastk_period=8 fastd_period=5 fastd_matype=0
13:09:37 [WARNING] STOCHRSI combo [34, 8, 5] is missing 1 parameter(s); using defaults fastk_period=8 fastd_period=5 fastd_matype=0
13:09:37 [WARNING] STOCHRSI combo [55, 8, 5] is missing 1 parameter(s); using defaults fastk_period=8 fastd_period=5 fastd_matype=0
13:09:38 [INFO] [Layer 1] 100% - Layer 1 completed: 898 features
13:09:38 [INFO] Layer 1 done: 898 cols, status=ok, rss=1054MB
13:09:38 [INFO] [Layer 2] 0% - Starting Layer 2...
13:09:38 [INFO] Layer 2 starting, rss=1054MB
13:09:38 [INFO] [L2] Starting derived features: 898 L1 cols
13:09:38 [WARNING] STOCH combo [5, 3, 3] is missing 2 parameter(s); using defaults slowk=3 slowd=3 slowk_matype=0 slowd_matype=0
13:09:38 [WARNING] STOCH combo [8, 3, 3] is missing 2 parameter(s); using defaults slowk=3 slowd=3 slowk_matype=0 slowd_matype=0
13:09:38 [WARNING] STOCH combo [13, 3, 3] is missing 2 parameter(s); using defaults slowk=3 slowd=3 slowk_matype=0 slowd_matype=0
13:09:38 [WARNING] STOCH combo [13, 5, 3] is missing 2 parameter(s); using defaults slowk=5 slowd=3 slowk_matype=0 slowd_matype=0
13:09:38 [WARNING] STOCH combo [21, 3, 3] is missing 2 parameter(s); using defaults slowk=3 slowd=3 slowk_matype=0 slowd_matype=0
13:09:38 [WARNING] STOCH combo [21, 5, 3] is missing 2 parameter(s); using defaults slowk=5 slowd=3 slowk_matype=0 slowd_matype=0
13:09:38 [WARNING] STOCH combo [21, 5, 5] is missing 2 parameter(s); using defaults slowk=5 slowd=5 slowk_matype=0 slowd_matype=0
13:09:38 [WARNING] STOCH combo [34, 5, 3] is missing 2 parameter(s); using defaults slowk=5 slowd=3 slowk_matype=0 slowd_matype=0
13:09:38 [WARNING] STOCH combo [34, 5, 5] is missing 2 parameter(s); using defaults slowk=5 slowd=5 slowk_matype=0 slowd_matype=0
13:09:38 [WARNING] STOCH combo [55, 5, 5] is missing 2 parameter(s); using defaults slowk=5 slowd=5 slowk_matype=0 slowd_matype=0
13:09:38 [WARNING] STOCH combo [55, 8, 5] is missing 2 parameter(s); using defaults slowk=8 slowd=5 slowk_matype=0 slowd_matype=0
13:09:38 [WARNING] STOCH combo [89, 8, 5] is missing 2 parameter(s); using defaults slowk=8 slowd=5 slowk_matype=0 slowd_matype=0
13:09:38 [WARNING] STOCHF combo [5, 3] is missing 1 parameter(s); using defaults fastd_period=3 fastd_matype=0
13:09:38 [WARNING] STOCHF combo [8, 3] is missing 1 parameter(s); using defaults fastd_period=3 fastd_matype=0
13:09:38 [WARNING] STOCHF combo [13, 3] is missing 1 parameter(s); using defaults fastd_period=3 fastd_matype=0
13:09:38 [WARNING] STOCHF combo [21, 3] is missing 1 parameter(s); using defaults fastd_period=3 fastd_matype=0
13:09:38 [WARNING] STOCHF combo [21, 5] is missing 1 parameter(s); using defaults fastd_period=5 fastd_matype=0
13:09:38 [WARNING] STOCHF combo [34, 5] is missing 1 parameter(s); using defaults fastd_period=5 fastd_matype=0
13:09:38 [WARNING] STOCHF combo [55, 5] is missing 1 parameter(s); using defaults fastd_period=5 fastd_matype=0
13:09:38 [WARNING] STOCHF combo [89, 8] is missing 1 parameter(s); using defaults fastd_period=8 fastd_matype=0
13:09:38 [WARNING] STOCHRSI combo [9, 5, 3] is missing 1 parameter(s); using defaults fastk_period=5 fastd_period=3 fastd_matype=0
13:09:38 [WARNING] STOCHRSI combo [14, 5, 3] is missing 1 parameter(s); using defaults fastk_period=5 fastd_period=3 fastd_matype=0
13:09:38 [WARNING] STOCHRSI combo [14, 3, 3] is missing 1 parameter(s); using defaults fastk_period=3 fastd_period=3 fastd_matype=0
13:09:38 [WARNING] STOCHRSI combo [21, 5, 3] is missing 1 parameter(s); using defaults fastk_period=5 fastd_period=3 fastd_matype=0
13:09:38 [WARNING] STOCHRSI combo [21, 8, 5] is missing 1 parameter(s); using defaults fastk_period=8 fastd_period=5 fastd_matype=0
13:09:38 [WARNING] STOCHRSI combo [34, 8, 5] is missing 1 parameter(s); using defaults fastk_period=8 fastd_period=5 fastd_matype=0
13:09:38 [WARNING] STOCHRSI combo [55, 8, 5] is missing 1 parameter(s); using defaults fastk_period=8 fastd_period=5 fastd_matype=0
13:09:46 [INFO] [L2] Completed: 11621 cols in 8.06s
13:09:47 [INFO] [Layer 2] 100% - Layer 2 completed: 11621 features
13:09:47 [INFO] Layer 2 done: 11621 cols, status=ok, rss=2196MB
13:09:47 [INFO] [memmap] created: shape=(10752, 11621), dtype=<class 'numpy.float32'>, est=0.50 GB  (file auto-unlinked)
13:09:47 [INFO] [spill] calib_layer2: 10752×11621 → float32 memmap in 0.8s (freed ~1.0 GB float64)
13:09:47 [INFO] [Layer 3] 0% - Starting Layer 3...
13:09:47 [INFO] Layer 3 starting, rss=2728MB
13:09:51 [INFO] [L3 streaming][numba][multi] step 10/20 (W5_range): 898→898 cols (-0 dead)
13:09:52 [INFO] [L3 streaming][numba][multi] step 20/20 (W13_range): 898→898 cols (-0 dead)
13:09:52 [INFO] [L3 streaming][numba][multi] complete: 17960 total generated, 0 dead dropped, 17960 survivors
13:09:53 [INFO] [Layer 3] 100% - Layer 3 completed: 17960 features
13:09:53 [INFO] Layer 3 done: 17960 cols, status=ok, rss=1316MB
13:09:53 [INFO] [Layer 4] 0% - Starting Layer 4...
13:09:53 [INFO] Layer 4 starting, rss=1316MB
13:09:54 [INFO] [Layer 4] 100% - Layer 4 completed: 7224 features
13:09:54 [INFO] Layer 4 done: 7224 cols, status=ok, rss=2376MB
13:09:54 [INFO] [Layer 5] 0% - Starting Layer 5...
13:09:54 [INFO] Layer 5 starting, rss=2376MB
13:09:54 [INFO] [Layer 5] 100% - Layer 5 completed: 0 features
13:09:54 [INFO] Layer 5 done: 0 cols, status=empty_disabled, rss=2376MB
13:09:54 [INFO] [Layer 6] 0% - Starting Layer 6...
13:09:54 [INFO] Layer 6 starting, rss=2376MB
13:09:54 [INFO] [Layer 6] 100% - Layer 6 completed: 10 features
13:09:54 [INFO] Layer 6 done: 10 cols, status=ok, rss=2380MB
13:09:54 [INFO] [memmap concat] 5 DFs → 37713 cols × 10752 rows ≈ 1.62 GB → disk-backed
13:09:54 [INFO] [memmap] created: shape=(10752, 37713), dtype=<class 'numpy.float32'>, est=1.62 GB  (file auto-unlinked)
13:09:54 [INFO] [memmap concat] copying DF 1/5 (898 cols)
13:09:54 [INFO] [memmap concat] copying DF 2/5 (11621 cols)
13:09:55 [INFO] [memmap concat] copying DF 3/5 (17960 cols)
13:09:57 [INFO] [memmap concat] copying DF 4/5 (7224 cols)
13:09:58 [INFO] [memmap concat] copying DF 5/5 (10 cols)
13:18:50 [INFO] Loaded feature registry with 1 entries
13:18:50 [INFO] [Layer 1] 0% - Starting Layer 1...
13:18:50 [INFO] Layer 1 starting, rss=423MB
13:18:50 [WARNING] STOCH combo [5, 3, 3] is missing 2 parameter(s); using defaults slowk=3 slowd=3 slowk_matype=0 slowd_matype=0
13:18:50 [WARNING] STOCH combo [8, 3, 3] is missing 2 parameter(s); using defaults slowk=3 slowd=3 slowk_matype=0 slowd_matype=0
13:18:50 [WARNING] STOCH combo [13, 3, 3] is missing 2 parameter(s); using defaults slowk=3 slowd=3 slowk_matype=0 slowd_matype=0
13:18:50 [WARNING] STOCH combo [13, 5, 3] is missing 2 parameter(s); using defaults slowk=5 slowd=3 slowk_matype=0 slowd_matype=0
13:18:50 [WARNING] STOCH combo [21, 3, 3] is missing 2 parameter(s); using defaults slowk=3 slowd=3 slowk_matype=0 slowd_matype=0
13:18:50 [WARNING] STOCH combo [21, 5, 3] is missing 2 parameter(s); using defaults slowk=5 slowd=3 slowk_matype=0 slowd_matype=0
13:18:50 [WARNING] STOCH combo [21, 5, 5] is missing 2 parameter(s); using defaults slowk=5 slowd=5 slowk_matype=0 slowd_matype=0
13:18:50 [WARNING] STOCH combo [34, 5, 3] is missing 2 parameter(s); using defaults slowk=5 slowd=3 slowk_matype=0 slowd_matype=0
13:18:50 [WARNING] STOCH combo [34, 5, 5] is missing 2 parameter(s); using defaults slowk=5 slowd=5 slowk_matype=0 slowd_matype=0
13:18:50 [WARNING] STOCH combo [55, 5, 5] is missing 2 parameter(s); using defaults slowk=5 slowd=5 slowk_matype=0 slowd_matype=0
13:18:50 [WARNING] STOCH combo [55, 8, 5] is missing 2 parameter(s); using defaults slowk=8 slowd=5 slowk_matype=0 slowd_matype=0
13:18:50 [WARNING] STOCH combo [89, 8, 5] is missing 2 parameter(s); using defaults slowk=8 slowd=5 slowk_matype=0 slowd_matype=0
13:18:50 [WARNING] STOCHF combo [5, 3] is missing 1 parameter(s); using defaults fastd_period=3 fastd_matype=0
13:18:50 [WARNING] STOCHF combo [8, 3] is missing 1 parameter(s); using defaults fastd_period=3 fastd_matype=0
13:18:50 [WARNING] STOCHF combo [13, 3] is missing 1 parameter(s); using defaults fastd_period=3 fastd_matype=0
13:18:50 [WARNING] STOCHF combo [21, 3] is missing 1 parameter(s); using defaults fastd_period=3 fastd_matype=0
13:18:50 [WARNING] STOCHF combo [21, 5] is missing 1 parameter(s); using defaults fastd_period=5 fastd_matype=0
13:18:50 [WARNING] STOCHF combo [34, 5] is missing 1 parameter(s); using defaults fastd_period=5 fastd_matype=0
13:18:50 [WARNING] STOCHF combo [55, 5] is missing 1 parameter(s); using defaults fastd_period=5 fastd_matype=0
13:18:50 [WARNING] STOCHF combo [89, 8] is missing 1 parameter(s); using defaults fastd_period=8 fastd_matype=0
13:18:50 [WARNING] STOCHRSI combo [9, 5, 3] is missing 1 parameter(s); using defaults fastk_period=5 fastd_period=3 fastd_matype=0
13:18:50 [WARNING] STOCHRSI combo [14, 5, 3] is missing 1 parameter(s); using defaults fastk_period=5 fastd_period=3 fastd_matype=0
13:18:50 [WARNING] STOCHRSI combo [14, 3, 3] is missing 1 parameter(s); using defaults fastk_period=3 fastd_period=3 fastd_matype=0
13:18:50 [WARNING] STOCHRSI combo [21, 5, 3] is missing 1 parameter(s); using defaults fastk_period=5 fastd_period=3 fastd_matype=0
13:18:50 [WARNING] STOCHRSI combo [21, 8, 5] is missing 1 parameter(s); using defaults fastk_period=8 fastd_period=5 fastd_matype=0
13:18:50 [WARNING] STOCHRSI combo [34, 8, 5] is missing 1 parameter(s); using defaults fastk_period=8 fastd_period=5 fastd_matype=0
13:18:50 [WARNING] STOCHRSI combo [55, 8, 5] is missing 1 parameter(s); using defaults fastk_period=8 fastd_period=5 fastd_matype=0
13:18:51 [INFO] [Layer 1] 100% - Layer 1 completed: 898 features
13:18:51 [INFO] Layer 1 done: 898 cols, status=ok, rss=151MB
13:18:51 [INFO] [Layer 2] 0% - Starting Layer 2...
13:18:51 [INFO] Layer 2 starting, rss=151MB
13:18:51 [INFO] [L2] Starting derived features: 898 L1 cols
13:18:51 [WARNING] STOCH combo [5, 3, 3] is missing 2 parameter(s); using defaults slowk=3 slowd=3 slowk_matype=0 slowd_matype=0
13:18:51 [WARNING] STOCH combo [8, 3, 3] is missing 2 parameter(s); using defaults slowk=3 slowd=3 slowk_matype=0 slowd_matype=0
13:18:51 [WARNING] STOCH combo [13, 3, 3] is missing 2 parameter(s); using defaults slowk=3 slowd=3 slowk_matype=0 slowd_matype=0
13:18:51 [WARNING] STOCH combo [13, 5, 3] is missing 2 parameter(s); using defaults slowk=5 slowd=3 slowk_matype=0 slowd_matype=0
13:18:51 [WARNING] STOCH combo [21, 3, 3] is missing 2 parameter(s); using defaults slowk=3 slowd=3 slowk_matype=0 slowd_matype=0
13:18:51 [WARNING] STOCH combo [21, 5, 3] is missing 2 parameter(s); using defaults slowk=5 slowd=3 slowk_matype=0 slowd_matype=0
13:18:51 [WARNING] STOCH combo [21, 5, 5] is missing 2 parameter(s); using defaults slowk=5 slowd=5 slowk_matype=0 slowd_matype=0
13:18:51 [WARNING] STOCH combo [34, 5, 3] is missing 2 parameter(s); using defaults slowk=5 slowd=3 slowk_matype=0 slowd_matype=0
13:18:51 [WARNING] STOCH combo [34, 5, 5] is missing 2 parameter(s); using defaults slowk=5 slowd=5 slowk_matype=0 slowd_matype=0
13:18:51 [WARNING] STOCH combo [55, 5, 5] is missing 2 parameter(s); using defaults slowk=5 slowd=5 slowk_matype=0 slowd_matype=0
13:18:51 [WARNING] STOCH combo [55, 8, 5] is missing 2 parameter(s); using defaults slowk=8 slowd=5 slowk_matype=0 slowd_matype=0
13:18:51 [WARNING] STOCH combo [89, 8, 5] is missing 2 parameter(s); using defaults slowk=8 slowd=5 slowk_matype=0 slowd_matype=0
13:18:51 [WARNING] STOCHF combo [5, 3] is missing 1 parameter(s); using defaults fastd_period=3 fastd_matype=0
13:18:51 [WARNING] STOCHF combo [8, 3] is missing 1 parameter(s); using defaults fastd_period=3 fastd_matype=0
13:18:51 [WARNING] STOCHF combo [13, 3] is missing 1 parameter(s); using defaults fastd_period=3 fastd_matype=0
13:18:51 [WARNING] STOCHF combo [21, 3] is missing 1 parameter(s); using defaults fastd_period=3 fastd_matype=0
13:18:51 [WARNING] STOCHF combo [21, 5] is missing 1 parameter(s); using defaults fastd_period=5 fastd_matype=0
13:18:51 [WARNING] STOCHF combo [34, 5] is missing 1 parameter(s); using defaults fastd_period=5 fastd_matype=0
13:18:51 [WARNING] STOCHF combo [55, 5] is missing 1 parameter(s); using defaults fastd_period=5 fastd_matype=0
13:18:51 [WARNING] STOCHF combo [89, 8] is missing 1 parameter(s); using defaults fastd_period=8 fastd_matype=0
13:18:51 [WARNING] STOCHRSI combo [9, 5, 3] is missing 1 parameter(s); using defaults fastk_period=5 fastd_period=3 fastd_matype=0
13:18:51 [WARNING] STOCHRSI combo [14, 5, 3] is missing 1 parameter(s); using defaults fastk_period=5 fastd_period=3 fastd_matype=0
13:18:51 [WARNING] STOCHRSI combo [14, 3, 3] is missing 1 parameter(s); using defaults fastk_period=3 fastd_period=3 fastd_matype=0
13:18:51 [WARNING] STOCHRSI combo [21, 5, 3] is missing 1 parameter(s); using defaults fastk_period=5 fastd_period=3 fastd_matype=0
13:18:51 [WARNING] STOCHRSI combo [21, 8, 5] is missing 1 parameter(s); using defaults fastk_period=8 fastd_period=5 fastd_matype=0
13:18:51 [WARNING] STOCHRSI combo [34, 8, 5] is missing 1 parameter(s); using defaults fastk_period=8 fastd_period=5 fastd_matype=0
13:18:51 [WARNING] STOCHRSI combo [55, 8, 5] is missing 1 parameter(s); using defaults fastk_period=8 fastd_period=5 fastd_matype=0
13:18:54 [INFO] [L2] Completed: 11621 cols in 3.34s
13:18:55 [INFO] [Layer 2] 100% - Layer 2 completed: 11621 features
13:18:55 [INFO] Layer 2 done: 11621 cols, status=ok, rss=911MB
13:18:55 [INFO] [Layer 3] 0% - Starting Layer 3...
13:18:55 [INFO] Layer 3 starting, rss=911MB
13:18:57 [INFO] [L3 streaming][numba][multi] step 10/20 (W5_range): 898→898 cols (-0 dead)
13:18:57 [INFO] [L3 streaming][numba][multi] step 20/20 (W13_range): 898→898 cols (-0 dead)
13:18:57 [INFO] [L3 streaming][numba][multi] complete: 17960 total generated, 0 dead dropped, 17960 survivors
13:18:58 [INFO] [Layer 3] 100% - Layer 3 completed: 17960 features
13:18:58 [INFO] Layer 3 done: 17960 cols, status=ok, rss=1638MB
13:18:58 [INFO] [Layer 4] 0% - Starting Layer 4...
13:18:58 [INFO] Layer 4 starting, rss=1638MB
13:18:58 [INFO] [Layer 4] 100% - Layer 4 completed: 7224 features
13:18:58 [INFO] Layer 4 done: 7224 cols, status=ok, rss=1895MB
13:18:58 [INFO] [Layer 5] 0% - Starting Layer 5...
13:18:58 [INFO] Layer 5 starting, rss=1895MB
13:18:58 [INFO] [Layer 5] 100% - Layer 5 completed: 0 features
13:18:58 [INFO] Layer 5 done: 0 cols, status=empty_disabled, rss=1895MB
13:18:58 [INFO] [Layer 6] 0% - Starting Layer 6...
13:18:58 [INFO] Layer 6 starting, rss=1895MB
13:18:58 [INFO] [Layer 6] 100% - Layer 6 completed: 10 features
13:18:58 [INFO] Layer 6 done: 10 cols, status=ok, rss=1897MB
13:19:15 [INFO] [CGSA] Initialized ColumnGroupRegistry at /private/var/folders/_c/3xdf41hd3tvgxpx63mrml2c00000gn/T/pytest-of-louis/pytest-15/test_small_mutation_numba_roll0/cgsa_work (tier=8gb, buffer_groups=0)
13:19:15 [INFO] Fetching spot data: BTCUSDT/1h
13:19:16 [INFO] Read 20352 klines from BTCUSDT/1h in 0.049s
13:19:16 [INFO] Aligned data for BTCUSDT/1h: 20352 rows, 5 columns
13:19:16 [INFO] [multi_tf:multi_tf] 35% - [CGSA] Processing timeframe 1h (1/2)
13:19:16 [INFO] [Layer 1] 0% - Starting Layer 1...
13:19:16 [INFO] Layer 1 starting, rss=2250MB
13:19:16 [WARNING] STOCH combo [5, 3, 3] is missing 2 parameter(s); using defaults slowk=3 slowd=3 slowk_matype=0 slowd_matype=0
13:19:16 [WARNING] STOCH combo [8, 3, 3] is missing 2 parameter(s); using defaults slowk=3 slowd=3 slowk_matype=0 slowd_matype=0
13:19:16 [WARNING] STOCH combo [13, 3, 3] is missing 2 parameter(s); using defaults slowk=3 slowd=3 slowk_matype=0 slowd_matype=0
13:19:16 [WARNING] STOCH combo [13, 5, 3] is missing 2 parameter(s); using defaults slowk=5 slowd=3 slowk_matype=0 slowd_matype=0
13:19:16 [WARNING] STOCH combo [21, 3, 3] is missing 2 parameter(s); using defaults slowk=3 slowd=3 slowk_matype=0 slowd_matype=0
13:19:16 [WARNING] STOCH combo [21, 5, 3] is missing 2 parameter(s); using defaults slowk=5 slowd=3 slowk_matype=0 slowd_matype=0
13:19:16 [WARNING] STOCH combo [21, 5, 5] is missing 2 parameter(s); using defaults slowk=5 slowd=5 slowk_matype=0 slowd_matype=0
13:19:16 [WARNING] STOCH combo [34, 5, 3] is missing 2 parameter(s); using defaults slowk=5 slowd=3 slowk_matype=0 slowd_matype=0
13:19:16 [WARNING] STOCH combo [34, 5, 5] is missing 2 parameter(s); using defaults slowk=5 slowd=5 slowk_matype=0 slowd_matype=0
13:19:16 [WARNING] STOCH combo [55, 5, 5] is missing 2 parameter(s); using defaults slowk=5 slowd=5 slowk_matype=0 slowd_matype=0
13:19:16 [WARNING] STOCH combo [55, 8, 5] is missing 2 parameter(s); using defaults slowk=8 slowd=5 slowk_matype=0 slowd_matype=0
13:19:16 [WARNING] STOCH combo [89, 8, 5] is missing 2 parameter(s); using defaults slowk=8 slowd=5 slowk_matype=0 slowd_matype=0
13:19:16 [WARNING] STOCHF combo [5, 3] is missing 1 parameter(s); using defaults fastd_period=3 fastd_matype=0
13:19:16 [WARNING] STOCHF combo [8, 3] is missing 1 parameter(s); using defaults fastd_period=3 fastd_matype=0
13:19:16 [WARNING] STOCHF combo [13, 3] is missing 1 parameter(s); using defaults fastd_period=3 fastd_matype=0
13:19:16 [WARNING] STOCHF combo [21, 3] is missing 1 parameter(s); using defaults fastd_period=3 fastd_matype=0
13:19:16 [WARNING] STOCHF combo [21, 5] is missing 1 parameter(s); using defaults fastd_period=5 fastd_matype=0
13:19:16 [WARNING] STOCHF combo [34, 5] is missing 1 parameter(s); using defaults fastd_period=5 fastd_matype=0
13:19:16 [WARNING] STOCHF combo [55, 5] is missing 1 parameter(s); using defaults fastd_period=5 fastd_matype=0
13:19:16 [WARNING] STOCHF combo [89, 8] is missing 1 parameter(s); using defaults fastd_period=8 fastd_matype=0
13:19:16 [WARNING] STOCHRSI combo [9, 5, 3] is missing 1 parameter(s); using defaults fastk_period=5 fastd_period=3 fastd_matype=0
13:19:16 [WARNING] STOCHRSI combo [14, 5, 3] is missing 1 parameter(s); using defaults fastk_period=5 fastd_period=3 fastd_matype=0
13:19:16 [WARNING] STOCHRSI combo [14, 3, 3] is missing 1 parameter(s); using defaults fastk_period=3 fastd_period=3 fastd_matype=0
13:19:16 [WARNING] STOCHRSI combo [21, 5, 3] is missing 1 parameter(s); using defaults fastk_period=5 fastd_period=3 fastd_matype=0
13:19:16 [WARNING] STOCHRSI combo [21, 8, 5] is missing 1 parameter(s); using defaults fastk_period=8 fastd_period=5 fastd_matype=0
13:19:16 [WARNING] STOCHRSI combo [34, 8, 5] is missing 1 parameter(s); using defaults fastk_period=8 fastd_period=5 fastd_matype=0
13:19:16 [WARNING] STOCHRSI combo [55, 8, 5] is missing 1 parameter(s); using defaults fastk_period=8 fastd_period=5 fastd_matype=0
13:19:17 [INFO] [Layer 1] 100% - Layer 1 completed: 898 features
13:19:17 [INFO] Layer 1 done: 898 cols, status=ok, rss=693MB
13:19:17 [INFO] [Layer 2] 0% - Starting Layer 2...
13:19:17 [INFO] Layer 2 starting, rss=693MB
13:19:17 [INFO] [L2] Starting derived features: 898 L1 cols
13:19:17 [WARNING] STOCH combo [5, 3, 3] is missing 2 parameter(s); using defaults slowk=3 slowd=3 slowk_matype=0 slowd_matype=0
13:19:17 [WARNING] STOCH combo [8, 3, 3] is missing 2 parameter(s); using defaults slowk=3 slowd=3 slowk_matype=0 slowd_matype=0
13:19:17 [WARNING] STOCH combo [13, 3, 3] is missing 2 parameter(s); using defaults slowk=3 slowd=3 slowk_matype=0 slowd_matype=0
13:19:17 [WARNING] STOCH combo [13, 5, 3] is missing 2 parameter(s); using defaults slowk=5 slowd=3 slowk_matype=0 slowd_matype=0
13:19:17 [WARNING] STOCH combo [21, 3, 3] is missing 2 parameter(s); using defaults slowk=3 slowd=3 slowk_matype=0 slowd_matype=0
13:19:17 [WARNING] STOCH combo [21, 5, 3] is missing 2 parameter(s); using defaults slowk=5 slowd=3 slowk_matype=0 slowd_matype=0
13:19:17 [WARNING] STOCH combo [21, 5, 5] is missing 2 parameter(s); using defaults slowk=5 slowd=5 slowk_matype=0 slowd_matype=0
13:19:17 [WARNING] STOCH combo [34, 5, 3] is missing 2 parameter(s); using defaults slowk=5 slowd=3 slowk_matype=0 slowd_matype=0
13:19:17 [WARNING] STOCH combo [34, 5, 5] is missing 2 parameter(s); using defaults slowk=5 slowd=5 slowk_matype=0 slowd_matype=0
13:19:17 [WARNING] STOCH combo [55, 5, 5] is missing 2 parameter(s); using defaults slowk=5 slowd=5 slowk_matype=0 slowd_matype=0
13:19:17 [WARNING] STOCH combo [55, 8, 5] is missing 2 parameter(s); using defaults slowk=8 slowd=5 slowk_matype=0 slowd_matype=0
13:19:17 [WARNING] STOCH combo [89, 8, 5] is missing 2 parameter(s); using defaults slowk=8 slowd=5 slowk_matype=0 slowd_matype=0
13:19:17 [WARNING] STOCHF combo [5, 3] is missing 1 parameter(s); using defaults fastd_period=3 fastd_matype=0
13:19:17 [WARNING] STOCHF combo [8, 3] is missing 1 parameter(s); using defaults fastd_period=3 fastd_matype=0
13:19:17 [WARNING] STOCHF combo [13, 3] is missing 1 parameter(s); using defaults fastd_period=3 fastd_matype=0
13:19:17 [WARNING] STOCHF combo [21, 3] is missing 1 parameter(s); using defaults fastd_period=3 fastd_matype=0
13:19:17 [WARNING] STOCHF combo [21, 5] is missing 1 parameter(s); using defaults fastd_period=5 fastd_matype=0
13:19:17 [WARNING] STOCHF combo [34, 5] is missing 1 parameter(s); using defaults fastd_period=5 fastd_matype=0
13:19:17 [WARNING] STOCHF combo [55, 5] is missing 1 parameter(s); using defaults fastd_period=5 fastd_matype=0
13:19:17 [WARNING] STOCHF combo [89, 8] is missing 1 parameter(s); using defaults fastd_period=8 fastd_matype=0
13:19:17 [WARNING] STOCHRSI combo [9, 5, 3] is missing 1 parameter(s); using defaults fastk_period=5 fastd_period=3 fastd_matype=0
13:19:17 [WARNING] STOCHRSI combo [14, 5, 3] is missing 1 parameter(s); using defaults fastk_period=5 fastd_period=3 fastd_matype=0
13:19:17 [WARNING] STOCHRSI combo [14, 3, 3] is missing 1 parameter(s); using defaults fastk_period=3 fastd_period=3 fastd_matype=0
13:19:17 [WARNING] STOCHRSI combo [21, 5, 3] is missing 1 parameter(s); using defaults fastk_period=5 fastd_period=3 fastd_matype=0
13:19:17 [WARNING] STOCHRSI combo [21, 8, 5] is missing 1 parameter(s); using defaults fastk_period=8 fastd_period=5 fastd_matype=0
13:19:17 [WARNING] STOCHRSI combo [34, 8, 5] is missing 1 parameter(s); using defaults fastk_period=8 fastd_period=5 fastd_matype=0
13:19:17 [WARNING] STOCHRSI combo [55, 8, 5] is missing 1 parameter(s); using defaults fastk_period=8 fastd_period=5 fastd_matype=0
13:19:33 [INFO] [CGSA] L2 persisted group=1h_L2_Cross shards=1 total_bytes=88.0 MiB
13:19:39 [INFO] [CGSA] L2 persisted group=1h_L2_Ratio shards=1 total_bytes=88.0 MiB
13:20:29 [INFO] [CGSA] L2 persisted group=1h_L2_Momentum shards=8 total_bytes=696.8 MiB
13:20:29 [INFO] [L2] Completed: 11621 cols in 71.22s
13:20:29 [INFO] [Layer 2] 100% - Layer 2 completed: 11621 features
13:20:29 [INFO] Layer 2 done: 11621 cols, status=ok, rss=3181MB
13:20:29 [INFO] [memmap] created: shape=(20342, 11621), dtype=<class 'numpy.float32'>, est=0.95 GB  (file auto-unlinked)
13:20:35 [INFO] [spill] layer2: 20342×11621 → float32 memmap in 6.4s (freed ~1.9 GB float64)
13:20:35 [INFO] [Layer 3] 0% - Starting Layer 3...
13:20:35 [INFO] Layer 3 starting, rss=1512MB
13:20:44 [INFO] [L3 streaming][numba][multi][persist] step 10/20 (W5_range): 898→898 cols (-0 dead)
13:20:44 [INFO] [L3 streaming][numba][multi][persist] step 20/20 (W13_range): 898→898 cols (-0 dead)
13:20:44 [INFO] [L3 streaming][numba][multi][persist] complete: 17960 generated, 4 dropped, 17956 survivors persisted via callback
13:20:47 [INFO] [L3] streaming persist (mode=streaming) complete: 17956 cols persisted in 20 groups
13:20:47 [INFO] [Layer 3] 100% - Layer 3 completed: 0 features
13:20:47 [INFO] Layer 3 done: 0 cols, status=offloaded_to_registry, rss=1496MB
13:20:47 [INFO] [Layer 4] 0% - Starting Layer 4...
13:20:47 [INFO] Layer 4 starting, rss=1496MB
13:20:49 [INFO] [Layer 4] 100% - Layer 4 completed: 7224 features
13:20:49 [INFO] Layer 4 done: 7224 cols, status=ok, rss=1719MB
13:20:49 [INFO] [Layer 5] 0% - Starting Layer 5...
13:20:49 [INFO] Layer 5 starting, rss=1715MB
13:20:49 [INFO] [Layer 5] 100% - Layer 5 completed: 0 features
13:20:49 [INFO] Layer 5 done: 0 cols, status=empty_disabled, rss=1714MB
13:20:49 [INFO] [Layer 6] 0% - Starting Layer 6...
13:20:49 [INFO] Layer 6 starting, rss=1714MB
13:20:49 [INFO] [Layer 6] 100% - Layer 6 completed: 10 features
13:20:49 [INFO] Layer 6 done: 10 cols, status=ok, rss=1736MB
13:20:49 [INFO] [CGSA] Disk pre-check OK: layer=L4_lag symbol=BTCUSDT tf=1h need=2.73 GiB (planned_new=0.55 GiB, max_inflight_tmp×2=0.19 GiB, reserve=2.00 GiB) free=25.24 GiB shape=(20342, 7224)
13:20:53 [INFO] [CGSA] L4_lag persisted group=1h_L4_lag_1 shards=5 total_bytes=388.0 MiB
13:20:53 [INFO] [CGSA] L4_lag persisted group=1h_L4_lag_2 shards=2 total_bytes=172.6 MiB
13:20:53 [INFO] [CGSA] Persisted L4_lag: 7224 cols → 2 groups (tf=1h)
13:20:53 [INFO] [CGSA] Disk pre-check OK: layer=L6_meta symbol=BTCUSDT tf=1h need=2.00 GiB (planned_new=0.00 GiB, max_inflight_tmp×2=0.00 GiB, reserve=2.00 GiB) free=24.57 GiB shape=(20342, 10)
13:20:53 [INFO] [CGSA] Persisted L6_meta: 10 cols → 1 groups (tf=1h)
13:20:53 [INFO] [CGSA][multi_tf] Primary TF 1h: 241 groups registered (no alignment needed)
13:20:53 [INFO] [multi_tf:multi_tf] 70% - [CGSA] Processing timeframe 4h (2/2)
13:20:53 [INFO] Fetching spot data: BTCUSDT/4h
13:20:53 [INFO] Read 5088 klines from BTCUSDT/4h in 0.097s
13:20:53 [INFO] Aligned data for BTCUSDT/4h: 5088 rows, 5 columns
13:20:53 [INFO] [Layer 1] 0% - Starting Layer 1...
13:20:53 [INFO] Layer 1 starting, rss=1917MB
13:20:54 [WARNING] STOCH combo [5, 3, 3] is missing 2 parameter(s); using defaults slowk=3 slowd=3 slowk_matype=0 slowd_matype=0
13:20:54 [WARNING] STOCH combo [8, 3, 3] is missing 2 parameter(s); using defaults slowk=3 slowd=3 slowk_matype=0 slowd_matype=0
13:20:54 [WARNING] STOCH combo [13, 3, 3] is missing 2 parameter(s); using defaults slowk=3 slowd=3 slowk_matype=0 slowd_matype=0
13:20:54 [WARNING] STOCH combo [13, 5, 3] is missing 2 parameter(s); using defaults slowk=5 slowd=3 slowk_matype=0 slowd_matype=0
13:20:54 [WARNING] STOCH combo [21, 3, 3] is missing 2 parameter(s); using defaults slowk=3 slowd=3 slowk_matype=0 slowd_matype=0
13:20:54 [WARNING] STOCH combo [21, 5, 3] is missing 2 parameter(s); using defaults slowk=5 slowd=3 slowk_matype=0 slowd_matype=0
13:20:54 [WARNING] STOCH combo [21, 5, 5] is missing 2 parameter(s); using defaults slowk=5 slowd=5 slowk_matype=0 slowd_matype=0
13:20:54 [WARNING] STOCH combo [34, 5, 3] is missing 2 parameter(s); using defaults slowk=5 slowd=3 slowk_matype=0 slowd_matype=0
13:20:54 [WARNING] STOCH combo [34, 5, 5] is missing 2 parameter(s); using defaults slowk=5 slowd=5 slowk_matype=0 slowd_matype=0
13:20:54 [WARNING] STOCH combo [55, 5, 5] is missing 2 parameter(s); using defaults slowk=5 slowd=5 slowk_matype=0 slowd_matype=0
13:20:54 [WARNING] STOCH combo [55, 8, 5] is missing 2 parameter(s); using defaults slowk=8 slowd=5 slowk_matype=0 slowd_matype=0
13:20:54 [WARNING] STOCH combo [89, 8, 5] is missing 2 parameter(s); using defaults slowk=8 slowd=5 slowk_matype=0 slowd_matype=0
13:20:54 [WARNING] STOCHF combo [5, 3] is missing 1 parameter(s); using defaults fastd_period=3 fastd_matype=0
13:20:54 [WARNING] STOCHF combo [8, 3] is missing 1 parameter(s); using defaults fastd_period=3 fastd_matype=0
13:20:54 [WARNING] STOCHF combo [13, 3] is missing 1 parameter(s); using defaults fastd_period=3 fastd_matype=0
13:20:54 [WARNING] STOCHF combo [21, 3] is missing 1 parameter(s); using defaults fastd_period=3 fastd_matype=0
13:20:54 [WARNING] STOCHF combo [21, 5] is missing 1 parameter(s); using defaults fastd_period=5 fastd_matype=0
13:20:54 [WARNING] STOCHF combo [34, 5] is missing 1 parameter(s); using defaults fastd_period=5 fastd_matype=0
13:20:54 [WARNING] STOCHF combo [55, 5] is missing 1 parameter(s); using defaults fastd_period=5 fastd_matype=0
13:20:54 [WARNING] STOCHF combo [89, 8] is missing 1 parameter(s); using defaults fastd_period=8 fastd_matype=0
13:20:54 [WARNING] STOCHRSI combo [9, 5, 3] is missing 1 parameter(s); using defaults fastk_period=5 fastd_period=3 fastd_matype=0
13:20:54 [WARNING] STOCHRSI combo [14, 5, 3] is missing 1 parameter(s); using defaults fastk_period=5 fastd_period=3 fastd_matype=0
13:20:54 [WARNING] STOCHRSI combo [14, 3, 3] is missing 1 parameter(s); using defaults fastk_period=3 fastd_period=3 fastd_matype=0
13:20:54 [WARNING] STOCHRSI combo [21, 5, 3] is missing 1 parameter(s); using defaults fastk_period=5 fastd_period=3 fastd_matype=0
13:20:54 [WARNING] STOCHRSI combo [21, 8, 5] is missing 1 parameter(s); using defaults fastk_period=8 fastd_period=5 fastd_matype=0
13:20:54 [WARNING] STOCHRSI combo [34, 8, 5] is missing 1 parameter(s); using defaults fastk_period=8 fastd_period=5 fastd_matype=0
13:20:54 [WARNING] STOCHRSI combo [55, 8, 5] is missing 1 parameter(s); using defaults fastk_period=8 fastd_period=5 fastd_matype=0
13:20:59 [INFO] [Layer 1] 100% - Layer 1 completed: 898 features
13:20:59 [INFO] Layer 1 done: 898 cols, status=ok, rss=2014MB
13:20:59 [INFO] [Layer 2] 0% - Starting Layer 2...
13:20:59 [INFO] Layer 2 starting, rss=2014MB
13:20:59 [INFO] [L2] Starting derived features: 898 L1 cols
13:20:59 [WARNING] STOCH combo [5, 3, 3] is missing 2 parameter(s); using defaults slowk=3 slowd=3 slowk_matype=0 slowd_matype=0
13:20:59 [WARNING] STOCH combo [8, 3, 3] is missing 2 parameter(s); using defaults slowk=3 slowd=3 slowk_matype=0 slowd_matype=0
13:20:59 [WARNING] STOCH combo [13, 3, 3] is missing 2 parameter(s); using defaults slowk=3 slowd=3 slowk_matype=0 slowd_matype=0
13:20:59 [WARNING] STOCH combo [13, 5, 3] is missing 2 parameter(s); using defaults slowk=5 slowd=3 slowk_matype=0 slowd_matype=0
13:20:59 [WARNING] STOCH combo [21, 3, 3] is missing 2 parameter(s); using defaults slowk=3 slowd=3 slowk_matype=0 slowd_matype=0
13:20:59 [WARNING] STOCH combo [21, 5, 3] is missing 2 parameter(s); using defaults slowk=5 slowd=3 slowk_matype=0 slowd_matype=0
13:20:59 [WARNING] STOCH combo [21, 5, 5] is missing 2 parameter(s); using defaults slowk=5 slowd=5 slowk_matype=0 slowd_matype=0
13:20:59 [WARNING] STOCH combo [34, 5, 3] is missing 2 parameter(s); using defaults slowk=5 slowd=3 slowk_matype=0 slowd_matype=0
13:20:59 [WARNING] STOCH combo [34, 5, 5] is missing 2 parameter(s); using defaults slowk=5 slowd=5 slowk_matype=0 slowd_matype=0
13:20:59 [WARNING] STOCH combo [55, 5, 5] is missing 2 parameter(s); using defaults slowk=5 slowd=5 slowk_matype=0 slowd_matype=0
13:20:59 [WARNING] STOCH combo [55, 8, 5] is missing 2 parameter(s); using defaults slowk=8 slowd=5 slowk_matype=0 slowd_matype=0
13:20:59 [WARNING] STOCH combo [89, 8, 5] is missing 2 parameter(s); using defaults slowk=8 slowd=5 slowk_matype=0 slowd_matype=0
13:20:59 [WARNING] STOCHF combo [5, 3] is missing 1 parameter(s); using defaults fastd_period=3 fastd_matype=0
13:20:59 [WARNING] STOCHF combo [8, 3] is missing 1 parameter(s); using defaults fastd_period=3 fastd_matype=0
13:20:59 [WARNING] STOCHF combo [13, 3] is missing 1 parameter(s); using defaults fastd_period=3 fastd_matype=0
13:20:59 [WARNING] STOCHF combo [21, 3] is missing 1 parameter(s); using defaults fastd_period=3 fastd_matype=0
13:20:59 [WARNING] STOCHF combo [21, 5] is missing 1 parameter(s); using defaults fastd_period=5 fastd_matype=0
13:20:59 [WARNING] STOCHF combo [34, 5] is missing 1 parameter(s); using defaults fastd_period=5 fastd_matype=0
13:20:59 [WARNING] STOCHF combo [55, 5] is missing 1 parameter(s); using defaults fastd_period=5 fastd_matype=0
13:20:59 [WARNING] STOCHF combo [89, 8] is missing 1 parameter(s); using defaults fastd_period=8 fastd_matype=0
13:20:59 [WARNING] STOCHRSI combo [9, 5, 3] is missing 1 parameter(s); using defaults fastk_period=5 fastd_period=3 fastd_matype=0
13:20:59 [WARNING] STOCHRSI combo [14, 5, 3] is missing 1 parameter(s); using defaults fastk_period=5 fastd_period=3 fastd_matype=0
13:20:59 [WARNING] STOCHRSI combo [14, 3, 3] is missing 1 parameter(s); using defaults fastk_period=3 fastd_period=3 fastd_matype=0
13:20:59 [WARNING] STOCHRSI combo [21, 5, 3] is missing 1 parameter(s); using defaults fastk_period=5 fastd_period=3 fastd_matype=0
13:20:59 [WARNING] STOCHRSI combo [21, 8, 5] is missing 1 parameter(s); using defaults fastk_period=8 fastd_period=5 fastd_matype=0
13:20:59 [WARNING] STOCHRSI combo [34, 8, 5] is missing 1 parameter(s); using defaults fastk_period=8 fastd_period=5 fastd_matype=0
13:20:59 [WARNING] STOCHRSI combo [55, 8, 5] is missing 1 parameter(s); using defaults fastk_period=8 fastd_period=5 fastd_matype=0
13:21:18 [INFO] [CGSA] L2 persisted group=4h_L2_Momentum shards=2 total_bytes=174.2 MiB
13:21:18 [INFO] [L2] Completed: 11621 cols in 18.77s
13:21:18 [INFO] [Layer 2] 100% - Layer 2 completed: 11621 features
13:21:18 [INFO] Layer 2 done: 11621 cols, status=ok, rss=1549MB
13:21:18 [INFO] [Layer 3] 0% - Starting Layer 3...
13:21:18 [INFO] Layer 3 starting, rss=1549MB
13:21:21 [INFO] [L3 streaming][numba][multi][persist] step 10/20 (W5_range): 898→898 cols (-0 dead)
13:21:21 [INFO] [L3 streaming][numba][multi][persist] step 20/20 (W13_range): 898→897 cols (-1 dead)
13:21:21 [INFO] [L3 streaming][numba][multi][persist] complete: 17960 generated, 6 dropped, 17954 survivors persisted via callback
13:21:24 [INFO] [L3] streaming persist (mode=streaming) complete: 17954 cols persisted in 20 groups
13:21:24 [INFO] [Layer 3] 100% - Layer 3 completed: 0 features
13:21:24 [INFO] Layer 3 done: 0 cols, status=offloaded_to_registry, rss=815MB
13:21:24 [INFO] [Layer 4] 0% - Starting Layer 4...
13:21:24 [INFO] Layer 4 starting, rss=815MB
13:21:24 [INFO] [Layer 4] 100% - Layer 4 completed: 7224 features
13:21:24 [INFO] Layer 4 done: 7224 cols, status=ok, rss=1739MB
13:21:24 [INFO] [Layer 5] 0% - Starting Layer 5...
13:21:24 [INFO] Layer 5 starting, rss=1739MB
13:21:24 [INFO] [Layer 5] 100% - Layer 5 completed: 0 features
13:21:24 [INFO] Layer 5 done: 0 cols, status=empty_disabled, rss=1739MB
13:21:24 [INFO] [Layer 6] 0% - Starting Layer 6...
13:21:24 [INFO] Layer 6 starting, rss=1739MB
13:21:24 [INFO] [Layer 6] 100% - Layer 6 completed: 10 features
13:21:24 [INFO] Layer 6 done: 10 cols, status=ok, rss=1739MB
13:21:24 [INFO] [CGSA] Disk pre-check OK: layer=L4_lag symbol=BTCUSDT tf=4h need=2.32 GiB (planned_new=0.14 GiB, max_inflight_tmp×2=0.19 GiB, reserve=2.00 GiB) free=26.98 GiB shape=(5086, 7224)
13:21:26 [INFO] [CGSA] L4_lag persisted group=4h_L4_lag_1 shards=2 total_bytes=97.0 MiB
13:21:26 [INFO] [CGSA] Persisted L4_lag: 7224 cols → 2 groups (tf=4h)
13:21:26 [INFO] [CGSA] Disk pre-check OK: layer=L6_meta symbol=BTCUSDT tf=4h need=2.00 GiB (planned_new=0.00 GiB, max_inflight_tmp×2=0.00 GiB, reserve=2.00 GiB) free=26.85 GiB shape=(5086, 10)
13:21:26 [INFO] [CGSA] Persisted L6_meta: 10 cols → 1 groups (tf=4h)
13:21:26 [INFO] [CGSA][multi_tf] Compact-aligned 241 groups from 4h → 1h (source_rows=5086 logical_rows=20342)
13:21:26 [INFO] [CGSA][multi_tf] All TFs done: 482 total groups in registry
13:21:26 [INFO] [multi_tf:persist] 90% - [CGSA] Running Layer 6.5 → L7_raw streaming persist
13:21:42 [INFO] [L7][CGSA] Quality summary: inf_count=0, coverage=0.9547, non_nan=1464628228/1534112272
13:21:43 [INFO] [L7_raw] Disk pre-check OK: required=2.00 GiB (safety x1.50), estimated_final=2.86 GiB, reclaimable_npy=3.57 GiB, net_growth=0.00 GiB, max_inflight_part=0.38 GiB, largest_part_source=1h_L2_Momentum, reserve_floor=2.00 GiB, free=27.85 GiB, groups=482
13:21:43 [INFO] [L6.5] raw-sink path uses serial group streaming for disk safety (requested_workers=2)
13:21:43 [INFO] [L6.5] Registry raw-sink config: groups=482 requested_workers=2 effective_workers=1 mode=append use_fast=False can_use_numba_fast=False winsor=True rank=False zscore=False fracdiff=False fracdiff_apply_to=non_stationary fracdiff_layers=['L1', 'L2'] adf=False gaussian=False
13:21:43 [INFO] [L6.5] Raw-sink start: 476 full groups (fast=0, slow=476) + 6 big-group splits → 496 sub-tasks (requested_workers=2, effective_workers=1, split_threshold=2000, slow_chunked=6, max_group_cols=8980, schedule=largest_first, rss=1761MB)
13:21:46 [INFO] [L6.5] raw-sink chunk stream start: group=1h_L2_Momentum cols=8980 chunks=5 chunk_size=2000 rss=1644MB
13:22:53 [INFO] [L6.5] raw-sink chunk stream complete: group=1h_L2_Momentum chunks=5 outputs=5 rss=1731MB
13:22:53 [INFO] [L6.5] raw-sink heartbeat: tasks 5/496 (1.0%), groups 1/482, elapsed=70.0s, rate=0.07/s, ETA=6877s, rss=1731MB, last=1h_L2_Momentum (slow-chunked, parts=5)
13:22:54 [INFO] [L6.5] raw-sink chunk stream start: group=1h_L4_lag_1 cols=5000 chunks=3 chunk_size=2000 rss=1900MB
13:23:32 [INFO] [L6.5] raw-sink chunk stream complete: group=1h_L4_lag_1 chunks=3 outputs=3 rss=1656MB
13:23:32 [INFO] [L6.5] raw-sink heartbeat: tasks 8/496 (1.6%), groups 2/482, elapsed=109.3s, rate=0.07/s, ETA=6669s, rss=1656MB, last=1h_L4_lag_1 (slow-chunked, parts=3)
13:23:47 [INFO] [L6.5] native-tf path completed: group=4h_L2_Momentum src_tf=4h primary_tf=1h native_rows=5086 primary_rows=20342 outputs=1
13:23:47 [INFO] [L6.5] raw-sink chunk stream start: group=1h_L4_lag_2 cols=2224 chunks=2 chunk_size=2000 rss=1466MB
13:24:04 [INFO] [L6.5] raw-sink chunk stream complete: group=1h_L4_lag_2 chunks=2 outputs=2 rss=1100MB
13:24:04 [INFO] [L6.5] raw-sink heartbeat: tasks 15/496 (3.0%), groups 4/482, elapsed=141.4s, rate=0.11/s, ETA=4534s, rss=1100MB, last=1h_L4_lag_2 (slow-chunked, parts=2)
13:24:12 [INFO] [L6.5] native-tf path completed: group=4h_L4_lag_1 src_tf=4h primary_tf=1h native_rows=5086 primary_rows=20342 outputs=1
13:24:41 [INFO] [L6.5] raw-sink heartbeat: tasks 22/496 (4.4%), groups 9/482, elapsed=178.0s, rate=0.12/s, ETA=3835s, rss=1608MB, last=1h_L3_rolling_W13_Max_1 (full)
13:25:14 [INFO] [L6.5] raw-sink heartbeat: tasks 27/496 (5.4%), groups 14/482, elapsed=210.7s, rate=0.13/s, ETA=3659s, rss=1306MB, last=1h_L3_rolling_W13_Slope_1 (full)
13:25:46 [INFO] [L6.5] raw-sink heartbeat: tasks 32/496 (6.5%), groups 19/482, elapsed=243.3s, rate=0.13/s, ETA=3528s, rss=1648MB, last=1h_L3_rolling_W5_Min_1 (full)
13:26:19 [INFO] [L6.5] raw-sink heartbeat: tasks 37/496 (7.5%), groups 24/482, elapsed=275.7s, rate=0.13/s, ETA=3420s, rss=1501MB, last=1h_L3_rolling_W13_Min_1 (full)
13:26:40 [INFO] [L6.5] native-tf path completed: group=4h_L4_lag_2 src_tf=4h primary_tf=1h native_rows=5086 primary_rows=20342 outputs=1
13:26:42 [INFO] [L6.5] native-tf path completed: group=4h_L2_Cross src_tf=4h primary_tf=1h native_rows=5086 primary_rows=20342 outputs=1
13:26:43 [INFO] [L6.5] native-tf path completed: group=4h_L2_Ratio src_tf=4h primary_tf=1h native_rows=5086 primary_rows=20342 outputs=1
13:26:46 [INFO] [L6.5] native-tf path completed: group=4h_L3_rolling_W13_Kurt_1 src_tf=4h primary_tf=1h native_rows=5086 primary_rows=20342 outputs=1
13:26:47 [INFO] [L6.5] native-tf path completed: group=4h_L3_rolling_W13_Mean_1 src_tf=4h primary_tf=1h native_rows=5086 primary_rows=20342 outputs=1
13:26:48 [INFO] [L6.5] native-tf path completed: group=4h_L3_rolling_W13_Rank_1 src_tf=4h primary_tf=1h native_rows=5086 primary_rows=20342 outputs=1
13:26:49 [INFO] [L6.5] native-tf path completed: group=4h_L3_rolling_W13_Skew_1 src_tf=4h primary_tf=1h native_rows=5086 primary_rows=20342 outputs=1
13:26:49 [INFO] [L6.5] raw-sink heartbeat: tasks 49/496 (9.9%), groups 35/482, elapsed=306.5s, rate=0.16/s, ETA=2796s, rss=841MB, last=4h_L3_rolling_W13_Skew_1 (native-tf, parts=1)
13:26:50 [INFO] [L6.5] native-tf path completed: group=4h_L3_rolling_W13_Slope_1 src_tf=4h primary_tf=1h native_rows=5086 primary_rows=20342 outputs=1
13:26:51 [INFO] [L6.5] native-tf path completed: group=4h_L3_rolling_W13_Std_1 src_tf=4h primary_tf=1h native_rows=5086 primary_rows=20342 outputs=1
13:26:53 [INFO] [L6.5] native-tf path completed: group=4h_L3_rolling_W13_ZScore_1 src_tf=4h primary_tf=1h native_rows=5086 primary_rows=20342 outputs=1
13:26:53 [INFO] [L6.5] native-tf path completed: group=4h_L3_rolling_W5_Max_1 src_tf=4h primary_tf=1h native_rows=5086 primary_rows=20342 outputs=1
13:26:55 [INFO] [L6.5] native-tf path completed: group=4h_L3_rolling_W5_Mean_1 src_tf=4h primary_tf=1h native_rows=5086 primary_rows=20342 outputs=1
13:26:56 [INFO] [L6.5] native-tf path completed: group=4h_L3_rolling_W5_Min_1 src_tf=4h primary_tf=1h native_rows=5086 primary_rows=20342 outputs=1
13:26:57 [INFO] [L6.5] native-tf path completed: group=4h_L3_rolling_W5_Range_1 src_tf=4h primary_tf=1h native_rows=5086 primary_rows=20342 outputs=1
13:26:58 [INFO] [L6.5] native-tf path completed: group=4h_L3_rolling_W5_Rank_1 src_tf=4h primary_tf=1h native_rows=5086 primary_rows=20342 outputs=1
13:26:59 [INFO] [L6.5] native-tf path completed: group=4h_L3_rolling_W5_Slope_1 src_tf=4h primary_tf=1h native_rows=5086 primary_rows=20342 outputs=1
13:27:00 [INFO] [L6.5] native-tf path completed: group=4h_L3_rolling_W5_Std_1 src_tf=4h primary_tf=1h native_rows=5086 primary_rows=20342 outputs=1
13:27:01 [INFO] [L6.5] native-tf path completed: group=4h_L3_rolling_W13_Max_1 src_tf=4h primary_tf=1h native_rows=5086 primary_rows=20342 outputs=1
13:27:02 [INFO] [L6.5] native-tf path completed: group=4h_L3_rolling_W13_Min_1 src_tf=4h primary_tf=1h native_rows=5086 primary_rows=20342 outputs=1
13:27:03 [INFO] [L6.5] native-tf path completed: group=4h_L3_rolling_W13_Range_1 src_tf=4h primary_tf=1h native_rows=5086 primary_rows=20342 outputs=1
13:27:04 [INFO] [L6.5] native-tf path completed: group=4h_L3_rolling_W5_Kurt_1 src_tf=4h primary_tf=1h native_rows=5086 primary_rows=20342 outputs=1
13:27:05 [INFO] [L6.5] native-tf path completed: group=4h_L3_rolling_W5_Skew_1 src_tf=4h primary_tf=1h native_rows=5086 primary_rows=20342 outputs=1
13:27:06 [INFO] [L6.5] native-tf path completed: group=4h_L3_rolling_W5_ZScore_1 src_tf=4h primary_tf=1h native_rows=5086 primary_rows=20342 outputs=1
13:27:07 [INFO] [L6.5] native-tf path completed: group=4h_L2_Distance src_tf=4h primary_tf=1h native_rows=5086 primary_rows=20342 outputs=1
13:27:08 [INFO] [L6.5] native-tf path completed: group=4h_L2_BinarySignal src_tf=4h primary_tf=1h native_rows=5086 primary_rows=20342 outputs=1
13:27:08 [INFO] [L6.5] raw-sink heartbeat: tasks 73/496 (14.7%), groups 59/482, elapsed=325.6s, rate=0.22/s, ETA=1886s, rss=1002MB, last=1h_L1_momentum_ROCP (full)
13:27:13 [INFO] [L6.5] raw-sink heartbeat: tasks 97/496 (19.6%), groups 83/482, elapsed=330.1s, rate=0.29/s, ETA=1358s, rss=1003MB, last=1h_L1_momentum_ADX (full)
13:27:14 [INFO] [L6.5] native-tf path completed: group=4h_L1_momentum_RSI src_tf=4h primary_tf=1h native_rows=5086 primary_rows=20342 outputs=1
13:27:15 [INFO] [L6.5] native-tf path completed: group=4h_L1_trend_EMA src_tf=4h primary_tf=1h native_rows=5086 primary_rows=20342 outputs=1
13:27:15 [INFO] [L6.5] native-tf path completed: group=4h_L1_trend_SMA src_tf=4h primary_tf=1h native_rows=5086 primary_rows=20342 outputs=1
13:27:15 [INFO] [L6.5] native-tf path completed: group=4h_L1_momentum_ROC src_tf=4h primary_tf=1h native_rows=5086 primary_rows=20342 outputs=1
13:27:15 [INFO] [L6.5] native-tf path completed: group=4h_L1_momentum_ROCP src_tf=4h primary_tf=1h native_rows=5086 primary_rows=20342 outputs=1
13:27:15 [INFO] [L6.5] native-tf path completed: group=4h_L1_momentum_ROCR src_tf=4h primary_tf=1h native_rows=5086 primary_rows=20342 outputs=1
13:27:15 [INFO] [L6.5] native-tf path completed: group=4h_L1_momentum_ROCR100 src_tf=4h primary_tf=1h native_rows=5086 primary_rows=20342 outputs=1
13:27:15 [INFO] [L6.5] native-tf path completed: group=4h_L1_momentum_CMO src_tf=4h primary_tf=1h native_rows=5086 primary_rows=20342 outputs=1
13:27:15 [INFO] [L6.5] native-tf path completed: group=4h_L1_momentum_MOM src_tf=4h primary_tf=1h native_rows=5086 primary_rows=20342 outputs=1
13:27:16 [INFO] [L6.5] native-tf path completed: group=4h_L1_momentum_TRIX src_tf=4h primary_tf=1h native_rows=5086 primary_rows=20342 outputs=1
13:27:16 [INFO] [L6.5] native-tf path completed: group=4h_L1_trend_DEMA src_tf=4h primary_tf=1h native_rows=5086 primary_rows=20342 outputs=1
13:27:16 [INFO] [L6.5] native-tf path completed: group=4h_L1_trend_KAMA src_tf=4h primary_tf=1h native_rows=5086 primary_rows=20342 outputs=1
13:27:16 [INFO] [L6.5] native-tf path completed: group=4h_L1_trend_MA src_tf=4h primary_tf=1h native_rows=5086 primary_rows=20342 outputs=1
13:27:16 [INFO] [L6.5] raw-sink heartbeat: tasks 121/496 (24.4%), groups 107/482, elapsed=333.0s, rate=0.36/s, ETA=1032s, rss=1004MB, last=4h_L1_trend_MA (native-tf, parts=1)
13:27:16 [INFO] [L6.5] native-tf path completed: group=4h_L1_trend_MAVP src_tf=4h primary_tf=1h native_rows=5086 primary_rows=20342 outputs=1
13:27:16 [INFO] [L6.5] native-tf path completed: group=4h_L1_trend_MIDPOINT src_tf=4h primary_tf=1h native_rows=5086 primary_rows=20342 outputs=1
13:27:16 [INFO] [L6.5] native-tf path completed: group=4h_L1_trend_T3 src_tf=4h primary_tf=1h native_rows=5086 primary_rows=20342 outputs=1
13:27:16 [INFO] [L6.5] native-tf path completed: group=4h_L1_trend_TEMA src_tf=4h primary_tf=1h native_rows=5086 primary_rows=20342 outputs=1
13:27:16 [INFO] [L6.5] native-tf path completed: group=4h_L1_trend_TRIMA src_tf=4h primary_tf=1h native_rows=5086 primary_rows=20342 outputs=1
13:27:16 [INFO] [L6.5] native-tf path completed: group=4h_L1_trend_WMA src_tf=4h primary_tf=1h native_rows=5086 primary_rows=20342 outputs=1
13:27:16 [INFO] [L6.5] native-tf path completed: group=4h_L1_trend_BBANDS-Lower src_tf=4h primary_tf=1h native_rows=5086 primary_rows=20342 outputs=1
13:27:17 [INFO] [L6.5] native-tf path completed: group=4h_L1_trend_BBANDS-Middle src_tf=4h primary_tf=1h native_rows=5086 primary_rows=20342 outputs=1
13:27:17 [INFO] [L6.5] native-tf path completed: group=4h_L1_trend_BBANDS-Upper src_tf=4h primary_tf=1h native_rows=5086 primary_rows=20342 outputs=1
13:27:17 [INFO] [L6.5] native-tf path completed: group=4h_L1_momentum_MACDFIX-Hist src_tf=4h primary_tf=1h native_rows=5086 primary_rows=20342 outputs=1
13:27:17 [INFO] [L6.5] native-tf path completed: group=4h_L1_momentum_MACDFIX-Line src_tf=4h primary_tf=1h native_rows=5086 primary_rows=20342 outputs=1
13:27:17 [INFO] [L6.5] native-tf path completed: group=4h_L1_momentum_MACDFIX-Signal src_tf=4h primary_tf=1h native_rows=5086 primary_rows=20342 outputs=1
13:27:17 [INFO] [L6.5] native-tf path completed: group=4h_L1_momentum_WILLR src_tf=4h primary_tf=1h native_rows=5086 primary_rows=20342 outputs=1
13:27:17 [INFO] [L6.5] native-tf path completed: group=4h_L1_momentum_CCI src_tf=4h primary_tf=1h native_rows=5086 primary_rows=20342 outputs=1
13:27:17 [INFO] [L6.5] native-tf path completed: group=4h_L6_meta src_tf=4h primary_tf=1h native_rows=5086 primary_rows=20342 outputs=1
13:27:17 [INFO] [L6.5] native-tf path completed: group=4h_L1_momentum_ADX src_tf=4h primary_tf=1h native_rows=5086 primary_rows=20342 outputs=1
13:27:17 [INFO] [L6.5] native-tf path completed: group=4h_L1_momentum_ADXR src_tf=4h primary_tf=1h native_rows=5086 primary_rows=20342 outputs=1
13:27:17 [INFO] [L6.5] native-tf path completed: group=4h_L1_momentum_AROON-aroondown src_tf=4h primary_tf=1h native_rows=5086 primary_rows=20342 outputs=1
13:27:18 [INFO] [L6.5] native-tf path completed: group=4h_L1_momentum_AROON-aroonup src_tf=4h primary_tf=1h native_rows=5086 primary_rows=20342 outputs=1
13:27:18 [INFO] [L6.5] native-tf path completed: group=4h_L1_momentum_AROONOSC src_tf=4h primary_tf=1h native_rows=5086 primary_rows=20342 outputs=1
13:27:18 [INFO] [L6.5] native-tf path completed: group=4h_L1_momentum_DX src_tf=4h primary_tf=1h native_rows=5086 primary_rows=20342 outputs=1
13:27:18 [INFO] [L6.5] native-tf path completed: group=4h_L1_momentum_MINUS-DI src_tf=4h primary_tf=1h native_rows=5086 primary_rows=20342 outputs=1
13:27:18 [INFO] [L6.5] native-tf path completed: group=4h_L1_momentum_MINUS-DM src_tf=4h primary_tf=1h native_rows=5086 primary_rows=20342 outputs=1
13:27:18 [INFO] [L6.5] native-tf path completed: group=4h_L1_momentum_PLUS-DI src_tf=4h primary_tf=1h native_rows=5086 primary_rows=20342 outputs=1
13:27:18 [INFO] [L6.5] raw-sink heartbeat: tasks 145/496 (29.2%), groups 131/482, elapsed=335.1s, rate=0.43/s, ETA=811s, rss=1004MB, last=4h_L1_momentum_PLUS-DI (native-tf, parts=1)
13:27:18 [INFO] [L6.5] native-tf path completed: group=4h_L1_momentum_PLUS-DM src_tf=4h primary_tf=1h native_rows=5086 primary_rows=20342 outputs=1
13:27:18 [INFO] [L6.5] native-tf path completed: group=4h_L1_trend_MIDPRICE src_tf=4h primary_tf=1h native_rows=5086 primary_rows=20342 outputs=1
13:27:20 [INFO] [L6.5] raw-sink heartbeat: tasks 169/496 (34.1%), groups 155/482, elapsed=337.3s, rate=0.50/s, ETA=653s, rss=1004MB, last=1h_L1_momentum_MACD-Hist_5-21-5 (full)
13:27:22 [INFO] [L6.5] raw-sink heartbeat: tasks 193/496 (38.9%), groups 179/482, elapsed=339.5s, rate=0.57/s, ETA=533s, rss=1004MB, last=1h_L1_momentum_MACD-Signal_34-89-13 (full)
13:27:25 [INFO] [L6.5] raw-sink heartbeat: tasks 217/496 (43.8%), groups 203/482, elapsed=341.7s, rate=0.63/s, ETA=439s, rss=1004MB, last=1h_L1_momentum_MACDEXT-Line_21-89-13 (full)
13:27:27 [INFO] [L6.5] raw-sink heartbeat: tasks 241/496 (48.6%), groups 227/482, elapsed=343.9s, rate=0.70/s, ETA=364s, rss=1004MB, last=1h_L1_momentum_PPO_13-55-0 (full)
13:27:29 [INFO] [L6.5] raw-sink heartbeat: tasks 265/496 (53.4%), groups 251/482, elapsed=346.1s, rate=0.77/s, ETA=302s, rss=1004MB, last=1h_L1_momentum_STOCHRSI-fastk_9-5-3-0 (full)
13:27:29 [INFO] [L6.5] native-tf path completed: group=4h_L1_momentum_MFI src_tf=4h primary_tf=1h native_rows=5086 primary_rows=20342 outputs=1
13:27:31 [INFO] [L6.5] raw-sink heartbeat: tasks 289/496 (58.3%), groups 275/482, elapsed=348.2s, rate=0.83/s, ETA=249s, rss=1004MB, last=1h_L1_momentum_STOCH-slowk_34-5-0-5-0 (full)
13:27:33 [INFO] [L6.5] raw-sink heartbeat: tasks 313/496 (63.1%), groups 299/482, elapsed=350.2s, rate=0.89/s, ETA=205s, rss=1004MB, last=1h_L1_momentum_ULTOSC_21-34-89 (full)
13:27:34 [INFO] [L6.5] native-tf path completed: group=4h_L1_momentum_APO_12-26-0 src_tf=4h primary_tf=1h native_rows=5086 primary_rows=20342 outputs=1
13:27:34 [INFO] [L6.5] native-tf path completed: group=4h_L1_momentum_APO_13-34-0 src_tf=4h primary_tf=1h native_rows=5086 primary_rows=20342 outputs=1
13:27:34 [INFO] [L6.5] native-tf path completed: group=4h_L1_momentum_APO_13-55-0 src_tf=4h primary_tf=1h native_rows=5086 primary_rows=20342 outputs=1
13:27:34 [INFO] [L6.5] native-tf path completed: group=4h_L1_momentum_APO_21-55-0 src_tf=4h primary_tf=1h native_rows=5086 primary_rows=20342 outputs=1
13:27:34 [INFO] [L6.5] native-tf path completed: group=4h_L1_momentum_APO_21-89-0 src_tf=4h primary_tf=1h native_rows=5086 primary_rows=20342 outputs=1
13:27:34 [INFO] [L6.5] native-tf path completed: group=4h_L1_momentum_APO_34-144-0 src_tf=4h primary_tf=1h native_rows=5086 primary_rows=20342 outputs=1
13:27:34 [INFO] [L6.5] native-tf path completed: group=4h_L1_momentum_APO_34-89-0 src_tf=4h primary_tf=1h native_rows=5086 primary_rows=20342 outputs=1
13:27:34 [INFO] [L6.5] native-tf path completed: group=4h_L1_momentum_APO_5-13-0 src_tf=4h primary_tf=1h native_rows=5086 primary_rows=20342 outputs=1
13:27:35 [INFO] [L6.5] native-tf path completed: group=4h_L1_momentum_APO_5-21-0 src_tf=4h primary_tf=1h native_rows=5086 primary_rows=20342 outputs=1
13:27:35 [INFO] [L6.5] native-tf path completed: group=4h_L1_momentum_APO_55-144-0 src_tf=4h primary_tf=1h native_rows=5086 primary_rows=20342 outputs=1
13:27:35 [INFO] [L6.5] native-tf path completed: group=4h_L1_momentum_APO_55-233-0 src_tf=4h primary_tf=1h native_rows=5086 primary_rows=20342 outputs=1
13:27:35 [INFO] [L6.5] native-tf path completed: group=4h_L1_momentum_APO_8-21-0 src_tf=4h primary_tf=1h native_rows=5086 primary_rows=20342 outputs=1
13:27:35 [INFO] [L6.5] native-tf path completed: group=4h_L1_momentum_APO_8-34-0 src_tf=4h primary_tf=1h native_rows=5086 primary_rows=20342 outputs=1
13:27:35 [INFO] [L6.5] native-tf path completed: group=4h_L1_momentum_MACD-Hist_12-26-9 src_tf=4h primary_tf=1h native_rows=5086 primary_rows=20342 outputs=1
13:27:35 [INFO] [L6.5] native-tf path completed: group=4h_L1_momentum_MACD-Hist_13-34-9 src_tf=4h primary_tf=1h native_rows=5086 primary_rows=20342 outputs=1
13:27:35 [INFO] [L6.5] raw-sink heartbeat: tasks 337/496 (67.9%), groups 323/482, elapsed=352.1s, rate=0.96/s, ETA=166s, rss=1004MB, last=4h_L1_momentum_MACD-Hist_13-34-9 (native-tf, parts=1)
13:27:35 [INFO] [L6.5] native-tf path completed: group=4h_L1_momentum_MACD-Hist_13-55-13 src_tf=4h primary_tf=1h native_rows=5086 primary_rows=20342 outputs=1
13:27:35 [INFO] [L6.5] native-tf path completed: group=4h_L1_momentum_MACD-Hist_21-55-9 src_tf=4h primary_tf=1h native_rows=5086 primary_rows=20342 outputs=1
13:27:35 [INFO] [L6.5] native-tf path completed: group=4h_L1_momentum_MACD-Hist_21-89-13 src_tf=4h primary_tf=1h native_rows=5086 primary_rows=20342 outputs=1
13:27:35 [INFO] [L6.5] native-tf path completed: group=4h_L1_momentum_MACD-Hist_34-144-21 src_tf=4h primary_tf=1h native_rows=5086 primary_rows=20342 outputs=1
13:27:35 [INFO] [L6.5] native-tf path completed: group=4h_L1_momentum_MACD-Hist_34-89-13 src_tf=4h primary_tf=1h native_rows=5086 primary_rows=20342 outputs=1
13:27:35 [INFO] [L6.5] native-tf path completed: group=4h_L1_momentum_MACD-Hist_5-13-3 src_tf=4h primary_tf=1h native_rows=5086 primary_rows=20342 outputs=1
13:27:36 [INFO] [L6.5] native-tf path completed: group=4h_L1_momentum_MACD-Hist_5-21-5 src_tf=4h primary_tf=1h native_rows=5086 primary_rows=20342 outputs=1
13:27:36 [INFO] [L6.5] native-tf path completed: group=4h_L1_momentum_MACD-Hist_55-144-21 src_tf=4h primary_tf=1h native_rows=5086 primary_rows=20342 outputs=1
13:27:36 [INFO] [L6.5] native-tf path completed: group=4h_L1_momentum_MACD-Hist_55-233-34 src_tf=4h primary_tf=1h native_rows=5086 primary_rows=20342 outputs=1
13:27:36 [INFO] [L6.5] native-tf path completed: group=4h_L1_momentum_MACD-Hist_8-21-5 src_tf=4h primary_tf=1h native_rows=5086 primary_rows=20342 outputs=1
13:27:36 [INFO] [L6.5] native-tf path completed: group=4h_L1_momentum_MACD-Hist_8-34-9 src_tf=4h primary_tf=1h native_rows=5086 primary_rows=20342 outputs=1
13:27:36 [INFO] [L6.5] native-tf path completed: group=4h_L1_momentum_MACD-Line_12-26-9 src_tf=4h primary_tf=1h native_rows=5086 primary_rows=20342 outputs=1
13:27:36 [INFO] [L6.5] native-tf path completed: group=4h_L1_momentum_MACD-Line_13-34-9 src_tf=4h primary_tf=1h native_rows=5086 primary_rows=20342 outputs=1
13:27:36 [INFO] [L6.5] native-tf path completed: group=4h_L1_momentum_MACD-Line_13-55-13 src_tf=4h primary_tf=1h native_rows=5086 primary_rows=20342 outputs=1
13:27:36 [INFO] [L6.5] native-tf path completed: group=4h_L1_momentum_MACD-Line_21-55-9 src_tf=4h primary_tf=1h native_rows=5086 primary_rows=20342 outputs=1
13:27:36 [INFO] [L6.5] native-tf path completed: group=4h_L1_momentum_MACD-Line_21-89-13 src_tf=4h primary_tf=1h native_rows=5086 primary_rows=20342 outputs=1
13:27:36 [INFO] [L6.5] native-tf path completed: group=4h_L1_momentum_MACD-Line_34-144-21 src_tf=4h primary_tf=1h native_rows=5086 primary_rows=20342 outputs=1
13:27:36 [INFO] [L6.5] native-tf path completed: group=4h_L1_momentum_MACD-Line_34-89-13 src_tf=4h primary_tf=1h native_rows=5086 primary_rows=20342 outputs=1
13:27:37 [INFO] [L6.5] native-tf path completed: group=4h_L1_momentum_MACD-Line_5-13-3 src_tf=4h primary_tf=1h native_rows=5086 primary_rows=20342 outputs=1
13:27:37 [INFO] [L6.5] native-tf path completed: group=4h_L1_momentum_MACD-Line_5-21-5 src_tf=4h primary_tf=1h native_rows=5086 primary_rows=20342 outputs=1
13:27:37 [INFO] [L6.5] native-tf path completed: group=4h_L1_momentum_MACD-Line_55-144-21 src_tf=4h primary_tf=1h native_rows=5086 primary_rows=20342 outputs=1
13:27:37 [INFO] [L6.5] native-tf path completed: group=4h_L1_momentum_MACD-Line_55-233-34 src_tf=4h primary_tf=1h native_rows=5086 primary_rows=20342 outputs=1
13:27:37 [INFO] [L6.5] native-tf path completed: group=4h_L1_momentum_MACD-Line_8-21-5 src_tf=4h primary_tf=1h native_rows=5086 primary_rows=20342 outputs=1
13:27:37 [INFO] [L6.5] native-tf path completed: group=4h_L1_momentum_MACD-Line_8-34-9 src_tf=4h primary_tf=1h native_rows=5086 primary_rows=20342 outputs=1
13:27:37 [INFO] [L6.5] raw-sink heartbeat: tasks 361/496 (72.8%), groups 347/482, elapsed=354.1s, rate=1.02/s, ETA=132s, rss=1004MB, last=4h_L1_momentum_MACD-Line_8-34-9 (native-tf, parts=1)
13:27:37 [INFO] [L6.5] native-tf path completed: group=4h_L1_momentum_MACD-Signal_12-26-9 src_tf=4h primary_tf=1h native_rows=5086 primary_rows=20342 outputs=1
13:27:37 [INFO] [L6.5] native-tf path completed: group=4h_L1_momentum_MACD-Signal_13-34-9 src_tf=4h primary_tf=1h native_rows=5086 primary_rows=20342 outputs=1
13:27:37 [INFO] [L6.5] native-tf path completed: group=4h_L1_momentum_MACD-Signal_13-55-13 src_tf=4h primary_tf=1h native_rows=5086 primary_rows=20342 outputs=1
13:27:37 [INFO] [L6.5] native-tf path completed: group=4h_L1_momentum_MACD-Signal_21-55-9 src_tf=4h primary_tf=1h native_rows=5086 primary_rows=20342 outputs=1
13:27:37 [INFO] [L6.5] native-tf path completed: group=4h_L1_momentum_MACD-Signal_21-89-13 src_tf=4h primary_tf=1h native_rows=5086 primary_rows=20342 outputs=1
13:27:37 [INFO] [L6.5] native-tf path completed: group=4h_L1_momentum_MACD-Signal_34-144-21 src_tf=4h primary_tf=1h native_rows=5086 primary_rows=20342 outputs=1
13:27:37 [INFO] [L6.5] native-tf path completed: group=4h_L1_momentum_MACD-Signal_34-89-13 src_tf=4h primary_tf=1h native_rows=5086 primary_rows=20342 outputs=1
13:27:38 [INFO] [L6.5] native-tf path completed: group=4h_L1_momentum_MACD-Signal_5-13-3 src_tf=4h primary_tf=1h native_rows=5086 primary_rows=20342 outputs=1
13:27:38 [INFO] [L6.5] native-tf path completed: group=4h_L1_momentum_MACD-Signal_5-21-5 src_tf=4h primary_tf=1h native_rows=5086 primary_rows=20342 outputs=1
13:27:38 [INFO] [L6.5] native-tf path completed: group=4h_L1_momentum_MACD-Signal_55-144-21 src_tf=4h primary_tf=1h native_rows=5086 primary_rows=20342 outputs=1
13:27:38 [INFO] [L6.5] native-tf path completed: group=4h_L1_momentum_MACD-Signal_55-233-34 src_tf=4h primary_tf=1h native_rows=5086 primary_rows=20342 outputs=1
13:27:38 [INFO] [L6.5] native-tf path completed: group=4h_L1_momentum_MACD-Signal_8-21-5 src_tf=4h primary_tf=1h native_rows=5086 primary_rows=20342 outputs=1
13:27:38 [INFO] [L6.5] native-tf path completed: group=4h_L1_momentum_MACD-Signal_8-34-9 src_tf=4h primary_tf=1h native_rows=5086 primary_rows=20342 outputs=1
13:27:38 [INFO] [L6.5] native-tf path completed: group=4h_L1_momentum_MACDEXT-Hist_12-26-9 src_tf=4h primary_tf=1h native_rows=5086 primary_rows=20342 outputs=1
13:27:38 [INFO] [L6.5] native-tf path completed: group=4h_L1_momentum_MACDEXT-Hist_13-34-9 src_tf=4h primary_tf=1h native_rows=5086 primary_rows=20342 outputs=1
13:27:38 [INFO] [L6.5] native-tf path completed: group=4h_L1_momentum_MACDEXT-Hist_13-55-13 src_tf=4h primary_tf=1h native_rows=5086 primary_rows=20342 outputs=1
13:27:38 [INFO] [L6.5] native-tf path completed: group=4h_L1_momentum_MACDEXT-Hist_21-55-9 src_tf=4h primary_tf=1h native_rows=5086 primary_rows=20342 outputs=1
13:27:38 [INFO] [L6.5] native-tf path completed: group=4h_L1_momentum_MACDEXT-Hist_21-89-13 src_tf=4h primary_tf=1h native_rows=5086 primary_rows=20342 outputs=1
13:27:38 [INFO] [L6.5] native-tf path completed: group=4h_L1_momentum_MACDEXT-Hist_34-144-21 src_tf=4h primary_tf=1h native_rows=5086 primary_rows=20342 outputs=1
13:27:39 [INFO] [L6.5] native-tf path completed: group=4h_L1_momentum_MACDEXT-Hist_34-89-13 src_tf=4h primary_tf=1h native_rows=5086 primary_rows=20342 outputs=1
13:27:39 [INFO] [L6.5] native-tf path completed: group=4h_L1_momentum_MACDEXT-Hist_5-13-3 src_tf=4h primary_tf=1h native_rows=5086 primary_rows=20342 outputs=1
13:27:39 [INFO] [L6.5] native-tf path completed: group=4h_L1_momentum_MACDEXT-Hist_5-21-5 src_tf=4h primary_tf=1h native_rows=5086 primary_rows=20342 outputs=1
13:27:39 [INFO] [L6.5] native-tf path completed: group=4h_L1_momentum_MACDEXT-Hist_55-144-21 src_tf=4h primary_tf=1h native_rows=5086 primary_rows=20342 outputs=1
13:27:39 [INFO] [L6.5] native-tf path completed: group=4h_L1_momentum_MACDEXT-Hist_55-233-34 src_tf=4h primary_tf=1h native_rows=5086 primary_rows=20342 outputs=1
13:27:39 [INFO] [L6.5] raw-sink heartbeat: tasks 385/496 (77.6%), groups 371/482, elapsed=356.0s, rate=1.08/s, ETA=103s, rss=1004MB, last=4h_L1_momentum_MACDEXT-Hist_55-233-34 (native-tf, parts=1)
13:27:39 [INFO] [L6.5] native-tf path completed: group=4h_L1_momentum_MACDEXT-Hist_8-21-5 src_tf=4h primary_tf=1h native_rows=5086 primary_rows=20342 outputs=1
13:27:39 [INFO] [L6.5] native-tf path completed: group=4h_L1_momentum_MACDEXT-Hist_8-34-9 src_tf=4h primary_tf=1h native_rows=5086 primary_rows=20342 outputs=1
13:27:39 [INFO] [L6.5] native-tf path completed: group=4h_L1_momentum_MACDEXT-Line_12-26-9 src_tf=4h primary_tf=1h native_rows=5086 primary_rows=20342 outputs=1
13:27:39 [INFO] [L6.5] native-tf path completed: group=4h_L1_momentum_MACDEXT-Line_13-34-9 src_tf=4h primary_tf=1h native_rows=5086 primary_rows=20342 outputs=1
13:27:39 [INFO] [L6.5] native-tf path completed: group=4h_L1_momentum_MACDEXT-Line_13-55-13 src_tf=4h primary_tf=1h native_rows=5086 primary_rows=20342 outputs=1
13:27:39 [INFO] [L6.5] native-tf path completed: group=4h_L1_momentum_MACDEXT-Line_21-55-9 src_tf=4h primary_tf=1h native_rows=5086 primary_rows=20342 outputs=1
13:27:39 [INFO] [L6.5] native-tf path completed: group=4h_L1_momentum_MACDEXT-Line_21-89-13 src_tf=4h primary_tf=1h native_rows=5086 primary_rows=20342 outputs=1
13:27:40 [INFO] [L6.5] native-tf path completed: group=4h_L1_momentum_MACDEXT-Line_34-144-21 src_tf=4h primary_tf=1h native_rows=5086 primary_rows=20342 outputs=1
13:27:40 [INFO] [L6.5] native-tf path completed: group=4h_L1_momentum_MACDEXT-Line_34-89-13 src_tf=4h primary_tf=1h native_rows=5086 primary_rows=20342 outputs=1
13:27:40 [INFO] [L6.5] native-tf path completed: group=4h_L1_momentum_MACDEXT-Line_5-13-3 src_tf=4h primary_tf=1h native_rows=5086 primary_rows=20342 outputs=1
13:27:40 [INFO] [L6.5] native-tf path completed: group=4h_L1_momentum_MACDEXT-Line_5-21-5 src_tf=4h primary_tf=1h native_rows=5086 primary_rows=20342 outputs=1
13:27:40 [INFO] [L6.5] native-tf path completed: group=4h_L1_momentum_MACDEXT-Line_55-144-21 src_tf=4h primary_tf=1h native_rows=5086 primary_rows=20342 outputs=1
13:27:40 [INFO] [L6.5] native-tf path completed: group=4h_L1_momentum_MACDEXT-Line_55-233-34 src_tf=4h primary_tf=1h native_rows=5086 primary_rows=20342 outputs=1
13:27:40 [INFO] [L6.5] native-tf path completed: group=4h_L1_momentum_MACDEXT-Line_8-21-5 src_tf=4h primary_tf=1h native_rows=5086 primary_rows=20342 outputs=1
13:27:40 [INFO] [L6.5] native-tf path completed: group=4h_L1_momentum_MACDEXT-Line_8-34-9 src_tf=4h primary_tf=1h native_rows=5086 primary_rows=20342 outputs=1
13:27:40 [INFO] [L6.5] native-tf path completed: group=4h_L1_momentum_MACDEXT-Signal_12-26-9 src_tf=4h primary_tf=1h native_rows=5086 primary_rows=20342 outputs=1
13:27:40 [INFO] [L6.5] native-tf path completed: group=4h_L1_momentum_MACDEXT-Signal_13-34-9 src_tf=4h primary_tf=1h native_rows=5086 primary_rows=20342 outputs=1
13:27:40 [INFO] [L6.5] native-tf path completed: group=4h_L1_momentum_MACDEXT-Signal_13-55-13 src_tf=4h primary_tf=1h native_rows=5086 primary_rows=20342 outputs=1
13:27:40 [INFO] [L6.5] native-tf path completed: group=4h_L1_momentum_MACDEXT-Signal_21-55-9 src_tf=4h primary_tf=1h native_rows=5086 primary_rows=20342 outputs=1
13:27:40 [INFO] [L6.5] native-tf path completed: group=4h_L1_momentum_MACDEXT-Signal_21-89-13 src_tf=4h primary_tf=1h native_rows=5086 primary_rows=20342 outputs=1
13:27:41 [INFO] [L6.5] native-tf path completed: group=4h_L1_momentum_MACDEXT-Signal_34-144-21 src_tf=4h primary_tf=1h native_rows=5086 primary_rows=20342 outputs=1
13:27:41 [INFO] [L6.5] native-tf path completed: group=4h_L1_momentum_MACDEXT-Signal_34-89-13 src_tf=4h primary_tf=1h native_rows=5086 primary_rows=20342 outputs=1
13:27:41 [INFO] [L6.5] native-tf path completed: group=4h_L1_momentum_MACDEXT-Signal_5-13-3 src_tf=4h primary_tf=1h native_rows=5086 primary_rows=20342 outputs=1
13:27:41 [INFO] [L6.5] native-tf path completed: group=4h_L1_momentum_MACDEXT-Signal_5-21-5 src_tf=4h primary_tf=1h native_rows=5086 primary_rows=20342 outputs=1
13:27:41 [INFO] [L6.5] raw-sink heartbeat: tasks 409/496 (82.5%), groups 395/482, elapsed=357.9s, rate=1.14/s, ETA=76s, rss=1004MB, last=4h_L1_momentum_MACDEXT-Signal_5-21-5 (native-tf, parts=1)
13:27:41 [INFO] [L6.5] native-tf path completed: group=4h_L1_momentum_MACDEXT-Signal_55-144-21 src_tf=4h primary_tf=1h native_rows=5086 primary_rows=20342 outputs=1
13:27:41 [INFO] [L6.5] native-tf path completed: group=4h_L1_momentum_MACDEXT-Signal_55-233-34 src_tf=4h primary_tf=1h native_rows=5086 primary_rows=20342 outputs=1
13:27:41 [INFO] [L6.5] native-tf path completed: group=4h_L1_momentum_MACDEXT-Signal_8-21-5 src_tf=4h primary_tf=1h native_rows=5086 primary_rows=20342 outputs=1
13:27:41 [INFO] [L6.5] native-tf path completed: group=4h_L1_momentum_MACDEXT-Signal_8-34-9 src_tf=4h primary_tf=1h native_rows=5086 primary_rows=20342 outputs=1
13:27:41 [INFO] [L6.5] native-tf path completed: group=4h_L1_momentum_PPO_12-26-0 src_tf=4h primary_tf=1h native_rows=5086 primary_rows=20342 outputs=1
13:27:41 [INFO] [L6.5] native-tf path completed: group=4h_L1_momentum_PPO_13-34-0 src_tf=4h primary_tf=1h native_rows=5086 primary_rows=20342 outputs=1
13:27:41 [INFO] [L6.5] native-tf path completed: group=4h_L1_momentum_PPO_13-55-0 src_tf=4h primary_tf=1h native_rows=5086 primary_rows=20342 outputs=1
13:27:41 [INFO] [L6.5] native-tf path completed: group=4h_L1_momentum_PPO_21-55-0 src_tf=4h primary_tf=1h native_rows=5086 primary_rows=20342 outputs=1
13:27:42 [INFO] [L6.5] native-tf path completed: group=4h_L1_momentum_PPO_21-89-0 src_tf=4h primary_tf=1h native_rows=5086 primary_rows=20342 outputs=1
13:27:42 [INFO] [L6.5] native-tf path completed: group=4h_L1_momentum_PPO_34-144-0 src_tf=4h primary_tf=1h native_rows=5086 primary_rows=20342 outputs=1
13:27:42 [INFO] [L6.5] native-tf path completed: group=4h_L1_momentum_PPO_34-89-0 src_tf=4h primary_tf=1h native_rows=5086 primary_rows=20342 outputs=1
13:27:42 [INFO] [L6.5] native-tf path completed: group=4h_L1_momentum_PPO_5-13-0 src_tf=4h primary_tf=1h native_rows=5086 primary_rows=20342 outputs=1
13:27:42 [INFO] [L6.5] native-tf path completed: group=4h_L1_momentum_PPO_5-21-0 src_tf=4h primary_tf=1h native_rows=5086 primary_rows=20342 outputs=1
13:27:42 [INFO] [L6.5] native-tf path completed: group=4h_L1_momentum_PPO_55-144-0 src_tf=4h primary_tf=1h native_rows=5086 primary_rows=20342 outputs=1
13:27:42 [INFO] [L6.5] native-tf path completed: group=4h_L1_momentum_PPO_55-233-0 src_tf=4h primary_tf=1h native_rows=5086 primary_rows=20342 outputs=1
13:27:42 [INFO] [L6.5] native-tf path completed: group=4h_L1_momentum_PPO_8-21-0 src_tf=4h primary_tf=1h native_rows=5086 primary_rows=20342 outputs=1
13:27:42 [INFO] [L6.5] native-tf path completed: group=4h_L1_momentum_PPO_8-34-0 src_tf=4h primary_tf=1h native_rows=5086 primary_rows=20342 outputs=1
13:27:42 [INFO] [L6.5] native-tf path completed: group=4h_L1_momentum_STOCHRSI-fastd_14-3-3-0 src_tf=4h primary_tf=1h native_rows=5086 primary_rows=20342 outputs=1
13:27:42 [INFO] [L6.5] native-tf path completed: group=4h_L1_momentum_STOCHRSI-fastd_14-5-3-0 src_tf=4h primary_tf=1h native_rows=5086 primary_rows=20342 outputs=1
13:27:42 [INFO] [L6.5] native-tf path completed: group=4h_L1_momentum_STOCHRSI-fastd_21-5-3-0 src_tf=4h primary_tf=1h native_rows=5086 primary_rows=20342 outputs=1
13:27:42 [INFO] [L6.5] native-tf path completed: group=4h_L1_momentum_STOCHRSI-fastd_21-8-5-0 src_tf=4h primary_tf=1h native_rows=5086 primary_rows=20342 outputs=1
13:27:43 [INFO] [L6.5] native-tf path completed: group=4h_L1_momentum_STOCHRSI-fastd_34-8-5-0 src_tf=4h primary_tf=1h native_rows=5086 primary_rows=20342 outputs=1
13:27:43 [INFO] [L6.5] native-tf path completed: group=4h_L1_momentum_STOCHRSI-fastd_55-8-5-0 src_tf=4h primary_tf=1h native_rows=5086 primary_rows=20342 outputs=1
13:27:43 [INFO] [L6.5] native-tf path completed: group=4h_L1_momentum_STOCHRSI-fastd_9-5-3-0 src_tf=4h primary_tf=1h native_rows=5086 primary_rows=20342 outputs=1
13:27:43 [INFO] [L6.5] raw-sink heartbeat: tasks 433/496 (87.3%), groups 419/482, elapsed=359.9s, rate=1.20/s, ETA=52s, rss=1004MB, last=4h_L1_momentum_STOCHRSI-fastd_9-5-3-0 (native-tf, parts=1)
13:27:43 [INFO] [L6.5] native-tf path completed: group=4h_L1_momentum_STOCHRSI-fastk_14-3-3-0 src_tf=4h primary_tf=1h native_rows=5086 primary_rows=20342 outputs=1
13:27:43 [INFO] [L6.5] native-tf path completed: group=4h_L1_momentum_STOCHRSI-fastk_14-5-3-0 src_tf=4h primary_tf=1h native_rows=5086 primary_rows=20342 outputs=1
13:27:43 [INFO] [L6.5] native-tf path completed: group=4h_L1_momentum_STOCHRSI-fastk_21-5-3-0 src_tf=4h primary_tf=1h native_rows=5086 primary_rows=20342 outputs=1
13:27:43 [INFO] [L6.5] native-tf path completed: group=4h_L1_momentum_STOCHRSI-fastk_21-8-5-0 src_tf=4h primary_tf=1h native_rows=5086 primary_rows=20342 outputs=1
13:27:43 [INFO] [L6.5] native-tf path completed: group=4h_L1_momentum_STOCHRSI-fastk_34-8-5-0 src_tf=4h primary_tf=1h native_rows=5086 primary_rows=20342 outputs=1
13:27:43 [INFO] [L6.5] native-tf path completed: group=4h_L1_momentum_STOCHRSI-fastk_55-8-5-0 src_tf=4h primary_tf=1h native_rows=5086 primary_rows=20342 outputs=1
13:27:43 [INFO] [L6.5] native-tf path completed: group=4h_L1_momentum_STOCHRSI-fastk_9-5-3-0 src_tf=4h primary_tf=1h native_rows=5086 primary_rows=20342 outputs=1
13:27:43 [INFO] [L6.5] native-tf path completed: group=4h_L1_trend_HT-TRENDLINE src_tf=4h primary_tf=1h native_rows=5086 primary_rows=20342 outputs=1
13:27:43 [INFO] [L6.5] native-tf path completed: group=4h_L1_trend_MAMA-FAMA_0.5-0.05 src_tf=4h primary_tf=1h native_rows=5086 primary_rows=20342 outputs=1
13:27:44 [INFO] [L6.5] native-tf path completed: group=4h_L1_trend_MAMA_0.5-0.05 src_tf=4h primary_tf=1h native_rows=5086 primary_rows=20342 outputs=1
13:27:44 [INFO] [L6.5] native-tf path completed: group=4h_L1_momentum_BOP src_tf=4h primary_tf=1h native_rows=5086 primary_rows=20342 outputs=1
13:27:44 [INFO] [L6.5] native-tf path completed: group=4h_L1_momentum_STOCH-slowd_13-3-0-3-0 src_tf=4h primary_tf=1h native_rows=5086 primary_rows=20342 outputs=1
13:27:44 [INFO] [L6.5] native-tf path completed: group=4h_L1_momentum_STOCH-slowd_13-5-0-3-0 src_tf=4h primary_tf=1h native_rows=5086 primary_rows=20342 outputs=1
13:27:44 [INFO] [L6.5] native-tf path completed: group=4h_L1_momentum_STOCH-slowd_21-3-0-3-0 src_tf=4h primary_tf=1h native_rows=5086 primary_rows=20342 outputs=1
13:27:44 [INFO] [L6.5] native-tf path completed: group=4h_L1_momentum_STOCH-slowd_21-5-0-3-0 src_tf=4h primary_tf=1h native_rows=5086 primary_rows=20342 outputs=1
13:27:44 [INFO] [L6.5] native-tf path completed: group=4h_L1_momentum_STOCH-slowd_21-5-0-5-0 src_tf=4h primary_tf=1h native_rows=5086 primary_rows=20342 outputs=1
13:27:44 [INFO] [L6.5] native-tf path completed: group=4h_L1_momentum_STOCH-slowd_34-5-0-3-0 src_tf=4h primary_tf=1h native_rows=5086 primary_rows=20342 outputs=1
13:27:44 [INFO] [L6.5] native-tf path completed: group=4h_L1_momentum_STOCH-slowd_34-5-0-5-0 src_tf=4h primary_tf=1h native_rows=5086 primary_rows=20342 outputs=1
13:27:44 [INFO] [L6.5] native-tf path completed: group=4h_L1_momentum_STOCH-slowd_5-3-0-3-0 src_tf=4h primary_tf=1h native_rows=5086 primary_rows=20342 outputs=1
13:27:44 [INFO] [L6.5] native-tf path completed: group=4h_L1_momentum_STOCH-slowd_55-5-0-5-0 src_tf=4h primary_tf=1h native_rows=5086 primary_rows=20342 outputs=1
13:27:44 [INFO] [L6.5] native-tf path completed: group=4h_L1_momentum_STOCH-slowd_55-8-0-5-0 src_tf=4h primary_tf=1h native_rows=5086 primary_rows=20342 outputs=1
13:27:44 [INFO] [L6.5] native-tf path completed: group=4h_L1_momentum_STOCH-slowd_8-3-0-3-0 src_tf=4h primary_tf=1h native_rows=5086 primary_rows=20342 outputs=1
13:27:45 [INFO] [L6.5] native-tf path completed: group=4h_L1_momentum_STOCH-slowd_89-8-0-5-0 src_tf=4h primary_tf=1h native_rows=5086 primary_rows=20342 outputs=1
13:27:45 [INFO] [L6.5] native-tf path completed: group=4h_L1_momentum_STOCH-slowk_13-3-0-3-0 src_tf=4h primary_tf=1h native_rows=5086 primary_rows=20342 outputs=1
13:27:45 [INFO] [L6.5] raw-sink heartbeat: tasks 457/496 (92.1%), groups 443/482, elapsed=361.8s, rate=1.26/s, ETA=31s, rss=1004MB, last=4h_L1_momentum_STOCH-slowk_13-3-0-3-0 (native-tf, parts=1)
13:27:45 [INFO] [L6.5] native-tf path completed: group=4h_L1_momentum_STOCH-slowk_13-5-0-3-0 src_tf=4h primary_tf=1h native_rows=5086 primary_rows=20342 outputs=1
13:27:45 [INFO] [L6.5] native-tf path completed: group=4h_L1_momentum_STOCH-slowk_21-3-0-3-0 src_tf=4h primary_tf=1h native_rows=5086 primary_rows=20342 outputs=1
13:27:45 [INFO] [L6.5] native-tf path completed: group=4h_L1_momentum_STOCH-slowk_21-5-0-3-0 src_tf=4h primary_tf=1h native_rows=5086 primary_rows=20342 outputs=1
13:27:45 [INFO] [L6.5] native-tf path completed: group=4h_L1_momentum_STOCH-slowk_21-5-0-5-0 src_tf=4h primary_tf=1h native_rows=5086 primary_rows=20342 outputs=1
13:27:45 [INFO] [L6.5] native-tf path completed: group=4h_L1_momentum_STOCH-slowk_34-5-0-3-0 src_tf=4h primary_tf=1h native_rows=5086 primary_rows=20342 outputs=1
13:27:45 [INFO] [L6.5] native-tf path completed: group=4h_L1_momentum_STOCH-slowk_34-5-0-5-0 src_tf=4h primary_tf=1h native_rows=5086 primary_rows=20342 outputs=1
13:27:45 [INFO] [L6.5] native-tf path completed: group=4h_L1_momentum_STOCH-slowk_5-3-0-3-0 src_tf=4h primary_tf=1h native_rows=5086 primary_rows=20342 outputs=1
13:27:45 [INFO] [L6.5] native-tf path completed: group=4h_L1_momentum_STOCH-slowk_55-5-0-5-0 src_tf=4h primary_tf=1h native_rows=5086 primary_rows=20342 outputs=1
13:27:45 [INFO] [L6.5] native-tf path completed: group=4h_L1_momentum_STOCH-slowk_55-8-0-5-0 src_tf=4h primary_tf=1h native_rows=5086 primary_rows=20342 outputs=1
13:27:45 [INFO] [L6.5] native-tf path completed: group=4h_L1_momentum_STOCH-slowk_8-3-0-3-0 src_tf=4h primary_tf=1h native_rows=5086 primary_rows=20342 outputs=1
13:27:45 [INFO] [L6.5] native-tf path completed: group=4h_L1_momentum_STOCH-slowk_89-8-0-5-0 src_tf=4h primary_tf=1h native_rows=5086 primary_rows=20342 outputs=1
13:27:46 [INFO] [L6.5] native-tf path completed: group=4h_L1_momentum_STOCHF-fastd_13-3-0 src_tf=4h primary_tf=1h native_rows=5086 primary_rows=20342 outputs=1
13:27:46 [INFO] [L6.5] native-tf path completed: group=4h_L1_momentum_STOCHF-fastd_21-3-0 src_tf=4h primary_tf=1h native_rows=5086 primary_rows=20342 outputs=1
13:27:46 [INFO] [L6.5] native-tf path completed: group=4h_L1_momentum_STOCHF-fastd_21-5-0 src_tf=4h primary_tf=1h native_rows=5086 primary_rows=20342 outputs=1
13:27:46 [INFO] [L6.5] native-tf path completed: group=4h_L1_momentum_STOCHF-fastd_34-5-0 src_tf=4h primary_tf=1h native_rows=5086 primary_rows=20342 outputs=1
13:27:46 [INFO] [L6.5] native-tf path completed: group=4h_L1_momentum_STOCHF-fastd_5-3-0 src_tf=4h primary_tf=1h native_rows=5086 primary_rows=20342 outputs=1
13:27:46 [INFO] [L6.5] native-tf path completed: group=4h_L1_momentum_STOCHF-fastd_55-5-0 src_tf=4h primary_tf=1h native_rows=5086 primary_rows=20342 outputs=1
13:27:46 [INFO] [L6.5] native-tf path completed: group=4h_L1_momentum_STOCHF-fastd_8-3-0 src_tf=4h primary_tf=1h native_rows=5086 primary_rows=20342 outputs=1
13:27:46 [INFO] [L6.5] native-tf path completed: group=4h_L1_momentum_STOCHF-fastd_89-8-0 src_tf=4h primary_tf=1h native_rows=5086 primary_rows=20342 outputs=1
13:27:46 [INFO] [L6.5] native-tf path completed: group=4h_L1_momentum_STOCHF-fastk_13-3-0 src_tf=4h primary_tf=1h native_rows=5086 primary_rows=20342 outputs=1
13:27:46 [INFO] [L6.5] native-tf path completed: group=4h_L1_momentum_STOCHF-fastk_21-3-0 src_tf=4h primary_tf=1h native_rows=5086 primary_rows=20342 outputs=1
13:27:46 [INFO] [L6.5] native-tf path completed: group=4h_L1_momentum_STOCHF-fastk_21-5-0 src_tf=4h primary_tf=1h native_rows=5086 primary_rows=20342 outputs=1
13:27:46 [INFO] [L6.5] native-tf path completed: group=4h_L1_momentum_STOCHF-fastk_34-5-0 src_tf=4h primary_tf=1h native_rows=5086 primary_rows=20342 outputs=1
13:27:46 [INFO] [L6.5] native-tf path completed: group=4h_L1_momentum_STOCHF-fastk_5-3-0 src_tf=4h primary_tf=1h native_rows=5086 primary_rows=20342 outputs=1
13:27:46 [INFO] [L6.5] raw-sink heartbeat: tasks 481/496 (97.0%), groups 467/482, elapsed=363.6s, rate=1.32/s, ETA=11s, rss=1004MB, last=4h_L1_momentum_STOCHF-fastk_5-3-0 (native-tf, parts=1)
13:27:47 [INFO] [L6.5] native-tf path completed: group=4h_L1_momentum_STOCHF-fastk_55-5-0 src_tf=4h primary_tf=1h native_rows=5086 primary_rows=20342 outputs=1
13:27:47 [INFO] [L6.5] native-tf path completed: group=4h_L1_momentum_STOCHF-fastk_8-3-0 src_tf=4h primary_tf=1h native_rows=5086 primary_rows=20342 outputs=1
13:27:47 [INFO] [L6.5] native-tf path completed: group=4h_L1_momentum_STOCHF-fastk_89-8-0 src_tf=4h primary_tf=1h native_rows=5086 primary_rows=20342 outputs=1
13:27:47 [INFO] [L6.5] native-tf path completed: group=4h_L1_momentum_ULTOSC_13-21-55 src_tf=4h primary_tf=1h native_rows=5086 primary_rows=20342 outputs=1
13:27:47 [INFO] [L6.5] native-tf path completed: group=4h_L1_momentum_ULTOSC_13-34-89 src_tf=4h primary_tf=1h native_rows=5086 primary_rows=20342 outputs=1
13:27:47 [INFO] [L6.5] native-tf path completed: group=4h_L1_momentum_ULTOSC_21-34-89 src_tf=4h primary_tf=1h native_rows=5086 primary_rows=20342 outputs=1
13:27:47 [INFO] [L6.5] native-tf path completed: group=4h_L1_momentum_ULTOSC_21-55-144 src_tf=4h primary_tf=1h native_rows=5086 primary_rows=20342 outputs=1
13:27:47 [INFO] [L6.5] native-tf path completed: group=4h_L1_momentum_ULTOSC_34-55-144 src_tf=4h primary_tf=1h native_rows=5086 primary_rows=20342 outputs=1
13:27:47 [INFO] [L6.5] native-tf path completed: group=4h_L1_momentum_ULTOSC_34-89-233 src_tf=4h primary_tf=1h native_rows=5086 primary_rows=20342 outputs=1
13:27:47 [INFO] [L6.5] native-tf path completed: group=4h_L1_momentum_ULTOSC_5-10-20 src_tf=4h primary_tf=1h native_rows=5086 primary_rows=20342 outputs=1
13:27:47 [INFO] [L6.5] native-tf path completed: group=4h_L1_momentum_ULTOSC_5-13-26 src_tf=4h primary_tf=1h native_rows=5086 primary_rows=20342 outputs=1
13:27:47 [INFO] [L6.5] native-tf path completed: group=4h_L1_momentum_ULTOSC_7-14-28 src_tf=4h primary_tf=1h native_rows=5086 primary_rows=20342 outputs=1
13:27:48 [INFO] [L6.5] native-tf path completed: group=4h_L1_momentum_ULTOSC_8-21-55 src_tf=4h primary_tf=1h native_rows=5086 primary_rows=20342 outputs=1
13:27:48 [INFO] [L6.5] native-tf path completed: group=4h_L1_trend_SAREXT_0-0-0.02-0.02-0.2-0.02-0.02-0.2 src_tf=4h primary_tf=1h native_rows=5086 primary_rows=20342 outputs=1
13:27:48 [INFO] [L6.5] native-tf path completed: group=4h_L1_trend_SAR_0.02-0.2 src_tf=4h primary_tf=1h native_rows=5086 primary_rows=20342 outputs=1
13:27:48 [INFO] [L6.5] raw-sink heartbeat: tasks 496/496 (100.0%), groups 482/482, elapsed=364.8s, rate=1.36/s, ETA=0s, rss=1004MB, last=4h_L1_trend_SAR_0.02-0.2 (native-tf, parts=1)
13:27:48 [INFO] [L6.5] raw-sink complete: 482/482 groups in 364.89s rss=1004MB
13:27:48 [INFO] [Layer B Sanitize][CGSA] nulled 4564613 non-finite/over-cap values (finite_cap=1e+18) across all streamed features
13:27:49 [INFO] [L7_raw] registry stream persist done: symbol=BTCUSDT tf=1h groups=490 features=75416 npy_freed=3.57 GiB dtype=mixed
13:27:49 [INFO] Loaded feature registry with 1 entries
13:27:49 [INFO] [multi_tf:complete] 100% - [CGSA] MultiTF generation completed (513.35s)
PASSED                                                                   [ 50%]
tests/feature_engineering/test_ff_multitf_truncation_small_mr.py::test_small_mutation_causal_winsor_full_fit_fails 
-------------------------------- live log call ---------------------------------
13:28:18 [INFO] KlineStorageManager initialized: data_cache/feature_klines/kline_cache.h5
13:28:18 [INFO] Registered adapter: crypto_spot
13:28:18 [WARNING] STOCH combo [5, 3, 3] is missing 2 parameter(s); using defaults slowk=3 slowd=3 slowk_matype=0 slowd_matype=0
13:28:18 [WARNING] STOCH combo [8, 3, 3] is missing 2 parameter(s); using defaults slowk=3 slowd=3 slowk_matype=0 slowd_matype=0
13:28:18 [WARNING] STOCH combo [13, 3, 3] is missing 2 parameter(s); using defaults slowk=3 slowd=3 slowk_matype=0 slowd_matype=0
13:28:18 [WARNING] STOCH combo [13, 5, 3] is missing 2 parameter(s); using defaults slowk=5 slowd=3 slowk_matype=0 slowd_matype=0
13:28:18 [WARNING] STOCH combo [21, 3, 3] is missing 2 parameter(s); using defaults slowk=3 slowd=3 slowk_matype=0 slowd_matype=0
13:28:18 [WARNING] STOCH combo [21, 5, 3] is missing 2 parameter(s); using defaults slowk=5 slowd=3 slowk_matype=0 slowd_matype=0
13:28:18 [WARNING] STOCH combo [21, 5, 5] is missing 2 parameter(s); using defaults slowk=5 slowd=5 slowk_matype=0 slowd_matype=0
13:28:18 [WARNING] STOCH combo [34, 5, 3] is missing 2 parameter(s); using defaults slowk=5 slowd=3 slowk_matype=0 slowd_matype=0
13:28:18 [WARNING] STOCH combo [34, 5, 5] is missing 2 parameter(s); using defaults slowk=5 slowd=5 slowk_matype=0 slowd_matype=0
13:28:18 [WARNING] STOCH combo [55, 5, 5] is missing 2 parameter(s); using defaults slowk=5 slowd=5 slowk_matype=0 slowd_matype=0
13:28:18 [WARNING] STOCH combo [55, 8, 5] is missing 2 parameter(s); using defaults slowk=8 slowd=5 slowk_matype=0 slowd_matype=0
13:28:18 [WARNING] STOCH combo [89, 8, 5] is missing 2 parameter(s); using defaults slowk=8 slowd=5 slowk_matype=0 slowd_matype=0
13:28:18 [WARNING] STOCHF combo [5, 3] is missing 1 parameter(s); using defaults fastd_period=3 fastd_matype=0
13:28:18 [WARNING] STOCHF combo [8, 3] is missing 1 parameter(s); using defaults fastd_period=3 fastd_matype=0
13:28:18 [WARNING] STOCHF combo [13, 3] is missing 1 parameter(s); using defaults fastd_period=3 fastd_matype=0
13:28:18 [WARNING] STOCHF combo [21, 3] is missing 1 parameter(s); using defaults fastd_period=3 fastd_matype=0
13:28:18 [WARNING] STOCHF combo [21, 5] is missing 1 parameter(s); using defaults fastd_period=5 fastd_matype=0
13:28:18 [WARNING] STOCHF combo [34, 5] is missing 1 parameter(s); using defaults fastd_period=5 fastd_matype=0
13:28:18 [WARNING] STOCHF combo [55, 5] is missing 1 parameter(s); using defaults fastd_period=5 fastd_matype=0
13:28:18 [WARNING] STOCHF combo [89, 8] is missing 1 parameter(s); using defaults fastd_period=8 fastd_matype=0
13:28:18 [WARNING] STOCHRSI combo [9, 5, 3] is missing 1 parameter(s); using defaults fastk_period=5 fastd_period=3 fastd_matype=0
13:28:18 [WARNING] STOCHRSI combo [14, 5, 3] is missing 1 parameter(s); using defaults fastk_period=5 fastd_period=3 fastd_matype=0
13:28:18 [WARNING] STOCHRSI combo [14, 3, 3] is missing 1 parameter(s); using defaults fastk_period=3 fastd_period=3 fastd_matype=0
13:28:18 [WARNING] STOCHRSI combo [21, 5, 3] is missing 1 parameter(s); using defaults fastk_period=5 fastd_period=3 fastd_matype=0
13:28:18 [WARNING] STOCHRSI combo [21, 8, 5] is missing 1 parameter(s); using defaults fastk_period=8 fastd_period=5 fastd_matype=0
13:28:18 [WARNING] STOCHRSI combo [34, 8, 5] is missing 1 parameter(s); using defaults fastk_period=8 fastd_period=5 fastd_matype=0
13:28:18 [WARNING] STOCHRSI combo [55, 8, 5] is missing 1 parameter(s); using defaults fastk_period=8 fastd_period=5 fastd_matype=0
13:28:18 [INFO] KlineStorageManager initialized: data_cache/feature_klines/kline_cache.h5
13:28:18 [INFO] Registered adapter: crypto_spot
13:28:18 [WARNING] STOCH combo [5, 3, 3] is missing 2 parameter(s); using defaults slowk=3 slowd=3 slowk_matype=0 slowd_matype=0
13:28:18 [WARNING] STOCH combo [8, 3, 3] is missing 2 parameter(s); using defaults slowk=3 slowd=3 slowk_matype=0 slowd_matype=0
13:28:18 [WARNING] STOCH combo [13, 3, 3] is missing 2 parameter(s); using defaults slowk=3 slowd=3 slowk_matype=0 slowd_matype=0
13:28:18 [WARNING] STOCH combo [13, 5, 3] is missing 2 parameter(s); using defaults slowk=5 slowd=3 slowk_matype=0 slowd_matype=0
13:28:18 [WARNING] STOCH combo [21, 3, 3] is missing 2 parameter(s); using defaults slowk=3 slowd=3 slowk_matype=0 slowd_matype=0
13:28:18 [WARNING] STOCH combo [21, 5, 3] is missing 2 parameter(s); using defaults slowk=5 slowd=3 slowk_matype=0 slowd_matype=0
13:28:18 [WARNING] STOCH combo [21, 5, 5] is missing 2 parameter(s); using defaults slowk=5 slowd=5 slowk_matype=0 slowd_matype=0
13:28:18 [WARNING] STOCH combo [34, 5, 3] is missing 2 parameter(s); using defaults slowk=5 slowd=3 slowk_matype=0 slowd_matype=0
13:28:18 [WARNING] STOCH combo [34, 5, 5] is missing 2 parameter(s); using defaults slowk=5 slowd=5 slowk_matype=0 slowd_matype=0
13:28:18 [WARNING] STOCH combo [55, 5, 5] is missing 2 parameter(s); using defaults slowk=5 slowd=5 slowk_matype=0 slowd_matype=0
13:28:18 [WARNING] STOCH combo [55, 8, 5] is missing 2 parameter(s); using defaults slowk=8 slowd=5 slowk_matype=0 slowd_matype=0
13:28:18 [WARNING] STOCH combo [89, 8, 5] is missing 2 parameter(s); using defaults slowk=8 slowd=5 slowk_matype=0 slowd_matype=0
13:28:18 [WARNING] STOCHF combo [5, 3] is missing 1 parameter(s); using defaults fastd_period=3 fastd_matype=0
13:28:18 [WARNING] STOCHF combo [8, 3] is missing 1 parameter(s); using defaults fastd_period=3 fastd_matype=0
13:28:18 [WARNING] STOCHF combo [13, 3] is missing 1 parameter(s); using defaults fastd_period=3 fastd_matype=0
13:28:18 [WARNING] STOCHF combo [21, 3] is missing 1 parameter(s); using defaults fastd_period=3 fastd_matype=0
13:28:18 [WARNING] STOCHF combo [21, 5] is missing 1 parameter(s); using defaults fastd_period=5 fastd_matype=0
13:28:18 [WARNING] STOCHF combo [34, 5] is missing 1 parameter(s); using defaults fastd_period=5 fastd_matype=0
13:28:18 [WARNING] STOCHF combo [55, 5] is missing 1 parameter(s); using defaults fastd_period=5 fastd_matype=0
13:28:18 [WARNING] STOCHF combo [89, 8] is missing 1 parameter(s); using defaults fastd_period=8 fastd_matype=0
13:28:18 [WARNING] STOCHRSI combo [9, 5, 3] is missing 1 parameter(s); using defaults fastk_period=5 fastd_period=3 fastd_matype=0
13:28:18 [WARNING] STOCHRSI combo [14, 5, 3] is missing 1 parameter(s); using defaults fastk_period=5 fastd_period=3 fastd_matype=0
13:28:18 [WARNING] STOCHRSI combo [14, 3, 3] is missing 1 parameter(s); using defaults fastk_period=3 fastd_period=3 fastd_matype=0
13:28:18 [WARNING] STOCHRSI combo [21, 5, 3] is missing 1 parameter(s); using defaults fastk_period=5 fastd_period=3 fastd_matype=0
13:28:18 [WARNING] STOCHRSI combo [21, 8, 5] is missing 1 parameter(s); using defaults fastk_period=8 fastd_period=5 fastd_matype=0
13:28:18 [WARNING] STOCHRSI combo [34, 8, 5] is missing 1 parameter(s); using defaults fastk_period=8 fastd_period=5 fastd_matype=0
13:28:18 [WARNING] STOCHRSI combo [55, 8, 5] is missing 1 parameter(s); using defaults fastk_period=8 fastd_period=5 fastd_matype=0
13:28:18 [WARNING] STOCH combo [5, 3, 3] is missing 2 parameter(s); using defaults slowk=3 slowd=3 slowk_matype=0 slowd_matype=0
13:28:18 [WARNING] STOCH combo [8, 3, 3] is missing 2 parameter(s); using defaults slowk=3 slowd=3 slowk_matype=0 slowd_matype=0
13:28:18 [WARNING] STOCH combo [13, 3, 3] is missing 2 parameter(s); using defaults slowk=3 slowd=3 slowk_matype=0 slowd_matype=0
13:28:18 [WARNING] STOCH combo [13, 5, 3] is missing 2 parameter(s); using defaults slowk=5 slowd=3 slowk_matype=0 slowd_matype=0
13:28:18 [WARNING] STOCH combo [21, 3, 3] is missing 2 parameter(s); using defaults slowk=3 slowd=3 slowk_matype=0 slowd_matype=0
13:28:18 [WARNING] STOCH combo [21, 5, 3] is missing 2 parameter(s); using defaults slowk=5 slowd=3 slowk_matype=0 slowd_matype=0
13:28:18 [WARNING] STOCH combo [21, 5, 5] is missing 2 parameter(s); using defaults slowk=5 slowd=5 slowk_matype=0 slowd_matype=0
13:28:18 [WARNING] STOCH combo [34, 5, 3] is missing 2 parameter(s); using defaults slowk=5 slowd=3 slowk_matype=0 slowd_matype=0
13:28:18 [WARNING] STOCH combo [34, 5, 5] is missing 2 parameter(s); using defaults slowk=5 slowd=5 slowk_matype=0 slowd_matype=0
13:28:18 [WARNING] STOCH combo [55, 5, 5] is missing 2 parameter(s); using defaults slowk=5 slowd=5 slowk_matype=0 slowd_matype=0
13:28:18 [WARNING] STOCH combo [55, 8, 5] is missing 2 parameter(s); using defaults slowk=8 slowd=5 slowk_matype=0 slowd_matype=0
13:28:18 [WARNING] STOCH combo [89, 8, 5] is missing 2 parameter(s); using defaults slowk=8 slowd=5 slowk_matype=0 slowd_matype=0
13:28:18 [WARNING] STOCHF combo [5, 3] is missing 1 parameter(s); using defaults fastd_period=3 fastd_matype=0
13:28:18 [WARNING] STOCHF combo [8, 3] is missing 1 parameter(s); using defaults fastd_period=3 fastd_matype=0
13:28:18 [WARNING] STOCHF combo [13, 3] is missing 1 parameter(s); using defaults fastd_period=3 fastd_matype=0
13:28:18 [WARNING] STOCHF combo [21, 3] is missing 1 parameter(s); using defaults fastd_period=3 fastd_matype=0
13:28:18 [WARNING] STOCHF combo [21, 5] is missing 1 parameter(s); using defaults fastd_period=5 fastd_matype=0
13:28:18 [WARNING] STOCHF combo [34, 5] is missing 1 parameter(s); using defaults fastd_period=5 fastd_matype=0
13:28:18 [WARNING] STOCHF combo [55, 5] is missing 1 parameter(s); using defaults fastd_period=5 fastd_matype=0
13:28:18 [WARNING] STOCHF combo [89, 8] is missing 1 parameter(s); using defaults fastd_period=8 fastd_matype=0
13:28:18 [WARNING] STOCHRSI combo [9, 5, 3] is missing 1 parameter(s); using defaults fastk_period=5 fastd_period=3 fastd_matype=0
13:28:18 [WARNING] STOCHRSI combo [14, 5, 3] is missing 1 parameter(s); using defaults fastk_period=5 fastd_period=3 fastd_matype=0
13:28:18 [WARNING] STOCHRSI combo [14, 3, 3] is missing 1 parameter(s); using defaults fastk_period=3 fastd_period=3 fastd_matype=0
13:28:18 [WARNING] STOCHRSI combo [21, 5, 3] is missing 1 parameter(s); using defaults fastk_period=5 fastd_period=3 fastd_matype=0
13:28:18 [WARNING] STOCHRSI combo [21, 8, 5] is missing 1 parameter(s); using defaults fastk_period=8 fastd_period=5 fastd_matype=0
13:28:18 [WARNING] STOCHRSI combo [34, 8, 5] is missing 1 parameter(s); using defaults fastk_period=8 fastd_period=5 fastd_matype=0
13:28:18 [WARNING] STOCHRSI combo [55, 8, 5] is missing 1 parameter(s); using defaults fastk_period=8 fastd_period=5 fastd_matype=0
13:28:18 [WARNING] STOCH combo [5, 3, 3] is missing 2 parameter(s); using defaults slowk=3 slowd=3 slowk_matype=0 slowd_matype=0
13:28:18 [WARNING] STOCH combo [8, 3, 3] is missing 2 parameter(s); using defaults slowk=3 slowd=3 slowk_matype=0 slowd_matype=0
13:28:18 [WARNING] STOCH combo [13, 3, 3] is missing 2 parameter(s); using defaults slowk=3 slowd=3 slowk_matype=0 slowd_matype=0
13:28:18 [WARNING] STOCH combo [13, 5, 3] is missing 2 parameter(s); using defaults slowk=5 slowd=3 slowk_matype=0 slowd_matype=0
13:28:18 [WARNING] STOCH combo [21, 3, 3] is missing 2 parameter(s); using defaults slowk=3 slowd=3 slowk_matype=0 slowd_matype=0
13:28:18 [WARNING] STOCH combo [21, 5, 3] is missing 2 parameter(s); using defaults slowk=5 slowd=3 slowk_matype=0 slowd_matype=0
13:28:18 [WARNING] STOCH combo [21, 5, 5] is missing 2 parameter(s); using defaults slowk=5 slowd=5 slowk_matype=0 slowd_matype=0
13:28:18 [WARNING] STOCH combo [34, 5, 3] is missing 2 parameter(s); using defaults slowk=5 slowd=3 slowk_matype=0 slowd_matype=0
13:28:18 [WARNING] STOCH combo [34, 5, 5] is missing 2 parameter(s); using defaults slowk=5 slowd=5 slowk_matype=0 slowd_matype=0
13:28:18 [WARNING] STOCH combo [55, 5, 5] is missing 2 parameter(s); using defaults slowk=5 slowd=5 slowk_matype=0 slowd_matype=0
13:28:18 [WARNING] STOCH combo [55, 8, 5] is missing 2 parameter(s); using defaults slowk=8 slowd=5 slowk_matype=0 slowd_matype=0
13:28:18 [WARNING] STOCH combo [89, 8, 5] is missing 2 parameter(s); using defaults slowk=8 slowd=5 slowk_matype=0 slowd_matype=0
13:28:18 [WARNING] STOCHF combo [5, 3] is missing 1 parameter(s); using defaults fastd_period=3 fastd_matype=0
13:28:18 [WARNING] STOCHF combo [8, 3] is missing 1 parameter(s); using defaults fastd_period=3 fastd_matype=0
13:28:18 [WARNING] STOCHF combo [13, 3] is missing 1 parameter(s); using defaults fastd_period=3 fastd_matype=0
13:28:18 [WARNING] STOCHF combo [21, 3] is missing 1 parameter(s); using defaults fastd_period=3 fastd_matype=0
13:28:18 [WARNING] STOCHF combo [21, 5] is missing 1 parameter(s); using defaults fastd_period=5 fastd_matype=0
13:28:18 [WARNING] STOCHF combo [34, 5] is missing 1 parameter(s); using defaults fastd_period=5 fastd_matype=0
13:28:18 [WARNING] STOCHF combo [55, 5] is missing 1 parameter(s); using defaults fastd_period=5 fastd_matype=0
13:28:18 [WARNING] STOCHF combo [89, 8] is missing 1 parameter(s); using defaults fastd_period=8 fastd_matype=0
13:28:18 [WARNING] STOCHRSI combo [9, 5, 3] is missing 1 parameter(s); using defaults fastk_period=5 fastd_period=3 fastd_matype=0
13:28:18 [WARNING] STOCHRSI combo [14, 5, 3] is missing 1 parameter(s); using defaults fastk_period=5 fastd_period=3 fastd_matype=0
13:28:18 [WARNING] STOCHRSI combo [14, 3, 3] is missing 1 parameter(s); using defaults fastk_period=3 fastd_period=3 fastd_matype=0
13:28:18 [WARNING] STOCHRSI combo [21, 5, 3] is missing 1 parameter(s); using defaults fastk_period=5 fastd_period=3 fastd_matype=0
13:28:18 [WARNING] STOCHRSI combo [21, 8, 5] is missing 1 parameter(s); using defaults fastk_period=8 fastd_period=5 fastd_matype=0
13:28:18 [WARNING] STOCHRSI combo [34, 8, 5] is missing 1 parameter(s); using defaults fastk_period=8 fastd_period=5 fastd_matype=0
13:28:18 [WARNING] STOCHRSI combo [55, 8, 5] is missing 1 parameter(s); using defaults fastk_period=8 fastd_period=5 fastd_matype=0
13:28:18 [INFO] Fetching spot data: BTCUSDT/1h
13:28:18 [INFO] Read 20352 klines from BTCUSDT/1h in 0.008s
13:28:18 [INFO] Aligned data for BTCUSDT/1h: 20352 rows, 5 columns
13:28:18 [INFO] Fetching spot data: BTCUSDT/4h
13:28:18 [INFO] Read 5088 klines from BTCUSDT/4h in 0.003s
13:28:18 [INFO] Aligned data for BTCUSDT/4h: 5088 rows, 5 columns
13:28:18 [INFO] [Layer 1] 0% - Starting Layer 1...
13:28:18 [INFO] Layer 1 starting, rss=836MB
13:28:19 [WARNING] STOCH combo [5, 3, 3] is missing 2 parameter(s); using defaults slowk=3 slowd=3 slowk_matype=0 slowd_matype=0
13:28:19 [WARNING] STOCH combo [8, 3, 3] is missing 2 parameter(s); using defaults slowk=3 slowd=3 slowk_matype=0 slowd_matype=0
13:28:19 [WARNING] STOCH combo [13, 3, 3] is missing 2 parameter(s); using defaults slowk=3 slowd=3 slowk_matype=0 slowd_matype=0
13:28:19 [WARNING] STOCH combo [13, 5, 3] is missing 2 parameter(s); using defaults slowk=5 slowd=3 slowk_matype=0 slowd_matype=0
13:28:19 [WARNING] STOCH combo [21, 3, 3] is missing 2 parameter(s); using defaults slowk=3 slowd=3 slowk_matype=0 slowd_matype=0
13:28:19 [WARNING] STOCH combo [21, 5, 3] is missing 2 parameter(s); using defaults slowk=5 slowd=3 slowk_matype=0 slowd_matype=0
13:28:19 [WARNING] STOCH combo [21, 5, 5] is missing 2 parameter(s); using defaults slowk=5 slowd=5 slowk_matype=0 slowd_matype=0
13:28:19 [WARNING] STOCH combo [34, 5, 3] is missing 2 parameter(s); using defaults slowk=5 slowd=3 slowk_matype=0 slowd_matype=0
13:28:19 [WARNING] STOCH combo [34, 5, 5] is missing 2 parameter(s); using defaults slowk=5 slowd=5 slowk_matype=0 slowd_matype=0
13:28:19 [WARNING] STOCH combo [55, 5, 5] is missing 2 parameter(s); using defaults slowk=5 slowd=5 slowk_matype=0 slowd_matype=0
13:28:19 [WARNING] STOCH combo [55, 8, 5] is missing 2 parameter(s); using defaults slowk=8 slowd=5 slowk_matype=0 slowd_matype=0
13:28:19 [WARNING] STOCH combo [89, 8, 5] is missing 2 parameter(s); using defaults slowk=8 slowd=5 slowk_matype=0 slowd_matype=0
13:28:19 [WARNING] STOCHF combo [5, 3] is missing 1 parameter(s); using defaults fastd_period=3 fastd_matype=0
13:28:19 [WARNING] STOCHF combo [8, 3] is missing 1 parameter(s); using defaults fastd_period=3 fastd_matype=0
13:28:19 [WARNING] STOCHF combo [13, 3] is missing 1 parameter(s); using defaults fastd_period=3 fastd_matype=0
13:28:19 [WARNING] STOCHF combo [21, 3] is missing 1 parameter(s); using defaults fastd_period=3 fastd_matype=0
13:28:19 [WARNING] STOCHF combo [21, 5] is missing 1 parameter(s); using defaults fastd_period=5 fastd_matype=0
13:28:19 [WARNING] STOCHF combo [34, 5] is missing 1 parameter(s); using defaults fastd_period=5 fastd_matype=0
13:28:19 [WARNING] STOCHF combo [55, 5] is missing 1 parameter(s); using defaults fastd_period=5 fastd_matype=0
13:28:19 [WARNING] STOCHF combo [89, 8] is missing 1 parameter(s); using defaults fastd_period=8 fastd_matype=0
13:28:19 [WARNING] STOCHRSI combo [9, 5, 3] is missing 1 parameter(s); using defaults fastk_period=5 fastd_period=3 fastd_matype=0
13:28:19 [WARNING] STOCHRSI combo [14, 5, 3] is missing 1 parameter(s); using defaults fastk_period=5 fastd_period=3 fastd_matype=0
13:28:19 [WARNING] STOCHRSI combo [14, 3, 3] is missing 1 parameter(s); using defaults fastk_period=3 fastd_period=3 fastd_matype=0
13:28:19 [WARNING] STOCHRSI combo [21, 5, 3] is missing 1 parameter(s); using defaults fastk_period=5 fastd_period=3 fastd_matype=0
13:28:19 [WARNING] STOCHRSI combo [21, 8, 5] is missing 1 parameter(s); using defaults fastk_period=8 fastd_period=5 fastd_matype=0
13:28:19 [WARNING] STOCHRSI combo [34, 8, 5] is missing 1 parameter(s); using defaults fastk_period=8 fastd_period=5 fastd_matype=0
13:28:19 [WARNING] STOCHRSI combo [55, 8, 5] is missing 1 parameter(s); using defaults fastk_period=8 fastd_period=5 fastd_matype=0
13:28:19 [INFO] [Layer 1] 100% - Layer 1 completed: 898 features
13:28:19 [INFO] Layer 1 done: 898 cols, status=ok, rss=931MB
13:28:19 [INFO] [Layer 2] 0% - Starting Layer 2...
13:28:19 [INFO] Layer 2 starting, rss=931MB
13:28:19 [INFO] [L2] Starting derived features: 898 L1 cols
13:28:19 [WARNING] STOCH combo [5, 3, 3] is missing 2 parameter(s); using defaults slowk=3 slowd=3 slowk_matype=0 slowd_matype=0
13:28:19 [WARNING] STOCH combo [8, 3, 3] is missing 2 parameter(s); using defaults slowk=3 slowd=3 slowk_matype=0 slowd_matype=0
13:28:19 [WARNING] STOCH combo [13, 3, 3] is missing 2 parameter(s); using defaults slowk=3 slowd=3 slowk_matype=0 slowd_matype=0
13:28:19 [WARNING] STOCH combo [13, 5, 3] is missing 2 parameter(s); using defaults slowk=5 slowd=3 slowk_matype=0 slowd_matype=0
13:28:19 [WARNING] STOCH combo [21, 3, 3] is missing 2 parameter(s); using defaults slowk=3 slowd=3 slowk_matype=0 slowd_matype=0
13:28:19 [WARNING] STOCH combo [21, 5, 3] is missing 2 parameter(s); using defaults slowk=5 slowd=3 slowk_matype=0 slowd_matype=0
13:28:19 [WARNING] STOCH combo [21, 5, 5] is missing 2 parameter(s); using defaults slowk=5 slowd=5 slowk_matype=0 slowd_matype=0
13:28:19 [WARNING] STOCH combo [34, 5, 3] is missing 2 parameter(s); using defaults slowk=5 slowd=3 slowk_matype=0 slowd_matype=0
13:28:19 [WARNING] STOCH combo [34, 5, 5] is missing 2 parameter(s); using defaults slowk=5 slowd=5 slowk_matype=0 slowd_matype=0
13:28:19 [WARNING] STOCH combo [55, 5, 5] is missing 2 parameter(s); using defaults slowk=5 slowd=5 slowk_matype=0 slowd_matype=0
13:28:19 [WARNING] STOCH combo [55, 8, 5] is missing 2 parameter(s); using defaults slowk=8 slowd=5 slowk_matype=0 slowd_matype=0
13:28:19 [WARNING] STOCH combo [89, 8, 5] is missing 2 parameter(s); using defaults slowk=8 slowd=5 slowk_matype=0 slowd_matype=0
13:28:19 [WARNING] STOCHF combo [5, 3] is missing 1 parameter(s); using defaults fastd_period=3 fastd_matype=0
13:28:19 [WARNING] STOCHF combo [8, 3] is missing 1 parameter(s); using defaults fastd_period=3 fastd_matype=0
13:28:19 [WARNING] STOCHF combo [13, 3] is missing 1 parameter(s); using defaults fastd_period=3 fastd_matype=0
13:28:19 [WARNING] STOCHF combo [21, 3] is missing 1 parameter(s); using defaults fastd_period=3 fastd_matype=0
13:28:19 [WARNING] STOCHF combo [21, 5] is missing 1 parameter(s); using defaults fastd_period=5 fastd_matype=0
13:28:19 [WARNING] STOCHF combo [34, 5] is missing 1 parameter(s); using defaults fastd_period=5 fastd_matype=0
13:28:19 [WARNING] STOCHF combo [55, 5] is missing 1 parameter(s); using defaults fastd_period=5 fastd_matype=0
13:28:19 [WARNING] STOCHF combo [89, 8] is missing 1 parameter(s); using defaults fastd_period=8 fastd_matype=0
13:28:19 [WARNING] STOCHRSI combo [9, 5, 3] is missing 1 parameter(s); using defaults fastk_period=5 fastd_period=3 fastd_matype=0
13:28:19 [WARNING] STOCHRSI combo [14, 5, 3] is missing 1 parameter(s); using defaults fastk_period=5 fastd_period=3 fastd_matype=0
13:28:19 [WARNING] STOCHRSI combo [14, 3, 3] is missing 1 parameter(s); using defaults fastk_period=3 fastd_period=3 fastd_matype=0
13:28:19 [WARNING] STOCHRSI combo [21, 5, 3] is missing 1 parameter(s); using defaults fastk_period=5 fastd_period=3 fastd_matype=0
13:28:19 [WARNING] STOCHRSI combo [21, 8, 5] is missing 1 parameter(s); using defaults fastk_period=8 fastd_period=5 fastd_matype=0
13:28:19 [WARNING] STOCHRSI combo [34, 8, 5] is missing 1 parameter(s); using defaults fastk_period=8 fastd_period=5 fastd_matype=0
13:28:19 [WARNING] STOCHRSI combo [55, 8, 5] is missing 1 parameter(s); using defaults fastk_period=8 fastd_period=5 fastd_matype=0
13:28:27 [INFO] [L2] Completed: 11621 cols in 7.97s
13:28:28 [INFO] [Layer 2] 100% - Layer 2 completed: 11621 features
13:28:28 [INFO] Layer 2 done: 11621 cols, status=ok, rss=2047MB
13:28:28 [INFO] [memmap] created: shape=(10752, 11621), dtype=<class 'numpy.float32'>, est=0.50 GB  (file auto-unlinked)
13:28:29 [INFO] [spill] calib_layer2: 10752×11621 → float32 memmap in 1.2s (freed ~1.0 GB float64)
13:28:29 [INFO] [Layer 3] 0% - Starting Layer 3...
13:28:29 [INFO] Layer 3 starting, rss=2729MB
13:28:33 [INFO] [L3 streaming][numba][multi] step 10/20 (W5_range): 898→898 cols (-0 dead)
13:28:33 [INFO] [L3 streaming][numba][multi] step 20/20 (W13_range): 898→898 cols (-0 dead)
13:28:33 [INFO] [L3 streaming][numba][multi] complete: 17960 total generated, 0 dead dropped, 17960 survivors
13:28:35 [INFO] [Layer 3] 100% - Layer 3 completed: 17960 features
13:28:35 [INFO] Layer 3 done: 17960 cols, status=ok, rss=1153MB
13:28:35 [INFO] [Layer 4] 0% - Starting Layer 4...
13:28:35 [INFO] Layer 4 starting, rss=1153MB
13:28:35 [INFO] [Layer 4] 100% - Layer 4 completed: 7224 features
13:28:35 [INFO] Layer 4 done: 7224 cols, status=ok, rss=2210MB
13:28:35 [INFO] [Layer 5] 0% - Starting Layer 5...
13:28:35 [INFO] Layer 5 starting, rss=2210MB
13:28:35 [INFO] [Layer 5] 100% - Layer 5 completed: 0 features
13:28:35 [INFO] Layer 5 done: 0 cols, status=empty_disabled, rss=2210MB
13:28:35 [INFO] [Layer 6] 0% - Starting Layer 6...
13:28:35 [INFO] Layer 6 starting, rss=2211MB
13:28:35 [INFO] [Layer 6] 100% - Layer 6 completed: 10 features
13:28:35 [INFO] Layer 6 done: 10 cols, status=ok, rss=2215MB
13:28:35 [INFO] [memmap concat] 5 DFs → 37713 cols × 10752 rows ≈ 1.62 GB → disk-backed
13:28:35 [INFO] [memmap] created: shape=(10752, 37713), dtype=<class 'numpy.float32'>, est=1.62 GB  (file auto-unlinked)
13:28:35 [INFO] [memmap concat] copying DF 1/5 (898 cols)
13:28:36 [INFO] [memmap concat] copying DF 2/5 (11621 cols)
13:28:36 [INFO] [memmap concat] copying DF 3/5 (17960 cols)
13:28:39 [INFO] [memmap concat] copying DF 4/5 (7224 cols)
13:28:42 [INFO] [memmap concat] copying DF 5/5 (10 cols)
13:30:54 [INFO] [Layer 1] 0% - Starting Layer 1...
13:30:54 [INFO] Layer 1 starting, rss=1689MB
13:30:54 [WARNING] STOCH combo [5, 3, 3] is missing 2 parameter(s); using defaults slowk=3 slowd=3 slowk_matype=0 slowd_matype=0
13:30:54 [WARNING] STOCH combo [8, 3, 3] is missing 2 parameter(s); using defaults slowk=3 slowd=3 slowk_matype=0 slowd_matype=0
13:30:54 [WARNING] STOCH combo [13, 3, 3] is missing 2 parameter(s); using defaults slowk=3 slowd=3 slowk_matype=0 slowd_matype=0
13:30:54 [WARNING] STOCH combo [13, 5, 3] is missing 2 parameter(s); using defaults slowk=5 slowd=3 slowk_matype=0 slowd_matype=0
13:30:54 [WARNING] STOCH combo [21, 3, 3] is missing 2 parameter(s); using defaults slowk=3 slowd=3 slowk_matype=0 slowd_matype=0
13:30:54 [WARNING] STOCH combo [21, 5, 3] is missing 2 parameter(s); using defaults slowk=5 slowd=3 slowk_matype=0 slowd_matype=0
13:30:54 [WARNING] STOCH combo [21, 5, 5] is missing 2 parameter(s); using defaults slowk=5 slowd=5 slowk_matype=0 slowd_matype=0
13:30:54 [WARNING] STOCH combo [34, 5, 3] is missing 2 parameter(s); using defaults slowk=5 slowd=3 slowk_matype=0 slowd_matype=0
13:30:54 [WARNING] STOCH combo [34, 5, 5] is missing 2 parameter(s); using defaults slowk=5 slowd=5 slowk_matype=0 slowd_matype=0
13:30:54 [WARNING] STOCH combo [55, 5, 5] is missing 2 parameter(s); using defaults slowk=5 slowd=5 slowk_matype=0 slowd_matype=0
13:30:54 [WARNING] STOCH combo [55, 8, 5] is missing 2 parameter(s); using defaults slowk=8 slowd=5 slowk_matype=0 slowd_matype=0
13:30:54 [WARNING] STOCH combo [89, 8, 5] is missing 2 parameter(s); using defaults slowk=8 slowd=5 slowk_matype=0 slowd_matype=0
13:30:54 [WARNING] STOCHF combo [5, 3] is missing 1 parameter(s); using defaults fastd_period=3 fastd_matype=0
13:30:54 [WARNING] STOCHF combo [8, 3] is missing 1 parameter(s); using defaults fastd_period=3 fastd_matype=0
13:30:54 [WARNING] STOCHF combo [13, 3] is missing 1 parameter(s); using defaults fastd_period=3 fastd_matype=0
13:30:54 [WARNING] STOCHF combo [21, 3] is missing 1 parameter(s); using defaults fastd_period=3 fastd_matype=0
13:30:54 [WARNING] STOCHF combo [21, 5] is missing 1 parameter(s); using defaults fastd_period=5 fastd_matype=0
13:30:54 [WARNING] STOCHF combo [34, 5] is missing 1 parameter(s); using defaults fastd_period=5 fastd_matype=0
13:30:54 [WARNING] STOCHF combo [55, 5] is missing 1 parameter(s); using defaults fastd_period=5 fastd_matype=0
13:30:54 [WARNING] STOCHF combo [89, 8] is missing 1 parameter(s); using defaults fastd_period=8 fastd_matype=0
13:30:54 [WARNING] STOCHRSI combo [9, 5, 3] is missing 1 parameter(s); using defaults fastk_period=5 fastd_period=3 fastd_matype=0
13:30:54 [WARNING] STOCHRSI combo [14, 5, 3] is missing 1 parameter(s); using defaults fastk_period=5 fastd_period=3 fastd_matype=0
13:30:54 [WARNING] STOCHRSI combo [14, 3, 3] is missing 1 parameter(s); using defaults fastk_period=3 fastd_period=3 fastd_matype=0
13:30:54 [WARNING] STOCHRSI combo [21, 5, 3] is missing 1 parameter(s); using defaults fastk_period=5 fastd_period=3 fastd_matype=0
13:30:54 [WARNING] STOCHRSI combo [21, 8, 5] is missing 1 parameter(s); using defaults fastk_period=8 fastd_period=5 fastd_matype=0
13:30:54 [WARNING] STOCHRSI combo [34, 8, 5] is missing 1 parameter(s); using defaults fastk_period=8 fastd_period=5 fastd_matype=0
13:30:54 [WARNING] STOCHRSI combo [55, 8, 5] is missing 1 parameter(s); using defaults fastk_period=8 fastd_period=5 fastd_matype=0
13:30:55 [INFO] [Layer 1] 100% - Layer 1 completed: 898 features
13:30:55 [INFO] Layer 1 done: 898 cols, status=ok, rss=1805MB
13:30:55 [INFO] [Layer 2] 0% - Starting Layer 2...
13:30:55 [INFO] Layer 2 starting, rss=1805MB
13:30:55 [INFO] [L2] Starting derived features: 898 L1 cols
13:30:55 [WARNING] STOCH combo [5, 3, 3] is missing 2 parameter(s); using defaults slowk=3 slowd=3 slowk_matype=0 slowd_matype=0
13:30:55 [WARNING] STOCH combo [8, 3, 3] is missing 2 parameter(s); using defaults slowk=3 slowd=3 slowk_matype=0 slowd_matype=0
13:30:55 [WARNING] STOCH combo [13, 3, 3] is missing 2 parameter(s); using defaults slowk=3 slowd=3 slowk_matype=0 slowd_matype=0
13:30:55 [WARNING] STOCH combo [13, 5, 3] is missing 2 parameter(s); using defaults slowk=5 slowd=3 slowk_matype=0 slowd_matype=0
13:30:55 [WARNING] STOCH combo [21, 3, 3] is missing 2 parameter(s); using defaults slowk=3 slowd=3 slowk_matype=0 slowd_matype=0
13:30:55 [WARNING] STOCH combo [21, 5, 3] is missing 2 parameter(s); using defaults slowk=5 slowd=3 slowk_matype=0 slowd_matype=0
13:30:55 [WARNING] STOCH combo [21, 5, 5] is missing 2 parameter(s); using defaults slowk=5 slowd=5 slowk_matype=0 slowd_matype=0
13:30:55 [WARNING] STOCH combo [34, 5, 3] is missing 2 parameter(s); using defaults slowk=5 slowd=3 slowk_matype=0 slowd_matype=0
13:30:55 [WARNING] STOCH combo [34, 5, 5] is missing 2 parameter(s); using defaults slowk=5 slowd=5 slowk_matype=0 slowd_matype=0
13:30:55 [WARNING] STOCH combo [55, 5, 5] is missing 2 parameter(s); using defaults slowk=5 slowd=5 slowk_matype=0 slowd_matype=0
13:30:55 [WARNING] STOCH combo [55, 8, 5] is missing 2 parameter(s); using defaults slowk=8 slowd=5 slowk_matype=0 slowd_matype=0
13:30:55 [WARNING] STOCH combo [89, 8, 5] is missing 2 parameter(s); using defaults slowk=8 slowd=5 slowk_matype=0 slowd_matype=0
13:30:55 [WARNING] STOCHF combo [5, 3] is missing 1 parameter(s); using defaults fastd_period=3 fastd_matype=0
13:30:55 [WARNING] STOCHF combo [8, 3] is missing 1 parameter(s); using defaults fastd_period=3 fastd_matype=0
13:30:55 [WARNING] STOCHF combo [13, 3] is missing 1 parameter(s); using defaults fastd_period=3 fastd_matype=0
13:30:55 [WARNING] STOCHF combo [21, 3] is missing 1 parameter(s); using defaults fastd_period=3 fastd_matype=0
13:30:55 [WARNING] STOCHF combo [21, 5] is missing 1 parameter(s); using defaults fastd_period=5 fastd_matype=0
13:30:55 [WARNING] STOCHF combo [34, 5] is missing 1 parameter(s); using defaults fastd_period=5 fastd_matype=0
13:30:55 [WARNING] STOCHF combo [55, 5] is missing 1 parameter(s); using defaults fastd_period=5 fastd_matype=0
13:30:55 [WARNING] STOCHF combo [89, 8] is missing 1 parameter(s); using defaults fastd_period=8 fastd_matype=0
13:30:55 [WARNING] STOCHRSI combo [9, 5, 3] is missing 1 parameter(s); using defaults fastk_period=5 fastd_period=3 fastd_matype=0
13:30:55 [WARNING] STOCHRSI combo [14, 5, 3] is missing 1 parameter(s); using defaults fastk_period=5 fastd_period=3 fastd_matype=0
13:30:55 [WARNING] STOCHRSI combo [14, 3, 3] is missing 1 parameter(s); using defaults fastk_period=3 fastd_period=3 fastd_matype=0
13:30:55 [WARNING] STOCHRSI combo [21, 5, 3] is missing 1 parameter(s); using defaults fastk_period=5 fastd_period=3 fastd_matype=0
13:30:55 [WARNING] STOCHRSI combo [21, 8, 5] is missing 1 parameter(s); using defaults fastk_period=8 fastd_period=5 fastd_matype=0
13:30:55 [WARNING] STOCHRSI combo [34, 8, 5] is missing 1 parameter(s); using defaults fastk_period=8 fastd_period=5 fastd_matype=0
13:30:55 [WARNING] STOCHRSI combo [55, 8, 5] is missing 1 parameter(s); using defaults fastk_period=8 fastd_period=5 fastd_matype=0
13:30:58 [INFO] [L2] Completed: 11621 cols in 3.01s
13:30:59 [INFO] [Layer 2] 100% - Layer 2 completed: 11621 features
13:30:59 [INFO] Layer 2 done: 11621 cols, status=ok, rss=2355MB
13:30:59 [INFO] [Layer 3] 0% - Starting Layer 3...
13:30:59 [INFO] Layer 3 starting, rss=2355MB
13:31:00 [INFO] [L3 streaming][numba][multi] step 10/20 (W5_range): 898→898 cols (-0 dead)
13:31:00 [INFO] [L3 streaming][numba][multi] step 20/20 (W13_range): 898→898 cols (-0 dead)
13:31:00 [INFO] [L3 streaming][numba][multi] complete: 17960 total generated, 0 dead dropped, 17960 survivors
13:31:01 [INFO] [Layer 3] 100% - Layer 3 completed: 17960 features
13:31:01 [INFO] Layer 3 done: 17960 cols, status=ok, rss=1064MB
13:31:01 [INFO] [Layer 4] 0% - Starting Layer 4...
13:31:01 [INFO] Layer 4 starting, rss=1064MB
13:31:01 [INFO] [Layer 4] 100% - Layer 4 completed: 7224 features
13:31:01 [INFO] Layer 4 done: 7224 cols, status=ok, rss=1320MB
13:31:01 [INFO] [Layer 5] 0% - Starting Layer 5...
13:31:01 [INFO] Layer 5 starting, rss=1320MB
13:31:01 [INFO] [Layer 5] 100% - Layer 5 completed: 0 features
13:31:01 [INFO] Layer 5 done: 0 cols, status=empty_disabled, rss=1321MB
13:31:01 [INFO] [Layer 6] 0% - Starting Layer 6...
13:31:01 [INFO] Layer 6 starting, rss=1321MB
13:31:01 [INFO] [Layer 6] 100% - Layer 6 completed: 10 features
13:31:01 [INFO] Layer 6 done: 10 cols, status=ok, rss=1322MB
13:31:09 [INFO] [CGSA] Initialized ColumnGroupRegistry at /private/var/folders/_c/3xdf41hd3tvgxpx63mrml2c00000gn/T/pytest-of-louis/pytest-15/test_small_mutation_causal_win0/cgsa_work (tier=8gb, buffer_groups=0)
13:31:09 [INFO] Fetching spot data: BTCUSDT/1h
13:31:09 [INFO] Read 20352 klines from BTCUSDT/1h in 0.045s
13:31:09 [INFO] Aligned data for BTCUSDT/1h: 20352 rows, 5 columns
13:31:09 [INFO] [multi_tf:multi_tf] 35% - [CGSA] Processing timeframe 1h (1/2)
13:31:09 [INFO] [Layer 1] 0% - Starting Layer 1...
13:31:09 [INFO] Layer 1 starting, rss=2588MB
13:31:09 [WARNING] STOCH combo [5, 3, 3] is missing 2 parameter(s); using defaults slowk=3 slowd=3 slowk_matype=0 slowd_matype=0
13:31:09 [WARNING] STOCH combo [8, 3, 3] is missing 2 parameter(s); using defaults slowk=3 slowd=3 slowk_matype=0 slowd_matype=0
13:31:09 [WARNING] STOCH combo [13, 3, 3] is missing 2 parameter(s); using defaults slowk=3 slowd=3 slowk_matype=0 slowd_matype=0
13:31:09 [WARNING] STOCH combo [13, 5, 3] is missing 2 parameter(s); using defaults slowk=5 slowd=3 slowk_matype=0 slowd_matype=0
13:31:09 [WARNING] STOCH combo [21, 3, 3] is missing 2 parameter(s); using defaults slowk=3 slowd=3 slowk_matype=0 slowd_matype=0
13:31:09 [WARNING] STOCH combo [21, 5, 3] is missing 2 parameter(s); using defaults slowk=5 slowd=3 slowk_matype=0 slowd_matype=0
13:31:09 [WARNING] STOCH combo [21, 5, 5] is missing 2 parameter(s); using defaults slowk=5 slowd=5 slowk_matype=0 slowd_matype=0
13:31:09 [WARNING] STOCH combo [34, 5, 3] is missing 2 parameter(s); using defaults slowk=5 slowd=3 slowk_matype=0 slowd_matype=0
13:31:09 [WARNING] STOCH combo [34, 5, 5] is missing 2 parameter(s); using defaults slowk=5 slowd=5 slowk_matype=0 slowd_matype=0
13:31:09 [WARNING] STOCH combo [55, 5, 5] is missing 2 parameter(s); using defaults slowk=5 slowd=5 slowk_matype=0 slowd_matype=0
13:31:09 [WARNING] STOCH combo [55, 8, 5] is missing 2 parameter(s); using defaults slowk=8 slowd=5 slowk_matype=0 slowd_matype=0
13:31:09 [WARNING] STOCH combo [89, 8, 5] is missing 2 parameter(s); using defaults slowk=8 slowd=5 slowk_matype=0 slowd_matype=0
13:31:09 [WARNING] STOCHF combo [5, 3] is missing 1 parameter(s); using defaults fastd_period=3 fastd_matype=0
13:31:09 [WARNING] STOCHF combo [8, 3] is missing 1 parameter(s); using defaults fastd_period=3 fastd_matype=0
13:31:09 [WARNING] STOCHF combo [13, 3] is missing 1 parameter(s); using defaults fastd_period=3 fastd_matype=0
13:31:09 [WARNING] STOCHF combo [21, 3] is missing 1 parameter(s); using defaults fastd_period=3 fastd_matype=0
13:31:09 [WARNING] STOCHF combo [21, 5] is missing 1 parameter(s); using defaults fastd_period=5 fastd_matype=0
13:31:09 [WARNING] STOCHF combo [34, 5] is missing 1 parameter(s); using defaults fastd_period=5 fastd_matype=0
13:31:09 [WARNING] STOCHF combo [55, 5] is missing 1 parameter(s); using defaults fastd_period=5 fastd_matype=0
13:31:09 [WARNING] STOCHF combo [89, 8] is missing 1 parameter(s); using defaults fastd_period=8 fastd_matype=0
13:31:09 [WARNING] STOCHRSI combo [9, 5, 3] is missing 1 parameter(s); using defaults fastk_period=5 fastd_period=3 fastd_matype=0
13:31:09 [WARNING] STOCHRSI combo [14, 5, 3] is missing 1 parameter(s); using defaults fastk_period=5 fastd_period=3 fastd_matype=0
13:31:09 [WARNING] STOCHRSI combo [14, 3, 3] is missing 1 parameter(s); using defaults fastk_period=3 fastd_period=3 fastd_matype=0
13:31:09 [WARNING] STOCHRSI combo [21, 5, 3] is missing 1 parameter(s); using defaults fastk_period=5 fastd_period=3 fastd_matype=0
13:31:09 [WARNING] STOCHRSI combo [21, 8, 5] is missing 1 parameter(s); using defaults fastk_period=8 fastd_period=5 fastd_matype=0
13:31:09 [WARNING] STOCHRSI combo [34, 8, 5] is missing 1 parameter(s); using defaults fastk_period=8 fastd_period=5 fastd_matype=0
13:31:09 [WARNING] STOCHRSI combo [55, 8, 5] is missing 1 parameter(s); using defaults fastk_period=8 fastd_period=5 fastd_matype=0
13:31:10 [INFO] [Layer 1] 100% - Layer 1 completed: 898 features
13:31:10 [INFO] Layer 1 done: 898 cols, status=ok, rss=2434MB
13:31:10 [INFO] [Layer 2] 0% - Starting Layer 2...
13:31:10 [INFO] Layer 2 starting, rss=2431MB
13:31:10 [INFO] [L2] Starting derived features: 898 L1 cols
13:31:10 [WARNING] STOCH combo [5, 3, 3] is missing 2 parameter(s); using defaults slowk=3 slowd=3 slowk_matype=0 slowd_matype=0
13:31:10 [WARNING] STOCH combo [8, 3, 3] is missing 2 parameter(s); using defaults slowk=3 slowd=3 slowk_matype=0 slowd_matype=0
13:31:10 [WARNING] STOCH combo [13, 3, 3] is missing 2 parameter(s); using defaults slowk=3 slowd=3 slowk_matype=0 slowd_matype=0
13:31:10 [WARNING] STOCH combo [13, 5, 3] is missing 2 parameter(s); using defaults slowk=5 slowd=3 slowk_matype=0 slowd_matype=0
13:31:10 [WARNING] STOCH combo [21, 3, 3] is missing 2 parameter(s); using defaults slowk=3 slowd=3 slowk_matype=0 slowd_matype=0
13:31:10 [WARNING] STOCH combo [21, 5, 3] is missing 2 parameter(s); using defaults slowk=5 slowd=3 slowk_matype=0 slowd_matype=0
13:31:10 [WARNING] STOCH combo [21, 5, 5] is missing 2 parameter(s); using defaults slowk=5 slowd=5 slowk_matype=0 slowd_matype=0
13:31:10 [WARNING] STOCH combo [34, 5, 3] is missing 2 parameter(s); using defaults slowk=5 slowd=3 slowk_matype=0 slowd_matype=0
13:31:10 [WARNING] STOCH combo [34, 5, 5] is missing 2 parameter(s); using defaults slowk=5 slowd=5 slowk_matype=0 slowd_matype=0
13:31:10 [WARNING] STOCH combo [55, 5, 5] is missing 2 parameter(s); using defaults slowk=5 slowd=5 slowk_matype=0 slowd_matype=0
13:31:10 [WARNING] STOCH combo [55, 8, 5] is missing 2 parameter(s); using defaults slowk=8 slowd=5 slowk_matype=0 slowd_matype=0
13:31:10 [WARNING] STOCH combo [89, 8, 5] is missing 2 parameter(s); using defaults slowk=8 slowd=5 slowk_matype=0 slowd_matype=0
13:31:10 [WARNING] STOCHF combo [5, 3] is missing 1 parameter(s); using defaults fastd_period=3 fastd_matype=0
13:31:10 [WARNING] STOCHF combo [8, 3] is missing 1 parameter(s); using defaults fastd_period=3 fastd_matype=0
13:31:10 [WARNING] STOCHF combo [13, 3] is missing 1 parameter(s); using defaults fastd_period=3 fastd_matype=0
13:31:10 [WARNING] STOCHF combo [21, 3] is missing 1 parameter(s); using defaults fastd_period=3 fastd_matype=0
13:31:10 [WARNING] STOCHF combo [21, 5] is missing 1 parameter(s); using defaults fastd_period=5 fastd_matype=0
13:31:10 [WARNING] STOCHF combo [34, 5] is missing 1 parameter(s); using defaults fastd_period=5 fastd_matype=0
13:31:10 [WARNING] STOCHF combo [55, 5] is missing 1 parameter(s); using defaults fastd_period=5 fastd_matype=0
13:31:10 [WARNING] STOCHF combo [89, 8] is missing 1 parameter(s); using defaults fastd_period=8 fastd_matype=0
13:31:10 [WARNING] STOCHRSI combo [9, 5, 3] is missing 1 parameter(s); using defaults fastk_period=5 fastd_period=3 fastd_matype=0
13:31:10 [WARNING] STOCHRSI combo [14, 5, 3] is missing 1 parameter(s); using defaults fastk_period=5 fastd_period=3 fastd_matype=0
13:31:10 [WARNING] STOCHRSI combo [14, 3, 3] is missing 1 parameter(s); using defaults fastk_period=3 fastd_period=3 fastd_matype=0
13:31:10 [WARNING] STOCHRSI combo [21, 5, 3] is missing 1 parameter(s); using defaults fastk_period=5 fastd_period=3 fastd_matype=0
13:31:10 [WARNING] STOCHRSI combo [21, 8, 5] is missing 1 parameter(s); using defaults fastk_period=8 fastd_period=5 fastd_matype=0
13:31:10 [WARNING] STOCHRSI combo [34, 8, 5] is missing 1 parameter(s); using defaults fastk_period=8 fastd_period=5 fastd_matype=0
13:31:10 [WARNING] STOCHRSI combo [55, 8, 5] is missing 1 parameter(s); using defaults fastk_period=8 fastd_period=5 fastd_matype=0
13:31:26 [INFO] [CGSA] L2 persisted group=1h_L2_Cross shards=1 total_bytes=88.0 MiB
13:31:32 [INFO] [CGSA] L2 persisted group=1h_L2_Ratio shards=1 total_bytes=88.0 MiB
13:32:25 [INFO] [CGSA] L2 persisted group=1h_L2_Momentum shards=8 total_bytes=697.2 MiB
13:32:25 [INFO] [L2] Completed: 11621 cols in 75.15s
13:32:25 [INFO] [Layer 2] 100% - Layer 2 completed: 11621 features
13:32:25 [INFO] Layer 2 done: 11621 cols, status=ok, rss=1927MB
13:32:25 [INFO] [memmap] created: shape=(20352, 11621), dtype=<class 'numpy.float32'>, est=0.95 GB  (file auto-unlinked)
13:32:31 [INFO] [spill] layer2: 20352×11621 → float32 memmap in 6.0s (freed ~1.9 GB float64)
13:32:31 [INFO] [Layer 3] 0% - Starting Layer 3...
13:32:31 [INFO] Layer 3 starting, rss=2140MB
13:32:40 [INFO] [L3 streaming][numba][multi][persist] step 10/20 (W5_range): 898→898 cols (-0 dead)
13:32:40 [INFO] [L3 streaming][numba][multi][persist] step 20/20 (W13_range): 898→898 cols (-0 dead)
13:32:40 [INFO] [L3 streaming][numba][multi][persist] complete: 17960 generated, 4 dropped, 17956 survivors persisted via callback
13:32:43 [INFO] [L3] streaming persist (mode=streaming) complete: 17956 cols persisted in 20 groups
13:32:43 [INFO] [Layer 3] 100% - Layer 3 completed: 0 features
13:32:43 [INFO] Layer 3 done: 0 cols, status=offloaded_to_registry, rss=1147MB
13:32:43 [INFO] [Layer 4] 0% - Starting Layer 4...
13:32:43 [INFO] Layer 4 starting, rss=1147MB
13:32:45 [INFO] [Layer 4] 100% - Layer 4 completed: 7224 features
13:32:45 [INFO] Layer 4 done: 7224 cols, status=ok, rss=1601MB
13:32:45 [INFO] [Layer 5] 0% - Starting Layer 5...
13:32:45 [INFO] Layer 5 starting, rss=1601MB
13:32:45 [INFO] [Layer 5] 100% - Layer 5 completed: 0 features
13:32:45 [INFO] Layer 5 done: 0 cols, status=empty_disabled, rss=1607MB
13:32:45 [INFO] [Layer 6] 0% - Starting Layer 6...
13:32:45 [INFO] Layer 6 starting, rss=1607MB
13:32:45 [INFO] [Layer 6] 100% - Layer 6 completed: 10 features
13:32:45 [INFO] Layer 6 done: 10 cols, status=ok, rss=1557MB
13:32:45 [INFO] [CGSA] Disk pre-check OK: layer=L4_lag symbol=BTCUSDT tf=1h need=2.74 GiB (planned_new=0.55 GiB, max_inflight_tmp×2=0.19 GiB, reserve=2.00 GiB) free=26.17 GiB shape=(20352, 7224)
13:32:48 [INFO] [CGSA] L4_lag persisted group=1h_L4_lag_1 shards=5 total_bytes=388.2 MiB
13:32:48 [INFO] [CGSA] L4_lag persisted group=1h_L4_lag_2 shards=2 total_bytes=172.7 MiB
13:32:48 [INFO] [CGSA] Persisted L4_lag: 7224 cols → 2 groups (tf=1h)
13:32:48 [INFO] [CGSA] Disk pre-check OK: layer=L6_meta symbol=BTCUSDT tf=1h need=2.00 GiB (planned_new=0.00 GiB, max_inflight_tmp×2=0.00 GiB, reserve=2.00 GiB) free=25.44 GiB shape=(20352, 10)
13:32:48 [INFO] [CGSA] Persisted L6_meta: 10 cols → 1 groups (tf=1h)
13:32:48 [INFO] [CGSA][multi_tf] Primary TF 1h: 241 groups registered (no alignment needed)
13:32:48 [INFO] [multi_tf:multi_tf] 70% - [CGSA] Processing timeframe 4h (2/2)
13:32:48 [INFO] Fetching spot data: BTCUSDT/4h
13:32:48 [INFO] Read 5088 klines from BTCUSDT/4h in 0.056s
13:32:48 [INFO] Aligned data for BTCUSDT/4h: 5088 rows, 5 columns
13:32:48 [INFO] [Layer 1] 0% - Starting Layer 1...
13:32:48 [INFO] Layer 1 starting, rss=1900MB
13:32:49 [WARNING] STOCH combo [5, 3, 3] is missing 2 parameter(s); using defaults slowk=3 slowd=3 slowk_matype=0 slowd_matype=0
13:32:49 [WARNING] STOCH combo [8, 3, 3] is missing 2 parameter(s); using defaults slowk=3 slowd=3 slowk_matype=0 slowd_matype=0
13:32:49 [WARNING] STOCH combo [13, 3, 3] is missing 2 parameter(s); using defaults slowk=3 slowd=3 slowk_matype=0 slowd_matype=0
13:32:49 [WARNING] STOCH combo [13, 5, 3] is missing 2 parameter(s); using defaults slowk=5 slowd=3 slowk_matype=0 slowd_matype=0
13:32:49 [WARNING] STOCH combo [21, 3, 3] is missing 2 parameter(s); using defaults slowk=3 slowd=3 slowk_matype=0 slowd_matype=0
13:32:49 [WARNING] STOCH combo [21, 5, 3] is missing 2 parameter(s); using defaults slowk=5 slowd=3 slowk_matype=0 slowd_matype=0
13:32:49 [WARNING] STOCH combo [21, 5, 5] is missing 2 parameter(s); using defaults slowk=5 slowd=5 slowk_matype=0 slowd_matype=0
13:32:49 [WARNING] STOCH combo [34, 5, 3] is missing 2 parameter(s); using defaults slowk=5 slowd=3 slowk_matype=0 slowd_matype=0
13:32:49 [WARNING] STOCH combo [34, 5, 5] is missing 2 parameter(s); using defaults slowk=5 slowd=5 slowk_matype=0 slowd_matype=0
13:32:49 [WARNING] STOCH combo [55, 5, 5] is missing 2 parameter(s); using defaults slowk=5 slowd=5 slowk_matype=0 slowd_matype=0
13:32:49 [WARNING] STOCH combo [55, 8, 5] is missing 2 parameter(s); using defaults slowk=8 slowd=5 slowk_matype=0 slowd_matype=0
13:32:49 [WARNING] STOCH combo [89, 8, 5] is missing 2 parameter(s); using defaults slowk=8 slowd=5 slowk_matype=0 slowd_matype=0
13:32:49 [WARNING] STOCHF combo [5, 3] is missing 1 parameter(s); using defaults fastd_period=3 fastd_matype=0
13:32:49 [WARNING] STOCHF combo [8, 3] is missing 1 parameter(s); using defaults fastd_period=3 fastd_matype=0
13:32:49 [WARNING] STOCHF combo [13, 3] is missing 1 parameter(s); using defaults fastd_period=3 fastd_matype=0
13:32:49 [WARNING] STOCHF combo [21, 3] is missing 1 parameter(s); using defaults fastd_period=3 fastd_matype=0
13:32:49 [WARNING] STOCHF combo [21, 5] is missing 1 parameter(s); using defaults fastd_period=5 fastd_matype=0
13:32:49 [WARNING] STOCHF combo [34, 5] is missing 1 parameter(s); using defaults fastd_period=5 fastd_matype=0
13:32:49 [WARNING] STOCHF combo [55, 5] is missing 1 parameter(s); using defaults fastd_period=5 fastd_matype=0
13:32:49 [WARNING] STOCHF combo [89, 8] is missing 1 parameter(s); using defaults fastd_period=8 fastd_matype=0
13:32:49 [WARNING] STOCHRSI combo [9, 5, 3] is missing 1 parameter(s); using defaults fastk_period=5 fastd_period=3 fastd_matype=0
13:32:49 [WARNING] STOCHRSI combo [14, 5, 3] is missing 1 parameter(s); using defaults fastk_period=5 fastd_period=3 fastd_matype=0
13:32:49 [WARNING] STOCHRSI combo [14, 3, 3] is missing 1 parameter(s); using defaults fastk_period=3 fastd_period=3 fastd_matype=0
13:32:49 [WARNING] STOCHRSI combo [21, 5, 3] is missing 1 parameter(s); using defaults fastk_period=5 fastd_period=3 fastd_matype=0
13:32:49 [WARNING] STOCHRSI combo [21, 8, 5] is missing 1 parameter(s); using defaults fastk_period=8 fastd_period=5 fastd_matype=0
13:32:49 [WARNING] STOCHRSI combo [34, 8, 5] is missing 1 parameter(s); using defaults fastk_period=8 fastd_period=5 fastd_matype=0
13:32:49 [WARNING] STOCHRSI combo [55, 8, 5] is missing 1 parameter(s); using defaults fastk_period=8 fastd_period=5 fastd_matype=0
13:32:54 [INFO] [Layer 1] 100% - Layer 1 completed: 898 features
13:32:54 [INFO] Layer 1 done: 898 cols, status=ok, rss=1996MB
13:32:54 [INFO] [Layer 2] 0% - Starting Layer 2...
13:32:54 [INFO] Layer 2 starting, rss=1996MB
13:32:54 [INFO] [L2] Starting derived features: 898 L1 cols
13:32:54 [WARNING] STOCH combo [5, 3, 3] is missing 2 parameter(s); using defaults slowk=3 slowd=3 slowk_matype=0 slowd_matype=0
13:32:54 [WARNING] STOCH combo [8, 3, 3] is missing 2 parameter(s); using defaults slowk=3 slowd=3 slowk_matype=0 slowd_matype=0
13:32:54 [WARNING] STOCH combo [13, 3, 3] is missing 2 parameter(s); using defaults slowk=3 slowd=3 slowk_matype=0 slowd_matype=0
13:32:54 [WARNING] STOCH combo [13, 5, 3] is missing 2 parameter(s); using defaults slowk=5 slowd=3 slowk_matype=0 slowd_matype=0
13:32:54 [WARNING] STOCH combo [21, 3, 3] is missing 2 parameter(s); using defaults slowk=3 slowd=3 slowk_matype=0 slowd_matype=0
13:32:54 [WARNING] STOCH combo [21, 5, 3] is missing 2 parameter(s); using defaults slowk=5 slowd=3 slowk_matype=0 slowd_matype=0
13:32:54 [WARNING] STOCH combo [21, 5, 5] is missing 2 parameter(s); using defaults slowk=5 slowd=5 slowk_matype=0 slowd_matype=0
13:32:54 [WARNING] STOCH combo [34, 5, 3] is missing 2 parameter(s); using defaults slowk=5 slowd=3 slowk_matype=0 slowd_matype=0
13:32:54 [WARNING] STOCH combo [34, 5, 5] is missing 2 parameter(s); using defaults slowk=5 slowd=5 slowk_matype=0 slowd_matype=0
13:32:54 [WARNING] STOCH combo [55, 5, 5] is missing 2 parameter(s); using defaults slowk=5 slowd=5 slowk_matype=0 slowd_matype=0
13:32:54 [WARNING] STOCH combo [55, 8, 5] is missing 2 parameter(s); using defaults slowk=8 slowd=5 slowk_matype=0 slowd_matype=0
13:32:54 [WARNING] STOCH combo [89, 8, 5] is missing 2 parameter(s); using defaults slowk=8 slowd=5 slowk_matype=0 slowd_matype=0
13:32:54 [WARNING] STOCHF combo [5, 3] is missing 1 parameter(s); using defaults fastd_period=3 fastd_matype=0
13:32:54 [WARNING] STOCHF combo [8, 3] is missing 1 parameter(s); using defaults fastd_period=3 fastd_matype=0
13:32:54 [WARNING] STOCHF combo [13, 3] is missing 1 parameter(s); using defaults fastd_period=3 fastd_matype=0
13:32:54 [WARNING] STOCHF combo [21, 3] is missing 1 parameter(s); using defaults fastd_period=3 fastd_matype=0
13:32:54 [WARNING] STOCHF combo [21, 5] is missing 1 parameter(s); using defaults fastd_period=5 fastd_matype=0
13:32:54 [WARNING] STOCHF combo [34, 5] is missing 1 parameter(s); using defaults fastd_period=5 fastd_matype=0
13:32:54 [WARNING] STOCHF combo [55, 5] is missing 1 parameter(s); using defaults fastd_period=5 fastd_matype=0
13:32:54 [WARNING] STOCHF combo [89, 8] is missing 1 parameter(s); using defaults fastd_period=8 fastd_matype=0
13:32:54 [WARNING] STOCHRSI combo [9, 5, 3] is missing 1 parameter(s); using defaults fastk_period=5 fastd_period=3 fastd_matype=0
13:32:54 [WARNING] STOCHRSI combo [14, 5, 3] is missing 1 parameter(s); using defaults fastk_period=5 fastd_period=3 fastd_matype=0
13:32:54 [WARNING] STOCHRSI combo [14, 3, 3] is missing 1 parameter(s); using defaults fastk_period=3 fastd_period=3 fastd_matype=0
13:32:54 [WARNING] STOCHRSI combo [21, 5, 3] is missing 1 parameter(s); using defaults fastk_period=5 fastd_period=3 fastd_matype=0
13:32:54 [WARNING] STOCHRSI combo [21, 8, 5] is missing 1 parameter(s); using defaults fastk_period=8 fastd_period=5 fastd_matype=0
13:32:54 [WARNING] STOCHRSI combo [34, 8, 5] is missing 1 parameter(s); using defaults fastk_period=8 fastd_period=5 fastd_matype=0
13:32:54 [WARNING] STOCHRSI combo [55, 8, 5] is missing 1 parameter(s); using defaults fastk_period=8 fastd_period=5 fastd_matype=0
13:33:13 [INFO] [CGSA] L2 persisted group=4h_L2_Momentum shards=2 total_bytes=174.3 MiB
13:33:14 [INFO] [L2] Completed: 11621 cols in 19.42s
13:33:14 [INFO] [Layer 2] 100% - Layer 2 completed: 11621 features
13:33:14 [INFO] Layer 2 done: 11621 cols, status=ok, rss=904MB
13:33:14 [INFO] [Layer 3] 0% - Starting Layer 3...
13:33:14 [INFO] Layer 3 starting, rss=904MB
13:33:17 [INFO] [L3 streaming][numba][multi][persist] step 10/20 (W5_range): 898→898 cols (-0 dead)
13:33:17 [INFO] [L3 streaming][numba][multi][persist] step 20/20 (W13_range): 898→897 cols (-1 dead)
13:33:17 [INFO] [L3 streaming][numba][multi][persist] complete: 17960 generated, 6 dropped, 17954 survivors persisted via callback
13:33:20 [INFO] [L3] streaming persist (mode=streaming) complete: 17954 cols persisted in 20 groups
13:33:20 [INFO] [Layer 3] 100% - Layer 3 completed: 0 features
13:33:20 [INFO] Layer 3 done: 0 cols, status=offloaded_to_registry, rss=864MB
13:33:20 [INFO] [Layer 4] 0% - Starting Layer 4...
13:33:20 [INFO] Layer 4 starting, rss=864MB
13:33:20 [INFO] [Layer 4] 100% - Layer 4 completed: 7224 features
13:33:20 [INFO] Layer 4 done: 7224 cols, status=ok, rss=1078MB
13:33:20 [INFO] [Layer 5] 0% - Starting Layer 5...
13:33:20 [INFO] Layer 5 starting, rss=1078MB
13:33:20 [INFO] [Layer 5] 100% - Layer 5 completed: 0 features
13:33:20 [INFO] Layer 5 done: 0 cols, status=empty_disabled, rss=1066MB
13:33:20 [INFO] [Layer 6] 0% - Starting Layer 6...
13:33:20 [INFO] Layer 6 starting, rss=1065MB
13:33:20 [INFO] [Layer 6] 100% - Layer 6 completed: 10 features
13:33:20 [INFO] Layer 6 done: 10 cols, status=ok, rss=1061MB
13:33:20 [INFO] [CGSA] Disk pre-check OK: layer=L4_lag symbol=BTCUSDT tf=4h need=2.32 GiB (planned_new=0.14 GiB, max_inflight_tmp×2=0.19 GiB, reserve=2.00 GiB) free=24.85 GiB shape=(5088, 7224)
13:33:21 [INFO] [CGSA] L4_lag persisted group=4h_L4_lag_1 shards=2 total_bytes=97.0 MiB
13:33:21 [INFO] [CGSA] Persisted L4_lag: 7224 cols → 2 groups (tf=4h)
13:33:21 [INFO] [CGSA] Disk pre-check OK: layer=L6_meta symbol=BTCUSDT tf=4h need=2.00 GiB (planned_new=0.00 GiB, max_inflight_tmp×2=0.00 GiB, reserve=2.00 GiB) free=24.72 GiB shape=(5088, 10)
13:33:21 [INFO] [CGSA] Persisted L6_meta: 10 cols → 1 groups (tf=4h)
13:33:22 [INFO] [CGSA][multi_tf] Compact-aligned 241 groups from 4h → 1h (source_rows=5088 logical_rows=20352)
13:33:22 [INFO] [CGSA][multi_tf] All TFs done: 482 total groups in registry
13:33:22 [INFO] [multi_tf:persist] 90% - [CGSA] Running Layer 6.5 → L7_raw streaming persist
13:33:37 [INFO] [L7][CGSA] Quality summary: inf_count=0, coverage=0.9547, non_nan=1465369563/1534866432
13:33:37 [INFO] [L7_raw] Disk pre-check OK: required=2.00 GiB (safety x1.50), estimated_final=2.86 GiB, reclaimable_npy=3.57 GiB, net_growth=0.00 GiB, max_inflight_part=0.38 GiB, largest_part_source=1h_L2_Momentum, reserve_floor=2.00 GiB, free=27.67 GiB, groups=482
13:33:37 [INFO] [L6.5] raw-sink path uses serial group streaming for disk safety (requested_workers=2)
13:33:37 [INFO] [L6.5] Registry raw-sink config: groups=482 requested_workers=2 effective_workers=1 mode=append use_fast=False can_use_numba_fast=False winsor=True rank=False zscore=False fracdiff=False fracdiff_apply_to=non_stationary fracdiff_layers=['L1', 'L2'] adf=False gaussian=False
13:33:37 [INFO] [L6.5] Raw-sink start: 476 full groups (fast=0, slow=476) + 6 big-group splits → 496 sub-tasks (requested_workers=2, effective_workers=1, split_threshold=2000, slow_chunked=6, max_group_cols=8980, schedule=largest_first, rss=1937MB)
13:33:39 [INFO] [L6.5] raw-sink chunk stream start: group=1h_L2_Momentum cols=8980 chunks=5 chunk_size=2000 rss=1164MB
13:33:54 [INFO] [L6.5] raw-sink chunk stream complete: group=1h_L2_Momentum chunks=5 outputs=5 rss=1174MB
13:33:55 [INFO] [L6.5] raw-sink chunk stream start: group=1h_L4_lag_1 cols=5000 chunks=3 chunk_size=2000 rss=624MB
13:34:01 [INFO] [L6.5] raw-sink chunk stream complete: group=1h_L4_lag_1 chunks=3 outputs=3 rss=2275MB
13:34:11 [INFO] [L6.5] native-tf path completed: group=4h_L2_Momentum src_tf=4h primary_tf=1h native_rows=5088 primary_rows=20352 outputs=1
13:34:11 [INFO] [L6.5] raw-sink heartbeat: tasks 13/496 (2.6%), groups 3/482, elapsed=33.8s, rate=0.38/s, ETA=1256s, rss=1020MB, last=4h_L2_Momentum (native-tf, parts=1)
13:34:11 [INFO] [L6.5] raw-sink chunk stream start: group=1h_L4_lag_2 cols=2224 chunks=2 chunk_size=2000 rss=1229MB
13:34:14 [INFO] [L6.5] raw-sink chunk stream complete: group=1h_L4_lag_2 chunks=2 outputs=2 rss=2810MB
13:34:19 [INFO] [L6.5] native-tf path completed: group=4h_L4_lag_1 src_tf=4h primary_tf=1h native_rows=5088 primary_rows=20352 outputs=1
13:34:39 [INFO] [L6.5] raw-sink heartbeat: tasks 37/496 (7.5%), groups 24/482, elapsed=62.1s, rate=0.60/s, ETA=770s, rss=1177MB, last=1h_L3_rolling_W13_Min_1 (full)
13:34:44 [INFO] [L6.5] native-tf path completed: group=4h_L4_lag_2 src_tf=4h primary_tf=1h native_rows=5088 primary_rows=20352 outputs=1
13:34:45 [INFO] [L6.5] native-tf path completed: group=4h_L2_Cross src_tf=4h primary_tf=1h native_rows=5088 primary_rows=20352 outputs=1
13:34:46 [INFO] [L6.5] native-tf path completed: group=4h_L2_Ratio src_tf=4h primary_tf=1h native_rows=5088 primary_rows=20352 outputs=1
13:34:47 [INFO] [L6.5] native-tf path completed: group=4h_L3_rolling_W13_Kurt_1 src_tf=4h primary_tf=1h native_rows=5088 primary_rows=20352 outputs=1
13:34:48 [INFO] [L6.5] native-tf path completed: group=4h_L3_rolling_W13_Mean_1 src_tf=4h primary_tf=1h native_rows=5088 primary_rows=20352 outputs=1
13:34:49 [INFO] [L6.5] native-tf path completed: group=4h_L3_rolling_W13_Rank_1 src_tf=4h primary_tf=1h native_rows=5088 primary_rows=20352 outputs=1
13:34:49 [INFO] [L6.5] native-tf path completed: group=4h_L3_rolling_W13_Skew_1 src_tf=4h primary_tf=1h native_rows=5088 primary_rows=20352 outputs=1
13:34:50 [INFO] [L6.5] native-tf path completed: group=4h_L3_rolling_W13_Slope_1 src_tf=4h primary_tf=1h native_rows=5088 primary_rows=20352 outputs=1
13:34:51 [INFO] [L6.5] native-tf path completed: group=4h_L3_rolling_W13_Std_1 src_tf=4h primary_tf=1h native_rows=5088 primary_rows=20352 outputs=1
13:34:51 [INFO] [L6.5] native-tf path completed: group=4h_L3_rolling_W13_ZScore_1 src_tf=4h primary_tf=1h native_rows=5088 primary_rows=20352 outputs=1
13:34:52 [INFO] [L6.5] native-tf path completed: group=4h_L3_rolling_W5_Max_1 src_tf=4h primary_tf=1h native_rows=5088 primary_rows=20352 outputs=1
13:34:53 [INFO] [L6.5] native-tf path completed: group=4h_L3_rolling_W5_Mean_1 src_tf=4h primary_tf=1h native_rows=5088 primary_rows=20352 outputs=1
13:34:53 [INFO] [L6.5] native-tf path completed: group=4h_L3_rolling_W5_Min_1 src_tf=4h primary_tf=1h native_rows=5088 primary_rows=20352 outputs=1
13:34:54 [INFO] [L6.5] native-tf path completed: group=4h_L3_rolling_W5_Range_1 src_tf=4h primary_tf=1h native_rows=5088 primary_rows=20352 outputs=1
13:34:54 [INFO] [L6.5] native-tf path completed: group=4h_L3_rolling_W5_Rank_1 src_tf=4h primary_tf=1h native_rows=5088 primary_rows=20352 outputs=1
13:34:55 [INFO] [L6.5] native-tf path completed: group=4h_L3_rolling_W5_Slope_1 src_tf=4h primary_tf=1h native_rows=5088 primary_rows=20352 outputs=1
13:34:56 [INFO] [L6.5] native-tf path completed: group=4h_L3_rolling_W5_Std_1 src_tf=4h primary_tf=1h native_rows=5088 primary_rows=20352 outputs=1
13:34:56 [INFO] [L6.5] native-tf path completed: group=4h_L3_rolling_W13_Max_1 src_tf=4h primary_tf=1h native_rows=5088 primary_rows=20352 outputs=1
13:34:57 [INFO] [L6.5] native-tf path completed: group=4h_L3_rolling_W13_Min_1 src_tf=4h primary_tf=1h native_rows=5088 primary_rows=20352 outputs=1
13:34:57 [INFO] [L6.5] raw-sink heartbeat: tasks 61/496 (12.3%), groups 47/482, elapsed=79.7s, rate=0.77/s, ETA=568s, rss=1017MB, last=4h_L3_rolling_W13_Min_1 (native-tf, parts=1)
13:34:58 [INFO] [L6.5] native-tf path completed: group=4h_L3_rolling_W13_Range_1 src_tf=4h primary_tf=1h native_rows=5088 primary_rows=20352 outputs=1
13:34:58 [INFO] [L6.5] native-tf path completed: group=4h_L3_rolling_W5_Kurt_1 src_tf=4h primary_tf=1h native_rows=5088 primary_rows=20352 outputs=1
13:34:59 [INFO] [L6.5] native-tf path completed: group=4h_L3_rolling_W5_Skew_1 src_tf=4h primary_tf=1h native_rows=5088 primary_rows=20352 outputs=1
13:35:00 [INFO] [L6.5] native-tf path completed: group=4h_L3_rolling_W5_ZScore_1 src_tf=4h primary_tf=1h native_rows=5088 primary_rows=20352 outputs=1
13:35:00 [INFO] [L6.5] native-tf path completed: group=4h_L2_Distance src_tf=4h primary_tf=1h native_rows=5088 primary_rows=20352 outputs=1
13:35:01 [INFO] [L6.5] native-tf path completed: group=4h_L2_BinarySignal src_tf=4h primary_tf=1h native_rows=5088 primary_rows=20352 outputs=1
13:35:02 [INFO] [L6.5] raw-sink heartbeat: tasks 85/496 (17.1%), groups 71/482, elapsed=84.7s, rate=1.00/s, ETA=410s, rss=747MB, last=1h_L1_trend_TEMA (full)
13:35:04 [INFO] [L6.5] native-tf path completed: group=4h_L1_momentum_RSI src_tf=4h primary_tf=1h native_rows=5088 primary_rows=20352 outputs=1
13:35:04 [INFO] [L6.5] raw-sink heartbeat: tasks 109/496 (22.0%), groups 95/482, elapsed=86.9s, rate=1.25/s, ETA=309s, rss=616MB, last=4h_L1_momentum_RSI (native-tf, parts=1)
13:35:04 [INFO] [L6.5] native-tf path completed: group=4h_L1_trend_EMA src_tf=4h primary_tf=1h native_rows=5088 primary_rows=20352 outputs=1
13:35:04 [INFO] [L6.5] native-tf path completed: group=4h_L1_trend_SMA src_tf=4h primary_tf=1h native_rows=5088 primary_rows=20352 outputs=1
13:35:04 [INFO] [L6.5] native-tf path completed: group=4h_L1_momentum_ROC src_tf=4h primary_tf=1h native_rows=5088 primary_rows=20352 outputs=1
13:35:05 [INFO] [L6.5] native-tf path completed: group=4h_L1_momentum_ROCP src_tf=4h primary_tf=1h native_rows=5088 primary_rows=20352 outputs=1
13:35:05 [INFO] [L6.5] native-tf path completed: group=4h_L1_momentum_ROCR src_tf=4h primary_tf=1h native_rows=5088 primary_rows=20352 outputs=1
13:35:05 [INFO] [L6.5] native-tf path completed: group=4h_L1_momentum_ROCR100 src_tf=4h primary_tf=1h native_rows=5088 primary_rows=20352 outputs=1
13:35:05 [INFO] [L6.5] native-tf path completed: group=4h_L1_momentum_CMO src_tf=4h primary_tf=1h native_rows=5088 primary_rows=20352 outputs=1
13:35:05 [INFO] [L6.5] native-tf path completed: group=4h_L1_momentum_MOM src_tf=4h primary_tf=1h native_rows=5088 primary_rows=20352 outputs=1
13:35:05 [INFO] [L6.5] native-tf path completed: group=4h_L1_momentum_TRIX src_tf=4h primary_tf=1h native_rows=5088 primary_rows=20352 outputs=1
13:35:05 [INFO] [L6.5] native-tf path completed: group=4h_L1_trend_DEMA src_tf=4h primary_tf=1h native_rows=5088 primary_rows=20352 outputs=1
13:35:05 [INFO] [L6.5] native-tf path completed: group=4h_L1_trend_KAMA src_tf=4h primary_tf=1h native_rows=5088 primary_rows=20352 outputs=1
13:35:05 [INFO] [L6.5] native-tf path completed: group=4h_L1_trend_MA src_tf=4h primary_tf=1h native_rows=5088 primary_rows=20352 outputs=1
13:35:05 [INFO] [L6.5] native-tf path completed: group=4h_L1_trend_MAVP src_tf=4h primary_tf=1h native_rows=5088 primary_rows=20352 outputs=1
13:35:05 [INFO] [L6.5] native-tf path completed: group=4h_L1_trend_MIDPOINT src_tf=4h primary_tf=1h native_rows=5088 primary_rows=20352 outputs=1
13:35:06 [INFO] [L6.5] native-tf path completed: group=4h_L1_trend_T3 src_tf=4h primary_tf=1h native_rows=5088 primary_rows=20352 outputs=1
13:35:06 [INFO] [L6.5] native-tf path completed: group=4h_L1_trend_TEMA src_tf=4h primary_tf=1h native_rows=5088 primary_rows=20352 outputs=1
13:35:06 [INFO] [L6.5] native-tf path completed: group=4h_L1_trend_TRIMA src_tf=4h primary_tf=1h native_rows=5088 primary_rows=20352 outputs=1
13:35:06 [INFO] [L6.5] native-tf path completed: group=4h_L1_trend_WMA src_tf=4h primary_tf=1h native_rows=5088 primary_rows=20352 outputs=1
13:35:06 [INFO] [L6.5] native-tf path completed: group=4h_L1_trend_BBANDS-Lower src_tf=4h primary_tf=1h native_rows=5088 primary_rows=20352 outputs=1
13:35:06 [INFO] [L6.5] native-tf path completed: group=4h_L1_trend_BBANDS-Middle src_tf=4h primary_tf=1h native_rows=5088 primary_rows=20352 outputs=1
13:35:06 [INFO] [L6.5] native-tf path completed: group=4h_L1_trend_BBANDS-Upper src_tf=4h primary_tf=1h native_rows=5088 primary_rows=20352 outputs=1
13:35:06 [INFO] [L6.5] native-tf path completed: group=4h_L1_momentum_MACDFIX-Hist src_tf=4h primary_tf=1h native_rows=5088 primary_rows=20352 outputs=1
13:35:06 [INFO] [L6.5] native-tf path completed: group=4h_L1_momentum_MACDFIX-Line src_tf=4h primary_tf=1h native_rows=5088 primary_rows=20352 outputs=1
13:35:06 [INFO] [L6.5] native-tf path completed: group=4h_L1_momentum_MACDFIX-Signal src_tf=4h primary_tf=1h native_rows=5088 primary_rows=20352 outputs=1
13:35:06 [INFO] [L6.5] raw-sink heartbeat: tasks 133/496 (26.8%), groups 119/482, elapsed=89.0s, rate=1.49/s, ETA=243s, rss=617MB, last=4h_L1_momentum_MACDFIX-Signal (native-tf, parts=1)
13:35:06 [INFO] [L6.5] native-tf path completed: group=4h_L1_momentum_WILLR src_tf=4h primary_tf=1h native_rows=5088 primary_rows=20352 outputs=1
13:35:06 [INFO] [L6.5] native-tf path completed: group=4h_L1_momentum_CCI src_tf=4h primary_tf=1h native_rows=5088 primary_rows=20352 outputs=1
13:35:07 [INFO] [L6.5] native-tf path completed: group=4h_L6_meta src_tf=4h primary_tf=1h native_rows=5088 primary_rows=20352 outputs=1
13:35:07 [INFO] [L6.5] native-tf path completed: group=4h_L1_momentum_ADX src_tf=4h primary_tf=1h native_rows=5088 primary_rows=20352 outputs=1
13:35:07 [INFO] [L6.5] native-tf path completed: group=4h_L1_momentum_ADXR src_tf=4h primary_tf=1h native_rows=5088 primary_rows=20352 outputs=1
13:35:07 [INFO] [L6.5] native-tf path completed: group=4h_L1_momentum_AROON-aroondown src_tf=4h primary_tf=1h native_rows=5088 primary_rows=20352 outputs=1
13:35:07 [INFO] [L6.5] native-tf path completed: group=4h_L1_momentum_AROON-aroonup src_tf=4h primary_tf=1h native_rows=5088 primary_rows=20352 outputs=1
13:35:07 [INFO] [L6.5] native-tf path completed: group=4h_L1_momentum_AROONOSC src_tf=4h primary_tf=1h native_rows=5088 primary_rows=20352 outputs=1
13:35:07 [INFO] [L6.5] native-tf path completed: group=4h_L1_momentum_DX src_tf=4h primary_tf=1h native_rows=5088 primary_rows=20352 outputs=1
13:35:07 [INFO] [L6.5] native-tf path completed: group=4h_L1_momentum_MINUS-DI src_tf=4h primary_tf=1h native_rows=5088 primary_rows=20352 outputs=1
13:35:07 [INFO] [L6.5] native-tf path completed: group=4h_L1_momentum_MINUS-DM src_tf=4h primary_tf=1h native_rows=5088 primary_rows=20352 outputs=1
13:35:07 [INFO] [L6.5] native-tf path completed: group=4h_L1_momentum_PLUS-DI src_tf=4h primary_tf=1h native_rows=5088 primary_rows=20352 outputs=1
13:35:07 [INFO] [L6.5] native-tf path completed: group=4h_L1_momentum_PLUS-DM src_tf=4h primary_tf=1h native_rows=5088 primary_rows=20352 outputs=1
13:35:07 [INFO] [L6.5] native-tf path completed: group=4h_L1_trend_MIDPRICE src_tf=4h primary_tf=1h native_rows=5088 primary_rows=20352 outputs=1
13:35:08 [INFO] [L6.5] raw-sink heartbeat: tasks 157/496 (31.7%), groups 143/482, elapsed=91.0s, rate=1.73/s, ETA=196s, rss=617MB, last=1h_L1_momentum_APO_55-144-0 (full)
13:35:10 [INFO] [L6.5] raw-sink heartbeat: tasks 181/496 (36.5%), groups 167/482, elapsed=92.9s, rate=1.95/s, ETA=162s, rss=617MB, last=1h_L1_momentum_MACD-Line_5-13-3 (full)
13:35:12 [INFO] [L6.5] raw-sink heartbeat: tasks 205/496 (41.3%), groups 191/482, elapsed=94.7s, rate=2.16/s, ETA=134s, rss=617MB, last=1h_L1_momentum_MACDEXT-Hist_34-144-21 (full)
13:35:14 [INFO] [L6.5] raw-sink heartbeat: tasks 229/496 (46.2%), groups 215/482, elapsed=96.6s, rate=2.37/s, ETA=113s, rss=617MB, last=1h_L1_momentum_MACDEXT-Signal_21-55-9 (full)
13:35:16 [INFO] [L6.5] raw-sink heartbeat: tasks 253/496 (51.0%), groups 239/482, elapsed=98.5s, rate=2.57/s, ETA=95s, rss=618MB, last=1h_L1_momentum_STOCHRSI-fastd_14-5-3-0 (full)
13:35:17 [INFO] [L6.5] native-tf path completed: group=4h_L1_momentum_MFI src_tf=4h primary_tf=1h native_rows=5088 primary_rows=20352 outputs=1
13:35:18 [INFO] [L6.5] raw-sink heartbeat: tasks 277/496 (55.8%), groups 263/482, elapsed=100.4s, rate=2.76/s, ETA=79s, rss=618MB, last=1h_L1_momentum_STOCH-slowd_34-5-0-5-0 (full)
13:35:19 [INFO] [L6.5] raw-sink heartbeat: tasks 301/496 (60.7%), groups 287/482, elapsed=102.2s, rate=2.94/s, ETA=66s, rss=617MB, last=1h_L1_momentum_STOCHF-fastd_8-3-0 (full)
13:35:21 [INFO] [L6.5] native-tf path completed: group=4h_L1_momentum_APO_12-26-0 src_tf=4h primary_tf=1h native_rows=5088 primary_rows=20352 outputs=1
13:35:21 [INFO] [L6.5] native-tf path completed: group=4h_L1_momentum_APO_13-34-0 src_tf=4h primary_tf=1h native_rows=5088 primary_rows=20352 outputs=1
13:35:21 [INFO] [L6.5] native-tf path completed: group=4h_L1_momentum_APO_13-55-0 src_tf=4h primary_tf=1h native_rows=5088 primary_rows=20352 outputs=1
13:35:21 [INFO] [L6.5] raw-sink heartbeat: tasks 325/496 (65.5%), groups 311/482, elapsed=104.1s, rate=3.12/s, ETA=55s, rss=617MB, last=4h_L1_momentum_APO_13-55-0 (native-tf, parts=1)
13:35:21 [INFO] [L6.5] native-tf path completed: group=4h_L1_momentum_APO_21-55-0 src_tf=4h primary_tf=1h native_rows=5088 primary_rows=20352 outputs=1
13:35:22 [INFO] [L6.5] native-tf path completed: group=4h_L1_momentum_APO_21-89-0 src_tf=4h primary_tf=1h native_rows=5088 primary_rows=20352 outputs=1
13:35:22 [INFO] [L6.5] native-tf path completed: group=4h_L1_momentum_APO_34-144-0 src_tf=4h primary_tf=1h native_rows=5088 primary_rows=20352 outputs=1
13:35:22 [INFO] [L6.5] native-tf path completed: group=4h_L1_momentum_APO_34-89-0 src_tf=4h primary_tf=1h native_rows=5088 primary_rows=20352 outputs=1
13:35:22 [INFO] [L6.5] native-tf path completed: group=4h_L1_momentum_APO_5-13-0 src_tf=4h primary_tf=1h native_rows=5088 primary_rows=20352 outputs=1
13:35:22 [INFO] [L6.5] native-tf path completed: group=4h_L1_momentum_APO_5-21-0 src_tf=4h primary_tf=1h native_rows=5088 primary_rows=20352 outputs=1
13:35:22 [INFO] [L6.5] native-tf path completed: group=4h_L1_momentum_APO_55-144-0 src_tf=4h primary_tf=1h native_rows=5088 primary_rows=20352 outputs=1
13:35:22 [INFO] [L6.5] native-tf path completed: group=4h_L1_momentum_APO_55-233-0 src_tf=4h primary_tf=1h native_rows=5088 primary_rows=20352 outputs=1
13:35:22 [INFO] [L6.5] native-tf path completed: group=4h_L1_momentum_APO_8-21-0 src_tf=4h primary_tf=1h native_rows=5088 primary_rows=20352 outputs=1
13:35:22 [INFO] [L6.5] native-tf path completed: group=4h_L1_momentum_APO_8-34-0 src_tf=4h primary_tf=1h native_rows=5088 primary_rows=20352 outputs=1
13:35:22 [INFO] [L6.5] native-tf path completed: group=4h_L1_momentum_MACD-Hist_12-26-9 src_tf=4h primary_tf=1h native_rows=5088 primary_rows=20352 outputs=1
13:35:22 [INFO] [L6.5] native-tf path completed: group=4h_L1_momentum_MACD-Hist_13-34-9 src_tf=4h primary_tf=1h native_rows=5088 primary_rows=20352 outputs=1
13:35:22 [INFO] [L6.5] native-tf path completed: group=4h_L1_momentum_MACD-Hist_13-55-13 src_tf=4h primary_tf=1h native_rows=5088 primary_rows=20352 outputs=1
13:35:22 [INFO] [L6.5] native-tf path completed: group=4h_L1_momentum_MACD-Hist_21-55-9 src_tf=4h primary_tf=1h native_rows=5088 primary_rows=20352 outputs=1
13:35:23 [INFO] [L6.5] native-tf path completed: group=4h_L1_momentum_MACD-Hist_21-89-13 src_tf=4h primary_tf=1h native_rows=5088 primary_rows=20352 outputs=1
13:35:23 [INFO] [L6.5] native-tf path completed: group=4h_L1_momentum_MACD-Hist_34-144-21 src_tf=4h primary_tf=1h native_rows=5088 primary_rows=20352 outputs=1
13:35:23 [INFO] [L6.5] native-tf path completed: group=4h_L1_momentum_MACD-Hist_34-89-13 src_tf=4h primary_tf=1h native_rows=5088 primary_rows=20352 outputs=1
13:35:23 [INFO] [L6.5] native-tf path completed: group=4h_L1_momentum_MACD-Hist_5-13-3 src_tf=4h primary_tf=1h native_rows=5088 primary_rows=20352 outputs=1
13:35:23 [INFO] [L6.5] native-tf path completed: group=4h_L1_momentum_MACD-Hist_5-21-5 src_tf=4h primary_tf=1h native_rows=5088 primary_rows=20352 outputs=1
13:35:23 [INFO] [L6.5] native-tf path completed: group=4h_L1_momentum_MACD-Hist_55-144-21 src_tf=4h primary_tf=1h native_rows=5088 primary_rows=20352 outputs=1
13:35:23 [INFO] [L6.5] native-tf path completed: group=4h_L1_momentum_MACD-Hist_55-233-34 src_tf=4h primary_tf=1h native_rows=5088 primary_rows=20352 outputs=1
13:35:23 [INFO] [L6.5] native-tf path completed: group=4h_L1_momentum_MACD-Hist_8-21-5 src_tf=4h primary_tf=1h native_rows=5088 primary_rows=20352 outputs=1
13:35:23 [INFO] [L6.5] native-tf path completed: group=4h_L1_momentum_MACD-Hist_8-34-9 src_tf=4h primary_tf=1h native_rows=5088 primary_rows=20352 outputs=1
13:35:23 [INFO] [L6.5] native-tf path completed: group=4h_L1_momentum_MACD-Line_12-26-9 src_tf=4h primary_tf=1h native_rows=5088 primary_rows=20352 outputs=1
13:35:23 [INFO] [L6.5] raw-sink heartbeat: tasks 349/496 (70.4%), groups 335/482, elapsed=106.0s, rate=3.29/s, ETA=45s, rss=617MB, last=4h_L1_momentum_MACD-Line_12-26-9 (native-tf, parts=1)
13:35:23 [INFO] [L6.5] native-tf path completed: group=4h_L1_momentum_MACD-Line_13-34-9 src_tf=4h primary_tf=1h native_rows=5088 primary_rows=20352 outputs=1
13:35:23 [INFO] [L6.5] native-tf path completed: group=4h_L1_momentum_MACD-Line_13-55-13 src_tf=4h primary_tf=1h native_rows=5088 primary_rows=20352 outputs=1
13:35:23 [INFO] [L6.5] native-tf path completed: group=4h_L1_momentum_MACD-Line_21-55-9 src_tf=4h primary_tf=1h native_rows=5088 primary_rows=20352 outputs=1
13:35:24 [INFO] [L6.5] native-tf path completed: group=4h_L1_momentum_MACD-Line_21-89-13 src_tf=4h primary_tf=1h native_rows=5088 primary_rows=20352 outputs=1
13:35:24 [INFO] [L6.5] native-tf path completed: group=4h_L1_momentum_MACD-Line_34-144-21 src_tf=4h primary_tf=1h native_rows=5088 primary_rows=20352 outputs=1
13:35:24 [INFO] [L6.5] native-tf path completed: group=4h_L1_momentum_MACD-Line_34-89-13 src_tf=4h primary_tf=1h native_rows=5088 primary_rows=20352 outputs=1
13:35:24 [INFO] [L6.5] native-tf path completed: group=4h_L1_momentum_MACD-Line_5-13-3 src_tf=4h primary_tf=1h native_rows=5088 primary_rows=20352 outputs=1
13:35:24 [INFO] [L6.5] native-tf path completed: group=4h_L1_momentum_MACD-Line_5-21-5 src_tf=4h primary_tf=1h native_rows=5088 primary_rows=20352 outputs=1
13:35:24 [INFO] [L6.5] native-tf path completed: group=4h_L1_momentum_MACD-Line_55-144-21 src_tf=4h primary_tf=1h native_rows=5088 primary_rows=20352 outputs=1
13:35:24 [INFO] [L6.5] native-tf path completed: group=4h_L1_momentum_MACD-Line_55-233-34 src_tf=4h primary_tf=1h native_rows=5088 primary_rows=20352 outputs=1
13:35:24 [INFO] [L6.5] native-tf path completed: group=4h_L1_momentum_MACD-Line_8-21-5 src_tf=4h primary_tf=1h native_rows=5088 primary_rows=20352 outputs=1
13:35:24 [INFO] [L6.5] native-tf path completed: group=4h_L1_momentum_MACD-Line_8-34-9 src_tf=4h primary_tf=1h native_rows=5088 primary_rows=20352 outputs=1
13:35:24 [INFO] [L6.5] native-tf path completed: group=4h_L1_momentum_MACD-Signal_12-26-9 src_tf=4h primary_tf=1h native_rows=5088 primary_rows=20352 outputs=1
13:35:24 [INFO] [L6.5] native-tf path completed: group=4h_L1_momentum_MACD-Signal_13-34-9 src_tf=4h primary_tf=1h native_rows=5088 primary_rows=20352 outputs=1
13:35:24 [INFO] [L6.5] native-tf path completed: group=4h_L1_momentum_MACD-Signal_13-55-13 src_tf=4h primary_tf=1h native_rows=5088 primary_rows=20352 outputs=1
13:35:24 [INFO] [L6.5] native-tf path completed: group=4h_L1_momentum_MACD-Signal_21-55-9 src_tf=4h primary_tf=1h native_rows=5088 primary_rows=20352 outputs=1
13:35:25 [INFO] [L6.5] native-tf path completed: group=4h_L1_momentum_MACD-Signal_21-89-13 src_tf=4h primary_tf=1h native_rows=5088 primary_rows=20352 outputs=1
13:35:25 [INFO] [L6.5] native-tf path completed: group=4h_L1_momentum_MACD-Signal_34-144-21 src_tf=4h primary_tf=1h native_rows=5088 primary_rows=20352 outputs=1
13:35:25 [INFO] [L6.5] native-tf path completed: group=4h_L1_momentum_MACD-Signal_34-89-13 src_tf=4h primary_tf=1h native_rows=5088 primary_rows=20352 outputs=1
13:35:25 [INFO] [L6.5] native-tf path completed: group=4h_L1_momentum_MACD-Signal_5-13-3 src_tf=4h primary_tf=1h native_rows=5088 primary_rows=20352 outputs=1
13:35:25 [INFO] [L6.5] native-tf path completed: group=4h_L1_momentum_MACD-Signal_5-21-5 src_tf=4h primary_tf=1h native_rows=5088 primary_rows=20352 outputs=1
13:35:25 [INFO] [L6.5] native-tf path completed: group=4h_L1_momentum_MACD-Signal_55-144-21 src_tf=4h primary_tf=1h native_rows=5088 primary_rows=20352 outputs=1
13:35:25 [INFO] [L6.5] native-tf path completed: group=4h_L1_momentum_MACD-Signal_55-233-34 src_tf=4h primary_tf=1h native_rows=5088 primary_rows=20352 outputs=1
13:35:25 [INFO] [L6.5] native-tf path completed: group=4h_L1_momentum_MACD-Signal_8-21-5 src_tf=4h primary_tf=1h native_rows=5088 primary_rows=20352 outputs=1
13:35:25 [INFO] [L6.5] raw-sink heartbeat: tasks 373/496 (75.2%), groups 359/482, elapsed=107.8s, rate=3.46/s, ETA=36s, rss=618MB, last=4h_L1_momentum_MACD-Signal_8-21-5 (native-tf, parts=1)
13:35:25 [INFO] [L6.5] native-tf path completed: group=4h_L1_momentum_MACD-Signal_8-34-9 src_tf=4h primary_tf=1h native_rows=5088 primary_rows=20352 outputs=1
13:35:25 [INFO] [L6.5] native-tf path completed: group=4h_L1_momentum_MACDEXT-Hist_12-26-9 src_tf=4h primary_tf=1h native_rows=5088 primary_rows=20352 outputs=1
13:35:25 [INFO] [L6.5] native-tf path completed: group=4h_L1_momentum_MACDEXT-Hist_13-34-9 src_tf=4h primary_tf=1h native_rows=5088 primary_rows=20352 outputs=1
13:35:25 [INFO] [L6.5] native-tf path completed: group=4h_L1_momentum_MACDEXT-Hist_13-55-13 src_tf=4h primary_tf=1h native_rows=5088 primary_rows=20352 outputs=1
13:35:26 [INFO] [L6.5] native-tf path completed: group=4h_L1_momentum_MACDEXT-Hist_21-55-9 src_tf=4h primary_tf=1h native_rows=5088 primary_rows=20352 outputs=1
13:35:26 [INFO] [L6.5] native-tf path completed: group=4h_L1_momentum_MACDEXT-Hist_21-89-13 src_tf=4h primary_tf=1h native_rows=5088 primary_rows=20352 outputs=1
13:35:26 [INFO] [L6.5] native-tf path completed: group=4h_L1_momentum_MACDEXT-Hist_34-144-21 src_tf=4h primary_tf=1h native_rows=5088 primary_rows=20352 outputs=1
13:35:26 [INFO] [L6.5] native-tf path completed: group=4h_L1_momentum_MACDEXT-Hist_34-89-13 src_tf=4h primary_tf=1h native_rows=5088 primary_rows=20352 outputs=1
13:35:26 [INFO] [L6.5] native-tf path completed: group=4h_L1_momentum_MACDEXT-Hist_5-13-3 src_tf=4h primary_tf=1h native_rows=5088 primary_rows=20352 outputs=1
13:35:26 [INFO] [L6.5] native-tf path completed: group=4h_L1_momentum_MACDEXT-Hist_5-21-5 src_tf=4h primary_tf=1h native_rows=5088 primary_rows=20352 outputs=1
13:35:26 [INFO] [L6.5] native-tf path completed: group=4h_L1_momentum_MACDEXT-Hist_55-144-21 src_tf=4h primary_tf=1h native_rows=5088 primary_rows=20352 outputs=1
13:35:26 [INFO] [L6.5] native-tf path completed: group=4h_L1_momentum_MACDEXT-Hist_55-233-34 src_tf=4h primary_tf=1h native_rows=5088 primary_rows=20352 outputs=1
13:35:26 [INFO] [L6.5] native-tf path completed: group=4h_L1_momentum_MACDEXT-Hist_8-21-5 src_tf=4h primary_tf=1h native_rows=5088 primary_rows=20352 outputs=1
13:35:26 [INFO] [L6.5] native-tf path completed: group=4h_L1_momentum_MACDEXT-Hist_8-34-9 src_tf=4h primary_tf=1h native_rows=5088 primary_rows=20352 outputs=1
13:35:26 [INFO] [L6.5] native-tf path completed: group=4h_L1_momentum_MACDEXT-Line_12-26-9 src_tf=4h primary_tf=1h native_rows=5088 primary_rows=20352 outputs=1
13:35:26 [INFO] [L6.5] native-tf path completed: group=4h_L1_momentum_MACDEXT-Line_13-34-9 src_tf=4h primary_tf=1h native_rows=5088 primary_rows=20352 outputs=1
13:35:26 [INFO] [L6.5] native-tf path completed: group=4h_L1_momentum_MACDEXT-Line_13-55-13 src_tf=4h primary_tf=1h native_rows=5088 primary_rows=20352 outputs=1
13:35:27 [INFO] [L6.5] native-tf path completed: group=4h_L1_momentum_MACDEXT-Line_21-55-9 src_tf=4h primary_tf=1h native_rows=5088 primary_rows=20352 outputs=1
13:35:27 [INFO] [L6.5] native-tf path completed: group=4h_L1_momentum_MACDEXT-Line_21-89-13 src_tf=4h primary_tf=1h native_rows=5088 primary_rows=20352 outputs=1
13:35:27 [INFO] [L6.5] native-tf path completed: group=4h_L1_momentum_MACDEXT-Line_34-144-21 src_tf=4h primary_tf=1h native_rows=5088 primary_rows=20352 outputs=1
13:35:27 [INFO] [L6.5] native-tf path completed: group=4h_L1_momentum_MACDEXT-Line_34-89-13 src_tf=4h primary_tf=1h native_rows=5088 primary_rows=20352 outputs=1
13:35:27 [INFO] [L6.5] native-tf path completed: group=4h_L1_momentum_MACDEXT-Line_5-13-3 src_tf=4h primary_tf=1h native_rows=5088 primary_rows=20352 outputs=1
13:35:27 [INFO] [L6.5] native-tf path completed: group=4h_L1_momentum_MACDEXT-Line_5-21-5 src_tf=4h primary_tf=1h native_rows=5088 primary_rows=20352 outputs=1
13:35:27 [INFO] [L6.5] native-tf path completed: group=4h_L1_momentum_MACDEXT-Line_55-144-21 src_tf=4h primary_tf=1h native_rows=5088 primary_rows=20352 outputs=1
13:35:27 [INFO] [L6.5] raw-sink heartbeat: tasks 397/496 (80.0%), groups 383/482, elapsed=109.7s, rate=3.62/s, ETA=27s, rss=618MB, last=4h_L1_momentum_MACDEXT-Line_55-144-21 (native-tf, parts=1)
13:35:27 [INFO] [L6.5] native-tf path completed: group=4h_L1_momentum_MACDEXT-Line_55-233-34 src_tf=4h primary_tf=1h native_rows=5088 primary_rows=20352 outputs=1
13:35:27 [INFO] [L6.5] native-tf path completed: group=4h_L1_momentum_MACDEXT-Line_8-21-5 src_tf=4h primary_tf=1h native_rows=5088 primary_rows=20352 outputs=1
13:35:27 [INFO] [L6.5] native-tf path completed: group=4h_L1_momentum_MACDEXT-Line_8-34-9 src_tf=4h primary_tf=1h native_rows=5088 primary_rows=20352 outputs=1
13:35:27 [INFO] [L6.5] native-tf path completed: group=4h_L1_momentum_MACDEXT-Signal_12-26-9 src_tf=4h primary_tf=1h native_rows=5088 primary_rows=20352 outputs=1
13:35:27 [INFO] [L6.5] native-tf path completed: group=4h_L1_momentum_MACDEXT-Signal_13-34-9 src_tf=4h primary_tf=1h native_rows=5088 primary_rows=20352 outputs=1
13:35:27 [INFO] [L6.5] native-tf path completed: group=4h_L1_momentum_MACDEXT-Signal_13-55-13 src_tf=4h primary_tf=1h native_rows=5088 primary_rows=20352 outputs=1
13:35:28 [INFO] [L6.5] native-tf path completed: group=4h_L1_momentum_MACDEXT-Signal_21-55-9 src_tf=4h primary_tf=1h native_rows=5088 primary_rows=20352 outputs=1
13:35:28 [INFO] [L6.5] native-tf path completed: group=4h_L1_momentum_MACDEXT-Signal_21-89-13 src_tf=4h primary_tf=1h native_rows=5088 primary_rows=20352 outputs=1
13:35:28 [INFO] [L6.5] native-tf path completed: group=4h_L1_momentum_MACDEXT-Signal_34-144-21 src_tf=4h primary_tf=1h native_rows=5088 primary_rows=20352 outputs=1
13:35:28 [INFO] [L6.5] native-tf path completed: group=4h_L1_momentum_MACDEXT-Signal_34-89-13 src_tf=4h primary_tf=1h native_rows=5088 primary_rows=20352 outputs=1
13:35:28 [INFO] [L6.5] native-tf path completed: group=4h_L1_momentum_MACDEXT-Signal_5-13-3 src_tf=4h primary_tf=1h native_rows=5088 primary_rows=20352 outputs=1
13:35:28 [INFO] [L6.5] native-tf path completed: group=4h_L1_momentum_MACDEXT-Signal_5-21-5 src_tf=4h primary_tf=1h native_rows=5088 primary_rows=20352 outputs=1
13:35:28 [INFO] [L6.5] native-tf path completed: group=4h_L1_momentum_MACDEXT-Signal_55-144-21 src_tf=4h primary_tf=1h native_rows=5088 primary_rows=20352 outputs=1
13:35:28 [INFO] [L6.5] native-tf path completed: group=4h_L1_momentum_MACDEXT-Signal_55-233-34 src_tf=4h primary_tf=1h native_rows=5088 primary_rows=20352 outputs=1
13:35:28 [INFO] [L6.5] native-tf path completed: group=4h_L1_momentum_MACDEXT-Signal_8-21-5 src_tf=4h primary_tf=1h native_rows=5088 primary_rows=20352 outputs=1
13:35:28 [INFO] [L6.5] native-tf path completed: group=4h_L1_momentum_MACDEXT-Signal_8-34-9 src_tf=4h primary_tf=1h native_rows=5088 primary_rows=20352 outputs=1
13:35:28 [INFO] [L6.5] native-tf path completed: group=4h_L1_momentum_PPO_12-26-0 src_tf=4h primary_tf=1h native_rows=5088 primary_rows=20352 outputs=1
13:35:28 [INFO] [L6.5] native-tf path completed: group=4h_L1_momentum_PPO_13-34-0 src_tf=4h primary_tf=1h native_rows=5088 primary_rows=20352 outputs=1
13:35:28 [INFO] [L6.5] native-tf path completed: group=4h_L1_momentum_PPO_13-55-0 src_tf=4h primary_tf=1h native_rows=5088 primary_rows=20352 outputs=1
13:35:29 [INFO] [L6.5] native-tf path completed: group=4h_L1_momentum_PPO_21-55-0 src_tf=4h primary_tf=1h native_rows=5088 primary_rows=20352 outputs=1
13:35:29 [INFO] [L6.5] native-tf path completed: group=4h_L1_momentum_PPO_21-89-0 src_tf=4h primary_tf=1h native_rows=5088 primary_rows=20352 outputs=1
13:35:29 [INFO] [L6.5] native-tf path completed: group=4h_L1_momentum_PPO_34-144-0 src_tf=4h primary_tf=1h native_rows=5088 primary_rows=20352 outputs=1
13:35:29 [INFO] [L6.5] native-tf path completed: group=4h_L1_momentum_PPO_34-89-0 src_tf=4h primary_tf=1h native_rows=5088 primary_rows=20352 outputs=1
13:35:29 [INFO] [L6.5] native-tf path completed: group=4h_L1_momentum_PPO_5-13-0 src_tf=4h primary_tf=1h native_rows=5088 primary_rows=20352 outputs=1
13:35:29 [INFO] [L6.5] raw-sink heartbeat: tasks 421/496 (84.9%), groups 407/482, elapsed=111.6s, rate=3.77/s, ETA=20s, rss=618MB, last=4h_L1_momentum_PPO_5-13-0 (native-tf, parts=1)
13:35:29 [INFO] [L6.5] native-tf path completed: group=4h_L1_momentum_PPO_5-21-0 src_tf=4h primary_tf=1h native_rows=5088 primary_rows=20352 outputs=1
13:35:29 [INFO] [L6.5] native-tf path completed: group=4h_L1_momentum_PPO_55-144-0 src_tf=4h primary_tf=1h native_rows=5088 primary_rows=20352 outputs=1
13:35:29 [INFO] [L6.5] native-tf path completed: group=4h_L1_momentum_PPO_55-233-0 src_tf=4h primary_tf=1h native_rows=5088 primary_rows=20352 outputs=1
13:35:29 [INFO] [L6.5] native-tf path completed: group=4h_L1_momentum_PPO_8-21-0 src_tf=4h primary_tf=1h native_rows=5088 primary_rows=20352 outputs=1
13:35:29 [INFO] [L6.5] native-tf path completed: group=4h_L1_momentum_PPO_8-34-0 src_tf=4h primary_tf=1h native_rows=5088 primary_rows=20352 outputs=1
13:35:29 [INFO] [L6.5] native-tf path completed: group=4h_L1_momentum_STOCHRSI-fastd_14-3-3-0 src_tf=4h primary_tf=1h native_rows=5088 primary_rows=20352 outputs=1
13:35:29 [INFO] [L6.5] native-tf path completed: group=4h_L1_momentum_STOCHRSI-fastd_14-5-3-0 src_tf=4h primary_tf=1h native_rows=5088 primary_rows=20352 outputs=1
13:35:30 [INFO] [L6.5] native-tf path completed: group=4h_L1_momentum_STOCHRSI-fastd_21-5-3-0 src_tf=4h primary_tf=1h native_rows=5088 primary_rows=20352 outputs=1
13:35:30 [INFO] [L6.5] native-tf path completed: group=4h_L1_momentum_STOCHRSI-fastd_21-8-5-0 src_tf=4h primary_tf=1h native_rows=5088 primary_rows=20352 outputs=1
13:35:30 [INFO] [L6.5] native-tf path completed: group=4h_L1_momentum_STOCHRSI-fastd_34-8-5-0 src_tf=4h primary_tf=1h native_rows=5088 primary_rows=20352 outputs=1
13:35:30 [INFO] [L6.5] native-tf path completed: group=4h_L1_momentum_STOCHRSI-fastd_55-8-5-0 src_tf=4h primary_tf=1h native_rows=5088 primary_rows=20352 outputs=1
13:35:30 [INFO] [L6.5] native-tf path completed: group=4h_L1_momentum_STOCHRSI-fastd_9-5-3-0 src_tf=4h primary_tf=1h native_rows=5088 primary_rows=20352 outputs=1
13:35:30 [INFO] [L6.5] native-tf path completed: group=4h_L1_momentum_STOCHRSI-fastk_14-3-3-0 src_tf=4h primary_tf=1h native_rows=5088 primary_rows=20352 outputs=1
13:35:30 [INFO] [L6.5] native-tf path completed: group=4h_L1_momentum_STOCHRSI-fastk_14-5-3-0 src_tf=4h primary_tf=1h native_rows=5088 primary_rows=20352 outputs=1
13:35:30 [INFO] [L6.5] native-tf path completed: group=4h_L1_momentum_STOCHRSI-fastk_21-5-3-0 src_tf=4h primary_tf=1h native_rows=5088 primary_rows=20352 outputs=1
13:35:30 [INFO] [L6.5] native-tf path completed: group=4h_L1_momentum_STOCHRSI-fastk_21-8-5-0 src_tf=4h primary_tf=1h native_rows=5088 primary_rows=20352 outputs=1
13:35:30 [INFO] [L6.5] native-tf path completed: group=4h_L1_momentum_STOCHRSI-fastk_34-8-5-0 src_tf=4h primary_tf=1h native_rows=5088 primary_rows=20352 outputs=1
13:35:30 [INFO] [L6.5] native-tf path completed: group=4h_L1_momentum_STOCHRSI-fastk_55-8-5-0 src_tf=4h primary_tf=1h native_rows=5088 primary_rows=20352 outputs=1
13:35:30 [INFO] [L6.5] native-tf path completed: group=4h_L1_momentum_STOCHRSI-fastk_9-5-3-0 src_tf=4h primary_tf=1h native_rows=5088 primary_rows=20352 outputs=1
13:35:30 [INFO] [L6.5] native-tf path completed: group=4h_L1_trend_HT-TRENDLINE src_tf=4h primary_tf=1h native_rows=5088 primary_rows=20352 outputs=1
13:35:31 [INFO] [L6.5] native-tf path completed: group=4h_L1_trend_MAMA-FAMA_0.5-0.05 src_tf=4h primary_tf=1h native_rows=5088 primary_rows=20352 outputs=1
13:35:31 [INFO] [L6.5] native-tf path completed: group=4h_L1_trend_MAMA_0.5-0.05 src_tf=4h primary_tf=1h native_rows=5088 primary_rows=20352 outputs=1
13:35:31 [INFO] [L6.5] native-tf path completed: group=4h_L1_momentum_BOP src_tf=4h primary_tf=1h native_rows=5088 primary_rows=20352 outputs=1
13:35:31 [INFO] [L6.5] native-tf path completed: group=4h_L1_momentum_STOCH-slowd_13-3-0-3-0 src_tf=4h primary_tf=1h native_rows=5088 primary_rows=20352 outputs=1
13:35:31 [INFO] [L6.5] raw-sink heartbeat: tasks 445/496 (89.7%), groups 431/482, elapsed=113.5s, rate=3.92/s, ETA=13s, rss=553MB, last=4h_L1_momentum_STOCH-slowd_13-3-0-3-0 (native-tf, parts=1)
13:35:31 [INFO] [L6.5] native-tf path completed: group=4h_L1_momentum_STOCH-slowd_13-5-0-3-0 src_tf=4h primary_tf=1h native_rows=5088 primary_rows=20352 outputs=1
13:35:31 [INFO] [L6.5] native-tf path completed: group=4h_L1_momentum_STOCH-slowd_21-3-0-3-0 src_tf=4h primary_tf=1h native_rows=5088 primary_rows=20352 outputs=1
13:35:31 [INFO] [L6.5] native-tf path completed: group=4h_L1_momentum_STOCH-slowd_21-5-0-3-0 src_tf=4h primary_tf=1h native_rows=5088 primary_rows=20352 outputs=1
13:35:31 [INFO] [L6.5] native-tf path completed: group=4h_L1_momentum_STOCH-slowd_21-5-0-5-0 src_tf=4h primary_tf=1h native_rows=5088 primary_rows=20352 outputs=1
13:35:31 [INFO] [L6.5] native-tf path completed: group=4h_L1_momentum_STOCH-slowd_34-5-0-3-0 src_tf=4h primary_tf=1h native_rows=5088 primary_rows=20352 outputs=1
13:35:31 [INFO] [L6.5] native-tf path completed: group=4h_L1_momentum_STOCH-slowd_34-5-0-5-0 src_tf=4h primary_tf=1h native_rows=5088 primary_rows=20352 outputs=1
13:35:31 [INFO] [L6.5] native-tf path completed: group=4h_L1_momentum_STOCH-slowd_5-3-0-3-0 src_tf=4h primary_tf=1h native_rows=5088 primary_rows=20352 outputs=1
13:35:31 [INFO] [L6.5] native-tf path completed: group=4h_L1_momentum_STOCH-slowd_55-5-0-5-0 src_tf=4h primary_tf=1h native_rows=5088 primary_rows=20352 outputs=1
13:35:32 [INFO] [L6.5] native-tf path completed: group=4h_L1_momentum_STOCH-slowd_55-8-0-5-0 src_tf=4h primary_tf=1h native_rows=5088 primary_rows=20352 outputs=1
13:35:32 [INFO] [L6.5] native-tf path completed: group=4h_L1_momentum_STOCH-slowd_8-3-0-3-0 src_tf=4h primary_tf=1h native_rows=5088 primary_rows=20352 outputs=1
13:35:32 [INFO] [L6.5] native-tf path completed: group=4h_L1_momentum_STOCH-slowd_89-8-0-5-0 src_tf=4h primary_tf=1h native_rows=5088 primary_rows=20352 outputs=1
13:35:32 [INFO] [L6.5] native-tf path completed: group=4h_L1_momentum_STOCH-slowk_13-3-0-3-0 src_tf=4h primary_tf=1h native_rows=5088 primary_rows=20352 outputs=1
13:35:32 [INFO] [L6.5] native-tf path completed: group=4h_L1_momentum_STOCH-slowk_13-5-0-3-0 src_tf=4h primary_tf=1h native_rows=5088 primary_rows=20352 outputs=1
13:35:32 [INFO] [L6.5] native-tf path completed: group=4h_L1_momentum_STOCH-slowk_21-3-0-3-0 src_tf=4h primary_tf=1h native_rows=5088 primary_rows=20352 outputs=1
13:35:32 [INFO] [L6.5] native-tf path completed: group=4h_L1_momentum_STOCH-slowk_21-5-0-3-0 src_tf=4h primary_tf=1h native_rows=5088 primary_rows=20352 outputs=1
13:35:32 [INFO] [L6.5] native-tf path completed: group=4h_L1_momentum_STOCH-slowk_21-5-0-5-0 src_tf=4h primary_tf=1h native_rows=5088 primary_rows=20352 outputs=1
13:35:32 [INFO] [L6.5] native-tf path completed: group=4h_L1_momentum_STOCH-slowk_34-5-0-3-0 src_tf=4h primary_tf=1h native_rows=5088 primary_rows=20352 outputs=1
13:35:32 [INFO] [L6.5] native-tf path completed: group=4h_L1_momentum_STOCH-slowk_34-5-0-5-0 src_tf=4h primary_tf=1h native_rows=5088 primary_rows=20352 outputs=1
13:35:32 [INFO] [L6.5] native-tf path completed: group=4h_L1_momentum_STOCH-slowk_5-3-0-3-0 src_tf=4h primary_tf=1h native_rows=5088 primary_rows=20352 outputs=1
13:35:32 [INFO] [L6.5] native-tf path completed: group=4h_L1_momentum_STOCH-slowk_55-5-0-5-0 src_tf=4h primary_tf=1h native_rows=5088 primary_rows=20352 outputs=1
13:35:32 [INFO] [L6.5] native-tf path completed: group=4h_L1_momentum_STOCH-slowk_55-8-0-5-0 src_tf=4h primary_tf=1h native_rows=5088 primary_rows=20352 outputs=1
13:35:33 [INFO] [L6.5] native-tf path completed: group=4h_L1_momentum_STOCH-slowk_8-3-0-3-0 src_tf=4h primary_tf=1h native_rows=5088 primary_rows=20352 outputs=1
13:35:33 [INFO] [L6.5] native-tf path completed: group=4h_L1_momentum_STOCH-slowk_89-8-0-5-0 src_tf=4h primary_tf=1h native_rows=5088 primary_rows=20352 outputs=1
13:35:33 [INFO] [L6.5] native-tf path completed: group=4h_L1_momentum_STOCHF-fastd_13-3-0 src_tf=4h primary_tf=1h native_rows=5088 primary_rows=20352 outputs=1
13:35:33 [INFO] [L6.5] raw-sink heartbeat: tasks 469/496 (94.6%), groups 455/482, elapsed=115.4s, rate=4.06/s, ETA=7s, rss=553MB, last=4h_L1_momentum_STOCHF-fastd_13-3-0 (native-tf, parts=1)
13:35:33 [INFO] [L6.5] native-tf path completed: group=4h_L1_momentum_STOCHF-fastd_21-3-0 src_tf=4h primary_tf=1h native_rows=5088 primary_rows=20352 outputs=1
13:35:33 [INFO] [L6.5] native-tf path completed: group=4h_L1_momentum_STOCHF-fastd_21-5-0 src_tf=4h primary_tf=1h native_rows=5088 primary_rows=20352 outputs=1
13:35:33 [INFO] [L6.5] native-tf path completed: group=4h_L1_momentum_STOCHF-fastd_34-5-0 src_tf=4h primary_tf=1h native_rows=5088 primary_rows=20352 outputs=1
13:35:33 [INFO] [L6.5] native-tf path completed: group=4h_L1_momentum_STOCHF-fastd_5-3-0 src_tf=4h primary_tf=1h native_rows=5088 primary_rows=20352 outputs=1
13:35:33 [INFO] [L6.5] native-tf path completed: group=4h_L1_momentum_STOCHF-fastd_55-5-0 src_tf=4h primary_tf=1h native_rows=5088 primary_rows=20352 outputs=1
13:35:33 [INFO] [L6.5] native-tf path completed: group=4h_L1_momentum_STOCHF-fastd_8-3-0 src_tf=4h primary_tf=1h native_rows=5088 primary_rows=20352 outputs=1
13:35:33 [INFO] [L6.5] native-tf path completed: group=4h_L1_momentum_STOCHF-fastd_89-8-0 src_tf=4h primary_tf=1h native_rows=5088 primary_rows=20352 outputs=1
13:35:33 [INFO] [L6.5] native-tf path completed: group=4h_L1_momentum_STOCHF-fastk_13-3-0 src_tf=4h primary_tf=1h native_rows=5088 primary_rows=20352 outputs=1
13:35:33 [INFO] [L6.5] native-tf path completed: group=4h_L1_momentum_STOCHF-fastk_21-3-0 src_tf=4h primary_tf=1h native_rows=5088 primary_rows=20352 outputs=1
13:35:33 [INFO] [L6.5] native-tf path completed: group=4h_L1_momentum_STOCHF-fastk_21-5-0 src_tf=4h primary_tf=1h native_rows=5088 primary_rows=20352 outputs=1
13:35:34 [INFO] [L6.5] native-tf path completed: group=4h_L1_momentum_STOCHF-fastk_34-5-0 src_tf=4h primary_tf=1h native_rows=5088 primary_rows=20352 outputs=1
13:35:34 [INFO] [L6.5] native-tf path completed: group=4h_L1_momentum_STOCHF-fastk_5-3-0 src_tf=4h primary_tf=1h native_rows=5088 primary_rows=20352 outputs=1
13:35:34 [INFO] [L6.5] native-tf path completed: group=4h_L1_momentum_STOCHF-fastk_55-5-0 src_tf=4h primary_tf=1h native_rows=5088 primary_rows=20352 outputs=1
13:35:34 [INFO] [L6.5] native-tf path completed: group=4h_L1_momentum_STOCHF-fastk_8-3-0 src_tf=4h primary_tf=1h native_rows=5088 primary_rows=20352 outputs=1
13:35:34 [INFO] [L6.5] native-tf path completed: group=4h_L1_momentum_STOCHF-fastk_89-8-0 src_tf=4h primary_tf=1h native_rows=5088 primary_rows=20352 outputs=1
13:35:34 [INFO] [L6.5] native-tf path completed: group=4h_L1_momentum_ULTOSC_13-21-55 src_tf=4h primary_tf=1h native_rows=5088 primary_rows=20352 outputs=1
13:35:34 [INFO] [L6.5] native-tf path completed: group=4h_L1_momentum_ULTOSC_13-34-89 src_tf=4h primary_tf=1h native_rows=5088 primary_rows=20352 outputs=1
13:35:34 [INFO] [L6.5] native-tf path completed: group=4h_L1_momentum_ULTOSC_21-34-89 src_tf=4h primary_tf=1h native_rows=5088 primary_rows=20352 outputs=1
13:35:34 [INFO] [L6.5] native-tf path completed: group=4h_L1_momentum_ULTOSC_21-55-144 src_tf=4h primary_tf=1h native_rows=5088 primary_rows=20352 outputs=1
13:35:34 [INFO] [L6.5] native-tf path completed: group=4h_L1_momentum_ULTOSC_34-55-144 src_tf=4h primary_tf=1h native_rows=5088 primary_rows=20352 outputs=1
13:35:34 [INFO] [L6.5] native-tf path completed: group=4h_L1_momentum_ULTOSC_34-89-233 src_tf=4h primary_tf=1h native_rows=5088 primary_rows=20352 outputs=1
13:35:34 [INFO] [L6.5] native-tf path completed: group=4h_L1_momentum_ULTOSC_5-10-20 src_tf=4h primary_tf=1h native_rows=5088 primary_rows=20352 outputs=1
13:35:34 [INFO] [L6.5] native-tf path completed: group=4h_L1_momentum_ULTOSC_5-13-26 src_tf=4h primary_tf=1h native_rows=5088 primary_rows=20352 outputs=1
13:35:35 [INFO] [L6.5] native-tf path completed: group=4h_L1_momentum_ULTOSC_7-14-28 src_tf=4h primary_tf=1h native_rows=5088 primary_rows=20352 outputs=1
13:35:35 [INFO] [L6.5] raw-sink heartbeat: tasks 493/496 (99.4%), groups 479/482, elapsed=117.3s, rate=4.20/s, ETA=1s, rss=473MB, last=4h_L1_momentum_ULTOSC_7-14-28 (native-tf, parts=1)
13:35:35 [INFO] [L6.5] native-tf path completed: group=4h_L1_momentum_ULTOSC_8-21-55 src_tf=4h primary_tf=1h native_rows=5088 primary_rows=20352 outputs=1
13:35:35 [INFO] [L6.5] native-tf path completed: group=4h_L1_trend_SAREXT_0-0-0.02-0.02-0.2-0.02-0.02-0.2 src_tf=4h primary_tf=1h native_rows=5088 primary_rows=20352 outputs=1
13:35:35 [INFO] [L6.5] native-tf path completed: group=4h_L1_trend_SAR_0.02-0.2 src_tf=4h primary_tf=1h native_rows=5088 primary_rows=20352 outputs=1
13:35:35 [INFO] [L6.5] raw-sink heartbeat: tasks 496/496 (100.0%), groups 482/482, elapsed=117.5s, rate=4.22/s, ETA=0s, rss=473MB, last=4h_L1_trend_SAR_0.02-0.2 (native-tf, parts=1)
13:35:35 [INFO] [L6.5] raw-sink complete: 482/482 groups in 117.61s rss=473MB
13:35:35 [INFO] [Layer B Sanitize][CGSA] nulled 4354474 non-finite/over-cap values (finite_cap=1e+18) across all streamed features
13:35:36 [INFO] [L7_raw] registry stream persist done: symbol=BTCUSDT tf=1h groups=490 features=75416 npy_freed=3.57 GiB dtype=mixed
13:35:36 [INFO] [multi_tf:complete] 100% - [CGSA] MultiTF generation completed (267.39s)
13:35:36 [WARNING] STOCH combo [5, 3, 3] is missing 2 parameter(s); using defaults slowk=3 slowd=3 slowk_matype=0 slowd_matype=0
13:35:36 [WARNING] STOCH combo [8, 3, 3] is missing 2 parameter(s); using defaults slowk=3 slowd=3 slowk_matype=0 slowd_matype=0
13:35:36 [WARNING] STOCH combo [13, 3, 3] is missing 2 parameter(s); using defaults slowk=3 slowd=3 slowk_matype=0 slowd_matype=0
13:35:36 [WARNING] STOCH combo [13, 5, 3] is missing 2 parameter(s); using defaults slowk=5 slowd=3 slowk_matype=0 slowd_matype=0
13:35:36 [WARNING] STOCH combo [21, 3, 3] is missing 2 parameter(s); using defaults slowk=3 slowd=3 slowk_matype=0 slowd_matype=0
13:35:36 [WARNING] STOCH combo [21, 5, 3] is missing 2 parameter(s); using defaults slowk=5 slowd=3 slowk_matype=0 slowd_matype=0
13:35:36 [WARNING] STOCH combo [21, 5, 5] is missing 2 parameter(s); using defaults slowk=5 slowd=5 slowk_matype=0 slowd_matype=0
13:35:36 [WARNING] STOCH combo [34, 5, 3] is missing 2 parameter(s); using defaults slowk=5 slowd=3 slowk_matype=0 slowd_matype=0
13:35:36 [WARNING] STOCH combo [34, 5, 5] is missing 2 parameter(s); using defaults slowk=5 slowd=5 slowk_matype=0 slowd_matype=0
13:35:36 [WARNING] STOCH combo [55, 5, 5] is missing 2 parameter(s); using defaults slowk=5 slowd=5 slowk_matype=0 slowd_matype=0
13:35:36 [WARNING] STOCH combo [55, 8, 5] is missing 2 parameter(s); using defaults slowk=8 slowd=5 slowk_matype=0 slowd_matype=0
13:35:36 [WARNING] STOCH combo [89, 8, 5] is missing 2 parameter(s); using defaults slowk=8 slowd=5 slowk_matype=0 slowd_matype=0
13:35:36 [WARNING] STOCHF combo [5, 3] is missing 1 parameter(s); using defaults fastd_period=3 fastd_matype=0
13:35:36 [WARNING] STOCHF combo [8, 3] is missing 1 parameter(s); using defaults fastd_period=3 fastd_matype=0
13:35:36 [WARNING] STOCHF combo [13, 3] is missing 1 parameter(s); using defaults fastd_period=3 fastd_matype=0
13:35:36 [WARNING] STOCHF combo [21, 3] is missing 1 parameter(s); using defaults fastd_period=3 fastd_matype=0
13:35:36 [WARNING] STOCHF combo [21, 5] is missing 1 parameter(s); using defaults fastd_period=5 fastd_matype=0
13:35:36 [WARNING] STOCHF combo [34, 5] is missing 1 parameter(s); using defaults fastd_period=5 fastd_matype=0
13:35:36 [WARNING] STOCHF combo [55, 5] is missing 1 parameter(s); using defaults fastd_period=5 fastd_matype=0
13:35:36 [WARNING] STOCHF combo [89, 8] is missing 1 parameter(s); using defaults fastd_period=8 fastd_matype=0
13:35:36 [WARNING] STOCHRSI combo [9, 5, 3] is missing 1 parameter(s); using defaults fastk_period=5 fastd_period=3 fastd_matype=0
13:35:36 [WARNING] STOCHRSI combo [14, 5, 3] is missing 1 parameter(s); using defaults fastk_period=5 fastd_period=3 fastd_matype=0
13:35:36 [WARNING] STOCHRSI combo [14, 3, 3] is missing 1 parameter(s); using defaults fastk_period=3 fastd_period=3 fastd_matype=0
13:35:36 [WARNING] STOCHRSI combo [21, 5, 3] is missing 1 parameter(s); using defaults fastk_period=5 fastd_period=3 fastd_matype=0
13:35:36 [WARNING] STOCHRSI combo [21, 8, 5] is missing 1 parameter(s); using defaults fastk_period=8 fastd_period=5 fastd_matype=0
13:35:36 [WARNING] STOCHRSI combo [34, 8, 5] is missing 1 parameter(s); using defaults fastk_period=8 fastd_period=5 fastd_matype=0
13:35:36 [WARNING] STOCHRSI combo [55, 8, 5] is missing 1 parameter(s); using defaults fastk_period=8 fastd_period=5 fastd_matype=0
13:35:36 [WARNING] STOCH combo [5, 3, 3] is missing 2 parameter(s); using defaults slowk=3 slowd=3 slowk_matype=0 slowd_matype=0
13:35:36 [WARNING] STOCH combo [8, 3, 3] is missing 2 parameter(s); using defaults slowk=3 slowd=3 slowk_matype=0 slowd_matype=0
13:35:36 [WARNING] STOCH combo [13, 3, 3] is missing 2 parameter(s); using defaults slowk=3 slowd=3 slowk_matype=0 slowd_matype=0
13:35:36 [WARNING] STOCH combo [13, 5, 3] is missing 2 parameter(s); using defaults slowk=5 slowd=3 slowk_matype=0 slowd_matype=0
13:35:36 [WARNING] STOCH combo [21, 3, 3] is missing 2 parameter(s); using defaults slowk=3 slowd=3 slowk_matype=0 slowd_matype=0
13:35:36 [WARNING] STOCH combo [21, 5, 3] is missing 2 parameter(s); using defaults slowk=5 slowd=3 slowk_matype=0 slowd_matype=0
13:35:36 [WARNING] STOCH combo [21, 5, 5] is missing 2 parameter(s); using defaults slowk=5 slowd=5 slowk_matype=0 slowd_matype=0
13:35:36 [WARNING] STOCH combo [34, 5, 3] is missing 2 parameter(s); using defaults slowk=5 slowd=3 slowk_matype=0 slowd_matype=0
13:35:36 [WARNING] STOCH combo [34, 5, 5] is missing 2 parameter(s); using defaults slowk=5 slowd=5 slowk_matype=0 slowd_matype=0
13:35:36 [WARNING] STOCH combo [55, 5, 5] is missing 2 parameter(s); using defaults slowk=5 slowd=5 slowk_matype=0 slowd_matype=0
13:35:36 [WARNING] STOCH combo [55, 8, 5] is missing 2 parameter(s); using defaults slowk=8 slowd=5 slowk_matype=0 slowd_matype=0
13:35:36 [WARNING] STOCH combo [89, 8, 5] is missing 2 parameter(s); using defaults slowk=8 slowd=5 slowk_matype=0 slowd_matype=0
13:35:36 [WARNING] STOCHF combo [5, 3] is missing 1 parameter(s); using defaults fastd_period=3 fastd_matype=0
13:35:36 [WARNING] STOCHF combo [8, 3] is missing 1 parameter(s); using defaults fastd_period=3 fastd_matype=0
13:35:36 [WARNING] STOCHF combo [13, 3] is missing 1 parameter(s); using defaults fastd_period=3 fastd_matype=0
13:35:36 [WARNING] STOCHF combo [21, 3] is missing 1 parameter(s); using defaults fastd_period=3 fastd_matype=0
13:35:36 [WARNING] STOCHF combo [21, 5] is missing 1 parameter(s); using defaults fastd_period=5 fastd_matype=0
13:35:36 [WARNING] STOCHF combo [34, 5] is missing 1 parameter(s); using defaults fastd_period=5 fastd_matype=0
13:35:36 [WARNING] STOCHF combo [55, 5] is missing 1 parameter(s); using defaults fastd_period=5 fastd_matype=0
13:35:36 [WARNING] STOCHF combo [89, 8] is missing 1 parameter(s); using defaults fastd_period=8 fastd_matype=0
13:35:36 [WARNING] STOCHRSI combo [9, 5, 3] is missing 1 parameter(s); using defaults fastk_period=5 fastd_period=3 fastd_matype=0
13:35:36 [WARNING] STOCHRSI combo [14, 5, 3] is missing 1 parameter(s); using defaults fastk_period=5 fastd_period=3 fastd_matype=0
13:35:36 [WARNING] STOCHRSI combo [14, 3, 3] is missing 1 parameter(s); using defaults fastk_period=3 fastd_period=3 fastd_matype=0
13:35:36 [WARNING] STOCHRSI combo [21, 5, 3] is missing 1 parameter(s); using defaults fastk_period=5 fastd_period=3 fastd_matype=0
13:35:36 [WARNING] STOCHRSI combo [21, 8, 5] is missing 1 parameter(s); using defaults fastk_period=8 fastd_period=5 fastd_matype=0
13:35:36 [WARNING] STOCHRSI combo [34, 8, 5] is missing 1 parameter(s); using defaults fastk_period=8 fastd_period=5 fastd_matype=0
13:35:36 [WARNING] STOCHRSI combo [55, 8, 5] is missing 1 parameter(s); using defaults fastk_period=8 fastd_period=5 fastd_matype=0
13:35:36 [INFO] Fetching spot data: BTCUSDT/1h
13:35:36 [INFO] Read 20352 klines from BTCUSDT/1h in 0.009s
13:35:36 [INFO] Aligned data for BTCUSDT/1h: 20352 rows, 5 columns
13:35:36 [INFO] Fetching spot data: BTCUSDT/4h
13:35:36 [INFO] Read 5088 klines from BTCUSDT/4h in 0.003s
13:35:36 [INFO] Aligned data for BTCUSDT/4h: 5088 rows, 5 columns
13:35:36 [INFO] Loaded feature registry with 1 entries
13:35:36 [INFO] [Layer 1] 0% - Starting Layer 1...
13:35:36 [INFO] Layer 1 starting, rss=485MB
13:35:37 [WARNING] STOCH combo [5, 3, 3] is missing 2 parameter(s); using defaults slowk=3 slowd=3 slowk_matype=0 slowd_matype=0
13:35:37 [WARNING] STOCH combo [8, 3, 3] is missing 2 parameter(s); using defaults slowk=3 slowd=3 slowk_matype=0 slowd_matype=0
13:35:37 [WARNING] STOCH combo [13, 3, 3] is missing 2 parameter(s); using defaults slowk=3 slowd=3 slowk_matype=0 slowd_matype=0
13:35:37 [WARNING] STOCH combo [13, 5, 3] is missing 2 parameter(s); using defaults slowk=5 slowd=3 slowk_matype=0 slowd_matype=0
13:35:37 [WARNING] STOCH combo [21, 3, 3] is missing 2 parameter(s); using defaults slowk=3 slowd=3 slowk_matype=0 slowd_matype=0
13:35:37 [WARNING] STOCH combo [21, 5, 3] is missing 2 parameter(s); using defaults slowk=5 slowd=3 slowk_matype=0 slowd_matype=0
13:35:37 [WARNING] STOCH combo [21, 5, 5] is missing 2 parameter(s); using defaults slowk=5 slowd=5 slowk_matype=0 slowd_matype=0
13:35:37 [WARNING] STOCH combo [34, 5, 3] is missing 2 parameter(s); using defaults slowk=5 slowd=3 slowk_matype=0 slowd_matype=0
13:35:37 [WARNING] STOCH combo [34, 5, 5] is missing 2 parameter(s); using defaults slowk=5 slowd=5 slowk_matype=0 slowd_matype=0
13:35:37 [WARNING] STOCH combo [55, 5, 5] is missing 2 parameter(s); using defaults slowk=5 slowd=5 slowk_matype=0 slowd_matype=0
13:35:37 [WARNING] STOCH combo [55, 8, 5] is missing 2 parameter(s); using defaults slowk=8 slowd=5 slowk_matype=0 slowd_matype=0
13:35:37 [WARNING] STOCH combo [89, 8, 5] is missing 2 parameter(s); using defaults slowk=8 slowd=5 slowk_matype=0 slowd_matype=0
13:35:37 [WARNING] STOCHF combo [5, 3] is missing 1 parameter(s); using defaults fastd_period=3 fastd_matype=0
13:35:37 [WARNING] STOCHF combo [8, 3] is missing 1 parameter(s); using defaults fastd_period=3 fastd_matype=0
13:35:37 [WARNING] STOCHF combo [13, 3] is missing 1 parameter(s); using defaults fastd_period=3 fastd_matype=0
13:35:37 [WARNING] STOCHF combo [21, 3] is missing 1 parameter(s); using defaults fastd_period=3 fastd_matype=0
13:35:37 [WARNING] STOCHF combo [21, 5] is missing 1 parameter(s); using defaults fastd_period=5 fastd_matype=0
13:35:37 [WARNING] STOCHF combo [34, 5] is missing 1 parameter(s); using defaults fastd_period=5 fastd_matype=0
13:35:37 [WARNING] STOCHF combo [55, 5] is missing 1 parameter(s); using defaults fastd_period=5 fastd_matype=0
13:35:37 [WARNING] STOCHF combo [89, 8] is missing 1 parameter(s); using defaults fastd_period=8 fastd_matype=0
13:35:37 [WARNING] STOCHRSI combo [9, 5, 3] is missing 1 parameter(s); using defaults fastk_period=5 fastd_period=3 fastd_matype=0
13:35:37 [WARNING] STOCHRSI combo [14, 5, 3] is missing 1 parameter(s); using defaults fastk_period=5 fastd_period=3 fastd_matype=0
13:35:37 [WARNING] STOCHRSI combo [14, 3, 3] is missing 1 parameter(s); using defaults fastk_period=3 fastd_period=3 fastd_matype=0
13:35:37 [WARNING] STOCHRSI combo [21, 5, 3] is missing 1 parameter(s); using defaults fastk_period=5 fastd_period=3 fastd_matype=0
13:35:37 [WARNING] STOCHRSI combo [21, 8, 5] is missing 1 parameter(s); using defaults fastk_period=8 fastd_period=5 fastd_matype=0
13:35:37 [WARNING] STOCHRSI combo [34, 8, 5] is missing 1 parameter(s); using defaults fastk_period=8 fastd_period=5 fastd_matype=0
13:35:37 [WARNING] STOCHRSI combo [55, 8, 5] is missing 1 parameter(s); using defaults fastk_period=8 fastd_period=5 fastd_matype=0
13:35:37 [INFO] [Layer 1] 100% - Layer 1 completed: 898 features
13:35:37 [INFO] Layer 1 done: 898 cols, status=ok, rss=620MB
13:35:37 [INFO] [Layer 2] 0% - Starting Layer 2...
13:35:37 [INFO] Layer 2 starting, rss=620MB
13:35:37 [INFO] [L2] Starting derived features: 898 L1 cols
13:35:37 [WARNING] STOCH combo [5, 3, 3] is missing 2 parameter(s); using defaults slowk=3 slowd=3 slowk_matype=0 slowd_matype=0
13:35:37 [WARNING] STOCH combo [8, 3, 3] is missing 2 parameter(s); using defaults slowk=3 slowd=3 slowk_matype=0 slowd_matype=0
13:35:37 [WARNING] STOCH combo [13, 3, 3] is missing 2 parameter(s); using defaults slowk=3 slowd=3 slowk_matype=0 slowd_matype=0
13:35:37 [WARNING] STOCH combo [13, 5, 3] is missing 2 parameter(s); using defaults slowk=5 slowd=3 slowk_matype=0 slowd_matype=0
13:35:37 [WARNING] STOCH combo [21, 3, 3] is missing 2 parameter(s); using defaults slowk=3 slowd=3 slowk_matype=0 slowd_matype=0
13:35:37 [WARNING] STOCH combo [21, 5, 3] is missing 2 parameter(s); using defaults slowk=5 slowd=3 slowk_matype=0 slowd_matype=0
13:35:37 [WARNING] STOCH combo [21, 5, 5] is missing 2 parameter(s); using defaults slowk=5 slowd=5 slowk_matype=0 slowd_matype=0
13:35:37 [WARNING] STOCH combo [34, 5, 3] is missing 2 parameter(s); using defaults slowk=5 slowd=3 slowk_matype=0 slowd_matype=0
13:35:37 [WARNING] STOCH combo [34, 5, 5] is missing 2 parameter(s); using defaults slowk=5 slowd=5 slowk_matype=0 slowd_matype=0
13:35:37 [WARNING] STOCH combo [55, 5, 5] is missing 2 parameter(s); using defaults slowk=5 slowd=5 slowk_matype=0 slowd_matype=0
13:35:37 [WARNING] STOCH combo [55, 8, 5] is missing 2 parameter(s); using defaults slowk=8 slowd=5 slowk_matype=0 slowd_matype=0
13:35:37 [WARNING] STOCH combo [89, 8, 5] is missing 2 parameter(s); using defaults slowk=8 slowd=5 slowk_matype=0 slowd_matype=0
13:35:37 [WARNING] STOCHF combo [5, 3] is missing 1 parameter(s); using defaults fastd_period=3 fastd_matype=0
13:35:37 [WARNING] STOCHF combo [8, 3] is missing 1 parameter(s); using defaults fastd_period=3 fastd_matype=0
13:35:37 [WARNING] STOCHF combo [13, 3] is missing 1 parameter(s); using defaults fastd_period=3 fastd_matype=0
13:35:37 [WARNING] STOCHF combo [21, 3] is missing 1 parameter(s); using defaults fastd_period=3 fastd_matype=0
13:35:37 [WARNING] STOCHF combo [21, 5] is missing 1 parameter(s); using defaults fastd_period=5 fastd_matype=0
13:35:37 [WARNING] STOCHF combo [34, 5] is missing 1 parameter(s); using defaults fastd_period=5 fastd_matype=0
13:35:37 [WARNING] STOCHF combo [55, 5] is missing 1 parameter(s); using defaults fastd_period=5 fastd_matype=0
13:35:37 [WARNING] STOCHF combo [89, 8] is missing 1 parameter(s); using defaults fastd_period=8 fastd_matype=0
13:35:37 [WARNING] STOCHRSI combo [9, 5, 3] is missing 1 parameter(s); using defaults fastk_period=5 fastd_period=3 fastd_matype=0
13:35:37 [WARNING] STOCHRSI combo [14, 5, 3] is missing 1 parameter(s); using defaults fastk_period=5 fastd_period=3 fastd_matype=0
13:35:37 [WARNING] STOCHRSI combo [14, 3, 3] is missing 1 parameter(s); using defaults fastk_period=3 fastd_period=3 fastd_matype=0
13:35:37 [WARNING] STOCHRSI combo [21, 5, 3] is missing 1 parameter(s); using defaults fastk_period=5 fastd_period=3 fastd_matype=0
13:35:37 [WARNING] STOCHRSI combo [21, 8, 5] is missing 1 parameter(s); using defaults fastk_period=8 fastd_period=5 fastd_matype=0
13:35:37 [WARNING] STOCHRSI combo [34, 8, 5] is missing 1 parameter(s); using defaults fastk_period=8 fastd_period=5 fastd_matype=0
13:35:37 [WARNING] STOCHRSI combo [55, 8, 5] is missing 1 parameter(s); using defaults fastk_period=8 fastd_period=5 fastd_matype=0
13:35:45 [INFO] [L2] Completed: 11621 cols in 8.27s
13:35:46 [INFO] [Layer 2] 100% - Layer 2 completed: 11621 features
13:35:46 [INFO] Layer 2 done: 11621 cols, status=ok, rss=1835MB
13:35:46 [INFO] [memmap] created: shape=(10752, 11621), dtype=<class 'numpy.float32'>, est=0.50 GB  (file auto-unlinked)
13:35:47 [INFO] [spill] calib_layer2: 10752×11621 → float32 memmap in 0.8s (freed ~1.0 GB float64)
13:35:47 [INFO] [Layer 3] 0% - Starting Layer 3...
13:35:47 [INFO] Layer 3 starting, rss=2402MB
13:35:51 [INFO] [L3 streaming][numba][multi] step 10/20 (W5_range): 898→898 cols (-0 dead)
13:35:51 [INFO] [L3 streaming][numba][multi] step 20/20 (W13_range): 898→898 cols (-0 dead)
13:35:51 [INFO] [L3 streaming][numba][multi] complete: 17960 total generated, 0 dead dropped, 17960 survivors
13:35:52 [INFO] [Layer 3] 100% - Layer 3 completed: 17960 features
13:35:52 [INFO] Layer 3 done: 17960 cols, status=ok, rss=1431MB
13:35:52 [INFO] [Layer 4] 0% - Starting Layer 4...
13:35:52 [INFO] Layer 4 starting, rss=1431MB
13:35:53 [INFO] [Layer 4] 100% - Layer 4 completed: 7224 features
13:35:53 [INFO] Layer 4 done: 7224 cols, status=ok, rss=2272MB
13:35:53 [INFO] [Layer 5] 0% - Starting Layer 5...
13:35:53 [INFO] Layer 5 starting, rss=2272MB
13:35:53 [INFO] [Layer 5] 100% - Layer 5 completed: 0 features
13:35:53 [INFO] Layer 5 done: 0 cols, status=empty_disabled, rss=2272MB
13:35:53 [INFO] [Layer 6] 0% - Starting Layer 6...
13:35:53 [INFO] Layer 6 starting, rss=2272MB
13:35:53 [INFO] [Layer 6] 100% - Layer 6 completed: 10 features
13:35:53 [INFO] Layer 6 done: 10 cols, status=ok, rss=2219MB
13:35:53 [INFO] [memmap concat] 5 DFs → 37713 cols × 10752 rows ≈ 1.62 GB → disk-backed
13:35:53 [INFO] [memmap] created: shape=(10752, 37713), dtype=<class 'numpy.float32'>, est=1.62 GB  (file auto-unlinked)
13:35:53 [INFO] [memmap concat] copying DF 1/5 (898 cols)
13:35:53 [INFO] [memmap concat] copying DF 2/5 (11621 cols)
13:35:54 [INFO] [memmap concat] copying DF 3/5 (17960 cols)
13:35:56 [INFO] [memmap concat] copying DF 4/5 (7224 cols)
13:35:58 [INFO] [memmap concat] copying DF 5/5 (10 cols)
13:38:19 [INFO] Loaded feature registry with 1 entries
13:38:19 [INFO] [Layer 1] 0% - Starting Layer 1...
13:38:19 [INFO] Layer 1 starting, rss=1212MB
13:38:19 [WARNING] STOCH combo [5, 3, 3] is missing 2 parameter(s); using defaults slowk=3 slowd=3 slowk_matype=0 slowd_matype=0
13:38:19 [WARNING] STOCH combo [8, 3, 3] is missing 2 parameter(s); using defaults slowk=3 slowd=3 slowk_matype=0 slowd_matype=0
13:38:19 [WARNING] STOCH combo [13, 3, 3] is missing 2 parameter(s); using defaults slowk=3 slowd=3 slowk_matype=0 slowd_matype=0
13:38:19 [WARNING] STOCH combo [13, 5, 3] is missing 2 parameter(s); using defaults slowk=5 slowd=3 slowk_matype=0 slowd_matype=0
13:38:19 [WARNING] STOCH combo [21, 3, 3] is missing 2 parameter(s); using defaults slowk=3 slowd=3 slowk_matype=0 slowd_matype=0
13:38:19 [WARNING] STOCH combo [21, 5, 3] is missing 2 parameter(s); using defaults slowk=5 slowd=3 slowk_matype=0 slowd_matype=0
13:38:19 [WARNING] STOCH combo [21, 5, 5] is missing 2 parameter(s); using defaults slowk=5 slowd=5 slowk_matype=0 slowd_matype=0
13:38:19 [WARNING] STOCH combo [34, 5, 3] is missing 2 parameter(s); using defaults slowk=5 slowd=3 slowk_matype=0 slowd_matype=0
13:38:19 [WARNING] STOCH combo [34, 5, 5] is missing 2 parameter(s); using defaults slowk=5 slowd=5 slowk_matype=0 slowd_matype=0
13:38:19 [WARNING] STOCH combo [55, 5, 5] is missing 2 parameter(s); using defaults slowk=5 slowd=5 slowk_matype=0 slowd_matype=0
13:38:19 [WARNING] STOCH combo [55, 8, 5] is missing 2 parameter(s); using defaults slowk=8 slowd=5 slowk_matype=0 slowd_matype=0
13:38:19 [WARNING] STOCH combo [89, 8, 5] is missing 2 parameter(s); using defaults slowk=8 slowd=5 slowk_matype=0 slowd_matype=0
13:38:19 [WARNING] STOCHF combo [5, 3] is missing 1 parameter(s); using defaults fastd_period=3 fastd_matype=0
13:38:19 [WARNING] STOCHF combo [8, 3] is missing 1 parameter(s); using defaults fastd_period=3 fastd_matype=0
13:38:19 [WARNING] STOCHF combo [13, 3] is missing 1 parameter(s); using defaults fastd_period=3 fastd_matype=0
13:38:19 [WARNING] STOCHF combo [21, 3] is missing 1 parameter(s); using defaults fastd_period=3 fastd_matype=0
13:38:19 [WARNING] STOCHF combo [21, 5] is missing 1 parameter(s); using defaults fastd_period=5 fastd_matype=0
13:38:19 [WARNING] STOCHF combo [34, 5] is missing 1 parameter(s); using defaults fastd_period=5 fastd_matype=0
13:38:19 [WARNING] STOCHF combo [55, 5] is missing 1 parameter(s); using defaults fastd_period=5 fastd_matype=0
13:38:19 [WARNING] STOCHF combo [89, 8] is missing 1 parameter(s); using defaults fastd_period=8 fastd_matype=0
13:38:19 [WARNING] STOCHRSI combo [9, 5, 3] is missing 1 parameter(s); using defaults fastk_period=5 fastd_period=3 fastd_matype=0
13:38:19 [WARNING] STOCHRSI combo [14, 5, 3] is missing 1 parameter(s); using defaults fastk_period=5 fastd_period=3 fastd_matype=0
13:38:19 [WARNING] STOCHRSI combo [14, 3, 3] is missing 1 parameter(s); using defaults fastk_period=3 fastd_period=3 fastd_matype=0
13:38:19 [WARNING] STOCHRSI combo [21, 5, 3] is missing 1 parameter(s); using defaults fastk_period=5 fastd_period=3 fastd_matype=0
13:38:19 [WARNING] STOCHRSI combo [21, 8, 5] is missing 1 parameter(s); using defaults fastk_period=8 fastd_period=5 fastd_matype=0
13:38:19 [WARNING] STOCHRSI combo [34, 8, 5] is missing 1 parameter(s); using defaults fastk_period=8 fastd_period=5 fastd_matype=0
13:38:19 [WARNING] STOCHRSI combo [55, 8, 5] is missing 1 parameter(s); using defaults fastk_period=8 fastd_period=5 fastd_matype=0
13:38:19 [INFO] [Layer 1] 100% - Layer 1 completed: 898 features
13:38:19 [INFO] Layer 1 done: 898 cols, status=ok, rss=156MB
13:38:19 [INFO] [Layer 2] 0% - Starting Layer 2...
13:38:19 [INFO] Layer 2 starting, rss=156MB
13:38:19 [INFO] [L2] Starting derived features: 898 L1 cols
13:38:19 [WARNING] STOCH combo [5, 3, 3] is missing 2 parameter(s); using defaults slowk=3 slowd=3 slowk_matype=0 slowd_matype=0
13:38:19 [WARNING] STOCH combo [8, 3, 3] is missing 2 parameter(s); using defaults slowk=3 slowd=3 slowk_matype=0 slowd_matype=0
13:38:19 [WARNING] STOCH combo [13, 3, 3] is missing 2 parameter(s); using defaults slowk=3 slowd=3 slowk_matype=0 slowd_matype=0
13:38:19 [WARNING] STOCH combo [13, 5, 3] is missing 2 parameter(s); using defaults slowk=5 slowd=3 slowk_matype=0 slowd_matype=0
13:38:19 [WARNING] STOCH combo [21, 3, 3] is missing 2 parameter(s); using defaults slowk=3 slowd=3 slowk_matype=0 slowd_matype=0
13:38:19 [WARNING] STOCH combo [21, 5, 3] is missing 2 parameter(s); using defaults slowk=5 slowd=3 slowk_matype=0 slowd_matype=0
13:38:19 [WARNING] STOCH combo [21, 5, 5] is missing 2 parameter(s); using defaults slowk=5 slowd=5 slowk_matype=0 slowd_matype=0
13:38:19 [WARNING] STOCH combo [34, 5, 3] is missing 2 parameter(s); using defaults slowk=5 slowd=3 slowk_matype=0 slowd_matype=0
13:38:19 [WARNING] STOCH combo [34, 5, 5] is missing 2 parameter(s); using defaults slowk=5 slowd=5 slowk_matype=0 slowd_matype=0
13:38:19 [WARNING] STOCH combo [55, 5, 5] is missing 2 parameter(s); using defaults slowk=5 slowd=5 slowk_matype=0 slowd_matype=0
13:38:19 [WARNING] STOCH combo [55, 8, 5] is missing 2 parameter(s); using defaults slowk=8 slowd=5 slowk_matype=0 slowd_matype=0
13:38:19 [WARNING] STOCH combo [89, 8, 5] is missing 2 parameter(s); using defaults slowk=8 slowd=5 slowk_matype=0 slowd_matype=0
13:38:19 [WARNING] STOCHF combo [5, 3] is missing 1 parameter(s); using defaults fastd_period=3 fastd_matype=0
13:38:19 [WARNING] STOCHF combo [8, 3] is missing 1 parameter(s); using defaults fastd_period=3 fastd_matype=0
13:38:19 [WARNING] STOCHF combo [13, 3] is missing 1 parameter(s); using defaults fastd_period=3 fastd_matype=0
13:38:19 [WARNING] STOCHF combo [21, 3] is missing 1 parameter(s); using defaults fastd_period=3 fastd_matype=0
13:38:19 [WARNING] STOCHF combo [21, 5] is missing 1 parameter(s); using defaults fastd_period=5 fastd_matype=0
13:38:19 [WARNING] STOCHF combo [34, 5] is missing 1 parameter(s); using defaults fastd_period=5 fastd_matype=0
13:38:19 [WARNING] STOCHF combo [55, 5] is missing 1 parameter(s); using defaults fastd_period=5 fastd_matype=0
13:38:19 [WARNING] STOCHF combo [89, 8] is missing 1 parameter(s); using defaults fastd_period=8 fastd_matype=0
13:38:19 [WARNING] STOCHRSI combo [9, 5, 3] is missing 1 parameter(s); using defaults fastk_period=5 fastd_period=3 fastd_matype=0
13:38:19 [WARNING] STOCHRSI combo [14, 5, 3] is missing 1 parameter(s); using defaults fastk_period=5 fastd_period=3 fastd_matype=0
13:38:19 [WARNING] STOCHRSI combo [14, 3, 3] is missing 1 parameter(s); using defaults fastk_period=3 fastd_period=3 fastd_matype=0
13:38:19 [WARNING] STOCHRSI combo [21, 5, 3] is missing 1 parameter(s); using defaults fastk_period=5 fastd_period=3 fastd_matype=0
13:38:19 [WARNING] STOCHRSI combo [21, 8, 5] is missing 1 parameter(s); using defaults fastk_period=8 fastd_period=5 fastd_matype=0
13:38:19 [WARNING] STOCHRSI combo [34, 8, 5] is missing 1 parameter(s); using defaults fastk_period=8 fastd_period=5 fastd_matype=0
13:38:19 [WARNING] STOCHRSI combo [55, 8, 5] is missing 1 parameter(s); using defaults fastk_period=8 fastd_period=5 fastd_matype=0
13:38:22 [INFO] [L2] Completed: 11621 cols in 3.17s
13:38:24 [INFO] [Layer 2] 100% - Layer 2 completed: 11621 features
13:38:24 [INFO] Layer 2 done: 11621 cols, status=ok, rss=927MB
13:38:24 [INFO] [Layer 3] 0% - Starting Layer 3...
13:38:24 [INFO] Layer 3 starting, rss=927MB
13:38:25 [INFO] [L3 streaming][numba][multi] step 10/20 (W5_range): 898→898 cols (-0 dead)
13:38:25 [INFO] [L3 streaming][numba][multi] step 20/20 (W13_range): 898→898 cols (-0 dead)
13:38:25 [INFO] [L3 streaming][numba][multi] complete: 17960 total generated, 0 dead dropped, 17960 survivors
13:38:26 [INFO] [Layer 3] 100% - Layer 3 completed: 17960 features
13:38:26 [INFO] Layer 3 done: 17960 cols, status=ok, rss=1655MB
13:38:26 [INFO] [Layer 4] 0% - Starting Layer 4...
13:38:26 [INFO] Layer 4 starting, rss=1655MB
13:38:26 [INFO] [Layer 4] 100% - Layer 4 completed: 7224 features
13:38:26 [INFO] Layer 4 done: 7224 cols, status=ok, rss=1912MB
13:38:26 [INFO] [Layer 5] 0% - Starting Layer 5...
13:38:26 [INFO] Layer 5 starting, rss=1912MB
13:38:26 [INFO] [Layer 5] 100% - Layer 5 completed: 0 features
13:38:26 [INFO] Layer 5 done: 0 cols, status=empty_disabled, rss=1912MB
13:38:26 [INFO] [Layer 6] 0% - Starting Layer 6...
13:38:26 [INFO] Layer 6 starting, rss=1912MB
13:38:26 [INFO] [Layer 6] 100% - Layer 6 completed: 10 features
13:38:26 [INFO] Layer 6 done: 10 cols, status=ok, rss=1914MB
13:38:34 [INFO] [CGSA] Initialized ColumnGroupRegistry at /private/var/folders/_c/3xdf41hd3tvgxpx63mrml2c00000gn/T/pytest-of-louis/pytest-15/test_small_mutation_causal_win0/cgsa_work (tier=8gb, buffer_groups=0)
13:38:34 [INFO] Fetching spot data: BTCUSDT/1h
13:38:34 [INFO] Read 20352 klines from BTCUSDT/1h in 0.054s
13:38:34 [INFO] Aligned data for BTCUSDT/1h: 20352 rows, 5 columns
13:38:34 [INFO] [multi_tf:multi_tf] 35% - [CGSA] Processing timeframe 1h (1/2)
13:38:34 [INFO] [Layer 1] 0% - Starting Layer 1...
13:38:34 [INFO] Layer 1 starting, rss=2185MB
13:38:34 [WARNING] STOCH combo [5, 3, 3] is missing 2 parameter(s); using defaults slowk=3 slowd=3 slowk_matype=0 slowd_matype=0
13:38:34 [WARNING] STOCH combo [8, 3, 3] is missing 2 parameter(s); using defaults slowk=3 slowd=3 slowk_matype=0 slowd_matype=0
13:38:34 [WARNING] STOCH combo [13, 3, 3] is missing 2 parameter(s); using defaults slowk=3 slowd=3 slowk_matype=0 slowd_matype=0
13:38:34 [WARNING] STOCH combo [13, 5, 3] is missing 2 parameter(s); using defaults slowk=5 slowd=3 slowk_matype=0 slowd_matype=0
13:38:34 [WARNING] STOCH combo [21, 3, 3] is missing 2 parameter(s); using defaults slowk=3 slowd=3 slowk_matype=0 slowd_matype=0
13:38:34 [WARNING] STOCH combo [21, 5, 3] is missing 2 parameter(s); using defaults slowk=5 slowd=3 slowk_matype=0 slowd_matype=0
13:38:34 [WARNING] STOCH combo [21, 5, 5] is missing 2 parameter(s); using defaults slowk=5 slowd=5 slowk_matype=0 slowd_matype=0
13:38:34 [WARNING] STOCH combo [34, 5, 3] is missing 2 parameter(s); using defaults slowk=5 slowd=3 slowk_matype=0 slowd_matype=0
13:38:34 [WARNING] STOCH combo [34, 5, 5] is missing 2 parameter(s); using defaults slowk=5 slowd=5 slowk_matype=0 slowd_matype=0
13:38:34 [WARNING] STOCH combo [55, 5, 5] is missing 2 parameter(s); using defaults slowk=5 slowd=5 slowk_matype=0 slowd_matype=0
13:38:34 [WARNING] STOCH combo [55, 8, 5] is missing 2 parameter(s); using defaults slowk=8 slowd=5 slowk_matype=0 slowd_matype=0
13:38:34 [WARNING] STOCH combo [89, 8, 5] is missing 2 parameter(s); using defaults slowk=8 slowd=5 slowk_matype=0 slowd_matype=0
13:38:34 [WARNING] STOCHF combo [5, 3] is missing 1 parameter(s); using defaults fastd_period=3 fastd_matype=0
13:38:34 [WARNING] STOCHF combo [8, 3] is missing 1 parameter(s); using defaults fastd_period=3 fastd_matype=0
13:38:34 [WARNING] STOCHF combo [13, 3] is missing 1 parameter(s); using defaults fastd_period=3 fastd_matype=0
13:38:34 [WARNING] STOCHF combo [21, 3] is missing 1 parameter(s); using defaults fastd_period=3 fastd_matype=0
13:38:34 [WARNING] STOCHF combo [21, 5] is missing 1 parameter(s); using defaults fastd_period=5 fastd_matype=0
13:38:34 [WARNING] STOCHF combo [34, 5] is missing 1 parameter(s); using defaults fastd_period=5 fastd_matype=0
13:38:34 [WARNING] STOCHF combo [55, 5] is missing 1 parameter(s); using defaults fastd_period=5 fastd_matype=0
13:38:34 [WARNING] STOCHF combo [89, 8] is missing 1 parameter(s); using defaults fastd_period=8 fastd_matype=0
13:38:34 [WARNING] STOCHRSI combo [9, 5, 3] is missing 1 parameter(s); using defaults fastk_period=5 fastd_period=3 fastd_matype=0
13:38:34 [WARNING] STOCHRSI combo [14, 5, 3] is missing 1 parameter(s); using defaults fastk_period=5 fastd_period=3 fastd_matype=0
13:38:34 [WARNING] STOCHRSI combo [14, 3, 3] is missing 1 parameter(s); using defaults fastk_period=3 fastd_period=3 fastd_matype=0
13:38:34 [WARNING] STOCHRSI combo [21, 5, 3] is missing 1 parameter(s); using defaults fastk_period=5 fastd_period=3 fastd_matype=0
13:38:34 [WARNING] STOCHRSI combo [21, 8, 5] is missing 1 parameter(s); using defaults fastk_period=8 fastd_period=5 fastd_matype=0
13:38:34 [WARNING] STOCHRSI combo [34, 8, 5] is missing 1 parameter(s); using defaults fastk_period=8 fastd_period=5 fastd_matype=0
13:38:34 [WARNING] STOCHRSI combo [55, 8, 5] is missing 1 parameter(s); using defaults fastk_period=8 fastd_period=5 fastd_matype=0
13:38:35 [INFO] [Layer 1] 100% - Layer 1 completed: 898 features
13:38:35 [INFO] Layer 1 done: 898 cols, status=ok, rss=2709MB
13:38:35 [INFO] [Layer 2] 0% - Starting Layer 2...
13:38:35 [INFO] Layer 2 starting, rss=2709MB
13:38:35 [INFO] [L2] Starting derived features: 898 L1 cols
13:38:35 [WARNING] STOCH combo [5, 3, 3] is missing 2 parameter(s); using defaults slowk=3 slowd=3 slowk_matype=0 slowd_matype=0
13:38:35 [WARNING] STOCH combo [8, 3, 3] is missing 2 parameter(s); using defaults slowk=3 slowd=3 slowk_matype=0 slowd_matype=0
13:38:35 [WARNING] STOCH combo [13, 3, 3] is missing 2 parameter(s); using defaults slowk=3 slowd=3 slowk_matype=0 slowd_matype=0
13:38:35 [WARNING] STOCH combo [13, 5, 3] is missing 2 parameter(s); using defaults slowk=5 slowd=3 slowk_matype=0 slowd_matype=0
13:38:35 [WARNING] STOCH combo [21, 3, 3] is missing 2 parameter(s); using defaults slowk=3 slowd=3 slowk_matype=0 slowd_matype=0
13:38:35 [WARNING] STOCH combo [21, 5, 3] is missing 2 parameter(s); using defaults slowk=5 slowd=3 slowk_matype=0 slowd_matype=0
13:38:35 [WARNING] STOCH combo [21, 5, 5] is missing 2 parameter(s); using defaults slowk=5 slowd=5 slowk_matype=0 slowd_matype=0
13:38:35 [WARNING] STOCH combo [34, 5, 3] is missing 2 parameter(s); using defaults slowk=5 slowd=3 slowk_matype=0 slowd_matype=0
13:38:35 [WARNING] STOCH combo [34, 5, 5] is missing 2 parameter(s); using defaults slowk=5 slowd=5 slowk_matype=0 slowd_matype=0
13:38:35 [WARNING] STOCH combo [55, 5, 5] is missing 2 parameter(s); using defaults slowk=5 slowd=5 slowk_matype=0 slowd_matype=0
13:38:35 [WARNING] STOCH combo [55, 8, 5] is missing 2 parameter(s); using defaults slowk=8 slowd=5 slowk_matype=0 slowd_matype=0
13:38:35 [WARNING] STOCH combo [89, 8, 5] is missing 2 parameter(s); using defaults slowk=8 slowd=5 slowk_matype=0 slowd_matype=0
13:38:35 [WARNING] STOCHF combo [5, 3] is missing 1 parameter(s); using defaults fastd_period=3 fastd_matype=0
13:38:35 [WARNING] STOCHF combo [8, 3] is missing 1 parameter(s); using defaults fastd_period=3 fastd_matype=0
13:38:35 [WARNING] STOCHF combo [13, 3] is missing 1 parameter(s); using defaults fastd_period=3 fastd_matype=0
13:38:35 [WARNING] STOCHF combo [21, 3] is missing 1 parameter(s); using defaults fastd_period=3 fastd_matype=0
13:38:35 [WARNING] STOCHF combo [21, 5] is missing 1 parameter(s); using defaults fastd_period=5 fastd_matype=0
13:38:35 [WARNING] STOCHF combo [34, 5] is missing 1 parameter(s); using defaults fastd_period=5 fastd_matype=0
13:38:35 [WARNING] STOCHF combo [55, 5] is missing 1 parameter(s); using defaults fastd_period=5 fastd_matype=0
13:38:35 [WARNING] STOCHF combo [89, 8] is missing 1 parameter(s); using defaults fastd_period=8 fastd_matype=0
13:38:35 [WARNING] STOCHRSI combo [9, 5, 3] is missing 1 parameter(s); using defaults fastk_period=5 fastd_period=3 fastd_matype=0
13:38:35 [WARNING] STOCHRSI combo [14, 5, 3] is missing 1 parameter(s); using defaults fastk_period=5 fastd_period=3 fastd_matype=0
13:38:35 [WARNING] STOCHRSI combo [14, 3, 3] is missing 1 parameter(s); using defaults fastk_period=3 fastd_period=3 fastd_matype=0
13:38:35 [WARNING] STOCHRSI combo [21, 5, 3] is missing 1 parameter(s); using defaults fastk_period=5 fastd_period=3 fastd_matype=0
13:38:35 [WARNING] STOCHRSI combo [21, 8, 5] is missing 1 parameter(s); using defaults fastk_period=8 fastd_period=5 fastd_matype=0
13:38:35 [WARNING] STOCHRSI combo [34, 8, 5] is missing 1 parameter(s); using defaults fastk_period=8 fastd_period=5 fastd_matype=0
13:38:35 [WARNING] STOCHRSI combo [55, 8, 5] is missing 1 parameter(s); using defaults fastk_period=8 fastd_period=5 fastd_matype=0
13:38:51 [INFO] [CGSA] L2 persisted group=1h_L2_Cross shards=1 total_bytes=88.0 MiB
13:38:57 [INFO] [CGSA] L2 persisted group=1h_L2_Ratio shards=1 total_bytes=88.0 MiB
13:39:48 [INFO] [CGSA] L2 persisted group=1h_L2_Momentum shards=8 total_bytes=696.8 MiB
13:39:48 [INFO] [L2] Completed: 11621 cols in 73.30s
13:39:48 [INFO] [Layer 2] 100% - Layer 2 completed: 11621 features
13:39:48 [INFO] Layer 2 done: 11621 cols, status=ok, rss=3176MB
13:39:48 [INFO] [memmap] created: shape=(20342, 11621), dtype=<class 'numpy.float32'>, est=0.95 GB  (file auto-unlinked)
13:39:56 [INFO] [spill] layer2: 20342×11621 → float32 memmap in 7.1s (freed ~1.9 GB float64)
13:39:56 [INFO] [Layer 3] 0% - Starting Layer 3...
13:39:56 [INFO] Layer 3 starting, rss=2125MB
13:40:04 [INFO] [L3 streaming][numba][multi][persist] step 10/20 (W5_range): 898→898 cols (-0 dead)
13:40:04 [INFO] [L3 streaming][numba][multi][persist] step 20/20 (W13_range): 898→898 cols (-0 dead)
13:40:04 [INFO] [L3 streaming][numba][multi][persist] complete: 17960 generated, 4 dropped, 17956 survivors persisted via callback
13:40:07 [INFO] [L3] streaming persist (mode=streaming) complete: 17956 cols persisted in 20 groups
13:40:07 [INFO] [Layer 3] 100% - Layer 3 completed: 0 features
13:40:07 [INFO] Layer 3 done: 0 cols, status=offloaded_to_registry, rss=1368MB
13:40:07 [INFO] [Layer 4] 0% - Starting Layer 4...
13:40:07 [INFO] Layer 4 starting, rss=1368MB
13:40:09 [INFO] [Layer 4] 100% - Layer 4 completed: 7224 features
13:40:10 [INFO] Layer 4 done: 7224 cols, status=ok, rss=1765MB
13:40:10 [INFO] [Layer 5] 0% - Starting Layer 5...
13:40:10 [INFO] Layer 5 starting, rss=1765MB
13:40:10 [INFO] [Layer 5] 100% - Layer 5 completed: 0 features
13:40:10 [INFO] Layer 5 done: 0 cols, status=empty_disabled, rss=1771MB
13:40:10 [INFO] [Layer 6] 0% - Starting Layer 6...
13:40:10 [INFO] Layer 6 starting, rss=1771MB
13:40:10 [INFO] [Layer 6] 100% - Layer 6 completed: 10 features
13:40:10 [INFO] Layer 6 done: 10 cols, status=ok, rss=1748MB
13:40:10 [INFO] [CGSA] Disk pre-check OK: layer=L4_lag symbol=BTCUSDT tf=1h need=2.73 GiB (planned_new=0.55 GiB, max_inflight_tmp×2=0.19 GiB, reserve=2.00 GiB) free=23.98 GiB shape=(20342, 7224)
13:40:13 [INFO] [CGSA] L4_lag persisted group=1h_L4_lag_1 shards=5 total_bytes=388.0 MiB
13:40:13 [INFO] [CGSA] L4_lag persisted group=1h_L4_lag_2 shards=2 total_bytes=172.6 MiB
13:40:13 [INFO] [CGSA] Persisted L4_lag: 7224 cols → 2 groups (tf=1h)
13:40:13 [INFO] [CGSA] Disk pre-check OK: layer=L6_meta symbol=BTCUSDT tf=1h need=2.00 GiB (planned_new=0.00 GiB, max_inflight_tmp×2=0.00 GiB, reserve=2.00 GiB) free=24.28 GiB shape=(20342, 10)
13:40:13 [INFO] [CGSA] Persisted L6_meta: 10 cols → 1 groups (tf=1h)
13:40:13 [INFO] [CGSA][multi_tf] Primary TF 1h: 241 groups registered (no alignment needed)
13:40:13 [INFO] [multi_tf:multi_tf] 70% - [CGSA] Processing timeframe 4h (2/2)
13:40:13 [INFO] Fetching spot data: BTCUSDT/4h
13:40:13 [INFO] Read 5088 klines from BTCUSDT/4h in 0.070s
13:40:13 [INFO] Aligned data for BTCUSDT/4h: 5088 rows, 5 columns
13:40:13 [INFO] [Layer 1] 0% - Starting Layer 1...
13:40:13 [INFO] Layer 1 starting, rss=2639MB
13:40:14 [WARNING] STOCH combo [5, 3, 3] is missing 2 parameter(s); using defaults slowk=3 slowd=3 slowk_matype=0 slowd_matype=0
13:40:14 [WARNING] STOCH combo [8, 3, 3] is missing 2 parameter(s); using defaults slowk=3 slowd=3 slowk_matype=0 slowd_matype=0
13:40:14 [WARNING] STOCH combo [13, 3, 3] is missing 2 parameter(s); using defaults slowk=3 slowd=3 slowk_matype=0 slowd_matype=0
13:40:14 [WARNING] STOCH combo [13, 5, 3] is missing 2 parameter(s); using defaults slowk=5 slowd=3 slowk_matype=0 slowd_matype=0
13:40:14 [WARNING] STOCH combo [21, 3, 3] is missing 2 parameter(s); using defaults slowk=3 slowd=3 slowk_matype=0 slowd_matype=0
13:40:14 [WARNING] STOCH combo [21, 5, 3] is missing 2 parameter(s); using defaults slowk=5 slowd=3 slowk_matype=0 slowd_matype=0
13:40:14 [WARNING] STOCH combo [21, 5, 5] is missing 2 parameter(s); using defaults slowk=5 slowd=5 slowk_matype=0 slowd_matype=0
13:40:14 [WARNING] STOCH combo [34, 5, 3] is missing 2 parameter(s); using defaults slowk=5 slowd=3 slowk_matype=0 slowd_matype=0
13:40:14 [WARNING] STOCH combo [34, 5, 5] is missing 2 parameter(s); using defaults slowk=5 slowd=5 slowk_matype=0 slowd_matype=0
13:40:14 [WARNING] STOCH combo [55, 5, 5] is missing 2 parameter(s); using defaults slowk=5 slowd=5 slowk_matype=0 slowd_matype=0
13:40:14 [WARNING] STOCH combo [55, 8, 5] is missing 2 parameter(s); using defaults slowk=8 slowd=5 slowk_matype=0 slowd_matype=0
13:40:14 [WARNING] STOCH combo [89, 8, 5] is missing 2 parameter(s); using defaults slowk=8 slowd=5 slowk_matype=0 slowd_matype=0
13:40:14 [WARNING] STOCHF combo [5, 3] is missing 1 parameter(s); using defaults fastd_period=3 fastd_matype=0
13:40:14 [WARNING] STOCHF combo [8, 3] is missing 1 parameter(s); using defaults fastd_period=3 fastd_matype=0
13:40:14 [WARNING] STOCHF combo [13, 3] is missing 1 parameter(s); using defaults fastd_period=3 fastd_matype=0
13:40:14 [WARNING] STOCHF combo [21, 3] is missing 1 parameter(s); using defaults fastd_period=3 fastd_matype=0
13:40:14 [WARNING] STOCHF combo [21, 5] is missing 1 parameter(s); using defaults fastd_period=5 fastd_matype=0
13:40:14 [WARNING] STOCHF combo [34, 5] is missing 1 parameter(s); using defaults fastd_period=5 fastd_matype=0
13:40:14 [WARNING] STOCHF combo [55, 5] is missing 1 parameter(s); using defaults fastd_period=5 fastd_matype=0
13:40:14 [WARNING] STOCHF combo [89, 8] is missing 1 parameter(s); using defaults fastd_period=8 fastd_matype=0
13:40:14 [WARNING] STOCHRSI combo [9, 5, 3] is missing 1 parameter(s); using defaults fastk_period=5 fastd_period=3 fastd_matype=0
13:40:14 [WARNING] STOCHRSI combo [14, 5, 3] is missing 1 parameter(s); using defaults fastk_period=5 fastd_period=3 fastd_matype=0
13:40:14 [WARNING] STOCHRSI combo [14, 3, 3] is missing 1 parameter(s); using defaults fastk_period=3 fastd_period=3 fastd_matype=0
13:40:14 [WARNING] STOCHRSI combo [21, 5, 3] is missing 1 parameter(s); using defaults fastk_period=5 fastd_period=3 fastd_matype=0
13:40:14 [WARNING] STOCHRSI combo [21, 8, 5] is missing 1 parameter(s); using defaults fastk_period=8 fastd_period=5 fastd_matype=0
13:40:14 [WARNING] STOCHRSI combo [34, 8, 5] is missing 1 parameter(s); using defaults fastk_period=8 fastd_period=5 fastd_matype=0
13:40:14 [WARNING] STOCHRSI combo [55, 8, 5] is missing 1 parameter(s); using defaults fastk_period=8 fastd_period=5 fastd_matype=0
13:40:19 [INFO] [Layer 1] 100% - Layer 1 completed: 898 features
13:40:19 [INFO] Layer 1 done: 898 cols, status=ok, rss=2735MB
13:40:19 [INFO] [Layer 2] 0% - Starting Layer 2...
13:40:19 [INFO] Layer 2 starting, rss=2735MB
13:40:19 [INFO] [L2] Starting derived features: 898 L1 cols
13:40:19 [WARNING] STOCH combo [5, 3, 3] is missing 2 parameter(s); using defaults slowk=3 slowd=3 slowk_matype=0 slowd_matype=0
13:40:19 [WARNING] STOCH combo [8, 3, 3] is missing 2 parameter(s); using defaults slowk=3 slowd=3 slowk_matype=0 slowd_matype=0
13:40:19 [WARNING] STOCH combo [13, 3, 3] is missing 2 parameter(s); using defaults slowk=3 slowd=3 slowk_matype=0 slowd_matype=0
13:40:19 [WARNING] STOCH combo [13, 5, 3] is missing 2 parameter(s); using defaults slowk=5 slowd=3 slowk_matype=0 slowd_matype=0
13:40:19 [WARNING] STOCH combo [21, 3, 3] is missing 2 parameter(s); using defaults slowk=3 slowd=3 slowk_matype=0 slowd_matype=0
13:40:19 [WARNING] STOCH combo [21, 5, 3] is missing 2 parameter(s); using defaults slowk=5 slowd=3 slowk_matype=0 slowd_matype=0
13:40:19 [WARNING] STOCH combo [21, 5, 5] is missing 2 parameter(s); using defaults slowk=5 slowd=5 slowk_matype=0 slowd_matype=0
13:40:19 [WARNING] STOCH combo [34, 5, 3] is missing 2 parameter(s); using defaults slowk=5 slowd=3 slowk_matype=0 slowd_matype=0
13:40:19 [WARNING] STOCH combo [34, 5, 5] is missing 2 parameter(s); using defaults slowk=5 slowd=5 slowk_matype=0 slowd_matype=0
13:40:19 [WARNING] STOCH combo [55, 5, 5] is missing 2 parameter(s); using defaults slowk=5 slowd=5 slowk_matype=0 slowd_matype=0
13:40:19 [WARNING] STOCH combo [55, 8, 5] is missing 2 parameter(s); using defaults slowk=8 slowd=5 slowk_matype=0 slowd_matype=0
13:40:19 [WARNING] STOCH combo [89, 8, 5] is missing 2 parameter(s); using defaults slowk=8 slowd=5 slowk_matype=0 slowd_matype=0
13:40:19 [WARNING] STOCHF combo [5, 3] is missing 1 parameter(s); using defaults fastd_period=3 fastd_matype=0
13:40:19 [WARNING] STOCHF combo [8, 3] is missing 1 parameter(s); using defaults fastd_period=3 fastd_matype=0
13:40:19 [WARNING] STOCHF combo [13, 3] is missing 1 parameter(s); using defaults fastd_period=3 fastd_matype=0
13:40:19 [WARNING] STOCHF combo [21, 3] is missing 1 parameter(s); using defaults fastd_period=3 fastd_matype=0
13:40:19 [WARNING] STOCHF combo [21, 5] is missing 1 parameter(s); using defaults fastd_period=5 fastd_matype=0
13:40:19 [WARNING] STOCHF combo [34, 5] is missing 1 parameter(s); using defaults fastd_period=5 fastd_matype=0
13:40:19 [WARNING] STOCHF combo [55, 5] is missing 1 parameter(s); using defaults fastd_period=5 fastd_matype=0
13:40:19 [WARNING] STOCHF combo [89, 8] is missing 1 parameter(s); using defaults fastd_period=8 fastd_matype=0
13:40:19 [WARNING] STOCHRSI combo [9, 5, 3] is missing 1 parameter(s); using defaults fastk_period=5 fastd_period=3 fastd_matype=0
13:40:19 [WARNING] STOCHRSI combo [14, 5, 3] is missing 1 parameter(s); using defaults fastk_period=5 fastd_period=3 fastd_matype=0
13:40:19 [WARNING] STOCHRSI combo [14, 3, 3] is missing 1 parameter(s); using defaults fastk_period=3 fastd_period=3 fastd_matype=0
13:40:19 [WARNING] STOCHRSI combo [21, 5, 3] is missing 1 parameter(s); using defaults fastk_period=5 fastd_period=3 fastd_matype=0
13:40:19 [WARNING] STOCHRSI combo [21, 8, 5] is missing 1 parameter(s); using defaults fastk_period=8 fastd_period=5 fastd_matype=0
13:40:19 [WARNING] STOCHRSI combo [34, 8, 5] is missing 1 parameter(s); using defaults fastk_period=8 fastd_period=5 fastd_matype=0
13:40:19 [WARNING] STOCHRSI combo [55, 8, 5] is missing 1 parameter(s); using defaults fastk_period=8 fastd_period=5 fastd_matype=0
13:40:39 [INFO] [CGSA] L2 persisted group=4h_L2_Momentum shards=2 total_bytes=174.2 MiB
13:40:39 [INFO] [L2] Completed: 11621 cols in 19.25s
13:40:39 [INFO] [Layer 2] 100% - Layer 2 completed: 11621 features
13:40:39 [INFO] Layer 2 done: 11621 cols, status=ok, rss=1339MB
13:40:39 [INFO] [Layer 3] 0% - Starting Layer 3...
13:40:39 [INFO] Layer 3 starting, rss=1339MB
13:40:42 [INFO] [L3 streaming][numba][multi][persist] step 10/20 (W5_range): 898→898 cols (-0 dead)
13:40:42 [INFO] [L3 streaming][numba][multi][persist] step 20/20 (W13_range): 898→897 cols (-1 dead)
13:40:42 [INFO] [L3 streaming][numba][multi][persist] complete: 17960 generated, 6 dropped, 17954 survivors persisted via callback
13:40:45 [INFO] [L3] streaming persist (mode=streaming) complete: 17954 cols persisted in 20 groups
13:40:45 [INFO] [Layer 3] 100% - Layer 3 completed: 0 features
13:40:45 [INFO] Layer 3 done: 0 cols, status=offloaded_to_registry, rss=880MB
13:40:45 [INFO] [Layer 4] 0% - Starting Layer 4...
13:40:45 [INFO] Layer 4 starting, rss=880MB
13:40:45 [INFO] [Layer 4] 100% - Layer 4 completed: 7224 features
13:40:45 [INFO] Layer 4 done: 7224 cols, status=ok, rss=1804MB
13:40:45 [INFO] [Layer 5] 0% - Starting Layer 5...
13:40:45 [INFO] Layer 5 starting, rss=1804MB
13:40:45 [INFO] [Layer 5] 100% - Layer 5 completed: 0 features
13:40:45 [INFO] Layer 5 done: 0 cols, status=empty_disabled, rss=1804MB
13:40:45 [INFO] [Layer 6] 0% - Starting Layer 6...
13:40:45 [INFO] Layer 6 starting, rss=1804MB
13:40:45 [INFO] [Layer 6] 100% - Layer 6 completed: 10 features
13:40:45 [INFO] Layer 6 done: 10 cols, status=ok, rss=1804MB
13:40:45 [INFO] [CGSA] Disk pre-check OK: layer=L4_lag symbol=BTCUSDT tf=4h need=2.32 GiB (planned_new=0.14 GiB, max_inflight_tmp×2=0.19 GiB, reserve=2.00 GiB) free=23.70 GiB shape=(5086, 7224)
13:40:46 [INFO] [CGSA] L4_lag persisted group=4h_L4_lag_1 shards=2 total_bytes=97.0 MiB
13:40:46 [INFO] [CGSA] Persisted L4_lag: 7224 cols → 2 groups (tf=4h)
13:40:46 [INFO] [CGSA] Disk pre-check OK: layer=L6_meta symbol=BTCUSDT tf=4h need=2.00 GiB (planned_new=0.00 GiB, max_inflight_tmp×2=0.00 GiB, reserve=2.00 GiB) free=23.56 GiB shape=(5086, 10)
13:40:46 [INFO] [CGSA] Persisted L6_meta: 10 cols → 1 groups (tf=4h)
13:40:46 [INFO] [CGSA][multi_tf] Compact-aligned 241 groups from 4h → 1h (source_rows=5086 logical_rows=20342)
13:40:46 [INFO] [CGSA][multi_tf] All TFs done: 482 total groups in registry
13:40:46 [INFO] [multi_tf:persist] 90% - [CGSA] Running Layer 6.5 → L7_raw streaming persist
13:41:04 [INFO] [L7][CGSA] Quality summary: inf_count=0, coverage=0.9547, non_nan=1464617452/1534112272
13:41:04 [INFO] [L7_raw] Disk pre-check OK: required=2.00 GiB (safety x1.50), estimated_final=2.86 GiB, reclaimable_npy=3.57 GiB, net_growth=0.00 GiB, max_inflight_part=0.38 GiB, largest_part_source=1h_L2_Momentum, reserve_floor=2.00 GiB, free=25.56 GiB, groups=482
13:41:04 [INFO] [L6.5] raw-sink path uses serial group streaming for disk safety (requested_workers=2)
13:41:04 [INFO] [L6.5] Registry raw-sink config: groups=482 requested_workers=2 effective_workers=1 mode=append use_fast=False can_use_numba_fast=False winsor=True rank=False zscore=False fracdiff=False fracdiff_apply_to=non_stationary fracdiff_layers=['L1', 'L2'] adf=False gaussian=False
13:41:04 [INFO] [L6.5] Raw-sink start: 476 full groups (fast=0, slow=476) + 6 big-group splits → 496 sub-tasks (requested_workers=2, effective_workers=1, split_threshold=2000, slow_chunked=6, max_group_cols=8980, schedule=largest_first, rss=1913MB)
13:41:09 [INFO] [L6.5] raw-sink chunk stream start: group=1h_L2_Momentum cols=8980 chunks=5 chunk_size=2000 rss=869MB
13:41:21 [INFO] [L6.5] raw-sink chunk stream complete: group=1h_L2_Momentum chunks=5 outputs=5 rss=1152MB
13:41:22 [INFO] [L6.5] raw-sink chunk stream start: group=1h_L4_lag_1 cols=5000 chunks=3 chunk_size=2000 rss=1065MB
13:41:28 [INFO] [L6.5] raw-sink chunk stream complete: group=1h_L4_lag_1 chunks=3 outputs=3 rss=1914MB
13:41:39 [INFO] [L6.5] native-tf path completed: group=4h_L2_Momentum src_tf=4h primary_tf=1h native_rows=5086 primary_rows=20342 outputs=1
13:41:39 [INFO] [L6.5] raw-sink heartbeat: tasks 13/496 (2.6%), groups 3/482, elapsed=34.4s, rate=0.38/s, ETA=1276s, rss=1296MB, last=4h_L2_Momentum (native-tf, parts=1)
13:41:39 [INFO] [L6.5] raw-sink chunk stream start: group=1h_L4_lag_2 cols=2224 chunks=2 chunk_size=2000 rss=1637MB
13:41:42 [INFO] [L6.5] raw-sink chunk stream complete: group=1h_L4_lag_2 chunks=2 outputs=2 rss=3157MB
13:41:46 [INFO] [L6.5] native-tf path completed: group=4h_L4_lag_1 src_tf=4h primary_tf=1h native_rows=5086 primary_rows=20342 outputs=1
13:42:07 [INFO] [L6.5] raw-sink heartbeat: tasks 37/496 (7.5%), groups 24/482, elapsed=62.6s, rate=0.59/s, ETA=776s, rss=1216MB, last=1h_L3_rolling_W13_Min_1 (full)
13:42:12 [INFO] [L6.5] native-tf path completed: group=4h_L4_lag_2 src_tf=4h primary_tf=1h native_rows=5086 primary_rows=20342 outputs=1
13:42:13 [INFO] [L6.5] native-tf path completed: group=4h_L2_Cross src_tf=4h primary_tf=1h native_rows=5086 primary_rows=20342 outputs=1
13:42:14 [INFO] [L6.5] native-tf path completed: group=4h_L2_Ratio src_tf=4h primary_tf=1h native_rows=5086 primary_rows=20342 outputs=1
13:42:15 [INFO] [L6.5] native-tf path completed: group=4h_L3_rolling_W13_Kurt_1 src_tf=4h primary_tf=1h native_rows=5086 primary_rows=20342 outputs=1
13:42:15 [INFO] [L6.5] native-tf path completed: group=4h_L3_rolling_W13_Mean_1 src_tf=4h primary_tf=1h native_rows=5086 primary_rows=20342 outputs=1
13:42:16 [INFO] [L6.5] native-tf path completed: group=4h_L3_rolling_W13_Rank_1 src_tf=4h primary_tf=1h native_rows=5086 primary_rows=20342 outputs=1
13:42:17 [INFO] [L6.5] native-tf path completed: group=4h_L3_rolling_W13_Skew_1 src_tf=4h primary_tf=1h native_rows=5086 primary_rows=20342 outputs=1
13:42:17 [INFO] [L6.5] native-tf path completed: group=4h_L3_rolling_W13_Slope_1 src_tf=4h primary_tf=1h native_rows=5086 primary_rows=20342 outputs=1
13:42:18 [INFO] [L6.5] native-tf path completed: group=4h_L3_rolling_W13_Std_1 src_tf=4h primary_tf=1h native_rows=5086 primary_rows=20342 outputs=1
13:42:19 [INFO] [L6.5] native-tf path completed: group=4h_L3_rolling_W13_ZScore_1 src_tf=4h primary_tf=1h native_rows=5086 primary_rows=20342 outputs=1
13:42:19 [INFO] [L6.5] native-tf path completed: group=4h_L3_rolling_W5_Max_1 src_tf=4h primary_tf=1h native_rows=5086 primary_rows=20342 outputs=1
13:42:20 [INFO] [L6.5] native-tf path completed: group=4h_L3_rolling_W5_Mean_1 src_tf=4h primary_tf=1h native_rows=5086 primary_rows=20342 outputs=1
13:42:21 [INFO] [L6.5] native-tf path completed: group=4h_L3_rolling_W5_Min_1 src_tf=4h primary_tf=1h native_rows=5086 primary_rows=20342 outputs=1
13:42:21 [INFO] [L6.5] native-tf path completed: group=4h_L3_rolling_W5_Range_1 src_tf=4h primary_tf=1h native_rows=5086 primary_rows=20342 outputs=1
13:42:22 [INFO] [L6.5] native-tf path completed: group=4h_L3_rolling_W5_Rank_1 src_tf=4h primary_tf=1h native_rows=5086 primary_rows=20342 outputs=1
13:42:22 [INFO] [L6.5] native-tf path completed: group=4h_L3_rolling_W5_Slope_1 src_tf=4h primary_tf=1h native_rows=5086 primary_rows=20342 outputs=1
13:42:23 [INFO] [L6.5] native-tf path completed: group=4h_L3_rolling_W5_Std_1 src_tf=4h primary_tf=1h native_rows=5086 primary_rows=20342 outputs=1
13:42:24 [INFO] [L6.5] native-tf path completed: group=4h_L3_rolling_W13_Max_1 src_tf=4h primary_tf=1h native_rows=5086 primary_rows=20342 outputs=1
13:42:24 [INFO] [L6.5] native-tf path completed: group=4h_L3_rolling_W13_Min_1 src_tf=4h primary_tf=1h native_rows=5086 primary_rows=20342 outputs=1
13:42:24 [INFO] [L6.5] raw-sink heartbeat: tasks 61/496 (12.3%), groups 47/482, elapsed=79.9s, rate=0.76/s, ETA=570s, rss=646MB, last=4h_L3_rolling_W13_Min_1 (native-tf, parts=1)
13:42:25 [INFO] [L6.5] native-tf path completed: group=4h_L3_rolling_W13_Range_1 src_tf=4h primary_tf=1h native_rows=5086 primary_rows=20342 outputs=1
13:42:26 [INFO] [L6.5] native-tf path completed: group=4h_L3_rolling_W5_Kurt_1 src_tf=4h primary_tf=1h native_rows=5086 primary_rows=20342 outputs=1
13:42:26 [INFO] [L6.5] native-tf path completed: group=4h_L3_rolling_W5_Skew_1 src_tf=4h primary_tf=1h native_rows=5086 primary_rows=20342 outputs=1
13:42:27 [INFO] [L6.5] native-tf path completed: group=4h_L3_rolling_W5_ZScore_1 src_tf=4h primary_tf=1h native_rows=5086 primary_rows=20342 outputs=1
13:42:27 [INFO] [L6.5] native-tf path completed: group=4h_L2_Distance src_tf=4h primary_tf=1h native_rows=5086 primary_rows=20342 outputs=1
13:42:28 [INFO] [L6.5] native-tf path completed: group=4h_L2_BinarySignal src_tf=4h primary_tf=1h native_rows=5086 primary_rows=20342 outputs=1
13:42:29 [INFO] [L6.5] raw-sink heartbeat: tasks 85/496 (17.1%), groups 71/482, elapsed=84.9s, rate=1.00/s, ETA=411s, rss=718MB, last=1h_L1_trend_TEMA (full)
13:42:31 [INFO] [L6.5] native-tf path completed: group=4h_L1_momentum_RSI src_tf=4h primary_tf=1h native_rows=5086 primary_rows=20342 outputs=1
13:42:31 [INFO] [L6.5] native-tf path completed: group=4h_L1_trend_EMA src_tf=4h primary_tf=1h native_rows=5086 primary_rows=20342 outputs=1
13:42:31 [INFO] [L6.5] raw-sink heartbeat: tasks 109/496 (22.0%), groups 95/482, elapsed=87.1s, rate=1.25/s, ETA=309s, rss=719MB, last=4h_L1_trend_EMA (native-tf, parts=1)
13:42:32 [INFO] [L6.5] native-tf path completed: group=4h_L1_trend_SMA src_tf=4h primary_tf=1h native_rows=5086 primary_rows=20342 outputs=1
13:42:32 [INFO] [L6.5] native-tf path completed: group=4h_L1_momentum_ROC src_tf=4h primary_tf=1h native_rows=5086 primary_rows=20342 outputs=1
13:42:32 [INFO] [L6.5] native-tf path completed: group=4h_L1_momentum_ROCP src_tf=4h primary_tf=1h native_rows=5086 primary_rows=20342 outputs=1
13:42:32 [INFO] [L6.5] native-tf path completed: group=4h_L1_momentum_ROCR src_tf=4h primary_tf=1h native_rows=5086 primary_rows=20342 outputs=1
13:42:32 [INFO] [L6.5] native-tf path completed: group=4h_L1_momentum_ROCR100 src_tf=4h primary_tf=1h native_rows=5086 primary_rows=20342 outputs=1
13:42:32 [INFO] [L6.5] native-tf path completed: group=4h_L1_momentum_CMO src_tf=4h primary_tf=1h native_rows=5086 primary_rows=20342 outputs=1
13:42:32 [INFO] [L6.5] native-tf path completed: group=4h_L1_momentum_MOM src_tf=4h primary_tf=1h native_rows=5086 primary_rows=20342 outputs=1
13:42:32 [INFO] [L6.5] native-tf path completed: group=4h_L1_momentum_TRIX src_tf=4h primary_tf=1h native_rows=5086 primary_rows=20342 outputs=1
13:42:32 [INFO] [L6.5] native-tf path completed: group=4h_L1_trend_DEMA src_tf=4h primary_tf=1h native_rows=5086 primary_rows=20342 outputs=1
13:42:32 [INFO] [L6.5] native-tf path completed: group=4h_L1_trend_KAMA src_tf=4h primary_tf=1h native_rows=5086 primary_rows=20342 outputs=1
13:42:33 [INFO] [L6.5] native-tf path completed: group=4h_L1_trend_MA src_tf=4h primary_tf=1h native_rows=5086 primary_rows=20342 outputs=1
13:42:33 [INFO] [L6.5] native-tf path completed: group=4h_L1_trend_MAVP src_tf=4h primary_tf=1h native_rows=5086 primary_rows=20342 outputs=1
13:42:33 [INFO] [L6.5] native-tf path completed: group=4h_L1_trend_MIDPOINT src_tf=4h primary_tf=1h native_rows=5086 primary_rows=20342 outputs=1
13:42:33 [INFO] [L6.5] native-tf path completed: group=4h_L1_trend_T3 src_tf=4h primary_tf=1h native_rows=5086 primary_rows=20342 outputs=1
13:42:33 [INFO] [L6.5] native-tf path completed: group=4h_L1_trend_TEMA src_tf=4h primary_tf=1h native_rows=5086 primary_rows=20342 outputs=1
13:42:33 [INFO] [L6.5] native-tf path completed: group=4h_L1_trend_TRIMA src_tf=4h primary_tf=1h native_rows=5086 primary_rows=20342 outputs=1
13:42:33 [INFO] [L6.5] native-tf path completed: group=4h_L1_trend_WMA src_tf=4h primary_tf=1h native_rows=5086 primary_rows=20342 outputs=1
13:42:33 [INFO] [L6.5] native-tf path completed: group=4h_L1_trend_BBANDS-Lower src_tf=4h primary_tf=1h native_rows=5086 primary_rows=20342 outputs=1
13:42:33 [INFO] [L6.5] native-tf path completed: group=4h_L1_trend_BBANDS-Middle src_tf=4h primary_tf=1h native_rows=5086 primary_rows=20342 outputs=1
13:42:33 [INFO] [L6.5] native-tf path completed: group=4h_L1_trend_BBANDS-Upper src_tf=4h primary_tf=1h native_rows=5086 primary_rows=20342 outputs=1
13:42:33 [INFO] [L6.5] native-tf path completed: group=4h_L1_momentum_MACDFIX-Hist src_tf=4h primary_tf=1h native_rows=5086 primary_rows=20342 outputs=1
13:42:34 [INFO] [L6.5] native-tf path completed: group=4h_L1_momentum_MACDFIX-Line src_tf=4h primary_tf=1h native_rows=5086 primary_rows=20342 outputs=1
13:42:34 [INFO] [L6.5] native-tf path completed: group=4h_L1_momentum_MACDFIX-Signal src_tf=4h primary_tf=1h native_rows=5086 primary_rows=20342 outputs=1
13:42:34 [INFO] [L6.5] raw-sink heartbeat: tasks 133/496 (26.8%), groups 119/482, elapsed=89.3s, rate=1.49/s, ETA=244s, rss=719MB, last=4h_L1_momentum_MACDFIX-Signal (native-tf, parts=1)
13:42:34 [INFO] [L6.5] native-tf path completed: group=4h_L1_momentum_WILLR src_tf=4h primary_tf=1h native_rows=5086 primary_rows=20342 outputs=1
13:42:34 [INFO] [L6.5] native-tf path completed: group=4h_L1_momentum_CCI src_tf=4h primary_tf=1h native_rows=5086 primary_rows=20342 outputs=1
13:42:34 [INFO] [L6.5] native-tf path completed: group=4h_L6_meta src_tf=4h primary_tf=1h native_rows=5086 primary_rows=20342 outputs=1
13:42:34 [INFO] [L6.5] native-tf path completed: group=4h_L1_momentum_ADX src_tf=4h primary_tf=1h native_rows=5086 primary_rows=20342 outputs=1
13:42:34 [INFO] [L6.5] native-tf path completed: group=4h_L1_momentum_ADXR src_tf=4h primary_tf=1h native_rows=5086 primary_rows=20342 outputs=1
13:42:34 [INFO] [L6.5] native-tf path completed: group=4h_L1_momentum_AROON-aroondown src_tf=4h primary_tf=1h native_rows=5086 primary_rows=20342 outputs=1
13:42:34 [INFO] [L6.5] native-tf path completed: group=4h_L1_momentum_AROON-aroonup src_tf=4h primary_tf=1h native_rows=5086 primary_rows=20342 outputs=1
13:42:34 [INFO] [L6.5] native-tf path completed: group=4h_L1_momentum_AROONOSC src_tf=4h primary_tf=1h native_rows=5086 primary_rows=20342 outputs=1
13:42:34 [INFO] [L6.5] native-tf path completed: group=4h_L1_momentum_DX src_tf=4h primary_tf=1h native_rows=5086 primary_rows=20342 outputs=1
13:42:35 [INFO] [L6.5] native-tf path completed: group=4h_L1_momentum_MINUS-DI src_tf=4h primary_tf=1h native_rows=5086 primary_rows=20342 outputs=1
13:42:35 [INFO] [L6.5] native-tf path completed: group=4h_L1_momentum_MINUS-DM src_tf=4h primary_tf=1h native_rows=5086 primary_rows=20342 outputs=1
13:42:35 [INFO] [L6.5] native-tf path completed: group=4h_L1_momentum_PLUS-DI src_tf=4h primary_tf=1h native_rows=5086 primary_rows=20342 outputs=1
13:42:35 [INFO] [L6.5] native-tf path completed: group=4h_L1_momentum_PLUS-DM src_tf=4h primary_tf=1h native_rows=5086 primary_rows=20342 outputs=1
13:42:35 [INFO] [L6.5] native-tf path completed: group=4h_L1_trend_MIDPRICE src_tf=4h primary_tf=1h native_rows=5086 primary_rows=20342 outputs=1
13:42:36 [INFO] [L6.5] raw-sink heartbeat: tasks 157/496 (31.7%), groups 143/482, elapsed=91.4s, rate=1.72/s, ETA=197s, rss=719MB, last=1h_L1_momentum_APO_55-144-0 (full)
13:42:38 [INFO] [L6.5] raw-sink heartbeat: tasks 181/496 (36.5%), groups 167/482, elapsed=93.3s, rate=1.94/s, ETA=162s, rss=719MB, last=1h_L1_momentum_MACD-Line_5-13-3 (full)
13:42:40 [INFO] [L6.5] raw-sink heartbeat: tasks 205/496 (41.3%), groups 191/482, elapsed=95.3s, rate=2.15/s, ETA=135s, rss=719MB, last=1h_L1_momentum_MACDEXT-Hist_34-144-21 (full)
13:42:42 [INFO] [L6.5] raw-sink heartbeat: tasks 229/496 (46.2%), groups 215/482, elapsed=97.2s, rate=2.35/s, ETA=113s, rss=719MB, last=1h_L1_momentum_MACDEXT-Signal_21-55-9 (full)
13:42:44 [INFO] [L6.5] raw-sink heartbeat: tasks 253/496 (51.0%), groups 239/482, elapsed=99.2s, rate=2.55/s, ETA=95s, rss=719MB, last=1h_L1_momentum_STOCHRSI-fastd_14-5-3-0 (full)
13:42:45 [INFO] [L6.5] native-tf path completed: group=4h_L1_momentum_MFI src_tf=4h primary_tf=1h native_rows=5086 primary_rows=20342 outputs=1
13:42:45 [INFO] [L6.5] raw-sink heartbeat: tasks 277/496 (55.8%), groups 263/482, elapsed=101.1s, rate=2.74/s, ETA=80s, rss=719MB, last=1h_L1_momentum_STOCH-slowd_34-5-0-5-0 (full)
13:42:47 [INFO] [L6.5] raw-sink heartbeat: tasks 301/496 (60.7%), groups 287/482, elapsed=103.1s, rate=2.92/s, ETA=67s, rss=720MB, last=1h_L1_momentum_STOCHF-fastd_8-3-0 (full)
13:42:49 [INFO] [L6.5] native-tf path completed: group=4h_L1_momentum_APO_12-26-0 src_tf=4h primary_tf=1h native_rows=5086 primary_rows=20342 outputs=1
13:42:49 [INFO] [L6.5] native-tf path completed: group=4h_L1_momentum_APO_13-34-0 src_tf=4h primary_tf=1h native_rows=5086 primary_rows=20342 outputs=1
13:42:49 [INFO] [L6.5] native-tf path completed: group=4h_L1_momentum_APO_13-55-0 src_tf=4h primary_tf=1h native_rows=5086 primary_rows=20342 outputs=1
13:42:49 [INFO] [L6.5] raw-sink heartbeat: tasks 325/496 (65.5%), groups 311/482, elapsed=105.0s, rate=3.09/s, ETA=55s, rss=720MB, last=4h_L1_momentum_APO_13-55-0 (native-tf, parts=1)
13:42:49 [INFO] [L6.5] native-tf path completed: group=4h_L1_momentum_APO_21-55-0 src_tf=4h primary_tf=1h native_rows=5086 primary_rows=20342 outputs=1
13:42:50 [INFO] [L6.5] native-tf path completed: group=4h_L1_momentum_APO_21-89-0 src_tf=4h primary_tf=1h native_rows=5086 primary_rows=20342 outputs=1
13:42:50 [INFO] [L6.5] native-tf path completed: group=4h_L1_momentum_APO_34-144-0 src_tf=4h primary_tf=1h native_rows=5086 primary_rows=20342 outputs=1
13:42:50 [INFO] [L6.5] native-tf path completed: group=4h_L1_momentum_APO_34-89-0 src_tf=4h primary_tf=1h native_rows=5086 primary_rows=20342 outputs=1
13:42:50 [INFO] [L6.5] native-tf path completed: group=4h_L1_momentum_APO_5-13-0 src_tf=4h primary_tf=1h native_rows=5086 primary_rows=20342 outputs=1
13:42:50 [INFO] [L6.5] native-tf path completed: group=4h_L1_momentum_APO_5-21-0 src_tf=4h primary_tf=1h native_rows=5086 primary_rows=20342 outputs=1
13:42:50 [INFO] [L6.5] native-tf path completed: group=4h_L1_momentum_APO_55-144-0 src_tf=4h primary_tf=1h native_rows=5086 primary_rows=20342 outputs=1
13:42:50 [INFO] [L6.5] native-tf path completed: group=4h_L1_momentum_APO_55-233-0 src_tf=4h primary_tf=1h native_rows=5086 primary_rows=20342 outputs=1
13:42:50 [INFO] [L6.5] native-tf path completed: group=4h_L1_momentum_APO_8-21-0 src_tf=4h primary_tf=1h native_rows=5086 primary_rows=20342 outputs=1
13:42:50 [INFO] [L6.5] native-tf path completed: group=4h_L1_momentum_APO_8-34-0 src_tf=4h primary_tf=1h native_rows=5086 primary_rows=20342 outputs=1
13:42:50 [INFO] [L6.5] native-tf path completed: group=4h_L1_momentum_MACD-Hist_12-26-9 src_tf=4h primary_tf=1h native_rows=5086 primary_rows=20342 outputs=1
13:42:50 [INFO] [L6.5] native-tf path completed: group=4h_L1_momentum_MACD-Hist_13-34-9 src_tf=4h primary_tf=1h native_rows=5086 primary_rows=20342 outputs=1
13:42:50 [INFO] [L6.5] native-tf path completed: group=4h_L1_momentum_MACD-Hist_13-55-13 src_tf=4h primary_tf=1h native_rows=5086 primary_rows=20342 outputs=1
13:42:51 [INFO] [L6.5] native-tf path completed: group=4h_L1_momentum_MACD-Hist_21-55-9 src_tf=4h primary_tf=1h native_rows=5086 primary_rows=20342 outputs=1
13:42:51 [INFO] [L6.5] native-tf path completed: group=4h_L1_momentum_MACD-Hist_21-89-13 src_tf=4h primary_tf=1h native_rows=5086 primary_rows=20342 outputs=1
13:42:51 [INFO] [L6.5] native-tf path completed: group=4h_L1_momentum_MACD-Hist_34-144-21 src_tf=4h primary_tf=1h native_rows=5086 primary_rows=20342 outputs=1
13:42:51 [INFO] [L6.5] native-tf path completed: group=4h_L1_momentum_MACD-Hist_34-89-13 src_tf=4h primary_tf=1h native_rows=5086 primary_rows=20342 outputs=1
13:42:51 [INFO] [L6.5] native-tf path completed: group=4h_L1_momentum_MACD-Hist_5-13-3 src_tf=4h primary_tf=1h native_rows=5086 primary_rows=20342 outputs=1
13:42:51 [INFO] [L6.5] native-tf path completed: group=4h_L1_momentum_MACD-Hist_5-21-5 src_tf=4h primary_tf=1h native_rows=5086 primary_rows=20342 outputs=1
13:42:51 [INFO] [L6.5] native-tf path completed: group=4h_L1_momentum_MACD-Hist_55-144-21 src_tf=4h primary_tf=1h native_rows=5086 primary_rows=20342 outputs=1
13:42:51 [INFO] [L6.5] native-tf path completed: group=4h_L1_momentum_MACD-Hist_55-233-34 src_tf=4h primary_tf=1h native_rows=5086 primary_rows=20342 outputs=1
13:42:51 [INFO] [L6.5] native-tf path completed: group=4h_L1_momentum_MACD-Hist_8-21-5 src_tf=4h primary_tf=1h native_rows=5086 primary_rows=20342 outputs=1
13:42:51 [INFO] [L6.5] native-tf path completed: group=4h_L1_momentum_MACD-Hist_8-34-9 src_tf=4h primary_tf=1h native_rows=5086 primary_rows=20342 outputs=1
13:42:51 [INFO] [L6.5] native-tf path completed: group=4h_L1_momentum_MACD-Line_12-26-9 src_tf=4h primary_tf=1h native_rows=5086 primary_rows=20342 outputs=1
13:42:51 [INFO] [L6.5] raw-sink heartbeat: tasks 349/496 (70.4%), groups 335/482, elapsed=107.0s, rate=3.26/s, ETA=45s, rss=720MB, last=4h_L1_momentum_MACD-Line_12-26-9 (native-tf, parts=1)
13:42:51 [INFO] [L6.5] native-tf path completed: group=4h_L1_momentum_MACD-Line_13-34-9 src_tf=4h primary_tf=1h native_rows=5086 primary_rows=20342 outputs=1
13:42:51 [INFO] [L6.5] native-tf path completed: group=4h_L1_momentum_MACD-Line_13-55-13 src_tf=4h primary_tf=1h native_rows=5086 primary_rows=20342 outputs=1
13:42:52 [INFO] [L6.5] native-tf path completed: group=4h_L1_momentum_MACD-Line_21-55-9 src_tf=4h primary_tf=1h native_rows=5086 primary_rows=20342 outputs=1
13:42:52 [INFO] [L6.5] native-tf path completed: group=4h_L1_momentum_MACD-Line_21-89-13 src_tf=4h primary_tf=1h native_rows=5086 primary_rows=20342 outputs=1
13:42:52 [INFO] [L6.5] native-tf path completed: group=4h_L1_momentum_MACD-Line_34-144-21 src_tf=4h primary_tf=1h native_rows=5086 primary_rows=20342 outputs=1
13:42:52 [INFO] [L6.5] native-tf path completed: group=4h_L1_momentum_MACD-Line_34-89-13 src_tf=4h primary_tf=1h native_rows=5086 primary_rows=20342 outputs=1
13:42:52 [INFO] [L6.5] native-tf path completed: group=4h_L1_momentum_MACD-Line_5-13-3 src_tf=4h primary_tf=1h native_rows=5086 primary_rows=20342 outputs=1
13:42:52 [INFO] [L6.5] native-tf path completed: group=4h_L1_momentum_MACD-Line_5-21-5 src_tf=4h primary_tf=1h native_rows=5086 primary_rows=20342 outputs=1
13:42:52 [INFO] [L6.5] native-tf path completed: group=4h_L1_momentum_MACD-Line_55-144-21 src_tf=4h primary_tf=1h native_rows=5086 primary_rows=20342 outputs=1
13:42:52 [INFO] [L6.5] native-tf path completed: group=4h_L1_momentum_MACD-Line_55-233-34 src_tf=4h primary_tf=1h native_rows=5086 primary_rows=20342 outputs=1
13:42:52 [INFO] [L6.5] native-tf path completed: group=4h_L1_momentum_MACD-Line_8-21-5 src_tf=4h primary_tf=1h native_rows=5086 primary_rows=20342 outputs=1
13:42:52 [INFO] [L6.5] native-tf path completed: group=4h_L1_momentum_MACD-Line_8-34-9 src_tf=4h primary_tf=1h native_rows=5086 primary_rows=20342 outputs=1
13:42:52 [INFO] [L6.5] native-tf path completed: group=4h_L1_momentum_MACD-Signal_12-26-9 src_tf=4h primary_tf=1h native_rows=5086 primary_rows=20342 outputs=1
13:42:52 [INFO] [L6.5] native-tf path completed: group=4h_L1_momentum_MACD-Signal_13-34-9 src_tf=4h primary_tf=1h native_rows=5086 primary_rows=20342 outputs=1
13:42:53 [INFO] [L6.5] native-tf path completed: group=4h_L1_momentum_MACD-Signal_13-55-13 src_tf=4h primary_tf=1h native_rows=5086 primary_rows=20342 outputs=1
13:42:53 [INFO] [L6.5] native-tf path completed: group=4h_L1_momentum_MACD-Signal_21-55-9 src_tf=4h primary_tf=1h native_rows=5086 primary_rows=20342 outputs=1
13:42:53 [INFO] [L6.5] native-tf path completed: group=4h_L1_momentum_MACD-Signal_21-89-13 src_tf=4h primary_tf=1h native_rows=5086 primary_rows=20342 outputs=1
13:42:53 [INFO] [L6.5] native-tf path completed: group=4h_L1_momentum_MACD-Signal_34-144-21 src_tf=4h primary_tf=1h native_rows=5086 primary_rows=20342 outputs=1
13:42:53 [INFO] [L6.5] native-tf path completed: group=4h_L1_momentum_MACD-Signal_34-89-13 src_tf=4h primary_tf=1h native_rows=5086 primary_rows=20342 outputs=1
13:42:53 [INFO] [L6.5] native-tf path completed: group=4h_L1_momentum_MACD-Signal_5-13-3 src_tf=4h primary_tf=1h native_rows=5086 primary_rows=20342 outputs=1
13:42:53 [INFO] [L6.5] native-tf path completed: group=4h_L1_momentum_MACD-Signal_5-21-5 src_tf=4h primary_tf=1h native_rows=5086 primary_rows=20342 outputs=1
13:42:53 [INFO] [L6.5] native-tf path completed: group=4h_L1_momentum_MACD-Signal_55-144-21 src_tf=4h primary_tf=1h native_rows=5086 primary_rows=20342 outputs=1
13:42:53 [INFO] [L6.5] native-tf path completed: group=4h_L1_momentum_MACD-Signal_55-233-34 src_tf=4h primary_tf=1h native_rows=5086 primary_rows=20342 outputs=1
13:42:53 [INFO] [L6.5] native-tf path completed: group=4h_L1_momentum_MACD-Signal_8-21-5 src_tf=4h primary_tf=1h native_rows=5086 primary_rows=20342 outputs=1
13:42:53 [INFO] [L6.5] raw-sink heartbeat: tasks 373/496 (75.2%), groups 359/482, elapsed=109.0s, rate=3.42/s, ETA=36s, rss=720MB, last=4h_L1_momentum_MACD-Signal_8-21-5 (native-tf, parts=1)
13:42:53 [INFO] [L6.5] native-tf path completed: group=4h_L1_momentum_MACD-Signal_8-34-9 src_tf=4h primary_tf=1h native_rows=5086 primary_rows=20342 outputs=1
13:42:53 [INFO] [L6.5] native-tf path completed: group=4h_L1_momentum_MACDEXT-Hist_12-26-9 src_tf=4h primary_tf=1h native_rows=5086 primary_rows=20342 outputs=1
13:42:54 [INFO] [L6.5] native-tf path completed: group=4h_L1_momentum_MACDEXT-Hist_13-34-9 src_tf=4h primary_tf=1h native_rows=5086 primary_rows=20342 outputs=1
13:42:54 [INFO] [L6.5] native-tf path completed: group=4h_L1_momentum_MACDEXT-Hist_13-55-13 src_tf=4h primary_tf=1h native_rows=5086 primary_rows=20342 outputs=1
13:42:54 [INFO] [L6.5] native-tf path completed: group=4h_L1_momentum_MACDEXT-Hist_21-55-9 src_tf=4h primary_tf=1h native_rows=5086 primary_rows=20342 outputs=1
13:42:54 [INFO] [L6.5] native-tf path completed: group=4h_L1_momentum_MACDEXT-Hist_21-89-13 src_tf=4h primary_tf=1h native_rows=5086 primary_rows=20342 outputs=1
13:42:54 [INFO] [L6.5] native-tf path completed: group=4h_L1_momentum_MACDEXT-Hist_34-144-21 src_tf=4h primary_tf=1h native_rows=5086 primary_rows=20342 outputs=1
13:42:54 [INFO] [L6.5] native-tf path completed: group=4h_L1_momentum_MACDEXT-Hist_34-89-13 src_tf=4h primary_tf=1h native_rows=5086 primary_rows=20342 outputs=1
13:42:54 [INFO] [L6.5] native-tf path completed: group=4h_L1_momentum_MACDEXT-Hist_5-13-3 src_tf=4h primary_tf=1h native_rows=5086 primary_rows=20342 outputs=1
13:42:54 [INFO] [L6.5] native-tf path completed: group=4h_L1_momentum_MACDEXT-Hist_5-21-5 src_tf=4h primary_tf=1h native_rows=5086 primary_rows=20342 outputs=1
13:42:54 [INFO] [L6.5] native-tf path completed: group=4h_L1_momentum_MACDEXT-Hist_55-144-21 src_tf=4h primary_tf=1h native_rows=5086 primary_rows=20342 outputs=1
13:42:54 [INFO] [L6.5] native-tf path completed: group=4h_L1_momentum_MACDEXT-Hist_55-233-34 src_tf=4h primary_tf=1h native_rows=5086 primary_rows=20342 outputs=1
13:42:54 [INFO] [L6.5] native-tf path completed: group=4h_L1_momentum_MACDEXT-Hist_8-21-5 src_tf=4h primary_tf=1h native_rows=5086 primary_rows=20342 outputs=1
13:42:54 [INFO] [L6.5] native-tf path completed: group=4h_L1_momentum_MACDEXT-Hist_8-34-9 src_tf=4h primary_tf=1h native_rows=5086 primary_rows=20342 outputs=1
13:42:55 [INFO] [L6.5] native-tf path completed: group=4h_L1_momentum_MACDEXT-Line_12-26-9 src_tf=4h primary_tf=1h native_rows=5086 primary_rows=20342 outputs=1
13:42:55 [INFO] [L6.5] native-tf path completed: group=4h_L1_momentum_MACDEXT-Line_13-34-9 src_tf=4h primary_tf=1h native_rows=5086 primary_rows=20342 outputs=1
13:42:55 [INFO] [L6.5] native-tf path completed: group=4h_L1_momentum_MACDEXT-Line_13-55-13 src_tf=4h primary_tf=1h native_rows=5086 primary_rows=20342 outputs=1
13:42:55 [INFO] [L6.5] native-tf path completed: group=4h_L1_momentum_MACDEXT-Line_21-55-9 src_tf=4h primary_tf=1h native_rows=5086 primary_rows=20342 outputs=1
13:42:55 [INFO] [L6.5] native-tf path completed: group=4h_L1_momentum_MACDEXT-Line_21-89-13 src_tf=4h primary_tf=1h native_rows=5086 primary_rows=20342 outputs=1
13:42:55 [INFO] [L6.5] native-tf path completed: group=4h_L1_momentum_MACDEXT-Line_34-144-21 src_tf=4h primary_tf=1h native_rows=5086 primary_rows=20342 outputs=1
13:42:55 [INFO] [L6.5] native-tf path completed: group=4h_L1_momentum_MACDEXT-Line_34-89-13 src_tf=4h primary_tf=1h native_rows=5086 primary_rows=20342 outputs=1
13:42:55 [INFO] [L6.5] native-tf path completed: group=4h_L1_momentum_MACDEXT-Line_5-13-3 src_tf=4h primary_tf=1h native_rows=5086 primary_rows=20342 outputs=1
13:42:55 [INFO] [L6.5] native-tf path completed: group=4h_L1_momentum_MACDEXT-Line_5-21-5 src_tf=4h primary_tf=1h native_rows=5086 primary_rows=20342 outputs=1
13:42:55 [INFO] [L6.5] native-tf path completed: group=4h_L1_momentum_MACDEXT-Line_55-144-21 src_tf=4h primary_tf=1h native_rows=5086 primary_rows=20342 outputs=1
13:42:55 [INFO] [L6.5] raw-sink heartbeat: tasks 397/496 (80.0%), groups 383/482, elapsed=110.9s, rate=3.58/s, ETA=28s, rss=720MB, last=4h_L1_momentum_MACDEXT-Line_55-144-21 (native-tf, parts=1)
13:42:55 [INFO] [L6.5] native-tf path completed: group=4h_L1_momentum_MACDEXT-Line_55-233-34 src_tf=4h primary_tf=1h native_rows=5086 primary_rows=20342 outputs=1
13:42:55 [INFO] [L6.5] native-tf path completed: group=4h_L1_momentum_MACDEXT-Line_8-21-5 src_tf=4h primary_tf=1h native_rows=5086 primary_rows=20342 outputs=1
13:42:56 [INFO] [L6.5] native-tf path completed: group=4h_L1_momentum_MACDEXT-Line_8-34-9 src_tf=4h primary_tf=1h native_rows=5086 primary_rows=20342 outputs=1
13:42:56 [INFO] [L6.5] native-tf path completed: group=4h_L1_momentum_MACDEXT-Signal_12-26-9 src_tf=4h primary_tf=1h native_rows=5086 primary_rows=20342 outputs=1
13:42:56 [INFO] [L6.5] native-tf path completed: group=4h_L1_momentum_MACDEXT-Signal_13-34-9 src_tf=4h primary_tf=1h native_rows=5086 primary_rows=20342 outputs=1
13:42:56 [INFO] [L6.5] native-tf path completed: group=4h_L1_momentum_MACDEXT-Signal_13-55-13 src_tf=4h primary_tf=1h native_rows=5086 primary_rows=20342 outputs=1
13:42:56 [INFO] [L6.5] native-tf path completed: group=4h_L1_momentum_MACDEXT-Signal_21-55-9 src_tf=4h primary_tf=1h native_rows=5086 primary_rows=20342 outputs=1
13:42:56 [INFO] [L6.5] native-tf path completed: group=4h_L1_momentum_MACDEXT-Signal_21-89-13 src_tf=4h primary_tf=1h native_rows=5086 primary_rows=20342 outputs=1
13:42:56 [INFO] [L6.5] native-tf path completed: group=4h_L1_momentum_MACDEXT-Signal_34-144-21 src_tf=4h primary_tf=1h native_rows=5086 primary_rows=20342 outputs=1
13:42:56 [INFO] [L6.5] native-tf path completed: group=4h_L1_momentum_MACDEXT-Signal_34-89-13 src_tf=4h primary_tf=1h native_rows=5086 primary_rows=20342 outputs=1
13:42:56 [INFO] [L6.5] native-tf path completed: group=4h_L1_momentum_MACDEXT-Signal_5-13-3 src_tf=4h primary_tf=1h native_rows=5086 primary_rows=20342 outputs=1
13:42:56 [INFO] [L6.5] native-tf path completed: group=4h_L1_momentum_MACDEXT-Signal_5-21-5 src_tf=4h primary_tf=1h native_rows=5086 primary_rows=20342 outputs=1
13:42:56 [INFO] [L6.5] native-tf path completed: group=4h_L1_momentum_MACDEXT-Signal_55-144-21 src_tf=4h primary_tf=1h native_rows=5086 primary_rows=20342 outputs=1
13:42:56 [INFO] [L6.5] native-tf path completed: group=4h_L1_momentum_MACDEXT-Signal_55-233-34 src_tf=4h primary_tf=1h native_rows=5086 primary_rows=20342 outputs=1
13:42:57 [INFO] [L6.5] native-tf path completed: group=4h_L1_momentum_MACDEXT-Signal_8-21-5 src_tf=4h primary_tf=1h native_rows=5086 primary_rows=20342 outputs=1
13:42:57 [INFO] [L6.5] native-tf path completed: group=4h_L1_momentum_MACDEXT-Signal_8-34-9 src_tf=4h primary_tf=1h native_rows=5086 primary_rows=20342 outputs=1
13:42:57 [INFO] [L6.5] native-tf path completed: group=4h_L1_momentum_PPO_12-26-0 src_tf=4h primary_tf=1h native_rows=5086 primary_rows=20342 outputs=1
13:42:57 [INFO] [L6.5] native-tf path completed: group=4h_L1_momentum_PPO_13-34-0 src_tf=4h primary_tf=1h native_rows=5086 primary_rows=20342 outputs=1
13:42:57 [INFO] [L6.5] native-tf path completed: group=4h_L1_momentum_PPO_13-55-0 src_tf=4h primary_tf=1h native_rows=5086 primary_rows=20342 outputs=1
13:42:57 [INFO] [L6.5] native-tf path completed: group=4h_L1_momentum_PPO_21-55-0 src_tf=4h primary_tf=1h native_rows=5086 primary_rows=20342 outputs=1
13:42:57 [INFO] [L6.5] native-tf path completed: group=4h_L1_momentum_PPO_21-89-0 src_tf=4h primary_tf=1h native_rows=5086 primary_rows=20342 outputs=1
13:42:57 [INFO] [L6.5] native-tf path completed: group=4h_L1_momentum_PPO_34-144-0 src_tf=4h primary_tf=1h native_rows=5086 primary_rows=20342 outputs=1
13:42:57 [INFO] [L6.5] native-tf path completed: group=4h_L1_momentum_PPO_34-89-0 src_tf=4h primary_tf=1h native_rows=5086 primary_rows=20342 outputs=1
13:42:57 [INFO] [L6.5] native-tf path completed: group=4h_L1_momentum_PPO_5-13-0 src_tf=4h primary_tf=1h native_rows=5086 primary_rows=20342 outputs=1
13:42:57 [INFO] [L6.5] raw-sink heartbeat: tasks 421/496 (84.9%), groups 407/482, elapsed=112.9s, rate=3.73/s, ETA=20s, rss=720MB, last=4h_L1_momentum_PPO_5-13-0 (native-tf, parts=1)
13:42:57 [INFO] [L6.5] native-tf path completed: group=4h_L1_momentum_PPO_5-21-0 src_tf=4h primary_tf=1h native_rows=5086 primary_rows=20342 outputs=1
13:42:57 [INFO] [L6.5] native-tf path completed: group=4h_L1_momentum_PPO_55-144-0 src_tf=4h primary_tf=1h native_rows=5086 primary_rows=20342 outputs=1
13:42:58 [INFO] [L6.5] native-tf path completed: group=4h_L1_momentum_PPO_55-233-0 src_tf=4h primary_tf=1h native_rows=5086 primary_rows=20342 outputs=1
13:42:58 [INFO] [L6.5] native-tf path completed: group=4h_L1_momentum_PPO_8-21-0 src_tf=4h primary_tf=1h native_rows=5086 primary_rows=20342 outputs=1
13:42:58 [INFO] [L6.5] native-tf path completed: group=4h_L1_momentum_PPO_8-34-0 src_tf=4h primary_tf=1h native_rows=5086 primary_rows=20342 outputs=1
13:42:58 [INFO] [L6.5] native-tf path completed: group=4h_L1_momentum_STOCHRSI-fastd_14-3-3-0 src_tf=4h primary_tf=1h native_rows=5086 primary_rows=20342 outputs=1
13:42:58 [INFO] [L6.5] native-tf path completed: group=4h_L1_momentum_STOCHRSI-fastd_14-5-3-0 src_tf=4h primary_tf=1h native_rows=5086 primary_rows=20342 outputs=1
13:42:58 [INFO] [L6.5] native-tf path completed: group=4h_L1_momentum_STOCHRSI-fastd_21-5-3-0 src_tf=4h primary_tf=1h native_rows=5086 primary_rows=20342 outputs=1
13:42:58 [INFO] [L6.5] native-tf path completed: group=4h_L1_momentum_STOCHRSI-fastd_21-8-5-0 src_tf=4h primary_tf=1h native_rows=5086 primary_rows=20342 outputs=1
13:42:58 [INFO] [L6.5] native-tf path completed: group=4h_L1_momentum_STOCHRSI-fastd_34-8-5-0 src_tf=4h primary_tf=1h native_rows=5086 primary_rows=20342 outputs=1
13:42:58 [INFO] [L6.5] native-tf path completed: group=4h_L1_momentum_STOCHRSI-fastd_55-8-5-0 src_tf=4h primary_tf=1h native_rows=5086 primary_rows=20342 outputs=1
13:42:58 [INFO] [L6.5] native-tf path completed: group=4h_L1_momentum_STOCHRSI-fastd_9-5-3-0 src_tf=4h primary_tf=1h native_rows=5086 primary_rows=20342 outputs=1
13:42:58 [INFO] [L6.5] native-tf path completed: group=4h_L1_momentum_STOCHRSI-fastk_14-3-3-0 src_tf=4h primary_tf=1h native_rows=5086 primary_rows=20342 outputs=1
13:42:58 [INFO] [L6.5] native-tf path completed: group=4h_L1_momentum_STOCHRSI-fastk_14-5-3-0 src_tf=4h primary_tf=1h native_rows=5086 primary_rows=20342 outputs=1
13:42:59 [INFO] [L6.5] native-tf path completed: group=4h_L1_momentum_STOCHRSI-fastk_21-5-3-0 src_tf=4h primary_tf=1h native_rows=5086 primary_rows=20342 outputs=1
13:42:59 [INFO] [L6.5] native-tf path completed: group=4h_L1_momentum_STOCHRSI-fastk_21-8-5-0 src_tf=4h primary_tf=1h native_rows=5086 primary_rows=20342 outputs=1
13:42:59 [INFO] [L6.5] native-tf path completed: group=4h_L1_momentum_STOCHRSI-fastk_34-8-5-0 src_tf=4h primary_tf=1h native_rows=5086 primary_rows=20342 outputs=1
13:42:59 [INFO] [L6.5] native-tf path completed: group=4h_L1_momentum_STOCHRSI-fastk_55-8-5-0 src_tf=4h primary_tf=1h native_rows=5086 primary_rows=20342 outputs=1
13:42:59 [INFO] [L6.5] native-tf path completed: group=4h_L1_momentum_STOCHRSI-fastk_9-5-3-0 src_tf=4h primary_tf=1h native_rows=5086 primary_rows=20342 outputs=1
13:42:59 [INFO] [L6.5] native-tf path completed: group=4h_L1_trend_HT-TRENDLINE src_tf=4h primary_tf=1h native_rows=5086 primary_rows=20342 outputs=1
13:42:59 [INFO] [L6.5] native-tf path completed: group=4h_L1_trend_MAMA-FAMA_0.5-0.05 src_tf=4h primary_tf=1h native_rows=5086 primary_rows=20342 outputs=1
13:42:59 [INFO] [L6.5] native-tf path completed: group=4h_L1_trend_MAMA_0.5-0.05 src_tf=4h primary_tf=1h native_rows=5086 primary_rows=20342 outputs=1
13:42:59 [INFO] [L6.5] native-tf path completed: group=4h_L1_momentum_BOP src_tf=4h primary_tf=1h native_rows=5086 primary_rows=20342 outputs=1
13:42:59 [INFO] [L6.5] native-tf path completed: group=4h_L1_momentum_STOCH-slowd_13-3-0-3-0 src_tf=4h primary_tf=1h native_rows=5086 primary_rows=20342 outputs=1
13:42:59 [INFO] [L6.5] raw-sink heartbeat: tasks 445/496 (89.7%), groups 431/482, elapsed=114.9s, rate=3.87/s, ETA=13s, rss=720MB, last=4h_L1_momentum_STOCH-slowd_13-3-0-3-0 (native-tf, parts=1)
13:42:59 [INFO] [L6.5] native-tf path completed: group=4h_L1_momentum_STOCH-slowd_13-5-0-3-0 src_tf=4h primary_tf=1h native_rows=5086 primary_rows=20342 outputs=1
13:42:59 [INFO] [L6.5] native-tf path completed: group=4h_L1_momentum_STOCH-slowd_21-3-0-3-0 src_tf=4h primary_tf=1h native_rows=5086 primary_rows=20342 outputs=1
13:43:00 [INFO] [L6.5] native-tf path completed: group=4h_L1_momentum_STOCH-slowd_21-5-0-3-0 src_tf=4h primary_tf=1h native_rows=5086 primary_rows=20342 outputs=1
13:43:00 [INFO] [L6.5] native-tf path completed: group=4h_L1_momentum_STOCH-slowd_21-5-0-5-0 src_tf=4h primary_tf=1h native_rows=5086 primary_rows=20342 outputs=1
13:43:00 [INFO] [L6.5] native-tf path completed: group=4h_L1_momentum_STOCH-slowd_34-5-0-3-0 src_tf=4h primary_tf=1h native_rows=5086 primary_rows=20342 outputs=1
13:43:00 [INFO] [L6.5] native-tf path completed: group=4h_L1_momentum_STOCH-slowd_34-5-0-5-0 src_tf=4h primary_tf=1h native_rows=5086 primary_rows=20342 outputs=1
13:43:00 [INFO] [L6.5] native-tf path completed: group=4h_L1_momentum_STOCH-slowd_5-3-0-3-0 src_tf=4h primary_tf=1h native_rows=5086 primary_rows=20342 outputs=1
13:43:00 [INFO] [L6.5] native-tf path completed: group=4h_L1_momentum_STOCH-slowd_55-5-0-5-0 src_tf=4h primary_tf=1h native_rows=5086 primary_rows=20342 outputs=1
13:43:00 [INFO] [L6.5] native-tf path completed: group=4h_L1_momentum_STOCH-slowd_55-8-0-5-0 src_tf=4h primary_tf=1h native_rows=5086 primary_rows=20342 outputs=1
13:43:00 [INFO] [L6.5] native-tf path completed: group=4h_L1_momentum_STOCH-slowd_8-3-0-3-0 src_tf=4h primary_tf=1h native_rows=5086 primary_rows=20342 outputs=1
13:43:00 [INFO] [L6.5] native-tf path completed: group=4h_L1_momentum_STOCH-slowd_89-8-0-5-0 src_tf=4h primary_tf=1h native_rows=5086 primary_rows=20342 outputs=1
13:43:00 [INFO] [L6.5] native-tf path completed: group=4h_L1_momentum_STOCH-slowk_13-3-0-3-0 src_tf=4h primary_tf=1h native_rows=5086 primary_rows=20342 outputs=1
13:43:00 [INFO] [L6.5] native-tf path completed: group=4h_L1_momentum_STOCH-slowk_13-5-0-3-0 src_tf=4h primary_tf=1h native_rows=5086 primary_rows=20342 outputs=1
13:43:00 [INFO] [L6.5] native-tf path completed: group=4h_L1_momentum_STOCH-slowk_21-3-0-3-0 src_tf=4h primary_tf=1h native_rows=5086 primary_rows=20342 outputs=1
13:43:00 [INFO] [L6.5] native-tf path completed: group=4h_L1_momentum_STOCH-slowk_21-5-0-3-0 src_tf=4h primary_tf=1h native_rows=5086 primary_rows=20342 outputs=1
13:43:01 [INFO] [L6.5] native-tf path completed: group=4h_L1_momentum_STOCH-slowk_21-5-0-5-0 src_tf=4h primary_tf=1h native_rows=5086 primary_rows=20342 outputs=1
13:43:01 [INFO] [L6.5] native-tf path completed: group=4h_L1_momentum_STOCH-slowk_34-5-0-3-0 src_tf=4h primary_tf=1h native_rows=5086 primary_rows=20342 outputs=1
13:43:01 [INFO] [L6.5] native-tf path completed: group=4h_L1_momentum_STOCH-slowk_34-5-0-5-0 src_tf=4h primary_tf=1h native_rows=5086 primary_rows=20342 outputs=1
13:43:01 [INFO] [L6.5] native-tf path completed: group=4h_L1_momentum_STOCH-slowk_5-3-0-3-0 src_tf=4h primary_tf=1h native_rows=5086 primary_rows=20342 outputs=1
13:43:01 [INFO] [L6.5] native-tf path completed: group=4h_L1_momentum_STOCH-slowk_55-5-0-5-0 src_tf=4h primary_tf=1h native_rows=5086 primary_rows=20342 outputs=1
13:43:01 [INFO] [L6.5] native-tf path completed: group=4h_L1_momentum_STOCH-slowk_55-8-0-5-0 src_tf=4h primary_tf=1h native_rows=5086 primary_rows=20342 outputs=1
13:43:01 [INFO] [L6.5] native-tf path completed: group=4h_L1_momentum_STOCH-slowk_8-3-0-3-0 src_tf=4h primary_tf=1h native_rows=5086 primary_rows=20342 outputs=1
13:43:01 [INFO] [L6.5] native-tf path completed: group=4h_L1_momentum_STOCH-slowk_89-8-0-5-0 src_tf=4h primary_tf=1h native_rows=5086 primary_rows=20342 outputs=1
13:43:01 [INFO] [L6.5] native-tf path completed: group=4h_L1_momentum_STOCHF-fastd_13-3-0 src_tf=4h primary_tf=1h native_rows=5086 primary_rows=20342 outputs=1
13:43:01 [INFO] [L6.5] raw-sink heartbeat: tasks 469/496 (94.6%), groups 455/482, elapsed=116.9s, rate=4.01/s, ETA=7s, rss=720MB, last=4h_L1_momentum_STOCHF-fastd_13-3-0 (native-tf, parts=1)
13:43:01 [INFO] [L6.5] native-tf path completed: group=4h_L1_momentum_STOCHF-fastd_21-3-0 src_tf=4h primary_tf=1h native_rows=5086 primary_rows=20342 outputs=1
13:43:01 [INFO] [L6.5] native-tf path completed: group=4h_L1_momentum_STOCHF-fastd_21-5-0 src_tf=4h primary_tf=1h native_rows=5086 primary_rows=20342 outputs=1
13:43:01 [INFO] [L6.5] native-tf path completed: group=4h_L1_momentum_STOCHF-fastd_34-5-0 src_tf=4h primary_tf=1h native_rows=5086 primary_rows=20342 outputs=1
13:43:02 [INFO] [L6.5] native-tf path completed: group=4h_L1_momentum_STOCHF-fastd_5-3-0 src_tf=4h primary_tf=1h native_rows=5086 primary_rows=20342 outputs=1
13:43:02 [INFO] [L6.5] native-tf path completed: group=4h_L1_momentum_STOCHF-fastd_55-5-0 src_tf=4h primary_tf=1h native_rows=5086 primary_rows=20342 outputs=1
13:43:02 [INFO] [L6.5] native-tf path completed: group=4h_L1_momentum_STOCHF-fastd_8-3-0 src_tf=4h primary_tf=1h native_rows=5086 primary_rows=20342 outputs=1
13:43:02 [INFO] [L6.5] native-tf path completed: group=4h_L1_momentum_STOCHF-fastd_89-8-0 src_tf=4h primary_tf=1h native_rows=5086 primary_rows=20342 outputs=1
13:43:02 [INFO] [L6.5] native-tf path completed: group=4h_L1_momentum_STOCHF-fastk_13-3-0 src_tf=4h primary_tf=1h native_rows=5086 primary_rows=20342 outputs=1
13:43:02 [INFO] [L6.5] native-tf path completed: group=4h_L1_momentum_STOCHF-fastk_21-3-0 src_tf=4h primary_tf=1h native_rows=5086 primary_rows=20342 outputs=1
13:43:02 [INFO] [L6.5] native-tf path completed: group=4h_L1_momentum_STOCHF-fastk_21-5-0 src_tf=4h primary_tf=1h native_rows=5086 primary_rows=20342 outputs=1
13:43:02 [INFO] [L6.5] native-tf path completed: group=4h_L1_momentum_STOCHF-fastk_34-5-0 src_tf=4h primary_tf=1h native_rows=5086 primary_rows=20342 outputs=1
13:43:02 [INFO] [L6.5] native-tf path completed: group=4h_L1_momentum_STOCHF-fastk_5-3-0 src_tf=4h primary_tf=1h native_rows=5086 primary_rows=20342 outputs=1
13:43:02 [INFO] [L6.5] native-tf path completed: group=4h_L1_momentum_STOCHF-fastk_55-5-0 src_tf=4h primary_tf=1h native_rows=5086 primary_rows=20342 outputs=1
13:43:02 [INFO] [L6.5] native-tf path completed: group=4h_L1_momentum_STOCHF-fastk_8-3-0 src_tf=4h primary_tf=1h native_rows=5086 primary_rows=20342 outputs=1
13:43:02 [INFO] [L6.5] native-tf path completed: group=4h_L1_momentum_STOCHF-fastk_89-8-0 src_tf=4h primary_tf=1h native_rows=5086 primary_rows=20342 outputs=1
13:43:03 [INFO] [L6.5] native-tf path completed: group=4h_L1_momentum_ULTOSC_13-21-55 src_tf=4h primary_tf=1h native_rows=5086 primary_rows=20342 outputs=1
13:43:03 [INFO] [L6.5] native-tf path completed: group=4h_L1_momentum_ULTOSC_13-34-89 src_tf=4h primary_tf=1h native_rows=5086 primary_rows=20342 outputs=1
13:43:03 [INFO] [L6.5] native-tf path completed: group=4h_L1_momentum_ULTOSC_21-34-89 src_tf=4h primary_tf=1h native_rows=5086 primary_rows=20342 outputs=1
13:43:03 [INFO] [L6.5] native-tf path completed: group=4h_L1_momentum_ULTOSC_21-55-144 src_tf=4h primary_tf=1h native_rows=5086 primary_rows=20342 outputs=1
13:43:03 [INFO] [L6.5] native-tf path completed: group=4h_L1_momentum_ULTOSC_34-55-144 src_tf=4h primary_tf=1h native_rows=5086 primary_rows=20342 outputs=1
13:43:03 [INFO] [L6.5] native-tf path completed: group=4h_L1_momentum_ULTOSC_34-89-233 src_tf=4h primary_tf=1h native_rows=5086 primary_rows=20342 outputs=1
13:43:03 [INFO] [L6.5] native-tf path completed: group=4h_L1_momentum_ULTOSC_5-10-20 src_tf=4h primary_tf=1h native_rows=5086 primary_rows=20342 outputs=1
13:43:03 [INFO] [L6.5] native-tf path completed: group=4h_L1_momentum_ULTOSC_5-13-26 src_tf=4h primary_tf=1h native_rows=5086 primary_rows=20342 outputs=1
13:43:03 [INFO] [L6.5] native-tf path completed: group=4h_L1_momentum_ULTOSC_7-14-28 src_tf=4h primary_tf=1h native_rows=5086 primary_rows=20342 outputs=1
13:43:03 [INFO] [L6.5] raw-sink heartbeat: tasks 493/496 (99.4%), groups 479/482, elapsed=118.8s, rate=4.15/s, ETA=1s, rss=720MB, last=4h_L1_momentum_ULTOSC_7-14-28 (native-tf, parts=1)
13:43:03 [INFO] [L6.5] native-tf path completed: group=4h_L1_momentum_ULTOSC_8-21-55 src_tf=4h primary_tf=1h native_rows=5086 primary_rows=20342 outputs=1
13:43:03 [INFO] [L6.5] native-tf path completed: group=4h_L1_trend_SAREXT_0-0-0.02-0.02-0.2-0.02-0.02-0.2 src_tf=4h primary_tf=1h native_rows=5086 primary_rows=20342 outputs=1
13:43:03 [INFO] [L6.5] native-tf path completed: group=4h_L1_trend_SAR_0.02-0.2 src_tf=4h primary_tf=1h native_rows=5086 primary_rows=20342 outputs=1
13:43:03 [INFO] [L6.5] raw-sink heartbeat: tasks 496/496 (100.0%), groups 482/482, elapsed=119.1s, rate=4.17/s, ETA=0s, rss=720MB, last=4h_L1_trend_SAR_0.02-0.2 (native-tf, parts=1)
13:43:03 [INFO] [L6.5] raw-sink complete: 482/482 groups in 119.12s rss=720MB
13:43:03 [INFO] [Layer B Sanitize][CGSA] nulled 4352425 non-finite/over-cap values (finite_cap=1e+18) across all streamed features
13:43:04 [INFO] [L7_raw] registry stream persist done: symbol=BTCUSDT tf=1h groups=490 features=75416 npy_freed=3.57 GiB dtype=mixed
13:43:05 [INFO] Loaded feature registry with 1 entries
13:43:05 [INFO] [multi_tf:complete] 100% - [CGSA] MultiTF generation completed (270.85s)
PASSED                                                                   [100%]

======================== 2 passed in 3142.87s (0:52:22) ========================
PYTEST_RC=0
Fri Oct  2 13:43:35 CST 2026
