2026-09-27 19:36:43,622 - momentum.Indicators.indicator_engine - INFO - Registered indicator: ema -> EMAIndicator
[2026-09-27 19:36:43,771] INFO momentum.FeatureEngineering.strategy_registry: ✅ 成功註冊 EMAExtractor
2026-09-27 19:36:43,771 - momentum.FeatureEngineering.strategy_registry - INFO - ✅ 成功註冊 EMAExtractor
2026-09-27 19:36:45,296 - momentum.DataExtraction.kline_storage - INFO - KlineStorageManager initialized: data_cache/feature_klines_longhist/kline_cache.h5
2026-09-27 19:36:45,297 - momentum.DataExtraction.kline_download_service.KlineDownloadService - INFO - KlineDownloadService initialized
2026-09-27 19:36:45,297 - asyncio - DEBUG - Using selector: KqueueSelector
2026-09-27 19:36:45,314 - urllib3.connectionpool - DEBUG - Starting new HTTPS connection (1): api.binance.com:443
2026-09-27 19:36:45,380 - urllib3.connectionpool - DEBUG - https://api.binance.com:443 "GET /api/v3/ping HTTP/1.1" 200 2
2026-09-27 19:36:45,380 - momentum.DataExtraction.providers.binance_provider.RateLimiter - INFO - Rate limiter initialized: 1000 req/min
2026-09-27 19:36:45,380 - momentum.DataExtraction.kline_provider_base.Binance - INFO - BinanceProvider initialized
2026-09-27 19:36:45,380 - momentum.DataExtraction.kline_download_service.ProviderRegistry - INFO - Registered provider: binance (rate_limit=1000/min)
2026-09-27 19:36:45,429 - urllib3.connectionpool - DEBUG - https://api.binance.com:443 "GET /api/v3/ping HTTP/1.1" 200 2
2026-09-27 19:36:45,431 - momentum.DataExtraction.kline_provider_base.Binance - INFO - Binance API ping successful
2026-09-27 19:36:45,431 - momentum.DataExtraction.kline_download_service.KlineDownloadService - DEBUG - Provider 'binance' health check OK
2026-09-27 19:36:45,431 - momentum.DataExtraction.kline_download_service.KlineDownloadService - INFO - Downloading BTCUSDT 1d from binance (2017-01-01 00:00:00 to 2026-09-27 11:36:45.296839)
2026-09-27 19:36:45,431 - momentum.DataExtraction.kline_provider_base.Binance - INFO - Starting download: BTCUSDT 1d from 2017-01-01 00:00:00 to 2026-09-27 11:36:45.296839 (estimated ~3556 klines in ~4 batches)
2026-09-27 19:36:45,431 - momentum.DataExtraction.kline_provider_base.Binance - INFO - [25%] Batch 1/4: 2017-01-01 00:00 to 2019-09-28 00:00
2026-09-27 19:36:45,433 - momentum.DataExtraction.providers.binance_provider.RateLimiter - DEBUG - Acquired 1 tokens, remaining: 999.00
2026-09-27 19:36:45,514 - urllib3.connectionpool - DEBUG - https://api.binance.com:443 "GET /api/v3/klines?endTime=1569628800000&interval=1d&limit=1000&startTime=1483228800000&symbol=BTCUSDT HTTP/1.1" 200 49326
2026-09-27 19:36:45,521 - momentum.DataExtraction.kline_provider_base.Binance - DEBUG - Fetched 773 klines from Binance API
2026-09-27 19:36:45,521 - momentum.DataExtraction.kline_provider_base.Binance - INFO - [25%] Batch 1: downloaded 773 klines, total: 773 | 最後K線(UTC): 2019-09-28 00:00, 下一批次(UTC): 2019-09-29 00:00
2026-09-27 19:36:45,522 - momentum.DataExtraction.kline_provider_base.Binance - INFO - [50%] Batch 2/4: 2019-09-29 00:00 to 2022-06-25 00:00
2026-09-27 19:36:45,522 - momentum.DataExtraction.providers.binance_provider.RateLimiter - DEBUG - Acquired 1 tokens, remaining: 999.00
2026-09-27 19:36:45,584 - urllib3.connectionpool - DEBUG - https://api.binance.com:443 "GET /api/v3/klines?endTime=1656115200000&interval=1d&limit=1000&startTime=1569715200000&symbol=BTCUSDT HTTP/1.1" 200 65841
2026-09-27 19:36:45,589 - momentum.DataExtraction.kline_provider_base.Binance - DEBUG - Fetched 1000 klines from Binance API
2026-09-27 19:36:45,589 - momentum.DataExtraction.kline_provider_base.Binance - INFO - [50%] Batch 2: downloaded 1000 klines, total: 1773 | 最後K線(UTC): 2022-06-24 00:00, 下一批次(UTC): 2022-06-25 00:00
2026-09-27 19:36:45,589 - momentum.DataExtraction.kline_provider_base.Binance - INFO - [75%] Batch 3/4: 2022-06-25 00:00 to 2025-03-21 00:00
2026-09-27 19:36:45,589 - momentum.DataExtraction.providers.binance_provider.RateLimiter - DEBUG - Acquired 1 tokens, remaining: 999.00
2026-09-27 19:36:45,685 - urllib3.connectionpool - DEBUG - https://api.binance.com:443 "GET /api/v3/klines?endTime=1742515200000&interval=1d&limit=1000&startTime=1656115200000&symbol=BTCUSDT HTTP/1.1" 200 64974
2026-09-27 19:36:45,721 - momentum.DataExtraction.kline_provider_base.Binance - DEBUG - Fetched 1000 klines from Binance API
2026-09-27 19:36:45,721 - momentum.DataExtraction.kline_provider_base.Binance - INFO - [75%] Batch 3: downloaded 1000 klines, total: 2773 | 最後K線(UTC): 2025-03-20 00:00, 下一批次(UTC): 2025-03-21 00:00
2026-09-27 19:36:45,721 - momentum.DataExtraction.kline_provider_base.Binance - INFO - [100%] Batch 4/4: 2025-03-21 00:00 to 2026-09-27 11:36
2026-09-27 19:36:45,721 - momentum.DataExtraction.providers.binance_provider.RateLimiter - DEBUG - Acquired 1 tokens, remaining: 999.00
2026-09-27 19:36:45,779 - urllib3.connectionpool - DEBUG - https://api.binance.com:443 "GET /api/v3/klines?endTime=1790509005000&interval=1d&limit=1000&startTime=1742515200000&symbol=BTCUSDT HTTP/1.1" 200 36167
2026-09-27 19:36:45,784 - momentum.DataExtraction.kline_provider_base.Binance - DEBUG - Fetched 556 klines from Binance API
2026-09-27 19:36:45,784 - momentum.DataExtraction.kline_provider_base.Binance - INFO - [100%] Batch 4: downloaded 556 klines, total: 3329 | 最後K線(UTC): 2026-09-27 00:00, 下一批次(UTC): 2026-09-28 00:00
2026-09-27 19:36:45,807 - momentum.DataExtraction.kline_provider_base.Binance - INFO - Download completed: 3329 klines in 4 batches
2026-09-27 19:36:45,809 - momentum.DataExtraction.kline_provider_base.Binance - DEBUG - DataFrame validation passed: 3329 rows, 10 columns
2026-09-27 19:36:45,817 - momentum.DataExtraction.kline_storage - DEBUG - Legacy cache not found for BTCUSDT/1d in data_cache
2026-09-27 19:36:45,817 - momentum.DataExtraction.kline_storage - WARNING - Dataset BTCUSDT/1d not available in storage or legacy cache
2026-09-27 19:36:45,828 - momentum.DataExtraction.kline_storage - DEBUG - Atomically renamed temp dataset to 'data'
2026-09-27 19:36:45,829 - h5py._conv - DEBUG - Creating converter from 5 to 3
2026-09-27 19:36:45,839 - momentum.DataExtraction.kline_storage - DEBUG - Continuity check passed for BTCUSDT/1d: 3329 bars are continuous
2026-09-27 19:36:45,839 - momentum.DataExtraction.kline_storage - INFO - Read 3329 klines from BTCUSDT/1d in 0.004s
2026-09-27 19:36:45,839 - h5py._conv - DEBUG - Creating converter from 3 to 5
2026-09-27 19:36:45,840 - momentum.DataExtraction.kline_storage - DEBUG - ✓ Verification passed for BTCUSDT/1d
2026-09-27 19:36:45,840 - momentum.DataExtraction.kline_storage - INFO - Updated cache index: BTCUSDT/1d (add)
2026-09-27 19:36:45,840 - momentum.DataExtraction.kline_storage - INFO - ✅ Successfully wrote 3329 klines to BTCUSDT/1d (verified)
2026-09-27 19:36:45,840 - momentum.DataExtraction.kline_download_service.KlineDownloadService - INFO - Saved 3329 klines to storage (symbol=BTCUSDT, timeframe=1d)
2026-09-27 19:36:45,840 - momentum.DataExtraction.kline_download_service.KlineDownloadService - INFO - Successfully downloaded 3329 klines in 0.38s (8839.3 klines/s)
2026-09-27 19:36:45,844 - momentum.DataExtraction.kline_storage - INFO - Read 3329 klines from BTCUSDT/1d in 0.003s
2026-09-27 19:36:45,844 - momentum.DataExtraction.kline_download_service.KlineDownloadService - INFO - Downloading BTCUSDT 5m from binance (2025-09-27 00:00:00 to 2026-09-27 11:36:45.296839)
2026-09-27 19:36:45,844 - momentum.DataExtraction.kline_provider_base.Binance - INFO - Starting download: BTCUSDT 5m from 2025-09-27 00:00:00 to 2026-09-27 11:36:45.296839 (estimated ~105259 klines in ~106 batches)
2026-09-27 19:36:45,844 - momentum.DataExtraction.kline_provider_base.Binance - INFO - [0%] Batch 1/106: 2025-09-27 00:00 to 2025-09-30 11:20
2026-09-27 19:36:45,844 - momentum.DataExtraction.providers.binance_provider.RateLimiter - DEBUG - Acquired 1 tokens, remaining: 999.00
2026-09-27 19:36:45,906 - urllib3.connectionpool - DEBUG - https://api.binance.com:443 "GET /api/v3/klines?endTime=1759231200000&interval=5m&limit=1000&startTime=1758931200000&symbol=BTCUSDT HTTP/1.1" 200 52067
2026-09-27 19:36:45,908 - momentum.DataExtraction.kline_provider_base.Binance - DEBUG - Fetched 1000 klines from Binance API
2026-09-27 19:36:45,908 - momentum.DataExtraction.kline_provider_base.Binance - INFO - [0%] Batch 1: downloaded 1000 klines, total: 1000 | 最後K線(UTC): 2025-09-30 11:15, 下一批次(UTC): 2025-09-30 11:20
2026-09-27 19:36:45,908 - momentum.DataExtraction.kline_provider_base.Binance - INFO - [1%] Batch 2/106: 2025-09-30 11:20 to 2025-10-03 22:40
2026-09-27 19:36:45,908 - momentum.DataExtraction.providers.binance_provider.RateLimiter - DEBUG - Acquired 1 tokens, remaining: 999.00
2026-09-27 19:36:45,975 - urllib3.connectionpool - DEBUG - https://api.binance.com:443 "GET /api/v3/klines?endTime=1759531200000&interval=5m&limit=1000&startTime=1759231200000&symbol=BTCUSDT HTTP/1.1" 200 54173
2026-09-27 19:36:45,980 - momentum.DataExtraction.kline_provider_base.Binance - DEBUG - Fetched 1000 klines from Binance API
2026-09-27 19:36:45,980 - momentum.DataExtraction.kline_provider_base.Binance - INFO - [1%] Batch 2: downloaded 1000 klines, total: 2000 | 最後K線(UTC): 2025-10-03 22:35, 下一批次(UTC): 2025-10-03 22:40
2026-09-27 19:36:45,980 - momentum.DataExtraction.kline_provider_base.Binance - INFO - [2%] Batch 3/106: 2025-10-03 22:40 to 2025-10-07 10:00
2026-09-27 19:36:45,980 - momentum.DataExtraction.providers.binance_provider.RateLimiter - DEBUG - Acquired 1 tokens, remaining: 999.00
2026-09-27 19:36:46,042 - urllib3.connectionpool - DEBUG - https://api.binance.com:443 "GET /api/v3/klines?endTime=1759831200000&interval=5m&limit=1000&startTime=1759531200000&symbol=BTCUSDT HTTP/1.1" 200 53349
2026-09-27 19:36:46,044 - momentum.DataExtraction.kline_provider_base.Binance - DEBUG - Fetched 1000 klines from Binance API
2026-09-27 19:36:46,044 - momentum.DataExtraction.kline_provider_base.Binance - INFO - [2%] Batch 3: downloaded 1000 klines, total: 3000 | 最後K線(UTC): 2025-10-07 09:55, 下一批次(UTC): 2025-10-07 10:00
2026-09-27 19:36:46,044 - momentum.DataExtraction.kline_provider_base.Binance - INFO - [3%] Batch 4/106: 2025-10-07 10:00 to 2025-10-10 21:20
2026-09-27 19:36:46,044 - momentum.DataExtraction.providers.binance_provider.RateLimiter - DEBUG - Acquired 1 tokens, remaining: 999.00
2026-09-27 19:36:46,105 - urllib3.connectionpool - DEBUG - https://api.binance.com:443 "GET /api/v3/klines?endTime=1760131200000&interval=5m&limit=1000&startTime=1759831200000&symbol=BTCUSDT HTTP/1.1" 200 54603
2026-09-27 19:36:46,111 - momentum.DataExtraction.kline_provider_base.Binance - DEBUG - Fetched 1000 klines from Binance API
2026-09-27 19:36:46,111 - momentum.DataExtraction.kline_provider_base.Binance - INFO - [3%] Batch 4: downloaded 1000 klines, total: 4000 | 最後K線(UTC): 2025-10-10 21:15, 下一批次(UTC): 2025-10-10 21:20
2026-09-27 19:36:46,111 - momentum.DataExtraction.kline_provider_base.Binance - INFO - [4%] Batch 5/106: 2025-10-10 21:20 to 2025-10-14 08:40
2026-09-27 19:36:46,112 - momentum.DataExtraction.providers.binance_provider.RateLimiter - DEBUG - Acquired 1 tokens, remaining: 999.00
2026-09-27 19:36:46,173 - urllib3.connectionpool - DEBUG - https://api.binance.com:443 "GET /api/v3/klines?endTime=1760431200000&interval=5m&limit=1000&startTime=1760131200000&symbol=BTCUSDT HTTP/1.1" 200 55459
2026-09-27 19:36:46,178 - momentum.DataExtraction.kline_provider_base.Binance - DEBUG - Fetched 1000 klines from Binance API
2026-09-27 19:36:46,178 - momentum.DataExtraction.kline_provider_base.Binance - INFO - [4%] Batch 5: downloaded 1000 klines, total: 5000 | 最後K線(UTC): 2025-10-14 08:35, 下一批次(UTC): 2025-10-14 08:40
2026-09-27 19:36:46,179 - momentum.DataExtraction.kline_provider_base.Binance - INFO - [5%] Batch 6/106: 2025-10-14 08:40 to 2025-10-17 20:00
2026-09-27 19:36:46,179 - momentum.DataExtraction.providers.binance_provider.RateLimiter - DEBUG - Acquired 1 tokens, remaining: 999.00
2026-09-27 19:36:46,241 - urllib3.connectionpool - DEBUG - https://api.binance.com:443 "GET /api/v3/klines?endTime=1760731200000&interval=5m&limit=1000&startTime=1760431200000&symbol=BTCUSDT HTTP/1.1" 200 55390
2026-09-27 19:36:46,247 - momentum.DataExtraction.kline_provider_base.Binance - DEBUG - Fetched 1000 klines from Binance API
2026-09-27 19:36:46,247 - momentum.DataExtraction.kline_provider_base.Binance - INFO - [5%] Batch 6: downloaded 1000 klines, total: 6000 | 最後K線(UTC): 2025-10-17 19:55, 下一批次(UTC): 2025-10-17 20:00
2026-09-27 19:36:46,247 - momentum.DataExtraction.kline_provider_base.Binance - INFO - [6%] Batch 7/106: 2025-10-17 20:00 to 2025-10-21 07:20
2026-09-27 19:36:46,247 - momentum.DataExtraction.providers.binance_provider.RateLimiter - DEBUG - Acquired 1 tokens, remaining: 999.00
2026-09-27 19:36:46,309 - urllib3.connectionpool - DEBUG - https://api.binance.com:443 "GET /api/v3/klines?endTime=1761031200000&interval=5m&limit=1000&startTime=1760731200000&symbol=BTCUSDT HTTP/1.1" 200 53989
2026-09-27 19:36:46,314 - momentum.DataExtraction.kline_provider_base.Binance - DEBUG - Fetched 1000 klines from Binance API
2026-09-27 19:36:46,314 - momentum.DataExtraction.kline_provider_base.Binance - INFO - [6%] Batch 7: downloaded 1000 klines, total: 7000 | 最後K線(UTC): 2025-10-21 07:15, 下一批次(UTC): 2025-10-21 07:20
2026-09-27 19:36:46,314 - momentum.DataExtraction.kline_provider_base.Binance - INFO - [7%] Batch 8/106: 2025-10-21 07:20 to 2025-10-24 18:40
2026-09-27 19:36:46,314 - momentum.DataExtraction.providers.binance_provider.RateLimiter - DEBUG - Acquired 1 tokens, remaining: 999.00
2026-09-27 19:36:46,376 - urllib3.connectionpool - DEBUG - https://api.binance.com:443 "GET /api/v3/klines?endTime=1761331200000&interval=5m&limit=1000&startTime=1761031200000&symbol=BTCUSDT HTTP/1.1" 200 54856
2026-09-27 19:36:46,382 - momentum.DataExtraction.kline_provider_base.Binance - DEBUG - Fetched 1000 klines from Binance API
2026-09-27 19:36:46,382 - momentum.DataExtraction.kline_provider_base.Binance - INFO - [7%] Batch 8: downloaded 1000 klines, total: 8000 | 最後K線(UTC): 2025-10-24 18:35, 下一批次(UTC): 2025-10-24 18:40
2026-09-27 19:36:46,382 - momentum.DataExtraction.kline_provider_base.Binance - INFO - [8%] Batch 9/106: 2025-10-24 18:40 to 2025-10-28 06:00
2026-09-27 19:36:46,382 - momentum.DataExtraction.providers.binance_provider.RateLimiter - DEBUG - Acquired 1 tokens, remaining: 999.00
2026-09-27 19:36:46,484 - urllib3.connectionpool - DEBUG - https://api.binance.com:443 "GET /api/v3/klines?endTime=1761631200000&interval=5m&limit=1000&startTime=1761331200000&symbol=BTCUSDT HTTP/1.1" 200 53047
2026-09-27 19:36:46,515 - momentum.DataExtraction.kline_provider_base.Binance - DEBUG - Fetched 1000 klines from Binance API
2026-09-27 19:36:46,516 - momentum.DataExtraction.kline_provider_base.Binance - INFO - [8%] Batch 9: downloaded 1000 klines, total: 9000 | 最後K線(UTC): 2025-10-28 05:55, 下一批次(UTC): 2025-10-28 06:00
2026-09-27 19:36:46,516 - momentum.DataExtraction.kline_provider_base.Binance - INFO - [9%] Batch 10/106: 2025-10-28 06:00 to 2025-10-31 17:20
2026-09-27 19:36:46,516 - momentum.DataExtraction.providers.binance_provider.RateLimiter - DEBUG - Acquired 1 tokens, remaining: 999.00
2026-09-27 19:36:46,577 - urllib3.connectionpool - DEBUG - https://api.binance.com:443 "GET /api/v3/klines?endTime=1761931200000&interval=5m&limit=1000&startTime=1761631200000&symbol=BTCUSDT HTTP/1.1" 200 54823
2026-09-27 19:36:46,586 - momentum.DataExtraction.kline_provider_base.Binance - DEBUG - Fetched 1000 klines from Binance API
2026-09-27 19:36:46,586 - momentum.DataExtraction.kline_provider_base.Binance - INFO - [9%] Batch 10: downloaded 1000 klines, total: 10000 | 最後K線(UTC): 2025-10-31 17:15, 下一批次(UTC): 2025-10-31 17:20
2026-09-27 19:36:46,586 - momentum.DataExtraction.kline_provider_base.Binance - INFO - [10%] Batch 11/106: 2025-10-31 17:20 to 2025-11-04 04:40
2026-09-27 19:36:46,586 - momentum.DataExtraction.providers.binance_provider.RateLimiter - DEBUG - Acquired 1 tokens, remaining: 999.00
2026-09-27 19:36:46,650 - urllib3.connectionpool - DEBUG - https://api.binance.com:443 "GET /api/v3/klines?endTime=1762231200000&interval=5m&limit=1000&startTime=1761931200000&symbol=BTCUSDT HTTP/1.1" 200 53619
2026-09-27 19:36:46,656 - momentum.DataExtraction.kline_provider_base.Binance - DEBUG - Fetched 1000 klines from Binance API
2026-09-27 19:36:46,656 - momentum.DataExtraction.kline_provider_base.Binance - INFO - [10%] Batch 11: downloaded 1000 klines, total: 11000 | 最後K線(UTC): 2025-11-04 04:35, 下一批次(UTC): 2025-11-04 04:40
2026-09-27 19:36:46,656 - momentum.DataExtraction.kline_provider_base.Binance - INFO - [11%] Batch 12/106: 2025-11-04 04:40 to 2025-11-07 16:00
2026-09-27 19:36:46,656 - momentum.DataExtraction.providers.binance_provider.RateLimiter - DEBUG - Acquired 1 tokens, remaining: 999.00
2026-09-27 19:36:46,720 - urllib3.connectionpool - DEBUG - https://api.binance.com:443 "GET /api/v3/klines?endTime=1762531200000&interval=5m&limit=1000&startTime=1762231200000&symbol=BTCUSDT HTTP/1.1" 200 55468
2026-09-27 19:36:46,726 - momentum.DataExtraction.kline_provider_base.Binance - DEBUG - Fetched 1000 klines from Binance API
2026-09-27 19:36:46,726 - momentum.DataExtraction.kline_provider_base.Binance - INFO - [11%] Batch 12: downloaded 1000 klines, total: 12000 | 最後K線(UTC): 2025-11-07 15:55, 下一批次(UTC): 2025-11-07 16:00
2026-09-27 19:36:46,726 - momentum.DataExtraction.kline_provider_base.Binance - INFO - [12%] Batch 13/106: 2025-11-07 16:00 to 2025-11-11 03:20
2026-09-27 19:36:46,726 - momentum.DataExtraction.providers.binance_provider.RateLimiter - DEBUG - Acquired 1 tokens, remaining: 999.00
2026-09-27 19:36:46,790 - urllib3.connectionpool - DEBUG - https://api.binance.com:443 "GET /api/v3/klines?endTime=1762831200000&interval=5m&limit=1000&startTime=1762531200000&symbol=BTCUSDT HTTP/1.1" 200 54433
2026-09-27 19:36:46,827 - momentum.DataExtraction.kline_provider_base.Binance - DEBUG - Fetched 1000 klines from Binance API
2026-09-27 19:36:46,827 - momentum.DataExtraction.kline_provider_base.Binance - INFO - [12%] Batch 13: downloaded 1000 klines, total: 13000 | 最後K線(UTC): 2025-11-11 03:15, 下一批次(UTC): 2025-11-11 03:20
2026-09-27 19:36:46,827 - momentum.DataExtraction.kline_provider_base.Binance - INFO - [13%] Batch 14/106: 2025-11-11 03:20 to 2025-11-14 14:40
2026-09-27 19:36:46,828 - momentum.DataExtraction.providers.binance_provider.RateLimiter - DEBUG - Acquired 1 tokens, remaining: 999.00
2026-09-27 19:36:46,893 - urllib3.connectionpool - DEBUG - https://api.binance.com:443 "GET /api/v3/klines?endTime=1763131200000&interval=5m&limit=1000&startTime=1762831200000&symbol=BTCUSDT HTTP/1.1" 200 55201
2026-09-27 19:36:46,899 - momentum.DataExtraction.kline_provider_base.Binance - DEBUG - Fetched 1000 klines from Binance API
2026-09-27 19:36:46,899 - momentum.DataExtraction.kline_provider_base.Binance - INFO - [13%] Batch 14: downloaded 1000 klines, total: 14000 | 最後K線(UTC): 2025-11-14 14:35, 下一批次(UTC): 2025-11-14 14:40
2026-09-27 19:36:46,899 - momentum.DataExtraction.kline_provider_base.Binance - INFO - [14%] Batch 15/106: 2025-11-14 14:40 to 2025-11-18 02:00
2026-09-27 19:36:46,899 - momentum.DataExtraction.providers.binance_provider.RateLimiter - DEBUG - Acquired 1 tokens, remaining: 999.00
2026-09-27 19:36:46,971 - urllib3.connectionpool - DEBUG - https://api.binance.com:443 "GET /api/v3/klines?endTime=1763431200000&interval=5m&limit=1000&startTime=1763131200000&symbol=BTCUSDT HTTP/1.1" 200 54811
2026-09-27 19:36:46,977 - momentum.DataExtraction.kline_provider_base.Binance - DEBUG - Fetched 1000 klines from Binance API
2026-09-27 19:36:46,977 - momentum.DataExtraction.kline_provider_base.Binance - INFO - [14%] Batch 15: downloaded 1000 klines, total: 15000 | 最後K線(UTC): 2025-11-18 01:55, 下一批次(UTC): 2025-11-18 02:00
2026-09-27 19:36:46,977 - momentum.DataExtraction.kline_provider_base.Binance - INFO - [15%] Batch 16/106: 2025-11-18 02:00 to 2025-11-21 13:20
2026-09-27 19:36:46,977 - momentum.DataExtraction.providers.binance_provider.RateLimiter - DEBUG - Acquired 1 tokens, remaining: 999.00
2026-09-27 19:36:47,042 - urllib3.connectionpool - DEBUG - https://api.binance.com:443 "GET /api/v3/klines?endTime=1763731200000&interval=5m&limit=1000&startTime=1763431200000&symbol=BTCUSDT HTTP/1.1" 200 55810
2026-09-27 19:36:47,075 - momentum.DataExtraction.kline_provider_base.Binance - DEBUG - Fetched 1000 klines from Binance API
2026-09-27 19:36:47,075 - momentum.DataExtraction.kline_provider_base.Binance - INFO - [15%] Batch 16: downloaded 1000 klines, total: 16000 | 最後K線(UTC): 2025-11-21 13:15, 下一批次(UTC): 2025-11-21 13:20
2026-09-27 19:36:47,075 - momentum.DataExtraction.kline_provider_base.Binance - INFO - [16%] Batch 17/106: 2025-11-21 13:20 to 2025-11-25 00:40
2026-09-27 19:36:47,075 - momentum.DataExtraction.providers.binance_provider.RateLimiter - DEBUG - Acquired 1 tokens, remaining: 999.00
2026-09-27 19:36:47,138 - urllib3.connectionpool - DEBUG - https://api.binance.com:443 "GET /api/v3/klines?endTime=1764031200000&interval=5m&limit=1000&startTime=1763731200000&symbol=BTCUSDT HTTP/1.1" 200 54731
2026-09-27 19:36:47,174 - momentum.DataExtraction.kline_provider_base.Binance - DEBUG - Fetched 1000 klines from Binance API
2026-09-27 19:36:47,174 - momentum.DataExtraction.kline_provider_base.Binance - INFO - [16%] Batch 17: downloaded 1000 klines, total: 17000 | 最後K線(UTC): 2025-11-25 00:35, 下一批次(UTC): 2025-11-25 00:40
2026-09-27 19:36:47,175 - momentum.DataExtraction.kline_provider_base.Binance - INFO - [16%] Batch 18/106: 2025-11-25 00:40 to 2025-11-28 12:00
2026-09-27 19:36:47,175 - momentum.DataExtraction.providers.binance_provider.RateLimiter - DEBUG - Acquired 1 tokens, remaining: 999.00
2026-09-27 19:36:47,237 - urllib3.connectionpool - DEBUG - https://api.binance.com:443 "GET /api/v3/klines?endTime=1764331200000&interval=5m&limit=1000&startTime=1764031200000&symbol=BTCUSDT HTTP/1.1" 200 54115
2026-09-27 19:36:47,271 - momentum.DataExtraction.kline_provider_base.Binance - DEBUG - Fetched 1000 klines from Binance API
2026-09-27 19:36:47,271 - momentum.DataExtraction.kline_provider_base.Binance - INFO - [16%] Batch 18: downloaded 1000 klines, total: 18000 | 最後K線(UTC): 2025-11-28 11:55, 下一批次(UTC): 2025-11-28 12:00
2026-09-27 19:36:47,271 - momentum.DataExtraction.kline_provider_base.Binance - INFO - [17%] Batch 19/106: 2025-11-28 12:00 to 2025-12-01 23:20
2026-09-27 19:36:47,272 - momentum.DataExtraction.providers.binance_provider.RateLimiter - DEBUG - Acquired 1 tokens, remaining: 999.00
2026-09-27 19:36:47,334 - urllib3.connectionpool - DEBUG - https://api.binance.com:443 "GET /api/v3/klines?endTime=1764631200000&interval=5m&limit=1000&startTime=1764331200000&symbol=BTCUSDT HTTP/1.1" 200 53558
2026-09-27 19:36:47,342 - momentum.DataExtraction.kline_provider_base.Binance - DEBUG - Fetched 1000 klines from Binance API
2026-09-27 19:36:47,342 - momentum.DataExtraction.kline_provider_base.Binance - INFO - [17%] Batch 19: downloaded 1000 klines, total: 19000 | 最後K線(UTC): 2025-12-01 23:15, 下一批次(UTC): 2025-12-01 23:20
2026-09-27 19:36:47,343 - momentum.DataExtraction.kline_provider_base.Binance - INFO - [18%] Batch 20/106: 2025-12-01 23:20 to 2025-12-05 10:40
2026-09-27 19:36:47,343 - momentum.DataExtraction.providers.binance_provider.RateLimiter - DEBUG - Acquired 1 tokens, remaining: 999.00
2026-09-27 19:36:47,403 - urllib3.connectionpool - DEBUG - https://api.binance.com:443 "GET /api/v3/klines?endTime=1764931200000&interval=5m&limit=1000&startTime=1764631200000&symbol=BTCUSDT HTTP/1.1" 200 54653
2026-09-27 19:36:47,409 - momentum.DataExtraction.kline_provider_base.Binance - DEBUG - Fetched 1000 klines from Binance API
2026-09-27 19:36:47,409 - momentum.DataExtraction.kline_provider_base.Binance - INFO - [18%] Batch 20: downloaded 1000 klines, total: 20000 | 最後K線(UTC): 2025-12-05 10:35, 下一批次(UTC): 2025-12-05 10:40
2026-09-27 19:36:47,409 - momentum.DataExtraction.kline_provider_base.Binance - INFO - [19%] Batch 21/106: 2025-12-05 10:40 to 2025-12-08 22:00
2026-09-27 19:36:47,409 - momentum.DataExtraction.providers.binance_provider.RateLimiter - DEBUG - Acquired 1 tokens, remaining: 999.00
2026-09-27 19:36:47,473 - urllib3.connectionpool - DEBUG - https://api.binance.com:443 "GET /api/v3/klines?endTime=1765231200000&interval=5m&limit=1000&startTime=1764931200000&symbol=BTCUSDT HTTP/1.1" 200 53522
2026-09-27 19:36:47,478 - momentum.DataExtraction.kline_provider_base.Binance - DEBUG - Fetched 1000 klines from Binance API
2026-09-27 19:36:47,478 - momentum.DataExtraction.kline_provider_base.Binance - INFO - [19%] Batch 21: downloaded 1000 klines, total: 21000 | 最後K線(UTC): 2025-12-08 21:55, 下一批次(UTC): 2025-12-08 22:00
2026-09-27 19:36:47,478 - momentum.DataExtraction.kline_provider_base.Binance - INFO - [20%] Batch 22/106: 2025-12-08 22:00 to 2025-12-12 09:20
2026-09-27 19:36:47,478 - momentum.DataExtraction.providers.binance_provider.RateLimiter - DEBUG - Acquired 1 tokens, remaining: 999.00
2026-09-27 19:36:47,546 - urllib3.connectionpool - DEBUG - https://api.binance.com:443 "GET /api/v3/klines?endTime=1765531200000&interval=5m&limit=1000&startTime=1765231200000&symbol=BTCUSDT HTTP/1.1" 200 54153
2026-09-27 19:36:47,550 - momentum.DataExtraction.kline_provider_base.Binance - DEBUG - Fetched 1000 klines from Binance API
2026-09-27 19:36:47,551 - momentum.DataExtraction.kline_provider_base.Binance - INFO - [20%] Batch 22: downloaded 1000 klines, total: 22000 | 最後K線(UTC): 2025-12-12 09:15, 下一批次(UTC): 2025-12-12 09:20
2026-09-27 19:36:47,551 - momentum.DataExtraction.kline_provider_base.Binance - INFO - [21%] Batch 23/106: 2025-12-12 09:20 to 2025-12-15 20:40
2026-09-27 19:36:47,552 - momentum.DataExtraction.providers.binance_provider.RateLimiter - DEBUG - Acquired 1 tokens, remaining: 999.00
2026-09-27 19:36:47,614 - urllib3.connectionpool - DEBUG - https://api.binance.com:443 "GET /api/v3/klines?endTime=1765831200000&interval=5m&limit=1000&startTime=1765531200000&symbol=BTCUSDT HTTP/1.1" 200 52757
2026-09-27 19:36:47,617 - momentum.DataExtraction.kline_provider_base.Binance - DEBUG - Fetched 1000 klines from Binance API
2026-09-27 19:36:47,617 - momentum.DataExtraction.kline_provider_base.Binance - INFO - [21%] Batch 23: downloaded 1000 klines, total: 23000 | 最後K線(UTC): 2025-12-15 20:35, 下一批次(UTC): 2025-12-15 20:40
2026-09-27 19:36:47,617 - momentum.DataExtraction.kline_provider_base.Binance - INFO - [22%] Batch 24/106: 2025-12-15 20:40 to 2025-12-19 08:00
2026-09-27 19:36:47,617 - momentum.DataExtraction.providers.binance_provider.RateLimiter - DEBUG - Acquired 1 tokens, remaining: 999.00
2026-09-27 19:36:47,676 - urllib3.connectionpool - DEBUG - https://api.binance.com:443 "GET /api/v3/klines?endTime=1766131200000&interval=5m&limit=1000&startTime=1765831200000&symbol=BTCUSDT HTTP/1.1" 200 54362
2026-09-27 19:36:47,680 - momentum.DataExtraction.kline_provider_base.Binance - DEBUG - Fetched 1000 klines from Binance API
2026-09-27 19:36:47,680 - momentum.DataExtraction.kline_provider_base.Binance - INFO - [22%] Batch 24: downloaded 1000 klines, total: 24000 | 最後K線(UTC): 2025-12-19 07:55, 下一批次(UTC): 2025-12-19 08:00
2026-09-27 19:36:47,680 - momentum.DataExtraction.kline_provider_base.Binance - INFO - [23%] Batch 25/106: 2025-12-19 08:00 to 2025-12-22 19:20
2026-09-27 19:36:47,680 - momentum.DataExtraction.providers.binance_provider.RateLimiter - DEBUG - Acquired 1 tokens, remaining: 999.00
2026-09-27 19:36:47,742 - urllib3.connectionpool - DEBUG - https://api.binance.com:443 "GET /api/v3/klines?endTime=1766431200000&interval=5m&limit=1000&startTime=1766131200000&symbol=BTCUSDT HTTP/1.1" 200 52669
2026-09-27 19:36:47,746 - momentum.DataExtraction.kline_provider_base.Binance - DEBUG - Fetched 1000 klines from Binance API
2026-09-27 19:36:47,746 - momentum.DataExtraction.kline_provider_base.Binance - INFO - [23%] Batch 25: downloaded 1000 klines, total: 25000 | 最後K線(UTC): 2025-12-22 19:15, 下一批次(UTC): 2025-12-22 19:20
2026-09-27 19:36:47,746 - momentum.DataExtraction.kline_provider_base.Binance - INFO - [24%] Batch 26/106: 2025-12-22 19:20 to 2025-12-26 06:40
2026-09-27 19:36:47,746 - momentum.DataExtraction.providers.binance_provider.RateLimiter - DEBUG - Acquired 1 tokens, remaining: 999.00
2026-09-27 19:36:47,813 - urllib3.connectionpool - DEBUG - https://api.binance.com:443 "GET /api/v3/klines?endTime=1766731200000&interval=5m&limit=1000&startTime=1766431200000&symbol=BTCUSDT HTTP/1.1" 200 52875
2026-09-27 19:36:47,818 - momentum.DataExtraction.kline_provider_base.Binance - DEBUG - Fetched 1000 klines from Binance API
2026-09-27 19:36:47,818 - momentum.DataExtraction.kline_provider_base.Binance - INFO - [24%] Batch 26: downloaded 1000 klines, total: 26000 | 最後K線(UTC): 2025-12-26 06:35, 下一批次(UTC): 2025-12-26 06:40
2026-09-27 19:36:47,819 - momentum.DataExtraction.kline_provider_base.Binance - INFO - [25%] Batch 27/106: 2025-12-26 06:40 to 2025-12-29 18:00
2026-09-27 19:36:47,819 - momentum.DataExtraction.providers.binance_provider.RateLimiter - DEBUG - Acquired 1 tokens, remaining: 999.00
2026-09-27 19:36:47,986 - urllib3.connectionpool - DEBUG - https://api.binance.com:443 "GET /api/v3/klines?endTime=1767031200000&interval=5m&limit=1000&startTime=1766731200000&symbol=BTCUSDT HTTP/1.1" 200 51576
2026-09-27 19:36:48,020 - momentum.DataExtraction.kline_provider_base.Binance - DEBUG - Fetched 1000 klines from Binance API
2026-09-27 19:36:48,020 - momentum.DataExtraction.kline_provider_base.Binance - INFO - [25%] Batch 27: downloaded 1000 klines, total: 27000 | 最後K線(UTC): 2025-12-29 17:55, 下一批次(UTC): 2025-12-29 18:00
2026-09-27 19:36:48,020 - momentum.DataExtraction.kline_provider_base.Binance - INFO - [26%] Batch 28/106: 2025-12-29 18:00 to 2026-01-02 05:20
2026-09-27 19:36:48,020 - momentum.DataExtraction.providers.binance_provider.RateLimiter - DEBUG - Acquired 1 tokens, remaining: 999.00
2026-09-27 19:36:48,181 - urllib3.connectionpool - DEBUG - https://api.binance.com:443 "GET /api/v3/klines?endTime=1767331200000&interval=5m&limit=1000&startTime=1767031200000&symbol=BTCUSDT HTTP/1.1" 200 52317
2026-09-27 19:36:48,215 - momentum.DataExtraction.kline_provider_base.Binance - DEBUG - Fetched 1000 klines from Binance API
2026-09-27 19:36:48,215 - momentum.DataExtraction.kline_provider_base.Binance - INFO - [26%] Batch 28: downloaded 1000 klines, total: 28000 | 最後K線(UTC): 2026-01-02 05:15, 下一批次(UTC): 2026-01-02 05:20
2026-09-27 19:36:48,215 - momentum.DataExtraction.kline_provider_base.Binance - INFO - [27%] Batch 29/106: 2026-01-02 05:20 to 2026-01-05 16:40
2026-09-27 19:36:48,215 - momentum.DataExtraction.providers.binance_provider.RateLimiter - DEBUG - Acquired 1 tokens, remaining: 999.00
2026-09-27 19:36:48,278 - urllib3.connectionpool - DEBUG - https://api.binance.com:443 "GET /api/v3/klines?endTime=1767631200000&interval=5m&limit=1000&startTime=1767331200000&symbol=BTCUSDT HTTP/1.1" 200 52664
2026-09-27 19:36:48,281 - momentum.DataExtraction.kline_provider_base.Binance - DEBUG - Fetched 1000 klines from Binance API
2026-09-27 19:36:48,281 - momentum.DataExtraction.kline_provider_base.Binance - INFO - [27%] Batch 29: downloaded 1000 klines, total: 29000 | 最後K線(UTC): 2026-01-05 16:35, 下一批次(UTC): 2026-01-05 16:40
2026-09-27 19:36:48,282 - momentum.DataExtraction.kline_provider_base.Binance - INFO - [28%] Batch 30/106: 2026-01-05 16:40 to 2026-01-09 04:00
2026-09-27 19:36:48,282 - momentum.DataExtraction.providers.binance_provider.RateLimiter - DEBUG - Acquired 1 tokens, remaining: 999.00
2026-09-27 19:36:48,478 - urllib3.connectionpool - DEBUG - https://api.binance.com:443 "GET /api/v3/klines?endTime=1767931200000&interval=5m&limit=1000&startTime=1767631200000&symbol=BTCUSDT HTTP/1.1" 200 53912
2026-09-27 19:36:48,514 - momentum.DataExtraction.kline_provider_base.Binance - DEBUG - Fetched 1000 klines from Binance API
2026-09-27 19:36:48,514 - momentum.DataExtraction.kline_provider_base.Binance - INFO - [28%] Batch 30: downloaded 1000 klines, total: 30000 | 最後K線(UTC): 2026-01-09 03:55, 下一批次(UTC): 2026-01-09 04:00
2026-09-27 19:36:48,514 - momentum.DataExtraction.kline_provider_base.Binance - INFO - [29%] Batch 31/106: 2026-01-09 04:00 to 2026-01-12 15:20
2026-09-27 19:36:48,514 - momentum.DataExtraction.providers.binance_provider.RateLimiter - DEBUG - Acquired 1 tokens, remaining: 999.00
2026-09-27 19:36:48,575 - urllib3.connectionpool - DEBUG - https://api.binance.com:443 "GET /api/v3/klines?endTime=1768231200000&interval=5m&limit=1000&startTime=1767931200000&symbol=BTCUSDT HTTP/1.1" 200 51408
2026-09-27 19:36:48,580 - momentum.DataExtraction.kline_provider_base.Binance - DEBUG - Fetched 1000 klines from Binance API
2026-09-27 19:36:48,580 - momentum.DataExtraction.kline_provider_base.Binance - INFO - [29%] Batch 31: downloaded 1000 klines, total: 31000 | 最後K線(UTC): 2026-01-12 15:15, 下一批次(UTC): 2026-01-12 15:20
2026-09-27 19:36:48,580 - momentum.DataExtraction.kline_provider_base.Binance - INFO - [30%] Batch 32/106: 2026-01-12 15:20 to 2026-01-16 02:40
2026-09-27 19:36:48,580 - momentum.DataExtraction.providers.binance_provider.RateLimiter - DEBUG - Acquired 1 tokens, remaining: 999.00
2026-09-27 19:36:48,737 - urllib3.connectionpool - DEBUG - https://api.binance.com:443 "GET /api/v3/klines?endTime=1768531200000&interval=5m&limit=1000&startTime=1768231200000&symbol=BTCUSDT HTTP/1.1" 200 54156
2026-09-27 19:36:48,769 - momentum.DataExtraction.kline_provider_base.Binance - DEBUG - Fetched 1000 klines from Binance API
2026-09-27 19:36:48,770 - momentum.DataExtraction.kline_provider_base.Binance - INFO - [30%] Batch 32: downloaded 1000 klines, total: 32000 | 最後K線(UTC): 2026-01-16 02:35, 下一批次(UTC): 2026-01-16 02:40
2026-09-27 19:36:48,770 - momentum.DataExtraction.kline_provider_base.Binance - INFO - [31%] Batch 33/106: 2026-01-16 02:40 to 2026-01-19 14:00
2026-09-27 19:36:48,770 - momentum.DataExtraction.providers.binance_provider.RateLimiter - DEBUG - Acquired 1 tokens, remaining: 999.00
2026-09-27 19:36:48,830 - urllib3.connectionpool - DEBUG - https://api.binance.com:443 "GET /api/v3/klines?endTime=1768831200000&interval=5m&limit=1000&startTime=1768531200000&symbol=BTCUSDT HTTP/1.1" 200 51371
2026-09-27 19:36:48,832 - momentum.DataExtraction.kline_provider_base.Binance - DEBUG - Fetched 1000 klines from Binance API
2026-09-27 19:36:48,832 - momentum.DataExtraction.kline_provider_base.Binance - INFO - [31%] Batch 33: downloaded 1000 klines, total: 33000 | 最後K線(UTC): 2026-01-19 13:55, 下一批次(UTC): 2026-01-19 14:00
2026-09-27 19:36:48,832 - momentum.DataExtraction.kline_provider_base.Binance - INFO - [32%] Batch 34/106: 2026-01-19 14:00 to 2026-01-23 01:20
2026-09-27 19:36:48,832 - momentum.DataExtraction.providers.binance_provider.RateLimiter - DEBUG - Acquired 1 tokens, remaining: 999.00
2026-09-27 19:36:48,891 - urllib3.connectionpool - DEBUG - https://api.binance.com:443 "GET /api/v3/klines?endTime=1769131200000&interval=5m&limit=1000&startTime=1768831200000&symbol=BTCUSDT HTTP/1.1" 200 53807
2026-09-27 19:36:48,893 - momentum.DataExtraction.kline_provider_base.Binance - DEBUG - Fetched 1000 klines from Binance API
2026-09-27 19:36:48,894 - momentum.DataExtraction.kline_provider_base.Binance - INFO - [32%] Batch 34: downloaded 1000 klines, total: 34000 | 最後K線(UTC): 2026-01-23 01:15, 下一批次(UTC): 2026-01-23 01:20
2026-09-27 19:36:48,894 - momentum.DataExtraction.kline_provider_base.Binance - INFO - [33%] Batch 35/106: 2026-01-23 01:20 to 2026-01-26 12:40
2026-09-27 19:36:48,894 - momentum.DataExtraction.providers.binance_provider.RateLimiter - DEBUG - Acquired 1 tokens, remaining: 999.00
2026-09-27 19:36:49,018 - urllib3.connectionpool - DEBUG - https://api.binance.com:443 "GET /api/v3/klines?endTime=1769431200000&interval=5m&limit=1000&startTime=1769131200000&symbol=BTCUSDT HTTP/1.1" 200 52136
2026-09-27 19:36:49,082 - momentum.DataExtraction.kline_provider_base.Binance - DEBUG - Fetched 1000 klines from Binance API
2026-09-27 19:36:49,082 - momentum.DataExtraction.kline_provider_base.Binance - INFO - [33%] Batch 35: downloaded 1000 klines, total: 35000 | 最後K線(UTC): 2026-01-26 12:35, 下一批次(UTC): 2026-01-26 12:40
2026-09-27 19:36:49,083 - momentum.DataExtraction.kline_provider_base.Binance - INFO - [33%] Batch 36/106: 2026-01-26 12:40 to 2026-01-30 00:00
2026-09-27 19:36:49,083 - momentum.DataExtraction.providers.binance_provider.RateLimiter - DEBUG - Acquired 1 tokens, remaining: 999.00
2026-09-27 19:36:49,213 - urllib3.connectionpool - DEBUG - https://api.binance.com:443 "GET /api/v3/klines?endTime=1769731200000&interval=5m&limit=1000&startTime=1769431200000&symbol=BTCUSDT HTTP/1.1" 200 53711
2026-09-27 19:36:49,283 - momentum.DataExtraction.kline_provider_base.Binance - DEBUG - Fetched 1000 klines from Binance API
2026-09-27 19:36:49,283 - momentum.DataExtraction.kline_provider_base.Binance - INFO - [33%] Batch 36: downloaded 1000 klines, total: 36000 | 最後K線(UTC): 2026-01-29 23:55, 下一批次(UTC): 2026-01-30 00:00
2026-09-27 19:36:49,283 - momentum.DataExtraction.kline_provider_base.Binance - INFO - [34%] Batch 37/106: 2026-01-30 00:00 to 2026-02-02 11:20
2026-09-27 19:36:49,283 - momentum.DataExtraction.providers.binance_provider.RateLimiter - DEBUG - Acquired 1 tokens, remaining: 999.00
2026-09-27 19:36:49,346 - urllib3.connectionpool - DEBUG - https://api.binance.com:443 "GET /api/v3/klines?endTime=1770031200000&interval=5m&limit=1000&startTime=1769731200000&symbol=BTCUSDT HTTP/1.1" 200 54964
2026-09-27 19:36:49,350 - momentum.DataExtraction.kline_provider_base.Binance - DEBUG - Fetched 1000 klines from Binance API
2026-09-27 19:36:49,350 - momentum.DataExtraction.kline_provider_base.Binance - INFO - [34%] Batch 37: downloaded 1000 klines, total: 37000 | 最後K線(UTC): 2026-02-02 11:15, 下一批次(UTC): 2026-02-02 11:20
2026-09-27 19:36:49,350 - momentum.DataExtraction.kline_provider_base.Binance - INFO - [35%] Batch 38/106: 2026-02-02 11:20 to 2026-02-05 22:40
2026-09-27 19:36:49,350 - momentum.DataExtraction.providers.binance_provider.RateLimiter - DEBUG - Acquired 1 tokens, remaining: 999.00
2026-09-27 19:36:49,410 - urllib3.connectionpool - DEBUG - https://api.binance.com:443 "GET /api/v3/klines?endTime=1770331200000&interval=5m&limit=1000&startTime=1770031200000&symbol=BTCUSDT HTTP/1.1" 200 55717
2026-09-27 19:36:49,414 - momentum.DataExtraction.kline_provider_base.Binance - DEBUG - Fetched 1000 klines from Binance API
2026-09-27 19:36:49,414 - momentum.DataExtraction.kline_provider_base.Binance - INFO - [35%] Batch 38: downloaded 1000 klines, total: 38000 | 最後K線(UTC): 2026-02-05 22:35, 下一批次(UTC): 2026-02-05 22:40
2026-09-27 19:36:49,414 - momentum.DataExtraction.kline_provider_base.Binance - INFO - [36%] Batch 39/106: 2026-02-05 22:40 to 2026-02-09 10:00
2026-09-27 19:36:49,414 - momentum.DataExtraction.providers.binance_provider.RateLimiter - DEBUG - Acquired 1 tokens, remaining: 999.00
2026-09-27 19:36:49,473 - urllib3.connectionpool - DEBUG - https://api.binance.com:443 "GET /api/v3/klines?endTime=1770631200000&interval=5m&limit=1000&startTime=1770331200000&symbol=BTCUSDT HTTP/1.1" 200 55555
2026-09-27 19:36:49,476 - momentum.DataExtraction.kline_provider_base.Binance - DEBUG - Fetched 1000 klines from Binance API
2026-09-27 19:36:49,476 - momentum.DataExtraction.kline_provider_base.Binance - INFO - [36%] Batch 39: downloaded 1000 klines, total: 39000 | 最後K線(UTC): 2026-02-09 09:55, 下一批次(UTC): 2026-02-09 10:00
2026-09-27 19:36:49,476 - momentum.DataExtraction.kline_provider_base.Binance - INFO - [37%] Batch 40/106: 2026-02-09 10:00 to 2026-02-12 21:20
2026-09-27 19:36:49,477 - momentum.DataExtraction.providers.binance_provider.RateLimiter - DEBUG - Acquired 1 tokens, remaining: 999.00
2026-09-27 19:36:49,560 - urllib3.connectionpool - DEBUG - https://api.binance.com:443 "GET /api/v3/klines?endTime=1770931200000&interval=5m&limit=1000&startTime=1770631200000&symbol=BTCUSDT HTTP/1.1" 200 54845
2026-09-27 19:36:49,578 - momentum.DataExtraction.kline_provider_base.Binance - DEBUG - Fetched 1000 klines from Binance API
2026-09-27 19:36:49,578 - momentum.DataExtraction.kline_provider_base.Binance - INFO - [37%] Batch 40: downloaded 1000 klines, total: 40000 | 最後K線(UTC): 2026-02-12 21:15, 下一批次(UTC): 2026-02-12 21:20
2026-09-27 19:36:49,578 - momentum.DataExtraction.kline_provider_base.Binance - INFO - [38%] Batch 41/106: 2026-02-12 21:20 to 2026-02-16 08:40
2026-09-27 19:36:49,578 - momentum.DataExtraction.providers.binance_provider.RateLimiter - DEBUG - Acquired 1 tokens, remaining: 999.00
2026-09-27 19:36:49,641 - urllib3.connectionpool - DEBUG - https://api.binance.com:443 "GET /api/v3/klines?endTime=1771231200000&interval=5m&limit=1000&startTime=1770931200000&symbol=BTCUSDT HTTP/1.1" 200 53696
2026-09-27 19:36:49,643 - momentum.DataExtraction.kline_provider_base.Binance - DEBUG - Fetched 1000 klines from Binance API
2026-09-27 19:36:49,643 - momentum.DataExtraction.kline_provider_base.Binance - INFO - [38%] Batch 41: downloaded 1000 klines, total: 41000 | 最後K線(UTC): 2026-02-16 08:35, 下一批次(UTC): 2026-02-16 08:40
2026-09-27 19:36:49,643 - momentum.DataExtraction.kline_provider_base.Binance - INFO - [39%] Batch 42/106: 2026-02-16 08:40 to 2026-02-19 20:00
2026-09-27 19:36:49,643 - momentum.DataExtraction.providers.binance_provider.RateLimiter - DEBUG - Acquired 1 tokens, remaining: 999.00
2026-09-27 19:36:49,703 - urllib3.connectionpool - DEBUG - https://api.binance.com:443 "GET /api/v3/klines?endTime=1771531200000&interval=5m&limit=1000&startTime=1771231200000&symbol=BTCUSDT HTTP/1.1" 200 53980
2026-09-27 19:36:49,706 - momentum.DataExtraction.kline_provider_base.Binance - DEBUG - Fetched 1000 klines from Binance API
2026-09-27 19:36:49,706 - momentum.DataExtraction.kline_provider_base.Binance - INFO - [39%] Batch 42: downloaded 1000 klines, total: 42000 | 最後K線(UTC): 2026-02-19 19:55, 下一批次(UTC): 2026-02-19 20:00
2026-09-27 19:36:49,706 - momentum.DataExtraction.kline_provider_base.Binance - INFO - [40%] Batch 43/106: 2026-02-19 20:00 to 2026-02-23 07:20
2026-09-27 19:36:49,706 - momentum.DataExtraction.providers.binance_provider.RateLimiter - DEBUG - Acquired 1 tokens, remaining: 999.00
2026-09-27 19:36:49,762 - urllib3.connectionpool - DEBUG - https://api.binance.com:443 "GET /api/v3/klines?endTime=1771831200000&interval=5m&limit=1000&startTime=1771531200000&symbol=BTCUSDT HTTP/1.1" 200 53039
2026-09-27 19:36:49,764 - momentum.DataExtraction.kline_provider_base.Binance - DEBUG - Fetched 1000 klines from Binance API
2026-09-27 19:36:49,764 - momentum.DataExtraction.kline_provider_base.Binance - INFO - [40%] Batch 43: downloaded 1000 klines, total: 43000 | 最後K線(UTC): 2026-02-23 07:15, 下一批次(UTC): 2026-02-23 07:20
2026-09-27 19:36:49,764 - momentum.DataExtraction.kline_provider_base.Binance - INFO - [41%] Batch 44/106: 2026-02-23 07:20 to 2026-02-26 18:40
2026-09-27 19:36:49,764 - momentum.DataExtraction.providers.binance_provider.RateLimiter - DEBUG - Acquired 1 tokens, remaining: 998.97
2026-09-27 19:36:49,824 - urllib3.connectionpool - DEBUG - https://api.binance.com:443 "GET /api/v3/klines?endTime=1772131200000&interval=5m&limit=1000&startTime=1771831200000&symbol=BTCUSDT HTTP/1.1" 200 54908
2026-09-27 19:36:49,830 - momentum.DataExtraction.kline_provider_base.Binance - DEBUG - Fetched 1000 klines from Binance API
2026-09-27 19:36:49,831 - momentum.DataExtraction.kline_provider_base.Binance - INFO - [41%] Batch 44: downloaded 1000 klines, total: 44000 | 最後K線(UTC): 2026-02-26 18:35, 下一批次(UTC): 2026-02-26 18:40
2026-09-27 19:36:49,831 - momentum.DataExtraction.kline_provider_base.Binance - INFO - [42%] Batch 45/106: 2026-02-26 18:40 to 2026-03-02 06:00
2026-09-27 19:36:49,831 - momentum.DataExtraction.providers.binance_provider.RateLimiter - DEBUG - Acquired 1 tokens, remaining: 999.00
2026-09-27 19:36:49,897 - urllib3.connectionpool - DEBUG - https://api.binance.com:443 "GET /api/v3/klines?endTime=1772431200000&interval=5m&limit=1000&startTime=1772131200000&symbol=BTCUSDT HTTP/1.1" 200 54495
2026-09-27 19:36:49,900 - momentum.DataExtraction.kline_provider_base.Binance - DEBUG - Fetched 1000 klines from Binance API
2026-09-27 19:36:49,901 - momentum.DataExtraction.kline_provider_base.Binance - INFO - [42%] Batch 45: downloaded 1000 klines, total: 45000 | 最後K線(UTC): 2026-03-02 05:55, 下一批次(UTC): 2026-03-02 06:00
2026-09-27 19:36:49,901 - momentum.DataExtraction.kline_provider_base.Binance - INFO - [43%] Batch 46/106: 2026-03-02 06:00 to 2026-03-05 17:20
2026-09-27 19:36:49,901 - momentum.DataExtraction.providers.binance_provider.RateLimiter - DEBUG - Acquired 1 tokens, remaining: 999.00
2026-09-27 19:36:49,965 - urllib3.connectionpool - DEBUG - https://api.binance.com:443 "GET /api/v3/klines?endTime=1772731200000&interval=5m&limit=1000&startTime=1772431200000&symbol=BTCUSDT HTTP/1.1" 200 55398
2026-09-27 19:36:49,967 - momentum.DataExtraction.kline_provider_base.Binance - DEBUG - Fetched 1000 klines from Binance API
2026-09-27 19:36:49,967 - momentum.DataExtraction.kline_provider_base.Binance - INFO - [43%] Batch 46: downloaded 1000 klines, total: 46000 | 最後K線(UTC): 2026-03-05 17:15, 下一批次(UTC): 2026-03-05 17:20
2026-09-27 19:36:49,967 - momentum.DataExtraction.kline_provider_base.Binance - INFO - [44%] Batch 47/106: 2026-03-05 17:20 to 2026-03-09 04:40
2026-09-27 19:36:49,967 - momentum.DataExtraction.providers.binance_provider.RateLimiter - DEBUG - Acquired 1 tokens, remaining: 999.00
2026-09-27 19:36:50,026 - urllib3.connectionpool - DEBUG - https://api.binance.com:443 "GET /api/v3/klines?endTime=1773031200000&interval=5m&limit=1000&startTime=1772731200000&symbol=BTCUSDT HTTP/1.1" 200 53814
2026-09-27 19:36:50,029 - momentum.DataExtraction.kline_provider_base.Binance - DEBUG - Fetched 1000 klines from Binance API
2026-09-27 19:36:50,029 - momentum.DataExtraction.kline_provider_base.Binance - INFO - [44%] Batch 47: downloaded 1000 klines, total: 47000 | 最後K線(UTC): 2026-03-09 04:35, 下一批次(UTC): 2026-03-09 04:40
2026-09-27 19:36:50,029 - momentum.DataExtraction.kline_provider_base.Binance - INFO - [45%] Batch 48/106: 2026-03-09 04:40 to 2026-03-12 16:00
2026-09-27 19:36:50,029 - momentum.DataExtraction.providers.binance_provider.RateLimiter - DEBUG - Acquired 1 tokens, remaining: 999.00
2026-09-27 19:36:50,229 - urllib3.connectionpool - DEBUG - https://api.binance.com:443 "GET /api/v3/klines?endTime=1773331200000&interval=5m&limit=1000&startTime=1773031200000&symbol=BTCUSDT HTTP/1.1" 200 54944
2026-09-27 19:36:50,261 - momentum.DataExtraction.kline_provider_base.Binance - DEBUG - Fetched 1000 klines from Binance API
2026-09-27 19:36:50,261 - momentum.DataExtraction.kline_provider_base.Binance - INFO - [45%] Batch 48: downloaded 1000 klines, total: 48000 | 最後K線(UTC): 2026-03-12 15:55, 下一批次(UTC): 2026-03-12 16:00
2026-09-27 19:36:50,261 - momentum.DataExtraction.kline_provider_base.Binance - INFO - [46%] Batch 49/106: 2026-03-12 16:00 to 2026-03-16 03:20
2026-09-27 19:36:50,261 - momentum.DataExtraction.providers.binance_provider.RateLimiter - DEBUG - Acquired 1 tokens, remaining: 999.00
2026-09-27 19:36:50,319 - urllib3.connectionpool - DEBUG - https://api.binance.com:443 "GET /api/v3/klines?endTime=1773631200000&interval=5m&limit=1000&startTime=1773331200000&symbol=BTCUSDT HTTP/1.1" 200 53734
2026-09-27 19:36:50,321 - momentum.DataExtraction.kline_provider_base.Binance - DEBUG - Fetched 1000 klines from Binance API
2026-09-27 19:36:50,321 - momentum.DataExtraction.kline_provider_base.Binance - INFO - [46%] Batch 49: downloaded 1000 klines, total: 49000 | 最後K線(UTC): 2026-03-16 03:15, 下一批次(UTC): 2026-03-16 03:20
2026-09-27 19:36:50,321 - momentum.DataExtraction.kline_provider_base.Binance - INFO - [47%] Batch 50/106: 2026-03-16 03:20 to 2026-03-19 14:40
2026-09-27 19:36:50,321 - momentum.DataExtraction.providers.binance_provider.RateLimiter - DEBUG - Acquired 1 tokens, remaining: 998.99
2026-09-27 19:36:50,379 - urllib3.connectionpool - DEBUG - https://api.binance.com:443 "GET /api/v3/klines?endTime=1773931200000&interval=5m&limit=1000&startTime=1773631200000&symbol=BTCUSDT HTTP/1.1" 200 54698
2026-09-27 19:36:50,381 - momentum.DataExtraction.kline_provider_base.Binance - DEBUG - Fetched 1000 klines from Binance API
2026-09-27 19:36:50,381 - momentum.DataExtraction.kline_provider_base.Binance - INFO - [47%] Batch 50: downloaded 1000 klines, total: 50000 | 最後K線(UTC): 2026-03-19 14:35, 下一批次(UTC): 2026-03-19 14:40
2026-09-27 19:36:50,381 - momentum.DataExtraction.kline_provider_base.Binance - INFO - [48%] Batch 51/106: 2026-03-19 14:40 to 2026-03-23 02:00
2026-09-27 19:36:50,381 - momentum.DataExtraction.providers.binance_provider.RateLimiter - DEBUG - Acquired 1 tokens, remaining: 998.99
2026-09-27 19:36:50,439 - urllib3.connectionpool - DEBUG - https://api.binance.com:443 "GET /api/v3/klines?endTime=1774231200000&interval=5m&limit=1000&startTime=1773931200000&symbol=BTCUSDT HTTP/1.1" 200 53764
2026-09-27 19:36:50,441 - momentum.DataExtraction.kline_provider_base.Binance - DEBUG - Fetched 1000 klines from Binance API
2026-09-27 19:36:50,441 - momentum.DataExtraction.kline_provider_base.Binance - INFO - [48%] Batch 51: downloaded 1000 klines, total: 51000 | 最後K線(UTC): 2026-03-23 01:55, 下一批次(UTC): 2026-03-23 02:00
2026-09-27 19:36:50,441 - momentum.DataExtraction.kline_provider_base.Binance - INFO - [49%] Batch 52/106: 2026-03-23 02:00 to 2026-03-26 13:20
2026-09-27 19:36:50,441 - momentum.DataExtraction.providers.binance_provider.RateLimiter - DEBUG - Acquired 1 tokens, remaining: 998.99
2026-09-27 19:36:50,634 - urllib3.connectionpool - DEBUG - https://api.binance.com:443 "GET /api/v3/klines?endTime=1774531200000&interval=5m&limit=1000&startTime=1774231200000&symbol=BTCUSDT HTTP/1.1" 200 54332
2026-09-27 19:36:50,669 - momentum.DataExtraction.kline_provider_base.Binance - DEBUG - Fetched 1000 klines from Binance API
2026-09-27 19:36:50,669 - momentum.DataExtraction.kline_provider_base.Binance - INFO - [49%] Batch 52: downloaded 1000 klines, total: 52000 | 最後K線(UTC): 2026-03-26 13:15, 下一批次(UTC): 2026-03-26 13:20
2026-09-27 19:36:50,669 - momentum.DataExtraction.kline_provider_base.Binance - INFO - [50%] Batch 53/106: 2026-03-26 13:20 to 2026-03-30 00:40
2026-09-27 19:36:50,669 - momentum.DataExtraction.providers.binance_provider.RateLimiter - DEBUG - Acquired 1 tokens, remaining: 999.00
2026-09-27 19:36:50,727 - urllib3.connectionpool - DEBUG - https://api.binance.com:443 "GET /api/v3/klines?endTime=1774831200000&interval=5m&limit=1000&startTime=1774531200000&symbol=BTCUSDT HTTP/1.1" 200 53343
2026-09-27 19:36:50,729 - momentum.DataExtraction.kline_provider_base.Binance - DEBUG - Fetched 1000 klines from Binance API
2026-09-27 19:36:50,729 - momentum.DataExtraction.kline_provider_base.Binance - INFO - [50%] Batch 53: downloaded 1000 klines, total: 53000 | 最後K線(UTC): 2026-03-30 00:35, 下一批次(UTC): 2026-03-30 00:40
2026-09-27 19:36:50,729 - momentum.DataExtraction.kline_provider_base.Binance - INFO - [50%] Batch 54/106: 2026-03-30 00:40 to 2026-04-02 12:00
2026-09-27 19:36:50,729 - momentum.DataExtraction.providers.binance_provider.RateLimiter - DEBUG - Acquired 1 tokens, remaining: 999.00
2026-09-27 19:36:50,788 - urllib3.connectionpool - DEBUG - https://api.binance.com:443 "GET /api/v3/klines?endTime=1775131200000&interval=5m&limit=1000&startTime=1774831200000&symbol=BTCUSDT HTTP/1.1" 200 54256
2026-09-27 19:36:50,789 - momentum.DataExtraction.kline_provider_base.Binance - DEBUG - Fetched 1000 klines from Binance API
2026-09-27 19:36:50,790 - momentum.DataExtraction.kline_provider_base.Binance - INFO - [50%] Batch 54: downloaded 1000 klines, total: 54000 | 最後K線(UTC): 2026-04-02 11:55, 下一批次(UTC): 2026-04-02 12:00
2026-09-27 19:36:50,790 - momentum.DataExtraction.kline_provider_base.Binance - INFO - [51%] Batch 55/106: 2026-04-02 12:00 to 2026-04-05 23:20
2026-09-27 19:36:50,790 - momentum.DataExtraction.providers.binance_provider.RateLimiter - DEBUG - Acquired 1 tokens, remaining: 999.00
2026-09-27 19:36:50,847 - urllib3.connectionpool - DEBUG - https://api.binance.com:443 "GET /api/v3/klines?endTime=1775431200000&interval=5m&limit=1000&startTime=1775131200000&symbol=BTCUSDT HTTP/1.1" 200 52208
2026-09-27 19:36:50,849 - momentum.DataExtraction.kline_provider_base.Binance - DEBUG - Fetched 1000 klines from Binance API
2026-09-27 19:36:50,849 - momentum.DataExtraction.kline_provider_base.Binance - INFO - [51%] Batch 55: downloaded 1000 klines, total: 55000 | 最後K線(UTC): 2026-04-05 23:15, 下一批次(UTC): 2026-04-05 23:20
2026-09-27 19:36:50,849 - momentum.DataExtraction.kline_provider_base.Binance - INFO - [52%] Batch 56/106: 2026-04-05 23:20 to 2026-04-09 10:40
2026-09-27 19:36:50,849 - momentum.DataExtraction.providers.binance_provider.RateLimiter - DEBUG - Acquired 1 tokens, remaining: 998.99
2026-09-27 19:36:50,908 - urllib3.connectionpool - DEBUG - https://api.binance.com:443 "GET /api/v3/klines?endTime=1775731200000&interval=5m&limit=1000&startTime=1775431200000&symbol=BTCUSDT HTTP/1.1" 200 54089
2026-09-27 19:36:50,911 - momentum.DataExtraction.kline_provider_base.Binance - DEBUG - Fetched 1000 klines from Binance API
2026-09-27 19:36:50,911 - momentum.DataExtraction.kline_provider_base.Binance - INFO - [52%] Batch 56: downloaded 1000 klines, total: 56000 | 最後K線(UTC): 2026-04-09 10:35, 下一批次(UTC): 2026-04-09 10:40
2026-09-27 19:36:50,911 - momentum.DataExtraction.kline_provider_base.Binance - INFO - [53%] Batch 57/106: 2026-04-09 10:40 to 2026-04-12 22:00
2026-09-27 19:36:50,911 - momentum.DataExtraction.providers.binance_provider.RateLimiter - DEBUG - Acquired 1 tokens, remaining: 999.00
2026-09-27 19:36:50,970 - urllib3.connectionpool - DEBUG - https://api.binance.com:443 "GET /api/v3/klines?endTime=1776031200000&interval=5m&limit=1000&startTime=1775731200000&symbol=BTCUSDT HTTP/1.1" 200 53265
2026-09-27 19:36:50,972 - momentum.DataExtraction.kline_provider_base.Binance - DEBUG - Fetched 1000 klines from Binance API
2026-09-27 19:36:50,972 - momentum.DataExtraction.kline_provider_base.Binance - INFO - [53%] Batch 57: downloaded 1000 klines, total: 57000 | 最後K線(UTC): 2026-04-12 21:55, 下一批次(UTC): 2026-04-12 22:00
2026-09-27 19:36:50,972 - momentum.DataExtraction.kline_provider_base.Binance - INFO - [54%] Batch 58/106: 2026-04-12 22:00 to 2026-04-16 09:20
2026-09-27 19:36:50,972 - momentum.DataExtraction.providers.binance_provider.RateLimiter - DEBUG - Acquired 1 tokens, remaining: 999.00
2026-09-27 19:36:51,029 - urllib3.connectionpool - DEBUG - https://api.binance.com:443 "GET /api/v3/klines?endTime=1776331200000&interval=5m&limit=1000&startTime=1776031200000&symbol=BTCUSDT HTTP/1.1" 200 53947
2026-09-27 19:36:51,032 - momentum.DataExtraction.kline_provider_base.Binance - DEBUG - Fetched 1000 klines from Binance API
2026-09-27 19:36:51,032 - momentum.DataExtraction.kline_provider_base.Binance - INFO - [54%] Batch 58: downloaded 1000 klines, total: 58000 | 最後K線(UTC): 2026-04-16 09:15, 下一批次(UTC): 2026-04-16 09:20
2026-09-27 19:36:51,032 - momentum.DataExtraction.kline_provider_base.Binance - INFO - [55%] Batch 59/106: 2026-04-16 09:20 to 2026-04-19 20:40
2026-09-27 19:36:51,032 - momentum.DataExtraction.providers.binance_provider.RateLimiter - DEBUG - Acquired 1 tokens, remaining: 998.99
2026-09-27 19:36:51,091 - urllib3.connectionpool - DEBUG - https://api.binance.com:443 "GET /api/v3/klines?endTime=1776631200000&interval=5m&limit=1000&startTime=1776331200000&symbol=BTCUSDT HTTP/1.1" 200 53553
2026-09-27 19:36:51,093 - momentum.DataExtraction.kline_provider_base.Binance - DEBUG - Fetched 1000 klines from Binance API
2026-09-27 19:36:51,093 - momentum.DataExtraction.kline_provider_base.Binance - INFO - [55%] Batch 59: downloaded 1000 klines, total: 59000 | 最後K線(UTC): 2026-04-19 20:35, 下一批次(UTC): 2026-04-19 20:40
2026-09-27 19:36:51,093 - momentum.DataExtraction.kline_provider_base.Binance - INFO - [56%] Batch 60/106: 2026-04-19 20:40 to 2026-04-23 08:00
2026-09-27 19:36:51,093 - momentum.DataExtraction.providers.binance_provider.RateLimiter - DEBUG - Acquired 1 tokens, remaining: 999.00
2026-09-27 19:36:51,150 - urllib3.connectionpool - DEBUG - https://api.binance.com:443 "GET /api/v3/klines?endTime=1776931200000&interval=5m&limit=1000&startTime=1776631200000&symbol=BTCUSDT HTTP/1.1" 200 53887
2026-09-27 19:36:51,157 - momentum.DataExtraction.kline_provider_base.Binance - DEBUG - Fetched 1000 klines from Binance API
2026-09-27 19:36:51,157 - momentum.DataExtraction.kline_provider_base.Binance - INFO - [56%] Batch 60: downloaded 1000 klines, total: 60000 | 最後K線(UTC): 2026-04-23 07:55, 下一批次(UTC): 2026-04-23 08:00
2026-09-27 19:36:51,157 - momentum.DataExtraction.kline_provider_base.Binance - INFO - [57%] Batch 61/106: 2026-04-23 08:00 to 2026-04-26 19:20
2026-09-27 19:36:51,157 - momentum.DataExtraction.providers.binance_provider.RateLimiter - DEBUG - Acquired 1 tokens, remaining: 999.00
2026-09-27 19:36:51,219 - urllib3.connectionpool - DEBUG - https://api.binance.com:443 "GET /api/v3/klines?endTime=1777231200000&interval=5m&limit=1000&startTime=1776931200000&symbol=BTCUSDT HTTP/1.1" 200 52087
2026-09-27 19:36:51,222 - momentum.DataExtraction.kline_provider_base.Binance - DEBUG - Fetched 1000 klines from Binance API
2026-09-27 19:36:51,223 - momentum.DataExtraction.kline_provider_base.Binance - INFO - [57%] Batch 61: downloaded 1000 klines, total: 61000 | 最後K線(UTC): 2026-04-26 19:15, 下一批次(UTC): 2026-04-26 19:20
2026-09-27 19:36:51,223 - momentum.DataExtraction.kline_provider_base.Binance - INFO - [58%] Batch 62/106: 2026-04-26 19:20 to 2026-04-30 06:40
2026-09-27 19:36:51,223 - momentum.DataExtraction.providers.binance_provider.RateLimiter - DEBUG - Acquired 1 tokens, remaining: 999.00
2026-09-27 19:36:51,286 - urllib3.connectionpool - DEBUG - https://api.binance.com:443 "GET /api/v3/klines?endTime=1777531200000&interval=5m&limit=1000&startTime=1777231200000&symbol=BTCUSDT HTTP/1.1" 200 53514
2026-09-27 19:36:51,288 - momentum.DataExtraction.kline_provider_base.Binance - DEBUG - Fetched 1000 klines from Binance API
2026-09-27 19:36:51,288 - momentum.DataExtraction.kline_provider_base.Binance - INFO - [58%] Batch 62: downloaded 1000 klines, total: 62000 | 最後K線(UTC): 2026-04-30 06:35, 下一批次(UTC): 2026-04-30 06:40
2026-09-27 19:36:51,288 - momentum.DataExtraction.kline_provider_base.Binance - INFO - [59%] Batch 63/106: 2026-04-30 06:40 to 2026-05-03 18:00
2026-09-27 19:36:51,288 - momentum.DataExtraction.providers.binance_provider.RateLimiter - DEBUG - Acquired 1 tokens, remaining: 999.00
2026-09-27 19:36:51,344 - urllib3.connectionpool - DEBUG - https://api.binance.com:443 "GET /api/v3/klines?endTime=1777831200000&interval=5m&limit=1000&startTime=1777531200000&symbol=BTCUSDT HTTP/1.1" 200 51857
2026-09-27 19:36:51,346 - momentum.DataExtraction.kline_provider_base.Binance - DEBUG - Fetched 1000 klines from Binance API
2026-09-27 19:36:51,346 - momentum.DataExtraction.kline_provider_base.Binance - INFO - [59%] Batch 63: downloaded 1000 klines, total: 63000 | 最後K線(UTC): 2026-05-03 17:55, 下一批次(UTC): 2026-05-03 18:00
2026-09-27 19:36:51,346 - momentum.DataExtraction.kline_provider_base.Binance - INFO - [60%] Batch 64/106: 2026-05-03 18:00 to 2026-05-07 05:20
2026-09-27 19:36:51,346 - momentum.DataExtraction.providers.binance_provider.RateLimiter - DEBUG - Acquired 1 tokens, remaining: 998.98
2026-09-27 19:36:51,404 - urllib3.connectionpool - DEBUG - https://api.binance.com:443 "GET /api/v3/klines?endTime=1778131200000&interval=5m&limit=1000&startTime=1777831200000&symbol=BTCUSDT HTTP/1.1" 200 53665
2026-09-27 19:36:51,406 - momentum.DataExtraction.kline_provider_base.Binance - DEBUG - Fetched 1000 klines from Binance API
2026-09-27 19:36:51,406 - momentum.DataExtraction.kline_provider_base.Binance - INFO - [60%] Batch 64: downloaded 1000 klines, total: 64000 | 最後K線(UTC): 2026-05-07 05:15, 下一批次(UTC): 2026-05-07 05:20
2026-09-27 19:36:51,406 - momentum.DataExtraction.kline_provider_base.Binance - INFO - [61%] Batch 65/106: 2026-05-07 05:20 to 2026-05-10 16:40
2026-09-27 19:36:51,406 - momentum.DataExtraction.providers.binance_provider.RateLimiter - DEBUG - Acquired 1 tokens, remaining: 998.97
2026-09-27 19:36:51,468 - urllib3.connectionpool - DEBUG - https://api.binance.com:443 "GET /api/v3/klines?endTime=1778431200000&interval=5m&limit=1000&startTime=1778131200000&symbol=BTCUSDT HTTP/1.1" 200 52367
2026-09-27 19:36:51,470 - momentum.DataExtraction.kline_provider_base.Binance - DEBUG - Fetched 1000 klines from Binance API
2026-09-27 19:36:51,470 - momentum.DataExtraction.kline_provider_base.Binance - INFO - [61%] Batch 65: downloaded 1000 klines, total: 65000 | 最後K線(UTC): 2026-05-10 16:35, 下一批次(UTC): 2026-05-10 16:40
2026-09-27 19:36:51,470 - momentum.DataExtraction.kline_provider_base.Binance - INFO - [62%] Batch 66/106: 2026-05-10 16:40 to 2026-05-14 04:00
2026-09-27 19:36:51,470 - momentum.DataExtraction.providers.binance_provider.RateLimiter - DEBUG - Acquired 1 tokens, remaining: 999.00
2026-09-27 19:36:51,531 - urllib3.connectionpool - DEBUG - https://api.binance.com:443 "GET /api/v3/klines?endTime=1778731200000&interval=5m&limit=1000&startTime=1778431200000&symbol=BTCUSDT HTTP/1.1" 200 53202
2026-09-27 19:36:51,533 - momentum.DataExtraction.kline_provider_base.Binance - DEBUG - Fetched 1000 klines from Binance API
2026-09-27 19:36:51,533 - momentum.DataExtraction.kline_provider_base.Binance - INFO - [62%] Batch 66: downloaded 1000 klines, total: 66000 | 最後K線(UTC): 2026-05-14 03:55, 下一批次(UTC): 2026-05-14 04:00
2026-09-27 19:36:51,533 - momentum.DataExtraction.kline_provider_base.Binance - INFO - [63%] Batch 67/106: 2026-05-14 04:00 to 2026-05-17 15:20
2026-09-27 19:36:51,533 - momentum.DataExtraction.providers.binance_provider.RateLimiter - DEBUG - Acquired 1 tokens, remaining: 999.00
2026-09-27 19:36:51,590 - urllib3.connectionpool - DEBUG - https://api.binance.com:443 "GET /api/v3/klines?endTime=1779031200000&interval=5m&limit=1000&startTime=1778731200000&symbol=BTCUSDT HTTP/1.1" 200 52897
2026-09-27 19:36:51,592 - momentum.DataExtraction.kline_provider_base.Binance - DEBUG - Fetched 1000 klines from Binance API
2026-09-27 19:36:51,592 - momentum.DataExtraction.kline_provider_base.Binance - INFO - [63%] Batch 67: downloaded 1000 klines, total: 67000 | 最後K線(UTC): 2026-05-17 15:15, 下一批次(UTC): 2026-05-17 15:20
2026-09-27 19:36:51,592 - momentum.DataExtraction.kline_provider_base.Binance - INFO - [64%] Batch 68/106: 2026-05-17 15:20 to 2026-05-21 02:40
2026-09-27 19:36:51,592 - momentum.DataExtraction.providers.binance_provider.RateLimiter - DEBUG - Acquired 1 tokens, remaining: 998.99
2026-09-27 19:36:51,658 - urllib3.connectionpool - DEBUG - https://api.binance.com:443 "GET /api/v3/klines?endTime=1779331200000&interval=5m&limit=1000&startTime=1779031200000&symbol=BTCUSDT HTTP/1.1" 200 53045
2026-09-27 19:36:51,660 - momentum.DataExtraction.kline_provider_base.Binance - DEBUG - Fetched 1000 klines from Binance API
2026-09-27 19:36:51,660 - momentum.DataExtraction.kline_provider_base.Binance - INFO - [64%] Batch 68: downloaded 1000 klines, total: 68000 | 最後K線(UTC): 2026-05-21 02:35, 下一批次(UTC): 2026-05-21 02:40
2026-09-27 19:36:51,660 - momentum.DataExtraction.kline_provider_base.Binance - INFO - [65%] Batch 69/106: 2026-05-21 02:40 to 2026-05-24 14:00
2026-09-27 19:36:51,660 - momentum.DataExtraction.providers.binance_provider.RateLimiter - DEBUG - Acquired 1 tokens, remaining: 999.00
2026-09-27 19:36:51,719 - urllib3.connectionpool - DEBUG - https://api.binance.com:443 "GET /api/v3/klines?endTime=1779631200000&interval=5m&limit=1000&startTime=1779331200000&symbol=BTCUSDT HTTP/1.1" 200 52587
2026-09-27 19:36:51,723 - momentum.DataExtraction.kline_provider_base.Binance - DEBUG - Fetched 1000 klines from Binance API
2026-09-27 19:36:51,723 - momentum.DataExtraction.kline_provider_base.Binance - INFO - [65%] Batch 69: downloaded 1000 klines, total: 69000 | 最後K線(UTC): 2026-05-24 13:55, 下一批次(UTC): 2026-05-24 14:00
2026-09-27 19:36:51,723 - momentum.DataExtraction.kline_provider_base.Binance - INFO - [66%] Batch 70/106: 2026-05-24 14:00 to 2026-05-28 01:20
2026-09-27 19:36:51,723 - momentum.DataExtraction.providers.binance_provider.RateLimiter - DEBUG - Acquired 1 tokens, remaining: 999.00
2026-09-27 19:36:51,782 - urllib3.connectionpool - DEBUG - https://api.binance.com:443 "GET /api/v3/klines?endTime=1779931200000&interval=5m&limit=1000&startTime=1779631200000&symbol=BTCUSDT HTTP/1.1" 200 52815
2026-09-27 19:36:51,887 - momentum.DataExtraction.kline_provider_base.Binance - DEBUG - Fetched 1000 klines from Binance API
2026-09-27 19:36:51,887 - momentum.DataExtraction.kline_provider_base.Binance - INFO - [66%] Batch 70: downloaded 1000 klines, total: 70000 | 最後K線(UTC): 2026-05-28 01:15, 下一批次(UTC): 2026-05-28 01:20
2026-09-27 19:36:51,887 - momentum.DataExtraction.kline_provider_base.Binance - INFO - [66%] Batch 71/106: 2026-05-28 01:20 to 2026-05-31 12:40
2026-09-27 19:36:51,887 - momentum.DataExtraction.providers.binance_provider.RateLimiter - DEBUG - Acquired 1 tokens, remaining: 999.00
2026-09-27 19:36:51,944 - urllib3.connectionpool - DEBUG - https://api.binance.com:443 "GET /api/v3/klines?endTime=1780231200000&interval=5m&limit=1000&startTime=1779931200000&symbol=BTCUSDT HTTP/1.1" 200 52387
2026-09-27 19:36:51,947 - momentum.DataExtraction.kline_provider_base.Binance - DEBUG - Fetched 1000 klines from Binance API
2026-09-27 19:36:51,947 - momentum.DataExtraction.kline_provider_base.Binance - INFO - [66%] Batch 71: downloaded 1000 klines, total: 71000 | 最後K線(UTC): 2026-05-31 12:35, 下一批次(UTC): 2026-05-31 12:40
2026-09-27 19:36:51,947 - momentum.DataExtraction.kline_provider_base.Binance - INFO - [67%] Batch 72/106: 2026-05-31 12:40 to 2026-06-04 00:00
2026-09-27 19:36:51,947 - momentum.DataExtraction.providers.binance_provider.RateLimiter - DEBUG - Acquired 1 tokens, remaining: 999.00
2026-09-27 19:36:52,003 - urllib3.connectionpool - DEBUG - https://api.binance.com:443 "GET /api/v3/klines?endTime=1780531200000&interval=5m&limit=1000&startTime=1780231200000&symbol=BTCUSDT HTTP/1.1" 200 53832
2026-09-27 19:36:52,005 - momentum.DataExtraction.kline_provider_base.Binance - DEBUG - Fetched 1000 klines from Binance API
2026-09-27 19:36:52,005 - momentum.DataExtraction.kline_provider_base.Binance - INFO - [67%] Batch 72: downloaded 1000 klines, total: 72000 | 最後K線(UTC): 2026-06-03 23:55, 下一批次(UTC): 2026-06-04 00:00
2026-09-27 19:36:52,005 - momentum.DataExtraction.kline_provider_base.Binance - INFO - [68%] Batch 73/106: 2026-06-04 00:00 to 2026-06-07 11:20
2026-09-27 19:36:52,005 - momentum.DataExtraction.providers.binance_provider.RateLimiter - DEBUG - Acquired 1 tokens, remaining: 998.97
2026-09-27 19:36:52,065 - urllib3.connectionpool - DEBUG - https://api.binance.com:443 "GET /api/v3/klines?endTime=1780831200000&interval=5m&limit=1000&startTime=1780531200000&symbol=BTCUSDT HTTP/1.1" 200 54373
2026-09-27 19:36:52,067 - momentum.DataExtraction.kline_provider_base.Binance - DEBUG - Fetched 1000 klines from Binance API
2026-09-27 19:36:52,067 - momentum.DataExtraction.kline_provider_base.Binance - INFO - [68%] Batch 73: downloaded 1000 klines, total: 73000 | 最後K線(UTC): 2026-06-07 11:15, 下一批次(UTC): 2026-06-07 11:20
2026-09-27 19:36:52,067 - momentum.DataExtraction.kline_provider_base.Binance - INFO - [69%] Batch 74/106: 2026-06-07 11:20 to 2026-06-10 22:40
2026-09-27 19:36:52,067 - momentum.DataExtraction.providers.binance_provider.RateLimiter - DEBUG - Acquired 1 tokens, remaining: 999.00
2026-09-27 19:36:52,124 - urllib3.connectionpool - DEBUG - https://api.binance.com:443 "GET /api/v3/klines?endTime=1781131200000&interval=5m&limit=1000&startTime=1780831200000&symbol=BTCUSDT HTTP/1.1" 200 53309
2026-09-27 19:36:52,126 - momentum.DataExtraction.kline_provider_base.Binance - DEBUG - Fetched 1000 klines from Binance API
2026-09-27 19:36:52,126 - momentum.DataExtraction.kline_provider_base.Binance - INFO - [69%] Batch 74: downloaded 1000 klines, total: 74000 | 最後K線(UTC): 2026-06-10 22:35, 下一批次(UTC): 2026-06-10 22:40
2026-09-27 19:36:52,126 - momentum.DataExtraction.kline_provider_base.Binance - INFO - [70%] Batch 75/106: 2026-06-10 22:40 to 2026-06-14 10:00
2026-09-27 19:36:52,126 - momentum.DataExtraction.providers.binance_provider.RateLimiter - DEBUG - Acquired 1 tokens, remaining: 998.99
2026-09-27 19:36:52,187 - urllib3.connectionpool - DEBUG - https://api.binance.com:443 "GET /api/v3/klines?endTime=1781431200000&interval=5m&limit=1000&startTime=1781131200000&symbol=BTCUSDT HTTP/1.1" 200 52389
2026-09-27 19:36:52,188 - momentum.DataExtraction.kline_provider_base.Binance - DEBUG - Fetched 1000 klines from Binance API
2026-09-27 19:36:52,189 - momentum.DataExtraction.kline_provider_base.Binance - INFO - [70%] Batch 75: downloaded 1000 klines, total: 75000 | 最後K線(UTC): 2026-06-14 09:55, 下一批次(UTC): 2026-06-14 10:00
2026-09-27 19:36:52,189 - momentum.DataExtraction.kline_provider_base.Binance - INFO - [71%] Batch 76/106: 2026-06-14 10:00 to 2026-06-17 21:20
2026-09-27 19:36:52,189 - momentum.DataExtraction.providers.binance_provider.RateLimiter - DEBUG - Acquired 1 tokens, remaining: 999.00
2026-09-27 19:36:52,246 - urllib3.connectionpool - DEBUG - https://api.binance.com:443 "GET /api/v3/klines?endTime=1781731200000&interval=5m&limit=1000&startTime=1781431200000&symbol=BTCUSDT HTTP/1.1" 200 52715
2026-09-27 19:36:52,248 - momentum.DataExtraction.kline_provider_base.Binance - DEBUG - Fetched 1000 klines from Binance API
2026-09-27 19:36:52,248 - momentum.DataExtraction.kline_provider_base.Binance - INFO - [71%] Batch 76: downloaded 1000 klines, total: 76000 | 最後K線(UTC): 2026-06-17 21:15, 下一批次(UTC): 2026-06-17 21:20
2026-09-27 19:36:52,248 - momentum.DataExtraction.kline_provider_base.Binance - INFO - [72%] Batch 77/106: 2026-06-17 21:20 to 2026-06-21 08:40
2026-09-27 19:36:52,248 - momentum.DataExtraction.providers.binance_provider.RateLimiter - DEBUG - Acquired 1 tokens, remaining: 998.99
2026-09-27 19:36:52,305 - urllib3.connectionpool - DEBUG - https://api.binance.com:443 "GET /api/v3/klines?endTime=1782031200000&interval=5m&limit=1000&startTime=1781731200000&symbol=BTCUSDT HTTP/1.1" 200 52149
2026-09-27 19:36:52,307 - momentum.DataExtraction.kline_provider_base.Binance - DEBUG - Fetched 1000 klines from Binance API
2026-09-27 19:36:52,307 - momentum.DataExtraction.kline_provider_base.Binance - INFO - [72%] Batch 77: downloaded 1000 klines, total: 77000 | 最後K線(UTC): 2026-06-21 08:35, 下一批次(UTC): 2026-06-21 08:40
2026-09-27 19:36:52,307 - momentum.DataExtraction.kline_provider_base.Binance - INFO - [73%] Batch 78/106: 2026-06-21 08:40 to 2026-06-24 20:00
2026-09-27 19:36:52,307 - momentum.DataExtraction.providers.binance_provider.RateLimiter - DEBUG - Acquired 1 tokens, remaining: 998.97
2026-09-27 19:36:52,364 - urllib3.connectionpool - DEBUG - https://api.binance.com:443 "GET /api/v3/klines?endTime=1782331200000&interval=5m&limit=1000&startTime=1782031200000&symbol=BTCUSDT HTTP/1.1" 200 52804
2026-09-27 19:36:52,368 - momentum.DataExtraction.kline_provider_base.Binance - DEBUG - Fetched 1000 klines from Binance API
2026-09-27 19:36:52,368 - momentum.DataExtraction.kline_provider_base.Binance - INFO - [73%] Batch 78: downloaded 1000 klines, total: 78000 | 最後K線(UTC): 2026-06-24 19:55, 下一批次(UTC): 2026-06-24 20:00
2026-09-27 19:36:52,368 - momentum.DataExtraction.kline_provider_base.Binance - INFO - [74%] Batch 79/106: 2026-06-24 20:00 to 2026-06-28 07:20
2026-09-27 19:36:52,368 - momentum.DataExtraction.providers.binance_provider.RateLimiter - DEBUG - Acquired 1 tokens, remaining: 998.99
2026-09-27 19:36:52,427 - urllib3.connectionpool - DEBUG - https://api.binance.com:443 "GET /api/v3/klines?endTime=1782631200000&interval=5m&limit=1000&startTime=1782331200000&symbol=BTCUSDT HTTP/1.1" 200 52997
2026-09-27 19:36:52,429 - momentum.DataExtraction.kline_provider_base.Binance - DEBUG - Fetched 1000 klines from Binance API
2026-09-27 19:36:52,429 - momentum.DataExtraction.kline_provider_base.Binance - INFO - [74%] Batch 79: downloaded 1000 klines, total: 79000 | 最後K線(UTC): 2026-06-28 07:15, 下一批次(UTC): 2026-06-28 07:20
2026-09-27 19:36:52,429 - momentum.DataExtraction.kline_provider_base.Binance - INFO - [75%] Batch 80/106: 2026-06-28 07:20 to 2026-07-01 18:40
2026-09-27 19:36:52,429 - momentum.DataExtraction.providers.binance_provider.RateLimiter - DEBUG - Acquired 1 tokens, remaining: 999.00
2026-09-27 19:36:52,490 - urllib3.connectionpool - DEBUG - https://api.binance.com:443 "GET /api/v3/klines?endTime=1782931200000&interval=5m&limit=1000&startTime=1782631200000&symbol=BTCUSDT HTTP/1.1" 200 52839
2026-09-27 19:36:52,492 - momentum.DataExtraction.kline_provider_base.Binance - DEBUG - Fetched 1000 klines from Binance API
2026-09-27 19:36:52,492 - momentum.DataExtraction.kline_provider_base.Binance - INFO - [75%] Batch 80: downloaded 1000 klines, total: 80000 | 最後K線(UTC): 2026-07-01 18:35, 下一批次(UTC): 2026-07-01 18:40
2026-09-27 19:36:52,492 - momentum.DataExtraction.kline_provider_base.Binance - INFO - [76%] Batch 81/106: 2026-07-01 18:40 to 2026-07-05 06:00
2026-09-27 19:36:52,492 - momentum.DataExtraction.providers.binance_provider.RateLimiter - DEBUG - Acquired 1 tokens, remaining: 999.00
2026-09-27 19:36:52,550 - urllib3.connectionpool - DEBUG - https://api.binance.com:443 "GET /api/v3/klines?endTime=1783231200000&interval=5m&limit=1000&startTime=1782931200000&symbol=BTCUSDT HTTP/1.1" 200 52404
2026-09-27 19:36:52,553 - momentum.DataExtraction.kline_provider_base.Binance - DEBUG - Fetched 1000 klines from Binance API
2026-09-27 19:36:52,553 - momentum.DataExtraction.kline_provider_base.Binance - INFO - [76%] Batch 81: downloaded 1000 klines, total: 81000 | 最後K線(UTC): 2026-07-05 05:55, 下一批次(UTC): 2026-07-05 06:00
2026-09-27 19:36:52,553 - momentum.DataExtraction.kline_provider_base.Binance - INFO - [77%] Batch 82/106: 2026-07-05 06:00 to 2026-07-08 17:20
2026-09-27 19:36:52,553 - momentum.DataExtraction.providers.binance_provider.RateLimiter - DEBUG - Acquired 1 tokens, remaining: 999.00
2026-09-27 19:36:52,611 - urllib3.connectionpool - DEBUG - https://api.binance.com:443 "GET /api/v3/klines?endTime=1783531200000&interval=5m&limit=1000&startTime=1783231200000&symbol=BTCUSDT HTTP/1.1" 200 52603
2026-09-27 19:36:52,613 - momentum.DataExtraction.kline_provider_base.Binance - DEBUG - Fetched 1000 klines from Binance API
2026-09-27 19:36:52,613 - momentum.DataExtraction.kline_provider_base.Binance - INFO - [77%] Batch 82: downloaded 1000 klines, total: 82000 | 最後K線(UTC): 2026-07-08 17:15, 下一批次(UTC): 2026-07-08 17:20
2026-09-27 19:36:52,613 - momentum.DataExtraction.kline_provider_base.Binance - INFO - [78%] Batch 83/106: 2026-07-08 17:20 to 2026-07-12 04:40
2026-09-27 19:36:52,613 - momentum.DataExtraction.providers.binance_provider.RateLimiter - DEBUG - Acquired 1 tokens, remaining: 999.00
2026-09-27 19:36:52,671 - urllib3.connectionpool - DEBUG - https://api.binance.com:443 "GET /api/v3/klines?endTime=1783831200000&interval=5m&limit=1000&startTime=1783531200000&symbol=BTCUSDT HTTP/1.1" 200 52207
2026-09-27 19:36:52,673 - momentum.DataExtraction.kline_provider_base.Binance - DEBUG - Fetched 1000 klines from Binance API
2026-09-27 19:36:52,673 - momentum.DataExtraction.kline_provider_base.Binance - INFO - [78%] Batch 83: downloaded 1000 klines, total: 83000 | 最後K線(UTC): 2026-07-12 04:35, 下一批次(UTC): 2026-07-12 04:40
2026-09-27 19:36:52,673 - momentum.DataExtraction.kline_provider_base.Binance - INFO - [79%] Batch 84/106: 2026-07-12 04:40 to 2026-07-15 16:00
2026-09-27 19:36:52,673 - momentum.DataExtraction.providers.binance_provider.RateLimiter - DEBUG - Acquired 1 tokens, remaining: 999.00
2026-09-27 19:36:52,731 - urllib3.connectionpool - DEBUG - https://api.binance.com:443 "GET /api/v3/klines?endTime=1784131200000&interval=5m&limit=1000&startTime=1783831200000&symbol=BTCUSDT HTTP/1.1" 200 52501
2026-09-27 19:36:52,733 - momentum.DataExtraction.kline_provider_base.Binance - DEBUG - Fetched 1000 klines from Binance API
2026-09-27 19:36:52,733 - momentum.DataExtraction.kline_provider_base.Binance - INFO - [79%] Batch 84: downloaded 1000 klines, total: 84000 | 最後K線(UTC): 2026-07-15 15:55, 下一批次(UTC): 2026-07-15 16:00
2026-09-27 19:36:52,733 - momentum.DataExtraction.kline_provider_base.Binance - INFO - [80%] Batch 85/106: 2026-07-15 16:00 to 2026-07-19 03:20
2026-09-27 19:36:52,733 - momentum.DataExtraction.providers.binance_provider.RateLimiter - DEBUG - Acquired 1 tokens, remaining: 999.00
2026-09-27 19:36:52,792 - urllib3.connectionpool - DEBUG - https://api.binance.com:443 "GET /api/v3/klines?endTime=1784431200000&interval=5m&limit=1000&startTime=1784131200000&symbol=BTCUSDT HTTP/1.1" 200 52058
2026-09-27 19:36:52,794 - momentum.DataExtraction.kline_provider_base.Binance - DEBUG - Fetched 1000 klines from Binance API
2026-09-27 19:36:52,794 - momentum.DataExtraction.kline_provider_base.Binance - INFO - [80%] Batch 85: downloaded 1000 klines, total: 85000 | 最後K線(UTC): 2026-07-19 03:15, 下一批次(UTC): 2026-07-19 03:20
2026-09-27 19:36:52,794 - momentum.DataExtraction.kline_provider_base.Binance - INFO - [81%] Batch 86/106: 2026-07-19 03:20 to 2026-07-22 14:40
2026-09-27 19:36:52,794 - momentum.DataExtraction.providers.binance_provider.RateLimiter - DEBUG - Acquired 1 tokens, remaining: 999.00
2026-09-27 19:36:52,857 - urllib3.connectionpool - DEBUG - https://api.binance.com:443 "GET /api/v3/klines?endTime=1784731200000&interval=5m&limit=1000&startTime=1784431200000&symbol=BTCUSDT HTTP/1.1" 200 52591
2026-09-27 19:36:52,859 - momentum.DataExtraction.kline_provider_base.Binance - DEBUG - Fetched 1000 klines from Binance API
2026-09-27 19:36:52,859 - momentum.DataExtraction.kline_provider_base.Binance - INFO - [81%] Batch 86: downloaded 1000 klines, total: 86000 | 最後K線(UTC): 2026-07-22 14:35, 下一批次(UTC): 2026-07-22 14:40
2026-09-27 19:36:52,859 - momentum.DataExtraction.kline_provider_base.Binance - INFO - [82%] Batch 87/106: 2026-07-22 14:40 to 2026-07-26 02:00
2026-09-27 19:36:52,859 - momentum.DataExtraction.providers.binance_provider.RateLimiter - DEBUG - Acquired 1 tokens, remaining: 999.00
2026-09-27 19:36:52,921 - urllib3.connectionpool - DEBUG - https://api.binance.com:443 "GET /api/v3/klines?endTime=1785031200000&interval=5m&limit=1000&startTime=1784731200000&symbol=BTCUSDT HTTP/1.1" 200 52084
2026-09-27 19:36:52,923 - momentum.DataExtraction.kline_provider_base.Binance - DEBUG - Fetched 1000 klines from Binance API
2026-09-27 19:36:52,923 - momentum.DataExtraction.kline_provider_base.Binance - INFO - [82%] Batch 87: downloaded 1000 klines, total: 87000 | 最後K線(UTC): 2026-07-26 01:55, 下一批次(UTC): 2026-07-26 02:00
2026-09-27 19:36:52,923 - momentum.DataExtraction.kline_provider_base.Binance - INFO - [83%] Batch 88/106: 2026-07-26 02:00 to 2026-07-29 13:20
2026-09-27 19:36:52,923 - momentum.DataExtraction.providers.binance_provider.RateLimiter - DEBUG - Acquired 1 tokens, remaining: 999.00
2026-09-27 19:36:53,085 - urllib3.connectionpool - DEBUG - https://api.binance.com:443 "GET /api/v3/klines?endTime=1785331200000&interval=5m&limit=1000&startTime=1785031200000&symbol=BTCUSDT HTTP/1.1" 200 51918
2026-09-27 19:36:53,118 - momentum.DataExtraction.kline_provider_base.Binance - DEBUG - Fetched 1000 klines from Binance API
2026-09-27 19:36:53,118 - momentum.DataExtraction.kline_provider_base.Binance - INFO - [83%] Batch 88: downloaded 1000 klines, total: 88000 | 最後K線(UTC): 2026-07-29 13:15, 下一批次(UTC): 2026-07-29 13:20
2026-09-27 19:36:53,118 - momentum.DataExtraction.kline_provider_base.Binance - INFO - [83%] Batch 89/106: 2026-07-29 13:20 to 2026-08-02 00:40
2026-09-27 19:36:53,118 - momentum.DataExtraction.providers.binance_provider.RateLimiter - DEBUG - Acquired 1 tokens, remaining: 999.00
2026-09-27 19:36:53,176 - urllib3.connectionpool - DEBUG - https://api.binance.com:443 "GET /api/v3/klines?endTime=1785631200000&interval=5m&limit=1000&startTime=1785331200000&symbol=BTCUSDT HTTP/1.1" 200 52016
2026-09-27 19:36:53,178 - momentum.DataExtraction.kline_provider_base.Binance - DEBUG - Fetched 1000 klines from Binance API
2026-09-27 19:36:53,178 - momentum.DataExtraction.kline_provider_base.Binance - INFO - [83%] Batch 89: downloaded 1000 klines, total: 89000 | 最後K線(UTC): 2026-08-02 00:35, 下一批次(UTC): 2026-08-02 00:40
2026-09-27 19:36:53,178 - momentum.DataExtraction.kline_provider_base.Binance - INFO - [84%] Batch 90/106: 2026-08-02 00:40 to 2026-08-05 12:00
2026-09-27 19:36:53,179 - momentum.DataExtraction.providers.binance_provider.RateLimiter - DEBUG - Acquired 1 tokens, remaining: 999.00
2026-09-27 19:36:53,236 - urllib3.connectionpool - DEBUG - https://api.binance.com:443 "GET /api/v3/klines?endTime=1785931200000&interval=5m&limit=1000&startTime=1785631200000&symbol=BTCUSDT HTTP/1.1" 200 51855
2026-09-27 19:36:53,238 - momentum.DataExtraction.kline_provider_base.Binance - DEBUG - Fetched 1000 klines from Binance API
2026-09-27 19:36:53,239 - momentum.DataExtraction.kline_provider_base.Binance - INFO - [84%] Batch 90: downloaded 1000 klines, total: 90000 | 最後K線(UTC): 2026-08-05 11:55, 下一批次(UTC): 2026-08-05 12:00
2026-09-27 19:36:53,239 - momentum.DataExtraction.kline_provider_base.Binance - INFO - [85%] Batch 91/106: 2026-08-05 12:00 to 2026-08-08 23:20
2026-09-27 19:36:53,239 - momentum.DataExtraction.providers.binance_provider.RateLimiter - DEBUG - Acquired 1 tokens, remaining: 999.00
2026-09-27 19:36:53,297 - urllib3.connectionpool - DEBUG - https://api.binance.com:443 "GET /api/v3/klines?endTime=1786231200000&interval=5m&limit=1000&startTime=1785931200000&symbol=BTCUSDT HTTP/1.1" 200 51092
2026-09-27 19:36:53,299 - momentum.DataExtraction.kline_provider_base.Binance - DEBUG - Fetched 1000 klines from Binance API
2026-09-27 19:36:53,299 - momentum.DataExtraction.kline_provider_base.Binance - INFO - [85%] Batch 91: downloaded 1000 klines, total: 91000 | 最後K線(UTC): 2026-08-08 23:15, 下一批次(UTC): 2026-08-08 23:20
2026-09-27 19:36:53,299 - momentum.DataExtraction.kline_provider_base.Binance - INFO - [86%] Batch 92/106: 2026-08-08 23:20 to 2026-08-12 10:40
2026-09-27 19:36:53,299 - momentum.DataExtraction.providers.binance_provider.RateLimiter - DEBUG - Acquired 1 tokens, remaining: 999.00
2026-09-27 19:36:53,355 - urllib3.connectionpool - DEBUG - https://api.binance.com:443 "GET /api/v3/klines?endTime=1786531200000&interval=5m&limit=1000&startTime=1786231200000&symbol=BTCUSDT HTTP/1.1" 200 51133
2026-09-27 19:36:53,357 - momentum.DataExtraction.kline_provider_base.Binance - DEBUG - Fetched 1000 klines from Binance API
2026-09-27 19:36:53,357 - momentum.DataExtraction.kline_provider_base.Binance - INFO - [86%] Batch 92: downloaded 1000 klines, total: 92000 | 最後K線(UTC): 2026-08-12 10:35, 下一批次(UTC): 2026-08-12 10:40
2026-09-27 19:36:53,358 - momentum.DataExtraction.kline_provider_base.Binance - INFO - [87%] Batch 93/106: 2026-08-12 10:40 to 2026-08-15 22:00
2026-09-27 19:36:53,358 - momentum.DataExtraction.providers.binance_provider.RateLimiter - DEBUG - Acquired 1 tokens, remaining: 998.98
2026-09-27 19:36:53,556 - urllib3.connectionpool - DEBUG - https://api.binance.com:443 "GET /api/v3/klines?endTime=1786831200000&interval=5m&limit=1000&startTime=1786531200000&symbol=BTCUSDT HTTP/1.1" 200 51211
2026-09-27 19:36:53,590 - momentum.DataExtraction.kline_provider_base.Binance - DEBUG - Fetched 1000 klines from Binance API
2026-09-27 19:36:53,590 - momentum.DataExtraction.kline_provider_base.Binance - INFO - [87%] Batch 93: downloaded 1000 klines, total: 93000 | 最後K線(UTC): 2026-08-15 21:55, 下一批次(UTC): 2026-08-15 22:00
2026-09-27 19:36:53,590 - momentum.DataExtraction.kline_provider_base.Binance - INFO - [88%] Batch 94/106: 2026-08-15 22:00 to 2026-08-19 09:20
2026-09-27 19:36:53,590 - momentum.DataExtraction.providers.binance_provider.RateLimiter - DEBUG - Acquired 1 tokens, remaining: 999.00
2026-09-27 19:36:53,647 - urllib3.connectionpool - DEBUG - https://api.binance.com:443 "GET /api/v3/klines?endTime=1787131200000&interval=5m&limit=1000&startTime=1786831200000&symbol=BTCUSDT HTTP/1.1" 200 50311
2026-09-27 19:36:53,650 - momentum.DataExtraction.kline_provider_base.Binance - DEBUG - Fetched 1000 klines from Binance API
2026-09-27 19:36:53,650 - momentum.DataExtraction.kline_provider_base.Binance - INFO - [88%] Batch 94: downloaded 1000 klines, total: 94000 | 最後K線(UTC): 2026-08-19 09:15, 下一批次(UTC): 2026-08-19 09:20
2026-09-27 19:36:53,650 - momentum.DataExtraction.kline_provider_base.Binance - INFO - [89%] Batch 95/106: 2026-08-19 09:20 to 2026-08-22 20:40
2026-09-27 19:36:53,650 - momentum.DataExtraction.providers.binance_provider.RateLimiter - DEBUG - Acquired 1 tokens, remaining: 999.00
2026-09-27 19:36:53,709 - urllib3.connectionpool - DEBUG - https://api.binance.com:443 "GET /api/v3/klines?endTime=1787431200000&interval=5m&limit=1000&startTime=1787131200000&symbol=BTCUSDT HTTP/1.1" 200 54375
2026-09-27 19:36:53,712 - momentum.DataExtraction.kline_provider_base.Binance - DEBUG - Fetched 1000 klines from Binance API
2026-09-27 19:36:53,712 - momentum.DataExtraction.kline_provider_base.Binance - INFO - [89%] Batch 95: downloaded 1000 klines, total: 95000 | 最後K線(UTC): 2026-08-22 20:35, 下一批次(UTC): 2026-08-22 20:40
2026-09-27 19:36:53,713 - momentum.DataExtraction.kline_provider_base.Binance - INFO - [90%] Batch 96/106: 2026-08-22 20:40 to 2026-08-26 08:00
2026-09-27 19:36:53,713 - momentum.DataExtraction.providers.binance_provider.RateLimiter - DEBUG - Acquired 1 tokens, remaining: 999.00
2026-09-27 19:36:53,839 - urllib3.connectionpool - DEBUG - https://api.binance.com:443 "GET /api/v3/klines?endTime=1787731200000&interval=5m&limit=1000&startTime=1787431200000&symbol=BTCUSDT HTTP/1.1" 200 53638
2026-09-27 19:36:53,907 - momentum.DataExtraction.kline_provider_base.Binance - DEBUG - Fetched 1000 klines from Binance API
2026-09-27 19:36:53,907 - momentum.DataExtraction.kline_provider_base.Binance - INFO - [90%] Batch 96: downloaded 1000 klines, total: 96000 | 最後K線(UTC): 2026-08-26 07:55, 下一批次(UTC): 2026-08-26 08:00
2026-09-27 19:36:53,907 - momentum.DataExtraction.kline_provider_base.Binance - INFO - [91%] Batch 97/106: 2026-08-26 08:00 to 2026-08-29 19:20
2026-09-27 19:36:53,907 - momentum.DataExtraction.providers.binance_provider.RateLimiter - DEBUG - Acquired 1 tokens, remaining: 999.00
2026-09-27 19:36:53,966 - urllib3.connectionpool - DEBUG - https://api.binance.com:443 "GET /api/v3/klines?endTime=1788031200000&interval=5m&limit=1000&startTime=1787731200000&symbol=BTCUSDT HTTP/1.1" 200 52937
2026-09-27 19:36:53,969 - momentum.DataExtraction.kline_provider_base.Binance - DEBUG - Fetched 1000 klines from Binance API
2026-09-27 19:36:53,969 - momentum.DataExtraction.kline_provider_base.Binance - INFO - [91%] Batch 97: downloaded 1000 klines, total: 97000 | 最後K線(UTC): 2026-08-29 19:15, 下一批次(UTC): 2026-08-29 19:20
2026-09-27 19:36:53,969 - momentum.DataExtraction.kline_provider_base.Binance - INFO - [92%] Batch 98/106: 2026-08-29 19:20 to 2026-09-02 06:40
2026-09-27 19:36:53,969 - momentum.DataExtraction.providers.binance_provider.RateLimiter - DEBUG - Acquired 1 tokens, remaining: 999.00
2026-09-27 19:36:54,027 - urllib3.connectionpool - DEBUG - https://api.binance.com:443 "GET /api/v3/klines?endTime=1788331200000&interval=5m&limit=1000&startTime=1788031200000&symbol=BTCUSDT HTTP/1.1" 200 52403
2026-09-27 19:36:54,029 - momentum.DataExtraction.kline_provider_base.Binance - DEBUG - Fetched 1000 klines from Binance API
2026-09-27 19:36:54,029 - momentum.DataExtraction.kline_provider_base.Binance - INFO - [92%] Batch 98: downloaded 1000 klines, total: 98000 | 最後K線(UTC): 2026-09-02 06:35, 下一批次(UTC): 2026-09-02 06:40
2026-09-27 19:36:54,029 - momentum.DataExtraction.kline_provider_base.Binance - INFO - [93%] Batch 99/106: 2026-09-02 06:40 to 2026-09-05 18:00
2026-09-27 19:36:54,029 - momentum.DataExtraction.providers.binance_provider.RateLimiter - DEBUG - Acquired 1 tokens, remaining: 999.00
2026-09-27 19:36:54,150 - urllib3.connectionpool - DEBUG - https://api.binance.com:443 "GET /api/v3/klines?endTime=1788631200000&interval=5m&limit=1000&startTime=1788331200000&symbol=BTCUSDT HTTP/1.1" 200 52809
2026-09-27 19:36:54,214 - momentum.DataExtraction.kline_provider_base.Binance - DEBUG - Fetched 1000 klines from Binance API
2026-09-27 19:36:54,214 - momentum.DataExtraction.kline_provider_base.Binance - INFO - [93%] Batch 99: downloaded 1000 klines, total: 99000 | 最後K線(UTC): 2026-09-05 17:55, 下一批次(UTC): 2026-09-05 18:00
2026-09-27 19:36:54,214 - momentum.DataExtraction.kline_provider_base.Binance - INFO - [94%] Batch 100/106: 2026-09-05 18:00 to 2026-09-09 05:20
2026-09-27 19:36:54,214 - momentum.DataExtraction.providers.binance_provider.RateLimiter - DEBUG - Acquired 1 tokens, remaining: 999.00
2026-09-27 19:36:54,273 - urllib3.connectionpool - DEBUG - https://api.binance.com:443 "GET /api/v3/klines?endTime=1788931200000&interval=5m&limit=1000&startTime=1788631200000&symbol=BTCUSDT HTTP/1.1" 200 52130
2026-09-27 19:36:54,275 - momentum.DataExtraction.kline_provider_base.Binance - DEBUG - Fetched 1000 klines from Binance API
2026-09-27 19:36:54,275 - momentum.DataExtraction.kline_provider_base.Binance - INFO - [94%] Batch 100: downloaded 1000 klines, total: 100000 | 最後K線(UTC): 2026-09-09 05:15, 下一批次(UTC): 2026-09-09 05:20
2026-09-27 19:36:54,275 - momentum.DataExtraction.kline_provider_base.Binance - INFO - [95%] Batch 101/106: 2026-09-09 05:20 to 2026-09-12 16:40
2026-09-27 19:36:54,275 - momentum.DataExtraction.providers.binance_provider.RateLimiter - DEBUG - Acquired 1 tokens, remaining: 999.00
2026-09-27 19:36:54,334 - urllib3.connectionpool - DEBUG - https://api.binance.com:443 "GET /api/v3/klines?endTime=1789231200000&interval=5m&limit=1000&startTime=1788931200000&symbol=BTCUSDT HTTP/1.1" 200 52271
2026-09-27 19:36:54,336 - momentum.DataExtraction.kline_provider_base.Binance - DEBUG - Fetched 1000 klines from Binance API
2026-09-27 19:36:54,336 - momentum.DataExtraction.kline_provider_base.Binance - INFO - [95%] Batch 101: downloaded 1000 klines, total: 101000 | 最後K線(UTC): 2026-09-12 16:35, 下一批次(UTC): 2026-09-12 16:40
2026-09-27 19:36:54,336 - momentum.DataExtraction.kline_provider_base.Binance - INFO - [96%] Batch 102/106: 2026-09-12 16:40 to 2026-09-16 04:00
2026-09-27 19:36:54,336 - momentum.DataExtraction.providers.binance_provider.RateLimiter - DEBUG - Acquired 1 tokens, remaining: 999.00
2026-09-27 19:36:54,395 - urllib3.connectionpool - DEBUG - https://api.binance.com:443 "GET /api/v3/klines?endTime=1789531200000&interval=5m&limit=1000&startTime=1789231200000&symbol=BTCUSDT HTTP/1.1" 200 52251
2026-09-27 19:36:54,397 - momentum.DataExtraction.kline_provider_base.Binance - DEBUG - Fetched 1000 klines from Binance API
2026-09-27 19:36:54,397 - momentum.DataExtraction.kline_provider_base.Binance - INFO - [96%] Batch 102: downloaded 1000 klines, total: 102000 | 最後K線(UTC): 2026-09-16 03:55, 下一批次(UTC): 2026-09-16 04:00
2026-09-27 19:36:54,397 - momentum.DataExtraction.kline_provider_base.Binance - INFO - [97%] Batch 103/106: 2026-09-16 04:00 to 2026-09-19 15:20
2026-09-27 19:36:54,397 - momentum.DataExtraction.providers.binance_provider.RateLimiter - DEBUG - Acquired 1 tokens, remaining: 999.00
2026-09-27 19:36:54,454 - urllib3.connectionpool - DEBUG - https://api.binance.com:443 "GET /api/v3/klines?endTime=1789831200000&interval=5m&limit=1000&startTime=1789531200000&symbol=BTCUSDT HTTP/1.1" 200 52611
2026-09-27 19:36:54,457 - momentum.DataExtraction.kline_provider_base.Binance - DEBUG - Fetched 1000 klines from Binance API
2026-09-27 19:36:54,458 - momentum.DataExtraction.kline_provider_base.Binance - INFO - [97%] Batch 103: downloaded 1000 klines, total: 103000 | 最後K線(UTC): 2026-09-19 15:15, 下一批次(UTC): 2026-09-19 15:20
2026-09-27 19:36:54,458 - momentum.DataExtraction.kline_provider_base.Binance - INFO - [98%] Batch 104/106: 2026-09-19 15:20 to 2026-09-23 02:40
2026-09-27 19:36:54,458 - momentum.DataExtraction.providers.binance_provider.RateLimiter - DEBUG - Acquired 1 tokens, remaining: 999.00
2026-09-27 19:36:54,518 - urllib3.connectionpool - DEBUG - https://api.binance.com:443 "GET /api/v3/klines?endTime=1790131200000&interval=5m&limit=1000&startTime=1789831200000&symbol=BTCUSDT HTTP/1.1" 200 53267
2026-09-27 19:36:54,520 - momentum.DataExtraction.kline_provider_base.Binance - DEBUG - Fetched 1000 klines from Binance API
2026-09-27 19:36:54,520 - momentum.DataExtraction.kline_provider_base.Binance - INFO - [98%] Batch 104: downloaded 1000 klines, total: 104000 | 最後K線(UTC): 2026-09-23 02:35, 下一批次(UTC): 2026-09-23 02:40
2026-09-27 19:36:54,520 - momentum.DataExtraction.kline_provider_base.Binance - INFO - [99%] Batch 105/106: 2026-09-23 02:40 to 2026-09-26 14:00
2026-09-27 19:36:54,520 - momentum.DataExtraction.providers.binance_provider.RateLimiter - DEBUG - Acquired 1 tokens, remaining: 999.00
2026-09-27 19:36:54,579 - urllib3.connectionpool - DEBUG - https://api.binance.com:443 "GET /api/v3/klines?endTime=1790431200000&interval=5m&limit=1000&startTime=1790131200000&symbol=BTCUSDT HTTP/1.1" 200 52605
2026-09-27 19:36:54,581 - momentum.DataExtraction.kline_provider_base.Binance - DEBUG - Fetched 1000 klines from Binance API
2026-09-27 19:36:54,581 - momentum.DataExtraction.kline_provider_base.Binance - INFO - [99%] Batch 105: downloaded 1000 klines, total: 105000 | 最後K線(UTC): 2026-09-26 13:55, 下一批次(UTC): 2026-09-26 14:00
2026-09-27 19:36:54,581 - momentum.DataExtraction.kline_provider_base.Binance - INFO - [100%] Batch 106/106: 2026-09-26 14:00 to 2026-09-27 11:36
2026-09-27 19:36:54,581 - momentum.DataExtraction.providers.binance_provider.RateLimiter - DEBUG - Acquired 1 tokens, remaining: 999.00
2026-09-27 19:36:54,629 - urllib3.connectionpool - DEBUG - https://api.binance.com:443 "GET /api/v3/klines?endTime=1790509005000&interval=5m&limit=1000&startTime=1790431200000&symbol=BTCUSDT HTTP/1.1" 200 13349
2026-09-27 19:36:54,630 - momentum.DataExtraction.kline_provider_base.Binance - DEBUG - Fetched 260 klines from Binance API
2026-09-27 19:36:54,630 - momentum.DataExtraction.kline_provider_base.Binance - INFO - [100%] Batch 106: downloaded 260 klines, total: 105260 | 最後K線(UTC): 2026-09-27 11:35, 下一批次(UTC): 2026-09-27 11:40
2026-09-27 19:36:54,803 - momentum.DataExtraction.kline_provider_base.Binance - INFO - Download completed: 105260 klines in 106 batches
2026-09-27 19:36:54,816 - momentum.DataExtraction.kline_provider_base.Binance - DEBUG - DataFrame validation passed: 105260 rows, 10 columns
2026-09-27 19:36:54,820 - momentum.DataExtraction.kline_storage - DEBUG - Legacy cache not found for BTCUSDT/5m in data_cache
2026-09-27 19:36:54,820 - momentum.DataExtraction.kline_storage - WARNING - Dataset BTCUSDT/5m not available in storage or legacy cache
2026-09-27 19:36:55,039 - momentum.DataExtraction.kline_storage - DEBUG - Atomically renamed temp dataset to 'data'
2026-09-27 19:36:55,092 - momentum.DataExtraction.kline_storage - DEBUG - Continuity check passed for BTCUSDT/5m: 105260 bars are continuous
2026-09-27 19:36:55,092 - momentum.DataExtraction.kline_storage - INFO - Read 105260 klines from BTCUSDT/5m in 0.025s
2026-09-27 19:36:55,095 - momentum.DataExtraction.kline_storage - DEBUG - ✓ Verification passed for BTCUSDT/5m
2026-09-27 19:36:55,096 - momentum.DataExtraction.kline_storage - INFO - Updated cache index: BTCUSDT/5m (add)
2026-09-27 19:36:55,096 - momentum.DataExtraction.kline_storage - INFO - ✅ Successfully wrote 105260 klines to BTCUSDT/5m (verified)
2026-09-27 19:36:55,096 - momentum.DataExtraction.kline_download_service.KlineDownloadService - INFO - Saved 105260 klines to storage (symbol=BTCUSDT, timeframe=5m)
2026-09-27 19:36:55,096 - momentum.DataExtraction.kline_download_service.KlineDownloadService - INFO - Successfully downloaded 105260 klines in 8.97s (11732.4 klines/s)
2026-09-27 19:36:55,120 - momentum.DataExtraction.kline_storage - INFO - Read 105260 klines from BTCUSDT/5m in 0.024s
2026-09-27 19:36:55,120 - momentum.DataExtraction.kline_download_service.KlineDownloadService - INFO - Downloading ETHUSDT 1d from binance (2017-01-01 00:00:00 to 2026-09-27 11:36:45.296839)
2026-09-27 19:36:55,120 - momentum.DataExtraction.kline_provider_base.Binance - INFO - Starting download: ETHUSDT 1d from 2017-01-01 00:00:00 to 2026-09-27 11:36:45.296839 (estimated ~3556 klines in ~4 batches)
2026-09-27 19:36:55,120 - momentum.DataExtraction.kline_provider_base.Binance - INFO - [25%] Batch 1/4: 2017-01-01 00:00 to 2019-09-28 00:00
2026-09-27 19:36:55,120 - momentum.DataExtraction.providers.binance_provider.RateLimiter - DEBUG - Acquired 1 tokens, remaining: 999.00
2026-09-27 19:36:55,180 - urllib3.connectionpool - DEBUG - https://api.binance.com:443 "GET /api/v3/klines?endTime=1569628800000&interval=1d&limit=1000&startTime=1483228800000&symbol=ETHUSDT HTTP/1.1" 200 46301
2026-09-27 19:36:55,185 - momentum.DataExtraction.kline_provider_base.Binance - DEBUG - Fetched 773 klines from Binance API
2026-09-27 19:36:55,185 - momentum.DataExtraction.kline_provider_base.Binance - INFO - [25%] Batch 1: downloaded 773 klines, total: 773 | 最後K線(UTC): 2019-09-28 00:00, 下一批次(UTC): 2019-09-29 00:00
2026-09-27 19:36:55,185 - momentum.DataExtraction.kline_provider_base.Binance - INFO - [50%] Batch 2/4: 2019-09-29 00:00 to 2022-06-25 00:00
2026-09-27 19:36:55,185 - momentum.DataExtraction.providers.binance_provider.RateLimiter - DEBUG - Acquired 1 tokens, remaining: 999.00
2026-09-27 19:36:55,244 - urllib3.connectionpool - DEBUG - https://api.binance.com:443 "GET /api/v3/klines?endTime=1656115200000&interval=1d&limit=1000&startTime=1569715200000&symbol=ETHUSDT HTTP/1.1" 200 62548
2026-09-27 19:36:55,246 - momentum.DataExtraction.kline_provider_base.Binance - DEBUG - Fetched 1000 klines from Binance API
2026-09-27 19:36:55,246 - momentum.DataExtraction.kline_provider_base.Binance - INFO - [50%] Batch 2: downloaded 1000 klines, total: 1773 | 最後K線(UTC): 2022-06-24 00:00, 下一批次(UTC): 2022-06-25 00:00
2026-09-27 19:36:55,246 - momentum.DataExtraction.kline_provider_base.Binance - INFO - [75%] Batch 3/4: 2022-06-25 00:00 to 2025-03-21 00:00
2026-09-27 19:36:55,246 - momentum.DataExtraction.providers.binance_provider.RateLimiter - DEBUG - Acquired 1 tokens, remaining: 999.00
2026-09-27 19:36:55,307 - urllib3.connectionpool - DEBUG - https://api.binance.com:443 "GET /api/v3/klines?endTime=1742515200000&interval=1d&limit=1000&startTime=1656115200000&symbol=ETHUSDT HTTP/1.1" 200 61481
2026-09-27 19:36:55,309 - momentum.DataExtraction.kline_provider_base.Binance - DEBUG - Fetched 1000 klines from Binance API
2026-09-27 19:36:55,309 - momentum.DataExtraction.kline_provider_base.Binance - INFO - [75%] Batch 3: downloaded 1000 klines, total: 2773 | 最後K線(UTC): 2025-03-20 00:00, 下一批次(UTC): 2025-03-21 00:00
2026-09-27 19:36:55,309 - momentum.DataExtraction.kline_provider_base.Binance - INFO - [100%] Batch 4/4: 2025-03-21 00:00 to 2026-09-27 11:36
2026-09-27 19:36:55,309 - momentum.DataExtraction.providers.binance_provider.RateLimiter - DEBUG - Acquired 1 tokens, remaining: 999.00
2026-09-27 19:36:55,363 - urllib3.connectionpool - DEBUG - https://api.binance.com:443 "GET /api/v3/klines?endTime=1790509005000&interval=1d&limit=1000&startTime=1742515200000&symbol=ETHUSDT HTTP/1.1" 200 34759
2026-09-27 19:36:55,364 - momentum.DataExtraction.kline_provider_base.Binance - DEBUG - Fetched 556 klines from Binance API
2026-09-27 19:36:55,364 - momentum.DataExtraction.kline_provider_base.Binance - INFO - [100%] Batch 4: downloaded 556 klines, total: 3329 | 最後K線(UTC): 2026-09-27 00:00, 下一批次(UTC): 2026-09-28 00:00
2026-09-27 19:36:55,371 - momentum.DataExtraction.kline_provider_base.Binance - INFO - Download completed: 3329 klines in 4 batches
2026-09-27 19:36:55,371 - momentum.DataExtraction.kline_provider_base.Binance - DEBUG - DataFrame validation passed: 3329 rows, 10 columns
2026-09-27 19:36:55,373 - momentum.DataExtraction.kline_storage - DEBUG - Legacy cache not found for ETHUSDT/1d in data_cache
2026-09-27 19:36:55,373 - momentum.DataExtraction.kline_storage - WARNING - Dataset ETHUSDT/1d not available in storage or legacy cache
2026-09-27 19:36:55,379 - momentum.DataExtraction.kline_storage - DEBUG - Atomically renamed temp dataset to 'data'
2026-09-27 19:36:55,386 - momentum.DataExtraction.kline_storage - DEBUG - Continuity check passed for ETHUSDT/1d: 3329 bars are continuous
2026-09-27 19:36:55,386 - momentum.DataExtraction.kline_storage - INFO - Read 3329 klines from ETHUSDT/1d in 0.003s
2026-09-27 19:36:55,387 - momentum.DataExtraction.kline_storage - DEBUG - ✓ Verification passed for ETHUSDT/1d
2026-09-27 19:36:55,387 - momentum.DataExtraction.kline_storage - INFO - Updated cache index: ETHUSDT/1d (add)
2026-09-27 19:36:55,387 - momentum.DataExtraction.kline_storage - INFO - ✅ Successfully wrote 3329 klines to ETHUSDT/1d (verified)
2026-09-27 19:36:55,387 - momentum.DataExtraction.kline_download_service.KlineDownloadService - INFO - Saved 3329 klines to storage (symbol=ETHUSDT, timeframe=1d)
2026-09-27 19:36:55,387 - momentum.DataExtraction.kline_download_service.KlineDownloadService - INFO - Successfully downloaded 3329 klines in 0.25s (13269.7 klines/s)
2026-09-27 19:36:55,390 - momentum.DataExtraction.kline_storage - INFO - Read 3329 klines from ETHUSDT/1d in 0.003s
2026-09-27 19:36:55,390 - momentum.DataExtraction.kline_download_service.KlineDownloadService - INFO - Downloading ETHUSDT 5m from binance (2025-09-27 00:00:00 to 2026-09-27 11:36:45.296839)
2026-09-27 19:36:55,390 - momentum.DataExtraction.kline_provider_base.Binance - INFO - Starting download: ETHUSDT 5m from 2025-09-27 00:00:00 to 2026-09-27 11:36:45.296839 (estimated ~105259 klines in ~106 batches)
2026-09-27 19:36:55,390 - momentum.DataExtraction.kline_provider_base.Binance - INFO - [0%] Batch 1/106: 2025-09-27 00:00 to 2025-09-30 11:20
2026-09-27 19:36:55,390 - momentum.DataExtraction.providers.binance_provider.RateLimiter - DEBUG - Acquired 1 tokens, remaining: 999.00
2026-09-27 19:36:55,449 - urllib3.connectionpool - DEBUG - https://api.binance.com:443 "GET /api/v3/klines?endTime=1759231200000&interval=5m&limit=1000&startTime=1758931200000&symbol=ETHUSDT HTTP/1.1" 200 50822
2026-09-27 19:36:55,450 - momentum.DataExtraction.kline_provider_base.Binance - DEBUG - Fetched 1000 klines from Binance API
2026-09-27 19:36:55,451 - momentum.DataExtraction.kline_provider_base.Binance - INFO - [0%] Batch 1: downloaded 1000 klines, total: 1000 | 最後K線(UTC): 2025-09-30 11:15, 下一批次(UTC): 2025-09-30 11:20
2026-09-27 19:36:55,451 - momentum.DataExtraction.kline_provider_base.Binance - INFO - [1%] Batch 2/106: 2025-09-30 11:20 to 2025-10-03 22:40
2026-09-27 19:36:55,451 - momentum.DataExtraction.providers.binance_provider.RateLimiter - DEBUG - Acquired 1 tokens, remaining: 999.00
2026-09-27 19:36:55,508 - urllib3.connectionpool - DEBUG - https://api.binance.com:443 "GET /api/v3/klines?endTime=1759531200000&interval=5m&limit=1000&startTime=1759231200000&symbol=ETHUSDT HTTP/1.1" 200 52113
2026-09-27 19:36:55,510 - momentum.DataExtraction.kline_provider_base.Binance - DEBUG - Fetched 1000 klines from Binance API
2026-09-27 19:36:55,510 - momentum.DataExtraction.kline_provider_base.Binance - INFO - [1%] Batch 2: downloaded 1000 klines, total: 2000 | 最後K線(UTC): 2025-10-03 22:35, 下一批次(UTC): 2025-10-03 22:40
2026-09-27 19:36:55,510 - momentum.DataExtraction.kline_provider_base.Binance - INFO - [2%] Batch 3/106: 2025-10-03 22:40 to 2025-10-07 10:00
2026-09-27 19:36:55,510 - momentum.DataExtraction.providers.binance_provider.RateLimiter - DEBUG - Acquired 1 tokens, remaining: 999.00
2026-09-27 19:36:55,569 - urllib3.connectionpool - DEBUG - https://api.binance.com:443 "GET /api/v3/klines?endTime=1759831200000&interval=5m&limit=1000&startTime=1759531200000&symbol=ETHUSDT HTTP/1.1" 200 51500
2026-09-27 19:36:55,571 - momentum.DataExtraction.kline_provider_base.Binance - DEBUG - Fetched 1000 klines from Binance API
2026-09-27 19:36:55,571 - momentum.DataExtraction.kline_provider_base.Binance - INFO - [2%] Batch 3: downloaded 1000 klines, total: 3000 | 最後K線(UTC): 2025-10-07 09:55, 下一批次(UTC): 2025-10-07 10:00
2026-09-27 19:36:55,571 - momentum.DataExtraction.kline_provider_base.Binance - INFO - [3%] Batch 4/106: 2025-10-07 10:00 to 2025-10-10 21:20
2026-09-27 19:36:55,571 - momentum.DataExtraction.providers.binance_provider.RateLimiter - DEBUG - Acquired 1 tokens, remaining: 999.00
2026-09-27 19:36:55,629 - urllib3.connectionpool - DEBUG - https://api.binance.com:443 "GET /api/v3/klines?endTime=1760131200000&interval=5m&limit=1000&startTime=1759831200000&symbol=ETHUSDT HTTP/1.1" 200 52449
2026-09-27 19:36:55,632 - momentum.DataExtraction.kline_provider_base.Binance - DEBUG - Fetched 1000 klines from Binance API
2026-09-27 19:36:55,632 - momentum.DataExtraction.kline_provider_base.Binance - INFO - [3%] Batch 4: downloaded 1000 klines, total: 4000 | 最後K線(UTC): 2025-10-10 21:15, 下一批次(UTC): 2025-10-10 21:20
2026-09-27 19:36:55,632 - momentum.DataExtraction.kline_provider_base.Binance - INFO - [4%] Batch 5/106: 2025-10-10 21:20 to 2025-10-14 08:40
2026-09-27 19:36:55,632 - momentum.DataExtraction.providers.binance_provider.RateLimiter - DEBUG - Acquired 1 tokens, remaining: 999.00
2026-09-27 19:36:55,693 - urllib3.connectionpool - DEBUG - https://api.binance.com:443 "GET /api/v3/klines?endTime=1760431200000&interval=5m&limit=1000&startTime=1760131200000&symbol=ETHUSDT HTTP/1.1" 200 53228
2026-09-27 19:36:55,696 - momentum.DataExtraction.kline_provider_base.Binance - DEBUG - Fetched 1000 klines from Binance API
2026-09-27 19:36:55,696 - momentum.DataExtraction.kline_provider_base.Binance - INFO - [4%] Batch 5: downloaded 1000 klines, total: 5000 | 最後K線(UTC): 2025-10-14 08:35, 下一批次(UTC): 2025-10-14 08:40
2026-09-27 19:36:55,696 - momentum.DataExtraction.kline_provider_base.Binance - INFO - [5%] Batch 6/106: 2025-10-14 08:40 to 2025-10-17 20:00
2026-09-27 19:36:55,696 - momentum.DataExtraction.providers.binance_provider.RateLimiter - DEBUG - Acquired 1 tokens, remaining: 999.00
2026-09-27 19:36:55,756 - urllib3.connectionpool - DEBUG - https://api.binance.com:443 "GET /api/v3/klines?endTime=1760731200000&interval=5m&limit=1000&startTime=1760431200000&symbol=ETHUSDT HTTP/1.1" 200 53302
2026-09-27 19:36:55,758 - momentum.DataExtraction.kline_provider_base.Binance - DEBUG - Fetched 1000 klines from Binance API
2026-09-27 19:36:55,758 - momentum.DataExtraction.kline_provider_base.Binance - INFO - [5%] Batch 6: downloaded 1000 klines, total: 6000 | 最後K線(UTC): 2025-10-17 19:55, 下一批次(UTC): 2025-10-17 20:00
2026-09-27 19:36:55,758 - momentum.DataExtraction.kline_provider_base.Binance - INFO - [6%] Batch 7/106: 2025-10-17 20:00 to 2025-10-21 07:20
2026-09-27 19:36:55,758 - momentum.DataExtraction.providers.binance_provider.RateLimiter - DEBUG - Acquired 1 tokens, remaining: 999.00
2026-09-27 19:36:55,819 - urllib3.connectionpool - DEBUG - https://api.binance.com:443 "GET /api/v3/klines?endTime=1761031200000&interval=5m&limit=1000&startTime=1760731200000&symbol=ETHUSDT HTTP/1.1" 200 51743
2026-09-27 19:36:55,821 - momentum.DataExtraction.kline_provider_base.Binance - DEBUG - Fetched 1000 klines from Binance API
2026-09-27 19:36:55,822 - momentum.DataExtraction.kline_provider_base.Binance - INFO - [6%] Batch 7: downloaded 1000 klines, total: 7000 | 最後K線(UTC): 2025-10-21 07:15, 下一批次(UTC): 2025-10-21 07:20
2026-09-27 19:36:55,822 - momentum.DataExtraction.kline_provider_base.Binance - INFO - [7%] Batch 8/106: 2025-10-21 07:20 to 2025-10-24 18:40
2026-09-27 19:36:55,822 - momentum.DataExtraction.providers.binance_provider.RateLimiter - DEBUG - Acquired 1 tokens, remaining: 999.00
2026-09-27 19:36:55,880 - urllib3.connectionpool - DEBUG - https://api.binance.com:443 "GET /api/v3/klines?endTime=1761331200000&interval=5m&limit=1000&startTime=1761031200000&symbol=ETHUSDT HTTP/1.1" 200 52341
2026-09-27 19:36:55,882 - momentum.DataExtraction.kline_provider_base.Binance - DEBUG - Fetched 1000 klines from Binance API
2026-09-27 19:36:55,882 - momentum.DataExtraction.kline_provider_base.Binance - INFO - [7%] Batch 8: downloaded 1000 klines, total: 8000 | 最後K線(UTC): 2025-10-24 18:35, 下一批次(UTC): 2025-10-24 18:40
2026-09-27 19:36:55,882 - momentum.DataExtraction.kline_provider_base.Binance - INFO - [8%] Batch 9/106: 2025-10-24 18:40 to 2025-10-28 06:00
2026-09-27 19:36:55,882 - momentum.DataExtraction.providers.binance_provider.RateLimiter - DEBUG - Acquired 1 tokens, remaining: 999.00
2026-09-27 19:36:55,945 - urllib3.connectionpool - DEBUG - https://api.binance.com:443 "GET /api/v3/klines?endTime=1761631200000&interval=5m&limit=1000&startTime=1761331200000&symbol=ETHUSDT HTTP/1.1" 200 51137
2026-09-27 19:36:55,947 - momentum.DataExtraction.kline_provider_base.Binance - DEBUG - Fetched 1000 klines from Binance API
2026-09-27 19:36:55,947 - momentum.DataExtraction.kline_provider_base.Binance - INFO - [8%] Batch 9: downloaded 1000 klines, total: 9000 | 最後K線(UTC): 2025-10-28 05:55, 下一批次(UTC): 2025-10-28 06:00
2026-09-27 19:36:55,947 - momentum.DataExtraction.kline_provider_base.Binance - INFO - [9%] Batch 10/106: 2025-10-28 06:00 to 2025-10-31 17:20
2026-09-27 19:36:55,947 - momentum.DataExtraction.providers.binance_provider.RateLimiter - DEBUG - Acquired 1 tokens, remaining: 999.00
2026-09-27 19:36:56,004 - urllib3.connectionpool - DEBUG - https://api.binance.com:443 "GET /api/v3/klines?endTime=1761931200000&interval=5m&limit=1000&startTime=1761631200000&symbol=ETHUSDT HTTP/1.1" 200 52210
2026-09-27 19:36:56,006 - momentum.DataExtraction.kline_provider_base.Binance - DEBUG - Fetched 1000 klines from Binance API
2026-09-27 19:36:56,007 - momentum.DataExtraction.kline_provider_base.Binance - INFO - [9%] Batch 10: downloaded 1000 klines, total: 10000 | 最後K線(UTC): 2025-10-31 17:15, 下一批次(UTC): 2025-10-31 17:20
2026-09-27 19:36:56,007 - momentum.DataExtraction.kline_provider_base.Binance - INFO - [10%] Batch 11/106: 2025-10-31 17:20 to 2025-11-04 04:40
2026-09-27 19:36:56,007 - momentum.DataExtraction.providers.binance_provider.RateLimiter - DEBUG - Acquired 1 tokens, remaining: 998.99
2026-09-27 19:36:56,064 - urllib3.connectionpool - DEBUG - https://api.binance.com:443 "GET /api/v3/klines?endTime=1762231200000&interval=5m&limit=1000&startTime=1761931200000&symbol=ETHUSDT HTTP/1.1" 200 51224
2026-09-27 19:36:56,066 - momentum.DataExtraction.kline_provider_base.Binance - DEBUG - Fetched 1000 klines from Binance API
2026-09-27 19:36:56,066 - momentum.DataExtraction.kline_provider_base.Binance - INFO - [10%] Batch 11: downloaded 1000 klines, total: 11000 | 最後K線(UTC): 2025-11-04 04:35, 下一批次(UTC): 2025-11-04 04:40
2026-09-27 19:36:56,066 - momentum.DataExtraction.kline_provider_base.Binance - INFO - [11%] Batch 12/106: 2025-11-04 04:40 to 2025-11-07 16:00
2026-09-27 19:36:56,066 - momentum.DataExtraction.providers.binance_provider.RateLimiter - DEBUG - Acquired 1 tokens, remaining: 998.98
2026-09-27 19:36:56,124 - urllib3.connectionpool - DEBUG - https://api.binance.com:443 "GET /api/v3/klines?endTime=1762531200000&interval=5m&limit=1000&startTime=1762231200000&symbol=ETHUSDT HTTP/1.1" 200 53118
2026-09-27 19:36:56,126 - momentum.DataExtraction.kline_provider_base.Binance - DEBUG - Fetched 1000 klines from Binance API
2026-09-27 19:36:56,126 - momentum.DataExtraction.kline_provider_base.Binance - INFO - [11%] Batch 12: downloaded 1000 klines, total: 12000 | 最後K線(UTC): 2025-11-07 15:55, 下一批次(UTC): 2025-11-07 16:00
2026-09-27 19:36:56,126 - momentum.DataExtraction.kline_provider_base.Binance - INFO - [12%] Batch 13/106: 2025-11-07 16:00 to 2025-11-11 03:20
2026-09-27 19:36:56,126 - momentum.DataExtraction.providers.binance_provider.RateLimiter - DEBUG - Acquired 1 tokens, remaining: 998.97
2026-09-27 19:36:56,184 - urllib3.connectionpool - DEBUG - https://api.binance.com:443 "GET /api/v3/klines?endTime=1762831200000&interval=5m&limit=1000&startTime=1762531200000&symbol=ETHUSDT HTTP/1.1" 200 52038
2026-09-27 19:36:56,186 - momentum.DataExtraction.kline_provider_base.Binance - DEBUG - Fetched 1000 klines from Binance API
2026-09-27 19:36:56,186 - momentum.DataExtraction.kline_provider_base.Binance - INFO - [12%] Batch 13: downloaded 1000 klines, total: 13000 | 最後K線(UTC): 2025-11-11 03:15, 下一批次(UTC): 2025-11-11 03:20
2026-09-27 19:36:56,186 - momentum.DataExtraction.kline_provider_base.Binance - INFO - [13%] Batch 14/106: 2025-11-11 03:20 to 2025-11-14 14:40
2026-09-27 19:36:56,187 - momentum.DataExtraction.providers.binance_provider.RateLimiter - DEBUG - Acquired 1 tokens, remaining: 998.98
2026-09-27 19:36:56,245 - urllib3.connectionpool - DEBUG - https://api.binance.com:443 "GET /api/v3/klines?endTime=1763131200000&interval=5m&limit=1000&startTime=1762831200000&symbol=ETHUSDT HTTP/1.1" 200 52895
2026-09-27 19:36:56,247 - momentum.DataExtraction.kline_provider_base.Binance - DEBUG - Fetched 1000 klines from Binance API
2026-09-27 19:36:56,247 - momentum.DataExtraction.kline_provider_base.Binance - INFO - [13%] Batch 14: downloaded 1000 klines, total: 14000 | 最後K線(UTC): 2025-11-14 14:35, 下一批次(UTC): 2025-11-14 14:40
2026-09-27 19:36:56,247 - momentum.DataExtraction.kline_provider_base.Binance - INFO - [14%] Batch 15/106: 2025-11-14 14:40 to 2025-11-18 02:00
2026-09-27 19:36:56,247 - momentum.DataExtraction.providers.binance_provider.RateLimiter - DEBUG - Acquired 1 tokens, remaining: 998.99
2026-09-27 19:36:56,304 - urllib3.connectionpool - DEBUG - https://api.binance.com:443 "GET /api/v3/klines?endTime=1763431200000&interval=5m&limit=1000&startTime=1763131200000&symbol=ETHUSDT HTTP/1.1" 200 52275
2026-09-27 19:36:56,308 - momentum.DataExtraction.kline_provider_base.Binance - DEBUG - Fetched 1000 klines from Binance API
2026-09-27 19:36:56,308 - momentum.DataExtraction.kline_provider_base.Binance - INFO - [14%] Batch 15: downloaded 1000 klines, total: 15000 | 最後K線(UTC): 2025-11-18 01:55, 下一批次(UTC): 2025-11-18 02:00
2026-09-27 19:36:56,308 - momentum.DataExtraction.kline_provider_base.Binance - INFO - [15%] Batch 16/106: 2025-11-18 02:00 to 2025-11-21 13:20
2026-09-27 19:36:56,308 - momentum.DataExtraction.providers.binance_provider.RateLimiter - DEBUG - Acquired 1 tokens, remaining: 999.00
2026-09-27 19:36:56,367 - urllib3.connectionpool - DEBUG - https://api.binance.com:443 "GET /api/v3/klines?endTime=1763731200000&interval=5m&limit=1000&startTime=1763431200000&symbol=ETHUSDT HTTP/1.1" 200 53138
2026-09-27 19:36:56,369 - momentum.DataExtraction.kline_provider_base.Binance - DEBUG - Fetched 1000 klines from Binance API
2026-09-27 19:36:56,369 - momentum.DataExtraction.kline_provider_base.Binance - INFO - [15%] Batch 16: downloaded 1000 klines, total: 16000 | 最後K線(UTC): 2025-11-21 13:15, 下一批次(UTC): 2025-11-21 13:20
2026-09-27 19:36:56,369 - momentum.DataExtraction.kline_provider_base.Binance - INFO - [16%] Batch 17/106: 2025-11-21 13:20 to 2025-11-25 00:40
2026-09-27 19:36:56,369 - momentum.DataExtraction.providers.binance_provider.RateLimiter - DEBUG - Acquired 1 tokens, remaining: 999.00
2026-09-27 19:36:56,427 - urllib3.connectionpool - DEBUG - https://api.binance.com:443 "GET /api/v3/klines?endTime=1764031200000&interval=5m&limit=1000&startTime=1763731200000&symbol=ETHUSDT HTTP/1.1" 200 51820
2026-09-27 19:36:56,428 - momentum.DataExtraction.kline_provider_base.Binance - DEBUG - Fetched 1000 klines from Binance API
2026-09-27 19:36:56,428 - momentum.DataExtraction.kline_provider_base.Binance - INFO - [16%] Batch 17: downloaded 1000 klines, total: 17000 | 最後K線(UTC): 2025-11-25 00:35, 下一批次(UTC): 2025-11-25 00:40
2026-09-27 19:36:56,428 - momentum.DataExtraction.kline_provider_base.Binance - INFO - [16%] Batch 18/106: 2025-11-25 00:40 to 2025-11-28 12:00
2026-09-27 19:36:56,428 - momentum.DataExtraction.providers.binance_provider.RateLimiter - DEBUG - Acquired 1 tokens, remaining: 998.99
2026-09-27 19:36:56,486 - urllib3.connectionpool - DEBUG - https://api.binance.com:443 "GET /api/v3/klines?endTime=1764331200000&interval=5m&limit=1000&startTime=1764031200000&symbol=ETHUSDT HTTP/1.1" 200 51224
2026-09-27 19:36:56,488 - momentum.DataExtraction.kline_provider_base.Binance - DEBUG - Fetched 1000 klines from Binance API
2026-09-27 19:36:56,488 - momentum.DataExtraction.kline_provider_base.Binance - INFO - [16%] Batch 18: downloaded 1000 klines, total: 18000 | 最後K線(UTC): 2025-11-28 11:55, 下一批次(UTC): 2025-11-28 12:00
2026-09-27 19:36:56,488 - momentum.DataExtraction.kline_provider_base.Binance - INFO - [17%] Batch 19/106: 2025-11-28 12:00 to 2025-12-01 23:20
2026-09-27 19:36:56,488 - momentum.DataExtraction.providers.binance_provider.RateLimiter - DEBUG - Acquired 1 tokens, remaining: 998.98
2026-09-27 19:36:56,547 - urllib3.connectionpool - DEBUG - https://api.binance.com:443 "GET /api/v3/klines?endTime=1764631200000&interval=5m&limit=1000&startTime=1764331200000&symbol=ETHUSDT HTTP/1.1" 200 51029
2026-09-27 19:36:56,549 - momentum.DataExtraction.kline_provider_base.Binance - DEBUG - Fetched 1000 klines from Binance API
2026-09-27 19:36:56,549 - momentum.DataExtraction.kline_provider_base.Binance - INFO - [17%] Batch 19: downloaded 1000 klines, total: 19000 | 最後K線(UTC): 2025-12-01 23:15, 下一批次(UTC): 2025-12-01 23:20
2026-09-27 19:36:56,549 - momentum.DataExtraction.kline_provider_base.Binance - INFO - [18%] Batch 20/106: 2025-12-01 23:20 to 2025-12-05 10:40
2026-09-27 19:36:56,549 - momentum.DataExtraction.providers.binance_provider.RateLimiter - DEBUG - Acquired 1 tokens, remaining: 999.00
2026-09-27 19:36:56,982 - urllib3.connectionpool - DEBUG - https://api.binance.com:443 "GET /api/v3/klines?endTime=1764931200000&interval=5m&limit=1000&startTime=1764631200000&symbol=ETHUSDT HTTP/1.1" 200 52004
2026-09-27 19:36:57,079 - momentum.DataExtraction.kline_provider_base.Binance - DEBUG - Fetched 1000 klines from Binance API
2026-09-27 19:36:57,079 - momentum.DataExtraction.kline_provider_base.Binance - INFO - [18%] Batch 20: downloaded 1000 klines, total: 20000 | 最後K線(UTC): 2025-12-05 10:35, 下一批次(UTC): 2025-12-05 10:40
2026-09-27 19:36:57,079 - momentum.DataExtraction.kline_provider_base.Binance - INFO - [19%] Batch 21/106: 2025-12-05 10:40 to 2025-12-08 22:00
2026-09-27 19:36:57,079 - momentum.DataExtraction.providers.binance_provider.RateLimiter - DEBUG - Acquired 1 tokens, remaining: 999.00
2026-09-27 19:36:57,142 - urllib3.connectionpool - DEBUG - https://api.binance.com:443 "GET /api/v3/klines?endTime=1765231200000&interval=5m&limit=1000&startTime=1764931200000&symbol=ETHUSDT HTTP/1.1" 200 51009
2026-09-27 19:36:57,144 - momentum.DataExtraction.kline_provider_base.Binance - DEBUG - Fetched 1000 klines from Binance API
2026-09-27 19:36:57,144 - momentum.DataExtraction.kline_provider_base.Binance - INFO - [19%] Batch 21: downloaded 1000 klines, total: 21000 | 最後K線(UTC): 2025-12-08 21:55, 下一批次(UTC): 2025-12-08 22:00
2026-09-27 19:36:57,144 - momentum.DataExtraction.kline_provider_base.Binance - INFO - [20%] Batch 22/106: 2025-12-08 22:00 to 2025-12-12 09:20
2026-09-27 19:36:57,144 - momentum.DataExtraction.providers.binance_provider.RateLimiter - DEBUG - Acquired 1 tokens, remaining: 999.00
2026-09-27 19:36:57,204 - urllib3.connectionpool - DEBUG - https://api.binance.com:443 "GET /api/v3/klines?endTime=1765531200000&interval=5m&limit=1000&startTime=1765231200000&symbol=ETHUSDT HTTP/1.1" 200 51954
2026-09-27 19:36:57,206 - momentum.DataExtraction.kline_provider_base.Binance - DEBUG - Fetched 1000 klines from Binance API
2026-09-27 19:36:57,206 - momentum.DataExtraction.kline_provider_base.Binance - INFO - [20%] Batch 22: downloaded 1000 klines, total: 22000 | 最後K線(UTC): 2025-12-12 09:15, 下一批次(UTC): 2025-12-12 09:20
2026-09-27 19:36:57,206 - momentum.DataExtraction.kline_provider_base.Binance - INFO - [21%] Batch 23/106: 2025-12-12 09:20 to 2025-12-15 20:40
2026-09-27 19:36:57,206 - momentum.DataExtraction.providers.binance_provider.RateLimiter - DEBUG - Acquired 1 tokens, remaining: 999.00
2026-09-27 19:36:57,264 - urllib3.connectionpool - DEBUG - https://api.binance.com:443 "GET /api/v3/klines?endTime=1765831200000&interval=5m&limit=1000&startTime=1765531200000&symbol=ETHUSDT HTTP/1.1" 200 50839
2026-09-27 19:36:57,266 - momentum.DataExtraction.kline_provider_base.Binance - DEBUG - Fetched 1000 klines from Binance API
2026-09-27 19:36:57,266 - momentum.DataExtraction.kline_provider_base.Binance - INFO - [21%] Batch 23: downloaded 1000 klines, total: 23000 | 最後K線(UTC): 2025-12-15 20:35, 下一批次(UTC): 2025-12-15 20:40
2026-09-27 19:36:57,266 - momentum.DataExtraction.kline_provider_base.Binance - INFO - [22%] Batch 24/106: 2025-12-15 20:40 to 2025-12-19 08:00
2026-09-27 19:36:57,266 - momentum.DataExtraction.providers.binance_provider.RateLimiter - DEBUG - Acquired 1 tokens, remaining: 999.00
2026-09-27 19:36:57,325 - urllib3.connectionpool - DEBUG - https://api.binance.com:443 "GET /api/v3/klines?endTime=1766131200000&interval=5m&limit=1000&startTime=1765831200000&symbol=ETHUSDT HTTP/1.1" 200 51574
2026-09-27 19:36:57,328 - momentum.DataExtraction.kline_provider_base.Binance - DEBUG - Fetched 1000 klines from Binance API
2026-09-27 19:36:57,328 - momentum.DataExtraction.kline_provider_base.Binance - INFO - [22%] Batch 24: downloaded 1000 klines, total: 24000 | 最後K線(UTC): 2025-12-19 07:55, 下一批次(UTC): 2025-12-19 08:00
2026-09-27 19:36:57,328 - momentum.DataExtraction.kline_provider_base.Binance - INFO - [23%] Batch 25/106: 2025-12-19 08:00 to 2025-12-22 19:20
2026-09-27 19:36:57,328 - momentum.DataExtraction.providers.binance_provider.RateLimiter - DEBUG - Acquired 1 tokens, remaining: 999.00
2026-09-27 19:36:57,389 - urllib3.connectionpool - DEBUG - https://api.binance.com:443 "GET /api/v3/klines?endTime=1766431200000&interval=5m&limit=1000&startTime=1766131200000&symbol=ETHUSDT HTTP/1.1" 200 49996
2026-09-27 19:36:57,391 - momentum.DataExtraction.kline_provider_base.Binance - DEBUG - Fetched 1000 klines from Binance API
2026-09-27 19:36:57,391 - momentum.DataExtraction.kline_provider_base.Binance - INFO - [23%] Batch 25: downloaded 1000 klines, total: 25000 | 最後K線(UTC): 2025-12-22 19:15, 下一批次(UTC): 2025-12-22 19:20
2026-09-27 19:36:57,391 - momentum.DataExtraction.kline_provider_base.Binance - INFO - [24%] Batch 26/106: 2025-12-22 19:20 to 2025-12-26 06:40
2026-09-27 19:36:57,391 - momentum.DataExtraction.providers.binance_provider.RateLimiter - DEBUG - Acquired 1 tokens, remaining: 999.00
2026-09-27 19:36:57,450 - urllib3.connectionpool - DEBUG - https://api.binance.com:443 "GET /api/v3/klines?endTime=1766731200000&interval=5m&limit=1000&startTime=1766431200000&symbol=ETHUSDT HTTP/1.1" 200 50454
2026-09-27 19:36:57,452 - momentum.DataExtraction.kline_provider_base.Binance - DEBUG - Fetched 1000 klines from Binance API
2026-09-27 19:36:57,452 - momentum.DataExtraction.kline_provider_base.Binance - INFO - [24%] Batch 26: downloaded 1000 klines, total: 26000 | 最後K線(UTC): 2025-12-26 06:35, 下一批次(UTC): 2025-12-26 06:40
2026-09-27 19:36:57,452 - momentum.DataExtraction.kline_provider_base.Binance - INFO - [25%] Batch 27/106: 2025-12-26 06:40 to 2025-12-29 18:00
2026-09-27 19:36:57,452 - momentum.DataExtraction.providers.binance_provider.RateLimiter - DEBUG - Acquired 1 tokens, remaining: 999.00
2026-09-27 19:36:57,516 - urllib3.connectionpool - DEBUG - https://api.binance.com:443 "GET /api/v3/klines?endTime=1767031200000&interval=5m&limit=1000&startTime=1766731200000&symbol=ETHUSDT HTTP/1.1" 200 49550
2026-09-27 19:36:57,518 - momentum.DataExtraction.kline_provider_base.Binance - DEBUG - Fetched 1000 klines from Binance API
2026-09-27 19:36:57,518 - momentum.DataExtraction.kline_provider_base.Binance - INFO - [25%] Batch 27: downloaded 1000 klines, total: 27000 | 最後K線(UTC): 2025-12-29 17:55, 下一批次(UTC): 2025-12-29 18:00
2026-09-27 19:36:57,518 - momentum.DataExtraction.kline_provider_base.Binance - INFO - [26%] Batch 28/106: 2025-12-29 18:00 to 2026-01-02 05:20
2026-09-27 19:36:57,518 - momentum.DataExtraction.providers.binance_provider.RateLimiter - DEBUG - Acquired 1 tokens, remaining: 999.00
2026-09-27 19:36:57,575 - urllib3.connectionpool - DEBUG - https://api.binance.com:443 "GET /api/v3/klines?endTime=1767331200000&interval=5m&limit=1000&startTime=1767031200000&symbol=ETHUSDT HTTP/1.1" 200 49660
2026-09-27 19:36:57,577 - momentum.DataExtraction.kline_provider_base.Binance - DEBUG - Fetched 1000 klines from Binance API
2026-09-27 19:36:57,577 - momentum.DataExtraction.kline_provider_base.Binance - INFO - [26%] Batch 28: downloaded 1000 klines, total: 28000 | 最後K線(UTC): 2026-01-02 05:15, 下一批次(UTC): 2026-01-02 05:20
2026-09-27 19:36:57,577 - momentum.DataExtraction.kline_provider_base.Binance - INFO - [27%] Batch 29/106: 2026-01-02 05:20 to 2026-01-05 16:40
2026-09-27 19:36:57,577 - momentum.DataExtraction.providers.binance_provider.RateLimiter - DEBUG - Acquired 1 tokens, remaining: 998.99
2026-09-27 19:36:57,666 - urllib3.connectionpool - DEBUG - https://api.binance.com:443 "GET /api/v3/klines?endTime=1767631200000&interval=5m&limit=1000&startTime=1767331200000&symbol=ETHUSDT HTTP/1.1" 200 50407
2026-09-27 19:36:57,668 - momentum.DataExtraction.kline_provider_base.Binance - DEBUG - Fetched 1000 klines from Binance API
2026-09-27 19:36:57,668 - momentum.DataExtraction.kline_provider_base.Binance - INFO - [27%] Batch 29: downloaded 1000 klines, total: 29000 | 最後K線(UTC): 2026-01-05 16:35, 下一批次(UTC): 2026-01-05 16:40
2026-09-27 19:36:57,668 - momentum.DataExtraction.kline_provider_base.Binance - INFO - [28%] Batch 30/106: 2026-01-05 16:40 to 2026-01-09 04:00
2026-09-27 19:36:57,668 - momentum.DataExtraction.providers.binance_provider.RateLimiter - DEBUG - Acquired 1 tokens, remaining: 999.00
2026-09-27 19:36:57,727 - urllib3.connectionpool - DEBUG - https://api.binance.com:443 "GET /api/v3/klines?endTime=1767931200000&interval=5m&limit=1000&startTime=1767631200000&symbol=ETHUSDT HTTP/1.1" 200 51292
2026-09-27 19:36:57,728 - momentum.DataExtraction.kline_provider_base.Binance - DEBUG - Fetched 1000 klines from Binance API
2026-09-27 19:36:57,728 - momentum.DataExtraction.kline_provider_base.Binance - INFO - [28%] Batch 30: downloaded 1000 klines, total: 30000 | 最後K線(UTC): 2026-01-09 03:55, 下一批次(UTC): 2026-01-09 04:00
2026-09-27 19:36:57,728 - momentum.DataExtraction.kline_provider_base.Binance - INFO - [29%] Batch 31/106: 2026-01-09 04:00 to 2026-01-12 15:20
2026-09-27 19:36:57,729 - momentum.DataExtraction.providers.binance_provider.RateLimiter - DEBUG - Acquired 1 tokens, remaining: 999.00
2026-09-27 19:36:57,786 - urllib3.connectionpool - DEBUG - https://api.binance.com:443 "GET /api/v3/klines?endTime=1768231200000&interval=5m&limit=1000&startTime=1767931200000&symbol=ETHUSDT HTTP/1.1" 200 49376
2026-09-27 19:36:57,788 - momentum.DataExtraction.kline_provider_base.Binance - DEBUG - Fetched 1000 klines from Binance API
2026-09-27 19:36:57,788 - momentum.DataExtraction.kline_provider_base.Binance - INFO - [29%] Batch 31: downloaded 1000 klines, total: 31000 | 最後K線(UTC): 2026-01-12 15:15, 下一批次(UTC): 2026-01-12 15:20
2026-09-27 19:36:57,788 - momentum.DataExtraction.kline_provider_base.Binance - INFO - [30%] Batch 32/106: 2026-01-12 15:20 to 2026-01-16 02:40
2026-09-27 19:36:57,788 - momentum.DataExtraction.providers.binance_provider.RateLimiter - DEBUG - Acquired 1 tokens, remaining: 998.99
2026-09-27 19:36:57,847 - urllib3.connectionpool - DEBUG - https://api.binance.com:443 "GET /api/v3/klines?endTime=1768531200000&interval=5m&limit=1000&startTime=1768231200000&symbol=ETHUSDT HTTP/1.1" 200 51536
2026-09-27 19:36:57,850 - momentum.DataExtraction.kline_provider_base.Binance - DEBUG - Fetched 1000 klines from Binance API
2026-09-27 19:36:57,850 - momentum.DataExtraction.kline_provider_base.Binance - INFO - [30%] Batch 32: downloaded 1000 klines, total: 32000 | 最後K線(UTC): 2026-01-16 02:35, 下一批次(UTC): 2026-01-16 02:40
2026-09-27 19:36:57,850 - momentum.DataExtraction.kline_provider_base.Binance - INFO - [31%] Batch 33/106: 2026-01-16 02:40 to 2026-01-19 14:00
2026-09-27 19:36:57,850 - momentum.DataExtraction.providers.binance_provider.RateLimiter - DEBUG - Acquired 1 tokens, remaining: 999.00
2026-09-27 19:36:57,911 - urllib3.connectionpool - DEBUG - https://api.binance.com:443 "GET /api/v3/klines?endTime=1768831200000&interval=5m&limit=1000&startTime=1768531200000&symbol=ETHUSDT HTTP/1.1" 200 49838
2026-09-27 19:36:57,959 - momentum.DataExtraction.kline_provider_base.Binance - DEBUG - Fetched 1000 klines from Binance API
2026-09-27 19:36:57,959 - momentum.DataExtraction.kline_provider_base.Binance - INFO - [31%] Batch 33: downloaded 1000 klines, total: 33000 | 最後K線(UTC): 2026-01-19 13:55, 下一批次(UTC): 2026-01-19 14:00
2026-09-27 19:36:57,959 - momentum.DataExtraction.kline_provider_base.Binance - INFO - [32%] Batch 34/106: 2026-01-19 14:00 to 2026-01-23 01:20
2026-09-27 19:36:57,959 - momentum.DataExtraction.providers.binance_provider.RateLimiter - DEBUG - Acquired 1 tokens, remaining: 999.00
2026-09-27 19:36:58,017 - urllib3.connectionpool - DEBUG - https://api.binance.com:443 "GET /api/v3/klines?endTime=1769131200000&interval=5m&limit=1000&startTime=1768831200000&symbol=ETHUSDT HTTP/1.1" 200 51675
2026-09-27 19:36:58,019 - momentum.DataExtraction.kline_provider_base.Binance - DEBUG - Fetched 1000 klines from Binance API
2026-09-27 19:36:58,019 - momentum.DataExtraction.kline_provider_base.Binance - INFO - [32%] Batch 34: downloaded 1000 klines, total: 34000 | 最後K線(UTC): 2026-01-23 01:15, 下一批次(UTC): 2026-01-23 01:20
2026-09-27 19:36:58,019 - momentum.DataExtraction.kline_provider_base.Binance - INFO - [33%] Batch 35/106: 2026-01-23 01:20 to 2026-01-26 12:40
2026-09-27 19:36:58,019 - momentum.DataExtraction.providers.binance_provider.RateLimiter - DEBUG - Acquired 1 tokens, remaining: 999.00
2026-09-27 19:36:58,079 - urllib3.connectionpool - DEBUG - https://api.binance.com:443 "GET /api/v3/klines?endTime=1769431200000&interval=5m&limit=1000&startTime=1769131200000&symbol=ETHUSDT HTTP/1.1" 200 50218
2026-09-27 19:36:58,082 - momentum.DataExtraction.kline_provider_base.Binance - DEBUG - Fetched 1000 klines from Binance API
2026-09-27 19:36:58,082 - momentum.DataExtraction.kline_provider_base.Binance - INFO - [33%] Batch 35: downloaded 1000 klines, total: 35000 | 最後K線(UTC): 2026-01-26 12:35, 下一批次(UTC): 2026-01-26 12:40
2026-09-27 19:36:58,083 - momentum.DataExtraction.kline_provider_base.Binance - INFO - [33%] Batch 36/106: 2026-01-26 12:40 to 2026-01-30 00:00
2026-09-27 19:36:58,083 - momentum.DataExtraction.providers.binance_provider.RateLimiter - DEBUG - Acquired 1 tokens, remaining: 999.00
2026-09-27 19:36:58,140 - urllib3.connectionpool - DEBUG - https://api.binance.com:443 "GET /api/v3/klines?endTime=1769731200000&interval=5m&limit=1000&startTime=1769431200000&symbol=ETHUSDT HTTP/1.1" 200 51478
2026-09-27 19:36:58,142 - momentum.DataExtraction.kline_provider_base.Binance - DEBUG - Fetched 1000 klines from Binance API
2026-09-27 19:36:58,142 - momentum.DataExtraction.kline_provider_base.Binance - INFO - [33%] Batch 36: downloaded 1000 klines, total: 36000 | 最後K線(UTC): 2026-01-29 23:55, 下一批次(UTC): 2026-01-30 00:00
2026-09-27 19:36:58,142 - momentum.DataExtraction.kline_provider_base.Binance - INFO - [34%] Batch 37/106: 2026-01-30 00:00 to 2026-02-02 11:20
2026-09-27 19:36:58,142 - momentum.DataExtraction.providers.binance_provider.RateLimiter - DEBUG - Acquired 1 tokens, remaining: 998.99
2026-09-27 19:36:58,200 - urllib3.connectionpool - DEBUG - https://api.binance.com:443 "GET /api/v3/klines?endTime=1770031200000&interval=5m&limit=1000&startTime=1769731200000&symbol=ETHUSDT HTTP/1.1" 200 52934
2026-09-27 19:36:58,202 - momentum.DataExtraction.kline_provider_base.Binance - DEBUG - Fetched 1000 klines from Binance API
2026-09-27 19:36:58,203 - momentum.DataExtraction.kline_provider_base.Binance - INFO - [34%] Batch 37: downloaded 1000 klines, total: 37000 | 最後K線(UTC): 2026-02-02 11:15, 下一批次(UTC): 2026-02-02 11:20
2026-09-27 19:36:58,203 - momentum.DataExtraction.kline_provider_base.Binance - INFO - [35%] Batch 38/106: 2026-02-02 11:20 to 2026-02-05 22:40
2026-09-27 19:36:58,203 - momentum.DataExtraction.providers.binance_provider.RateLimiter - DEBUG - Acquired 1 tokens, remaining: 999.00
2026-09-27 19:36:58,262 - urllib3.connectionpool - DEBUG - https://api.binance.com:443 "GET /api/v3/klines?endTime=1770331200000&interval=5m&limit=1000&startTime=1770031200000&symbol=ETHUSDT HTTP/1.1" 200 53406
2026-09-27 19:36:58,263 - momentum.DataExtraction.kline_provider_base.Binance - DEBUG - Fetched 1000 klines from Binance API
2026-09-27 19:36:58,264 - momentum.DataExtraction.kline_provider_base.Binance - INFO - [35%] Batch 38: downloaded 1000 klines, total: 38000 | 最後K線(UTC): 2026-02-05 22:35, 下一批次(UTC): 2026-02-05 22:40
2026-09-27 19:36:58,264 - momentum.DataExtraction.kline_provider_base.Binance - INFO - [36%] Batch 39/106: 2026-02-05 22:40 to 2026-02-09 10:00
2026-09-27 19:36:58,264 - momentum.DataExtraction.providers.binance_provider.RateLimiter - DEBUG - Acquired 1 tokens, remaining: 999.00
2026-09-27 19:36:58,334 - urllib3.connectionpool - DEBUG - https://api.binance.com:443 "GET /api/v3/klines?endTime=1770631200000&interval=5m&limit=1000&startTime=1770331200000&symbol=ETHUSDT HTTP/1.1" 200 52510
2026-09-27 19:36:58,336 - momentum.DataExtraction.kline_provider_base.Binance - DEBUG - Fetched 1000 klines from Binance API
2026-09-27 19:36:58,336 - momentum.DataExtraction.kline_provider_base.Binance - INFO - [36%] Batch 39: downloaded 1000 klines, total: 39000 | 最後K線(UTC): 2026-02-09 09:55, 下一批次(UTC): 2026-02-09 10:00
2026-09-27 19:36:58,336 - momentum.DataExtraction.kline_provider_base.Binance - INFO - [37%] Batch 40/106: 2026-02-09 10:00 to 2026-02-12 21:20
2026-09-27 19:36:58,336 - momentum.DataExtraction.providers.binance_provider.RateLimiter - DEBUG - Acquired 1 tokens, remaining: 999.00
2026-09-27 19:36:58,396 - urllib3.connectionpool - DEBUG - https://api.binance.com:443 "GET /api/v3/klines?endTime=1770931200000&interval=5m&limit=1000&startTime=1770631200000&symbol=ETHUSDT HTTP/1.1" 200 51665
2026-09-27 19:36:58,400 - momentum.DataExtraction.kline_provider_base.Binance - DEBUG - Fetched 1000 klines from Binance API
2026-09-27 19:36:58,400 - momentum.DataExtraction.kline_provider_base.Binance - INFO - [37%] Batch 40: downloaded 1000 klines, total: 40000 | 最後K線(UTC): 2026-02-12 21:15, 下一批次(UTC): 2026-02-12 21:20
2026-09-27 19:36:58,400 - momentum.DataExtraction.kline_provider_base.Binance - INFO - [38%] Batch 41/106: 2026-02-12 21:20 to 2026-02-16 08:40
2026-09-27 19:36:58,400 - momentum.DataExtraction.providers.binance_provider.RateLimiter - DEBUG - Acquired 1 tokens, remaining: 999.00
2026-09-27 19:36:58,458 - urllib3.connectionpool - DEBUG - https://api.binance.com:443 "GET /api/v3/klines?endTime=1771231200000&interval=5m&limit=1000&startTime=1770931200000&symbol=ETHUSDT HTTP/1.1" 200 50820
2026-09-27 19:36:58,463 - momentum.DataExtraction.kline_provider_base.Binance - DEBUG - Fetched 1000 klines from Binance API
2026-09-27 19:36:58,464 - momentum.DataExtraction.kline_provider_base.Binance - INFO - [38%] Batch 41: downloaded 1000 klines, total: 41000 | 最後K線(UTC): 2026-02-16 08:35, 下一批次(UTC): 2026-02-16 08:40
2026-09-27 19:36:58,464 - momentum.DataExtraction.kline_provider_base.Binance - INFO - [39%] Batch 42/106: 2026-02-16 08:40 to 2026-02-19 20:00
2026-09-27 19:36:58,464 - momentum.DataExtraction.providers.binance_provider.RateLimiter - DEBUG - Acquired 1 tokens, remaining: 999.00
2026-09-27 19:36:58,524 - urllib3.connectionpool - DEBUG - https://api.binance.com:443 "GET /api/v3/klines?endTime=1771531200000&interval=5m&limit=1000&startTime=1771231200000&symbol=ETHUSDT HTTP/1.1" 200 51063
2026-09-27 19:36:58,526 - momentum.DataExtraction.kline_provider_base.Binance - DEBUG - Fetched 1000 klines from Binance API
2026-09-27 19:36:58,526 - momentum.DataExtraction.kline_provider_base.Binance - INFO - [39%] Batch 42: downloaded 1000 klines, total: 42000 | 最後K線(UTC): 2026-02-19 19:55, 下一批次(UTC): 2026-02-19 20:00
2026-09-27 19:36:58,526 - momentum.DataExtraction.kline_provider_base.Binance - INFO - [40%] Batch 43/106: 2026-02-19 20:00 to 2026-02-23 07:20
2026-09-27 19:36:58,527 - momentum.DataExtraction.providers.binance_provider.RateLimiter - DEBUG - Acquired 1 tokens, remaining: 999.00
2026-09-27 19:36:58,588 - urllib3.connectionpool - DEBUG - https://api.binance.com:443 "GET /api/v3/klines?endTime=1771831200000&interval=5m&limit=1000&startTime=1771531200000&symbol=ETHUSDT HTTP/1.1" 200 49825
2026-09-27 19:36:58,593 - momentum.DataExtraction.kline_provider_base.Binance - DEBUG - Fetched 1000 klines from Binance API
2026-09-27 19:36:58,594 - momentum.DataExtraction.kline_provider_base.Binance - INFO - [40%] Batch 43: downloaded 1000 klines, total: 43000 | 最後K線(UTC): 2026-02-23 07:15, 下一批次(UTC): 2026-02-23 07:20
2026-09-27 19:36:58,594 - momentum.DataExtraction.kline_provider_base.Binance - INFO - [41%] Batch 44/106: 2026-02-23 07:20 to 2026-02-26 18:40
2026-09-27 19:36:58,594 - momentum.DataExtraction.providers.binance_provider.RateLimiter - DEBUG - Acquired 1 tokens, remaining: 999.00
2026-09-27 19:36:58,656 - urllib3.connectionpool - DEBUG - https://api.binance.com:443 "GET /api/v3/klines?endTime=1772131200000&interval=5m&limit=1000&startTime=1771831200000&symbol=ETHUSDT HTTP/1.1" 200 51725
2026-09-27 19:36:58,662 - momentum.DataExtraction.kline_provider_base.Binance - DEBUG - Fetched 1000 klines from Binance API
2026-09-27 19:36:58,662 - momentum.DataExtraction.kline_provider_base.Binance - INFO - [41%] Batch 44: downloaded 1000 klines, total: 44000 | 最後K線(UTC): 2026-02-26 18:35, 下一批次(UTC): 2026-02-26 18:40
2026-09-27 19:36:58,662 - momentum.DataExtraction.kline_provider_base.Binance - INFO - [42%] Batch 45/106: 2026-02-26 18:40 to 2026-03-02 06:00
2026-09-27 19:36:58,662 - momentum.DataExtraction.providers.binance_provider.RateLimiter - DEBUG - Acquired 1 tokens, remaining: 999.00
2026-09-27 19:36:58,723 - urllib3.connectionpool - DEBUG - https://api.binance.com:443 "GET /api/v3/klines?endTime=1772431200000&interval=5m&limit=1000&startTime=1772131200000&symbol=ETHUSDT HTTP/1.1" 200 51532
2026-09-27 19:36:58,729 - momentum.DataExtraction.kline_provider_base.Binance - DEBUG - Fetched 1000 klines from Binance API
2026-09-27 19:36:58,730 - momentum.DataExtraction.kline_provider_base.Binance - INFO - [42%] Batch 45: downloaded 1000 klines, total: 45000 | 最後K線(UTC): 2026-03-02 05:55, 下一批次(UTC): 2026-03-02 06:00
2026-09-27 19:36:58,730 - momentum.DataExtraction.kline_provider_base.Binance - INFO - [43%] Batch 46/106: 2026-03-02 06:00 to 2026-03-05 17:20
2026-09-27 19:36:58,730 - momentum.DataExtraction.providers.binance_provider.RateLimiter - DEBUG - Acquired 1 tokens, remaining: 999.00
2026-09-27 19:36:58,791 - urllib3.connectionpool - DEBUG - https://api.binance.com:443 "GET /api/v3/klines?endTime=1772731200000&interval=5m&limit=1000&startTime=1772431200000&symbol=ETHUSDT HTTP/1.1" 200 52120
2026-09-27 19:36:58,794 - momentum.DataExtraction.kline_provider_base.Binance - DEBUG - Fetched 1000 klines from Binance API
2026-09-27 19:36:58,794 - momentum.DataExtraction.kline_provider_base.Binance - INFO - [43%] Batch 46: downloaded 1000 klines, total: 46000 | 最後K線(UTC): 2026-03-05 17:15, 下一批次(UTC): 2026-03-05 17:20
2026-09-27 19:36:58,794 - momentum.DataExtraction.kline_provider_base.Binance - INFO - [44%] Batch 47/106: 2026-03-05 17:20 to 2026-03-09 04:40
2026-09-27 19:36:58,794 - momentum.DataExtraction.providers.binance_provider.RateLimiter - DEBUG - Acquired 1 tokens, remaining: 999.00
2026-09-27 19:36:58,857 - urllib3.connectionpool - DEBUG - https://api.binance.com:443 "GET /api/v3/klines?endTime=1773031200000&interval=5m&limit=1000&startTime=1772731200000&symbol=ETHUSDT HTTP/1.1" 200 50386
2026-09-27 19:36:58,860 - momentum.DataExtraction.kline_provider_base.Binance - DEBUG - Fetched 1000 klines from Binance API
2026-09-27 19:36:58,860 - momentum.DataExtraction.kline_provider_base.Binance - INFO - [44%] Batch 47: downloaded 1000 klines, total: 47000 | 最後K線(UTC): 2026-03-09 04:35, 下一批次(UTC): 2026-03-09 04:40
2026-09-27 19:36:58,860 - momentum.DataExtraction.kline_provider_base.Binance - INFO - [45%] Batch 48/106: 2026-03-09 04:40 to 2026-03-12 16:00
2026-09-27 19:36:58,860 - momentum.DataExtraction.providers.binance_provider.RateLimiter - DEBUG - Acquired 1 tokens, remaining: 999.00
2026-09-27 19:36:58,921 - urllib3.connectionpool - DEBUG - https://api.binance.com:443 "GET /api/v3/klines?endTime=1773331200000&interval=5m&limit=1000&startTime=1773031200000&symbol=ETHUSDT HTTP/1.1" 200 51298
2026-09-27 19:36:58,925 - momentum.DataExtraction.kline_provider_base.Binance - DEBUG - Fetched 1000 klines from Binance API
2026-09-27 19:36:58,925 - momentum.DataExtraction.kline_provider_base.Binance - INFO - [45%] Batch 48: downloaded 1000 klines, total: 48000 | 最後K線(UTC): 2026-03-12 15:55, 下一批次(UTC): 2026-03-12 16:00
2026-09-27 19:36:58,925 - momentum.DataExtraction.kline_provider_base.Binance - INFO - [46%] Batch 49/106: 2026-03-12 16:00 to 2026-03-16 03:20
2026-09-27 19:36:58,925 - momentum.DataExtraction.providers.binance_provider.RateLimiter - DEBUG - Acquired 1 tokens, remaining: 999.00
2026-09-27 19:36:58,986 - urllib3.connectionpool - DEBUG - https://api.binance.com:443 "GET /api/v3/klines?endTime=1773631200000&interval=5m&limit=1000&startTime=1773331200000&symbol=ETHUSDT HTTP/1.1" 200 50526
2026-09-27 19:36:58,990 - momentum.DataExtraction.kline_provider_base.Binance - DEBUG - Fetched 1000 klines from Binance API
2026-09-27 19:36:58,991 - momentum.DataExtraction.kline_provider_base.Binance - INFO - [46%] Batch 49: downloaded 1000 klines, total: 49000 | 最後K線(UTC): 2026-03-16 03:15, 下一批次(UTC): 2026-03-16 03:20
2026-09-27 19:36:58,991 - momentum.DataExtraction.kline_provider_base.Binance - INFO - [47%] Batch 50/106: 2026-03-16 03:20 to 2026-03-19 14:40
2026-09-27 19:36:58,991 - momentum.DataExtraction.providers.binance_provider.RateLimiter - DEBUG - Acquired 1 tokens, remaining: 999.00
2026-09-27 19:36:59,051 - urllib3.connectionpool - DEBUG - https://api.binance.com:443 "GET /api/v3/klines?endTime=1773931200000&interval=5m&limit=1000&startTime=1773631200000&symbol=ETHUSDT HTTP/1.1" 200 51743
2026-09-27 19:36:59,057 - momentum.DataExtraction.kline_provider_base.Binance - DEBUG - Fetched 1000 klines from Binance API
2026-09-27 19:36:59,057 - momentum.DataExtraction.kline_provider_base.Binance - INFO - [47%] Batch 50: downloaded 1000 klines, total: 50000 | 最後K線(UTC): 2026-03-19 14:35, 下一批次(UTC): 2026-03-19 14:40
2026-09-27 19:36:59,058 - momentum.DataExtraction.kline_provider_base.Binance - INFO - [48%] Batch 51/106: 2026-03-19 14:40 to 2026-03-23 02:00
2026-09-27 19:36:59,058 - momentum.DataExtraction.providers.binance_provider.RateLimiter - DEBUG - Acquired 1 tokens, remaining: 999.00
2026-09-27 19:36:59,129 - urllib3.connectionpool - DEBUG - https://api.binance.com:443 "GET /api/v3/klines?endTime=1774231200000&interval=5m&limit=1000&startTime=1773931200000&symbol=ETHUSDT HTTP/1.1" 200 50132
2026-09-27 19:36:59,132 - momentum.DataExtraction.kline_provider_base.Binance - DEBUG - Fetched 1000 klines from Binance API
2026-09-27 19:36:59,132 - momentum.DataExtraction.kline_provider_base.Binance - INFO - [48%] Batch 51: downloaded 1000 klines, total: 51000 | 最後K線(UTC): 2026-03-23 01:55, 下一批次(UTC): 2026-03-23 02:00
2026-09-27 19:36:59,132 - momentum.DataExtraction.kline_provider_base.Binance - INFO - [49%] Batch 52/106: 2026-03-23 02:00 to 2026-03-26 13:20
2026-09-27 19:36:59,132 - momentum.DataExtraction.providers.binance_provider.RateLimiter - DEBUG - Acquired 1 tokens, remaining: 999.00
2026-09-27 19:36:59,190 - urllib3.connectionpool - DEBUG - https://api.binance.com:443 "GET /api/v3/klines?endTime=1774531200000&interval=5m&limit=1000&startTime=1774231200000&symbol=ETHUSDT HTTP/1.1" 200 50964
2026-09-27 19:36:59,193 - momentum.DataExtraction.kline_provider_base.Binance - DEBUG - Fetched 1000 klines from Binance API
2026-09-27 19:36:59,193 - momentum.DataExtraction.kline_provider_base.Binance - INFO - [49%] Batch 52: downloaded 1000 klines, total: 52000 | 最後K線(UTC): 2026-03-26 13:15, 下一批次(UTC): 2026-03-26 13:20
2026-09-27 19:36:59,193 - momentum.DataExtraction.kline_provider_base.Binance - INFO - [50%] Batch 53/106: 2026-03-26 13:20 to 2026-03-30 00:40
2026-09-27 19:36:59,193 - momentum.DataExtraction.providers.binance_provider.RateLimiter - DEBUG - Acquired 1 tokens, remaining: 999.00
2026-09-27 19:36:59,253 - urllib3.connectionpool - DEBUG - https://api.binance.com:443 "GET /api/v3/klines?endTime=1774831200000&interval=5m&limit=1000&startTime=1774531200000&symbol=ETHUSDT HTTP/1.1" 200 49676
2026-09-27 19:36:59,256 - momentum.DataExtraction.kline_provider_base.Binance - DEBUG - Fetched 1000 klines from Binance API
2026-09-27 19:36:59,256 - momentum.DataExtraction.kline_provider_base.Binance - INFO - [50%] Batch 53: downloaded 1000 klines, total: 53000 | 最後K線(UTC): 2026-03-30 00:35, 下一批次(UTC): 2026-03-30 00:40
2026-09-27 19:36:59,256 - momentum.DataExtraction.kline_provider_base.Binance - INFO - [50%] Batch 54/106: 2026-03-30 00:40 to 2026-04-02 12:00
2026-09-27 19:36:59,256 - momentum.DataExtraction.providers.binance_provider.RateLimiter - DEBUG - Acquired 1 tokens, remaining: 999.00
2026-09-27 19:36:59,315 - urllib3.connectionpool - DEBUG - https://api.binance.com:443 "GET /api/v3/klines?endTime=1775131200000&interval=5m&limit=1000&startTime=1774831200000&symbol=ETHUSDT HTTP/1.1" 200 51137
2026-09-27 19:36:59,327 - momentum.DataExtraction.kline_provider_base.Binance - DEBUG - Fetched 1000 klines from Binance API
2026-09-27 19:36:59,328 - momentum.DataExtraction.kline_provider_base.Binance - INFO - [50%] Batch 54: downloaded 1000 klines, total: 54000 | 最後K線(UTC): 2026-04-02 11:55, 下一批次(UTC): 2026-04-02 12:00
2026-09-27 19:36:59,328 - momentum.DataExtraction.kline_provider_base.Binance - INFO - [51%] Batch 55/106: 2026-04-02 12:00 to 2026-04-05 23:20
2026-09-27 19:36:59,328 - momentum.DataExtraction.providers.binance_provider.RateLimiter - DEBUG - Acquired 1 tokens, remaining: 999.00
2026-09-27 19:36:59,391 - urllib3.connectionpool - DEBUG - https://api.binance.com:443 "GET /api/v3/klines?endTime=1775431200000&interval=5m&limit=1000&startTime=1775131200000&symbol=ETHUSDT HTTP/1.1" 200 48776
2026-09-27 19:36:59,394 - momentum.DataExtraction.kline_provider_base.Binance - DEBUG - Fetched 1000 klines from Binance API
2026-09-27 19:36:59,394 - momentum.DataExtraction.kline_provider_base.Binance - INFO - [51%] Batch 55: downloaded 1000 klines, total: 55000 | 最後K線(UTC): 2026-04-05 23:15, 下一批次(UTC): 2026-04-05 23:20
2026-09-27 19:36:59,394 - momentum.DataExtraction.kline_provider_base.Binance - INFO - [52%] Batch 56/106: 2026-04-05 23:20 to 2026-04-09 10:40
2026-09-27 19:36:59,394 - momentum.DataExtraction.providers.binance_provider.RateLimiter - DEBUG - Acquired 1 tokens, remaining: 999.00
2026-09-27 19:36:59,454 - urllib3.connectionpool - DEBUG - https://api.binance.com:443 "GET /api/v3/klines?endTime=1775731200000&interval=5m&limit=1000&startTime=1775431200000&symbol=ETHUSDT HTTP/1.1" 200 50978
2026-09-27 19:36:59,458 - momentum.DataExtraction.kline_provider_base.Binance - DEBUG - Fetched 1000 klines from Binance API
2026-09-27 19:36:59,458 - momentum.DataExtraction.kline_provider_base.Binance - INFO - [52%] Batch 56: downloaded 1000 klines, total: 56000 | 最後K線(UTC): 2026-04-09 10:35, 下一批次(UTC): 2026-04-09 10:40
2026-09-27 19:36:59,458 - momentum.DataExtraction.kline_provider_base.Binance - INFO - [53%] Batch 57/106: 2026-04-09 10:40 to 2026-04-12 22:00
2026-09-27 19:36:59,459 - momentum.DataExtraction.providers.binance_provider.RateLimiter - DEBUG - Acquired 1 tokens, remaining: 999.00
2026-09-27 19:36:59,518 - urllib3.connectionpool - DEBUG - https://api.binance.com:443 "GET /api/v3/klines?endTime=1776031200000&interval=5m&limit=1000&startTime=1775731200000&symbol=ETHUSDT HTTP/1.1" 200 50197
2026-09-27 19:36:59,524 - momentum.DataExtraction.kline_provider_base.Binance - DEBUG - Fetched 1000 klines from Binance API
2026-09-27 19:36:59,525 - momentum.DataExtraction.kline_provider_base.Binance - INFO - [53%] Batch 57: downloaded 1000 klines, total: 57000 | 最後K線(UTC): 2026-04-12 21:55, 下一批次(UTC): 2026-04-12 22:00
2026-09-27 19:36:59,525 - momentum.DataExtraction.kline_provider_base.Binance - INFO - [54%] Batch 58/106: 2026-04-12 22:00 to 2026-04-16 09:20
2026-09-27 19:36:59,525 - momentum.DataExtraction.providers.binance_provider.RateLimiter - DEBUG - Acquired 1 tokens, remaining: 999.00
2026-09-27 19:36:59,586 - urllib3.connectionpool - DEBUG - https://api.binance.com:443 "GET /api/v3/klines?endTime=1776331200000&interval=5m&limit=1000&startTime=1776031200000&symbol=ETHUSDT HTTP/1.1" 200 50843
2026-09-27 19:36:59,593 - momentum.DataExtraction.kline_provider_base.Binance - DEBUG - Fetched 1000 klines from Binance API
2026-09-27 19:36:59,593 - momentum.DataExtraction.kline_provider_base.Binance - INFO - [54%] Batch 58: downloaded 1000 klines, total: 58000 | 最後K線(UTC): 2026-04-16 09:15, 下一批次(UTC): 2026-04-16 09:20
2026-09-27 19:36:59,593 - momentum.DataExtraction.kline_provider_base.Binance - INFO - [55%] Batch 59/106: 2026-04-16 09:20 to 2026-04-19 20:40
2026-09-27 19:36:59,593 - momentum.DataExtraction.providers.binance_provider.RateLimiter - DEBUG - Acquired 1 tokens, remaining: 999.00
2026-09-27 19:36:59,656 - urllib3.connectionpool - DEBUG - https://api.binance.com:443 "GET /api/v3/klines?endTime=1776631200000&interval=5m&limit=1000&startTime=1776331200000&symbol=ETHUSDT HTTP/1.1" 200 50576
2026-09-27 19:36:59,661 - momentum.DataExtraction.kline_provider_base.Binance - DEBUG - Fetched 1000 klines from Binance API
2026-09-27 19:36:59,661 - momentum.DataExtraction.kline_provider_base.Binance - INFO - [55%] Batch 59: downloaded 1000 klines, total: 59000 | 最後K線(UTC): 2026-04-19 20:35, 下一批次(UTC): 2026-04-19 20:40
2026-09-27 19:36:59,661 - momentum.DataExtraction.kline_provider_base.Binance - INFO - [56%] Batch 60/106: 2026-04-19 20:40 to 2026-04-23 08:00
2026-09-27 19:36:59,661 - momentum.DataExtraction.providers.binance_provider.RateLimiter - DEBUG - Acquired 1 tokens, remaining: 999.00
2026-09-27 19:36:59,723 - urllib3.connectionpool - DEBUG - https://api.binance.com:443 "GET /api/v3/klines?endTime=1776931200000&interval=5m&limit=1000&startTime=1776631200000&symbol=ETHUSDT HTTP/1.1" 200 50732
2026-09-27 19:36:59,727 - momentum.DataExtraction.kline_provider_base.Binance - DEBUG - Fetched 1000 klines from Binance API
2026-09-27 19:36:59,727 - momentum.DataExtraction.kline_provider_base.Binance - INFO - [56%] Batch 60: downloaded 1000 klines, total: 60000 | 最後K線(UTC): 2026-04-23 07:55, 下一批次(UTC): 2026-04-23 08:00
2026-09-27 19:36:59,728 - momentum.DataExtraction.kline_provider_base.Binance - INFO - [57%] Batch 61/106: 2026-04-23 08:00 to 2026-04-26 19:20
2026-09-27 19:36:59,728 - momentum.DataExtraction.providers.binance_provider.RateLimiter - DEBUG - Acquired 1 tokens, remaining: 999.00
2026-09-27 19:36:59,787 - urllib3.connectionpool - DEBUG - https://api.binance.com:443 "GET /api/v3/klines?endTime=1777231200000&interval=5m&limit=1000&startTime=1776931200000&symbol=ETHUSDT HTTP/1.1" 200 48790
2026-09-27 19:36:59,793 - momentum.DataExtraction.kline_provider_base.Binance - DEBUG - Fetched 1000 klines from Binance API
2026-09-27 19:36:59,793 - momentum.DataExtraction.kline_provider_base.Binance - INFO - [57%] Batch 61: downloaded 1000 klines, total: 61000 | 最後K線(UTC): 2026-04-26 19:15, 下一批次(UTC): 2026-04-26 19:20
2026-09-27 19:36:59,793 - momentum.DataExtraction.kline_provider_base.Binance - INFO - [58%] Batch 62/106: 2026-04-26 19:20 to 2026-04-30 06:40
2026-09-27 19:36:59,793 - momentum.DataExtraction.providers.binance_provider.RateLimiter - DEBUG - Acquired 1 tokens, remaining: 999.00
2026-09-27 19:36:59,854 - urllib3.connectionpool - DEBUG - https://api.binance.com:443 "GET /api/v3/klines?endTime=1777531200000&interval=5m&limit=1000&startTime=1777231200000&symbol=ETHUSDT HTTP/1.1" 200 50297
2026-09-27 19:36:59,860 - momentum.DataExtraction.kline_provider_base.Binance - DEBUG - Fetched 1000 klines from Binance API
2026-09-27 19:36:59,861 - momentum.DataExtraction.kline_provider_base.Binance - INFO - [58%] Batch 62: downloaded 1000 klines, total: 62000 | 最後K線(UTC): 2026-04-30 06:35, 下一批次(UTC): 2026-04-30 06:40
2026-09-27 19:36:59,861 - momentum.DataExtraction.kline_provider_base.Binance - INFO - [59%] Batch 63/106: 2026-04-30 06:40 to 2026-05-03 18:00
2026-09-27 19:36:59,861 - momentum.DataExtraction.providers.binance_provider.RateLimiter - DEBUG - Acquired 1 tokens, remaining: 999.00
2026-09-27 19:36:59,925 - urllib3.connectionpool - DEBUG - https://api.binance.com:443 "GET /api/v3/klines?endTime=1777831200000&interval=5m&limit=1000&startTime=1777531200000&symbol=ETHUSDT HTTP/1.1" 200 48653
2026-09-27 19:36:59,930 - momentum.DataExtraction.kline_provider_base.Binance - DEBUG - Fetched 1000 klines from Binance API
2026-09-27 19:36:59,931 - momentum.DataExtraction.kline_provider_base.Binance - INFO - [59%] Batch 63: downloaded 1000 klines, total: 63000 | 最後K線(UTC): 2026-05-03 17:55, 下一批次(UTC): 2026-05-03 18:00
2026-09-27 19:36:59,931 - momentum.DataExtraction.kline_provider_base.Binance - INFO - [60%] Batch 64/106: 2026-05-03 18:00 to 2026-05-07 05:20
2026-09-27 19:36:59,931 - momentum.DataExtraction.providers.binance_provider.RateLimiter - DEBUG - Acquired 1 tokens, remaining: 999.00
2026-09-27 19:36:59,990 - urllib3.connectionpool - DEBUG - https://api.binance.com:443 "GET /api/v3/klines?endTime=1778131200000&interval=5m&limit=1000&startTime=1777831200000&symbol=ETHUSDT HTTP/1.1" 200 50623
2026-09-27 19:36:59,995 - momentum.DataExtraction.kline_provider_base.Binance - DEBUG - Fetched 1000 klines from Binance API
2026-09-27 19:36:59,995 - momentum.DataExtraction.kline_provider_base.Binance - INFO - [60%] Batch 64: downloaded 1000 klines, total: 64000 | 最後K線(UTC): 2026-05-07 05:15, 下一批次(UTC): 2026-05-07 05:20
2026-09-27 19:36:59,995 - momentum.DataExtraction.kline_provider_base.Binance - INFO - [61%] Batch 65/106: 2026-05-07 05:20 to 2026-05-10 16:40
2026-09-27 19:36:59,995 - momentum.DataExtraction.providers.binance_provider.RateLimiter - DEBUG - Acquired 1 tokens, remaining: 999.00
2026-09-27 19:37:00,055 - urllib3.connectionpool - DEBUG - https://api.binance.com:443 "GET /api/v3/klines?endTime=1778431200000&interval=5m&limit=1000&startTime=1778131200000&symbol=ETHUSDT HTTP/1.1" 200 49807
2026-09-27 19:37:00,059 - momentum.DataExtraction.kline_provider_base.Binance - DEBUG - Fetched 1000 klines from Binance API
2026-09-27 19:37:00,059 - momentum.DataExtraction.kline_provider_base.Binance - INFO - [61%] Batch 65: downloaded 1000 klines, total: 65000 | 最後K線(UTC): 2026-05-10 16:35, 下一批次(UTC): 2026-05-10 16:40
2026-09-27 19:37:00,059 - momentum.DataExtraction.kline_provider_base.Binance - INFO - [62%] Batch 66/106: 2026-05-10 16:40 to 2026-05-14 04:00
2026-09-27 19:37:00,059 - momentum.DataExtraction.providers.binance_provider.RateLimiter - DEBUG - Acquired 1 tokens, remaining: 999.00
2026-09-27 19:37:00,124 - urllib3.connectionpool - DEBUG - https://api.binance.com:443 "GET /api/v3/klines?endTime=1778731200000&interval=5m&limit=1000&startTime=1778431200000&symbol=ETHUSDT HTTP/1.1" 200 50202
2026-09-27 19:37:00,131 - momentum.DataExtraction.kline_provider_base.Binance - DEBUG - Fetched 1000 klines from Binance API
2026-09-27 19:37:00,132 - momentum.DataExtraction.kline_provider_base.Binance - INFO - [62%] Batch 66: downloaded 1000 klines, total: 66000 | 最後K線(UTC): 2026-05-14 03:55, 下一批次(UTC): 2026-05-14 04:00
2026-09-27 19:37:00,132 - momentum.DataExtraction.kline_provider_base.Binance - INFO - [63%] Batch 67/106: 2026-05-14 04:00 to 2026-05-17 15:20
2026-09-27 19:37:00,132 - momentum.DataExtraction.providers.binance_provider.RateLimiter - DEBUG - Acquired 1 tokens, remaining: 999.00
2026-09-27 19:37:00,193 - urllib3.connectionpool - DEBUG - https://api.binance.com:443 "GET /api/v3/klines?endTime=1779031200000&interval=5m&limit=1000&startTime=1778731200000&symbol=ETHUSDT HTTP/1.1" 200 49554
2026-09-27 19:37:00,196 - momentum.DataExtraction.kline_provider_base.Binance - DEBUG - Fetched 1000 klines from Binance API
2026-09-27 19:37:00,197 - momentum.DataExtraction.kline_provider_base.Binance - INFO - [63%] Batch 67: downloaded 1000 klines, total: 67000 | 最後K線(UTC): 2026-05-17 15:15, 下一批次(UTC): 2026-05-17 15:20
2026-09-27 19:37:00,197 - momentum.DataExtraction.kline_provider_base.Binance - INFO - [64%] Batch 68/106: 2026-05-17 15:20 to 2026-05-21 02:40
2026-09-27 19:37:00,197 - momentum.DataExtraction.providers.binance_provider.RateLimiter - DEBUG - Acquired 1 tokens, remaining: 999.00
2026-09-27 19:37:00,257 - urllib3.connectionpool - DEBUG - https://api.binance.com:443 "GET /api/v3/klines?endTime=1779331200000&interval=5m&limit=1000&startTime=1779031200000&symbol=ETHUSDT HTTP/1.1" 200 49851
2026-09-27 19:37:00,261 - momentum.DataExtraction.kline_provider_base.Binance - DEBUG - Fetched 1000 klines from Binance API
2026-09-27 19:37:00,261 - momentum.DataExtraction.kline_provider_base.Binance - INFO - [64%] Batch 68: downloaded 1000 klines, total: 68000 | 最後K線(UTC): 2026-05-21 02:35, 下一批次(UTC): 2026-05-21 02:40
2026-09-27 19:37:00,261 - momentum.DataExtraction.kline_provider_base.Binance - INFO - [65%] Batch 69/106: 2026-05-21 02:40 to 2026-05-24 14:00
2026-09-27 19:37:00,261 - momentum.DataExtraction.providers.binance_provider.RateLimiter - DEBUG - Acquired 1 tokens, remaining: 999.00
2026-09-27 19:37:00,325 - urllib3.connectionpool - DEBUG - https://api.binance.com:443 "GET /api/v3/klines?endTime=1779631200000&interval=5m&limit=1000&startTime=1779331200000&symbol=ETHUSDT HTTP/1.1" 200 49595
2026-09-27 19:37:00,330 - momentum.DataExtraction.kline_provider_base.Binance - DEBUG - Fetched 1000 klines from Binance API
2026-09-27 19:37:00,330 - momentum.DataExtraction.kline_provider_base.Binance - INFO - [65%] Batch 69: downloaded 1000 klines, total: 69000 | 最後K線(UTC): 2026-05-24 13:55, 下一批次(UTC): 2026-05-24 14:00
2026-09-27 19:37:00,330 - momentum.DataExtraction.kline_provider_base.Binance - INFO - [66%] Batch 70/106: 2026-05-24 14:00 to 2026-05-28 01:20
2026-09-27 19:37:00,331 - momentum.DataExtraction.providers.binance_provider.RateLimiter - DEBUG - Acquired 1 tokens, remaining: 999.00
2026-09-27 19:37:00,412 - urllib3.connectionpool - DEBUG - https://api.binance.com:443 "GET /api/v3/klines?endTime=1779931200000&interval=5m&limit=1000&startTime=1779631200000&symbol=ETHUSDT HTTP/1.1" 200 49895
2026-09-27 19:37:00,418 - momentum.DataExtraction.kline_provider_base.Binance - DEBUG - Fetched 1000 klines from Binance API
2026-09-27 19:37:00,418 - momentum.DataExtraction.kline_provider_base.Binance - INFO - [66%] Batch 70: downloaded 1000 klines, total: 70000 | 最後K線(UTC): 2026-05-28 01:15, 下一批次(UTC): 2026-05-28 01:20
2026-09-27 19:37:00,418 - momentum.DataExtraction.kline_provider_base.Binance - INFO - [66%] Batch 71/106: 2026-05-28 01:20 to 2026-05-31 12:40
2026-09-27 19:37:00,419 - momentum.DataExtraction.providers.binance_provider.RateLimiter - DEBUG - Acquired 1 tokens, remaining: 999.00
2026-09-27 19:37:00,483 - urllib3.connectionpool - DEBUG - https://api.binance.com:443 "GET /api/v3/klines?endTime=1780231200000&interval=5m&limit=1000&startTime=1779931200000&symbol=ETHUSDT HTTP/1.1" 200 49255
2026-09-27 19:37:00,489 - momentum.DataExtraction.kline_provider_base.Binance - DEBUG - Fetched 1000 klines from Binance API
2026-09-27 19:37:00,489 - momentum.DataExtraction.kline_provider_base.Binance - INFO - [66%] Batch 71: downloaded 1000 klines, total: 71000 | 最後K線(UTC): 2026-05-31 12:35, 下一批次(UTC): 2026-05-31 12:40
2026-09-27 19:37:00,489 - momentum.DataExtraction.kline_provider_base.Binance - INFO - [67%] Batch 72/106: 2026-05-31 12:40 to 2026-06-04 00:00
2026-09-27 19:37:00,489 - momentum.DataExtraction.providers.binance_provider.RateLimiter - DEBUG - Acquired 1 tokens, remaining: 999.00
2026-09-27 19:37:00,553 - urllib3.connectionpool - DEBUG - https://api.binance.com:443 "GET /api/v3/klines?endTime=1780531200000&interval=5m&limit=1000&startTime=1780231200000&symbol=ETHUSDT HTTP/1.1" 200 51057
2026-09-27 19:37:00,560 - momentum.DataExtraction.kline_provider_base.Binance - DEBUG - Fetched 1000 klines from Binance API
2026-09-27 19:37:00,560 - momentum.DataExtraction.kline_provider_base.Binance - INFO - [67%] Batch 72: downloaded 1000 klines, total: 72000 | 最後K線(UTC): 2026-06-03 23:55, 下一批次(UTC): 2026-06-04 00:00
2026-09-27 19:37:00,560 - momentum.DataExtraction.kline_provider_base.Binance - INFO - [68%] Batch 73/106: 2026-06-04 00:00 to 2026-06-07 11:20
2026-09-27 19:37:00,561 - momentum.DataExtraction.providers.binance_provider.RateLimiter - DEBUG - Acquired 1 tokens, remaining: 999.00
2026-09-27 19:37:00,623 - urllib3.connectionpool - DEBUG - https://api.binance.com:443 "GET /api/v3/klines?endTime=1780831200000&interval=5m&limit=1000&startTime=1780531200000&symbol=ETHUSDT HTTP/1.1" 200 52063
2026-09-27 19:37:00,630 - momentum.DataExtraction.kline_provider_base.Binance - DEBUG - Fetched 1000 klines from Binance API
2026-09-27 19:37:00,630 - momentum.DataExtraction.kline_provider_base.Binance - INFO - [68%] Batch 73: downloaded 1000 klines, total: 73000 | 最後K線(UTC): 2026-06-07 11:15, 下一批次(UTC): 2026-06-07 11:20
2026-09-27 19:37:00,630 - momentum.DataExtraction.kline_provider_base.Binance - INFO - [69%] Batch 74/106: 2026-06-07 11:20 to 2026-06-10 22:40
2026-09-27 19:37:00,630 - momentum.DataExtraction.providers.binance_provider.RateLimiter - DEBUG - Acquired 1 tokens, remaining: 999.00
2026-09-27 19:37:00,692 - urllib3.connectionpool - DEBUG - https://api.binance.com:443 "GET /api/v3/klines?endTime=1781131200000&interval=5m&limit=1000&startTime=1780831200000&symbol=ETHUSDT HTTP/1.1" 200 50908
2026-09-27 19:37:00,697 - momentum.DataExtraction.kline_provider_base.Binance - DEBUG - Fetched 1000 klines from Binance API
2026-09-27 19:37:00,697 - momentum.DataExtraction.kline_provider_base.Binance - INFO - [69%] Batch 74: downloaded 1000 klines, total: 74000 | 最後K線(UTC): 2026-06-10 22:35, 下一批次(UTC): 2026-06-10 22:40
2026-09-27 19:37:00,697 - momentum.DataExtraction.kline_provider_base.Binance - INFO - [70%] Batch 75/106: 2026-06-10 22:40 to 2026-06-14 10:00
2026-09-27 19:37:00,697 - momentum.DataExtraction.providers.binance_provider.RateLimiter - DEBUG - Acquired 1 tokens, remaining: 999.00
2026-09-27 19:37:00,761 - urllib3.connectionpool - DEBUG - https://api.binance.com:443 "GET /api/v3/klines?endTime=1781431200000&interval=5m&limit=1000&startTime=1781131200000&symbol=ETHUSDT HTTP/1.1" 200 49009
2026-09-27 19:37:00,765 - momentum.DataExtraction.kline_provider_base.Binance - DEBUG - Fetched 1000 klines from Binance API
2026-09-27 19:37:00,765 - momentum.DataExtraction.kline_provider_base.Binance - INFO - [70%] Batch 75: downloaded 1000 klines, total: 75000 | 最後K線(UTC): 2026-06-14 09:55, 下一批次(UTC): 2026-06-14 10:00
2026-09-27 19:37:00,765 - momentum.DataExtraction.kline_provider_base.Binance - INFO - [71%] Batch 76/106: 2026-06-14 10:00 to 2026-06-17 21:20
2026-09-27 19:37:00,765 - momentum.DataExtraction.providers.binance_provider.RateLimiter - DEBUG - Acquired 1 tokens, remaining: 999.00
2026-09-27 19:37:00,849 - urllib3.connectionpool - DEBUG - https://api.binance.com:443 "GET /api/v3/klines?endTime=1781731200000&interval=5m&limit=1000&startTime=1781431200000&symbol=ETHUSDT HTTP/1.1" 200 50494
2026-09-27 19:37:00,851 - momentum.DataExtraction.kline_provider_base.Binance - DEBUG - Fetched 1000 klines from Binance API
2026-09-27 19:37:00,851 - momentum.DataExtraction.kline_provider_base.Binance - INFO - [71%] Batch 76: downloaded 1000 klines, total: 76000 | 最後K線(UTC): 2026-06-17 21:15, 下一批次(UTC): 2026-06-17 21:20
2026-09-27 19:37:00,851 - momentum.DataExtraction.kline_provider_base.Binance - INFO - [72%] Batch 77/106: 2026-06-17 21:20 to 2026-06-21 08:40
2026-09-27 19:37:00,851 - momentum.DataExtraction.providers.binance_provider.RateLimiter - DEBUG - Acquired 1 tokens, remaining: 999.00
2026-09-27 19:37:00,912 - urllib3.connectionpool - DEBUG - https://api.binance.com:443 "GET /api/v3/klines?endTime=1782031200000&interval=5m&limit=1000&startTime=1781731200000&symbol=ETHUSDT HTTP/1.1" 200 49347
2026-09-27 19:37:00,915 - momentum.DataExtraction.kline_provider_base.Binance - DEBUG - Fetched 1000 klines from Binance API
2026-09-27 19:37:00,915 - momentum.DataExtraction.kline_provider_base.Binance - INFO - [72%] Batch 77: downloaded 1000 klines, total: 77000 | 最後K線(UTC): 2026-06-21 08:35, 下一批次(UTC): 2026-06-21 08:40
2026-09-27 19:37:00,915 - momentum.DataExtraction.kline_provider_base.Binance - INFO - [73%] Batch 78/106: 2026-06-21 08:40 to 2026-06-24 20:00
2026-09-27 19:37:00,915 - momentum.DataExtraction.providers.binance_provider.RateLimiter - DEBUG - Acquired 1 tokens, remaining: 999.00
2026-09-27 19:37:00,973 - urllib3.connectionpool - DEBUG - https://api.binance.com:443 "GET /api/v3/klines?endTime=1782331200000&interval=5m&limit=1000&startTime=1782031200000&symbol=ETHUSDT HTTP/1.1" 200 50154
2026-09-27 19:37:00,976 - momentum.DataExtraction.kline_provider_base.Binance - DEBUG - Fetched 1000 klines from Binance API
2026-09-27 19:37:00,976 - momentum.DataExtraction.kline_provider_base.Binance - INFO - [73%] Batch 78: downloaded 1000 klines, total: 78000 | 最後K線(UTC): 2026-06-24 19:55, 下一批次(UTC): 2026-06-24 20:00
2026-09-27 19:37:00,976 - momentum.DataExtraction.kline_provider_base.Binance - INFO - [74%] Batch 79/106: 2026-06-24 20:00 to 2026-06-28 07:20
2026-09-27 19:37:00,976 - momentum.DataExtraction.providers.binance_provider.RateLimiter - DEBUG - Acquired 1 tokens, remaining: 999.00
2026-09-27 19:37:01,048 - urllib3.connectionpool - DEBUG - https://api.binance.com:443 "GET /api/v3/klines?endTime=1782631200000&interval=5m&limit=1000&startTime=1782331200000&symbol=ETHUSDT HTTP/1.1" 200 49952
2026-09-27 19:37:01,053 - momentum.DataExtraction.kline_provider_base.Binance - DEBUG - Fetched 1000 klines from Binance API
2026-09-27 19:37:01,053 - momentum.DataExtraction.kline_provider_base.Binance - INFO - [74%] Batch 79: downloaded 1000 klines, total: 79000 | 最後K線(UTC): 2026-06-28 07:15, 下一批次(UTC): 2026-06-28 07:20
2026-09-27 19:37:01,053 - momentum.DataExtraction.kline_provider_base.Binance - INFO - [75%] Batch 80/106: 2026-06-28 07:20 to 2026-07-01 18:40
2026-09-27 19:37:01,053 - momentum.DataExtraction.providers.binance_provider.RateLimiter - DEBUG - Acquired 1 tokens, remaining: 999.00
2026-09-27 19:37:01,115 - urllib3.connectionpool - DEBUG - https://api.binance.com:443 "GET /api/v3/klines?endTime=1782931200000&interval=5m&limit=1000&startTime=1782631200000&symbol=ETHUSDT HTTP/1.1" 200 49988
2026-09-27 19:37:01,120 - momentum.DataExtraction.kline_provider_base.Binance - DEBUG - Fetched 1000 klines from Binance API
2026-09-27 19:37:01,120 - momentum.DataExtraction.kline_provider_base.Binance - INFO - [75%] Batch 80: downloaded 1000 klines, total: 80000 | 最後K線(UTC): 2026-07-01 18:35, 下一批次(UTC): 2026-07-01 18:40
2026-09-27 19:37:01,120 - momentum.DataExtraction.kline_provider_base.Binance - INFO - [76%] Batch 81/106: 2026-07-01 18:40 to 2026-07-05 06:00
2026-09-27 19:37:01,121 - momentum.DataExtraction.providers.binance_provider.RateLimiter - DEBUG - Acquired 1 tokens, remaining: 999.00
2026-09-27 19:37:01,182 - urllib3.connectionpool - DEBUG - https://api.binance.com:443 "GET /api/v3/klines?endTime=1783231200000&interval=5m&limit=1000&startTime=1782931200000&symbol=ETHUSDT HTTP/1.1" 200 50051
2026-09-27 19:37:01,187 - momentum.DataExtraction.kline_provider_base.Binance - DEBUG - Fetched 1000 klines from Binance API
2026-09-27 19:37:01,187 - momentum.DataExtraction.kline_provider_base.Binance - INFO - [76%] Batch 81: downloaded 1000 klines, total: 81000 | 最後K線(UTC): 2026-07-05 05:55, 下一批次(UTC): 2026-07-05 06:00
2026-09-27 19:37:01,187 - momentum.DataExtraction.kline_provider_base.Binance - INFO - [77%] Batch 82/106: 2026-07-05 06:00 to 2026-07-08 17:20
2026-09-27 19:37:01,187 - momentum.DataExtraction.providers.binance_provider.RateLimiter - DEBUG - Acquired 1 tokens, remaining: 999.00
2026-09-27 19:37:01,250 - urllib3.connectionpool - DEBUG - https://api.binance.com:443 "GET /api/v3/klines?endTime=1783531200000&interval=5m&limit=1000&startTime=1783231200000&symbol=ETHUSDT HTTP/1.1" 200 50277
2026-09-27 19:37:01,256 - momentum.DataExtraction.kline_provider_base.Binance - DEBUG - Fetched 1000 klines from Binance API
2026-09-27 19:37:01,256 - momentum.DataExtraction.kline_provider_base.Binance - INFO - [77%] Batch 82: downloaded 1000 klines, total: 82000 | 最後K線(UTC): 2026-07-08 17:15, 下一批次(UTC): 2026-07-08 17:20
2026-09-27 19:37:01,256 - momentum.DataExtraction.kline_provider_base.Binance - INFO - [78%] Batch 83/106: 2026-07-08 17:20 to 2026-07-12 04:40
2026-09-27 19:37:01,256 - momentum.DataExtraction.providers.binance_provider.RateLimiter - DEBUG - Acquired 1 tokens, remaining: 999.00
2026-09-27 19:37:01,316 - urllib3.connectionpool - DEBUG - https://api.binance.com:443 "GET /api/v3/klines?endTime=1783831200000&interval=5m&limit=1000&startTime=1783531200000&symbol=ETHUSDT HTTP/1.1" 200 49175
2026-09-27 19:37:01,324 - momentum.DataExtraction.kline_provider_base.Binance - DEBUG - Fetched 1000 klines from Binance API
2026-09-27 19:37:01,324 - momentum.DataExtraction.kline_provider_base.Binance - INFO - [78%] Batch 83: downloaded 1000 klines, total: 83000 | 最後K線(UTC): 2026-07-12 04:35, 下一批次(UTC): 2026-07-12 04:40
2026-09-27 19:37:01,324 - momentum.DataExtraction.kline_provider_base.Binance - INFO - [79%] Batch 84/106: 2026-07-12 04:40 to 2026-07-15 16:00
2026-09-27 19:37:01,324 - momentum.DataExtraction.providers.binance_provider.RateLimiter - DEBUG - Acquired 1 tokens, remaining: 999.00
2026-09-27 19:37:01,386 - urllib3.connectionpool - DEBUG - https://api.binance.com:443 "GET /api/v3/klines?endTime=1784131200000&interval=5m&limit=1000&startTime=1783831200000&symbol=ETHUSDT HTTP/1.1" 200 49845
2026-09-27 19:37:01,390 - momentum.DataExtraction.kline_provider_base.Binance - DEBUG - Fetched 1000 klines from Binance API
2026-09-27 19:37:01,391 - momentum.DataExtraction.kline_provider_base.Binance - INFO - [79%] Batch 84: downloaded 1000 klines, total: 84000 | 最後K線(UTC): 2026-07-15 15:55, 下一批次(UTC): 2026-07-15 16:00
2026-09-27 19:37:01,391 - momentum.DataExtraction.kline_provider_base.Binance - INFO - [80%] Batch 85/106: 2026-07-15 16:00 to 2026-07-19 03:20
2026-09-27 19:37:01,391 - momentum.DataExtraction.providers.binance_provider.RateLimiter - DEBUG - Acquired 1 tokens, remaining: 999.00
2026-09-27 19:37:01,455 - urllib3.connectionpool - DEBUG - https://api.binance.com:443 "GET /api/v3/klines?endTime=1784431200000&interval=5m&limit=1000&startTime=1784131200000&symbol=ETHUSDT HTTP/1.1" 200 49258
2026-09-27 19:37:01,462 - momentum.DataExtraction.kline_provider_base.Binance - DEBUG - Fetched 1000 klines from Binance API
2026-09-27 19:37:01,462 - momentum.DataExtraction.kline_provider_base.Binance - INFO - [80%] Batch 85: downloaded 1000 klines, total: 85000 | 最後K線(UTC): 2026-07-19 03:15, 下一批次(UTC): 2026-07-19 03:20
2026-09-27 19:37:01,462 - momentum.DataExtraction.kline_provider_base.Binance - INFO - [81%] Batch 86/106: 2026-07-19 03:20 to 2026-07-22 14:40
2026-09-27 19:37:01,462 - momentum.DataExtraction.providers.binance_provider.RateLimiter - DEBUG - Acquired 1 tokens, remaining: 999.00
2026-09-27 19:37:01,522 - urllib3.connectionpool - DEBUG - https://api.binance.com:443 "GET /api/v3/klines?endTime=1784731200000&interval=5m&limit=1000&startTime=1784431200000&symbol=ETHUSDT HTTP/1.1" 200 49778
2026-09-27 19:37:01,527 - momentum.DataExtraction.kline_provider_base.Binance - DEBUG - Fetched 1000 klines from Binance API
2026-09-27 19:37:01,527 - momentum.DataExtraction.kline_provider_base.Binance - INFO - [81%] Batch 86: downloaded 1000 klines, total: 86000 | 最後K線(UTC): 2026-07-22 14:35, 下一批次(UTC): 2026-07-22 14:40
2026-09-27 19:37:01,527 - momentum.DataExtraction.kline_provider_base.Binance - INFO - [82%] Batch 87/106: 2026-07-22 14:40 to 2026-07-26 02:00
2026-09-27 19:37:01,527 - momentum.DataExtraction.providers.binance_provider.RateLimiter - DEBUG - Acquired 1 tokens, remaining: 999.00
2026-09-27 19:37:01,588 - urllib3.connectionpool - DEBUG - https://api.binance.com:443 "GET /api/v3/klines?endTime=1785031200000&interval=5m&limit=1000&startTime=1784731200000&symbol=ETHUSDT HTTP/1.1" 200 48990
2026-09-27 19:37:01,593 - momentum.DataExtraction.kline_provider_base.Binance - DEBUG - Fetched 1000 klines from Binance API
2026-09-27 19:37:01,593 - momentum.DataExtraction.kline_provider_base.Binance - INFO - [82%] Batch 87: downloaded 1000 klines, total: 87000 | 最後K線(UTC): 2026-07-26 01:55, 下一批次(UTC): 2026-07-26 02:00
2026-09-27 19:37:01,593 - momentum.DataExtraction.kline_provider_base.Binance - INFO - [83%] Batch 88/106: 2026-07-26 02:00 to 2026-07-29 13:20
2026-09-27 19:37:01,593 - momentum.DataExtraction.providers.binance_provider.RateLimiter - DEBUG - Acquired 1 tokens, remaining: 999.00
2026-09-27 19:37:01,658 - urllib3.connectionpool - DEBUG - https://api.binance.com:443 "GET /api/v3/klines?endTime=1785331200000&interval=5m&limit=1000&startTime=1785031200000&symbol=ETHUSDT HTTP/1.1" 200 49852
2026-09-27 19:37:01,694 - momentum.DataExtraction.kline_provider_base.Binance - DEBUG - Fetched 1000 klines from Binance API
2026-09-27 19:37:01,695 - momentum.DataExtraction.kline_provider_base.Binance - INFO - [83%] Batch 88: downloaded 1000 klines, total: 88000 | 最後K線(UTC): 2026-07-29 13:15, 下一批次(UTC): 2026-07-29 13:20
2026-09-27 19:37:01,695 - momentum.DataExtraction.kline_provider_base.Binance - INFO - [83%] Batch 89/106: 2026-07-29 13:20 to 2026-08-02 00:40
2026-09-27 19:37:01,695 - momentum.DataExtraction.providers.binance_provider.RateLimiter - DEBUG - Acquired 1 tokens, remaining: 999.00
2026-09-27 19:37:01,758 - urllib3.connectionpool - DEBUG - https://api.binance.com:443 "GET /api/v3/klines?endTime=1785631200000&interval=5m&limit=1000&startTime=1785331200000&symbol=ETHUSDT HTTP/1.1" 200 49327
2026-09-27 19:37:01,764 - momentum.DataExtraction.kline_provider_base.Binance - DEBUG - Fetched 1000 klines from Binance API
2026-09-27 19:37:01,764 - momentum.DataExtraction.kline_provider_base.Binance - INFO - [83%] Batch 89: downloaded 1000 klines, total: 89000 | 最後K線(UTC): 2026-08-02 00:35, 下一批次(UTC): 2026-08-02 00:40
2026-09-27 19:37:01,764 - momentum.DataExtraction.kline_provider_base.Binance - INFO - [84%] Batch 90/106: 2026-08-02 00:40 to 2026-08-05 12:00
2026-09-27 19:37:01,764 - momentum.DataExtraction.providers.binance_provider.RateLimiter - DEBUG - Acquired 1 tokens, remaining: 999.00
2026-09-27 19:37:01,824 - urllib3.connectionpool - DEBUG - https://api.binance.com:443 "GET /api/v3/klines?endTime=1785931200000&interval=5m&limit=1000&startTime=1785631200000&symbol=ETHUSDT HTTP/1.1" 200 49067
2026-09-27 19:37:01,832 - momentum.DataExtraction.kline_provider_base.Binance - DEBUG - Fetched 1000 klines from Binance API
2026-09-27 19:37:01,832 - momentum.DataExtraction.kline_provider_base.Binance - INFO - [84%] Batch 90: downloaded 1000 klines, total: 90000 | 最後K線(UTC): 2026-08-05 11:55, 下一批次(UTC): 2026-08-05 12:00
2026-09-27 19:37:01,833 - momentum.DataExtraction.kline_provider_base.Binance - INFO - [85%] Batch 91/106: 2026-08-05 12:00 to 2026-08-08 23:20
2026-09-27 19:37:01,833 - momentum.DataExtraction.providers.binance_provider.RateLimiter - DEBUG - Acquired 1 tokens, remaining: 999.00
2026-09-27 19:37:01,896 - urllib3.connectionpool - DEBUG - https://api.binance.com:443 "GET /api/v3/klines?endTime=1786231200000&interval=5m&limit=1000&startTime=1785931200000&symbol=ETHUSDT HTTP/1.1" 200 48568
2026-09-27 19:37:01,904 - momentum.DataExtraction.kline_provider_base.Binance - DEBUG - Fetched 1000 klines from Binance API
2026-09-27 19:37:01,904 - momentum.DataExtraction.kline_provider_base.Binance - INFO - [85%] Batch 91: downloaded 1000 klines, total: 91000 | 最後K線(UTC): 2026-08-08 23:15, 下一批次(UTC): 2026-08-08 23:20
2026-09-27 19:37:01,904 - momentum.DataExtraction.kline_provider_base.Binance - INFO - [86%] Batch 92/106: 2026-08-08 23:20 to 2026-08-12 10:40
2026-09-27 19:37:01,905 - momentum.DataExtraction.providers.binance_provider.RateLimiter - DEBUG - Acquired 1 tokens, remaining: 999.00
2026-09-27 19:37:01,966 - urllib3.connectionpool - DEBUG - https://api.binance.com:443 "GET /api/v3/klines?endTime=1786531200000&interval=5m&limit=1000&startTime=1786231200000&symbol=ETHUSDT HTTP/1.1" 200 48494
2026-09-27 19:37:01,971 - momentum.DataExtraction.kline_provider_base.Binance - DEBUG - Fetched 1000 klines from Binance API
2026-09-27 19:37:01,971 - momentum.DataExtraction.kline_provider_base.Binance - INFO - [86%] Batch 92: downloaded 1000 klines, total: 92000 | 最後K線(UTC): 2026-08-12 10:35, 下一批次(UTC): 2026-08-12 10:40
2026-09-27 19:37:01,972 - momentum.DataExtraction.kline_provider_base.Binance - INFO - [87%] Batch 93/106: 2026-08-12 10:40 to 2026-08-15 22:00
2026-09-27 19:37:01,972 - momentum.DataExtraction.providers.binance_provider.RateLimiter - DEBUG - Acquired 1 tokens, remaining: 999.00
2026-09-27 19:37:02,036 - urllib3.connectionpool - DEBUG - https://api.binance.com:443 "GET /api/v3/klines?endTime=1786831200000&interval=5m&limit=1000&startTime=1786531200000&symbol=ETHUSDT HTTP/1.1" 200 48045
2026-09-27 19:37:02,042 - momentum.DataExtraction.kline_provider_base.Binance - DEBUG - Fetched 1000 klines from Binance API
2026-09-27 19:37:02,042 - momentum.DataExtraction.kline_provider_base.Binance - INFO - [87%] Batch 93: downloaded 1000 klines, total: 93000 | 最後K線(UTC): 2026-08-15 21:55, 下一批次(UTC): 2026-08-15 22:00
2026-09-27 19:37:02,042 - momentum.DataExtraction.kline_provider_base.Binance - INFO - [88%] Batch 94/106: 2026-08-15 22:00 to 2026-08-19 09:20
2026-09-27 19:37:02,042 - momentum.DataExtraction.providers.binance_provider.RateLimiter - DEBUG - Acquired 1 tokens, remaining: 999.00
2026-09-27 19:37:02,104 - urllib3.connectionpool - DEBUG - https://api.binance.com:443 "GET /api/v3/klines?endTime=1787131200000&interval=5m&limit=1000&startTime=1786831200000&symbol=ETHUSDT HTTP/1.1" 200 47856
2026-09-27 19:37:02,109 - momentum.DataExtraction.kline_provider_base.Binance - DEBUG - Fetched 1000 klines from Binance API
2026-09-27 19:37:02,109 - momentum.DataExtraction.kline_provider_base.Binance - INFO - [88%] Batch 94: downloaded 1000 klines, total: 94000 | 最後K線(UTC): 2026-08-19 09:15, 下一批次(UTC): 2026-08-19 09:20
2026-09-27 19:37:02,109 - momentum.DataExtraction.kline_provider_base.Binance - INFO - [89%] Batch 95/106: 2026-08-19 09:20 to 2026-08-22 20:40
2026-09-27 19:37:02,109 - momentum.DataExtraction.providers.binance_provider.RateLimiter - DEBUG - Acquired 1 tokens, remaining: 999.00
2026-09-27 19:37:02,173 - urllib3.connectionpool - DEBUG - https://api.binance.com:443 "GET /api/v3/klines?endTime=1787431200000&interval=5m&limit=1000&startTime=1787131200000&symbol=ETHUSDT HTTP/1.1" 200 52088
2026-09-27 19:37:02,179 - momentum.DataExtraction.kline_provider_base.Binance - DEBUG - Fetched 1000 klines from Binance API
2026-09-27 19:37:02,179 - momentum.DataExtraction.kline_provider_base.Binance - INFO - [89%] Batch 95: downloaded 1000 klines, total: 95000 | 最後K線(UTC): 2026-08-22 20:35, 下一批次(UTC): 2026-08-22 20:40
2026-09-27 19:37:02,180 - momentum.DataExtraction.kline_provider_base.Binance - INFO - [90%] Batch 96/106: 2026-08-22 20:40 to 2026-08-26 08:00
2026-09-27 19:37:02,180 - momentum.DataExtraction.providers.binance_provider.RateLimiter - DEBUG - Acquired 1 tokens, remaining: 999.00
2026-09-27 19:37:02,240 - urllib3.connectionpool - DEBUG - https://api.binance.com:443 "GET /api/v3/klines?endTime=1787731200000&interval=5m&limit=1000&startTime=1787431200000&symbol=ETHUSDT HTTP/1.1" 200 51166
2026-09-27 19:37:02,245 - momentum.DataExtraction.kline_provider_base.Binance - DEBUG - Fetched 1000 klines from Binance API
2026-09-27 19:37:02,245 - momentum.DataExtraction.kline_provider_base.Binance - INFO - [90%] Batch 96: downloaded 1000 klines, total: 96000 | 最後K線(UTC): 2026-08-26 07:55, 下一批次(UTC): 2026-08-26 08:00
2026-09-27 19:37:02,246 - momentum.DataExtraction.kline_provider_base.Binance - INFO - [91%] Batch 97/106: 2026-08-26 08:00 to 2026-08-29 19:20
2026-09-27 19:37:02,246 - momentum.DataExtraction.providers.binance_provider.RateLimiter - DEBUG - Acquired 1 tokens, remaining: 999.00
2026-09-27 19:37:02,307 - urllib3.connectionpool - DEBUG - https://api.binance.com:443 "GET /api/v3/klines?endTime=1788031200000&interval=5m&limit=1000&startTime=1787731200000&symbol=ETHUSDT HTTP/1.1" 200 50200
2026-09-27 19:37:02,312 - momentum.DataExtraction.kline_provider_base.Binance - DEBUG - Fetched 1000 klines from Binance API
2026-09-27 19:37:02,312 - momentum.DataExtraction.kline_provider_base.Binance - INFO - [91%] Batch 97: downloaded 1000 klines, total: 97000 | 最後K線(UTC): 2026-08-29 19:15, 下一批次(UTC): 2026-08-29 19:20
2026-09-27 19:37:02,312 - momentum.DataExtraction.kline_provider_base.Binance - INFO - [92%] Batch 98/106: 2026-08-29 19:20 to 2026-09-02 06:40
2026-09-27 19:37:02,312 - momentum.DataExtraction.providers.binance_provider.RateLimiter - DEBUG - Acquired 1 tokens, remaining: 999.00
2026-09-27 19:37:02,375 - urllib3.connectionpool - DEBUG - https://api.binance.com:443 "GET /api/v3/klines?endTime=1788331200000&interval=5m&limit=1000&startTime=1788031200000&symbol=ETHUSDT HTTP/1.1" 200 50137
2026-09-27 19:37:02,380 - momentum.DataExtraction.kline_provider_base.Binance - DEBUG - Fetched 1000 klines from Binance API
2026-09-27 19:37:02,380 - momentum.DataExtraction.kline_provider_base.Binance - INFO - [92%] Batch 98: downloaded 1000 klines, total: 98000 | 最後K線(UTC): 2026-09-02 06:35, 下一批次(UTC): 2026-09-02 06:40
2026-09-27 19:37:02,380 - momentum.DataExtraction.kline_provider_base.Binance - INFO - [93%] Batch 99/106: 2026-09-02 06:40 to 2026-09-05 18:00
2026-09-27 19:37:02,380 - momentum.DataExtraction.providers.binance_provider.RateLimiter - DEBUG - Acquired 1 tokens, remaining: 999.00
2026-09-27 19:37:02,441 - urllib3.connectionpool - DEBUG - https://api.binance.com:443 "GET /api/v3/klines?endTime=1788631200000&interval=5m&limit=1000&startTime=1788331200000&symbol=ETHUSDT HTTP/1.1" 200 50125
2026-09-27 19:37:02,448 - momentum.DataExtraction.kline_provider_base.Binance - DEBUG - Fetched 1000 klines from Binance API
2026-09-27 19:37:02,448 - momentum.DataExtraction.kline_provider_base.Binance - INFO - [93%] Batch 99: downloaded 1000 klines, total: 99000 | 最後K線(UTC): 2026-09-05 17:55, 下一批次(UTC): 2026-09-05 18:00
2026-09-27 19:37:02,448 - momentum.DataExtraction.kline_provider_base.Binance - INFO - [94%] Batch 100/106: 2026-09-05 18:00 to 2026-09-09 05:20
2026-09-27 19:37:02,449 - momentum.DataExtraction.providers.binance_provider.RateLimiter - DEBUG - Acquired 1 tokens, remaining: 999.00
2026-09-27 19:37:02,512 - urllib3.connectionpool - DEBUG - https://api.binance.com:443 "GET /api/v3/klines?endTime=1788931200000&interval=5m&limit=1000&startTime=1788631200000&symbol=ETHUSDT HTTP/1.1" 200 50094
2026-09-27 19:37:02,518 - momentum.DataExtraction.kline_provider_base.Binance - DEBUG - Fetched 1000 klines from Binance API
2026-09-27 19:37:02,518 - momentum.DataExtraction.kline_provider_base.Binance - INFO - [94%] Batch 100: downloaded 1000 klines, total: 100000 | 最後K線(UTC): 2026-09-09 05:15, 下一批次(UTC): 2026-09-09 05:20
2026-09-27 19:37:02,518 - momentum.DataExtraction.kline_provider_base.Binance - INFO - [95%] Batch 101/106: 2026-09-09 05:20 to 2026-09-12 16:40
2026-09-27 19:37:02,518 - momentum.DataExtraction.providers.binance_provider.RateLimiter - DEBUG - Acquired 1 tokens, remaining: 999.00
2026-09-27 19:37:02,579 - urllib3.connectionpool - DEBUG - https://api.binance.com:443 "GET /api/v3/klines?endTime=1789231200000&interval=5m&limit=1000&startTime=1788931200000&symbol=ETHUSDT HTTP/1.1" 200 50527
2026-09-27 19:37:02,582 - momentum.DataExtraction.kline_provider_base.Binance - DEBUG - Fetched 1000 klines from Binance API
2026-09-27 19:37:02,583 - momentum.DataExtraction.kline_provider_base.Binance - INFO - [95%] Batch 101: downloaded 1000 klines, total: 101000 | 最後K線(UTC): 2026-09-12 16:35, 下一批次(UTC): 2026-09-12 16:40
2026-09-27 19:37:02,583 - momentum.DataExtraction.kline_provider_base.Binance - INFO - [96%] Batch 102/106: 2026-09-12 16:40 to 2026-09-16 04:00
2026-09-27 19:37:02,583 - momentum.DataExtraction.providers.binance_provider.RateLimiter - DEBUG - Acquired 1 tokens, remaining: 999.00
2026-09-27 19:37:02,645 - urllib3.connectionpool - DEBUG - https://api.binance.com:443 "GET /api/v3/klines?endTime=1789531200000&interval=5m&limit=1000&startTime=1789231200000&symbol=ETHUSDT HTTP/1.1" 200 50296
2026-09-27 19:37:02,646 - momentum.DataExtraction.kline_provider_base.Binance - DEBUG - Fetched 1000 klines from Binance API
2026-09-27 19:37:02,647 - momentum.DataExtraction.kline_provider_base.Binance - INFO - [96%] Batch 102: downloaded 1000 klines, total: 102000 | 最後K線(UTC): 2026-09-16 03:55, 下一批次(UTC): 2026-09-16 04:00
2026-09-27 19:37:02,647 - momentum.DataExtraction.kline_provider_base.Binance - INFO - [97%] Batch 103/106: 2026-09-16 04:00 to 2026-09-19 15:20
2026-09-27 19:37:02,647 - momentum.DataExtraction.providers.binance_provider.RateLimiter - DEBUG - Acquired 1 tokens, remaining: 999.00
2026-09-27 19:37:02,706 - urllib3.connectionpool - DEBUG - https://api.binance.com:443 "GET /api/v3/klines?endTime=1789831200000&interval=5m&limit=1000&startTime=1789531200000&symbol=ETHUSDT HTTP/1.1" 200 50803
2026-09-27 19:37:02,711 - momentum.DataExtraction.kline_provider_base.Binance - DEBUG - Fetched 1000 klines from Binance API
2026-09-27 19:37:02,711 - momentum.DataExtraction.kline_provider_base.Binance - INFO - [97%] Batch 103: downloaded 1000 klines, total: 103000 | 最後K線(UTC): 2026-09-19 15:15, 下一批次(UTC): 2026-09-19 15:20
2026-09-27 19:37:02,711 - momentum.DataExtraction.kline_provider_base.Binance - INFO - [98%] Batch 104/106: 2026-09-19 15:20 to 2026-09-23 02:40
2026-09-27 19:37:02,711 - momentum.DataExtraction.providers.binance_provider.RateLimiter - DEBUG - Acquired 1 tokens, remaining: 999.00
2026-09-27 19:37:02,770 - urllib3.connectionpool - DEBUG - https://api.binance.com:443 "GET /api/v3/klines?endTime=1790131200000&interval=5m&limit=1000&startTime=1789831200000&symbol=ETHUSDT HTTP/1.1" 200 50894
2026-09-27 19:37:02,774 - momentum.DataExtraction.kline_provider_base.Binance - DEBUG - Fetched 1000 klines from Binance API
2026-09-27 19:37:02,774 - momentum.DataExtraction.kline_provider_base.Binance - INFO - [98%] Batch 104: downloaded 1000 klines, total: 104000 | 最後K線(UTC): 2026-09-23 02:35, 下一批次(UTC): 2026-09-23 02:40
2026-09-27 19:37:02,774 - momentum.DataExtraction.kline_provider_base.Binance - INFO - [99%] Batch 105/106: 2026-09-23 02:40 to 2026-09-26 14:00
2026-09-27 19:37:02,774 - momentum.DataExtraction.providers.binance_provider.RateLimiter - DEBUG - Acquired 1 tokens, remaining: 999.00
2026-09-27 19:37:02,834 - urllib3.connectionpool - DEBUG - https://api.binance.com:443 "GET /api/v3/klines?endTime=1790431200000&interval=5m&limit=1000&startTime=1790131200000&symbol=ETHUSDT HTTP/1.1" 200 50132
2026-09-27 19:37:02,838 - momentum.DataExtraction.kline_provider_base.Binance - DEBUG - Fetched 1000 klines from Binance API
2026-09-27 19:37:02,838 - momentum.DataExtraction.kline_provider_base.Binance - INFO - [99%] Batch 105: downloaded 1000 klines, total: 105000 | 最後K線(UTC): 2026-09-26 13:55, 下一批次(UTC): 2026-09-26 14:00
2026-09-27 19:37:02,838 - momentum.DataExtraction.kline_provider_base.Binance - INFO - [100%] Batch 106/106: 2026-09-26 14:00 to 2026-09-27 11:36
2026-09-27 19:37:02,838 - momentum.DataExtraction.providers.binance_provider.RateLimiter - DEBUG - Acquired 1 tokens, remaining: 999.00
2026-09-27 19:37:02,887 - urllib3.connectionpool - DEBUG - https://api.binance.com:443 "GET /api/v3/klines?endTime=1790509005000&interval=5m&limit=1000&startTime=1790431200000&symbol=ETHUSDT HTTP/1.1" 200 12666
2026-09-27 19:37:02,889 - momentum.DataExtraction.kline_provider_base.Binance - DEBUG - Fetched 260 klines from Binance API
2026-09-27 19:37:02,889 - momentum.DataExtraction.kline_provider_base.Binance - INFO - [100%] Batch 106: downloaded 260 klines, total: 105260 | 最後K線(UTC): 2026-09-27 11:35, 下一批次(UTC): 2026-09-27 11:40
2026-09-27 19:37:03,094 - momentum.DataExtraction.kline_provider_base.Binance - INFO - Download completed: 105260 klines in 106 batches
2026-09-27 19:37:03,106 - momentum.DataExtraction.kline_provider_base.Binance - DEBUG - DataFrame validation passed: 105260 rows, 10 columns
2026-09-27 19:37:03,110 - momentum.DataExtraction.kline_storage - DEBUG - Legacy cache not found for ETHUSDT/5m in data_cache
2026-09-27 19:37:03,110 - momentum.DataExtraction.kline_storage - WARNING - Dataset ETHUSDT/5m not available in storage or legacy cache
2026-09-27 19:37:03,379 - momentum.DataExtraction.kline_storage - DEBUG - Atomically renamed temp dataset to 'data'
2026-09-27 19:37:03,432 - momentum.DataExtraction.kline_storage - DEBUG - Continuity check passed for ETHUSDT/5m: 105260 bars are continuous
2026-09-27 19:37:03,432 - momentum.DataExtraction.kline_storage - INFO - Read 105260 klines from ETHUSDT/5m in 0.026s
2026-09-27 19:37:03,435 - momentum.DataExtraction.kline_storage - DEBUG - ✓ Verification passed for ETHUSDT/5m
2026-09-27 19:37:03,436 - momentum.DataExtraction.kline_storage - INFO - Updated cache index: ETHUSDT/5m (add)
2026-09-27 19:37:03,436 - momentum.DataExtraction.kline_storage - INFO - ✅ Successfully wrote 105260 klines to ETHUSDT/5m (verified)
2026-09-27 19:37:03,436 - momentum.DataExtraction.kline_download_service.KlineDownloadService - INFO - Saved 105260 klines to storage (symbol=ETHUSDT, timeframe=5m)
2026-09-27 19:37:03,436 - momentum.DataExtraction.kline_download_service.KlineDownloadService - INFO - Successfully downloaded 105260 klines in 7.72s (13642.8 klines/s)
2026-09-27 19:37:03,460 - momentum.DataExtraction.kline_storage - INFO - Read 105260 klines from ETHUSDT/5m in 0.024s
2026-09-27 19:37:03,461 - momentum.DataExtraction.kline_download_service.KlineDownloadService - INFO - Downloading ADAUSDT 1d from binance (2017-01-01 00:00:00 to 2026-09-27 11:36:45.296839)
2026-09-27 19:37:03,461 - momentum.DataExtraction.kline_provider_base.Binance - INFO - Starting download: ADAUSDT 1d from 2017-01-01 00:00:00 to 2026-09-27 11:36:45.296839 (estimated ~3556 klines in ~4 batches)
2026-09-27 19:37:03,461 - momentum.DataExtraction.kline_provider_base.Binance - INFO - [25%] Batch 1/4: 2017-01-01 00:00 to 2019-09-28 00:00
2026-09-27 19:37:03,461 - momentum.DataExtraction.providers.binance_provider.RateLimiter - DEBUG - Acquired 1 tokens, remaining: 999.00
2026-09-27 19:37:03,515 - urllib3.connectionpool - DEBUG - https://api.binance.com:443 "GET /api/v3/klines?endTime=1569628800000&interval=1d&limit=1000&startTime=1483228800000&symbol=ADAUSDT HTTP/1.1" 200 29630
2026-09-27 19:37:03,516 - momentum.DataExtraction.kline_provider_base.Binance - DEBUG - Fetched 530 klines from Binance API
2026-09-27 19:37:03,516 - momentum.DataExtraction.kline_provider_base.Binance - INFO - [25%] Batch 1: downloaded 530 klines, total: 530 | 最後K線(UTC): 2019-09-28 00:00, 下一批次(UTC): 2019-09-29 00:00
2026-09-27 19:37:03,516 - momentum.DataExtraction.kline_provider_base.Binance - INFO - [50%] Batch 2/4: 2019-09-29 00:00 to 2022-06-25 00:00
2026-09-27 19:37:03,516 - momentum.DataExtraction.providers.binance_provider.RateLimiter - DEBUG - Acquired 1 tokens, remaining: 998.93
2026-09-27 19:37:03,587 - urllib3.connectionpool - DEBUG - https://api.binance.com:443 "GET /api/v3/klines?endTime=1656115200000&interval=1d&limit=1000&startTime=1569715200000&symbol=ADAUSDT HTTP/1.1" 200 56764
2026-09-27 19:37:03,590 - momentum.DataExtraction.kline_provider_base.Binance - DEBUG - Fetched 1000 klines from Binance API
2026-09-27 19:37:03,590 - momentum.DataExtraction.kline_provider_base.Binance - INFO - [50%] Batch 2: downloaded 1000 klines, total: 1530 | 最後K線(UTC): 2022-06-24 00:00, 下一批次(UTC): 2022-06-25 00:00
2026-09-27 19:37:03,590 - momentum.DataExtraction.kline_provider_base.Binance - INFO - [75%] Batch 3/4: 2022-06-25 00:00 to 2025-03-21 00:00
2026-09-27 19:37:03,590 - momentum.DataExtraction.providers.binance_provider.RateLimiter - DEBUG - Acquired 1 tokens, remaining: 999.00
2026-09-27 19:37:03,649 - urllib3.connectionpool - DEBUG - https://api.binance.com:443 "GET /api/v3/klines?endTime=1742515200000&interval=1d&limit=1000&startTime=1656115200000&symbol=ADAUSDT HTTP/1.1" 200 54313
2026-09-27 19:37:03,651 - momentum.DataExtraction.kline_provider_base.Binance - DEBUG - Fetched 1000 klines from Binance API
2026-09-27 19:37:03,651 - momentum.DataExtraction.kline_provider_base.Binance - INFO - [75%] Batch 3: downloaded 1000 klines, total: 2530 | 最後K線(UTC): 2025-03-20 00:00, 下一批次(UTC): 2025-03-21 00:00
2026-09-27 19:37:03,651 - momentum.DataExtraction.kline_provider_base.Binance - INFO - [100%] Batch 4/4: 2025-03-21 00:00 to 2026-09-27 11:36
2026-09-27 19:37:03,651 - momentum.DataExtraction.providers.binance_provider.RateLimiter - DEBUG - Acquired 1 tokens, remaining: 999.00
2026-09-27 19:37:03,711 - urllib3.connectionpool - DEBUG - https://api.binance.com:443 "GET /api/v3/klines?endTime=1790509005000&interval=1d&limit=1000&startTime=1742515200000&symbol=ADAUSDT HTTP/1.1" 200 30391
2026-09-27 19:37:03,714 - momentum.DataExtraction.kline_provider_base.Binance - DEBUG - Fetched 556 klines from Binance API
2026-09-27 19:37:03,714 - momentum.DataExtraction.kline_provider_base.Binance - INFO - [100%] Batch 4: downloaded 556 klines, total: 3086 | 最後K線(UTC): 2026-09-27 00:00, 下一批次(UTC): 2026-09-28 00:00
2026-09-27 19:37:03,729 - momentum.DataExtraction.kline_provider_base.Binance - INFO - Download completed: 3086 klines in 4 batches
2026-09-27 19:37:03,730 - momentum.DataExtraction.kline_provider_base.Binance - DEBUG - DataFrame validation passed: 3086 rows, 10 columns
2026-09-27 19:37:03,733 - momentum.DataExtraction.kline_storage - DEBUG - Legacy cache not found for ADAUSDT/1d in data_cache
2026-09-27 19:37:03,733 - momentum.DataExtraction.kline_storage - WARNING - Dataset ADAUSDT/1d not available in storage or legacy cache
2026-09-27 19:37:03,742 - momentum.DataExtraction.kline_storage - DEBUG - Atomically renamed temp dataset to 'data'
2026-09-27 19:37:03,753 - momentum.DataExtraction.kline_storage - DEBUG - Continuity check passed for ADAUSDT/1d: 3086 bars are continuous
2026-09-27 19:37:03,753 - momentum.DataExtraction.kline_storage - INFO - Read 3086 klines from ADAUSDT/1d in 0.005s
2026-09-27 19:37:03,754 - momentum.DataExtraction.kline_storage - DEBUG - ✓ Verification passed for ADAUSDT/1d
2026-09-27 19:37:03,754 - momentum.DataExtraction.kline_storage - INFO - Updated cache index: ADAUSDT/1d (add)
2026-09-27 19:37:03,754 - momentum.DataExtraction.kline_storage - INFO - ✅ Successfully wrote 3086 klines to ADAUSDT/1d (verified)
2026-09-27 19:37:03,755 - momentum.DataExtraction.kline_download_service.KlineDownloadService - INFO - Saved 3086 klines to storage (symbol=ADAUSDT, timeframe=1d)
2026-09-27 19:37:03,755 - momentum.DataExtraction.kline_download_service.KlineDownloadService - INFO - Successfully downloaded 3086 klines in 0.27s (11497.7 klines/s)
2026-09-27 19:37:03,758 - momentum.DataExtraction.kline_storage - INFO - Read 3086 klines from ADAUSDT/1d in 0.004s
2026-09-27 19:37:03,758 - momentum.DataExtraction.kline_download_service.KlineDownloadService - INFO - Downloading ADAUSDT 5m from binance (2025-09-27 00:00:00 to 2026-09-27 11:36:45.296839)
2026-09-27 19:37:03,759 - momentum.DataExtraction.kline_provider_base.Binance - INFO - Starting download: ADAUSDT 5m from 2025-09-27 00:00:00 to 2026-09-27 11:36:45.296839 (estimated ~105259 klines in ~106 batches)
2026-09-27 19:37:03,759 - momentum.DataExtraction.kline_provider_base.Binance - INFO - [0%] Batch 1/106: 2025-09-27 00:00 to 2025-09-30 11:20
2026-09-27 19:37:03,759 - momentum.DataExtraction.providers.binance_provider.RateLimiter - DEBUG - Acquired 1 tokens, remaining: 999.00
2026-09-27 19:37:03,818 - urllib3.connectionpool - DEBUG - https://api.binance.com:443 "GET /api/v3/klines?endTime=1759231200000&interval=5m&limit=1000&startTime=1758931200000&symbol=ADAUSDT HTTP/1.1" 200 42372
2026-09-27 19:37:03,820 - momentum.DataExtraction.kline_provider_base.Binance - DEBUG - Fetched 1000 klines from Binance API
2026-09-27 19:37:03,821 - momentum.DataExtraction.kline_provider_base.Binance - INFO - [0%] Batch 1: downloaded 1000 klines, total: 1000 | 最後K線(UTC): 2025-09-30 11:15, 下一批次(UTC): 2025-09-30 11:20
2026-09-27 19:37:03,821 - momentum.DataExtraction.kline_provider_base.Binance - INFO - [1%] Batch 2/106: 2025-09-30 11:20 to 2025-10-03 22:40
2026-09-27 19:37:03,821 - momentum.DataExtraction.providers.binance_provider.RateLimiter - DEBUG - Acquired 1 tokens, remaining: 999.00
2026-09-27 19:37:03,882 - urllib3.connectionpool - DEBUG - https://api.binance.com:443 "GET /api/v3/klines?endTime=1759531200000&interval=5m&limit=1000&startTime=1759231200000&symbol=ADAUSDT HTTP/1.1" 200 43732
2026-09-27 19:37:03,883 - momentum.DataExtraction.kline_provider_base.Binance - DEBUG - Fetched 1000 klines from Binance API
2026-09-27 19:37:03,883 - momentum.DataExtraction.kline_provider_base.Binance - INFO - [1%] Batch 2: downloaded 1000 klines, total: 2000 | 最後K線(UTC): 2025-10-03 22:35, 下一批次(UTC): 2025-10-03 22:40
2026-09-27 19:37:03,883 - momentum.DataExtraction.kline_provider_base.Binance - INFO - [2%] Batch 3/106: 2025-10-03 22:40 to 2025-10-07 10:00
2026-09-27 19:37:03,883 - momentum.DataExtraction.providers.binance_provider.RateLimiter - DEBUG - Acquired 1 tokens, remaining: 999.00
2026-09-27 19:37:03,942 - urllib3.connectionpool - DEBUG - https://api.binance.com:443 "GET /api/v3/klines?endTime=1759831200000&interval=5m&limit=1000&startTime=1759531200000&symbol=ADAUSDT HTTP/1.1" 200 43716
2026-09-27 19:37:03,945 - momentum.DataExtraction.kline_provider_base.Binance - DEBUG - Fetched 1000 klines from Binance API
2026-09-27 19:37:03,945 - momentum.DataExtraction.kline_provider_base.Binance - INFO - [2%] Batch 3: downloaded 1000 klines, total: 3000 | 最後K線(UTC): 2025-10-07 09:55, 下一批次(UTC): 2025-10-07 10:00
2026-09-27 19:37:03,945 - momentum.DataExtraction.kline_provider_base.Binance - INFO - [3%] Batch 4/106: 2025-10-07 10:00 to 2025-10-10 21:20
2026-09-27 19:37:03,945 - momentum.DataExtraction.providers.binance_provider.RateLimiter - DEBUG - Acquired 1 tokens, remaining: 999.00
2026-09-27 19:37:04,008 - urllib3.connectionpool - DEBUG - https://api.binance.com:443 "GET /api/v3/klines?endTime=1760131200000&interval=5m&limit=1000&startTime=1759831200000&symbol=ADAUSDT HTTP/1.1" 200 43927
2026-09-27 19:37:04,012 - momentum.DataExtraction.kline_provider_base.Binance - DEBUG - Fetched 1000 klines from Binance API
2026-09-27 19:37:04,013 - momentum.DataExtraction.kline_provider_base.Binance - INFO - [3%] Batch 4: downloaded 1000 klines, total: 4000 | 最後K線(UTC): 2025-10-10 21:15, 下一批次(UTC): 2025-10-10 21:20
2026-09-27 19:37:04,013 - momentum.DataExtraction.kline_provider_base.Binance - INFO - [4%] Batch 5/106: 2025-10-10 21:20 to 2025-10-14 08:40
2026-09-27 19:37:04,013 - momentum.DataExtraction.providers.binance_provider.RateLimiter - DEBUG - Acquired 1 tokens, remaining: 999.00
2026-09-27 19:37:04,075 - urllib3.connectionpool - DEBUG - https://api.binance.com:443 "GET /api/v3/klines?endTime=1760431200000&interval=5m&limit=1000&startTime=1760131200000&symbol=ADAUSDT HTTP/1.1" 200 45438
2026-09-27 19:37:04,082 - momentum.DataExtraction.kline_provider_base.Binance - DEBUG - Fetched 1000 klines from Binance API
2026-09-27 19:37:04,082 - momentum.DataExtraction.kline_provider_base.Binance - INFO - [4%] Batch 5: downloaded 1000 klines, total: 5000 | 最後K線(UTC): 2025-10-14 08:35, 下一批次(UTC): 2025-10-14 08:40
2026-09-27 19:37:04,082 - momentum.DataExtraction.kline_provider_base.Binance - INFO - [5%] Batch 6/106: 2025-10-14 08:40 to 2025-10-17 20:00
2026-09-27 19:37:04,082 - momentum.DataExtraction.providers.binance_provider.RateLimiter - DEBUG - Acquired 1 tokens, remaining: 999.00
2026-09-27 19:37:04,150 - urllib3.connectionpool - DEBUG - https://api.binance.com:443 "GET /api/v3/klines?endTime=1760731200000&interval=5m&limit=1000&startTime=1760431200000&symbol=ADAUSDT HTTP/1.1" 200 44587
2026-09-27 19:37:04,155 - momentum.DataExtraction.kline_provider_base.Binance - DEBUG - Fetched 1000 klines from Binance API
2026-09-27 19:37:04,155 - momentum.DataExtraction.kline_provider_base.Binance - INFO - [5%] Batch 6: downloaded 1000 klines, total: 6000 | 最後K線(UTC): 2025-10-17 19:55, 下一批次(UTC): 2025-10-17 20:00
2026-09-27 19:37:04,155 - momentum.DataExtraction.kline_provider_base.Binance - INFO - [6%] Batch 7/106: 2025-10-17 20:00 to 2025-10-21 07:20
2026-09-27 19:37:04,155 - momentum.DataExtraction.providers.binance_provider.RateLimiter - DEBUG - Acquired 1 tokens, remaining: 999.00
2026-09-27 19:37:04,215 - urllib3.connectionpool - DEBUG - https://api.binance.com:443 "GET /api/v3/klines?endTime=1761031200000&interval=5m&limit=1000&startTime=1760731200000&symbol=ADAUSDT HTTP/1.1" 200 43008
2026-09-27 19:37:04,220 - momentum.DataExtraction.kline_provider_base.Binance - DEBUG - Fetched 1000 klines from Binance API
2026-09-27 19:37:04,220 - momentum.DataExtraction.kline_provider_base.Binance - INFO - [6%] Batch 7: downloaded 1000 klines, total: 7000 | 最後K線(UTC): 2025-10-21 07:15, 下一批次(UTC): 2025-10-21 07:20
2026-09-27 19:37:04,220 - momentum.DataExtraction.kline_provider_base.Binance - INFO - [7%] Batch 8/106: 2025-10-21 07:20 to 2025-10-24 18:40
2026-09-27 19:37:04,220 - momentum.DataExtraction.providers.binance_provider.RateLimiter - DEBUG - Acquired 1 tokens, remaining: 999.00
2026-09-27 19:37:04,280 - urllib3.connectionpool - DEBUG - https://api.binance.com:443 "GET /api/v3/klines?endTime=1761331200000&interval=5m&limit=1000&startTime=1761031200000&symbol=ADAUSDT HTTP/1.1" 200 43340
2026-09-27 19:37:04,285 - momentum.DataExtraction.kline_provider_base.Binance - DEBUG - Fetched 1000 klines from Binance API
2026-09-27 19:37:04,285 - momentum.DataExtraction.kline_provider_base.Binance - INFO - [7%] Batch 8: downloaded 1000 klines, total: 8000 | 最後K線(UTC): 2025-10-24 18:35, 下一批次(UTC): 2025-10-24 18:40
2026-09-27 19:37:04,285 - momentum.DataExtraction.kline_provider_base.Binance - INFO - [8%] Batch 9/106: 2025-10-24 18:40 to 2025-10-28 06:00
2026-09-27 19:37:04,285 - momentum.DataExtraction.providers.binance_provider.RateLimiter - DEBUG - Acquired 1 tokens, remaining: 999.00
2026-09-27 19:37:04,346 - urllib3.connectionpool - DEBUG - https://api.binance.com:443 "GET /api/v3/klines?endTime=1761631200000&interval=5m&limit=1000&startTime=1761331200000&symbol=ADAUSDT HTTP/1.1" 200 42149
2026-09-27 19:37:04,352 - momentum.DataExtraction.kline_provider_base.Binance - DEBUG - Fetched 1000 klines from Binance API
2026-09-27 19:37:04,353 - momentum.DataExtraction.kline_provider_base.Binance - INFO - [8%] Batch 9: downloaded 1000 klines, total: 9000 | 最後K線(UTC): 2025-10-28 05:55, 下一批次(UTC): 2025-10-28 06:00
2026-09-27 19:37:04,353 - momentum.DataExtraction.kline_provider_base.Binance - INFO - [9%] Batch 10/106: 2025-10-28 06:00 to 2025-10-31 17:20
2026-09-27 19:37:04,353 - momentum.DataExtraction.providers.binance_provider.RateLimiter - DEBUG - Acquired 1 tokens, remaining: 999.00
2026-09-27 19:37:04,414 - urllib3.connectionpool - DEBUG - https://api.binance.com:443 "GET /api/v3/klines?endTime=1761931200000&interval=5m&limit=1000&startTime=1761631200000&symbol=ADAUSDT HTTP/1.1" 200 43450
2026-09-27 19:37:04,419 - momentum.DataExtraction.kline_provider_base.Binance - DEBUG - Fetched 1000 klines from Binance API
2026-09-27 19:37:04,419 - momentum.DataExtraction.kline_provider_base.Binance - INFO - [9%] Batch 10: downloaded 1000 klines, total: 10000 | 最後K線(UTC): 2025-10-31 17:15, 下一批次(UTC): 2025-10-31 17:20
2026-09-27 19:37:04,419 - momentum.DataExtraction.kline_provider_base.Binance - INFO - [10%] Batch 11/106: 2025-10-31 17:20 to 2025-11-04 04:40
2026-09-27 19:37:04,419 - momentum.DataExtraction.providers.binance_provider.RateLimiter - DEBUG - Acquired 1 tokens, remaining: 999.00
2026-09-27 19:37:04,481 - urllib3.connectionpool - DEBUG - https://api.binance.com:443 "GET /api/v3/klines?endTime=1762231200000&interval=5m&limit=1000&startTime=1761931200000&symbol=ADAUSDT HTTP/1.1" 200 42597
2026-09-27 19:37:04,487 - momentum.DataExtraction.kline_provider_base.Binance - DEBUG - Fetched 1000 klines from Binance API
2026-09-27 19:37:04,487 - momentum.DataExtraction.kline_provider_base.Binance - INFO - [10%] Batch 11: downloaded 1000 klines, total: 11000 | 最後K線(UTC): 2025-11-04 04:35, 下一批次(UTC): 2025-11-04 04:40
2026-09-27 19:37:04,487 - momentum.DataExtraction.kline_provider_base.Binance - INFO - [11%] Batch 12/106: 2025-11-04 04:40 to 2025-11-07 16:00
2026-09-27 19:37:04,487 - momentum.DataExtraction.providers.binance_provider.RateLimiter - DEBUG - Acquired 1 tokens, remaining: 999.00
2026-09-27 19:37:04,551 - urllib3.connectionpool - DEBUG - https://api.binance.com:443 "GET /api/v3/klines?endTime=1762531200000&interval=5m&limit=1000&startTime=1762231200000&symbol=ADAUSDT HTTP/1.1" 200 44168
2026-09-27 19:37:04,556 - momentum.DataExtraction.kline_provider_base.Binance - DEBUG - Fetched 1000 klines from Binance API
2026-09-27 19:37:04,556 - momentum.DataExtraction.kline_provider_base.Binance - INFO - [11%] Batch 12: downloaded 1000 klines, total: 12000 | 最後K線(UTC): 2025-11-07 15:55, 下一批次(UTC): 2025-11-07 16:00
2026-09-27 19:37:04,556 - momentum.DataExtraction.kline_provider_base.Binance - INFO - [12%] Batch 13/106: 2025-11-07 16:00 to 2025-11-11 03:20
2026-09-27 19:37:04,556 - momentum.DataExtraction.providers.binance_provider.RateLimiter - DEBUG - Acquired 1 tokens, remaining: 999.00
2026-09-27 19:37:04,620 - urllib3.connectionpool - DEBUG - https://api.binance.com:443 "GET /api/v3/klines?endTime=1762831200000&interval=5m&limit=1000&startTime=1762531200000&symbol=ADAUSDT HTTP/1.1" 200 43462
2026-09-27 19:37:04,626 - momentum.DataExtraction.kline_provider_base.Binance - DEBUG - Fetched 1000 klines from Binance API
2026-09-27 19:37:04,626 - momentum.DataExtraction.kline_provider_base.Binance - INFO - [12%] Batch 13: downloaded 1000 klines, total: 13000 | 最後K線(UTC): 2025-11-11 03:15, 下一批次(UTC): 2025-11-11 03:20
2026-09-27 19:37:04,626 - momentum.DataExtraction.kline_provider_base.Binance - INFO - [13%] Batch 14/106: 2025-11-11 03:20 to 2025-11-14 14:40
2026-09-27 19:37:04,626 - momentum.DataExtraction.providers.binance_provider.RateLimiter - DEBUG - Acquired 1 tokens, remaining: 999.00
2026-09-27 19:37:04,686 - urllib3.connectionpool - DEBUG - https://api.binance.com:443 "GET /api/v3/klines?endTime=1763131200000&interval=5m&limit=1000&startTime=1762831200000&symbol=ADAUSDT HTTP/1.1" 200 43620
2026-09-27 19:37:04,690 - momentum.DataExtraction.kline_provider_base.Binance - DEBUG - Fetched 1000 klines from Binance API
2026-09-27 19:37:04,690 - momentum.DataExtraction.kline_provider_base.Binance - INFO - [13%] Batch 14: downloaded 1000 klines, total: 14000 | 最後K線(UTC): 2025-11-14 14:35, 下一批次(UTC): 2025-11-14 14:40
2026-09-27 19:37:04,690 - momentum.DataExtraction.kline_provider_base.Binance - INFO - [14%] Batch 15/106: 2025-11-14 14:40 to 2025-11-18 02:00
2026-09-27 19:37:04,690 - momentum.DataExtraction.providers.binance_provider.RateLimiter - DEBUG - Acquired 1 tokens, remaining: 999.00
2026-09-27 19:37:04,752 - urllib3.connectionpool - DEBUG - https://api.binance.com:443 "GET /api/v3/klines?endTime=1763431200000&interval=5m&limit=1000&startTime=1763131200000&symbol=ADAUSDT HTTP/1.1" 200 43359
2026-09-27 19:37:04,755 - momentum.DataExtraction.kline_provider_base.Binance - DEBUG - Fetched 1000 klines from Binance API
2026-09-27 19:37:04,755 - momentum.DataExtraction.kline_provider_base.Binance - INFO - [14%] Batch 15: downloaded 1000 klines, total: 15000 | 最後K線(UTC): 2025-11-18 01:55, 下一批次(UTC): 2025-11-18 02:00
2026-09-27 19:37:04,755 - momentum.DataExtraction.kline_provider_base.Binance - INFO - [15%] Batch 16/106: 2025-11-18 02:00 to 2025-11-21 13:20
2026-09-27 19:37:04,755 - momentum.DataExtraction.providers.binance_provider.RateLimiter - DEBUG - Acquired 1 tokens, remaining: 999.00
2026-09-27 19:37:04,817 - urllib3.connectionpool - DEBUG - https://api.binance.com:443 "GET /api/v3/klines?endTime=1763731200000&interval=5m&limit=1000&startTime=1763431200000&symbol=ADAUSDT HTTP/1.1" 200 43951
2026-09-27 19:37:04,820 - momentum.DataExtraction.kline_provider_base.Binance - DEBUG - Fetched 1000 klines from Binance API
2026-09-27 19:37:04,821 - momentum.DataExtraction.kline_provider_base.Binance - INFO - [15%] Batch 16: downloaded 1000 klines, total: 16000 | 最後K線(UTC): 2025-11-21 13:15, 下一批次(UTC): 2025-11-21 13:20
2026-09-27 19:37:04,821 - momentum.DataExtraction.kline_provider_base.Binance - INFO - [16%] Batch 17/106: 2025-11-21 13:20 to 2025-11-25 00:40
2026-09-27 19:37:04,821 - momentum.DataExtraction.providers.binance_provider.RateLimiter - DEBUG - Acquired 1 tokens, remaining: 999.00
2026-09-27 19:37:04,891 - urllib3.connectionpool - DEBUG - https://api.binance.com:443 "GET /api/v3/klines?endTime=1764031200000&interval=5m&limit=1000&startTime=1763731200000&symbol=ADAUSDT HTTP/1.1" 200 43021
2026-09-27 19:37:04,899 - momentum.DataExtraction.kline_provider_base.Binance - DEBUG - Fetched 1000 klines from Binance API
2026-09-27 19:37:04,901 - momentum.DataExtraction.kline_provider_base.Binance - INFO - [16%] Batch 17: downloaded 1000 klines, total: 17000 | 最後K線(UTC): 2025-11-25 00:35, 下一批次(UTC): 2025-11-25 00:40
2026-09-27 19:37:04,903 - momentum.DataExtraction.kline_provider_base.Binance - INFO - [16%] Batch 18/106: 2025-11-25 00:40 to 2025-11-28 12:00
2026-09-27 19:37:04,907 - momentum.DataExtraction.providers.binance_provider.RateLimiter - DEBUG - Acquired 1 tokens, remaining: 999.00
2026-09-27 19:37:04,990 - urllib3.connectionpool - DEBUG - https://api.binance.com:443 "GET /api/v3/klines?endTime=1764331200000&interval=5m&limit=1000&startTime=1764031200000&symbol=ADAUSDT HTTP/1.1" 200 42192
2026-09-27 19:37:04,992 - momentum.DataExtraction.kline_provider_base.Binance - DEBUG - Fetched 1000 klines from Binance API
2026-09-27 19:37:04,992 - momentum.DataExtraction.kline_provider_base.Binance - INFO - [16%] Batch 18: downloaded 1000 klines, total: 18000 | 最後K線(UTC): 2025-11-28 11:55, 下一批次(UTC): 2025-11-28 12:00
2026-09-27 19:37:04,992 - momentum.DataExtraction.kline_provider_base.Binance - INFO - [17%] Batch 19/106: 2025-11-28 12:00 to 2025-12-01 23:20
2026-09-27 19:37:04,992 - momentum.DataExtraction.providers.binance_provider.RateLimiter - DEBUG - Acquired 1 tokens, remaining: 999.00
2026-09-27 19:37:05,055 - urllib3.connectionpool - DEBUG - https://api.binance.com:443 "GET /api/v3/klines?endTime=1764631200000&interval=5m&limit=1000&startTime=1764331200000&symbol=ADAUSDT HTTP/1.1" 200 41911
2026-09-27 19:37:05,057 - momentum.DataExtraction.kline_provider_base.Binance - DEBUG - Fetched 1000 klines from Binance API
2026-09-27 19:37:05,057 - momentum.DataExtraction.kline_provider_base.Binance - INFO - [17%] Batch 19: downloaded 1000 klines, total: 19000 | 最後K線(UTC): 2025-12-01 23:15, 下一批次(UTC): 2025-12-01 23:20
2026-09-27 19:37:05,057 - momentum.DataExtraction.kline_provider_base.Binance - INFO - [18%] Batch 20/106: 2025-12-01 23:20 to 2025-12-05 10:40
2026-09-27 19:37:05,057 - momentum.DataExtraction.providers.binance_provider.RateLimiter - DEBUG - Acquired 1 tokens, remaining: 999.00
2026-09-27 19:37:05,116 - urllib3.connectionpool - DEBUG - https://api.binance.com:443 "GET /api/v3/klines?endTime=1764931200000&interval=5m&limit=1000&startTime=1764631200000&symbol=ADAUSDT HTTP/1.1" 200 42543
2026-09-27 19:37:05,118 - momentum.DataExtraction.kline_provider_base.Binance - DEBUG - Fetched 1000 klines from Binance API
2026-09-27 19:37:05,118 - momentum.DataExtraction.kline_provider_base.Binance - INFO - [18%] Batch 20: downloaded 1000 klines, total: 20000 | 最後K線(UTC): 2025-12-05 10:35, 下一批次(UTC): 2025-12-05 10:40
2026-09-27 19:37:05,118 - momentum.DataExtraction.kline_provider_base.Binance - INFO - [19%] Batch 21/106: 2025-12-05 10:40 to 2025-12-08 22:00
2026-09-27 19:37:05,118 - momentum.DataExtraction.providers.binance_provider.RateLimiter - DEBUG - Acquired 1 tokens, remaining: 999.00
2026-09-27 19:37:05,176 - urllib3.connectionpool - DEBUG - https://api.binance.com:443 "GET /api/v3/klines?endTime=1765231200000&interval=5m&limit=1000&startTime=1764931200000&symbol=ADAUSDT HTTP/1.1" 200 41858
2026-09-27 19:37:05,178 - momentum.DataExtraction.kline_provider_base.Binance - DEBUG - Fetched 1000 klines from Binance API
2026-09-27 19:37:05,178 - momentum.DataExtraction.kline_provider_base.Binance - INFO - [19%] Batch 21: downloaded 1000 klines, total: 21000 | 最後K線(UTC): 2025-12-08 21:55, 下一批次(UTC): 2025-12-08 22:00
2026-09-27 19:37:05,178 - momentum.DataExtraction.kline_provider_base.Binance - INFO - [20%] Batch 22/106: 2025-12-08 22:00 to 2025-12-12 09:20
2026-09-27 19:37:05,178 - momentum.DataExtraction.providers.binance_provider.RateLimiter - DEBUG - Acquired 1 tokens, remaining: 999.00
2026-09-27 19:37:05,242 - urllib3.connectionpool - DEBUG - https://api.binance.com:443 "GET /api/v3/klines?endTime=1765531200000&interval=5m&limit=1000&startTime=1765231200000&symbol=ADAUSDT HTTP/1.1" 200 43499
2026-09-27 19:37:05,244 - momentum.DataExtraction.kline_provider_base.Binance - DEBUG - Fetched 1000 klines from Binance API
2026-09-27 19:37:05,244 - momentum.DataExtraction.kline_provider_base.Binance - INFO - [20%] Batch 22: downloaded 1000 klines, total: 22000 | 最後K線(UTC): 2025-12-12 09:15, 下一批次(UTC): 2025-12-12 09:20
2026-09-27 19:37:05,244 - momentum.DataExtraction.kline_provider_base.Binance - INFO - [21%] Batch 23/106: 2025-12-12 09:20 to 2025-12-15 20:40
2026-09-27 19:37:05,244 - momentum.DataExtraction.providers.binance_provider.RateLimiter - DEBUG - Acquired 1 tokens, remaining: 999.00
2026-09-27 19:37:05,305 - urllib3.connectionpool - DEBUG - https://api.binance.com:443 "GET /api/v3/klines?endTime=1765831200000&interval=5m&limit=1000&startTime=1765531200000&symbol=ADAUSDT HTTP/1.1" 200 41380
2026-09-27 19:37:05,307 - momentum.DataExtraction.kline_provider_base.Binance - DEBUG - Fetched 1000 klines from Binance API
2026-09-27 19:37:05,308 - momentum.DataExtraction.kline_provider_base.Binance - INFO - [21%] Batch 23: downloaded 1000 klines, total: 23000 | 最後K線(UTC): 2025-12-15 20:35, 下一批次(UTC): 2025-12-15 20:40
2026-09-27 19:37:05,308 - momentum.DataExtraction.kline_provider_base.Binance - INFO - [22%] Batch 24/106: 2025-12-15 20:40 to 2025-12-19 08:00
2026-09-27 19:37:05,308 - momentum.DataExtraction.providers.binance_provider.RateLimiter - DEBUG - Acquired 1 tokens, remaining: 999.00
2026-09-27 19:37:05,384 - urllib3.connectionpool - DEBUG - https://api.binance.com:443 "GET /api/v3/klines?endTime=1766131200000&interval=5m&limit=1000&startTime=1765831200000&symbol=ADAUSDT HTTP/1.1" 200 42057
2026-09-27 19:37:05,389 - momentum.DataExtraction.kline_provider_base.Binance - DEBUG - Fetched 1000 klines from Binance API
2026-09-27 19:37:05,389 - momentum.DataExtraction.kline_provider_base.Binance - INFO - [22%] Batch 24: downloaded 1000 klines, total: 24000 | 最後K線(UTC): 2025-12-19 07:55, 下一批次(UTC): 2025-12-19 08:00
2026-09-27 19:37:05,389 - momentum.DataExtraction.kline_provider_base.Binance - INFO - [23%] Batch 25/106: 2025-12-19 08:00 to 2025-12-22 19:20
2026-09-27 19:37:05,389 - momentum.DataExtraction.providers.binance_provider.RateLimiter - DEBUG - Acquired 1 tokens, remaining: 999.00
2026-09-27 19:37:05,449 - urllib3.connectionpool - DEBUG - https://api.binance.com:443 "GET /api/v3/klines?endTime=1766431200000&interval=5m&limit=1000&startTime=1766131200000&symbol=ADAUSDT HTTP/1.1" 200 41301
2026-09-27 19:37:05,451 - momentum.DataExtraction.kline_provider_base.Binance - DEBUG - Fetched 1000 klines from Binance API
2026-09-27 19:37:05,451 - momentum.DataExtraction.kline_provider_base.Binance - INFO - [23%] Batch 25: downloaded 1000 klines, total: 25000 | 最後K線(UTC): 2025-12-22 19:15, 下一批次(UTC): 2025-12-22 19:20
2026-09-27 19:37:05,451 - momentum.DataExtraction.kline_provider_base.Binance - INFO - [24%] Batch 26/106: 2025-12-22 19:20 to 2025-12-26 06:40
2026-09-27 19:37:05,451 - momentum.DataExtraction.providers.binance_provider.RateLimiter - DEBUG - Acquired 1 tokens, remaining: 999.00
2026-09-27 19:37:05,512 - urllib3.connectionpool - DEBUG - https://api.binance.com:443 "GET /api/v3/klines?endTime=1766731200000&interval=5m&limit=1000&startTime=1766431200000&symbol=ADAUSDT HTTP/1.1" 200 41402
2026-09-27 19:37:05,514 - momentum.DataExtraction.kline_provider_base.Binance - DEBUG - Fetched 1000 klines from Binance API
2026-09-27 19:37:05,514 - momentum.DataExtraction.kline_provider_base.Binance - INFO - [24%] Batch 26: downloaded 1000 klines, total: 26000 | 最後K線(UTC): 2025-12-26 06:35, 下一批次(UTC): 2025-12-26 06:40
2026-09-27 19:37:05,514 - momentum.DataExtraction.kline_provider_base.Binance - INFO - [25%] Batch 27/106: 2025-12-26 06:40 to 2025-12-29 18:00
2026-09-27 19:37:05,514 - momentum.DataExtraction.providers.binance_provider.RateLimiter - DEBUG - Acquired 1 tokens, remaining: 999.00
2026-09-27 19:37:05,582 - urllib3.connectionpool - DEBUG - https://api.binance.com:443 "GET /api/v3/klines?endTime=1767031200000&interval=5m&limit=1000&startTime=1766731200000&symbol=ADAUSDT HTTP/1.1" 200 41457
2026-09-27 19:37:05,583 - momentum.DataExtraction.kline_provider_base.Binance - DEBUG - Fetched 1000 klines from Binance API
2026-09-27 19:37:05,584 - momentum.DataExtraction.kline_provider_base.Binance - INFO - [25%] Batch 27: downloaded 1000 klines, total: 27000 | 最後K線(UTC): 2025-12-29 17:55, 下一批次(UTC): 2025-12-29 18:00
2026-09-27 19:37:05,584 - momentum.DataExtraction.kline_provider_base.Binance - INFO - [26%] Batch 28/106: 2025-12-29 18:00 to 2026-01-02 05:20
2026-09-27 19:37:05,584 - momentum.DataExtraction.providers.binance_provider.RateLimiter - DEBUG - Acquired 1 tokens, remaining: 999.00
2026-09-27 19:37:05,645 - urllib3.connectionpool - DEBUG - https://api.binance.com:443 "GET /api/v3/klines?endTime=1767331200000&interval=5m&limit=1000&startTime=1767031200000&symbol=ADAUSDT HTTP/1.1" 200 41342
2026-09-27 19:37:05,648 - momentum.DataExtraction.kline_provider_base.Binance - DEBUG - Fetched 1000 klines from Binance API
2026-09-27 19:37:05,649 - momentum.DataExtraction.kline_provider_base.Binance - INFO - [26%] Batch 28: downloaded 1000 klines, total: 28000 | 最後K線(UTC): 2026-01-02 05:15, 下一批次(UTC): 2026-01-02 05:20
2026-09-27 19:37:05,649 - momentum.DataExtraction.kline_provider_base.Binance - INFO - [27%] Batch 29/106: 2026-01-02 05:20 to 2026-01-05 16:40
2026-09-27 19:37:05,649 - momentum.DataExtraction.providers.binance_provider.RateLimiter - DEBUG - Acquired 1 tokens, remaining: 999.00
2026-09-27 19:37:05,715 - urllib3.connectionpool - DEBUG - https://api.binance.com:443 "GET /api/v3/klines?endTime=1767631200000&interval=5m&limit=1000&startTime=1767331200000&symbol=ADAUSDT HTTP/1.1" 200 42561
2026-09-27 19:37:05,718 - momentum.DataExtraction.kline_provider_base.Binance - DEBUG - Fetched 1000 klines from Binance API
2026-09-27 19:37:05,719 - momentum.DataExtraction.kline_provider_base.Binance - INFO - [27%] Batch 29: downloaded 1000 klines, total: 29000 | 最後K線(UTC): 2026-01-05 16:35, 下一批次(UTC): 2026-01-05 16:40
2026-09-27 19:37:05,719 - momentum.DataExtraction.kline_provider_base.Binance - INFO - [28%] Batch 30/106: 2026-01-05 16:40 to 2026-01-09 04:00
2026-09-27 19:37:05,719 - momentum.DataExtraction.providers.binance_provider.RateLimiter - DEBUG - Acquired 1 tokens, remaining: 999.00
2026-09-27 19:37:05,782 - urllib3.connectionpool - DEBUG - https://api.binance.com:443 "GET /api/v3/klines?endTime=1767931200000&interval=5m&limit=1000&startTime=1767631200000&symbol=ADAUSDT HTTP/1.1" 200 42730
2026-09-27 19:37:05,784 - momentum.DataExtraction.kline_provider_base.Binance - DEBUG - Fetched 1000 klines from Binance API
2026-09-27 19:37:05,785 - momentum.DataExtraction.kline_provider_base.Binance - INFO - [28%] Batch 30: downloaded 1000 klines, total: 30000 | 最後K線(UTC): 2026-01-09 03:55, 下一批次(UTC): 2026-01-09 04:00
2026-09-27 19:37:05,785 - momentum.DataExtraction.kline_provider_base.Binance - INFO - [29%] Batch 31/106: 2026-01-09 04:00 to 2026-01-12 15:20
2026-09-27 19:37:05,785 - momentum.DataExtraction.providers.binance_provider.RateLimiter - DEBUG - Acquired 1 tokens, remaining: 999.00
2026-09-27 19:37:05,846 - urllib3.connectionpool - DEBUG - https://api.binance.com:443 "GET /api/v3/klines?endTime=1768231200000&interval=5m&limit=1000&startTime=1767931200000&symbol=ADAUSDT HTTP/1.1" 200 41010
2026-09-27 19:37:05,848 - momentum.DataExtraction.kline_provider_base.Binance - DEBUG - Fetched 1000 klines from Binance API
2026-09-27 19:37:05,848 - momentum.DataExtraction.kline_provider_base.Binance - INFO - [29%] Batch 31: downloaded 1000 klines, total: 31000 | 最後K線(UTC): 2026-01-12 15:15, 下一批次(UTC): 2026-01-12 15:20
2026-09-27 19:37:05,848 - momentum.DataExtraction.kline_provider_base.Binance - INFO - [30%] Batch 32/106: 2026-01-12 15:20 to 2026-01-16 02:40
2026-09-27 19:37:05,848 - momentum.DataExtraction.providers.binance_provider.RateLimiter - DEBUG - Acquired 1 tokens, remaining: 999.00
2026-09-27 19:37:05,907 - urllib3.connectionpool - DEBUG - https://api.binance.com:443 "GET /api/v3/klines?endTime=1768531200000&interval=5m&limit=1000&startTime=1768231200000&symbol=ADAUSDT HTTP/1.1" 200 42750
2026-09-27 19:37:05,908 - momentum.DataExtraction.kline_provider_base.Binance - DEBUG - Fetched 1000 klines from Binance API
2026-09-27 19:37:05,909 - momentum.DataExtraction.kline_provider_base.Binance - INFO - [30%] Batch 32: downloaded 1000 klines, total: 32000 | 最後K線(UTC): 2026-01-16 02:35, 下一批次(UTC): 2026-01-16 02:40
2026-09-27 19:37:05,909 - momentum.DataExtraction.kline_provider_base.Binance - INFO - [31%] Batch 33/106: 2026-01-16 02:40 to 2026-01-19 14:00
2026-09-27 19:37:05,909 - momentum.DataExtraction.providers.binance_provider.RateLimiter - DEBUG - Acquired 1 tokens, remaining: 999.00
2026-09-27 19:37:05,969 - urllib3.connectionpool - DEBUG - https://api.binance.com:443 "GET /api/v3/klines?endTime=1768831200000&interval=5m&limit=1000&startTime=1768531200000&symbol=ADAUSDT HTTP/1.1" 200 41286
2026-09-27 19:37:05,970 - momentum.DataExtraction.kline_provider_base.Binance - DEBUG - Fetched 1000 klines from Binance API
2026-09-27 19:37:05,970 - momentum.DataExtraction.kline_provider_base.Binance - INFO - [31%] Batch 33: downloaded 1000 klines, total: 33000 | 最後K線(UTC): 2026-01-19 13:55, 下一批次(UTC): 2026-01-19 14:00
2026-09-27 19:37:05,970 - momentum.DataExtraction.kline_provider_base.Binance - INFO - [32%] Batch 34/106: 2026-01-19 14:00 to 2026-01-23 01:20
2026-09-27 19:37:05,970 - momentum.DataExtraction.providers.binance_provider.RateLimiter - DEBUG - Acquired 1 tokens, remaining: 999.00
2026-09-27 19:37:06,029 - urllib3.connectionpool - DEBUG - https://api.binance.com:443 "GET /api/v3/klines?endTime=1769131200000&interval=5m&limit=1000&startTime=1768831200000&symbol=ADAUSDT HTTP/1.1" 200 41830
2026-09-27 19:37:06,031 - momentum.DataExtraction.kline_provider_base.Binance - DEBUG - Fetched 1000 klines from Binance API
2026-09-27 19:37:06,031 - momentum.DataExtraction.kline_provider_base.Binance - INFO - [32%] Batch 34: downloaded 1000 klines, total: 34000 | 最後K線(UTC): 2026-01-23 01:15, 下一批次(UTC): 2026-01-23 01:20
2026-09-27 19:37:06,031 - momentum.DataExtraction.kline_provider_base.Binance - INFO - [33%] Batch 35/106: 2026-01-23 01:20 to 2026-01-26 12:40
2026-09-27 19:37:06,031 - momentum.DataExtraction.providers.binance_provider.RateLimiter - DEBUG - Acquired 1 tokens, remaining: 999.00
2026-09-27 19:37:06,089 - urllib3.connectionpool - DEBUG - https://api.binance.com:443 "GET /api/v3/klines?endTime=1769431200000&interval=5m&limit=1000&startTime=1769131200000&symbol=ADAUSDT HTTP/1.1" 200 40318
2026-09-27 19:37:06,090 - momentum.DataExtraction.kline_provider_base.Binance - DEBUG - Fetched 1000 klines from Binance API
2026-09-27 19:37:06,090 - momentum.DataExtraction.kline_provider_base.Binance - INFO - [33%] Batch 35: downloaded 1000 klines, total: 35000 | 最後K線(UTC): 2026-01-26 12:35, 下一批次(UTC): 2026-01-26 12:40
2026-09-27 19:37:06,091 - momentum.DataExtraction.kline_provider_base.Binance - INFO - [33%] Batch 36/106: 2026-01-26 12:40 to 2026-01-30 00:00
2026-09-27 19:37:06,091 - momentum.DataExtraction.providers.binance_provider.RateLimiter - DEBUG - Acquired 1 tokens, remaining: 999.00
2026-09-27 19:37:06,150 - urllib3.connectionpool - DEBUG - https://api.binance.com:443 "GET /api/v3/klines?endTime=1769731200000&interval=5m&limit=1000&startTime=1769431200000&symbol=ADAUSDT HTTP/1.1" 200 41277
2026-09-27 19:37:06,152 - momentum.DataExtraction.kline_provider_base.Binance - DEBUG - Fetched 1000 klines from Binance API
2026-09-27 19:37:06,152 - momentum.DataExtraction.kline_provider_base.Binance - INFO - [33%] Batch 36: downloaded 1000 klines, total: 36000 | 最後K線(UTC): 2026-01-29 23:55, 下一批次(UTC): 2026-01-30 00:00
2026-09-27 19:37:06,152 - momentum.DataExtraction.kline_provider_base.Binance - INFO - [34%] Batch 37/106: 2026-01-30 00:00 to 2026-02-02 11:20
2026-09-27 19:37:06,152 - momentum.DataExtraction.providers.binance_provider.RateLimiter - DEBUG - Acquired 1 tokens, remaining: 999.00
2026-09-27 19:37:06,209 - urllib3.connectionpool - DEBUG - https://api.binance.com:443 "GET /api/v3/klines?endTime=1770031200000&interval=5m&limit=1000&startTime=1769731200000&symbol=ADAUSDT HTTP/1.1" 200 42989
2026-09-27 19:37:06,210 - momentum.DataExtraction.kline_provider_base.Binance - DEBUG - Fetched 1000 klines from Binance API
2026-09-27 19:37:06,210 - momentum.DataExtraction.kline_provider_base.Binance - INFO - [34%] Batch 37: downloaded 1000 klines, total: 37000 | 最後K線(UTC): 2026-02-02 11:15, 下一批次(UTC): 2026-02-02 11:20
2026-09-27 19:37:06,210 - momentum.DataExtraction.kline_provider_base.Binance - INFO - [35%] Batch 38/106: 2026-02-02 11:20 to 2026-02-05 22:40
2026-09-27 19:37:06,210 - momentum.DataExtraction.providers.binance_provider.RateLimiter - DEBUG - Acquired 1 tokens, remaining: 998.98
2026-09-27 19:37:06,267 - urllib3.connectionpool - DEBUG - https://api.binance.com:443 "GET /api/v3/klines?endTime=1770331200000&interval=5m&limit=1000&startTime=1770031200000&symbol=ADAUSDT HTTP/1.1" 200 43077
2026-09-27 19:37:06,271 - momentum.DataExtraction.kline_provider_base.Binance - DEBUG - Fetched 1000 klines from Binance API
2026-09-27 19:37:06,271 - momentum.DataExtraction.kline_provider_base.Binance - INFO - [35%] Batch 38: downloaded 1000 klines, total: 38000 | 最後K線(UTC): 2026-02-05 22:35, 下一批次(UTC): 2026-02-05 22:40
2026-09-27 19:37:06,271 - momentum.DataExtraction.kline_provider_base.Binance - INFO - [36%] Batch 39/106: 2026-02-05 22:40 to 2026-02-09 10:00
2026-09-27 19:37:06,271 - momentum.DataExtraction.providers.binance_provider.RateLimiter - DEBUG - Acquired 1 tokens, remaining: 998.98
2026-09-27 19:37:06,333 - urllib3.connectionpool - DEBUG - https://api.binance.com:443 "GET /api/v3/klines?endTime=1770631200000&interval=5m&limit=1000&startTime=1770331200000&symbol=ADAUSDT HTTP/1.1" 200 43171
2026-09-27 19:37:06,335 - momentum.DataExtraction.kline_provider_base.Binance - DEBUG - Fetched 1000 klines from Binance API
2026-09-27 19:37:06,335 - momentum.DataExtraction.kline_provider_base.Binance - INFO - [36%] Batch 39: downloaded 1000 klines, total: 39000 | 最後K線(UTC): 2026-02-09 09:55, 下一批次(UTC): 2026-02-09 10:00
2026-09-27 19:37:06,335 - momentum.DataExtraction.kline_provider_base.Binance - INFO - [37%] Batch 40/106: 2026-02-09 10:00 to 2026-02-12 21:20
2026-09-27 19:37:06,335 - momentum.DataExtraction.providers.binance_provider.RateLimiter - DEBUG - Acquired 1 tokens, remaining: 999.00
2026-09-27 19:37:06,390 - urllib3.connectionpool - DEBUG - https://api.binance.com:443 "GET /api/v3/klines?endTime=1770931200000&interval=5m&limit=1000&startTime=1770631200000&symbol=ADAUSDT HTTP/1.1" 200 41285
2026-09-27 19:37:06,392 - momentum.DataExtraction.kline_provider_base.Binance - DEBUG - Fetched 1000 klines from Binance API
2026-09-27 19:37:06,392 - momentum.DataExtraction.kline_provider_base.Binance - INFO - [37%] Batch 40: downloaded 1000 klines, total: 40000 | 最後K線(UTC): 2026-02-12 21:15, 下一批次(UTC): 2026-02-12 21:20
2026-09-27 19:37:06,392 - momentum.DataExtraction.kline_provider_base.Binance - INFO - [38%] Batch 41/106: 2026-02-12 21:20 to 2026-02-16 08:40
2026-09-27 19:37:06,392 - momentum.DataExtraction.providers.binance_provider.RateLimiter - DEBUG - Acquired 1 tokens, remaining: 998.96
2026-09-27 19:37:06,451 - urllib3.connectionpool - DEBUG - https://api.binance.com:443 "GET /api/v3/klines?endTime=1771231200000&interval=5m&limit=1000&startTime=1770931200000&symbol=ADAUSDT HTTP/1.1" 200 41482
2026-09-27 19:37:06,453 - momentum.DataExtraction.kline_provider_base.Binance - DEBUG - Fetched 1000 klines from Binance API
2026-09-27 19:37:06,453 - momentum.DataExtraction.kline_provider_base.Binance - INFO - [38%] Batch 41: downloaded 1000 klines, total: 41000 | 最後K線(UTC): 2026-02-16 08:35, 下一批次(UTC): 2026-02-16 08:40
2026-09-27 19:37:06,453 - momentum.DataExtraction.kline_provider_base.Binance - INFO - [39%] Batch 42/106: 2026-02-16 08:40 to 2026-02-19 20:00
2026-09-27 19:37:06,453 - momentum.DataExtraction.providers.binance_provider.RateLimiter - DEBUG - Acquired 1 tokens, remaining: 998.96
2026-09-27 19:37:06,512 - urllib3.connectionpool - DEBUG - https://api.binance.com:443 "GET /api/v3/klines?endTime=1771531200000&interval=5m&limit=1000&startTime=1771231200000&symbol=ADAUSDT HTTP/1.1" 200 40857
2026-09-27 19:37:06,513 - momentum.DataExtraction.kline_provider_base.Binance - DEBUG - Fetched 1000 klines from Binance API
2026-09-27 19:37:06,513 - momentum.DataExtraction.kline_provider_base.Binance - INFO - [39%] Batch 42: downloaded 1000 klines, total: 42000 | 最後K線(UTC): 2026-02-19 19:55, 下一批次(UTC): 2026-02-19 20:00
2026-09-27 19:37:06,513 - momentum.DataExtraction.kline_provider_base.Binance - INFO - [40%] Batch 43/106: 2026-02-19 20:00 to 2026-02-23 07:20
2026-09-27 19:37:06,513 - momentum.DataExtraction.providers.binance_provider.RateLimiter - DEBUG - Acquired 1 tokens, remaining: 998.97
2026-09-27 19:37:06,573 - urllib3.connectionpool - DEBUG - https://api.binance.com:443 "GET /api/v3/klines?endTime=1771831200000&interval=5m&limit=1000&startTime=1771531200000&symbol=ADAUSDT HTTP/1.1" 200 40234
2026-09-27 19:37:06,575 - momentum.DataExtraction.kline_provider_base.Binance - DEBUG - Fetched 1000 klines from Binance API
2026-09-27 19:37:06,575 - momentum.DataExtraction.kline_provider_base.Binance - INFO - [40%] Batch 43: downloaded 1000 klines, total: 43000 | 最後K線(UTC): 2026-02-23 07:15, 下一批次(UTC): 2026-02-23 07:20
2026-09-27 19:37:06,575 - momentum.DataExtraction.kline_provider_base.Binance - INFO - [41%] Batch 44/106: 2026-02-23 07:20 to 2026-02-26 18:40
2026-09-27 19:37:06,575 - momentum.DataExtraction.providers.binance_provider.RateLimiter - DEBUG - Acquired 1 tokens, remaining: 999.00
2026-09-27 19:37:06,634 - urllib3.connectionpool - DEBUG - https://api.binance.com:443 "GET /api/v3/klines?endTime=1772131200000&interval=5m&limit=1000&startTime=1771831200000&symbol=ADAUSDT HTTP/1.1" 200 42148
2026-09-27 19:37:06,635 - momentum.DataExtraction.kline_provider_base.Binance - DEBUG - Fetched 1000 klines from Binance API
2026-09-27 19:37:06,635 - momentum.DataExtraction.kline_provider_base.Binance - INFO - [41%] Batch 44: downloaded 1000 klines, total: 44000 | 最後K線(UTC): 2026-02-26 18:35, 下一批次(UTC): 2026-02-26 18:40
2026-09-27 19:37:06,635 - momentum.DataExtraction.kline_provider_base.Binance - INFO - [42%] Batch 45/106: 2026-02-26 18:40 to 2026-03-02 06:00
2026-09-27 19:37:06,635 - momentum.DataExtraction.providers.binance_provider.RateLimiter - DEBUG - Acquired 1 tokens, remaining: 999.00
2026-09-27 19:37:06,694 - urllib3.connectionpool - DEBUG - https://api.binance.com:443 "GET /api/v3/klines?endTime=1772431200000&interval=5m&limit=1000&startTime=1772131200000&symbol=ADAUSDT HTTP/1.1" 200 41998
2026-09-27 19:37:06,696 - momentum.DataExtraction.kline_provider_base.Binance - DEBUG - Fetched 1000 klines from Binance API
2026-09-27 19:37:06,696 - momentum.DataExtraction.kline_provider_base.Binance - INFO - [42%] Batch 45: downloaded 1000 klines, total: 45000 | 最後K線(UTC): 2026-03-02 05:55, 下一批次(UTC): 2026-03-02 06:00
2026-09-27 19:37:06,696 - momentum.DataExtraction.kline_provider_base.Binance - INFO - [43%] Batch 46/106: 2026-03-02 06:00 to 2026-03-05 17:20
2026-09-27 19:37:06,696 - momentum.DataExtraction.providers.binance_provider.RateLimiter - DEBUG - Acquired 1 tokens, remaining: 999.00
2026-09-27 19:37:06,753 - urllib3.connectionpool - DEBUG - https://api.binance.com:443 "GET /api/v3/klines?endTime=1772731200000&interval=5m&limit=1000&startTime=1772431200000&symbol=ADAUSDT HTTP/1.1" 200 42578
2026-09-27 19:37:06,754 - momentum.DataExtraction.kline_provider_base.Binance - DEBUG - Fetched 1000 klines from Binance API
2026-09-27 19:37:06,754 - momentum.DataExtraction.kline_provider_base.Binance - INFO - [43%] Batch 46: downloaded 1000 klines, total: 46000 | 最後K線(UTC): 2026-03-05 17:15, 下一批次(UTC): 2026-03-05 17:20
2026-09-27 19:37:06,754 - momentum.DataExtraction.kline_provider_base.Binance - INFO - [44%] Batch 47/106: 2026-03-05 17:20 to 2026-03-09 04:40
2026-09-27 19:37:06,754 - momentum.DataExtraction.providers.binance_provider.RateLimiter - DEBUG - Acquired 1 tokens, remaining: 998.98
2026-09-27 19:37:06,816 - urllib3.connectionpool - DEBUG - https://api.binance.com:443 "GET /api/v3/klines?endTime=1773031200000&interval=5m&limit=1000&startTime=1772731200000&symbol=ADAUSDT HTTP/1.1" 200 40521
2026-09-27 19:37:06,819 - momentum.DataExtraction.kline_provider_base.Binance - DEBUG - Fetched 1000 klines from Binance API
2026-09-27 19:37:06,819 - momentum.DataExtraction.kline_provider_base.Binance - INFO - [44%] Batch 47: downloaded 1000 klines, total: 47000 | 最後K線(UTC): 2026-03-09 04:35, 下一批次(UTC): 2026-03-09 04:40
2026-09-27 19:37:06,819 - momentum.DataExtraction.kline_provider_base.Binance - INFO - [45%] Batch 48/106: 2026-03-09 04:40 to 2026-03-12 16:00
2026-09-27 19:37:06,819 - momentum.DataExtraction.providers.binance_provider.RateLimiter - DEBUG - Acquired 1 tokens, remaining: 999.00
2026-09-27 19:37:06,876 - urllib3.connectionpool - DEBUG - https://api.binance.com:443 "GET /api/v3/klines?endTime=1773331200000&interval=5m&limit=1000&startTime=1773031200000&symbol=ADAUSDT HTTP/1.1" 200 41402
2026-09-27 19:37:06,877 - momentum.DataExtraction.kline_provider_base.Binance - DEBUG - Fetched 1000 klines from Binance API
2026-09-27 19:37:06,877 - momentum.DataExtraction.kline_provider_base.Binance - INFO - [45%] Batch 48: downloaded 1000 klines, total: 48000 | 最後K線(UTC): 2026-03-12 15:55, 下一批次(UTC): 2026-03-12 16:00
2026-09-27 19:37:06,877 - momentum.DataExtraction.kline_provider_base.Binance - INFO - [46%] Batch 49/106: 2026-03-12 16:00 to 2026-03-16 03:20
2026-09-27 19:37:06,877 - momentum.DataExtraction.providers.binance_provider.RateLimiter - DEBUG - Acquired 1 tokens, remaining: 998.98
2026-09-27 19:37:06,934 - urllib3.connectionpool - DEBUG - https://api.binance.com:443 "GET /api/v3/klines?endTime=1773631200000&interval=5m&limit=1000&startTime=1773331200000&symbol=ADAUSDT HTTP/1.1" 200 40916
2026-09-27 19:37:06,936 - momentum.DataExtraction.kline_provider_base.Binance - DEBUG - Fetched 1000 klines from Binance API
2026-09-27 19:37:06,936 - momentum.DataExtraction.kline_provider_base.Binance - INFO - [46%] Batch 49: downloaded 1000 klines, total: 49000 | 最後K線(UTC): 2026-03-16 03:15, 下一批次(UTC): 2026-03-16 03:20
2026-09-27 19:37:06,936 - momentum.DataExtraction.kline_provider_base.Binance - INFO - [47%] Batch 50/106: 2026-03-16 03:20 to 2026-03-19 14:40
2026-09-27 19:37:06,936 - momentum.DataExtraction.providers.binance_provider.RateLimiter - DEBUG - Acquired 1 tokens, remaining: 998.96
2026-09-27 19:37:06,995 - urllib3.connectionpool - DEBUG - https://api.binance.com:443 "GET /api/v3/klines?endTime=1773931200000&interval=5m&limit=1000&startTime=1773631200000&symbol=ADAUSDT HTTP/1.1" 200 42048
2026-09-27 19:37:06,997 - momentum.DataExtraction.kline_provider_base.Binance - DEBUG - Fetched 1000 klines from Binance API
2026-09-27 19:37:06,997 - momentum.DataExtraction.kline_provider_base.Binance - INFO - [47%] Batch 50: downloaded 1000 klines, total: 50000 | 最後K線(UTC): 2026-03-19 14:35, 下一批次(UTC): 2026-03-19 14:40
2026-09-27 19:37:06,997 - momentum.DataExtraction.kline_provider_base.Binance - INFO - [48%] Batch 51/106: 2026-03-19 14:40 to 2026-03-23 02:00
2026-09-27 19:37:06,997 - momentum.DataExtraction.providers.binance_provider.RateLimiter - DEBUG - Acquired 1 tokens, remaining: 998.97
2026-09-27 19:37:07,057 - urllib3.connectionpool - DEBUG - https://api.binance.com:443 "GET /api/v3/klines?endTime=1774231200000&interval=5m&limit=1000&startTime=1773931200000&symbol=ADAUSDT HTTP/1.1" 200 40023
2026-09-27 19:37:07,058 - momentum.DataExtraction.kline_provider_base.Binance - DEBUG - Fetched 1000 klines from Binance API
2026-09-27 19:37:07,058 - momentum.DataExtraction.kline_provider_base.Binance - INFO - [48%] Batch 51: downloaded 1000 klines, total: 51000 | 最後K線(UTC): 2026-03-23 01:55, 下一批次(UTC): 2026-03-23 02:00
2026-09-27 19:37:07,058 - momentum.DataExtraction.kline_provider_base.Binance - INFO - [49%] Batch 52/106: 2026-03-23 02:00 to 2026-03-26 13:20
2026-09-27 19:37:07,058 - momentum.DataExtraction.providers.binance_provider.RateLimiter - DEBUG - Acquired 1 tokens, remaining: 998.99
2026-09-27 19:37:07,117 - urllib3.connectionpool - DEBUG - https://api.binance.com:443 "GET /api/v3/klines?endTime=1774531200000&interval=5m&limit=1000&startTime=1774231200000&symbol=ADAUSDT HTTP/1.1" 200 41164
2026-09-27 19:37:07,119 - momentum.DataExtraction.kline_provider_base.Binance - DEBUG - Fetched 1000 klines from Binance API
2026-09-27 19:37:07,119 - momentum.DataExtraction.kline_provider_base.Binance - INFO - [49%] Batch 52: downloaded 1000 klines, total: 52000 | 最後K線(UTC): 2026-03-26 13:15, 下一批次(UTC): 2026-03-26 13:20
2026-09-27 19:37:07,119 - momentum.DataExtraction.kline_provider_base.Binance - INFO - [50%] Batch 53/106: 2026-03-26 13:20 to 2026-03-30 00:40
2026-09-27 19:37:07,119 - momentum.DataExtraction.providers.binance_provider.RateLimiter - DEBUG - Acquired 1 tokens, remaining: 999.00
2026-09-27 19:37:07,178 - urllib3.connectionpool - DEBUG - https://api.binance.com:443 "GET /api/v3/klines?endTime=1774831200000&interval=5m&limit=1000&startTime=1774531200000&symbol=ADAUSDT HTTP/1.1" 200 40263
2026-09-27 19:37:07,179 - momentum.DataExtraction.kline_provider_base.Binance - DEBUG - Fetched 1000 klines from Binance API
2026-09-27 19:37:07,179 - momentum.DataExtraction.kline_provider_base.Binance - INFO - [50%] Batch 53: downloaded 1000 klines, total: 53000 | 最後K線(UTC): 2026-03-30 00:35, 下一批次(UTC): 2026-03-30 00:40
2026-09-27 19:37:07,179 - momentum.DataExtraction.kline_provider_base.Binance - INFO - [50%] Batch 54/106: 2026-03-30 00:40 to 2026-04-02 12:00
2026-09-27 19:37:07,179 - momentum.DataExtraction.providers.binance_provider.RateLimiter - DEBUG - Acquired 1 tokens, remaining: 999.00
2026-09-27 19:37:07,239 - urllib3.connectionpool - DEBUG - https://api.binance.com:443 "GET /api/v3/klines?endTime=1775131200000&interval=5m&limit=1000&startTime=1774831200000&symbol=ADAUSDT HTTP/1.1" 200 41254
2026-09-27 19:37:07,243 - momentum.DataExtraction.kline_provider_base.Binance - DEBUG - Fetched 1000 klines from Binance API
2026-09-27 19:37:07,243 - momentum.DataExtraction.kline_provider_base.Binance - INFO - [50%] Batch 54: downloaded 1000 klines, total: 54000 | 最後K線(UTC): 2026-04-02 11:55, 下一批次(UTC): 2026-04-02 12:00
2026-09-27 19:37:07,243 - momentum.DataExtraction.kline_provider_base.Binance - INFO - [51%] Batch 55/106: 2026-04-02 12:00 to 2026-04-05 23:20
2026-09-27 19:37:07,243 - momentum.DataExtraction.providers.binance_provider.RateLimiter - DEBUG - Acquired 1 tokens, remaining: 999.00
2026-09-27 19:37:07,301 - urllib3.connectionpool - DEBUG - https://api.binance.com:443 "GET /api/v3/klines?endTime=1775431200000&interval=5m&limit=1000&startTime=1775131200000&symbol=ADAUSDT HTTP/1.1" 200 39673
2026-09-27 19:37:07,304 - momentum.DataExtraction.kline_provider_base.Binance - DEBUG - Fetched 1000 klines from Binance API
2026-09-27 19:37:07,304 - momentum.DataExtraction.kline_provider_base.Binance - INFO - [51%] Batch 55: downloaded 1000 klines, total: 55000 | 最後K線(UTC): 2026-04-05 23:15, 下一批次(UTC): 2026-04-05 23:20
2026-09-27 19:37:07,304 - momentum.DataExtraction.kline_provider_base.Binance - INFO - [52%] Batch 56/106: 2026-04-05 23:20 to 2026-04-09 10:40
2026-09-27 19:37:07,304 - momentum.DataExtraction.providers.binance_provider.RateLimiter - DEBUG - Acquired 1 tokens, remaining: 999.00
2026-09-27 19:37:07,364 - urllib3.connectionpool - DEBUG - https://api.binance.com:443 "GET /api/v3/klines?endTime=1775731200000&interval=5m&limit=1000&startTime=1775431200000&symbol=ADAUSDT HTTP/1.1" 200 41125
2026-09-27 19:37:07,477 - momentum.DataExtraction.kline_provider_base.Binance - DEBUG - Fetched 1000 klines from Binance API
2026-09-27 19:37:07,477 - momentum.DataExtraction.kline_provider_base.Binance - INFO - [52%] Batch 56: downloaded 1000 klines, total: 56000 | 最後K線(UTC): 2026-04-09 10:35, 下一批次(UTC): 2026-04-09 10:40
2026-09-27 19:37:07,477 - momentum.DataExtraction.kline_provider_base.Binance - INFO - [53%] Batch 57/106: 2026-04-09 10:40 to 2026-04-12 22:00
2026-09-27 19:37:07,478 - momentum.DataExtraction.providers.binance_provider.RateLimiter - DEBUG - Acquired 1 tokens, remaining: 999.00
2026-09-27 19:37:07,538 - urllib3.connectionpool - DEBUG - https://api.binance.com:443 "GET /api/v3/klines?endTime=1776031200000&interval=5m&limit=1000&startTime=1775731200000&symbol=ADAUSDT HTTP/1.1" 200 40755
2026-09-27 19:37:07,539 - momentum.DataExtraction.kline_provider_base.Binance - DEBUG - Fetched 1000 klines from Binance API
2026-09-27 19:37:07,539 - momentum.DataExtraction.kline_provider_base.Binance - INFO - [53%] Batch 57: downloaded 1000 klines, total: 57000 | 最後K線(UTC): 2026-04-12 21:55, 下一批次(UTC): 2026-04-12 22:00
2026-09-27 19:37:07,539 - momentum.DataExtraction.kline_provider_base.Binance - INFO - [54%] Batch 58/106: 2026-04-12 22:00 to 2026-04-16 09:20
2026-09-27 19:37:07,539 - momentum.DataExtraction.providers.binance_provider.RateLimiter - DEBUG - Acquired 1 tokens, remaining: 999.00
2026-09-27 19:37:07,601 - urllib3.connectionpool - DEBUG - https://api.binance.com:443 "GET /api/v3/klines?endTime=1776331200000&interval=5m&limit=1000&startTime=1776031200000&symbol=ADAUSDT HTTP/1.1" 200 40965
2026-09-27 19:37:07,604 - momentum.DataExtraction.kline_provider_base.Binance - DEBUG - Fetched 1000 klines from Binance API
2026-09-27 19:37:07,604 - momentum.DataExtraction.kline_provider_base.Binance - INFO - [54%] Batch 58: downloaded 1000 klines, total: 58000 | 最後K線(UTC): 2026-04-16 09:15, 下一批次(UTC): 2026-04-16 09:20
2026-09-27 19:37:07,604 - momentum.DataExtraction.kline_provider_base.Binance - INFO - [55%] Batch 59/106: 2026-04-16 09:20 to 2026-04-19 20:40
2026-09-27 19:37:07,604 - momentum.DataExtraction.providers.binance_provider.RateLimiter - DEBUG - Acquired 1 tokens, remaining: 999.00
2026-09-27 19:37:07,666 - urllib3.connectionpool - DEBUG - https://api.binance.com:443 "GET /api/v3/klines?endTime=1776631200000&interval=5m&limit=1000&startTime=1776331200000&symbol=ADAUSDT HTTP/1.1" 200 41564
2026-09-27 19:37:07,667 - momentum.DataExtraction.kline_provider_base.Binance - DEBUG - Fetched 1000 klines from Binance API
2026-09-27 19:37:07,667 - momentum.DataExtraction.kline_provider_base.Binance - INFO - [55%] Batch 59: downloaded 1000 klines, total: 59000 | 最後K線(UTC): 2026-04-19 20:35, 下一批次(UTC): 2026-04-19 20:40
2026-09-27 19:37:07,667 - momentum.DataExtraction.kline_provider_base.Binance - INFO - [56%] Batch 60/106: 2026-04-19 20:40 to 2026-04-23 08:00
2026-09-27 19:37:07,667 - momentum.DataExtraction.providers.binance_provider.RateLimiter - DEBUG - Acquired 1 tokens, remaining: 999.00
2026-09-27 19:37:07,724 - urllib3.connectionpool - DEBUG - https://api.binance.com:443 "GET /api/v3/klines?endTime=1776931200000&interval=5m&limit=1000&startTime=1776631200000&symbol=ADAUSDT HTTP/1.1" 200 40619
2026-09-27 19:37:07,725 - momentum.DataExtraction.kline_provider_base.Binance - DEBUG - Fetched 1000 klines from Binance API
2026-09-27 19:37:07,725 - momentum.DataExtraction.kline_provider_base.Binance - INFO - [56%] Batch 60: downloaded 1000 klines, total: 60000 | 最後K線(UTC): 2026-04-23 07:55, 下一批次(UTC): 2026-04-23 08:00
2026-09-27 19:37:07,725 - momentum.DataExtraction.kline_provider_base.Binance - INFO - [57%] Batch 61/106: 2026-04-23 08:00 to 2026-04-26 19:20
2026-09-27 19:37:07,725 - momentum.DataExtraction.providers.binance_provider.RateLimiter - DEBUG - Acquired 1 tokens, remaining: 998.97
2026-09-27 19:37:07,786 - urllib3.connectionpool - DEBUG - https://api.binance.com:443 "GET /api/v3/klines?endTime=1777231200000&interval=5m&limit=1000&startTime=1776931200000&symbol=ADAUSDT HTTP/1.1" 200 39418
2026-09-27 19:37:07,788 - momentum.DataExtraction.kline_provider_base.Binance - DEBUG - Fetched 1000 klines from Binance API
2026-09-27 19:37:07,788 - momentum.DataExtraction.kline_provider_base.Binance - INFO - [57%] Batch 61: downloaded 1000 klines, total: 61000 | 最後K線(UTC): 2026-04-26 19:15, 下一批次(UTC): 2026-04-26 19:20
2026-09-27 19:37:07,788 - momentum.DataExtraction.kline_provider_base.Binance - INFO - [58%] Batch 62/106: 2026-04-26 19:20 to 2026-04-30 06:40
2026-09-27 19:37:07,788 - momentum.DataExtraction.providers.binance_provider.RateLimiter - DEBUG - Acquired 1 tokens, remaining: 999.00
2026-09-27 19:37:07,845 - urllib3.connectionpool - DEBUG - https://api.binance.com:443 "GET /api/v3/klines?endTime=1777531200000&interval=5m&limit=1000&startTime=1777231200000&symbol=ADAUSDT HTTP/1.1" 200 39966
2026-09-27 19:37:07,848 - momentum.DataExtraction.kline_provider_base.Binance - DEBUG - Fetched 1000 klines from Binance API
2026-09-27 19:37:07,848 - momentum.DataExtraction.kline_provider_base.Binance - INFO - [58%] Batch 62: downloaded 1000 klines, total: 62000 | 最後K線(UTC): 2026-04-30 06:35, 下一批次(UTC): 2026-04-30 06:40
2026-09-27 19:37:07,848 - momentum.DataExtraction.kline_provider_base.Binance - INFO - [59%] Batch 63/106: 2026-04-30 06:40 to 2026-05-03 18:00
2026-09-27 19:37:07,848 - momentum.DataExtraction.providers.binance_provider.RateLimiter - DEBUG - Acquired 1 tokens, remaining: 999.00
2026-09-27 19:37:07,906 - urllib3.connectionpool - DEBUG - https://api.binance.com:443 "GET /api/v3/klines?endTime=1777831200000&interval=5m&limit=1000&startTime=1777531200000&symbol=ADAUSDT HTTP/1.1" 200 38632
2026-09-27 19:37:07,908 - momentum.DataExtraction.kline_provider_base.Binance - DEBUG - Fetched 1000 klines from Binance API
2026-09-27 19:37:07,908 - momentum.DataExtraction.kline_provider_base.Binance - INFO - [59%] Batch 63: downloaded 1000 klines, total: 63000 | 最後K線(UTC): 2026-05-03 17:55, 下一批次(UTC): 2026-05-03 18:00
2026-09-27 19:37:07,908 - momentum.DataExtraction.kline_provider_base.Binance - INFO - [60%] Batch 64/106: 2026-05-03 18:00 to 2026-05-07 05:20
2026-09-27 19:37:07,908 - momentum.DataExtraction.providers.binance_provider.RateLimiter - DEBUG - Acquired 1 tokens, remaining: 999.00
2026-09-27 19:37:07,966 - urllib3.connectionpool - DEBUG - https://api.binance.com:443 "GET /api/v3/klines?endTime=1778131200000&interval=5m&limit=1000&startTime=1777831200000&symbol=ADAUSDT HTTP/1.1" 200 40724
2026-09-27 19:37:07,969 - momentum.DataExtraction.kline_provider_base.Binance - DEBUG - Fetched 1000 klines from Binance API
2026-09-27 19:37:07,970 - momentum.DataExtraction.kline_provider_base.Binance - INFO - [60%] Batch 64: downloaded 1000 klines, total: 64000 | 最後K線(UTC): 2026-05-07 05:15, 下一批次(UTC): 2026-05-07 05:20
2026-09-27 19:37:07,970 - momentum.DataExtraction.kline_provider_base.Binance - INFO - [61%] Batch 65/106: 2026-05-07 05:20 to 2026-05-10 16:40
2026-09-27 19:37:07,970 - momentum.DataExtraction.providers.binance_provider.RateLimiter - DEBUG - Acquired 1 tokens, remaining: 999.00
2026-09-27 19:37:08,029 - urllib3.connectionpool - DEBUG - https://api.binance.com:443 "GET /api/v3/klines?endTime=1778431200000&interval=5m&limit=1000&startTime=1778131200000&symbol=ADAUSDT HTTP/1.1" 200 40194
2026-09-27 19:37:08,031 - momentum.DataExtraction.kline_provider_base.Binance - DEBUG - Fetched 1000 klines from Binance API
2026-09-27 19:37:08,031 - momentum.DataExtraction.kline_provider_base.Binance - INFO - [61%] Batch 65: downloaded 1000 klines, total: 65000 | 最後K線(UTC): 2026-05-10 16:35, 下一批次(UTC): 2026-05-10 16:40
2026-09-27 19:37:08,031 - momentum.DataExtraction.kline_provider_base.Binance - INFO - [62%] Batch 66/106: 2026-05-10 16:40 to 2026-05-14 04:00
2026-09-27 19:37:08,031 - momentum.DataExtraction.providers.binance_provider.RateLimiter - DEBUG - Acquired 1 tokens, remaining: 999.00
2026-09-27 19:37:08,088 - urllib3.connectionpool - DEBUG - https://api.binance.com:443 "GET /api/v3/klines?endTime=1778731200000&interval=5m&limit=1000&startTime=1778431200000&symbol=ADAUSDT HTTP/1.1" 200 40873
2026-09-27 19:37:08,090 - momentum.DataExtraction.kline_provider_base.Binance - DEBUG - Fetched 1000 klines from Binance API
2026-09-27 19:37:08,090 - momentum.DataExtraction.kline_provider_base.Binance - INFO - [62%] Batch 66: downloaded 1000 klines, total: 66000 | 最後K線(UTC): 2026-05-14 03:55, 下一批次(UTC): 2026-05-14 04:00
2026-09-27 19:37:08,090 - momentum.DataExtraction.kline_provider_base.Binance - INFO - [63%] Batch 67/106: 2026-05-14 04:00 to 2026-05-17 15:20
2026-09-27 19:37:08,090 - momentum.DataExtraction.providers.binance_provider.RateLimiter - DEBUG - Acquired 1 tokens, remaining: 998.99
2026-09-27 19:37:08,150 - urllib3.connectionpool - DEBUG - https://api.binance.com:443 "GET /api/v3/klines?endTime=1779031200000&interval=5m&limit=1000&startTime=1778731200000&symbol=ADAUSDT HTTP/1.1" 200 40059
2026-09-27 19:37:08,152 - momentum.DataExtraction.kline_provider_base.Binance - DEBUG - Fetched 1000 klines from Binance API
2026-09-27 19:37:08,152 - momentum.DataExtraction.kline_provider_base.Binance - INFO - [63%] Batch 67: downloaded 1000 klines, total: 67000 | 最後K線(UTC): 2026-05-17 15:15, 下一批次(UTC): 2026-05-17 15:20
2026-09-27 19:37:08,152 - momentum.DataExtraction.kline_provider_base.Binance - INFO - [64%] Batch 68/106: 2026-05-17 15:20 to 2026-05-21 02:40
2026-09-27 19:37:08,152 - momentum.DataExtraction.providers.binance_provider.RateLimiter - DEBUG - Acquired 1 tokens, remaining: 999.00
2026-09-27 19:37:08,211 - urllib3.connectionpool - DEBUG - https://api.binance.com:443 "GET /api/v3/klines?endTime=1779331200000&interval=5m&limit=1000&startTime=1779031200000&symbol=ADAUSDT HTTP/1.1" 200 39823
2026-09-27 19:37:08,213 - momentum.DataExtraction.kline_provider_base.Binance - DEBUG - Fetched 1000 klines from Binance API
2026-09-27 19:37:08,213 - momentum.DataExtraction.kline_provider_base.Binance - INFO - [64%] Batch 68: downloaded 1000 klines, total: 68000 | 最後K線(UTC): 2026-05-21 02:35, 下一批次(UTC): 2026-05-21 02:40
2026-09-27 19:37:08,213 - momentum.DataExtraction.kline_provider_base.Binance - INFO - [65%] Batch 69/106: 2026-05-21 02:40 to 2026-05-24 14:00
2026-09-27 19:37:08,213 - momentum.DataExtraction.providers.binance_provider.RateLimiter - DEBUG - Acquired 1 tokens, remaining: 999.00
2026-09-27 19:37:08,271 - urllib3.connectionpool - DEBUG - https://api.binance.com:443 "GET /api/v3/klines?endTime=1779631200000&interval=5m&limit=1000&startTime=1779331200000&symbol=ADAUSDT HTTP/1.1" 200 40100
2026-09-27 19:37:08,272 - momentum.DataExtraction.kline_provider_base.Binance - DEBUG - Fetched 1000 klines from Binance API
2026-09-27 19:37:08,272 - momentum.DataExtraction.kline_provider_base.Binance - INFO - [65%] Batch 69: downloaded 1000 klines, total: 69000 | 最後K線(UTC): 2026-05-24 13:55, 下一批次(UTC): 2026-05-24 14:00
2026-09-27 19:37:08,272 - momentum.DataExtraction.kline_provider_base.Binance - INFO - [66%] Batch 70/106: 2026-05-24 14:00 to 2026-05-28 01:20
2026-09-27 19:37:08,272 - momentum.DataExtraction.providers.binance_provider.RateLimiter - DEBUG - Acquired 1 tokens, remaining: 998.98
2026-09-27 19:37:08,332 - urllib3.connectionpool - DEBUG - https://api.binance.com:443 "GET /api/v3/klines?endTime=1779931200000&interval=5m&limit=1000&startTime=1779631200000&symbol=ADAUSDT HTTP/1.1" 200 39708
2026-09-27 19:37:08,334 - momentum.DataExtraction.kline_provider_base.Binance - DEBUG - Fetched 1000 klines from Binance API
2026-09-27 19:37:08,334 - momentum.DataExtraction.kline_provider_base.Binance - INFO - [66%] Batch 70: downloaded 1000 klines, total: 70000 | 最後K線(UTC): 2026-05-28 01:15, 下一批次(UTC): 2026-05-28 01:20
2026-09-27 19:37:08,334 - momentum.DataExtraction.kline_provider_base.Binance - INFO - [66%] Batch 71/106: 2026-05-28 01:20 to 2026-05-31 12:40
2026-09-27 19:37:08,334 - momentum.DataExtraction.providers.binance_provider.RateLimiter - DEBUG - Acquired 1 tokens, remaining: 999.00
2026-09-27 19:37:08,395 - urllib3.connectionpool - DEBUG - https://api.binance.com:443 "GET /api/v3/klines?endTime=1780231200000&interval=5m&limit=1000&startTime=1779931200000&symbol=ADAUSDT HTTP/1.1" 200 39647
2026-09-27 19:37:08,396 - momentum.DataExtraction.kline_provider_base.Binance - DEBUG - Fetched 1000 klines from Binance API
2026-09-27 19:37:08,396 - momentum.DataExtraction.kline_provider_base.Binance - INFO - [66%] Batch 71: downloaded 1000 klines, total: 71000 | 最後K線(UTC): 2026-05-31 12:35, 下一批次(UTC): 2026-05-31 12:40
2026-09-27 19:37:08,396 - momentum.DataExtraction.kline_provider_base.Binance - INFO - [67%] Batch 72/106: 2026-05-31 12:40 to 2026-06-04 00:00
2026-09-27 19:37:08,396 - momentum.DataExtraction.providers.binance_provider.RateLimiter - DEBUG - Acquired 1 tokens, remaining: 999.00
2026-09-27 19:37:08,459 - urllib3.connectionpool - DEBUG - https://api.binance.com:443 "GET /api/v3/klines?endTime=1780531200000&interval=5m&limit=1000&startTime=1780231200000&symbol=ADAUSDT HTTP/1.1" 200 41420
2026-09-27 19:37:08,461 - momentum.DataExtraction.kline_provider_base.Binance - DEBUG - Fetched 1000 klines from Binance API
2026-09-27 19:37:08,461 - momentum.DataExtraction.kline_provider_base.Binance - INFO - [67%] Batch 72: downloaded 1000 klines, total: 72000 | 最後K線(UTC): 2026-06-03 23:55, 下一批次(UTC): 2026-06-04 00:00
2026-09-27 19:37:08,461 - momentum.DataExtraction.kline_provider_base.Binance - INFO - [68%] Batch 73/106: 2026-06-04 00:00 to 2026-06-07 11:20
2026-09-27 19:37:08,461 - momentum.DataExtraction.providers.binance_provider.RateLimiter - DEBUG - Acquired 1 tokens, remaining: 999.00
2026-09-27 19:37:08,524 - urllib3.connectionpool - DEBUG - https://api.binance.com:443 "GET /api/v3/klines?endTime=1780831200000&interval=5m&limit=1000&startTime=1780531200000&symbol=ADAUSDT HTTP/1.1" 200 43178
2026-09-27 19:37:08,526 - momentum.DataExtraction.kline_provider_base.Binance - DEBUG - Fetched 1000 klines from Binance API
2026-09-27 19:37:08,527 - momentum.DataExtraction.kline_provider_base.Binance - INFO - [68%] Batch 73: downloaded 1000 klines, total: 73000 | 最後K線(UTC): 2026-06-07 11:15, 下一批次(UTC): 2026-06-07 11:20
2026-09-27 19:37:08,527 - momentum.DataExtraction.kline_provider_base.Binance - INFO - [69%] Batch 74/106: 2026-06-07 11:20 to 2026-06-10 22:40
2026-09-27 19:37:08,527 - momentum.DataExtraction.providers.binance_provider.RateLimiter - DEBUG - Acquired 1 tokens, remaining: 999.00
2026-09-27 19:37:08,586 - urllib3.connectionpool - DEBUG - https://api.binance.com:443 "GET /api/v3/klines?endTime=1781131200000&interval=5m&limit=1000&startTime=1780831200000&symbol=ADAUSDT HTTP/1.1" 200 41520
2026-09-27 19:37:08,588 - momentum.DataExtraction.kline_provider_base.Binance - DEBUG - Fetched 1000 klines from Binance API
2026-09-27 19:37:08,588 - momentum.DataExtraction.kline_provider_base.Binance - INFO - [69%] Batch 74: downloaded 1000 klines, total: 74000 | 最後K線(UTC): 2026-06-10 22:35, 下一批次(UTC): 2026-06-10 22:40
2026-09-27 19:37:08,588 - momentum.DataExtraction.kline_provider_base.Binance - INFO - [70%] Batch 75/106: 2026-06-10 22:40 to 2026-06-14 10:00
2026-09-27 19:37:08,588 - momentum.DataExtraction.providers.binance_provider.RateLimiter - DEBUG - Acquired 1 tokens, remaining: 999.00
2026-09-27 19:37:08,647 - urllib3.connectionpool - DEBUG - https://api.binance.com:443 "GET /api/v3/klines?endTime=1781431200000&interval=5m&limit=1000&startTime=1781131200000&symbol=ADAUSDT HTTP/1.1" 200 40360
2026-09-27 19:37:08,649 - momentum.DataExtraction.kline_provider_base.Binance - DEBUG - Fetched 1000 klines from Binance API
2026-09-27 19:37:08,649 - momentum.DataExtraction.kline_provider_base.Binance - INFO - [70%] Batch 75: downloaded 1000 klines, total: 75000 | 最後K線(UTC): 2026-06-14 09:55, 下一批次(UTC): 2026-06-14 10:00
2026-09-27 19:37:08,649 - momentum.DataExtraction.kline_provider_base.Binance - INFO - [71%] Batch 76/106: 2026-06-14 10:00 to 2026-06-17 21:20
2026-09-27 19:37:08,649 - momentum.DataExtraction.providers.binance_provider.RateLimiter - DEBUG - Acquired 1 tokens, remaining: 999.00
2026-09-27 19:37:08,712 - urllib3.connectionpool - DEBUG - https://api.binance.com:443 "GET /api/v3/klines?endTime=1781731200000&interval=5m&limit=1000&startTime=1781431200000&symbol=ADAUSDT HTTP/1.1" 200 41380
2026-09-27 19:37:08,714 - momentum.DataExtraction.kline_provider_base.Binance - DEBUG - Fetched 1000 klines from Binance API
2026-09-27 19:37:08,714 - momentum.DataExtraction.kline_provider_base.Binance - INFO - [71%] Batch 76: downloaded 1000 klines, total: 76000 | 最後K線(UTC): 2026-06-17 21:15, 下一批次(UTC): 2026-06-17 21:20
2026-09-27 19:37:08,714 - momentum.DataExtraction.kline_provider_base.Binance - INFO - [72%] Batch 77/106: 2026-06-17 21:20 to 2026-06-21 08:40
2026-09-27 19:37:08,714 - momentum.DataExtraction.providers.binance_provider.RateLimiter - DEBUG - Acquired 1 tokens, remaining: 999.00
2026-09-27 19:37:08,772 - urllib3.connectionpool - DEBUG - https://api.binance.com:443 "GET /api/v3/klines?endTime=1782031200000&interval=5m&limit=1000&startTime=1781731200000&symbol=ADAUSDT HTTP/1.1" 200 39311
2026-09-27 19:37:08,773 - momentum.DataExtraction.kline_provider_base.Binance - DEBUG - Fetched 1000 klines from Binance API
2026-09-27 19:37:08,774 - momentum.DataExtraction.kline_provider_base.Binance - INFO - [72%] Batch 77: downloaded 1000 klines, total: 77000 | 最後K線(UTC): 2026-06-21 08:35, 下一批次(UTC): 2026-06-21 08:40
2026-09-27 19:37:08,774 - momentum.DataExtraction.kline_provider_base.Binance - INFO - [73%] Batch 78/106: 2026-06-21 08:40 to 2026-06-24 20:00
2026-09-27 19:37:08,774 - momentum.DataExtraction.providers.binance_provider.RateLimiter - DEBUG - Acquired 1 tokens, remaining: 998.99
2026-09-27 19:37:08,833 - urllib3.connectionpool - DEBUG - https://api.binance.com:443 "GET /api/v3/klines?endTime=1782331200000&interval=5m&limit=1000&startTime=1782031200000&symbol=ADAUSDT HTTP/1.1" 200 40097
2026-09-27 19:37:08,834 - momentum.DataExtraction.kline_provider_base.Binance - DEBUG - Fetched 1000 klines from Binance API
2026-09-27 19:37:08,834 - momentum.DataExtraction.kline_provider_base.Binance - INFO - [73%] Batch 78: downloaded 1000 klines, total: 78000 | 最後K線(UTC): 2026-06-24 19:55, 下一批次(UTC): 2026-06-24 20:00
2026-09-27 19:37:08,834 - momentum.DataExtraction.kline_provider_base.Binance - INFO - [74%] Batch 79/106: 2026-06-24 20:00 to 2026-06-28 07:20
2026-09-27 19:37:08,834 - momentum.DataExtraction.providers.binance_provider.RateLimiter - DEBUG - Acquired 1 tokens, remaining: 999.00
2026-09-27 19:37:08,893 - urllib3.connectionpool - DEBUG - https://api.binance.com:443 "GET /api/v3/klines?endTime=1782631200000&interval=5m&limit=1000&startTime=1782331200000&symbol=ADAUSDT HTTP/1.1" 200 39784
2026-09-27 19:37:08,895 - momentum.DataExtraction.kline_provider_base.Binance - DEBUG - Fetched 1000 klines from Binance API
2026-09-27 19:37:08,895 - momentum.DataExtraction.kline_provider_base.Binance - INFO - [74%] Batch 79: downloaded 1000 klines, total: 79000 | 最後K線(UTC): 2026-06-28 07:15, 下一批次(UTC): 2026-06-28 07:20
2026-09-27 19:37:08,895 - momentum.DataExtraction.kline_provider_base.Binance - INFO - [75%] Batch 80/106: 2026-06-28 07:20 to 2026-07-01 18:40
2026-09-27 19:37:08,895 - momentum.DataExtraction.providers.binance_provider.RateLimiter - DEBUG - Acquired 1 tokens, remaining: 999.00
2026-09-27 19:37:08,958 - urllib3.connectionpool - DEBUG - https://api.binance.com:443 "GET /api/v3/klines?endTime=1782931200000&interval=5m&limit=1000&startTime=1782631200000&symbol=ADAUSDT HTTP/1.1" 200 39700
2026-09-27 19:37:08,960 - momentum.DataExtraction.kline_provider_base.Binance - DEBUG - Fetched 1000 klines from Binance API
2026-09-27 19:37:08,960 - momentum.DataExtraction.kline_provider_base.Binance - INFO - [75%] Batch 80: downloaded 1000 klines, total: 80000 | 最後K線(UTC): 2026-07-01 18:35, 下一批次(UTC): 2026-07-01 18:40
2026-09-27 19:37:08,960 - momentum.DataExtraction.kline_provider_base.Binance - INFO - [76%] Batch 81/106: 2026-07-01 18:40 to 2026-07-05 06:00
2026-09-27 19:37:08,960 - momentum.DataExtraction.providers.binance_provider.RateLimiter - DEBUG - Acquired 1 tokens, remaining: 999.00
2026-09-27 19:37:09,019 - urllib3.connectionpool - DEBUG - https://api.binance.com:443 "GET /api/v3/klines?endTime=1783231200000&interval=5m&limit=1000&startTime=1782931200000&symbol=ADAUSDT HTTP/1.1" 200 41796
2026-09-27 19:37:09,022 - momentum.DataExtraction.kline_provider_base.Binance - DEBUG - Fetched 1000 klines from Binance API
2026-09-27 19:37:09,023 - momentum.DataExtraction.kline_provider_base.Binance - INFO - [76%] Batch 81: downloaded 1000 klines, total: 81000 | 最後K線(UTC): 2026-07-05 05:55, 下一批次(UTC): 2026-07-05 06:00
2026-09-27 19:37:09,023 - momentum.DataExtraction.kline_provider_base.Binance - INFO - [77%] Batch 82/106: 2026-07-05 06:00 to 2026-07-08 17:20
2026-09-27 19:37:09,023 - momentum.DataExtraction.providers.binance_provider.RateLimiter - DEBUG - Acquired 1 tokens, remaining: 999.00
2026-09-27 19:37:09,081 - urllib3.connectionpool - DEBUG - https://api.binance.com:443 "GET /api/v3/klines?endTime=1783531200000&interval=5m&limit=1000&startTime=1783231200000&symbol=ADAUSDT HTTP/1.1" 200 40883
2026-09-27 19:37:09,082 - momentum.DataExtraction.kline_provider_base.Binance - DEBUG - Fetched 1000 klines from Binance API
2026-09-27 19:37:09,082 - momentum.DataExtraction.kline_provider_base.Binance - INFO - [77%] Batch 82: downloaded 1000 klines, total: 82000 | 最後K線(UTC): 2026-07-08 17:15, 下一批次(UTC): 2026-07-08 17:20
2026-09-27 19:37:09,082 - momentum.DataExtraction.kline_provider_base.Binance - INFO - [78%] Batch 83/106: 2026-07-08 17:20 to 2026-07-12 04:40
2026-09-27 19:37:09,082 - momentum.DataExtraction.providers.binance_provider.RateLimiter - DEBUG - Acquired 1 tokens, remaining: 999.00
2026-09-27 19:37:09,143 - urllib3.connectionpool - DEBUG - https://api.binance.com:443 "GET /api/v3/klines?endTime=1783831200000&interval=5m&limit=1000&startTime=1783531200000&symbol=ADAUSDT HTTP/1.1" 200 39131
2026-09-27 19:37:09,144 - momentum.DataExtraction.kline_provider_base.Binance - DEBUG - Fetched 1000 klines from Binance API
2026-09-27 19:37:09,144 - momentum.DataExtraction.kline_provider_base.Binance - INFO - [78%] Batch 83: downloaded 1000 klines, total: 83000 | 最後K線(UTC): 2026-07-12 04:35, 下一批次(UTC): 2026-07-12 04:40
2026-09-27 19:37:09,144 - momentum.DataExtraction.kline_provider_base.Binance - INFO - [79%] Batch 84/106: 2026-07-12 04:40 to 2026-07-15 16:00
2026-09-27 19:37:09,145 - momentum.DataExtraction.providers.binance_provider.RateLimiter - DEBUG - Acquired 1 tokens, remaining: 999.00
2026-09-27 19:37:09,202 - urllib3.connectionpool - DEBUG - https://api.binance.com:443 "GET /api/v3/klines?endTime=1784131200000&interval=5m&limit=1000&startTime=1783831200000&symbol=ADAUSDT HTTP/1.1" 200 39217
2026-09-27 19:37:09,203 - momentum.DataExtraction.kline_provider_base.Binance - DEBUG - Fetched 1000 klines from Binance API
2026-09-27 19:37:09,203 - momentum.DataExtraction.kline_provider_base.Binance - INFO - [79%] Batch 84: downloaded 1000 klines, total: 84000 | 最後K線(UTC): 2026-07-15 15:55, 下一批次(UTC): 2026-07-15 16:00
2026-09-27 19:37:09,204 - momentum.DataExtraction.kline_provider_base.Binance - INFO - [80%] Batch 85/106: 2026-07-15 16:00 to 2026-07-19 03:20
2026-09-27 19:37:09,204 - momentum.DataExtraction.providers.binance_provider.RateLimiter - DEBUG - Acquired 1 tokens, remaining: 998.98
2026-09-27 19:37:09,262 - urllib3.connectionpool - DEBUG - https://api.binance.com:443 "GET /api/v3/klines?endTime=1784431200000&interval=5m&limit=1000&startTime=1784131200000&symbol=ADAUSDT HTTP/1.1" 200 39241
2026-09-27 19:37:09,264 - momentum.DataExtraction.kline_provider_base.Binance - DEBUG - Fetched 1000 klines from Binance API
2026-09-27 19:37:09,264 - momentum.DataExtraction.kline_provider_base.Binance - INFO - [80%] Batch 85: downloaded 1000 klines, total: 85000 | 最後K線(UTC): 2026-07-19 03:15, 下一批次(UTC): 2026-07-19 03:20
2026-09-27 19:37:09,264 - momentum.DataExtraction.kline_provider_base.Binance - INFO - [81%] Batch 86/106: 2026-07-19 03:20 to 2026-07-22 14:40
2026-09-27 19:37:09,264 - momentum.DataExtraction.providers.binance_provider.RateLimiter - DEBUG - Acquired 1 tokens, remaining: 998.99
2026-09-27 19:37:09,322 - urllib3.connectionpool - DEBUG - https://api.binance.com:443 "GET /api/v3/klines?endTime=1784731200000&interval=5m&limit=1000&startTime=1784431200000&symbol=ADAUSDT HTTP/1.1" 200 39471
2026-09-27 19:37:09,324 - momentum.DataExtraction.kline_provider_base.Binance - DEBUG - Fetched 1000 klines from Binance API
2026-09-27 19:37:09,324 - momentum.DataExtraction.kline_provider_base.Binance - INFO - [81%] Batch 86: downloaded 1000 klines, total: 86000 | 最後K線(UTC): 2026-07-22 14:35, 下一批次(UTC): 2026-07-22 14:40
2026-09-27 19:37:09,324 - momentum.DataExtraction.kline_provider_base.Binance - INFO - [82%] Batch 87/106: 2026-07-22 14:40 to 2026-07-26 02:00
2026-09-27 19:37:09,324 - momentum.DataExtraction.providers.binance_provider.RateLimiter - DEBUG - Acquired 1 tokens, remaining: 999.00
2026-09-27 19:37:09,389 - urllib3.connectionpool - DEBUG - https://api.binance.com:443 "GET /api/v3/klines?endTime=1785031200000&interval=5m&limit=1000&startTime=1784731200000&symbol=ADAUSDT HTTP/1.1" 200 38497
2026-09-27 19:37:09,391 - momentum.DataExtraction.kline_provider_base.Binance - DEBUG - Fetched 1000 klines from Binance API
2026-09-27 19:37:09,391 - momentum.DataExtraction.kline_provider_base.Binance - INFO - [82%] Batch 87: downloaded 1000 klines, total: 87000 | 最後K線(UTC): 2026-07-26 01:55, 下一批次(UTC): 2026-07-26 02:00
2026-09-27 19:37:09,391 - momentum.DataExtraction.kline_provider_base.Binance - INFO - [83%] Batch 88/106: 2026-07-26 02:00 to 2026-07-29 13:20
2026-09-27 19:37:09,391 - momentum.DataExtraction.providers.binance_provider.RateLimiter - DEBUG - Acquired 1 tokens, remaining: 999.00
2026-09-27 19:37:09,448 - urllib3.connectionpool - DEBUG - https://api.binance.com:443 "GET /api/v3/klines?endTime=1785331200000&interval=5m&limit=1000&startTime=1785031200000&symbol=ADAUSDT HTTP/1.1" 200 38899
2026-09-27 19:37:09,450 - momentum.DataExtraction.kline_provider_base.Binance - DEBUG - Fetched 1000 klines from Binance API
2026-09-27 19:37:09,450 - momentum.DataExtraction.kline_provider_base.Binance - INFO - [83%] Batch 88: downloaded 1000 klines, total: 88000 | 最後K線(UTC): 2026-07-29 13:15, 下一批次(UTC): 2026-07-29 13:20
2026-09-27 19:37:09,450 - momentum.DataExtraction.kline_provider_base.Binance - INFO - [83%] Batch 89/106: 2026-07-29 13:20 to 2026-08-02 00:40
2026-09-27 19:37:09,450 - momentum.DataExtraction.providers.binance_provider.RateLimiter - DEBUG - Acquired 1 tokens, remaining: 998.99
2026-09-27 19:37:09,507 - urllib3.connectionpool - DEBUG - https://api.binance.com:443 "GET /api/v3/klines?endTime=1785631200000&interval=5m&limit=1000&startTime=1785331200000&symbol=ADAUSDT HTTP/1.1" 200 39997
2026-09-27 19:37:09,509 - momentum.DataExtraction.kline_provider_base.Binance - DEBUG - Fetched 1000 klines from Binance API
2026-09-27 19:37:09,509 - momentum.DataExtraction.kline_provider_base.Binance - INFO - [83%] Batch 89: downloaded 1000 klines, total: 89000 | 最後K線(UTC): 2026-08-02 00:35, 下一批次(UTC): 2026-08-02 00:40
2026-09-27 19:37:09,509 - momentum.DataExtraction.kline_provider_base.Binance - INFO - [84%] Batch 90/106: 2026-08-02 00:40 to 2026-08-05 12:00
2026-09-27 19:37:09,509 - momentum.DataExtraction.providers.binance_provider.RateLimiter - DEBUG - Acquired 1 tokens, remaining: 998.98
2026-09-27 19:37:09,569 - urllib3.connectionpool - DEBUG - https://api.binance.com:443 "GET /api/v3/klines?endTime=1785931200000&interval=5m&limit=1000&startTime=1785631200000&symbol=ADAUSDT HTTP/1.1" 200 41334
2026-09-27 19:37:09,570 - momentum.DataExtraction.kline_provider_base.Binance - DEBUG - Fetched 1000 klines from Binance API
2026-09-27 19:37:09,570 - momentum.DataExtraction.kline_provider_base.Binance - INFO - [84%] Batch 90: downloaded 1000 klines, total: 90000 | 最後K線(UTC): 2026-08-05 11:55, 下一批次(UTC): 2026-08-05 12:00
2026-09-27 19:37:09,570 - momentum.DataExtraction.kline_provider_base.Binance - INFO - [85%] Batch 91/106: 2026-08-05 12:00 to 2026-08-08 23:20
2026-09-27 19:37:09,570 - momentum.DataExtraction.providers.binance_provider.RateLimiter - DEBUG - Acquired 1 tokens, remaining: 998.99
2026-09-27 19:37:09,628 - urllib3.connectionpool - DEBUG - https://api.binance.com:443 "GET /api/v3/klines?endTime=1786231200000&interval=5m&limit=1000&startTime=1785931200000&symbol=ADAUSDT HTTP/1.1" 200 40439
2026-09-27 19:37:09,630 - momentum.DataExtraction.kline_provider_base.Binance - DEBUG - Fetched 1000 klines from Binance API
2026-09-27 19:37:09,630 - momentum.DataExtraction.kline_provider_base.Binance - INFO - [85%] Batch 91: downloaded 1000 klines, total: 91000 | 最後K線(UTC): 2026-08-08 23:15, 下一批次(UTC): 2026-08-08 23:20
2026-09-27 19:37:09,630 - momentum.DataExtraction.kline_provider_base.Binance - INFO - [86%] Batch 92/106: 2026-08-08 23:20 to 2026-08-12 10:40
2026-09-27 19:37:09,630 - momentum.DataExtraction.providers.binance_provider.RateLimiter - DEBUG - Acquired 1 tokens, remaining: 998.98
2026-09-27 19:37:09,689 - urllib3.connectionpool - DEBUG - https://api.binance.com:443 "GET /api/v3/klines?endTime=1786531200000&interval=5m&limit=1000&startTime=1786231200000&symbol=ADAUSDT HTTP/1.1" 200 39211
2026-09-27 19:37:09,691 - momentum.DataExtraction.kline_provider_base.Binance - DEBUG - Fetched 1000 klines from Binance API
2026-09-27 19:37:09,691 - momentum.DataExtraction.kline_provider_base.Binance - INFO - [86%] Batch 92: downloaded 1000 klines, total: 92000 | 最後K線(UTC): 2026-08-12 10:35, 下一批次(UTC): 2026-08-12 10:40
2026-09-27 19:37:09,691 - momentum.DataExtraction.kline_provider_base.Binance - INFO - [87%] Batch 93/106: 2026-08-12 10:40 to 2026-08-15 22:00
2026-09-27 19:37:09,691 - momentum.DataExtraction.providers.binance_provider.RateLimiter - DEBUG - Acquired 1 tokens, remaining: 999.00
2026-09-27 19:37:09,750 - urllib3.connectionpool - DEBUG - https://api.binance.com:443 "GET /api/v3/klines?endTime=1786831200000&interval=5m&limit=1000&startTime=1786531200000&symbol=ADAUSDT HTTP/1.1" 200 38343
2026-09-27 19:37:09,751 - momentum.DataExtraction.kline_provider_base.Binance - DEBUG - Fetched 1000 klines from Binance API
2026-09-27 19:37:09,751 - momentum.DataExtraction.kline_provider_base.Binance - INFO - [87%] Batch 93: downloaded 1000 klines, total: 93000 | 最後K線(UTC): 2026-08-15 21:55, 下一批次(UTC): 2026-08-15 22:00
2026-09-27 19:37:09,751 - momentum.DataExtraction.kline_provider_base.Binance - INFO - [88%] Batch 94/106: 2026-08-15 22:00 to 2026-08-19 09:20
2026-09-27 19:37:09,751 - momentum.DataExtraction.providers.binance_provider.RateLimiter - DEBUG - Acquired 1 tokens, remaining: 999.00
2026-09-27 19:37:09,810 - urllib3.connectionpool - DEBUG - https://api.binance.com:443 "GET /api/v3/klines?endTime=1787131200000&interval=5m&limit=1000&startTime=1786831200000&symbol=ADAUSDT HTTP/1.1" 200 38336
2026-09-27 19:37:09,812 - momentum.DataExtraction.kline_provider_base.Binance - DEBUG - Fetched 1000 klines from Binance API
2026-09-27 19:37:09,812 - momentum.DataExtraction.kline_provider_base.Binance - INFO - [88%] Batch 94: downloaded 1000 klines, total: 94000 | 最後K線(UTC): 2026-08-19 09:15, 下一批次(UTC): 2026-08-19 09:20
2026-09-27 19:37:09,812 - momentum.DataExtraction.kline_provider_base.Binance - INFO - [89%] Batch 95/106: 2026-08-19 09:20 to 2026-08-22 20:40
2026-09-27 19:37:09,812 - momentum.DataExtraction.providers.binance_provider.RateLimiter - DEBUG - Acquired 1 tokens, remaining: 999.00
2026-09-27 19:37:09,872 - urllib3.connectionpool - DEBUG - https://api.binance.com:443 "GET /api/v3/klines?endTime=1787431200000&interval=5m&limit=1000&startTime=1787131200000&symbol=ADAUSDT HTTP/1.1" 200 43251
2026-09-27 19:37:09,874 - momentum.DataExtraction.kline_provider_base.Binance - DEBUG - Fetched 1000 klines from Binance API
2026-09-27 19:37:09,874 - momentum.DataExtraction.kline_provider_base.Binance - INFO - [89%] Batch 95: downloaded 1000 klines, total: 95000 | 最後K線(UTC): 2026-08-22 20:35, 下一批次(UTC): 2026-08-22 20:40
2026-09-27 19:37:09,874 - momentum.DataExtraction.kline_provider_base.Binance - INFO - [90%] Batch 96/106: 2026-08-22 20:40 to 2026-08-26 08:00
2026-09-27 19:37:09,874 - momentum.DataExtraction.providers.binance_provider.RateLimiter - DEBUG - Acquired 1 tokens, remaining: 999.00
2026-09-27 19:37:09,932 - urllib3.connectionpool - DEBUG - https://api.binance.com:443 "GET /api/v3/klines?endTime=1787731200000&interval=5m&limit=1000&startTime=1787431200000&symbol=ADAUSDT HTTP/1.1" 200 42020
2026-09-27 19:37:09,934 - momentum.DataExtraction.kline_provider_base.Binance - DEBUG - Fetched 1000 klines from Binance API
2026-09-27 19:37:09,934 - momentum.DataExtraction.kline_provider_base.Binance - INFO - [90%] Batch 96: downloaded 1000 klines, total: 96000 | 最後K線(UTC): 2026-08-26 07:55, 下一批次(UTC): 2026-08-26 08:00
2026-09-27 19:37:09,934 - momentum.DataExtraction.kline_provider_base.Binance - INFO - [91%] Batch 97/106: 2026-08-26 08:00 to 2026-08-29 19:20
2026-09-27 19:37:09,934 - momentum.DataExtraction.providers.binance_provider.RateLimiter - DEBUG - Acquired 1 tokens, remaining: 999.00
2026-09-27 19:37:09,995 - urllib3.connectionpool - DEBUG - https://api.binance.com:443 "GET /api/v3/klines?endTime=1788031200000&interval=5m&limit=1000&startTime=1787731200000&symbol=ADAUSDT HTTP/1.1" 200 40572
2026-09-27 19:37:09,997 - momentum.DataExtraction.kline_provider_base.Binance - DEBUG - Fetched 1000 klines from Binance API
2026-09-27 19:37:09,997 - momentum.DataExtraction.kline_provider_base.Binance - INFO - [91%] Batch 97: downloaded 1000 klines, total: 97000 | 最後K線(UTC): 2026-08-29 19:15, 下一批次(UTC): 2026-08-29 19:20
2026-09-27 19:37:09,997 - momentum.DataExtraction.kline_provider_base.Binance - INFO - [92%] Batch 98/106: 2026-08-29 19:20 to 2026-09-02 06:40
2026-09-27 19:37:09,997 - momentum.DataExtraction.providers.binance_provider.RateLimiter - DEBUG - Acquired 1 tokens, remaining: 999.00
2026-09-27 19:37:10,062 - urllib3.connectionpool - DEBUG - https://api.binance.com:443 "GET /api/v3/klines?endTime=1788331200000&interval=5m&limit=1000&startTime=1788031200000&symbol=ADAUSDT HTTP/1.1" 200 40166
2026-09-27 19:37:10,065 - momentum.DataExtraction.kline_provider_base.Binance - DEBUG - Fetched 1000 klines from Binance API
2026-09-27 19:37:10,065 - momentum.DataExtraction.kline_provider_base.Binance - INFO - [92%] Batch 98: downloaded 1000 klines, total: 98000 | 最後K線(UTC): 2026-09-02 06:35, 下一批次(UTC): 2026-09-02 06:40
2026-09-27 19:37:10,065 - momentum.DataExtraction.kline_provider_base.Binance - INFO - [93%] Batch 99/106: 2026-09-02 06:40 to 2026-09-05 18:00
2026-09-27 19:37:10,065 - momentum.DataExtraction.providers.binance_provider.RateLimiter - DEBUG - Acquired 1 tokens, remaining: 999.00
2026-09-27 19:37:10,123 - urllib3.connectionpool - DEBUG - https://api.binance.com:443 "GET /api/v3/klines?endTime=1788631200000&interval=5m&limit=1000&startTime=1788331200000&symbol=ADAUSDT HTTP/1.1" 200 41521
2026-09-27 19:37:10,125 - momentum.DataExtraction.kline_provider_base.Binance - DEBUG - Fetched 1000 klines from Binance API
2026-09-27 19:37:10,125 - momentum.DataExtraction.kline_provider_base.Binance - INFO - [93%] Batch 99: downloaded 1000 klines, total: 99000 | 最後K線(UTC): 2026-09-05 17:55, 下一批次(UTC): 2026-09-05 18:00
2026-09-27 19:37:10,125 - momentum.DataExtraction.kline_provider_base.Binance - INFO - [94%] Batch 100/106: 2026-09-05 18:00 to 2026-09-09 05:20
2026-09-27 19:37:10,125 - momentum.DataExtraction.providers.binance_provider.RateLimiter - DEBUG - Acquired 1 tokens, remaining: 999.00
2026-09-27 19:37:10,183 - urllib3.connectionpool - DEBUG - https://api.binance.com:443 "GET /api/v3/klines?endTime=1788931200000&interval=5m&limit=1000&startTime=1788631200000&symbol=ADAUSDT HTTP/1.1" 200 41416
2026-09-27 19:37:10,184 - momentum.DataExtraction.kline_provider_base.Binance - DEBUG - Fetched 1000 klines from Binance API
2026-09-27 19:37:10,184 - momentum.DataExtraction.kline_provider_base.Binance - INFO - [94%] Batch 100: downloaded 1000 klines, total: 100000 | 最後K線(UTC): 2026-09-09 05:15, 下一批次(UTC): 2026-09-09 05:20
2026-09-27 19:37:10,184 - momentum.DataExtraction.kline_provider_base.Binance - INFO - [95%] Batch 101/106: 2026-09-09 05:20 to 2026-09-12 16:40
2026-09-27 19:37:10,184 - momentum.DataExtraction.providers.binance_provider.RateLimiter - DEBUG - Acquired 1 tokens, remaining: 998.98
2026-09-27 19:37:10,244 - urllib3.connectionpool - DEBUG - https://api.binance.com:443 "GET /api/v3/klines?endTime=1789231200000&interval=5m&limit=1000&startTime=1788931200000&symbol=ADAUSDT HTTP/1.1" 200 41006
2026-09-27 19:37:10,247 - momentum.DataExtraction.kline_provider_base.Binance - DEBUG - Fetched 1000 klines from Binance API
2026-09-27 19:37:10,247 - momentum.DataExtraction.kline_provider_base.Binance - INFO - [95%] Batch 101: downloaded 1000 klines, total: 101000 | 最後K線(UTC): 2026-09-12 16:35, 下一批次(UTC): 2026-09-12 16:40
2026-09-27 19:37:10,247 - momentum.DataExtraction.kline_provider_base.Binance - INFO - [96%] Batch 102/106: 2026-09-12 16:40 to 2026-09-16 04:00
2026-09-27 19:37:10,247 - momentum.DataExtraction.providers.binance_provider.RateLimiter - DEBUG - Acquired 1 tokens, remaining: 999.00
2026-09-27 19:37:10,312 - urllib3.connectionpool - DEBUG - https://api.binance.com:443 "GET /api/v3/klines?endTime=1789531200000&interval=5m&limit=1000&startTime=1789231200000&symbol=ADAUSDT HTTP/1.1" 200 40483
2026-09-27 19:37:10,314 - momentum.DataExtraction.kline_provider_base.Binance - DEBUG - Fetched 1000 klines from Binance API
2026-09-27 19:37:10,314 - momentum.DataExtraction.kline_provider_base.Binance - INFO - [96%] Batch 102: downloaded 1000 klines, total: 102000 | 最後K線(UTC): 2026-09-16 03:55, 下一批次(UTC): 2026-09-16 04:00
2026-09-27 19:37:10,314 - momentum.DataExtraction.kline_provider_base.Binance - INFO - [97%] Batch 103/106: 2026-09-16 04:00 to 2026-09-19 15:20
2026-09-27 19:37:10,314 - momentum.DataExtraction.providers.binance_provider.RateLimiter - DEBUG - Acquired 1 tokens, remaining: 999.00
2026-09-27 19:37:10,375 - urllib3.connectionpool - DEBUG - https://api.binance.com:443 "GET /api/v3/klines?endTime=1789831200000&interval=5m&limit=1000&startTime=1789531200000&symbol=ADAUSDT HTTP/1.1" 200 41550
2026-09-27 19:37:10,377 - momentum.DataExtraction.kline_provider_base.Binance - DEBUG - Fetched 1000 klines from Binance API
2026-09-27 19:37:10,377 - momentum.DataExtraction.kline_provider_base.Binance - INFO - [97%] Batch 103: downloaded 1000 klines, total: 103000 | 最後K線(UTC): 2026-09-19 15:15, 下一批次(UTC): 2026-09-19 15:20
2026-09-27 19:37:10,377 - momentum.DataExtraction.kline_provider_base.Binance - INFO - [98%] Batch 104/106: 2026-09-19 15:20 to 2026-09-23 02:40
2026-09-27 19:37:10,377 - momentum.DataExtraction.providers.binance_provider.RateLimiter - DEBUG - Acquired 1 tokens, remaining: 999.00
2026-09-27 19:37:10,434 - urllib3.connectionpool - DEBUG - https://api.binance.com:443 "GET /api/v3/klines?endTime=1790131200000&interval=5m&limit=1000&startTime=1789831200000&symbol=ADAUSDT HTTP/1.1" 200 42432
2026-09-27 19:37:10,436 - momentum.DataExtraction.kline_provider_base.Binance - DEBUG - Fetched 1000 klines from Binance API
2026-09-27 19:37:10,436 - momentum.DataExtraction.kline_provider_base.Binance - INFO - [98%] Batch 104: downloaded 1000 klines, total: 104000 | 最後K線(UTC): 2026-09-23 02:35, 下一批次(UTC): 2026-09-23 02:40
2026-09-27 19:37:10,436 - momentum.DataExtraction.kline_provider_base.Binance - INFO - [99%] Batch 105/106: 2026-09-23 02:40 to 2026-09-26 14:00
2026-09-27 19:37:10,436 - momentum.DataExtraction.providers.binance_provider.RateLimiter - DEBUG - Acquired 1 tokens, remaining: 998.99
2026-09-27 19:37:10,497 - urllib3.connectionpool - DEBUG - https://api.binance.com:443 "GET /api/v3/klines?endTime=1790431200000&interval=5m&limit=1000&startTime=1790131200000&symbol=ADAUSDT HTTP/1.1" 200 42334
2026-09-27 19:37:10,501 - momentum.DataExtraction.kline_provider_base.Binance - DEBUG - Fetched 1000 klines from Binance API
2026-09-27 19:37:10,501 - momentum.DataExtraction.kline_provider_base.Binance - INFO - [99%] Batch 105: downloaded 1000 klines, total: 105000 | 最後K線(UTC): 2026-09-26 13:55, 下一批次(UTC): 2026-09-26 14:00
2026-09-27 19:37:10,501 - momentum.DataExtraction.kline_provider_base.Binance - INFO - [100%] Batch 106/106: 2026-09-26 14:00 to 2026-09-27 11:36
2026-09-27 19:37:10,501 - momentum.DataExtraction.providers.binance_provider.RateLimiter - DEBUG - Acquired 1 tokens, remaining: 999.00
2026-09-27 19:37:10,550 - urllib3.connectionpool - DEBUG - https://api.binance.com:443 "GET /api/v3/klines?endTime=1790509005000&interval=5m&limit=1000&startTime=1790431200000&symbol=ADAUSDT HTTP/1.1" 200 10849
2026-09-27 19:37:10,551 - momentum.DataExtraction.kline_provider_base.Binance - DEBUG - Fetched 260 klines from Binance API
2026-09-27 19:37:10,551 - momentum.DataExtraction.kline_provider_base.Binance - INFO - [100%] Batch 106: downloaded 260 klines, total: 105260 | 最後K線(UTC): 2026-09-27 11:35, 下一批次(UTC): 2026-09-27 11:40
2026-09-27 19:37:10,732 - momentum.DataExtraction.kline_provider_base.Binance - INFO - Download completed: 105260 klines in 106 batches
2026-09-27 19:37:10,744 - momentum.DataExtraction.kline_provider_base.Binance - DEBUG - DataFrame validation passed: 105260 rows, 10 columns
2026-09-27 19:37:10,749 - momentum.DataExtraction.kline_storage - DEBUG - Legacy cache not found for ADAUSDT/5m in data_cache
2026-09-27 19:37:10,749 - momentum.DataExtraction.kline_storage - WARNING - Dataset ADAUSDT/5m not available in storage or legacy cache
2026-09-27 19:37:10,950 - momentum.DataExtraction.kline_storage - DEBUG - Atomically renamed temp dataset to 'data'
2026-09-27 19:37:10,995 - momentum.DataExtraction.kline_storage - DEBUG - Continuity check passed for ADAUSDT/5m: 105260 bars are continuous
2026-09-27 19:37:10,996 - momentum.DataExtraction.kline_storage - INFO - Read 105260 klines from ADAUSDT/5m in 0.023s
2026-09-27 19:37:10,998 - momentum.DataExtraction.kline_storage - DEBUG - ✓ Verification passed for ADAUSDT/5m
2026-09-27 19:37:10,999 - momentum.DataExtraction.kline_storage - INFO - Updated cache index: ADAUSDT/5m (add)
2026-09-27 19:37:10,999 - momentum.DataExtraction.kline_storage - INFO - ✅ Successfully wrote 105260 klines to ADAUSDT/5m (verified)
2026-09-27 19:37:10,999 - momentum.DataExtraction.kline_download_service.KlineDownloadService - INFO - Saved 105260 klines to storage (symbol=ADAUSDT, timeframe=5m)
2026-09-27 19:37:10,999 - momentum.DataExtraction.kline_download_service.KlineDownloadService - INFO - Successfully downloaded 105260 klines in 6.98s (15069.8 klines/s)
2026-09-27 19:37:11,021 - momentum.DataExtraction.kline_storage - INFO - Read 105260 klines from ADAUSDT/5m in 0.021s
RESULT BTCUSDT 1d rows=3329 first=2017-08-17 00:00 last=2026-09-27 00:00
RESULT BTCUSDT 5m rows=105260 first=2025-09-27 00:00 last=2026-09-27 11:35
RESULT ETHUSDT 1d rows=3329 first=2017-08-17 00:00 last=2026-09-27 00:00
RESULT ETHUSDT 5m rows=105260 first=2025-09-27 00:00 last=2026-09-27 11:35
RESULT ADAUSDT 1d rows=3086 first=2018-04-17 00:00 last=2026-09-27 00:00
RESULT ADAUSDT 5m rows=105260 first=2025-09-27 00:00 last=2026-09-27 11:35
