Fri Oct  2 10:09:22 CST 2026
============================= test session starts ==============================
platform darwin -- Python 3.9.6, pytest-8.4.2, pluggy-1.6.0 -- /Users/louis/Desktop/quantitative_trading_system/venv/bin/python
rootdir: /Users/louis/Desktop/quantitative_trading_system
configfile: pytest.ini
plugins: asyncio-1.2.0, anyio-4.10.0, cov-7.0.0
asyncio: mode=strict, debug=False, asyncio_default_fixture_loop_scope=None, asyncio_default_test_loop_scope=function
collecting ... collected 2 items

tests/feature_engineering/test_ff_multitf_truncation_small_mr.py::test_small_c3_multitf_truncation_invariant 
-------------------------------- live log setup --------------------------------
10:09:25 [INFO] KlineStorageManager initialized: data_cache/feature_klines/kline_cache.h5
10:09:25 [INFO] Read 20352 klines from BTCUSDT/1h in 0.013s
10:09:25 [INFO] KlineStorageManager initialized: data_cache/feature_klines/kline_cache.h5
10:09:25 [INFO] Registered adapter: crypto_spot
10:09:25 [INFO] Loaded feature registry with 33 entries
10:09:25 [INFO] Loaded 134 TA-Lib indicators
10:09:25 [WARNING] STOCH combo [5, 3, 3] is missing 2 parameter(s); using defaults slowk=3 slowd=3 slowk_matype=0 slowd_matype=0
10:09:25 [WARNING] STOCH combo [8, 3, 3] is missing 2 parameter(s); using defaults slowk=3 slowd=3 slowk_matype=0 slowd_matype=0
10:09:25 [WARNING] STOCH combo [13, 3, 3] is missing 2 parameter(s); using defaults slowk=3 slowd=3 slowk_matype=0 slowd_matype=0
10:09:25 [WARNING] STOCH combo [13, 5, 3] is missing 2 parameter(s); using defaults slowk=5 slowd=3 slowk_matype=0 slowd_matype=0
10:09:25 [WARNING] STOCH combo [21, 3, 3] is missing 2 parameter(s); using defaults slowk=3 slowd=3 slowk_matype=0 slowd_matype=0
10:09:25 [WARNING] STOCH combo [21, 5, 3] is missing 2 parameter(s); using defaults slowk=5 slowd=3 slowk_matype=0 slowd_matype=0
10:09:25 [WARNING] STOCH combo [21, 5, 5] is missing 2 parameter(s); using defaults slowk=5 slowd=5 slowk_matype=0 slowd_matype=0
10:09:25 [WARNING] STOCH combo [34, 5, 3] is missing 2 parameter(s); using defaults slowk=5 slowd=3 slowk_matype=0 slowd_matype=0
10:09:25 [WARNING] STOCH combo [34, 5, 5] is missing 2 parameter(s); using defaults slowk=5 slowd=5 slowk_matype=0 slowd_matype=0
10:09:25 [WARNING] STOCH combo [55, 5, 5] is missing 2 parameter(s); using defaults slowk=5 slowd=5 slowk_matype=0 slowd_matype=0
10:09:25 [WARNING] STOCH combo [55, 8, 5] is missing 2 parameter(s); using defaults slowk=8 slowd=5 slowk_matype=0 slowd_matype=0
10:09:25 [WARNING] STOCH combo [89, 8, 5] is missing 2 parameter(s); using defaults slowk=8 slowd=5 slowk_matype=0 slowd_matype=0
10:09:25 [WARNING] STOCHF combo [5, 3] is missing 1 parameter(s); using defaults fastd_period=3 fastd_matype=0
10:09:25 [WARNING] STOCHF combo [8, 3] is missing 1 parameter(s); using defaults fastd_period=3 fastd_matype=0
10:09:25 [WARNING] STOCHF combo [13, 3] is missing 1 parameter(s); using defaults fastd_period=3 fastd_matype=0
10:09:25 [WARNING] STOCHF combo [21, 3] is missing 1 parameter(s); using defaults fastd_period=3 fastd_matype=0
10:09:25 [WARNING] STOCHF combo [21, 5] is missing 1 parameter(s); using defaults fastd_period=5 fastd_matype=0
10:09:25 [WARNING] STOCHF combo [34, 5] is missing 1 parameter(s); using defaults fastd_period=5 fastd_matype=0
10:09:25 [WARNING] STOCHF combo [55, 5] is missing 1 parameter(s); using defaults fastd_period=5 fastd_matype=0
10:09:25 [WARNING] STOCHF combo [89, 8] is missing 1 parameter(s); using defaults fastd_period=8 fastd_matype=0
10:09:25 [WARNING] STOCHRSI combo [9, 5, 3] is missing 1 parameter(s); using defaults fastk_period=5 fastd_period=3 fastd_matype=0
10:09:25 [WARNING] STOCHRSI combo [14, 5, 3] is missing 1 parameter(s); using defaults fastk_period=5 fastd_period=3 fastd_matype=0
10:09:25 [WARNING] STOCHRSI combo [14, 3, 3] is missing 1 parameter(s); using defaults fastk_period=3 fastd_period=3 fastd_matype=0
10:09:25 [WARNING] STOCHRSI combo [21, 5, 3] is missing 1 parameter(s); using defaults fastk_period=5 fastd_period=3 fastd_matype=0
10:09:25 [WARNING] STOCHRSI combo [21, 8, 5] is missing 1 parameter(s); using defaults fastk_period=8 fastd_period=5 fastd_matype=0
10:09:25 [WARNING] STOCHRSI combo [34, 8, 5] is missing 1 parameter(s); using defaults fastk_period=8 fastd_period=5 fastd_matype=0
10:09:25 [WARNING] STOCHRSI combo [55, 8, 5] is missing 1 parameter(s); using defaults fastk_period=8 fastd_period=5 fastd_matype=0
10:09:25 [INFO] KlineStorageManager initialized: data_cache/feature_klines/kline_cache.h5
10:09:25 [INFO] Registered adapter: crypto_spot
10:09:25 [INFO] Loaded feature registry with 33 entries
10:09:25 [WARNING] STOCH combo [5, 3, 3] is missing 2 parameter(s); using defaults slowk=3 slowd=3 slowk_matype=0 slowd_matype=0
10:09:25 [WARNING] STOCH combo [8, 3, 3] is missing 2 parameter(s); using defaults slowk=3 slowd=3 slowk_matype=0 slowd_matype=0
10:09:25 [WARNING] STOCH combo [13, 3, 3] is missing 2 parameter(s); using defaults slowk=3 slowd=3 slowk_matype=0 slowd_matype=0
10:09:25 [WARNING] STOCH combo [13, 5, 3] is missing 2 parameter(s); using defaults slowk=5 slowd=3 slowk_matype=0 slowd_matype=0
10:09:25 [WARNING] STOCH combo [21, 3, 3] is missing 2 parameter(s); using defaults slowk=3 slowd=3 slowk_matype=0 slowd_matype=0
10:09:25 [WARNING] STOCH combo [21, 5, 3] is missing 2 parameter(s); using defaults slowk=5 slowd=3 slowk_matype=0 slowd_matype=0
10:09:25 [WARNING] STOCH combo [21, 5, 5] is missing 2 parameter(s); using defaults slowk=5 slowd=5 slowk_matype=0 slowd_matype=0
10:09:25 [WARNING] STOCH combo [34, 5, 3] is missing 2 parameter(s); using defaults slowk=5 slowd=3 slowk_matype=0 slowd_matype=0
10:09:25 [WARNING] STOCH combo [34, 5, 5] is missing 2 parameter(s); using defaults slowk=5 slowd=5 slowk_matype=0 slowd_matype=0
10:09:25 [WARNING] STOCH combo [55, 5, 5] is missing 2 parameter(s); using defaults slowk=5 slowd=5 slowk_matype=0 slowd_matype=0
10:09:25 [WARNING] STOCH combo [55, 8, 5] is missing 2 parameter(s); using defaults slowk=8 slowd=5 slowk_matype=0 slowd_matype=0
10:09:25 [WARNING] STOCH combo [89, 8, 5] is missing 2 parameter(s); using defaults slowk=8 slowd=5 slowk_matype=0 slowd_matype=0
10:09:25 [WARNING] STOCHF combo [5, 3] is missing 1 parameter(s); using defaults fastd_period=3 fastd_matype=0
10:09:25 [WARNING] STOCHF combo [8, 3] is missing 1 parameter(s); using defaults fastd_period=3 fastd_matype=0
10:09:25 [WARNING] STOCHF combo [13, 3] is missing 1 parameter(s); using defaults fastd_period=3 fastd_matype=0
10:09:25 [WARNING] STOCHF combo [21, 3] is missing 1 parameter(s); using defaults fastd_period=3 fastd_matype=0
10:09:25 [WARNING] STOCHF combo [21, 5] is missing 1 parameter(s); using defaults fastd_period=5 fastd_matype=0
10:09:25 [WARNING] STOCHF combo [34, 5] is missing 1 parameter(s); using defaults fastd_period=5 fastd_matype=0
10:09:25 [WARNING] STOCHF combo [55, 5] is missing 1 parameter(s); using defaults fastd_period=5 fastd_matype=0
10:09:25 [WARNING] STOCHF combo [89, 8] is missing 1 parameter(s); using defaults fastd_period=8 fastd_matype=0
10:09:25 [WARNING] STOCHRSI combo [9, 5, 3] is missing 1 parameter(s); using defaults fastk_period=5 fastd_period=3 fastd_matype=0
10:09:25 [WARNING] STOCHRSI combo [14, 5, 3] is missing 1 parameter(s); using defaults fastk_period=5 fastd_period=3 fastd_matype=0
10:09:25 [WARNING] STOCHRSI combo [14, 3, 3] is missing 1 parameter(s); using defaults fastk_period=3 fastd_period=3 fastd_matype=0
10:09:25 [WARNING] STOCHRSI combo [21, 5, 3] is missing 1 parameter(s); using defaults fastk_period=5 fastd_period=3 fastd_matype=0
10:09:25 [WARNING] STOCHRSI combo [21, 8, 5] is missing 1 parameter(s); using defaults fastk_period=8 fastd_period=5 fastd_matype=0
10:09:25 [WARNING] STOCHRSI combo [34, 8, 5] is missing 1 parameter(s); using defaults fastk_period=8 fastd_period=5 fastd_matype=0
10:09:25 [WARNING] STOCHRSI combo [55, 8, 5] is missing 1 parameter(s); using defaults fastk_period=8 fastd_period=5 fastd_matype=0
10:09:26 [WARNING] STOCH combo [5, 3, 3] is missing 2 parameter(s); using defaults slowk=3 slowd=3 slowk_matype=0 slowd_matype=0
10:09:26 [WARNING] STOCH combo [8, 3, 3] is missing 2 parameter(s); using defaults slowk=3 slowd=3 slowk_matype=0 slowd_matype=0
10:09:26 [WARNING] STOCH combo [13, 3, 3] is missing 2 parameter(s); using defaults slowk=3 slowd=3 slowk_matype=0 slowd_matype=0
10:09:26 [WARNING] STOCH combo [13, 5, 3] is missing 2 parameter(s); using defaults slowk=5 slowd=3 slowk_matype=0 slowd_matype=0
10:09:26 [WARNING] STOCH combo [21, 3, 3] is missing 2 parameter(s); using defaults slowk=3 slowd=3 slowk_matype=0 slowd_matype=0
10:09:26 [WARNING] STOCH combo [21, 5, 3] is missing 2 parameter(s); using defaults slowk=5 slowd=3 slowk_matype=0 slowd_matype=0
10:09:26 [WARNING] STOCH combo [21, 5, 5] is missing 2 parameter(s); using defaults slowk=5 slowd=5 slowk_matype=0 slowd_matype=0
10:09:26 [WARNING] STOCH combo [34, 5, 3] is missing 2 parameter(s); using defaults slowk=5 slowd=3 slowk_matype=0 slowd_matype=0
10:09:26 [WARNING] STOCH combo [34, 5, 5] is missing 2 parameter(s); using defaults slowk=5 slowd=5 slowk_matype=0 slowd_matype=0
10:09:26 [WARNING] STOCH combo [55, 5, 5] is missing 2 parameter(s); using defaults slowk=5 slowd=5 slowk_matype=0 slowd_matype=0
10:09:26 [WARNING] STOCH combo [55, 8, 5] is missing 2 parameter(s); using defaults slowk=8 slowd=5 slowk_matype=0 slowd_matype=0
10:09:26 [WARNING] STOCH combo [89, 8, 5] is missing 2 parameter(s); using defaults slowk=8 slowd=5 slowk_matype=0 slowd_matype=0
10:09:26 [WARNING] STOCHF combo [5, 3] is missing 1 parameter(s); using defaults fastd_period=3 fastd_matype=0
10:09:26 [WARNING] STOCHF combo [8, 3] is missing 1 parameter(s); using defaults fastd_period=3 fastd_matype=0
10:09:26 [WARNING] STOCHF combo [13, 3] is missing 1 parameter(s); using defaults fastd_period=3 fastd_matype=0
10:09:26 [WARNING] STOCHF combo [21, 3] is missing 1 parameter(s); using defaults fastd_period=3 fastd_matype=0
10:09:26 [WARNING] STOCHF combo [21, 5] is missing 1 parameter(s); using defaults fastd_period=5 fastd_matype=0
10:09:26 [WARNING] STOCHF combo [34, 5] is missing 1 parameter(s); using defaults fastd_period=5 fastd_matype=0
10:09:26 [WARNING] STOCHF combo [55, 5] is missing 1 parameter(s); using defaults fastd_period=5 fastd_matype=0
10:09:26 [WARNING] STOCHF combo [89, 8] is missing 1 parameter(s); using defaults fastd_period=8 fastd_matype=0
10:09:26 [WARNING] STOCHRSI combo [9, 5, 3] is missing 1 parameter(s); using defaults fastk_period=5 fastd_period=3 fastd_matype=0
10:09:26 [WARNING] STOCHRSI combo [14, 5, 3] is missing 1 parameter(s); using defaults fastk_period=5 fastd_period=3 fastd_matype=0
10:09:26 [WARNING] STOCHRSI combo [14, 3, 3] is missing 1 parameter(s); using defaults fastk_period=3 fastd_period=3 fastd_matype=0
10:09:26 [WARNING] STOCHRSI combo [21, 5, 3] is missing 1 parameter(s); using defaults fastk_period=5 fastd_period=3 fastd_matype=0
10:09:26 [WARNING] STOCHRSI combo [21, 8, 5] is missing 1 parameter(s); using defaults fastk_period=8 fastd_period=5 fastd_matype=0
10:09:26 [WARNING] STOCHRSI combo [34, 8, 5] is missing 1 parameter(s); using defaults fastk_period=8 fastd_period=5 fastd_matype=0
10:09:26 [WARNING] STOCHRSI combo [55, 8, 5] is missing 1 parameter(s); using defaults fastk_period=8 fastd_period=5 fastd_matype=0
10:09:26 [WARNING] STOCH combo [5, 3, 3] is missing 2 parameter(s); using defaults slowk=3 slowd=3 slowk_matype=0 slowd_matype=0
10:09:26 [WARNING] STOCH combo [8, 3, 3] is missing 2 parameter(s); using defaults slowk=3 slowd=3 slowk_matype=0 slowd_matype=0
10:09:26 [WARNING] STOCH combo [13, 3, 3] is missing 2 parameter(s); using defaults slowk=3 slowd=3 slowk_matype=0 slowd_matype=0
10:09:26 [WARNING] STOCH combo [13, 5, 3] is missing 2 parameter(s); using defaults slowk=5 slowd=3 slowk_matype=0 slowd_matype=0
10:09:26 [WARNING] STOCH combo [21, 3, 3] is missing 2 parameter(s); using defaults slowk=3 slowd=3 slowk_matype=0 slowd_matype=0
10:09:26 [WARNING] STOCH combo [21, 5, 3] is missing 2 parameter(s); using defaults slowk=5 slowd=3 slowk_matype=0 slowd_matype=0
10:09:26 [WARNING] STOCH combo [21, 5, 5] is missing 2 parameter(s); using defaults slowk=5 slowd=5 slowk_matype=0 slowd_matype=0
10:09:26 [WARNING] STOCH combo [34, 5, 3] is missing 2 parameter(s); using defaults slowk=5 slowd=3 slowk_matype=0 slowd_matype=0
10:09:26 [WARNING] STOCH combo [34, 5, 5] is missing 2 parameter(s); using defaults slowk=5 slowd=5 slowk_matype=0 slowd_matype=0
10:09:26 [WARNING] STOCH combo [55, 5, 5] is missing 2 parameter(s); using defaults slowk=5 slowd=5 slowk_matype=0 slowd_matype=0
10:09:26 [WARNING] STOCH combo [55, 8, 5] is missing 2 parameter(s); using defaults slowk=8 slowd=5 slowk_matype=0 slowd_matype=0
10:09:26 [WARNING] STOCH combo [89, 8, 5] is missing 2 parameter(s); using defaults slowk=8 slowd=5 slowk_matype=0 slowd_matype=0
10:09:26 [WARNING] STOCHF combo [5, 3] is missing 1 parameter(s); using defaults fastd_period=3 fastd_matype=0
10:09:26 [WARNING] STOCHF combo [8, 3] is missing 1 parameter(s); using defaults fastd_period=3 fastd_matype=0
10:09:26 [WARNING] STOCHF combo [13, 3] is missing 1 parameter(s); using defaults fastd_period=3 fastd_matype=0
10:09:26 [WARNING] STOCHF combo [21, 3] is missing 1 parameter(s); using defaults fastd_period=3 fastd_matype=0
10:09:26 [WARNING] STOCHF combo [21, 5] is missing 1 parameter(s); using defaults fastd_period=5 fastd_matype=0
10:09:26 [WARNING] STOCHF combo [34, 5] is missing 1 parameter(s); using defaults fastd_period=5 fastd_matype=0
10:09:26 [WARNING] STOCHF combo [55, 5] is missing 1 parameter(s); using defaults fastd_period=5 fastd_matype=0
10:09:26 [WARNING] STOCHF combo [89, 8] is missing 1 parameter(s); using defaults fastd_period=8 fastd_matype=0
10:09:26 [WARNING] STOCHRSI combo [9, 5, 3] is missing 1 parameter(s); using defaults fastk_period=5 fastd_period=3 fastd_matype=0
10:09:26 [WARNING] STOCHRSI combo [14, 5, 3] is missing 1 parameter(s); using defaults fastk_period=5 fastd_period=3 fastd_matype=0
10:09:26 [WARNING] STOCHRSI combo [14, 3, 3] is missing 1 parameter(s); using defaults fastk_period=3 fastd_period=3 fastd_matype=0
10:09:26 [WARNING] STOCHRSI combo [21, 5, 3] is missing 1 parameter(s); using defaults fastk_period=5 fastd_period=3 fastd_matype=0
10:09:26 [WARNING] STOCHRSI combo [21, 8, 5] is missing 1 parameter(s); using defaults fastk_period=8 fastd_period=5 fastd_matype=0
10:09:26 [WARNING] STOCHRSI combo [34, 8, 5] is missing 1 parameter(s); using defaults fastk_period=8 fastd_period=5 fastd_matype=0
10:09:26 [WARNING] STOCHRSI combo [55, 8, 5] is missing 1 parameter(s); using defaults fastk_period=8 fastd_period=5 fastd_matype=0
10:09:26 [INFO] Fetching spot data: BTCUSDT/1h
10:09:26 [INFO] Read 20352 klines from BTCUSDT/1h in 0.007s
10:09:26 [INFO] Aligned data for BTCUSDT/1h: 20352 rows, 5 columns
10:09:26 [INFO] Fetching spot data: BTCUSDT/4h
10:09:26 [INFO] Read 5088 klines from BTCUSDT/4h in 0.003s
10:09:26 [INFO] Aligned data for BTCUSDT/4h: 5088 rows, 5 columns
10:09:26 [INFO] Loaded feature registry with 33 entries
10:09:26 [INFO] [Layer 1] 0% - Starting Layer 1...
10:09:26 [INFO] Layer 1 starting, rss=283MB
10:09:26 [WARNING] STOCH combo [5, 3, 3] is missing 2 parameter(s); using defaults slowk=3 slowd=3 slowk_matype=0 slowd_matype=0
10:09:26 [WARNING] STOCH combo [8, 3, 3] is missing 2 parameter(s); using defaults slowk=3 slowd=3 slowk_matype=0 slowd_matype=0
10:09:26 [WARNING] STOCH combo [13, 3, 3] is missing 2 parameter(s); using defaults slowk=3 slowd=3 slowk_matype=0 slowd_matype=0
10:09:26 [WARNING] STOCH combo [13, 5, 3] is missing 2 parameter(s); using defaults slowk=5 slowd=3 slowk_matype=0 slowd_matype=0
10:09:26 [WARNING] STOCH combo [21, 3, 3] is missing 2 parameter(s); using defaults slowk=3 slowd=3 slowk_matype=0 slowd_matype=0
10:09:26 [WARNING] STOCH combo [21, 5, 3] is missing 2 parameter(s); using defaults slowk=5 slowd=3 slowk_matype=0 slowd_matype=0
10:09:26 [WARNING] STOCH combo [21, 5, 5] is missing 2 parameter(s); using defaults slowk=5 slowd=5 slowk_matype=0 slowd_matype=0
10:09:26 [WARNING] STOCH combo [34, 5, 3] is missing 2 parameter(s); using defaults slowk=5 slowd=3 slowk_matype=0 slowd_matype=0
10:09:26 [WARNING] STOCH combo [34, 5, 5] is missing 2 parameter(s); using defaults slowk=5 slowd=5 slowk_matype=0 slowd_matype=0
10:09:26 [WARNING] STOCH combo [55, 5, 5] is missing 2 parameter(s); using defaults slowk=5 slowd=5 slowk_matype=0 slowd_matype=0
10:09:26 [WARNING] STOCH combo [55, 8, 5] is missing 2 parameter(s); using defaults slowk=8 slowd=5 slowk_matype=0 slowd_matype=0
10:09:26 [WARNING] STOCH combo [89, 8, 5] is missing 2 parameter(s); using defaults slowk=8 slowd=5 slowk_matype=0 slowd_matype=0
10:09:26 [WARNING] STOCHF combo [5, 3] is missing 1 parameter(s); using defaults fastd_period=3 fastd_matype=0
10:09:26 [WARNING] STOCHF combo [8, 3] is missing 1 parameter(s); using defaults fastd_period=3 fastd_matype=0
10:09:26 [WARNING] STOCHF combo [13, 3] is missing 1 parameter(s); using defaults fastd_period=3 fastd_matype=0
10:09:26 [WARNING] STOCHF combo [21, 3] is missing 1 parameter(s); using defaults fastd_period=3 fastd_matype=0
10:09:26 [WARNING] STOCHF combo [21, 5] is missing 1 parameter(s); using defaults fastd_period=5 fastd_matype=0
10:09:26 [WARNING] STOCHF combo [34, 5] is missing 1 parameter(s); using defaults fastd_period=5 fastd_matype=0
10:09:26 [WARNING] STOCHF combo [55, 5] is missing 1 parameter(s); using defaults fastd_period=5 fastd_matype=0
10:09:26 [WARNING] STOCHF combo [89, 8] is missing 1 parameter(s); using defaults fastd_period=8 fastd_matype=0
10:09:26 [WARNING] STOCHRSI combo [9, 5, 3] is missing 1 parameter(s); using defaults fastk_period=5 fastd_period=3 fastd_matype=0
10:09:26 [WARNING] STOCHRSI combo [14, 5, 3] is missing 1 parameter(s); using defaults fastk_period=5 fastd_period=3 fastd_matype=0
10:09:26 [WARNING] STOCHRSI combo [14, 3, 3] is missing 1 parameter(s); using defaults fastk_period=3 fastd_period=3 fastd_matype=0
10:09:26 [WARNING] STOCHRSI combo [21, 5, 3] is missing 1 parameter(s); using defaults fastk_period=5 fastd_period=3 fastd_matype=0
10:09:26 [WARNING] STOCHRSI combo [21, 8, 5] is missing 1 parameter(s); using defaults fastk_period=8 fastd_period=5 fastd_matype=0
10:09:26 [WARNING] STOCHRSI combo [34, 8, 5] is missing 1 parameter(s); using defaults fastk_period=8 fastd_period=5 fastd_matype=0
10:09:26 [WARNING] STOCHRSI combo [55, 8, 5] is missing 1 parameter(s); using defaults fastk_period=8 fastd_period=5 fastd_matype=0
10:09:26 [INFO] [Layer 1] 100% - Layer 1 completed: 898 features
10:09:26 [INFO] Layer 1 done: 898 cols, status=ok, rss=594MB
10:09:26 [INFO] [Layer 2] 0% - Starting Layer 2...
10:09:26 [INFO] Layer 2 starting, rss=594MB
10:09:26 [INFO] [L2] Starting derived features: 898 L1 cols
10:09:26 [WARNING] STOCH combo [5, 3, 3] is missing 2 parameter(s); using defaults slowk=3 slowd=3 slowk_matype=0 slowd_matype=0
10:09:26 [WARNING] STOCH combo [8, 3, 3] is missing 2 parameter(s); using defaults slowk=3 slowd=3 slowk_matype=0 slowd_matype=0
10:09:26 [WARNING] STOCH combo [13, 3, 3] is missing 2 parameter(s); using defaults slowk=3 slowd=3 slowk_matype=0 slowd_matype=0
10:09:26 [WARNING] STOCH combo [13, 5, 3] is missing 2 parameter(s); using defaults slowk=5 slowd=3 slowk_matype=0 slowd_matype=0
10:09:26 [WARNING] STOCH combo [21, 3, 3] is missing 2 parameter(s); using defaults slowk=3 slowd=3 slowk_matype=0 slowd_matype=0
10:09:26 [WARNING] STOCH combo [21, 5, 3] is missing 2 parameter(s); using defaults slowk=5 slowd=3 slowk_matype=0 slowd_matype=0
10:09:26 [WARNING] STOCH combo [21, 5, 5] is missing 2 parameter(s); using defaults slowk=5 slowd=5 slowk_matype=0 slowd_matype=0
10:09:26 [WARNING] STOCH combo [34, 5, 3] is missing 2 parameter(s); using defaults slowk=5 slowd=3 slowk_matype=0 slowd_matype=0
10:09:26 [WARNING] STOCH combo [34, 5, 5] is missing 2 parameter(s); using defaults slowk=5 slowd=5 slowk_matype=0 slowd_matype=0
10:09:26 [WARNING] STOCH combo [55, 5, 5] is missing 2 parameter(s); using defaults slowk=5 slowd=5 slowk_matype=0 slowd_matype=0
10:09:26 [WARNING] STOCH combo [55, 8, 5] is missing 2 parameter(s); using defaults slowk=8 slowd=5 slowk_matype=0 slowd_matype=0
10:09:26 [WARNING] STOCH combo [89, 8, 5] is missing 2 parameter(s); using defaults slowk=8 slowd=5 slowk_matype=0 slowd_matype=0
10:09:26 [WARNING] STOCHF combo [5, 3] is missing 1 parameter(s); using defaults fastd_period=3 fastd_matype=0
10:09:26 [WARNING] STOCHF combo [8, 3] is missing 1 parameter(s); using defaults fastd_period=3 fastd_matype=0
10:09:26 [WARNING] STOCHF combo [13, 3] is missing 1 parameter(s); using defaults fastd_period=3 fastd_matype=0
10:09:26 [WARNING] STOCHF combo [21, 3] is missing 1 parameter(s); using defaults fastd_period=3 fastd_matype=0
10:09:26 [WARNING] STOCHF combo [21, 5] is missing 1 parameter(s); using defaults fastd_period=5 fastd_matype=0
10:09:26 [WARNING] STOCHF combo [34, 5] is missing 1 parameter(s); using defaults fastd_period=5 fastd_matype=0
10:09:26 [WARNING] STOCHF combo [55, 5] is missing 1 parameter(s); using defaults fastd_period=5 fastd_matype=0
10:09:26 [WARNING] STOCHF combo [89, 8] is missing 1 parameter(s); using defaults fastd_period=8 fastd_matype=0
10:09:26 [WARNING] STOCHRSI combo [9, 5, 3] is missing 1 parameter(s); using defaults fastk_period=5 fastd_period=3 fastd_matype=0
10:09:26 [WARNING] STOCHRSI combo [14, 5, 3] is missing 1 parameter(s); using defaults fastk_period=5 fastd_period=3 fastd_matype=0
10:09:26 [WARNING] STOCHRSI combo [14, 3, 3] is missing 1 parameter(s); using defaults fastk_period=3 fastd_period=3 fastd_matype=0
10:09:26 [WARNING] STOCHRSI combo [21, 5, 3] is missing 1 parameter(s); using defaults fastk_period=5 fastd_period=3 fastd_matype=0
10:09:26 [WARNING] STOCHRSI combo [21, 8, 5] is missing 1 parameter(s); using defaults fastk_period=8 fastd_period=5 fastd_matype=0
10:09:26 [WARNING] STOCHRSI combo [34, 8, 5] is missing 1 parameter(s); using defaults fastk_period=8 fastd_period=5 fastd_matype=0
10:09:26 [WARNING] STOCHRSI combo [55, 8, 5] is missing 1 parameter(s); using defaults fastk_period=8 fastd_period=5 fastd_matype=0
10:09:36 [INFO] [L2] Completed: 11621 cols in 9.46s
10:09:37 [INFO] [Layer 2] 100% - Layer 2 completed: 11621 features
10:09:37 [INFO] Layer 2 done: 11621 cols, status=ok, rss=821MB
10:09:37 [INFO] [memmap] created: shape=(10752, 11621), dtype=<class 'numpy.float32'>, est=0.50 GB  (file auto-unlinked)
10:09:38 [INFO] [spill] calib_layer2: 10752×11621 → float32 memmap in 1.1s (freed ~1.0 GB float64)
10:09:38 [INFO] [Layer 3] 0% - Starting Layer 3...
10:09:38 [INFO] Layer 3 starting, rss=1268MB
10:09:42 [INFO] [L3 streaming][numba][multi] step 10/20 (W5_range): 898→898 cols (-0 dead)
10:09:42 [INFO] [L3 streaming][numba][multi] step 20/20 (W13_range): 898→898 cols (-0 dead)
10:09:42 [INFO] [L3 streaming][numba][multi] complete: 17960 total generated, 0 dead dropped, 17960 survivors
10:09:44 [INFO] [Layer 3] 100% - Layer 3 completed: 17960 features
10:09:44 [INFO] Layer 3 done: 17960 cols, status=ok, rss=1026MB
10:09:44 [INFO] [Layer 4] 0% - Starting Layer 4...
10:09:44 [INFO] Layer 4 starting, rss=1026MB
10:09:44 [INFO] [Layer 4] 100% - Layer 4 completed: 7224 features
10:09:44 [INFO] Layer 4 done: 7224 cols, status=ok, rss=1360MB
10:09:44 [INFO] [Layer 5] 0% - Starting Layer 5...
10:09:44 [INFO] Layer 5 starting, rss=1360MB
10:09:44 [INFO] [Layer 5] 100% - Layer 5 completed: 0 features
10:09:44 [INFO] Layer 5 done: 0 cols, status=empty_disabled, rss=1360MB
10:09:44 [INFO] [Layer 6] 0% - Starting Layer 6...
10:09:44 [INFO] Layer 6 starting, rss=1360MB
10:09:44 [INFO] [Layer 6] 100% - Layer 6 completed: 10 features
10:09:44 [INFO] Layer 6 done: 10 cols, status=ok, rss=1365MB
10:09:44 [INFO] [memmap concat] 5 DFs → 37713 cols × 10752 rows ≈ 1.62 GB → disk-backed
10:09:44 [INFO] [memmap] created: shape=(10752, 37713), dtype=<class 'numpy.float32'>, est=1.62 GB  (file auto-unlinked)
10:09:44 [INFO] [memmap concat] copying DF 1/5 (898 cols)
10:09:45 [INFO] [memmap concat] copying DF 2/5 (11621 cols)
10:09:45 [INFO] [memmap concat] copying DF 3/5 (17960 cols)
10:09:49 [INFO] [memmap concat] copying DF 4/5 (7224 cols)
10:09:53 [INFO] [memmap concat] copying DF 5/5 (10 cols)
10:19:38 [INFO] Loaded feature registry with 33 entries
10:19:38 [INFO] [Layer 1] 0% - Starting Layer 1...
10:19:38 [INFO] Layer 1 starting, rss=1367MB
10:19:39 [WARNING] STOCH combo [5, 3, 3] is missing 2 parameter(s); using defaults slowk=3 slowd=3 slowk_matype=0 slowd_matype=0
10:19:39 [WARNING] STOCH combo [8, 3, 3] is missing 2 parameter(s); using defaults slowk=3 slowd=3 slowk_matype=0 slowd_matype=0
10:19:39 [WARNING] STOCH combo [13, 3, 3] is missing 2 parameter(s); using defaults slowk=3 slowd=3 slowk_matype=0 slowd_matype=0
10:19:39 [WARNING] STOCH combo [13, 5, 3] is missing 2 parameter(s); using defaults slowk=5 slowd=3 slowk_matype=0 slowd_matype=0
10:19:39 [WARNING] STOCH combo [21, 3, 3] is missing 2 parameter(s); using defaults slowk=3 slowd=3 slowk_matype=0 slowd_matype=0
10:19:39 [WARNING] STOCH combo [21, 5, 3] is missing 2 parameter(s); using defaults slowk=5 slowd=3 slowk_matype=0 slowd_matype=0
10:19:39 [WARNING] STOCH combo [21, 5, 5] is missing 2 parameter(s); using defaults slowk=5 slowd=5 slowk_matype=0 slowd_matype=0
10:19:39 [WARNING] STOCH combo [34, 5, 3] is missing 2 parameter(s); using defaults slowk=5 slowd=3 slowk_matype=0 slowd_matype=0
10:19:39 [WARNING] STOCH combo [34, 5, 5] is missing 2 parameter(s); using defaults slowk=5 slowd=5 slowk_matype=0 slowd_matype=0
10:19:39 [WARNING] STOCH combo [55, 5, 5] is missing 2 parameter(s); using defaults slowk=5 slowd=5 slowk_matype=0 slowd_matype=0
10:19:39 [WARNING] STOCH combo [55, 8, 5] is missing 2 parameter(s); using defaults slowk=8 slowd=5 slowk_matype=0 slowd_matype=0
10:19:39 [WARNING] STOCH combo [89, 8, 5] is missing 2 parameter(s); using defaults slowk=8 slowd=5 slowk_matype=0 slowd_matype=0
10:19:39 [WARNING] STOCHF combo [5, 3] is missing 1 parameter(s); using defaults fastd_period=3 fastd_matype=0
10:19:39 [WARNING] STOCHF combo [8, 3] is missing 1 parameter(s); using defaults fastd_period=3 fastd_matype=0
10:19:39 [WARNING] STOCHF combo [13, 3] is missing 1 parameter(s); using defaults fastd_period=3 fastd_matype=0
10:19:39 [WARNING] STOCHF combo [21, 3] is missing 1 parameter(s); using defaults fastd_period=3 fastd_matype=0
10:19:39 [WARNING] STOCHF combo [21, 5] is missing 1 parameter(s); using defaults fastd_period=5 fastd_matype=0
10:19:39 [WARNING] STOCHF combo [34, 5] is missing 1 parameter(s); using defaults fastd_period=5 fastd_matype=0
10:19:39 [WARNING] STOCHF combo [55, 5] is missing 1 parameter(s); using defaults fastd_period=5 fastd_matype=0
10:19:39 [WARNING] STOCHF combo [89, 8] is missing 1 parameter(s); using defaults fastd_period=8 fastd_matype=0
10:19:39 [WARNING] STOCHRSI combo [9, 5, 3] is missing 1 parameter(s); using defaults fastk_period=5 fastd_period=3 fastd_matype=0
10:19:39 [WARNING] STOCHRSI combo [14, 5, 3] is missing 1 parameter(s); using defaults fastk_period=5 fastd_period=3 fastd_matype=0
10:19:39 [WARNING] STOCHRSI combo [14, 3, 3] is missing 1 parameter(s); using defaults fastk_period=3 fastd_period=3 fastd_matype=0
10:19:39 [WARNING] STOCHRSI combo [21, 5, 3] is missing 1 parameter(s); using defaults fastk_period=5 fastd_period=3 fastd_matype=0
10:19:39 [WARNING] STOCHRSI combo [21, 8, 5] is missing 1 parameter(s); using defaults fastk_period=8 fastd_period=5 fastd_matype=0
10:19:39 [WARNING] STOCHRSI combo [34, 8, 5] is missing 1 parameter(s); using defaults fastk_period=8 fastd_period=5 fastd_matype=0
10:19:39 [WARNING] STOCHRSI combo [55, 8, 5] is missing 1 parameter(s); using defaults fastk_period=8 fastd_period=5 fastd_matype=0
10:19:39 [INFO] [Layer 1] 100% - Layer 1 completed: 898 features
10:19:39 [INFO] Layer 1 done: 898 cols, status=ok, rss=145MB
10:19:39 [INFO] [Layer 2] 0% - Starting Layer 2...
10:19:39 [INFO] Layer 2 starting, rss=146MB
10:19:39 [INFO] [L2] Starting derived features: 898 L1 cols
10:19:39 [WARNING] STOCH combo [5, 3, 3] is missing 2 parameter(s); using defaults slowk=3 slowd=3 slowk_matype=0 slowd_matype=0
10:19:39 [WARNING] STOCH combo [8, 3, 3] is missing 2 parameter(s); using defaults slowk=3 slowd=3 slowk_matype=0 slowd_matype=0
10:19:39 [WARNING] STOCH combo [13, 3, 3] is missing 2 parameter(s); using defaults slowk=3 slowd=3 slowk_matype=0 slowd_matype=0
10:19:39 [WARNING] STOCH combo [13, 5, 3] is missing 2 parameter(s); using defaults slowk=5 slowd=3 slowk_matype=0 slowd_matype=0
10:19:39 [WARNING] STOCH combo [21, 3, 3] is missing 2 parameter(s); using defaults slowk=3 slowd=3 slowk_matype=0 slowd_matype=0
10:19:39 [WARNING] STOCH combo [21, 5, 3] is missing 2 parameter(s); using defaults slowk=5 slowd=3 slowk_matype=0 slowd_matype=0
10:19:39 [WARNING] STOCH combo [21, 5, 5] is missing 2 parameter(s); using defaults slowk=5 slowd=5 slowk_matype=0 slowd_matype=0
10:19:39 [WARNING] STOCH combo [34, 5, 3] is missing 2 parameter(s); using defaults slowk=5 slowd=3 slowk_matype=0 slowd_matype=0
10:19:39 [WARNING] STOCH combo [34, 5, 5] is missing 2 parameter(s); using defaults slowk=5 slowd=5 slowk_matype=0 slowd_matype=0
10:19:39 [WARNING] STOCH combo [55, 5, 5] is missing 2 parameter(s); using defaults slowk=5 slowd=5 slowk_matype=0 slowd_matype=0
10:19:39 [WARNING] STOCH combo [55, 8, 5] is missing 2 parameter(s); using defaults slowk=8 slowd=5 slowk_matype=0 slowd_matype=0
10:19:39 [WARNING] STOCH combo [89, 8, 5] is missing 2 parameter(s); using defaults slowk=8 slowd=5 slowk_matype=0 slowd_matype=0
10:19:39 [WARNING] STOCHF combo [5, 3] is missing 1 parameter(s); using defaults fastd_period=3 fastd_matype=0
10:19:39 [WARNING] STOCHF combo [8, 3] is missing 1 parameter(s); using defaults fastd_period=3 fastd_matype=0
10:19:39 [WARNING] STOCHF combo [13, 3] is missing 1 parameter(s); using defaults fastd_period=3 fastd_matype=0
10:19:39 [WARNING] STOCHF combo [21, 3] is missing 1 parameter(s); using defaults fastd_period=3 fastd_matype=0
10:19:39 [WARNING] STOCHF combo [21, 5] is missing 1 parameter(s); using defaults fastd_period=5 fastd_matype=0
10:19:39 [WARNING] STOCHF combo [34, 5] is missing 1 parameter(s); using defaults fastd_period=5 fastd_matype=0
10:19:39 [WARNING] STOCHF combo [55, 5] is missing 1 parameter(s); using defaults fastd_period=5 fastd_matype=0
10:19:39 [WARNING] STOCHF combo [89, 8] is missing 1 parameter(s); using defaults fastd_period=8 fastd_matype=0
10:19:39 [WARNING] STOCHRSI combo [9, 5, 3] is missing 1 parameter(s); using defaults fastk_period=5 fastd_period=3 fastd_matype=0
10:19:39 [WARNING] STOCHRSI combo [14, 5, 3] is missing 1 parameter(s); using defaults fastk_period=5 fastd_period=3 fastd_matype=0
10:19:39 [WARNING] STOCHRSI combo [14, 3, 3] is missing 1 parameter(s); using defaults fastk_period=3 fastd_period=3 fastd_matype=0
10:19:39 [WARNING] STOCHRSI combo [21, 5, 3] is missing 1 parameter(s); using defaults fastk_period=5 fastd_period=3 fastd_matype=0
10:19:39 [WARNING] STOCHRSI combo [21, 8, 5] is missing 1 parameter(s); using defaults fastk_period=8 fastd_period=5 fastd_matype=0
10:19:39 [WARNING] STOCHRSI combo [34, 8, 5] is missing 1 parameter(s); using defaults fastk_period=8 fastd_period=5 fastd_matype=0
10:19:39 [WARNING] STOCHRSI combo [55, 8, 5] is missing 1 parameter(s); using defaults fastk_period=8 fastd_period=5 fastd_matype=0
10:19:42 [INFO] [L2] Completed: 11621 cols in 3.12s
10:19:43 [INFO] [Layer 2] 100% - Layer 2 completed: 11621 features
10:19:43 [INFO] Layer 2 done: 11621 cols, status=ok, rss=885MB
10:19:43 [INFO] [Layer 3] 0% - Starting Layer 3...
10:19:43 [INFO] Layer 3 starting, rss=885MB
10:19:45 [INFO] [L3 streaming][numba][multi] step 10/20 (W5_range): 898→898 cols (-0 dead)
10:19:45 [INFO] [L3 streaming][numba][multi] step 20/20 (W13_range): 898→898 cols (-0 dead)
10:19:45 [INFO] [L3 streaming][numba][multi] complete: 17960 total generated, 0 dead dropped, 17960 survivors
10:19:45 [INFO] [Layer 3] 100% - Layer 3 completed: 17960 features
10:19:45 [INFO] Layer 3 done: 17960 cols, status=ok, rss=1612MB
10:19:45 [INFO] [Layer 4] 0% - Starting Layer 4...
10:19:45 [INFO] Layer 4 starting, rss=1612MB
10:19:45 [INFO] [Layer 4] 100% - Layer 4 completed: 7224 features
10:19:45 [INFO] Layer 4 done: 7224 cols, status=ok, rss=1869MB
10:19:45 [INFO] [Layer 5] 0% - Starting Layer 5...
10:19:45 [INFO] Layer 5 starting, rss=1869MB
10:19:45 [INFO] [Layer 5] 100% - Layer 5 completed: 0 features
10:19:45 [INFO] Layer 5 done: 0 cols, status=empty_disabled, rss=1869MB
10:19:45 [INFO] [Layer 6] 0% - Starting Layer 6...
10:19:45 [INFO] Layer 6 starting, rss=1869MB
10:19:45 [INFO] [Layer 6] 100% - Layer 6 completed: 10 features
10:19:45 [INFO] Layer 6 done: 10 cols, status=ok, rss=1871MB
10:20:05 [INFO] [CGSA] Initialized ColumnGroupRegistry at /Users/louis/Desktop/quantitative_trading_system/data_cache/cgsa_work/BTCUSDT_1h_626a43c1 (tier=8gb, buffer_groups=0)
10:20:05 [INFO] Fetching spot data: BTCUSDT/1h
10:20:05 [INFO] Read 20352 klines from BTCUSDT/1h in 0.094s
10:20:05 [INFO] Aligned data for BTCUSDT/1h: 20352 rows, 5 columns
10:20:05 [INFO] [multi_tf:multi_tf] 35% - [CGSA] Processing timeframe 1h (1/2)
10:20:05 [INFO] [Layer 1] 0% - Starting Layer 1...
10:20:05 [INFO] Layer 1 starting, rss=1120MB
10:20:05 [WARNING] STOCH combo [5, 3, 3] is missing 2 parameter(s); using defaults slowk=3 slowd=3 slowk_matype=0 slowd_matype=0
10:20:05 [WARNING] STOCH combo [8, 3, 3] is missing 2 parameter(s); using defaults slowk=3 slowd=3 slowk_matype=0 slowd_matype=0
10:20:05 [WARNING] STOCH combo [13, 3, 3] is missing 2 parameter(s); using defaults slowk=3 slowd=3 slowk_matype=0 slowd_matype=0
10:20:05 [WARNING] STOCH combo [13, 5, 3] is missing 2 parameter(s); using defaults slowk=5 slowd=3 slowk_matype=0 slowd_matype=0
10:20:05 [WARNING] STOCH combo [21, 3, 3] is missing 2 parameter(s); using defaults slowk=3 slowd=3 slowk_matype=0 slowd_matype=0
10:20:05 [WARNING] STOCH combo [21, 5, 3] is missing 2 parameter(s); using defaults slowk=5 slowd=3 slowk_matype=0 slowd_matype=0
10:20:05 [WARNING] STOCH combo [21, 5, 5] is missing 2 parameter(s); using defaults slowk=5 slowd=5 slowk_matype=0 slowd_matype=0
10:20:05 [WARNING] STOCH combo [34, 5, 3] is missing 2 parameter(s); using defaults slowk=5 slowd=3 slowk_matype=0 slowd_matype=0
10:20:05 [WARNING] STOCH combo [34, 5, 5] is missing 2 parameter(s); using defaults slowk=5 slowd=5 slowk_matype=0 slowd_matype=0
10:20:05 [WARNING] STOCH combo [55, 5, 5] is missing 2 parameter(s); using defaults slowk=5 slowd=5 slowk_matype=0 slowd_matype=0
10:20:05 [WARNING] STOCH combo [55, 8, 5] is missing 2 parameter(s); using defaults slowk=8 slowd=5 slowk_matype=0 slowd_matype=0
10:20:05 [WARNING] STOCH combo [89, 8, 5] is missing 2 parameter(s); using defaults slowk=8 slowd=5 slowk_matype=0 slowd_matype=0
10:20:05 [WARNING] STOCHF combo [5, 3] is missing 1 parameter(s); using defaults fastd_period=3 fastd_matype=0
10:20:05 [WARNING] STOCHF combo [8, 3] is missing 1 parameter(s); using defaults fastd_period=3 fastd_matype=0
10:20:05 [WARNING] STOCHF combo [13, 3] is missing 1 parameter(s); using defaults fastd_period=3 fastd_matype=0
10:20:05 [WARNING] STOCHF combo [21, 3] is missing 1 parameter(s); using defaults fastd_period=3 fastd_matype=0
10:20:05 [WARNING] STOCHF combo [21, 5] is missing 1 parameter(s); using defaults fastd_period=5 fastd_matype=0
10:20:05 [WARNING] STOCHF combo [34, 5] is missing 1 parameter(s); using defaults fastd_period=5 fastd_matype=0
10:20:05 [WARNING] STOCHF combo [55, 5] is missing 1 parameter(s); using defaults fastd_period=5 fastd_matype=0
10:20:05 [WARNING] STOCHF combo [89, 8] is missing 1 parameter(s); using defaults fastd_period=8 fastd_matype=0
10:20:05 [WARNING] STOCHRSI combo [9, 5, 3] is missing 1 parameter(s); using defaults fastk_period=5 fastd_period=3 fastd_matype=0
10:20:05 [WARNING] STOCHRSI combo [14, 5, 3] is missing 1 parameter(s); using defaults fastk_period=5 fastd_period=3 fastd_matype=0
10:20:05 [WARNING] STOCHRSI combo [14, 3, 3] is missing 1 parameter(s); using defaults fastk_period=3 fastd_period=3 fastd_matype=0
10:20:05 [WARNING] STOCHRSI combo [21, 5, 3] is missing 1 parameter(s); using defaults fastk_period=5 fastd_period=3 fastd_matype=0
10:20:05 [WARNING] STOCHRSI combo [21, 8, 5] is missing 1 parameter(s); using defaults fastk_period=8 fastd_period=5 fastd_matype=0
10:20:05 [WARNING] STOCHRSI combo [34, 8, 5] is missing 1 parameter(s); using defaults fastk_period=8 fastd_period=5 fastd_matype=0
10:20:05 [WARNING] STOCHRSI combo [55, 8, 5] is missing 1 parameter(s); using defaults fastk_period=8 fastd_period=5 fastd_matype=0
10:20:06 [INFO] [Layer 1] 100% - Layer 1 completed: 898 features
10:20:06 [INFO] Layer 1 done: 898 cols, status=ok, rss=703MB
10:20:06 [INFO] [Layer 2] 0% - Starting Layer 2...
10:20:06 [INFO] Layer 2 starting, rss=703MB
10:20:06 [INFO] [L2] Starting derived features: 898 L1 cols
10:20:06 [WARNING] STOCH combo [5, 3, 3] is missing 2 parameter(s); using defaults slowk=3 slowd=3 slowk_matype=0 slowd_matype=0
10:20:06 [WARNING] STOCH combo [8, 3, 3] is missing 2 parameter(s); using defaults slowk=3 slowd=3 slowk_matype=0 slowd_matype=0
10:20:06 [WARNING] STOCH combo [13, 3, 3] is missing 2 parameter(s); using defaults slowk=3 slowd=3 slowk_matype=0 slowd_matype=0
10:20:06 [WARNING] STOCH combo [13, 5, 3] is missing 2 parameter(s); using defaults slowk=5 slowd=3 slowk_matype=0 slowd_matype=0
10:20:06 [WARNING] STOCH combo [21, 3, 3] is missing 2 parameter(s); using defaults slowk=3 slowd=3 slowk_matype=0 slowd_matype=0
10:20:06 [WARNING] STOCH combo [21, 5, 3] is missing 2 parameter(s); using defaults slowk=5 slowd=3 slowk_matype=0 slowd_matype=0
10:20:06 [WARNING] STOCH combo [21, 5, 5] is missing 2 parameter(s); using defaults slowk=5 slowd=5 slowk_matype=0 slowd_matype=0
10:20:06 [WARNING] STOCH combo [34, 5, 3] is missing 2 parameter(s); using defaults slowk=5 slowd=3 slowk_matype=0 slowd_matype=0
10:20:06 [WARNING] STOCH combo [34, 5, 5] is missing 2 parameter(s); using defaults slowk=5 slowd=5 slowk_matype=0 slowd_matype=0
10:20:06 [WARNING] STOCH combo [55, 5, 5] is missing 2 parameter(s); using defaults slowk=5 slowd=5 slowk_matype=0 slowd_matype=0
10:20:06 [WARNING] STOCH combo [55, 8, 5] is missing 2 parameter(s); using defaults slowk=8 slowd=5 slowk_matype=0 slowd_matype=0
10:20:06 [WARNING] STOCH combo [89, 8, 5] is missing 2 parameter(s); using defaults slowk=8 slowd=5 slowk_matype=0 slowd_matype=0
10:20:06 [WARNING] STOCHF combo [5, 3] is missing 1 parameter(s); using defaults fastd_period=3 fastd_matype=0
10:20:06 [WARNING] STOCHF combo [8, 3] is missing 1 parameter(s); using defaults fastd_period=3 fastd_matype=0
10:20:06 [WARNING] STOCHF combo [13, 3] is missing 1 parameter(s); using defaults fastd_period=3 fastd_matype=0
10:20:06 [WARNING] STOCHF combo [21, 3] is missing 1 parameter(s); using defaults fastd_period=3 fastd_matype=0
10:20:06 [WARNING] STOCHF combo [21, 5] is missing 1 parameter(s); using defaults fastd_period=5 fastd_matype=0
10:20:06 [WARNING] STOCHF combo [34, 5] is missing 1 parameter(s); using defaults fastd_period=5 fastd_matype=0
10:20:06 [WARNING] STOCHF combo [55, 5] is missing 1 parameter(s); using defaults fastd_period=5 fastd_matype=0
10:20:06 [WARNING] STOCHF combo [89, 8] is missing 1 parameter(s); using defaults fastd_period=8 fastd_matype=0
10:20:06 [WARNING] STOCHRSI combo [9, 5, 3] is missing 1 parameter(s); using defaults fastk_period=5 fastd_period=3 fastd_matype=0
10:20:06 [WARNING] STOCHRSI combo [14, 5, 3] is missing 1 parameter(s); using defaults fastk_period=5 fastd_period=3 fastd_matype=0
10:20:06 [WARNING] STOCHRSI combo [14, 3, 3] is missing 1 parameter(s); using defaults fastk_period=3 fastd_period=3 fastd_matype=0
10:20:06 [WARNING] STOCHRSI combo [21, 5, 3] is missing 1 parameter(s); using defaults fastk_period=5 fastd_period=3 fastd_matype=0
10:20:06 [WARNING] STOCHRSI combo [21, 8, 5] is missing 1 parameter(s); using defaults fastk_period=8 fastd_period=5 fastd_matype=0
10:20:06 [WARNING] STOCHRSI combo [34, 8, 5] is missing 1 parameter(s); using defaults fastk_period=8 fastd_period=5 fastd_matype=0
10:20:06 [WARNING] STOCHRSI combo [55, 8, 5] is missing 1 parameter(s); using defaults fastk_period=8 fastd_period=5 fastd_matype=0
10:20:23 [INFO] [CGSA] L2 persisted group=1h_L2_Cross shards=1 total_bytes=88.0 MiB
10:20:29 [INFO] [CGSA] L2 persisted group=1h_L2_Ratio shards=1 total_bytes=88.0 MiB
10:21:19 [INFO] [CGSA] L2 persisted group=1h_L2_Momentum shards=8 total_bytes=697.2 MiB
10:21:19 [INFO] [L2] Completed: 11621 cols in 72.14s
10:21:19 [INFO] [Layer 2] 100% - Layer 2 completed: 11621 features
10:21:19 [INFO] Layer 2 done: 11621 cols, status=ok, rss=3144MB
10:21:19 [INFO] [memmap] created: shape=(20352, 11621), dtype=<class 'numpy.float32'>, est=0.95 GB  (file auto-unlinked)
10:21:26 [INFO] [spill] layer2: 20352×11621 → float32 memmap in 7.1s (freed ~1.9 GB float64)
10:21:26 [INFO] [Layer 3] 0% - Starting Layer 3...
10:21:26 [INFO] Layer 3 starting, rss=2174MB
10:21:33 [INFO] [L3 streaming][numba][multi][persist] step 10/20 (W5_range): 898→898 cols (-0 dead)
10:21:33 [INFO] [L3 streaming][numba][multi][persist] step 20/20 (W13_range): 898→898 cols (-0 dead)
10:21:33 [INFO] [L3 streaming][numba][multi][persist] complete: 17960 generated, 4 dropped, 17956 survivors persisted via callback
10:21:37 [INFO] [L3] streaming persist (mode=streaming) complete: 17956 cols persisted in 20 groups
10:21:37 [INFO] [Layer 3] 100% - Layer 3 completed: 0 features
10:21:37 [INFO] Layer 3 done: 0 cols, status=offloaded_to_registry, rss=2482MB
10:21:37 [INFO] [Layer 4] 0% - Starting Layer 4...
10:21:37 [INFO] Layer 4 starting, rss=2482MB
10:21:39 [INFO] [Layer 4] 100% - Layer 4 completed: 7224 features
10:21:39 [INFO] Layer 4 done: 7224 cols, status=ok, rss=1448MB
10:21:39 [INFO] [Layer 5] 0% - Starting Layer 5...
10:21:39 [INFO] Layer 5 starting, rss=1448MB
10:21:39 [INFO] [Layer 5] 100% - Layer 5 completed: 0 features
10:21:39 [INFO] Layer 5 done: 0 cols, status=empty_disabled, rss=1454MB
10:21:39 [INFO] [Layer 6] 0% - Starting Layer 6...
10:21:39 [INFO] Layer 6 starting, rss=1454MB
10:21:39 [INFO] [Layer 6] 100% - Layer 6 completed: 10 features
10:21:40 [INFO] Layer 6 done: 10 cols, status=ok, rss=1474MB
10:21:40 [INFO] [CGSA] Disk pre-check OK: layer=L4_lag symbol=BTCUSDT tf=1h need=2.74 GiB (planned_new=0.55 GiB, max_inflight_tmp×2=0.19 GiB, reserve=2.00 GiB) free=26.28 GiB shape=(20352, 7224)
10:21:43 [INFO] [CGSA] L4_lag persisted group=1h_L4_lag_1 shards=5 total_bytes=388.2 MiB
10:21:43 [INFO] [CGSA] L4_lag persisted group=1h_L4_lag_2 shards=2 total_bytes=172.7 MiB
10:21:43 [INFO] [CGSA] Persisted L4_lag: 7224 cols → 2 groups (tf=1h)
10:21:43 [INFO] [CGSA] Disk pre-check OK: layer=L6_meta symbol=BTCUSDT tf=1h need=2.00 GiB (planned_new=0.00 GiB, max_inflight_tmp×2=0.00 GiB, reserve=2.00 GiB) free=25.57 GiB shape=(20352, 10)
10:21:43 [INFO] [CGSA] Persisted L6_meta: 10 cols → 1 groups (tf=1h)
10:21:43 [INFO] [CGSA][multi_tf] Primary TF 1h: 241 groups registered (no alignment needed)
10:21:43 [INFO] [multi_tf:multi_tf] 70% - [CGSA] Processing timeframe 4h (2/2)
10:21:43 [INFO] Fetching spot data: BTCUSDT/4h
10:21:43 [INFO] Read 5088 klines from BTCUSDT/4h in 0.191s
10:21:43 [INFO] Aligned data for BTCUSDT/4h: 5088 rows, 5 columns
10:21:43 [INFO] [Layer 1] 0% - Starting Layer 1...
10:21:43 [INFO] Layer 1 starting, rss=2198MB
10:21:44 [WARNING] STOCH combo [5, 3, 3] is missing 2 parameter(s); using defaults slowk=3 slowd=3 slowk_matype=0 slowd_matype=0
10:21:44 [WARNING] STOCH combo [8, 3, 3] is missing 2 parameter(s); using defaults slowk=3 slowd=3 slowk_matype=0 slowd_matype=0
10:21:44 [WARNING] STOCH combo [13, 3, 3] is missing 2 parameter(s); using defaults slowk=3 slowd=3 slowk_matype=0 slowd_matype=0
10:21:44 [WARNING] STOCH combo [13, 5, 3] is missing 2 parameter(s); using defaults slowk=5 slowd=3 slowk_matype=0 slowd_matype=0
10:21:44 [WARNING] STOCH combo [21, 3, 3] is missing 2 parameter(s); using defaults slowk=3 slowd=3 slowk_matype=0 slowd_matype=0
10:21:44 [WARNING] STOCH combo [21, 5, 3] is missing 2 parameter(s); using defaults slowk=5 slowd=3 slowk_matype=0 slowd_matype=0
10:21:44 [WARNING] STOCH combo [21, 5, 5] is missing 2 parameter(s); using defaults slowk=5 slowd=5 slowk_matype=0 slowd_matype=0
10:21:44 [WARNING] STOCH combo [34, 5, 3] is missing 2 parameter(s); using defaults slowk=5 slowd=3 slowk_matype=0 slowd_matype=0
10:21:44 [WARNING] STOCH combo [34, 5, 5] is missing 2 parameter(s); using defaults slowk=5 slowd=5 slowk_matype=0 slowd_matype=0
10:21:44 [WARNING] STOCH combo [55, 5, 5] is missing 2 parameter(s); using defaults slowk=5 slowd=5 slowk_matype=0 slowd_matype=0
10:21:44 [WARNING] STOCH combo [55, 8, 5] is missing 2 parameter(s); using defaults slowk=8 slowd=5 slowk_matype=0 slowd_matype=0
10:21:44 [WARNING] STOCH combo [89, 8, 5] is missing 2 parameter(s); using defaults slowk=8 slowd=5 slowk_matype=0 slowd_matype=0
10:21:44 [WARNING] STOCHF combo [5, 3] is missing 1 parameter(s); using defaults fastd_period=3 fastd_matype=0
10:21:44 [WARNING] STOCHF combo [8, 3] is missing 1 parameter(s); using defaults fastd_period=3 fastd_matype=0
10:21:44 [WARNING] STOCHF combo [13, 3] is missing 1 parameter(s); using defaults fastd_period=3 fastd_matype=0
10:21:44 [WARNING] STOCHF combo [21, 3] is missing 1 parameter(s); using defaults fastd_period=3 fastd_matype=0
10:21:44 [WARNING] STOCHF combo [21, 5] is missing 1 parameter(s); using defaults fastd_period=5 fastd_matype=0
10:21:44 [WARNING] STOCHF combo [34, 5] is missing 1 parameter(s); using defaults fastd_period=5 fastd_matype=0
10:21:44 [WARNING] STOCHF combo [55, 5] is missing 1 parameter(s); using defaults fastd_period=5 fastd_matype=0
10:21:44 [WARNING] STOCHF combo [89, 8] is missing 1 parameter(s); using defaults fastd_period=8 fastd_matype=0
10:21:44 [WARNING] STOCHRSI combo [9, 5, 3] is missing 1 parameter(s); using defaults fastk_period=5 fastd_period=3 fastd_matype=0
10:21:44 [WARNING] STOCHRSI combo [14, 5, 3] is missing 1 parameter(s); using defaults fastk_period=5 fastd_period=3 fastd_matype=0
10:21:44 [WARNING] STOCHRSI combo [14, 3, 3] is missing 1 parameter(s); using defaults fastk_period=3 fastd_period=3 fastd_matype=0
10:21:44 [WARNING] STOCHRSI combo [21, 5, 3] is missing 1 parameter(s); using defaults fastk_period=5 fastd_period=3 fastd_matype=0
10:21:44 [WARNING] STOCHRSI combo [21, 8, 5] is missing 1 parameter(s); using defaults fastk_period=8 fastd_period=5 fastd_matype=0
10:21:44 [WARNING] STOCHRSI combo [34, 8, 5] is missing 1 parameter(s); using defaults fastk_period=8 fastd_period=5 fastd_matype=0
10:21:44 [WARNING] STOCHRSI combo [55, 8, 5] is missing 1 parameter(s); using defaults fastk_period=8 fastd_period=5 fastd_matype=0
10:21:49 [INFO] [Layer 1] 100% - Layer 1 completed: 898 features
10:21:49 [INFO] Layer 1 done: 898 cols, status=ok, rss=1938MB
10:21:49 [INFO] [Layer 2] 0% - Starting Layer 2...
10:21:49 [INFO] Layer 2 starting, rss=1938MB
10:21:49 [INFO] [L2] Starting derived features: 898 L1 cols
10:21:49 [WARNING] STOCH combo [5, 3, 3] is missing 2 parameter(s); using defaults slowk=3 slowd=3 slowk_matype=0 slowd_matype=0
10:21:49 [WARNING] STOCH combo [8, 3, 3] is missing 2 parameter(s); using defaults slowk=3 slowd=3 slowk_matype=0 slowd_matype=0
10:21:49 [WARNING] STOCH combo [13, 3, 3] is missing 2 parameter(s); using defaults slowk=3 slowd=3 slowk_matype=0 slowd_matype=0
10:21:49 [WARNING] STOCH combo [13, 5, 3] is missing 2 parameter(s); using defaults slowk=5 slowd=3 slowk_matype=0 slowd_matype=0
10:21:49 [WARNING] STOCH combo [21, 3, 3] is missing 2 parameter(s); using defaults slowk=3 slowd=3 slowk_matype=0 slowd_matype=0
10:21:49 [WARNING] STOCH combo [21, 5, 3] is missing 2 parameter(s); using defaults slowk=5 slowd=3 slowk_matype=0 slowd_matype=0
10:21:49 [WARNING] STOCH combo [21, 5, 5] is missing 2 parameter(s); using defaults slowk=5 slowd=5 slowk_matype=0 slowd_matype=0
10:21:49 [WARNING] STOCH combo [34, 5, 3] is missing 2 parameter(s); using defaults slowk=5 slowd=3 slowk_matype=0 slowd_matype=0
10:21:49 [WARNING] STOCH combo [34, 5, 5] is missing 2 parameter(s); using defaults slowk=5 slowd=5 slowk_matype=0 slowd_matype=0
10:21:49 [WARNING] STOCH combo [55, 5, 5] is missing 2 parameter(s); using defaults slowk=5 slowd=5 slowk_matype=0 slowd_matype=0
10:21:49 [WARNING] STOCH combo [55, 8, 5] is missing 2 parameter(s); using defaults slowk=8 slowd=5 slowk_matype=0 slowd_matype=0
10:21:49 [WARNING] STOCH combo [89, 8, 5] is missing 2 parameter(s); using defaults slowk=8 slowd=5 slowk_matype=0 slowd_matype=0
10:21:49 [WARNING] STOCHF combo [5, 3] is missing 1 parameter(s); using defaults fastd_period=3 fastd_matype=0
10:21:49 [WARNING] STOCHF combo [8, 3] is missing 1 parameter(s); using defaults fastd_period=3 fastd_matype=0
10:21:49 [WARNING] STOCHF combo [13, 3] is missing 1 parameter(s); using defaults fastd_period=3 fastd_matype=0
10:21:49 [WARNING] STOCHF combo [21, 3] is missing 1 parameter(s); using defaults fastd_period=3 fastd_matype=0
10:21:49 [WARNING] STOCHF combo [21, 5] is missing 1 parameter(s); using defaults fastd_period=5 fastd_matype=0
10:21:49 [WARNING] STOCHF combo [34, 5] is missing 1 parameter(s); using defaults fastd_period=5 fastd_matype=0
10:21:49 [WARNING] STOCHF combo [55, 5] is missing 1 parameter(s); using defaults fastd_period=5 fastd_matype=0
10:21:49 [WARNING] STOCHF combo [89, 8] is missing 1 parameter(s); using defaults fastd_period=8 fastd_matype=0
10:21:49 [WARNING] STOCHRSI combo [9, 5, 3] is missing 1 parameter(s); using defaults fastk_period=5 fastd_period=3 fastd_matype=0
10:21:49 [WARNING] STOCHRSI combo [14, 5, 3] is missing 1 parameter(s); using defaults fastk_period=5 fastd_period=3 fastd_matype=0
10:21:49 [WARNING] STOCHRSI combo [14, 3, 3] is missing 1 parameter(s); using defaults fastk_period=3 fastd_period=3 fastd_matype=0
10:21:49 [WARNING] STOCHRSI combo [21, 5, 3] is missing 1 parameter(s); using defaults fastk_period=5 fastd_period=3 fastd_matype=0
10:21:49 [WARNING] STOCHRSI combo [21, 8, 5] is missing 1 parameter(s); using defaults fastk_period=8 fastd_period=5 fastd_matype=0
10:21:49 [WARNING] STOCHRSI combo [34, 8, 5] is missing 1 parameter(s); using defaults fastk_period=8 fastd_period=5 fastd_matype=0
10:21:49 [WARNING] STOCHRSI combo [55, 8, 5] is missing 1 parameter(s); using defaults fastk_period=8 fastd_period=5 fastd_matype=0
10:22:09 [INFO] [CGSA] L2 persisted group=4h_L2_Momentum shards=2 total_bytes=174.3 MiB
10:22:09 [INFO] [L2] Completed: 11621 cols in 19.59s
10:22:09 [INFO] [Layer 2] 100% - Layer 2 completed: 11621 features
10:22:09 [INFO] Layer 2 done: 11621 cols, status=ok, rss=933MB
10:22:09 [INFO] [Layer 3] 0% - Starting Layer 3...
10:22:09 [INFO] Layer 3 starting, rss=933MB
10:22:12 [INFO] [L3 streaming][numba][multi][persist] step 10/20 (W5_range): 898→898 cols (-0 dead)
10:22:12 [INFO] [L3 streaming][numba][multi][persist] step 20/20 (W13_range): 898→897 cols (-1 dead)
10:22:12 [INFO] [L3 streaming][numba][multi][persist] complete: 17960 generated, 6 dropped, 17954 survivors persisted via callback
10:22:15 [INFO] [L3] streaming persist (mode=streaming) complete: 17954 cols persisted in 20 groups
10:22:15 [INFO] [Layer 3] 100% - Layer 3 completed: 0 features
10:22:15 [INFO] Layer 3 done: 0 cols, status=offloaded_to_registry, rss=1396MB
10:22:15 [INFO] [Layer 4] 0% - Starting Layer 4...
10:22:15 [INFO] Layer 4 starting, rss=1396MB
10:22:15 [INFO] [Layer 4] 100% - Layer 4 completed: 7224 features
10:22:15 [INFO] Layer 4 done: 7224 cols, status=ok, rss=1010MB
10:22:15 [INFO] [Layer 5] 0% - Starting Layer 5...
10:22:15 [INFO] Layer 5 starting, rss=1010MB
10:22:15 [INFO] [Layer 5] 100% - Layer 5 completed: 0 features
10:22:15 [INFO] Layer 5 done: 0 cols, status=empty_disabled, rss=1010MB
10:22:15 [INFO] [Layer 6] 0% - Starting Layer 6...
10:22:15 [INFO] Layer 6 starting, rss=1010MB
10:22:15 [INFO] [Layer 6] 100% - Layer 6 completed: 10 features
10:22:15 [INFO] Layer 6 done: 10 cols, status=ok, rss=1014MB
10:22:15 [INFO] [CGSA] Disk pre-check OK: layer=L4_lag symbol=BTCUSDT tf=4h need=2.32 GiB (planned_new=0.14 GiB, max_inflight_tmp×2=0.19 GiB, reserve=2.00 GiB) free=27.98 GiB shape=(5088, 7224)
10:22:16 [INFO] [CGSA] L4_lag persisted group=4h_L4_lag_1 shards=2 total_bytes=97.0 MiB
10:22:17 [INFO] [CGSA] Persisted L4_lag: 7224 cols → 2 groups (tf=4h)
10:22:17 [INFO] [CGSA] Disk pre-check OK: layer=L6_meta symbol=BTCUSDT tf=4h need=2.00 GiB (planned_new=0.00 GiB, max_inflight_tmp×2=0.00 GiB, reserve=2.00 GiB) free=27.84 GiB shape=(5088, 10)
10:22:17 [INFO] [CGSA] Persisted L6_meta: 10 cols → 1 groups (tf=4h)
10:22:17 [INFO] [CGSA][multi_tf] Compact-aligned 241 groups from 4h → 1h (source_rows=5088 logical_rows=20352)
10:22:17 [INFO] [CGSA][multi_tf] All TFs done: 482 total groups in registry
10:22:17 [INFO] [multi_tf:persist] 90% - [CGSA] Running Layer 6.5 → L7_raw streaming persist
10:22:30 [INFO] [L7][CGSA] Quality summary: inf_count=0, coverage=0.9547, non_nan=1465369563/1534866432
10:22:31 [INFO] [L7_raw] Disk pre-check OK: required=2.00 GiB (safety x1.50), estimated_final=2.86 GiB, reclaimable_npy=3.57 GiB, net_growth=0.00 GiB, max_inflight_part=0.38 GiB, largest_part_source=1h_L2_Momentum, reserve_floor=2.00 GiB, free=27.82 GiB, groups=482
10:22:31 [INFO] [L6.5] raw-sink path uses serial group streaming for disk safety (requested_workers=2)
10:22:31 [INFO] [L6.5] Registry raw-sink config: groups=482 requested_workers=2 effective_workers=1 mode=append use_fast=False can_use_numba_fast=False winsor=True rank=False zscore=False fracdiff=False fracdiff_apply_to=non_stationary fracdiff_layers=['L1', 'L2'] adf=False gaussian=False
10:22:31 [INFO] [L6.5] Raw-sink start: 476 full groups (fast=0, slow=476) + 6 big-group splits → 496 sub-tasks (requested_workers=2, effective_workers=1, split_threshold=2000, slow_chunked=6, max_group_cols=8980, schedule=largest_first, rss=1863MB)
10:22:33 [INFO] [L6.5] raw-sink chunk stream start: group=1h_L2_Momentum cols=8980 chunks=5 chunk_size=2000 rss=1219MB
10:23:40 [INFO] [L6.5] raw-sink chunk stream complete: group=1h_L2_Momentum chunks=5 outputs=5 rss=1753MB
10:23:40 [INFO] [L6.5] raw-sink heartbeat: tasks 5/496 (1.0%), groups 1/482, elapsed=68.8s, rate=0.07/s, ETA=6756s, rss=1753MB, last=1h_L2_Momentum (slow-chunked, parts=5)
10:23:41 [INFO] [L6.5] raw-sink chunk stream start: group=1h_L4_lag_1 cols=5000 chunks=3 chunk_size=2000 rss=1922MB
10:24:19 [INFO] [L6.5] raw-sink chunk stream complete: group=1h_L4_lag_1 chunks=3 outputs=3 rss=1633MB
10:24:19 [INFO] [L6.5] raw-sink heartbeat: tasks 8/496 (1.6%), groups 2/482, elapsed=108.0s, rate=0.07/s, ETA=6588s, rss=1633MB, last=1h_L4_lag_1 (slow-chunked, parts=3)
10:24:34 [INFO] [L6.5] native-tf path completed: group=4h_L2_Momentum src_tf=4h primary_tf=1h native_rows=5088 primary_rows=20352 outputs=1
10:24:34 [INFO] [L6.5] raw-sink chunk stream start: group=1h_L4_lag_2 cols=2224 chunks=2 chunk_size=2000 rss=1183MB
10:24:51 [INFO] [L6.5] raw-sink chunk stream complete: group=1h_L4_lag_2 chunks=2 outputs=2 rss=1844MB
10:24:51 [INFO] [L6.5] raw-sink heartbeat: tasks 15/496 (3.0%), groups 4/482, elapsed=140.1s, rate=0.11/s, ETA=4493s, rss=1844MB, last=1h_L4_lag_2 (slow-chunked, parts=2)
10:24:59 [INFO] [L6.5] native-tf path completed: group=4h_L4_lag_1 src_tf=4h primary_tf=1h native_rows=5088 primary_rows=20352 outputs=1
10:25:22 [INFO] [L6.5] raw-sink heartbeat: tasks 21/496 (4.2%), groups 8/482, elapsed=170.8s, rate=0.12/s, ETA=3864s, rss=2504MB, last=1h_L3_rolling_W13_Kurt_1 (full)
10:25:54 [INFO] [L6.5] raw-sink heartbeat: tasks 26/496 (5.2%), groups 13/482, elapsed=202.9s, rate=0.13/s, ETA=3669s, rss=2346MB, last=1h_L3_rolling_W13_Skew_1 (full)
10:26:27 [INFO] [L6.5] raw-sink heartbeat: tasks 31/496 (6.2%), groups 18/482, elapsed=235.6s, rate=0.13/s, ETA=3534s, rss=1448MB, last=1h_L3_rolling_W5_Mean_1 (full)
10:26:59 [INFO] [L6.5] raw-sink heartbeat: tasks 36/496 (7.3%), groups 23/482, elapsed=268.4s, rate=0.13/s, ETA=3430s, rss=1398MB, last=1h_L3_rolling_W5_Std_1 (full)
10:27:32 [INFO] [L6.5] native-tf path completed: group=4h_L4_lag_2 src_tf=4h primary_tf=1h native_rows=5088 primary_rows=20352 outputs=1
10:27:32 [INFO] [L6.5] raw-sink heartbeat: tasks 42/496 (8.5%), groups 28/482, elapsed=300.7s, rate=0.14/s, ETA=3250s, rss=523MB, last=4h_L4_lag_2 (native-tf, parts=1)
10:27:33 [INFO] [L6.5] native-tf path completed: group=4h_L2_Cross src_tf=4h primary_tf=1h native_rows=5088 primary_rows=20352 outputs=1
10:27:35 [INFO] [L6.5] native-tf path completed: group=4h_L2_Ratio src_tf=4h primary_tf=1h native_rows=5088 primary_rows=20352 outputs=1
10:27:38 [INFO] [L6.5] native-tf path completed: group=4h_L3_rolling_W13_Kurt_1 src_tf=4h primary_tf=1h native_rows=5088 primary_rows=20352 outputs=1
10:27:39 [INFO] [L6.5] native-tf path completed: group=4h_L3_rolling_W13_Mean_1 src_tf=4h primary_tf=1h native_rows=5088 primary_rows=20352 outputs=1
10:27:40 [INFO] [L6.5] native-tf path completed: group=4h_L3_rolling_W13_Rank_1 src_tf=4h primary_tf=1h native_rows=5088 primary_rows=20352 outputs=1
10:27:41 [INFO] [L6.5] native-tf path completed: group=4h_L3_rolling_W13_Skew_1 src_tf=4h primary_tf=1h native_rows=5088 primary_rows=20352 outputs=1
10:27:42 [INFO] [L6.5] native-tf path completed: group=4h_L3_rolling_W13_Slope_1 src_tf=4h primary_tf=1h native_rows=5088 primary_rows=20352 outputs=1
10:27:43 [INFO] [L6.5] native-tf path completed: group=4h_L3_rolling_W13_Std_1 src_tf=4h primary_tf=1h native_rows=5088 primary_rows=20352 outputs=1
10:27:44 [INFO] [L6.5] native-tf path completed: group=4h_L3_rolling_W13_ZScore_1 src_tf=4h primary_tf=1h native_rows=5088 primary_rows=20352 outputs=1
10:27:45 [INFO] [L6.5] native-tf path completed: group=4h_L3_rolling_W5_Max_1 src_tf=4h primary_tf=1h native_rows=5088 primary_rows=20352 outputs=1
10:27:46 [INFO] [L6.5] native-tf path completed: group=4h_L3_rolling_W5_Mean_1 src_tf=4h primary_tf=1h native_rows=5088 primary_rows=20352 outputs=1
10:27:47 [INFO] [L6.5] native-tf path completed: group=4h_L3_rolling_W5_Min_1 src_tf=4h primary_tf=1h native_rows=5088 primary_rows=20352 outputs=1
10:27:48 [INFO] [L6.5] native-tf path completed: group=4h_L3_rolling_W5_Range_1 src_tf=4h primary_tf=1h native_rows=5088 primary_rows=20352 outputs=1
10:27:49 [INFO] [L6.5] native-tf path completed: group=4h_L3_rolling_W5_Rank_1 src_tf=4h primary_tf=1h native_rows=5088 primary_rows=20352 outputs=1
10:27:50 [INFO] [L6.5] native-tf path completed: group=4h_L3_rolling_W5_Slope_1 src_tf=4h primary_tf=1h native_rows=5088 primary_rows=20352 outputs=1
10:27:52 [INFO] [L6.5] native-tf path completed: group=4h_L3_rolling_W5_Std_1 src_tf=4h primary_tf=1h native_rows=5088 primary_rows=20352 outputs=1
10:27:53 [INFO] [L6.5] native-tf path completed: group=4h_L3_rolling_W13_Max_1 src_tf=4h primary_tf=1h native_rows=5088 primary_rows=20352 outputs=1
10:27:54 [INFO] [L6.5] native-tf path completed: group=4h_L3_rolling_W13_Min_1 src_tf=4h primary_tf=1h native_rows=5088 primary_rows=20352 outputs=1
10:27:55 [INFO] [L6.5] native-tf path completed: group=4h_L3_rolling_W13_Range_1 src_tf=4h primary_tf=1h native_rows=5088 primary_rows=20352 outputs=1
10:27:56 [INFO] [L6.5] native-tf path completed: group=4h_L3_rolling_W5_Kurt_1 src_tf=4h primary_tf=1h native_rows=5088 primary_rows=20352 outputs=1
10:27:58 [INFO] [L6.5] native-tf path completed: group=4h_L3_rolling_W5_Skew_1 src_tf=4h primary_tf=1h native_rows=5088 primary_rows=20352 outputs=1
10:27:59 [INFO] [L6.5] native-tf path completed: group=4h_L3_rolling_W5_ZScore_1 src_tf=4h primary_tf=1h native_rows=5088 primary_rows=20352 outputs=1
10:27:59 [INFO] [L6.5] raw-sink heartbeat: tasks 66/496 (13.3%), groups 52/482, elapsed=328.5s, rate=0.20/s, ETA=2140s, rss=725MB, last=1h_L2_BinarySignal (full)
10:28:00 [INFO] [L6.5] native-tf path completed: group=4h_L2_Distance src_tf=4h primary_tf=1h native_rows=5088 primary_rows=20352 outputs=1
10:28:01 [INFO] [L6.5] native-tf path completed: group=4h_L2_BinarySignal src_tf=4h primary_tf=1h native_rows=5088 primary_rows=20352 outputs=1
10:28:05 [INFO] [L6.5] raw-sink heartbeat: tasks 90/496 (18.1%), groups 76/482, elapsed=334.6s, rate=0.27/s, ETA=1509s, rss=539MB, last=1h_L1_trend_BBANDS-Upper (full)
10:28:08 [INFO] [L6.5] native-tf path completed: group=4h_L1_momentum_RSI src_tf=4h primary_tf=1h native_rows=5088 primary_rows=20352 outputs=1
10:28:08 [INFO] [L6.5] native-tf path completed: group=4h_L1_trend_EMA src_tf=4h primary_tf=1h native_rows=5088 primary_rows=20352 outputs=1
10:28:09 [INFO] [L6.5] native-tf path completed: group=4h_L1_trend_SMA src_tf=4h primary_tf=1h native_rows=5088 primary_rows=20352 outputs=1
10:28:09 [INFO] [L6.5] native-tf path completed: group=4h_L1_momentum_ROC src_tf=4h primary_tf=1h native_rows=5088 primary_rows=20352 outputs=1
10:28:09 [INFO] [L6.5] native-tf path completed: group=4h_L1_momentum_ROCP src_tf=4h primary_tf=1h native_rows=5088 primary_rows=20352 outputs=1
10:28:09 [INFO] [L6.5] native-tf path completed: group=4h_L1_momentum_ROCR src_tf=4h primary_tf=1h native_rows=5088 primary_rows=20352 outputs=1
10:28:09 [INFO] [L6.5] raw-sink heartbeat: tasks 114/496 (23.0%), groups 100/482, elapsed=338.0s, rate=0.34/s, ETA=1133s, rss=539MB, last=4h_L1_momentum_ROCR (native-tf, parts=1)
10:28:09 [INFO] [L6.5] native-tf path completed: group=4h_L1_momentum_ROCR100 src_tf=4h primary_tf=1h native_rows=5088 primary_rows=20352 outputs=1
10:28:09 [INFO] [L6.5] native-tf path completed: group=4h_L1_momentum_CMO src_tf=4h primary_tf=1h native_rows=5088 primary_rows=20352 outputs=1
10:28:09 [INFO] [L6.5] native-tf path completed: group=4h_L1_momentum_MOM src_tf=4h primary_tf=1h native_rows=5088 primary_rows=20352 outputs=1
10:28:09 [INFO] [L6.5] native-tf path completed: group=4h_L1_momentum_TRIX src_tf=4h primary_tf=1h native_rows=5088 primary_rows=20352 outputs=1
10:28:09 [INFO] [L6.5] native-tf path completed: group=4h_L1_trend_DEMA src_tf=4h primary_tf=1h native_rows=5088 primary_rows=20352 outputs=1
10:28:10 [INFO] [L6.5] native-tf path completed: group=4h_L1_trend_KAMA src_tf=4h primary_tf=1h native_rows=5088 primary_rows=20352 outputs=1
10:28:10 [INFO] [L6.5] native-tf path completed: group=4h_L1_trend_MA src_tf=4h primary_tf=1h native_rows=5088 primary_rows=20352 outputs=1
10:28:10 [INFO] [L6.5] native-tf path completed: group=4h_L1_trend_MAVP src_tf=4h primary_tf=1h native_rows=5088 primary_rows=20352 outputs=1
10:28:10 [INFO] [L6.5] native-tf path completed: group=4h_L1_trend_MIDPOINT src_tf=4h primary_tf=1h native_rows=5088 primary_rows=20352 outputs=1
10:28:10 [INFO] [L6.5] native-tf path completed: group=4h_L1_trend_T3 src_tf=4h primary_tf=1h native_rows=5088 primary_rows=20352 outputs=1
10:28:10 [INFO] [L6.5] native-tf path completed: group=4h_L1_trend_TEMA src_tf=4h primary_tf=1h native_rows=5088 primary_rows=20352 outputs=1
10:28:10 [INFO] [L6.5] native-tf path completed: group=4h_L1_trend_TRIMA src_tf=4h primary_tf=1h native_rows=5088 primary_rows=20352 outputs=1
10:28:10 [INFO] [L6.5] native-tf path completed: group=4h_L1_trend_WMA src_tf=4h primary_tf=1h native_rows=5088 primary_rows=20352 outputs=1
10:28:10 [INFO] [L6.5] native-tf path completed: group=4h_L1_trend_BBANDS-Lower src_tf=4h primary_tf=1h native_rows=5088 primary_rows=20352 outputs=1
10:28:11 [INFO] [L6.5] native-tf path completed: group=4h_L1_trend_BBANDS-Middle src_tf=4h primary_tf=1h native_rows=5088 primary_rows=20352 outputs=1
10:28:11 [INFO] [L6.5] native-tf path completed: group=4h_L1_trend_BBANDS-Upper src_tf=4h primary_tf=1h native_rows=5088 primary_rows=20352 outputs=1
10:28:11 [INFO] [L6.5] native-tf path completed: group=4h_L1_momentum_MACDFIX-Hist src_tf=4h primary_tf=1h native_rows=5088 primary_rows=20352 outputs=1
10:28:11 [INFO] [L6.5] native-tf path completed: group=4h_L1_momentum_MACDFIX-Line src_tf=4h primary_tf=1h native_rows=5088 primary_rows=20352 outputs=1
10:28:11 [INFO] [L6.5] native-tf path completed: group=4h_L1_momentum_MACDFIX-Signal src_tf=4h primary_tf=1h native_rows=5088 primary_rows=20352 outputs=1
10:28:11 [INFO] [L6.5] native-tf path completed: group=4h_L1_momentum_WILLR src_tf=4h primary_tf=1h native_rows=5088 primary_rows=20352 outputs=1
10:28:11 [INFO] [L6.5] native-tf path completed: group=4h_L1_momentum_CCI src_tf=4h primary_tf=1h native_rows=5088 primary_rows=20352 outputs=1
10:28:11 [INFO] [L6.5] native-tf path completed: group=4h_L6_meta src_tf=4h primary_tf=1h native_rows=5088 primary_rows=20352 outputs=1
10:28:11 [INFO] [L6.5] native-tf path completed: group=4h_L1_momentum_ADX src_tf=4h primary_tf=1h native_rows=5088 primary_rows=20352 outputs=1
10:28:11 [INFO] [L6.5] native-tf path completed: group=4h_L1_momentum_ADXR src_tf=4h primary_tf=1h native_rows=5088 primary_rows=20352 outputs=1
10:28:11 [INFO] [L6.5] raw-sink heartbeat: tasks 138/496 (27.8%), groups 124/482, elapsed=340.5s, rate=0.41/s, ETA=883s, rss=540MB, last=4h_L1_momentum_ADXR (native-tf, parts=1)
10:28:11 [INFO] [L6.5] native-tf path completed: group=4h_L1_momentum_AROON-aroondown src_tf=4h primary_tf=1h native_rows=5088 primary_rows=20352 outputs=1
10:28:12 [INFO] [L6.5] native-tf path completed: group=4h_L1_momentum_AROON-aroonup src_tf=4h primary_tf=1h native_rows=5088 primary_rows=20352 outputs=1
10:28:12 [INFO] [L6.5] native-tf path completed: group=4h_L1_momentum_AROONOSC src_tf=4h primary_tf=1h native_rows=5088 primary_rows=20352 outputs=1
10:28:12 [INFO] [L6.5] native-tf path completed: group=4h_L1_momentum_DX src_tf=4h primary_tf=1h native_rows=5088 primary_rows=20352 outputs=1
10:28:12 [INFO] [L6.5] native-tf path completed: group=4h_L1_momentum_MINUS-DI src_tf=4h primary_tf=1h native_rows=5088 primary_rows=20352 outputs=1
10:28:12 [INFO] [L6.5] native-tf path completed: group=4h_L1_momentum_MINUS-DM src_tf=4h primary_tf=1h native_rows=5088 primary_rows=20352 outputs=1
10:28:12 [INFO] [L6.5] native-tf path completed: group=4h_L1_momentum_PLUS-DI src_tf=4h primary_tf=1h native_rows=5088 primary_rows=20352 outputs=1
10:28:12 [INFO] [L6.5] native-tf path completed: group=4h_L1_momentum_PLUS-DM src_tf=4h primary_tf=1h native_rows=5088 primary_rows=20352 outputs=1
10:28:12 [INFO] [L6.5] native-tf path completed: group=4h_L1_trend_MIDPRICE src_tf=4h primary_tf=1h native_rows=5088 primary_rows=20352 outputs=1
10:28:14 [INFO] [L6.5] raw-sink heartbeat: tasks 162/496 (32.7%), groups 148/482, elapsed=342.8s, rate=0.47/s, ETA=707s, rss=540MB, last=1h_L1_momentum_MACD-Hist_13-34-9 (full)
10:28:16 [INFO] [L6.5] raw-sink heartbeat: tasks 186/496 (37.5%), groups 172/482, elapsed=345.2s, rate=0.54/s, ETA=575s, rss=540MB, last=1h_L1_momentum_MACD-Line_8-34-9 (full)
10:28:18 [INFO] [L6.5] raw-sink heartbeat: tasks 210/496 (42.3%), groups 196/482, elapsed=347.6s, rate=0.60/s, ETA=473s, rss=538MB, last=1h_L1_momentum_MACDEXT-Hist_55-233-34 (full)
10:28:21 [INFO] [L6.5] raw-sink heartbeat: tasks 234/496 (47.2%), groups 220/482, elapsed=349.8s, rate=0.67/s, ETA=392s, rss=341MB, last=1h_L1_momentum_MACDEXT-Signal_5-21-5 (full)
10:28:23 [INFO] [L6.5] raw-sink heartbeat: tasks 258/496 (52.0%), groups 244/482, elapsed=352.0s, rate=0.73/s, ETA=325s, rss=331MB, last=1h_L1_momentum_STOCHRSI-fastd_9-5-3-0 (full)
10:28:24 [INFO] [L6.5] native-tf path completed: group=4h_L1_momentum_MFI src_tf=4h primary_tf=1h native_rows=5088 primary_rows=20352 outputs=1
10:28:25 [INFO] [L6.5] raw-sink heartbeat: tasks 282/496 (56.9%), groups 268/482, elapsed=354.3s, rate=0.80/s, ETA=269s, rss=333MB, last=1h_L1_momentum_STOCH-slowd_89-8-0-5-0 (full)
10:28:27 [INFO] [L6.5] raw-sink heartbeat: tasks 306/496 (61.7%), groups 292/482, elapsed=356.5s, rate=0.86/s, ETA=221s, rss=333MB, last=1h_L1_momentum_STOCHF-fastk_34-5-0 (full)
10:28:29 [INFO] [L6.5] native-tf path completed: group=4h_L1_momentum_APO_12-26-0 src_tf=4h primary_tf=1h native_rows=5088 primary_rows=20352 outputs=1
10:28:29 [INFO] [L6.5] native-tf path completed: group=4h_L1_momentum_APO_13-34-0 src_tf=4h primary_tf=1h native_rows=5088 primary_rows=20352 outputs=1
10:28:29 [INFO] [L6.5] native-tf path completed: group=4h_L1_momentum_APO_13-55-0 src_tf=4h primary_tf=1h native_rows=5088 primary_rows=20352 outputs=1
10:28:29 [INFO] [L6.5] native-tf path completed: group=4h_L1_momentum_APO_21-55-0 src_tf=4h primary_tf=1h native_rows=5088 primary_rows=20352 outputs=1
10:28:29 [INFO] [L6.5] native-tf path completed: group=4h_L1_momentum_APO_21-89-0 src_tf=4h primary_tf=1h native_rows=5088 primary_rows=20352 outputs=1
10:28:29 [INFO] [L6.5] native-tf path completed: group=4h_L1_momentum_APO_34-144-0 src_tf=4h primary_tf=1h native_rows=5088 primary_rows=20352 outputs=1
10:28:29 [INFO] [L6.5] native-tf path completed: group=4h_L1_momentum_APO_34-89-0 src_tf=4h primary_tf=1h native_rows=5088 primary_rows=20352 outputs=1
10:28:30 [INFO] [L6.5] native-tf path completed: group=4h_L1_momentum_APO_5-13-0 src_tf=4h primary_tf=1h native_rows=5088 primary_rows=20352 outputs=1
10:28:30 [INFO] [L6.5] raw-sink heartbeat: tasks 330/496 (66.5%), groups 316/482, elapsed=358.6s, rate=0.92/s, ETA=180s, rss=333MB, last=4h_L1_momentum_APO_5-13-0 (native-tf, parts=1)
10:28:30 [INFO] [L6.5] native-tf path completed: group=4h_L1_momentum_APO_5-21-0 src_tf=4h primary_tf=1h native_rows=5088 primary_rows=20352 outputs=1
10:28:30 [INFO] [L6.5] native-tf path completed: group=4h_L1_momentum_APO_55-144-0 src_tf=4h primary_tf=1h native_rows=5088 primary_rows=20352 outputs=1
10:28:30 [INFO] [L6.5] native-tf path completed: group=4h_L1_momentum_APO_55-233-0 src_tf=4h primary_tf=1h native_rows=5088 primary_rows=20352 outputs=1
10:28:30 [INFO] [L6.5] native-tf path completed: group=4h_L1_momentum_APO_8-21-0 src_tf=4h primary_tf=1h native_rows=5088 primary_rows=20352 outputs=1
10:28:30 [INFO] [L6.5] native-tf path completed: group=4h_L1_momentum_APO_8-34-0 src_tf=4h primary_tf=1h native_rows=5088 primary_rows=20352 outputs=1
10:28:30 [INFO] [L6.5] native-tf path completed: group=4h_L1_momentum_MACD-Hist_12-26-9 src_tf=4h primary_tf=1h native_rows=5088 primary_rows=20352 outputs=1
10:28:30 [INFO] [L6.5] native-tf path completed: group=4h_L1_momentum_MACD-Hist_13-34-9 src_tf=4h primary_tf=1h native_rows=5088 primary_rows=20352 outputs=1
10:28:30 [INFO] [L6.5] native-tf path completed: group=4h_L1_momentum_MACD-Hist_13-55-13 src_tf=4h primary_tf=1h native_rows=5088 primary_rows=20352 outputs=1
10:28:30 [INFO] [L6.5] native-tf path completed: group=4h_L1_momentum_MACD-Hist_21-55-9 src_tf=4h primary_tf=1h native_rows=5088 primary_rows=20352 outputs=1
10:28:30 [INFO] [L6.5] native-tf path completed: group=4h_L1_momentum_MACD-Hist_21-89-13 src_tf=4h primary_tf=1h native_rows=5088 primary_rows=20352 outputs=1
10:28:31 [INFO] [L6.5] native-tf path completed: group=4h_L1_momentum_MACD-Hist_34-144-21 src_tf=4h primary_tf=1h native_rows=5088 primary_rows=20352 outputs=1
10:28:31 [INFO] [L6.5] native-tf path completed: group=4h_L1_momentum_MACD-Hist_34-89-13 src_tf=4h primary_tf=1h native_rows=5088 primary_rows=20352 outputs=1
10:28:31 [INFO] [L6.5] native-tf path completed: group=4h_L1_momentum_MACD-Hist_5-13-3 src_tf=4h primary_tf=1h native_rows=5088 primary_rows=20352 outputs=1
10:28:31 [INFO] [L6.5] native-tf path completed: group=4h_L1_momentum_MACD-Hist_5-21-5 src_tf=4h primary_tf=1h native_rows=5088 primary_rows=20352 outputs=1
10:28:31 [INFO] [L6.5] native-tf path completed: group=4h_L1_momentum_MACD-Hist_55-144-21 src_tf=4h primary_tf=1h native_rows=5088 primary_rows=20352 outputs=1
10:28:31 [INFO] [L6.5] native-tf path completed: group=4h_L1_momentum_MACD-Hist_55-233-34 src_tf=4h primary_tf=1h native_rows=5088 primary_rows=20352 outputs=1
10:28:31 [INFO] [L6.5] native-tf path completed: group=4h_L1_momentum_MACD-Hist_8-21-5 src_tf=4h primary_tf=1h native_rows=5088 primary_rows=20352 outputs=1
10:28:31 [INFO] [L6.5] native-tf path completed: group=4h_L1_momentum_MACD-Hist_8-34-9 src_tf=4h primary_tf=1h native_rows=5088 primary_rows=20352 outputs=1
10:28:31 [INFO] [L6.5] native-tf path completed: group=4h_L1_momentum_MACD-Line_12-26-9 src_tf=4h primary_tf=1h native_rows=5088 primary_rows=20352 outputs=1
10:28:31 [INFO] [L6.5] native-tf path completed: group=4h_L1_momentum_MACD-Line_13-34-9 src_tf=4h primary_tf=1h native_rows=5088 primary_rows=20352 outputs=1
10:28:31 [INFO] [L6.5] native-tf path completed: group=4h_L1_momentum_MACD-Line_13-55-13 src_tf=4h primary_tf=1h native_rows=5088 primary_rows=20352 outputs=1
10:28:32 [INFO] [L6.5] native-tf path completed: group=4h_L1_momentum_MACD-Line_21-55-9 src_tf=4h primary_tf=1h native_rows=5088 primary_rows=20352 outputs=1
10:28:32 [INFO] [L6.5] native-tf path completed: group=4h_L1_momentum_MACD-Line_21-89-13 src_tf=4h primary_tf=1h native_rows=5088 primary_rows=20352 outputs=1
10:28:32 [INFO] [L6.5] native-tf path completed: group=4h_L1_momentum_MACD-Line_34-144-21 src_tf=4h primary_tf=1h native_rows=5088 primary_rows=20352 outputs=1
10:28:32 [INFO] [L6.5] raw-sink heartbeat: tasks 354/496 (71.4%), groups 340/482, elapsed=360.8s, rate=0.98/s, ETA=145s, rss=333MB, last=4h_L1_momentum_MACD-Line_34-144-21 (native-tf, parts=1)
10:28:32 [INFO] [L6.5] native-tf path completed: group=4h_L1_momentum_MACD-Line_34-89-13 src_tf=4h primary_tf=1h native_rows=5088 primary_rows=20352 outputs=1
10:28:32 [INFO] [L6.5] native-tf path completed: group=4h_L1_momentum_MACD-Line_5-13-3 src_tf=4h primary_tf=1h native_rows=5088 primary_rows=20352 outputs=1
10:28:32 [INFO] [L6.5] native-tf path completed: group=4h_L1_momentum_MACD-Line_5-21-5 src_tf=4h primary_tf=1h native_rows=5088 primary_rows=20352 outputs=1
10:28:32 [INFO] [L6.5] native-tf path completed: group=4h_L1_momentum_MACD-Line_55-144-21 src_tf=4h primary_tf=1h native_rows=5088 primary_rows=20352 outputs=1
10:28:32 [INFO] [L6.5] native-tf path completed: group=4h_L1_momentum_MACD-Line_55-233-34 src_tf=4h primary_tf=1h native_rows=5088 primary_rows=20352 outputs=1
10:28:32 [INFO] [L6.5] native-tf path completed: group=4h_L1_momentum_MACD-Line_8-21-5 src_tf=4h primary_tf=1h native_rows=5088 primary_rows=20352 outputs=1
10:28:32 [INFO] [L6.5] native-tf path completed: group=4h_L1_momentum_MACD-Line_8-34-9 src_tf=4h primary_tf=1h native_rows=5088 primary_rows=20352 outputs=1
10:28:32 [INFO] [L6.5] native-tf path completed: group=4h_L1_momentum_MACD-Signal_12-26-9 src_tf=4h primary_tf=1h native_rows=5088 primary_rows=20352 outputs=1
10:28:32 [INFO] [L6.5] native-tf path completed: group=4h_L1_momentum_MACD-Signal_13-34-9 src_tf=4h primary_tf=1h native_rows=5088 primary_rows=20352 outputs=1
10:28:33 [INFO] [L6.5] native-tf path completed: group=4h_L1_momentum_MACD-Signal_13-55-13 src_tf=4h primary_tf=1h native_rows=5088 primary_rows=20352 outputs=1
10:28:33 [INFO] [L6.5] native-tf path completed: group=4h_L1_momentum_MACD-Signal_21-55-9 src_tf=4h primary_tf=1h native_rows=5088 primary_rows=20352 outputs=1
10:28:33 [INFO] [L6.5] native-tf path completed: group=4h_L1_momentum_MACD-Signal_21-89-13 src_tf=4h primary_tf=1h native_rows=5088 primary_rows=20352 outputs=1
10:28:33 [INFO] [L6.5] native-tf path completed: group=4h_L1_momentum_MACD-Signal_34-144-21 src_tf=4h primary_tf=1h native_rows=5088 primary_rows=20352 outputs=1
10:28:33 [INFO] [L6.5] native-tf path completed: group=4h_L1_momentum_MACD-Signal_34-89-13 src_tf=4h primary_tf=1h native_rows=5088 primary_rows=20352 outputs=1
10:28:33 [INFO] [L6.5] native-tf path completed: group=4h_L1_momentum_MACD-Signal_5-13-3 src_tf=4h primary_tf=1h native_rows=5088 primary_rows=20352 outputs=1
10:28:33 [INFO] [L6.5] native-tf path completed: group=4h_L1_momentum_MACD-Signal_5-21-5 src_tf=4h primary_tf=1h native_rows=5088 primary_rows=20352 outputs=1
10:28:33 [INFO] [L6.5] native-tf path completed: group=4h_L1_momentum_MACD-Signal_55-144-21 src_tf=4h primary_tf=1h native_rows=5088 primary_rows=20352 outputs=1
10:28:33 [INFO] [L6.5] native-tf path completed: group=4h_L1_momentum_MACD-Signal_55-233-34 src_tf=4h primary_tf=1h native_rows=5088 primary_rows=20352 outputs=1
10:28:33 [INFO] [L6.5] native-tf path completed: group=4h_L1_momentum_MACD-Signal_8-21-5 src_tf=4h primary_tf=1h native_rows=5088 primary_rows=20352 outputs=1
10:28:33 [INFO] [L6.5] native-tf path completed: group=4h_L1_momentum_MACD-Signal_8-34-9 src_tf=4h primary_tf=1h native_rows=5088 primary_rows=20352 outputs=1
10:28:34 [INFO] [L6.5] native-tf path completed: group=4h_L1_momentum_MACDEXT-Hist_12-26-9 src_tf=4h primary_tf=1h native_rows=5088 primary_rows=20352 outputs=1
10:28:34 [INFO] [L6.5] native-tf path completed: group=4h_L1_momentum_MACDEXT-Hist_13-34-9 src_tf=4h primary_tf=1h native_rows=5088 primary_rows=20352 outputs=1
10:28:34 [INFO] [L6.5] native-tf path completed: group=4h_L1_momentum_MACDEXT-Hist_13-55-13 src_tf=4h primary_tf=1h native_rows=5088 primary_rows=20352 outputs=1
10:28:34 [INFO] [L6.5] native-tf path completed: group=4h_L1_momentum_MACDEXT-Hist_21-55-9 src_tf=4h primary_tf=1h native_rows=5088 primary_rows=20352 outputs=1
10:28:34 [INFO] [L6.5] raw-sink heartbeat: tasks 378/496 (76.2%), groups 364/482, elapsed=362.9s, rate=1.04/s, ETA=113s, rss=278MB, last=4h_L1_momentum_MACDEXT-Hist_21-55-9 (native-tf, parts=1)
10:28:34 [INFO] [L6.5] native-tf path completed: group=4h_L1_momentum_MACDEXT-Hist_21-89-13 src_tf=4h primary_tf=1h native_rows=5088 primary_rows=20352 outputs=1
10:28:34 [INFO] [L6.5] native-tf path completed: group=4h_L1_momentum_MACDEXT-Hist_34-144-21 src_tf=4h primary_tf=1h native_rows=5088 primary_rows=20352 outputs=1
10:28:34 [INFO] [L6.5] native-tf path completed: group=4h_L1_momentum_MACDEXT-Hist_34-89-13 src_tf=4h primary_tf=1h native_rows=5088 primary_rows=20352 outputs=1
10:28:34 [INFO] [L6.5] native-tf path completed: group=4h_L1_momentum_MACDEXT-Hist_5-13-3 src_tf=4h primary_tf=1h native_rows=5088 primary_rows=20352 outputs=1
10:28:34 [INFO] [L6.5] native-tf path completed: group=4h_L1_momentum_MACDEXT-Hist_5-21-5 src_tf=4h primary_tf=1h native_rows=5088 primary_rows=20352 outputs=1
10:28:34 [INFO] [L6.5] native-tf path completed: group=4h_L1_momentum_MACDEXT-Hist_55-144-21 src_tf=4h primary_tf=1h native_rows=5088 primary_rows=20352 outputs=1
10:28:35 [INFO] [L6.5] native-tf path completed: group=4h_L1_momentum_MACDEXT-Hist_55-233-34 src_tf=4h primary_tf=1h native_rows=5088 primary_rows=20352 outputs=1
10:28:35 [INFO] [L6.5] native-tf path completed: group=4h_L1_momentum_MACDEXT-Hist_8-21-5 src_tf=4h primary_tf=1h native_rows=5088 primary_rows=20352 outputs=1
10:28:35 [INFO] [L6.5] native-tf path completed: group=4h_L1_momentum_MACDEXT-Hist_8-34-9 src_tf=4h primary_tf=1h native_rows=5088 primary_rows=20352 outputs=1
10:28:35 [INFO] [L6.5] native-tf path completed: group=4h_L1_momentum_MACDEXT-Line_12-26-9 src_tf=4h primary_tf=1h native_rows=5088 primary_rows=20352 outputs=1
10:28:35 [INFO] [L6.5] native-tf path completed: group=4h_L1_momentum_MACDEXT-Line_13-34-9 src_tf=4h primary_tf=1h native_rows=5088 primary_rows=20352 outputs=1
10:28:35 [INFO] [L6.5] native-tf path completed: group=4h_L1_momentum_MACDEXT-Line_13-55-13 src_tf=4h primary_tf=1h native_rows=5088 primary_rows=20352 outputs=1
10:28:35 [INFO] [L6.5] native-tf path completed: group=4h_L1_momentum_MACDEXT-Line_21-55-9 src_tf=4h primary_tf=1h native_rows=5088 primary_rows=20352 outputs=1
10:28:35 [INFO] [L6.5] native-tf path completed: group=4h_L1_momentum_MACDEXT-Line_21-89-13 src_tf=4h primary_tf=1h native_rows=5088 primary_rows=20352 outputs=1
10:28:35 [INFO] [L6.5] native-tf path completed: group=4h_L1_momentum_MACDEXT-Line_34-144-21 src_tf=4h primary_tf=1h native_rows=5088 primary_rows=20352 outputs=1
10:28:35 [INFO] [L6.5] native-tf path completed: group=4h_L1_momentum_MACDEXT-Line_34-89-13 src_tf=4h primary_tf=1h native_rows=5088 primary_rows=20352 outputs=1
10:28:35 [INFO] [L6.5] native-tf path completed: group=4h_L1_momentum_MACDEXT-Line_5-13-3 src_tf=4h primary_tf=1h native_rows=5088 primary_rows=20352 outputs=1
10:28:35 [INFO] [L6.5] native-tf path completed: group=4h_L1_momentum_MACDEXT-Line_5-21-5 src_tf=4h primary_tf=1h native_rows=5088 primary_rows=20352 outputs=1
10:28:36 [INFO] [L6.5] native-tf path completed: group=4h_L1_momentum_MACDEXT-Line_55-144-21 src_tf=4h primary_tf=1h native_rows=5088 primary_rows=20352 outputs=1
10:28:36 [INFO] [L6.5] native-tf path completed: group=4h_L1_momentum_MACDEXT-Line_55-233-34 src_tf=4h primary_tf=1h native_rows=5088 primary_rows=20352 outputs=1
10:28:36 [INFO] [L6.5] native-tf path completed: group=4h_L1_momentum_MACDEXT-Line_8-21-5 src_tf=4h primary_tf=1h native_rows=5088 primary_rows=20352 outputs=1
10:28:36 [INFO] [L6.5] native-tf path completed: group=4h_L1_momentum_MACDEXT-Line_8-34-9 src_tf=4h primary_tf=1h native_rows=5088 primary_rows=20352 outputs=1
10:28:36 [INFO] [L6.5] native-tf path completed: group=4h_L1_momentum_MACDEXT-Signal_12-26-9 src_tf=4h primary_tf=1h native_rows=5088 primary_rows=20352 outputs=1
10:28:36 [INFO] [L6.5] native-tf path completed: group=4h_L1_momentum_MACDEXT-Signal_13-34-9 src_tf=4h primary_tf=1h native_rows=5088 primary_rows=20352 outputs=1
10:28:36 [INFO] [L6.5] raw-sink heartbeat: tasks 402/496 (81.0%), groups 388/482, elapsed=365.0s, rate=1.10/s, ETA=85s, rss=270MB, last=4h_L1_momentum_MACDEXT-Signal_13-34-9 (native-tf, parts=1)
10:28:36 [INFO] [L6.5] native-tf path completed: group=4h_L1_momentum_MACDEXT-Signal_13-55-13 src_tf=4h primary_tf=1h native_rows=5088 primary_rows=20352 outputs=1
10:28:36 [INFO] [L6.5] native-tf path completed: group=4h_L1_momentum_MACDEXT-Signal_21-55-9 src_tf=4h primary_tf=1h native_rows=5088 primary_rows=20352 outputs=1
10:28:36 [INFO] [L6.5] native-tf path completed: group=4h_L1_momentum_MACDEXT-Signal_21-89-13 src_tf=4h primary_tf=1h native_rows=5088 primary_rows=20352 outputs=1
10:28:36 [INFO] [L6.5] native-tf path completed: group=4h_L1_momentum_MACDEXT-Signal_34-144-21 src_tf=4h primary_tf=1h native_rows=5088 primary_rows=20352 outputs=1
10:28:36 [INFO] [L6.5] native-tf path completed: group=4h_L1_momentum_MACDEXT-Signal_34-89-13 src_tf=4h primary_tf=1h native_rows=5088 primary_rows=20352 outputs=1
10:28:37 [INFO] [L6.5] native-tf path completed: group=4h_L1_momentum_MACDEXT-Signal_5-13-3 src_tf=4h primary_tf=1h native_rows=5088 primary_rows=20352 outputs=1
10:28:37 [INFO] [L6.5] native-tf path completed: group=4h_L1_momentum_MACDEXT-Signal_5-21-5 src_tf=4h primary_tf=1h native_rows=5088 primary_rows=20352 outputs=1
10:28:37 [INFO] [L6.5] native-tf path completed: group=4h_L1_momentum_MACDEXT-Signal_55-144-21 src_tf=4h primary_tf=1h native_rows=5088 primary_rows=20352 outputs=1
10:28:37 [INFO] [L6.5] native-tf path completed: group=4h_L1_momentum_MACDEXT-Signal_55-233-34 src_tf=4h primary_tf=1h native_rows=5088 primary_rows=20352 outputs=1
10:28:37 [INFO] [L6.5] native-tf path completed: group=4h_L1_momentum_MACDEXT-Signal_8-21-5 src_tf=4h primary_tf=1h native_rows=5088 primary_rows=20352 outputs=1
10:28:37 [INFO] [L6.5] native-tf path completed: group=4h_L1_momentum_MACDEXT-Signal_8-34-9 src_tf=4h primary_tf=1h native_rows=5088 primary_rows=20352 outputs=1
10:28:37 [INFO] [L6.5] native-tf path completed: group=4h_L1_momentum_PPO_12-26-0 src_tf=4h primary_tf=1h native_rows=5088 primary_rows=20352 outputs=1
10:28:37 [INFO] [L6.5] native-tf path completed: group=4h_L1_momentum_PPO_13-34-0 src_tf=4h primary_tf=1h native_rows=5088 primary_rows=20352 outputs=1
10:28:37 [INFO] [L6.5] native-tf path completed: group=4h_L1_momentum_PPO_13-55-0 src_tf=4h primary_tf=1h native_rows=5088 primary_rows=20352 outputs=1
10:28:37 [INFO] [L6.5] native-tf path completed: group=4h_L1_momentum_PPO_21-55-0 src_tf=4h primary_tf=1h native_rows=5088 primary_rows=20352 outputs=1
10:28:37 [INFO] [L6.5] native-tf path completed: group=4h_L1_momentum_PPO_21-89-0 src_tf=4h primary_tf=1h native_rows=5088 primary_rows=20352 outputs=1
10:28:37 [INFO] [L6.5] native-tf path completed: group=4h_L1_momentum_PPO_34-144-0 src_tf=4h primary_tf=1h native_rows=5088 primary_rows=20352 outputs=1
10:28:38 [INFO] [L6.5] native-tf path completed: group=4h_L1_momentum_PPO_34-89-0 src_tf=4h primary_tf=1h native_rows=5088 primary_rows=20352 outputs=1
10:28:38 [INFO] [L6.5] native-tf path completed: group=4h_L1_momentum_PPO_5-13-0 src_tf=4h primary_tf=1h native_rows=5088 primary_rows=20352 outputs=1
10:28:38 [INFO] [L6.5] native-tf path completed: group=4h_L1_momentum_PPO_5-21-0 src_tf=4h primary_tf=1h native_rows=5088 primary_rows=20352 outputs=1
10:28:38 [INFO] [L6.5] native-tf path completed: group=4h_L1_momentum_PPO_55-144-0 src_tf=4h primary_tf=1h native_rows=5088 primary_rows=20352 outputs=1
10:28:38 [INFO] [L6.5] native-tf path completed: group=4h_L1_momentum_PPO_55-233-0 src_tf=4h primary_tf=1h native_rows=5088 primary_rows=20352 outputs=1
10:28:38 [INFO] [L6.5] native-tf path completed: group=4h_L1_momentum_PPO_8-21-0 src_tf=4h primary_tf=1h native_rows=5088 primary_rows=20352 outputs=1
10:28:38 [INFO] [L6.5] native-tf path completed: group=4h_L1_momentum_PPO_8-34-0 src_tf=4h primary_tf=1h native_rows=5088 primary_rows=20352 outputs=1
10:28:38 [INFO] [L6.5] raw-sink heartbeat: tasks 426/496 (85.9%), groups 412/482, elapsed=367.1s, rate=1.16/s, ETA=60s, rss=270MB, last=4h_L1_momentum_PPO_8-34-0 (native-tf, parts=1)
10:28:38 [INFO] [L6.5] native-tf path completed: group=4h_L1_momentum_STOCHRSI-fastd_14-3-3-0 src_tf=4h primary_tf=1h native_rows=5088 primary_rows=20352 outputs=1
10:28:38 [INFO] [L6.5] native-tf path completed: group=4h_L1_momentum_STOCHRSI-fastd_14-5-3-0 src_tf=4h primary_tf=1h native_rows=5088 primary_rows=20352 outputs=1
10:28:38 [INFO] [L6.5] native-tf path completed: group=4h_L1_momentum_STOCHRSI-fastd_21-5-3-0 src_tf=4h primary_tf=1h native_rows=5088 primary_rows=20352 outputs=1
10:28:38 [INFO] [L6.5] native-tf path completed: group=4h_L1_momentum_STOCHRSI-fastd_21-8-5-0 src_tf=4h primary_tf=1h native_rows=5088 primary_rows=20352 outputs=1
10:28:38 [INFO] [L6.5] native-tf path completed: group=4h_L1_momentum_STOCHRSI-fastd_34-8-5-0 src_tf=4h primary_tf=1h native_rows=5088 primary_rows=20352 outputs=1
10:28:39 [INFO] [L6.5] native-tf path completed: group=4h_L1_momentum_STOCHRSI-fastd_55-8-5-0 src_tf=4h primary_tf=1h native_rows=5088 primary_rows=20352 outputs=1
10:28:39 [INFO] [L6.5] native-tf path completed: group=4h_L1_momentum_STOCHRSI-fastd_9-5-3-0 src_tf=4h primary_tf=1h native_rows=5088 primary_rows=20352 outputs=1
10:28:39 [INFO] [L6.5] native-tf path completed: group=4h_L1_momentum_STOCHRSI-fastk_14-3-3-0 src_tf=4h primary_tf=1h native_rows=5088 primary_rows=20352 outputs=1
10:28:39 [INFO] [L6.5] native-tf path completed: group=4h_L1_momentum_STOCHRSI-fastk_14-5-3-0 src_tf=4h primary_tf=1h native_rows=5088 primary_rows=20352 outputs=1
10:28:39 [INFO] [L6.5] native-tf path completed: group=4h_L1_momentum_STOCHRSI-fastk_21-5-3-0 src_tf=4h primary_tf=1h native_rows=5088 primary_rows=20352 outputs=1
10:28:39 [INFO] [L6.5] native-tf path completed: group=4h_L1_momentum_STOCHRSI-fastk_21-8-5-0 src_tf=4h primary_tf=1h native_rows=5088 primary_rows=20352 outputs=1
10:28:39 [INFO] [L6.5] native-tf path completed: group=4h_L1_momentum_STOCHRSI-fastk_34-8-5-0 src_tf=4h primary_tf=1h native_rows=5088 primary_rows=20352 outputs=1
10:28:39 [INFO] [L6.5] native-tf path completed: group=4h_L1_momentum_STOCHRSI-fastk_55-8-5-0 src_tf=4h primary_tf=1h native_rows=5088 primary_rows=20352 outputs=1
10:28:39 [INFO] [L6.5] native-tf path completed: group=4h_L1_momentum_STOCHRSI-fastk_9-5-3-0 src_tf=4h primary_tf=1h native_rows=5088 primary_rows=20352 outputs=1
10:28:39 [INFO] [L6.5] native-tf path completed: group=4h_L1_trend_HT-TRENDLINE src_tf=4h primary_tf=1h native_rows=5088 primary_rows=20352 outputs=1
10:28:39 [INFO] [L6.5] native-tf path completed: group=4h_L1_trend_MAMA-FAMA_0.5-0.05 src_tf=4h primary_tf=1h native_rows=5088 primary_rows=20352 outputs=1
10:28:40 [INFO] [L6.5] native-tf path completed: group=4h_L1_trend_MAMA_0.5-0.05 src_tf=4h primary_tf=1h native_rows=5088 primary_rows=20352 outputs=1
10:28:40 [INFO] [L6.5] native-tf path completed: group=4h_L1_momentum_BOP src_tf=4h primary_tf=1h native_rows=5088 primary_rows=20352 outputs=1
10:28:40 [INFO] [L6.5] native-tf path completed: group=4h_L1_momentum_STOCH-slowd_13-3-0-3-0 src_tf=4h primary_tf=1h native_rows=5088 primary_rows=20352 outputs=1
10:28:40 [INFO] [L6.5] native-tf path completed: group=4h_L1_momentum_STOCH-slowd_13-5-0-3-0 src_tf=4h primary_tf=1h native_rows=5088 primary_rows=20352 outputs=1
10:28:40 [INFO] [L6.5] native-tf path completed: group=4h_L1_momentum_STOCH-slowd_21-3-0-3-0 src_tf=4h primary_tf=1h native_rows=5088 primary_rows=20352 outputs=1
10:28:40 [INFO] [L6.5] native-tf path completed: group=4h_L1_momentum_STOCH-slowd_21-5-0-3-0 src_tf=4h primary_tf=1h native_rows=5088 primary_rows=20352 outputs=1
10:28:40 [INFO] [L6.5] native-tf path completed: group=4h_L1_momentum_STOCH-slowd_21-5-0-5-0 src_tf=4h primary_tf=1h native_rows=5088 primary_rows=20352 outputs=1
10:28:40 [INFO] [L6.5] native-tf path completed: group=4h_L1_momentum_STOCH-slowd_34-5-0-3-0 src_tf=4h primary_tf=1h native_rows=5088 primary_rows=20352 outputs=1
10:28:40 [INFO] [L6.5] raw-sink heartbeat: tasks 450/496 (90.7%), groups 436/482, elapsed=369.2s, rate=1.22/s, ETA=38s, rss=269MB, last=4h_L1_momentum_STOCH-slowd_34-5-0-3-0 (native-tf, parts=1)
10:28:40 [INFO] [L6.5] native-tf path completed: group=4h_L1_momentum_STOCH-slowd_34-5-0-5-0 src_tf=4h primary_tf=1h native_rows=5088 primary_rows=20352 outputs=1
10:28:40 [INFO] [L6.5] native-tf path completed: group=4h_L1_momentum_STOCH-slowd_5-3-0-3-0 src_tf=4h primary_tf=1h native_rows=5088 primary_rows=20352 outputs=1
10:28:40 [INFO] [L6.5] native-tf path completed: group=4h_L1_momentum_STOCH-slowd_55-5-0-5-0 src_tf=4h primary_tf=1h native_rows=5088 primary_rows=20352 outputs=1
10:28:40 [INFO] [L6.5] native-tf path completed: group=4h_L1_momentum_STOCH-slowd_55-8-0-5-0 src_tf=4h primary_tf=1h native_rows=5088 primary_rows=20352 outputs=1
10:28:41 [INFO] [L6.5] native-tf path completed: group=4h_L1_momentum_STOCH-slowd_8-3-0-3-0 src_tf=4h primary_tf=1h native_rows=5088 primary_rows=20352 outputs=1
10:28:41 [INFO] [L6.5] native-tf path completed: group=4h_L1_momentum_STOCH-slowd_89-8-0-5-0 src_tf=4h primary_tf=1h native_rows=5088 primary_rows=20352 outputs=1
10:28:41 [INFO] [L6.5] native-tf path completed: group=4h_L1_momentum_STOCH-slowk_13-3-0-3-0 src_tf=4h primary_tf=1h native_rows=5088 primary_rows=20352 outputs=1
10:28:41 [INFO] [L6.5] native-tf path completed: group=4h_L1_momentum_STOCH-slowk_13-5-0-3-0 src_tf=4h primary_tf=1h native_rows=5088 primary_rows=20352 outputs=1
10:28:41 [INFO] [L6.5] native-tf path completed: group=4h_L1_momentum_STOCH-slowk_21-3-0-3-0 src_tf=4h primary_tf=1h native_rows=5088 primary_rows=20352 outputs=1
10:28:41 [INFO] [L6.5] native-tf path completed: group=4h_L1_momentum_STOCH-slowk_21-5-0-3-0 src_tf=4h primary_tf=1h native_rows=5088 primary_rows=20352 outputs=1
10:28:41 [INFO] [L6.5] native-tf path completed: group=4h_L1_momentum_STOCH-slowk_21-5-0-5-0 src_tf=4h primary_tf=1h native_rows=5088 primary_rows=20352 outputs=1
10:28:41 [INFO] [L6.5] native-tf path completed: group=4h_L1_momentum_STOCH-slowk_34-5-0-3-0 src_tf=4h primary_tf=1h native_rows=5088 primary_rows=20352 outputs=1
10:28:41 [INFO] [L6.5] native-tf path completed: group=4h_L1_momentum_STOCH-slowk_34-5-0-5-0 src_tf=4h primary_tf=1h native_rows=5088 primary_rows=20352 outputs=1
10:28:41 [INFO] [L6.5] native-tf path completed: group=4h_L1_momentum_STOCH-slowk_5-3-0-3-0 src_tf=4h primary_tf=1h native_rows=5088 primary_rows=20352 outputs=1
10:28:41 [INFO] [L6.5] native-tf path completed: group=4h_L1_momentum_STOCH-slowk_55-5-0-5-0 src_tf=4h primary_tf=1h native_rows=5088 primary_rows=20352 outputs=1
10:28:42 [INFO] [L6.5] native-tf path completed: group=4h_L1_momentum_STOCH-slowk_55-8-0-5-0 src_tf=4h primary_tf=1h native_rows=5088 primary_rows=20352 outputs=1
10:28:42 [INFO] [L6.5] native-tf path completed: group=4h_L1_momentum_STOCH-slowk_8-3-0-3-0 src_tf=4h primary_tf=1h native_rows=5088 primary_rows=20352 outputs=1
10:28:42 [INFO] [L6.5] native-tf path completed: group=4h_L1_momentum_STOCH-slowk_89-8-0-5-0 src_tf=4h primary_tf=1h native_rows=5088 primary_rows=20352 outputs=1
10:28:42 [INFO] [L6.5] native-tf path completed: group=4h_L1_momentum_STOCHF-fastd_13-3-0 src_tf=4h primary_tf=1h native_rows=5088 primary_rows=20352 outputs=1
10:28:42 [INFO] [L6.5] native-tf path completed: group=4h_L1_momentum_STOCHF-fastd_21-3-0 src_tf=4h primary_tf=1h native_rows=5088 primary_rows=20352 outputs=1
10:28:42 [INFO] [L6.5] native-tf path completed: group=4h_L1_momentum_STOCHF-fastd_21-5-0 src_tf=4h primary_tf=1h native_rows=5088 primary_rows=20352 outputs=1
10:28:42 [INFO] [L6.5] native-tf path completed: group=4h_L1_momentum_STOCHF-fastd_34-5-0 src_tf=4h primary_tf=1h native_rows=5088 primary_rows=20352 outputs=1
10:28:42 [INFO] [L6.5] native-tf path completed: group=4h_L1_momentum_STOCHF-fastd_5-3-0 src_tf=4h primary_tf=1h native_rows=5088 primary_rows=20352 outputs=1
10:28:42 [INFO] [L6.5] native-tf path completed: group=4h_L1_momentum_STOCHF-fastd_55-5-0 src_tf=4h primary_tf=1h native_rows=5088 primary_rows=20352 outputs=1
10:28:42 [INFO] [L6.5] raw-sink heartbeat: tasks 474/496 (95.6%), groups 460/482, elapsed=371.3s, rate=1.28/s, ETA=17s, rss=269MB, last=4h_L1_momentum_STOCHF-fastd_55-5-0 (native-tf, parts=1)
10:28:42 [INFO] [L6.5] native-tf path completed: group=4h_L1_momentum_STOCHF-fastd_8-3-0 src_tf=4h primary_tf=1h native_rows=5088 primary_rows=20352 outputs=1
10:28:42 [INFO] [L6.5] native-tf path completed: group=4h_L1_momentum_STOCHF-fastd_89-8-0 src_tf=4h primary_tf=1h native_rows=5088 primary_rows=20352 outputs=1
10:28:42 [INFO] [L6.5] native-tf path completed: group=4h_L1_momentum_STOCHF-fastk_13-3-0 src_tf=4h primary_tf=1h native_rows=5088 primary_rows=20352 outputs=1
10:28:43 [INFO] [L6.5] native-tf path completed: group=4h_L1_momentum_STOCHF-fastk_21-3-0 src_tf=4h primary_tf=1h native_rows=5088 primary_rows=20352 outputs=1
10:28:43 [INFO] [L6.5] native-tf path completed: group=4h_L1_momentum_STOCHF-fastk_21-5-0 src_tf=4h primary_tf=1h native_rows=5088 primary_rows=20352 outputs=1
10:28:43 [INFO] [L6.5] native-tf path completed: group=4h_L1_momentum_STOCHF-fastk_34-5-0 src_tf=4h primary_tf=1h native_rows=5088 primary_rows=20352 outputs=1
10:28:43 [INFO] [L6.5] native-tf path completed: group=4h_L1_momentum_STOCHF-fastk_5-3-0 src_tf=4h primary_tf=1h native_rows=5088 primary_rows=20352 outputs=1
10:28:43 [INFO] [L6.5] native-tf path completed: group=4h_L1_momentum_STOCHF-fastk_55-5-0 src_tf=4h primary_tf=1h native_rows=5088 primary_rows=20352 outputs=1
10:28:43 [INFO] [L6.5] native-tf path completed: group=4h_L1_momentum_STOCHF-fastk_8-3-0 src_tf=4h primary_tf=1h native_rows=5088 primary_rows=20352 outputs=1
10:28:43 [INFO] [L6.5] native-tf path completed: group=4h_L1_momentum_STOCHF-fastk_89-8-0 src_tf=4h primary_tf=1h native_rows=5088 primary_rows=20352 outputs=1
10:28:43 [INFO] [L6.5] native-tf path completed: group=4h_L1_momentum_ULTOSC_13-21-55 src_tf=4h primary_tf=1h native_rows=5088 primary_rows=20352 outputs=1
10:28:43 [INFO] [L6.5] native-tf path completed: group=4h_L1_momentum_ULTOSC_13-34-89 src_tf=4h primary_tf=1h native_rows=5088 primary_rows=20352 outputs=1
10:28:43 [INFO] [L6.5] native-tf path completed: group=4h_L1_momentum_ULTOSC_21-34-89 src_tf=4h primary_tf=1h native_rows=5088 primary_rows=20352 outputs=1
10:28:43 [INFO] [L6.5] native-tf path completed: group=4h_L1_momentum_ULTOSC_21-55-144 src_tf=4h primary_tf=1h native_rows=5088 primary_rows=20352 outputs=1
10:28:43 [INFO] [L6.5] native-tf path completed: group=4h_L1_momentum_ULTOSC_34-55-144 src_tf=4h primary_tf=1h native_rows=5088 primary_rows=20352 outputs=1
10:28:44 [INFO] [L6.5] native-tf path completed: group=4h_L1_momentum_ULTOSC_34-89-233 src_tf=4h primary_tf=1h native_rows=5088 primary_rows=20352 outputs=1
10:28:44 [INFO] [L6.5] native-tf path completed: group=4h_L1_momentum_ULTOSC_5-10-20 src_tf=4h primary_tf=1h native_rows=5088 primary_rows=20352 outputs=1
10:28:44 [INFO] [L6.5] native-tf path completed: group=4h_L1_momentum_ULTOSC_5-13-26 src_tf=4h primary_tf=1h native_rows=5088 primary_rows=20352 outputs=1
10:28:44 [INFO] [L6.5] native-tf path completed: group=4h_L1_momentum_ULTOSC_7-14-28 src_tf=4h primary_tf=1h native_rows=5088 primary_rows=20352 outputs=1
10:28:44 [INFO] [L6.5] native-tf path completed: group=4h_L1_momentum_ULTOSC_8-21-55 src_tf=4h primary_tf=1h native_rows=5088 primary_rows=20352 outputs=1
10:28:44 [INFO] [L6.5] native-tf path completed: group=4h_L1_trend_SAREXT_0-0-0.02-0.02-0.2-0.02-0.02-0.2 src_tf=4h primary_tf=1h native_rows=5088 primary_rows=20352 outputs=1
10:28:44 [INFO] [L6.5] native-tf path completed: group=4h_L1_trend_SAR_0.02-0.2 src_tf=4h primary_tf=1h native_rows=5088 primary_rows=20352 outputs=1
10:28:44 [INFO] [L6.5] raw-sink heartbeat: tasks 496/496 (100.0%), groups 482/482, elapsed=373.1s, rate=1.33/s, ETA=0s, rss=260MB, last=4h_L1_trend_SAR_0.02-0.2 (native-tf, parts=1)
10:28:44 [INFO] [L6.5] raw-sink complete: 482/482 groups in 373.26s rss=259MB
10:28:44 [INFO] [Layer B Sanitize][CGSA] nulled 4541934 non-finite/over-cap values (finite_cap=1e+18) across all streamed features
10:28:45 [INFO] [L7_raw] registry stream persist done: symbol=BTCUSDT tf=1h groups=490 features=75416 npy_freed=3.57 GiB dtype=mixed
10:28:46 [INFO] Loaded feature registry with 33 entries
10:28:46 [INFO] [multi_tf:complete] 100% - [CGSA] MultiTF generation completed (520.86s)
10:28:46 [WARNING] STOCH combo [5, 3, 3] is missing 2 parameter(s); using defaults slowk=3 slowd=3 slowk_matype=0 slowd_matype=0
10:28:46 [WARNING] STOCH combo [8, 3, 3] is missing 2 parameter(s); using defaults slowk=3 slowd=3 slowk_matype=0 slowd_matype=0
10:28:46 [WARNING] STOCH combo [13, 3, 3] is missing 2 parameter(s); using defaults slowk=3 slowd=3 slowk_matype=0 slowd_matype=0
10:28:46 [WARNING] STOCH combo [13, 5, 3] is missing 2 parameter(s); using defaults slowk=5 slowd=3 slowk_matype=0 slowd_matype=0
10:28:46 [WARNING] STOCH combo [21, 3, 3] is missing 2 parameter(s); using defaults slowk=3 slowd=3 slowk_matype=0 slowd_matype=0
10:28:46 [WARNING] STOCH combo [21, 5, 3] is missing 2 parameter(s); using defaults slowk=5 slowd=3 slowk_matype=0 slowd_matype=0
10:28:46 [WARNING] STOCH combo [21, 5, 5] is missing 2 parameter(s); using defaults slowk=5 slowd=5 slowk_matype=0 slowd_matype=0
10:28:46 [WARNING] STOCH combo [34, 5, 3] is missing 2 parameter(s); using defaults slowk=5 slowd=3 slowk_matype=0 slowd_matype=0
10:28:46 [WARNING] STOCH combo [34, 5, 5] is missing 2 parameter(s); using defaults slowk=5 slowd=5 slowk_matype=0 slowd_matype=0
10:28:46 [WARNING] STOCH combo [55, 5, 5] is missing 2 parameter(s); using defaults slowk=5 slowd=5 slowk_matype=0 slowd_matype=0
10:28:46 [WARNING] STOCH combo [55, 8, 5] is missing 2 parameter(s); using defaults slowk=8 slowd=5 slowk_matype=0 slowd_matype=0
10:28:46 [WARNING] STOCH combo [89, 8, 5] is missing 2 parameter(s); using defaults slowk=8 slowd=5 slowk_matype=0 slowd_matype=0
10:28:46 [WARNING] STOCHF combo [5, 3] is missing 1 parameter(s); using defaults fastd_period=3 fastd_matype=0
10:28:46 [WARNING] STOCHF combo [8, 3] is missing 1 parameter(s); using defaults fastd_period=3 fastd_matype=0
10:28:46 [WARNING] STOCHF combo [13, 3] is missing 1 parameter(s); using defaults fastd_period=3 fastd_matype=0
10:28:46 [WARNING] STOCHF combo [21, 3] is missing 1 parameter(s); using defaults fastd_period=3 fastd_matype=0
10:28:46 [WARNING] STOCHF combo [21, 5] is missing 1 parameter(s); using defaults fastd_period=5 fastd_matype=0
10:28:46 [WARNING] STOCHF combo [34, 5] is missing 1 parameter(s); using defaults fastd_period=5 fastd_matype=0
10:28:46 [WARNING] STOCHF combo [55, 5] is missing 1 parameter(s); using defaults fastd_period=5 fastd_matype=0
10:28:46 [WARNING] STOCHF combo [89, 8] is missing 1 parameter(s); using defaults fastd_period=8 fastd_matype=0
10:28:46 [WARNING] STOCHRSI combo [9, 5, 3] is missing 1 parameter(s); using defaults fastk_period=5 fastd_period=3 fastd_matype=0
10:28:46 [WARNING] STOCHRSI combo [14, 5, 3] is missing 1 parameter(s); using defaults fastk_period=5 fastd_period=3 fastd_matype=0
10:28:46 [WARNING] STOCHRSI combo [14, 3, 3] is missing 1 parameter(s); using defaults fastk_period=3 fastd_period=3 fastd_matype=0
10:28:46 [WARNING] STOCHRSI combo [21, 5, 3] is missing 1 parameter(s); using defaults fastk_period=5 fastd_period=3 fastd_matype=0
10:28:46 [WARNING] STOCHRSI combo [21, 8, 5] is missing 1 parameter(s); using defaults fastk_period=8 fastd_period=5 fastd_matype=0
10:28:46 [WARNING] STOCHRSI combo [34, 8, 5] is missing 1 parameter(s); using defaults fastk_period=8 fastd_period=5 fastd_matype=0
10:28:46 [WARNING] STOCHRSI combo [55, 8, 5] is missing 1 parameter(s); using defaults fastk_period=8 fastd_period=5 fastd_matype=0
10:28:46 [WARNING] STOCH combo [5, 3, 3] is missing 2 parameter(s); using defaults slowk=3 slowd=3 slowk_matype=0 slowd_matype=0
10:28:46 [WARNING] STOCH combo [8, 3, 3] is missing 2 parameter(s); using defaults slowk=3 slowd=3 slowk_matype=0 slowd_matype=0
10:28:46 [WARNING] STOCH combo [13, 3, 3] is missing 2 parameter(s); using defaults slowk=3 slowd=3 slowk_matype=0 slowd_matype=0
10:28:46 [WARNING] STOCH combo [13, 5, 3] is missing 2 parameter(s); using defaults slowk=5 slowd=3 slowk_matype=0 slowd_matype=0
10:28:46 [WARNING] STOCH combo [21, 3, 3] is missing 2 parameter(s); using defaults slowk=3 slowd=3 slowk_matype=0 slowd_matype=0
10:28:46 [WARNING] STOCH combo [21, 5, 3] is missing 2 parameter(s); using defaults slowk=5 slowd=3 slowk_matype=0 slowd_matype=0
10:28:46 [WARNING] STOCH combo [21, 5, 5] is missing 2 parameter(s); using defaults slowk=5 slowd=5 slowk_matype=0 slowd_matype=0
10:28:46 [WARNING] STOCH combo [34, 5, 3] is missing 2 parameter(s); using defaults slowk=5 slowd=3 slowk_matype=0 slowd_matype=0
10:28:46 [WARNING] STOCH combo [34, 5, 5] is missing 2 parameter(s); using defaults slowk=5 slowd=5 slowk_matype=0 slowd_matype=0
10:28:46 [WARNING] STOCH combo [55, 5, 5] is missing 2 parameter(s); using defaults slowk=5 slowd=5 slowk_matype=0 slowd_matype=0
10:28:46 [WARNING] STOCH combo [55, 8, 5] is missing 2 parameter(s); using defaults slowk=8 slowd=5 slowk_matype=0 slowd_matype=0
10:28:46 [WARNING] STOCH combo [89, 8, 5] is missing 2 parameter(s); using defaults slowk=8 slowd=5 slowk_matype=0 slowd_matype=0
10:28:46 [WARNING] STOCHF combo [5, 3] is missing 1 parameter(s); using defaults fastd_period=3 fastd_matype=0
10:28:46 [WARNING] STOCHF combo [8, 3] is missing 1 parameter(s); using defaults fastd_period=3 fastd_matype=0
10:28:46 [WARNING] STOCHF combo [13, 3] is missing 1 parameter(s); using defaults fastd_period=3 fastd_matype=0
10:28:46 [WARNING] STOCHF combo [21, 3] is missing 1 parameter(s); using defaults fastd_period=3 fastd_matype=0
10:28:46 [WARNING] STOCHF combo [21, 5] is missing 1 parameter(s); using defaults fastd_period=5 fastd_matype=0
10:28:46 [WARNING] STOCHF combo [34, 5] is missing 1 parameter(s); using defaults fastd_period=5 fastd_matype=0
10:28:46 [WARNING] STOCHF combo [55, 5] is missing 1 parameter(s); using defaults fastd_period=5 fastd_matype=0
10:28:46 [WARNING] STOCHF combo [89, 8] is missing 1 parameter(s); using defaults fastd_period=8 fastd_matype=0
10:28:46 [WARNING] STOCHRSI combo [9, 5, 3] is missing 1 parameter(s); using defaults fastk_period=5 fastd_period=3 fastd_matype=0
10:28:46 [WARNING] STOCHRSI combo [14, 5, 3] is missing 1 parameter(s); using defaults fastk_period=5 fastd_period=3 fastd_matype=0
10:28:46 [WARNING] STOCHRSI combo [14, 3, 3] is missing 1 parameter(s); using defaults fastk_period=3 fastd_period=3 fastd_matype=0
10:28:46 [WARNING] STOCHRSI combo [21, 5, 3] is missing 1 parameter(s); using defaults fastk_period=5 fastd_period=3 fastd_matype=0
10:28:46 [WARNING] STOCHRSI combo [21, 8, 5] is missing 1 parameter(s); using defaults fastk_period=8 fastd_period=5 fastd_matype=0
10:28:46 [WARNING] STOCHRSI combo [34, 8, 5] is missing 1 parameter(s); using defaults fastk_period=8 fastd_period=5 fastd_matype=0
10:28:46 [WARNING] STOCHRSI combo [55, 8, 5] is missing 1 parameter(s); using defaults fastk_period=8 fastd_period=5 fastd_matype=0
10:28:46 [INFO] Fetching spot data: BTCUSDT/1h
10:28:46 [INFO] Read 20352 klines from BTCUSDT/1h in 0.015s
10:28:46 [INFO] Aligned data for BTCUSDT/1h: 20352 rows, 5 columns
10:28:46 [INFO] Fetching spot data: BTCUSDT/4h
10:28:46 [INFO] Read 5088 klines from BTCUSDT/4h in 0.004s
10:28:46 [INFO] Aligned data for BTCUSDT/4h: 5088 rows, 5 columns
10:28:46 [INFO] Loaded feature registry with 34 entries
10:28:46 [INFO] [Layer 1] 0% - Starting Layer 1...
10:28:46 [INFO] Layer 1 starting, rss=343MB
10:28:46 [WARNING] STOCH combo [5, 3, 3] is missing 2 parameter(s); using defaults slowk=3 slowd=3 slowk_matype=0 slowd_matype=0
10:28:46 [WARNING] STOCH combo [8, 3, 3] is missing 2 parameter(s); using defaults slowk=3 slowd=3 slowk_matype=0 slowd_matype=0
10:28:46 [WARNING] STOCH combo [13, 3, 3] is missing 2 parameter(s); using defaults slowk=3 slowd=3 slowk_matype=0 slowd_matype=0
10:28:46 [WARNING] STOCH combo [13, 5, 3] is missing 2 parameter(s); using defaults slowk=5 slowd=3 slowk_matype=0 slowd_matype=0
10:28:46 [WARNING] STOCH combo [21, 3, 3] is missing 2 parameter(s); using defaults slowk=3 slowd=3 slowk_matype=0 slowd_matype=0
10:28:46 [WARNING] STOCH combo [21, 5, 3] is missing 2 parameter(s); using defaults slowk=5 slowd=3 slowk_matype=0 slowd_matype=0
10:28:46 [WARNING] STOCH combo [21, 5, 5] is missing 2 parameter(s); using defaults slowk=5 slowd=5 slowk_matype=0 slowd_matype=0
10:28:46 [WARNING] STOCH combo [34, 5, 3] is missing 2 parameter(s); using defaults slowk=5 slowd=3 slowk_matype=0 slowd_matype=0
10:28:46 [WARNING] STOCH combo [34, 5, 5] is missing 2 parameter(s); using defaults slowk=5 slowd=5 slowk_matype=0 slowd_matype=0
10:28:46 [WARNING] STOCH combo [55, 5, 5] is missing 2 parameter(s); using defaults slowk=5 slowd=5 slowk_matype=0 slowd_matype=0
10:28:46 [WARNING] STOCH combo [55, 8, 5] is missing 2 parameter(s); using defaults slowk=8 slowd=5 slowk_matype=0 slowd_matype=0
10:28:46 [WARNING] STOCH combo [89, 8, 5] is missing 2 parameter(s); using defaults slowk=8 slowd=5 slowk_matype=0 slowd_matype=0
10:28:46 [WARNING] STOCHF combo [5, 3] is missing 1 parameter(s); using defaults fastd_period=3 fastd_matype=0
10:28:46 [WARNING] STOCHF combo [8, 3] is missing 1 parameter(s); using defaults fastd_period=3 fastd_matype=0
10:28:46 [WARNING] STOCHF combo [13, 3] is missing 1 parameter(s); using defaults fastd_period=3 fastd_matype=0
10:28:46 [WARNING] STOCHF combo [21, 3] is missing 1 parameter(s); using defaults fastd_period=3 fastd_matype=0
10:28:46 [WARNING] STOCHF combo [21, 5] is missing 1 parameter(s); using defaults fastd_period=5 fastd_matype=0
10:28:46 [WARNING] STOCHF combo [34, 5] is missing 1 parameter(s); using defaults fastd_period=5 fastd_matype=0
10:28:46 [WARNING] STOCHF combo [55, 5] is missing 1 parameter(s); using defaults fastd_period=5 fastd_matype=0
10:28:46 [WARNING] STOCHF combo [89, 8] is missing 1 parameter(s); using defaults fastd_period=8 fastd_matype=0
10:28:46 [WARNING] STOCHRSI combo [9, 5, 3] is missing 1 parameter(s); using defaults fastk_period=5 fastd_period=3 fastd_matype=0
10:28:46 [WARNING] STOCHRSI combo [14, 5, 3] is missing 1 parameter(s); using defaults fastk_period=5 fastd_period=3 fastd_matype=0
10:28:46 [WARNING] STOCHRSI combo [14, 3, 3] is missing 1 parameter(s); using defaults fastk_period=3 fastd_period=3 fastd_matype=0
10:28:46 [WARNING] STOCHRSI combo [21, 5, 3] is missing 1 parameter(s); using defaults fastk_period=5 fastd_period=3 fastd_matype=0
10:28:46 [WARNING] STOCHRSI combo [21, 8, 5] is missing 1 parameter(s); using defaults fastk_period=8 fastd_period=5 fastd_matype=0
10:28:46 [WARNING] STOCHRSI combo [34, 8, 5] is missing 1 parameter(s); using defaults fastk_period=8 fastd_period=5 fastd_matype=0
10:28:46 [WARNING] STOCHRSI combo [55, 8, 5] is missing 1 parameter(s); using defaults fastk_period=8 fastd_period=5 fastd_matype=0
10:28:47 [INFO] [Layer 1] 100% - Layer 1 completed: 898 features
10:28:47 [INFO] Layer 1 done: 898 cols, status=ok, rss=601MB
10:28:47 [INFO] [Layer 2] 0% - Starting Layer 2...
10:28:47 [INFO] Layer 2 starting, rss=601MB
10:28:47 [INFO] [L2] Starting derived features: 898 L1 cols
10:28:47 [WARNING] STOCH combo [5, 3, 3] is missing 2 parameter(s); using defaults slowk=3 slowd=3 slowk_matype=0 slowd_matype=0
10:28:47 [WARNING] STOCH combo [8, 3, 3] is missing 2 parameter(s); using defaults slowk=3 slowd=3 slowk_matype=0 slowd_matype=0
10:28:47 [WARNING] STOCH combo [13, 3, 3] is missing 2 parameter(s); using defaults slowk=3 slowd=3 slowk_matype=0 slowd_matype=0
10:28:47 [WARNING] STOCH combo [13, 5, 3] is missing 2 parameter(s); using defaults slowk=5 slowd=3 slowk_matype=0 slowd_matype=0
10:28:47 [WARNING] STOCH combo [21, 3, 3] is missing 2 parameter(s); using defaults slowk=3 slowd=3 slowk_matype=0 slowd_matype=0
10:28:47 [WARNING] STOCH combo [21, 5, 3] is missing 2 parameter(s); using defaults slowk=5 slowd=3 slowk_matype=0 slowd_matype=0
10:28:47 [WARNING] STOCH combo [21, 5, 5] is missing 2 parameter(s); using defaults slowk=5 slowd=5 slowk_matype=0 slowd_matype=0
10:28:47 [WARNING] STOCH combo [34, 5, 3] is missing 2 parameter(s); using defaults slowk=5 slowd=3 slowk_matype=0 slowd_matype=0
10:28:47 [WARNING] STOCH combo [34, 5, 5] is missing 2 parameter(s); using defaults slowk=5 slowd=5 slowk_matype=0 slowd_matype=0
10:28:47 [WARNING] STOCH combo [55, 5, 5] is missing 2 parameter(s); using defaults slowk=5 slowd=5 slowk_matype=0 slowd_matype=0
10:28:47 [WARNING] STOCH combo [55, 8, 5] is missing 2 parameter(s); using defaults slowk=8 slowd=5 slowk_matype=0 slowd_matype=0
10:28:47 [WARNING] STOCH combo [89, 8, 5] is missing 2 parameter(s); using defaults slowk=8 slowd=5 slowk_matype=0 slowd_matype=0
10:28:47 [WARNING] STOCHF combo [5, 3] is missing 1 parameter(s); using defaults fastd_period=3 fastd_matype=0
10:28:47 [WARNING] STOCHF combo [8, 3] is missing 1 parameter(s); using defaults fastd_period=3 fastd_matype=0
10:28:47 [WARNING] STOCHF combo [13, 3] is missing 1 parameter(s); using defaults fastd_period=3 fastd_matype=0
10:28:47 [WARNING] STOCHF combo [21, 3] is missing 1 parameter(s); using defaults fastd_period=3 fastd_matype=0
10:28:47 [WARNING] STOCHF combo [21, 5] is missing 1 parameter(s); using defaults fastd_period=5 fastd_matype=0
10:28:47 [WARNING] STOCHF combo [34, 5] is missing 1 parameter(s); using defaults fastd_period=5 fastd_matype=0
10:28:47 [WARNING] STOCHF combo [55, 5] is missing 1 parameter(s); using defaults fastd_period=5 fastd_matype=0
10:28:47 [WARNING] STOCHF combo [89, 8] is missing 1 parameter(s); using defaults fastd_period=8 fastd_matype=0
10:28:47 [WARNING] STOCHRSI combo [9, 5, 3] is missing 1 parameter(s); using defaults fastk_period=5 fastd_period=3 fastd_matype=0
10:28:47 [WARNING] STOCHRSI combo [14, 5, 3] is missing 1 parameter(s); using defaults fastk_period=5 fastd_period=3 fastd_matype=0
10:28:47 [WARNING] STOCHRSI combo [14, 3, 3] is missing 1 parameter(s); using defaults fastk_period=3 fastd_period=3 fastd_matype=0
10:28:47 [WARNING] STOCHRSI combo [21, 5, 3] is missing 1 parameter(s); using defaults fastk_period=5 fastd_period=3 fastd_matype=0
10:28:47 [WARNING] STOCHRSI combo [21, 8, 5] is missing 1 parameter(s); using defaults fastk_period=8 fastd_period=5 fastd_matype=0
10:28:47 [WARNING] STOCHRSI combo [34, 8, 5] is missing 1 parameter(s); using defaults fastk_period=8 fastd_period=5 fastd_matype=0
10:28:47 [WARNING] STOCHRSI combo [55, 8, 5] is missing 1 parameter(s); using defaults fastk_period=8 fastd_period=5 fastd_matype=0
10:28:56 [INFO] [L2] Completed: 11621 cols in 9.37s
10:28:57 [INFO] [Layer 2] 100% - Layer 2 completed: 11621 features
10:28:57 [INFO] Layer 2 done: 11621 cols, status=ok, rss=1455MB
10:28:57 [INFO] [memmap] created: shape=(10752, 11621), dtype=<class 'numpy.float32'>, est=0.50 GB  (file auto-unlinked)
10:28:59 [INFO] [spill] calib_layer2: 10752×11621 → float32 memmap in 1.4s (freed ~1.0 GB float64)
10:28:59 [INFO] [Layer 3] 0% - Starting Layer 3...
10:28:59 [INFO] Layer 3 starting, rss=1319MB
10:29:03 [INFO] [L3 streaming][numba][multi] step 10/20 (W5_range): 898→898 cols (-0 dead)
10:29:03 [INFO] [L3 streaming][numba][multi] step 20/20 (W13_range): 898→898 cols (-0 dead)
10:29:03 [INFO] [L3 streaming][numba][multi] complete: 17960 total generated, 0 dead dropped, 17960 survivors
10:29:05 [INFO] [Layer 3] 100% - Layer 3 completed: 17960 features
10:29:05 [INFO] Layer 3 done: 17960 cols, status=ok, rss=1175MB
10:29:05 [INFO] [Layer 4] 0% - Starting Layer 4...
10:29:05 [INFO] Layer 4 starting, rss=1175MB
10:29:06 [INFO] [Layer 4] 100% - Layer 4 completed: 7224 features
10:29:06 [INFO] Layer 4 done: 7224 cols, status=ok, rss=1285MB
10:29:06 [INFO] [Layer 5] 0% - Starting Layer 5...
10:29:06 [INFO] Layer 5 starting, rss=1285MB
10:29:06 [INFO] [Layer 5] 100% - Layer 5 completed: 0 features
10:29:06 [INFO] Layer 5 done: 0 cols, status=empty_disabled, rss=1285MB
10:29:06 [INFO] [Layer 6] 0% - Starting Layer 6...
10:29:06 [INFO] Layer 6 starting, rss=1285MB
10:29:06 [INFO] [Layer 6] 100% - Layer 6 completed: 10 features
10:29:06 [INFO] Layer 6 done: 10 cols, status=ok, rss=1260MB
10:29:06 [INFO] [memmap concat] 5 DFs → 37713 cols × 10752 rows ≈ 1.62 GB → disk-backed
10:29:06 [INFO] [memmap] created: shape=(10752, 37713), dtype=<class 'numpy.float32'>, est=1.62 GB  (file auto-unlinked)
10:29:06 [INFO] [memmap concat] copying DF 1/5 (898 cols)
10:29:06 [INFO] [memmap concat] copying DF 2/5 (11621 cols)
10:29:07 [INFO] [memmap concat] copying DF 3/5 (17960 cols)
10:29:09 [INFO] [memmap concat] copying DF 4/5 (7224 cols)
10:29:11 [INFO] [memmap concat] copying DF 5/5 (10 cols)
10:38:37 [INFO] Loaded feature registry with 34 entries
10:38:38 [INFO] [Layer 1] 0% - Starting Layer 1...
10:38:38 [INFO] Layer 1 starting, rss=1127MB
10:38:38 [WARNING] STOCH combo [5, 3, 3] is missing 2 parameter(s); using defaults slowk=3 slowd=3 slowk_matype=0 slowd_matype=0
10:38:38 [WARNING] STOCH combo [8, 3, 3] is missing 2 parameter(s); using defaults slowk=3 slowd=3 slowk_matype=0 slowd_matype=0
10:38:38 [WARNING] STOCH combo [13, 3, 3] is missing 2 parameter(s); using defaults slowk=3 slowd=3 slowk_matype=0 slowd_matype=0
10:38:38 [WARNING] STOCH combo [13, 5, 3] is missing 2 parameter(s); using defaults slowk=5 slowd=3 slowk_matype=0 slowd_matype=0
10:38:38 [WARNING] STOCH combo [21, 3, 3] is missing 2 parameter(s); using defaults slowk=3 slowd=3 slowk_matype=0 slowd_matype=0
10:38:38 [WARNING] STOCH combo [21, 5, 3] is missing 2 parameter(s); using defaults slowk=5 slowd=3 slowk_matype=0 slowd_matype=0
10:38:38 [WARNING] STOCH combo [21, 5, 5] is missing 2 parameter(s); using defaults slowk=5 slowd=5 slowk_matype=0 slowd_matype=0
10:38:38 [WARNING] STOCH combo [34, 5, 3] is missing 2 parameter(s); using defaults slowk=5 slowd=3 slowk_matype=0 slowd_matype=0
10:38:38 [WARNING] STOCH combo [34, 5, 5] is missing 2 parameter(s); using defaults slowk=5 slowd=5 slowk_matype=0 slowd_matype=0
10:38:38 [WARNING] STOCH combo [55, 5, 5] is missing 2 parameter(s); using defaults slowk=5 slowd=5 slowk_matype=0 slowd_matype=0
10:38:38 [WARNING] STOCH combo [55, 8, 5] is missing 2 parameter(s); using defaults slowk=8 slowd=5 slowk_matype=0 slowd_matype=0
10:38:38 [WARNING] STOCH combo [89, 8, 5] is missing 2 parameter(s); using defaults slowk=8 slowd=5 slowk_matype=0 slowd_matype=0
10:38:38 [WARNING] STOCHF combo [5, 3] is missing 1 parameter(s); using defaults fastd_period=3 fastd_matype=0
10:38:38 [WARNING] STOCHF combo [8, 3] is missing 1 parameter(s); using defaults fastd_period=3 fastd_matype=0
10:38:38 [WARNING] STOCHF combo [13, 3] is missing 1 parameter(s); using defaults fastd_period=3 fastd_matype=0
10:38:38 [WARNING] STOCHF combo [21, 3] is missing 1 parameter(s); using defaults fastd_period=3 fastd_matype=0
10:38:38 [WARNING] STOCHF combo [21, 5] is missing 1 parameter(s); using defaults fastd_period=5 fastd_matype=0
10:38:38 [WARNING] STOCHF combo [34, 5] is missing 1 parameter(s); using defaults fastd_period=5 fastd_matype=0
10:38:38 [WARNING] STOCHF combo [55, 5] is missing 1 parameter(s); using defaults fastd_period=5 fastd_matype=0
10:38:38 [WARNING] STOCHF combo [89, 8] is missing 1 parameter(s); using defaults fastd_period=8 fastd_matype=0
10:38:38 [WARNING] STOCHRSI combo [9, 5, 3] is missing 1 parameter(s); using defaults fastk_period=5 fastd_period=3 fastd_matype=0
10:38:38 [WARNING] STOCHRSI combo [14, 5, 3] is missing 1 parameter(s); using defaults fastk_period=5 fastd_period=3 fastd_matype=0
10:38:38 [WARNING] STOCHRSI combo [14, 3, 3] is missing 1 parameter(s); using defaults fastk_period=3 fastd_period=3 fastd_matype=0
10:38:38 [WARNING] STOCHRSI combo [21, 5, 3] is missing 1 parameter(s); using defaults fastk_period=5 fastd_period=3 fastd_matype=0
10:38:38 [WARNING] STOCHRSI combo [21, 8, 5] is missing 1 parameter(s); using defaults fastk_period=8 fastd_period=5 fastd_matype=0
10:38:38 [WARNING] STOCHRSI combo [34, 8, 5] is missing 1 parameter(s); using defaults fastk_period=8 fastd_period=5 fastd_matype=0
10:38:38 [WARNING] STOCHRSI combo [55, 8, 5] is missing 1 parameter(s); using defaults fastk_period=8 fastd_period=5 fastd_matype=0
10:38:38 [INFO] [Layer 1] 100% - Layer 1 completed: 898 features
10:38:38 [INFO] Layer 1 done: 898 cols, status=ok, rss=151MB
10:38:38 [INFO] [Layer 2] 0% - Starting Layer 2...
10:38:38 [INFO] Layer 2 starting, rss=152MB
10:38:38 [INFO] [L2] Starting derived features: 898 L1 cols
10:38:38 [WARNING] STOCH combo [5, 3, 3] is missing 2 parameter(s); using defaults slowk=3 slowd=3 slowk_matype=0 slowd_matype=0
10:38:38 [WARNING] STOCH combo [8, 3, 3] is missing 2 parameter(s); using defaults slowk=3 slowd=3 slowk_matype=0 slowd_matype=0
10:38:38 [WARNING] STOCH combo [13, 3, 3] is missing 2 parameter(s); using defaults slowk=3 slowd=3 slowk_matype=0 slowd_matype=0
10:38:38 [WARNING] STOCH combo [13, 5, 3] is missing 2 parameter(s); using defaults slowk=5 slowd=3 slowk_matype=0 slowd_matype=0
10:38:38 [WARNING] STOCH combo [21, 3, 3] is missing 2 parameter(s); using defaults slowk=3 slowd=3 slowk_matype=0 slowd_matype=0
10:38:38 [WARNING] STOCH combo [21, 5, 3] is missing 2 parameter(s); using defaults slowk=5 slowd=3 slowk_matype=0 slowd_matype=0
10:38:38 [WARNING] STOCH combo [21, 5, 5] is missing 2 parameter(s); using defaults slowk=5 slowd=5 slowk_matype=0 slowd_matype=0
10:38:38 [WARNING] STOCH combo [34, 5, 3] is missing 2 parameter(s); using defaults slowk=5 slowd=3 slowk_matype=0 slowd_matype=0
10:38:38 [WARNING] STOCH combo [34, 5, 5] is missing 2 parameter(s); using defaults slowk=5 slowd=5 slowk_matype=0 slowd_matype=0
10:38:38 [WARNING] STOCH combo [55, 5, 5] is missing 2 parameter(s); using defaults slowk=5 slowd=5 slowk_matype=0 slowd_matype=0
10:38:38 [WARNING] STOCH combo [55, 8, 5] is missing 2 parameter(s); using defaults slowk=8 slowd=5 slowk_matype=0 slowd_matype=0
10:38:38 [WARNING] STOCH combo [89, 8, 5] is missing 2 parameter(s); using defaults slowk=8 slowd=5 slowk_matype=0 slowd_matype=0
10:38:38 [WARNING] STOCHF combo [5, 3] is missing 1 parameter(s); using defaults fastd_period=3 fastd_matype=0
10:38:38 [WARNING] STOCHF combo [8, 3] is missing 1 parameter(s); using defaults fastd_period=3 fastd_matype=0
10:38:38 [WARNING] STOCHF combo [13, 3] is missing 1 parameter(s); using defaults fastd_period=3 fastd_matype=0
10:38:38 [WARNING] STOCHF combo [21, 3] is missing 1 parameter(s); using defaults fastd_period=3 fastd_matype=0
10:38:38 [WARNING] STOCHF combo [21, 5] is missing 1 parameter(s); using defaults fastd_period=5 fastd_matype=0
10:38:38 [WARNING] STOCHF combo [34, 5] is missing 1 parameter(s); using defaults fastd_period=5 fastd_matype=0
10:38:38 [WARNING] STOCHF combo [55, 5] is missing 1 parameter(s); using defaults fastd_period=5 fastd_matype=0
10:38:38 [WARNING] STOCHF combo [89, 8] is missing 1 parameter(s); using defaults fastd_period=8 fastd_matype=0
10:38:38 [WARNING] STOCHRSI combo [9, 5, 3] is missing 1 parameter(s); using defaults fastk_period=5 fastd_period=3 fastd_matype=0
10:38:38 [WARNING] STOCHRSI combo [14, 5, 3] is missing 1 parameter(s); using defaults fastk_period=5 fastd_period=3 fastd_matype=0
10:38:38 [WARNING] STOCHRSI combo [14, 3, 3] is missing 1 parameter(s); using defaults fastk_period=3 fastd_period=3 fastd_matype=0
10:38:38 [WARNING] STOCHRSI combo [21, 5, 3] is missing 1 parameter(s); using defaults fastk_period=5 fastd_period=3 fastd_matype=0
10:38:38 [WARNING] STOCHRSI combo [21, 8, 5] is missing 1 parameter(s); using defaults fastk_period=8 fastd_period=5 fastd_matype=0
10:38:38 [WARNING] STOCHRSI combo [34, 8, 5] is missing 1 parameter(s); using defaults fastk_period=8 fastd_period=5 fastd_matype=0
10:38:38 [WARNING] STOCHRSI combo [55, 8, 5] is missing 1 parameter(s); using defaults fastk_period=8 fastd_period=5 fastd_matype=0
10:38:41 [INFO] [L2] Completed: 11621 cols in 3.27s
10:38:43 [INFO] [Layer 2] 100% - Layer 2 completed: 11621 features
10:38:43 [INFO] Layer 2 done: 11621 cols, status=ok, rss=920MB
10:38:43 [INFO] [Layer 3] 0% - Starting Layer 3...
10:38:43 [INFO] Layer 3 starting, rss=920MB
10:38:44 [INFO] [L3 streaming][numba][multi] step 10/20 (W5_range): 898→898 cols (-0 dead)
10:38:45 [INFO] [L3 streaming][numba][multi] step 20/20 (W13_range): 898→898 cols (-0 dead)
10:38:45 [INFO] [L3 streaming][numba][multi] complete: 17960 total generated, 0 dead dropped, 17960 survivors
10:38:45 [INFO] [Layer 3] 100% - Layer 3 completed: 17960 features
10:38:45 [INFO] Layer 3 done: 17960 cols, status=ok, rss=1648MB
10:38:45 [INFO] [Layer 4] 0% - Starting Layer 4...
10:38:45 [INFO] Layer 4 starting, rss=1648MB
10:38:45 [INFO] [Layer 4] 100% - Layer 4 completed: 7224 features
10:38:45 [INFO] Layer 4 done: 7224 cols, status=ok, rss=1905MB
10:38:45 [INFO] [Layer 5] 0% - Starting Layer 5...
10:38:45 [INFO] Layer 5 starting, rss=1905MB
10:38:45 [INFO] [Layer 5] 100% - Layer 5 completed: 0 features
10:38:45 [INFO] Layer 5 done: 0 cols, status=empty_disabled, rss=1905MB
10:38:45 [INFO] [Layer 6] 0% - Starting Layer 6...
10:38:45 [INFO] Layer 6 starting, rss=1905MB
10:38:45 [INFO] [Layer 6] 100% - Layer 6 completed: 10 features
10:38:45 [INFO] Layer 6 done: 10 cols, status=ok, rss=1906MB
10:39:05 [INFO] [CGSA] Initialized ColumnGroupRegistry at /Users/louis/Desktop/quantitative_trading_system/data_cache/cgsa_work/BTCUSDT_1h_d719b4d5 (tier=8gb, buffer_groups=0)
10:39:05 [INFO] Fetching spot data: BTCUSDT/1h
10:39:05 [INFO] Read 20352 klines from BTCUSDT/1h in 0.108s
10:39:05 [INFO] Aligned data for BTCUSDT/1h: 20352 rows, 5 columns
10:39:05 [INFO] [multi_tf:multi_tf] 35% - [CGSA] Processing timeframe 1h (1/2)
10:39:05 [INFO] [Layer 1] 0% - Starting Layer 1...
10:39:05 [INFO] Layer 1 starting, rss=1088MB
10:39:06 [WARNING] STOCH combo [5, 3, 3] is missing 2 parameter(s); using defaults slowk=3 slowd=3 slowk_matype=0 slowd_matype=0
10:39:06 [WARNING] STOCH combo [8, 3, 3] is missing 2 parameter(s); using defaults slowk=3 slowd=3 slowk_matype=0 slowd_matype=0
10:39:06 [WARNING] STOCH combo [13, 3, 3] is missing 2 parameter(s); using defaults slowk=3 slowd=3 slowk_matype=0 slowd_matype=0
10:39:06 [WARNING] STOCH combo [13, 5, 3] is missing 2 parameter(s); using defaults slowk=5 slowd=3 slowk_matype=0 slowd_matype=0
10:39:06 [WARNING] STOCH combo [21, 3, 3] is missing 2 parameter(s); using defaults slowk=3 slowd=3 slowk_matype=0 slowd_matype=0
10:39:06 [WARNING] STOCH combo [21, 5, 3] is missing 2 parameter(s); using defaults slowk=5 slowd=3 slowk_matype=0 slowd_matype=0
10:39:06 [WARNING] STOCH combo [21, 5, 5] is missing 2 parameter(s); using defaults slowk=5 slowd=5 slowk_matype=0 slowd_matype=0
10:39:06 [WARNING] STOCH combo [34, 5, 3] is missing 2 parameter(s); using defaults slowk=5 slowd=3 slowk_matype=0 slowd_matype=0
10:39:06 [WARNING] STOCH combo [34, 5, 5] is missing 2 parameter(s); using defaults slowk=5 slowd=5 slowk_matype=0 slowd_matype=0
10:39:06 [WARNING] STOCH combo [55, 5, 5] is missing 2 parameter(s); using defaults slowk=5 slowd=5 slowk_matype=0 slowd_matype=0
10:39:06 [WARNING] STOCH combo [55, 8, 5] is missing 2 parameter(s); using defaults slowk=8 slowd=5 slowk_matype=0 slowd_matype=0
10:39:06 [WARNING] STOCH combo [89, 8, 5] is missing 2 parameter(s); using defaults slowk=8 slowd=5 slowk_matype=0 slowd_matype=0
10:39:06 [WARNING] STOCHF combo [5, 3] is missing 1 parameter(s); using defaults fastd_period=3 fastd_matype=0
10:39:06 [WARNING] STOCHF combo [8, 3] is missing 1 parameter(s); using defaults fastd_period=3 fastd_matype=0
10:39:06 [WARNING] STOCHF combo [13, 3] is missing 1 parameter(s); using defaults fastd_period=3 fastd_matype=0
10:39:06 [WARNING] STOCHF combo [21, 3] is missing 1 parameter(s); using defaults fastd_period=3 fastd_matype=0
10:39:06 [WARNING] STOCHF combo [21, 5] is missing 1 parameter(s); using defaults fastd_period=5 fastd_matype=0
10:39:06 [WARNING] STOCHF combo [34, 5] is missing 1 parameter(s); using defaults fastd_period=5 fastd_matype=0
10:39:06 [WARNING] STOCHF combo [55, 5] is missing 1 parameter(s); using defaults fastd_period=5 fastd_matype=0
10:39:06 [WARNING] STOCHF combo [89, 8] is missing 1 parameter(s); using defaults fastd_period=8 fastd_matype=0
10:39:06 [WARNING] STOCHRSI combo [9, 5, 3] is missing 1 parameter(s); using defaults fastk_period=5 fastd_period=3 fastd_matype=0
10:39:06 [WARNING] STOCHRSI combo [14, 5, 3] is missing 1 parameter(s); using defaults fastk_period=5 fastd_period=3 fastd_matype=0
10:39:06 [WARNING] STOCHRSI combo [14, 3, 3] is missing 1 parameter(s); using defaults fastk_period=3 fastd_period=3 fastd_matype=0
10:39:06 [WARNING] STOCHRSI combo [21, 5, 3] is missing 1 parameter(s); using defaults fastk_period=5 fastd_period=3 fastd_matype=0
10:39:06 [WARNING] STOCHRSI combo [21, 8, 5] is missing 1 parameter(s); using defaults fastk_period=8 fastd_period=5 fastd_matype=0
10:39:06 [WARNING] STOCHRSI combo [34, 8, 5] is missing 1 parameter(s); using defaults fastk_period=8 fastd_period=5 fastd_matype=0
10:39:06 [WARNING] STOCHRSI combo [55, 8, 5] is missing 1 parameter(s); using defaults fastk_period=8 fastd_period=5 fastd_matype=0
10:39:07 [INFO] [Layer 1] 100% - Layer 1 completed: 898 features
10:39:07 [INFO] Layer 1 done: 898 cols, status=ok, rss=724MB
10:39:07 [INFO] [Layer 2] 0% - Starting Layer 2...
10:39:07 [INFO] Layer 2 starting, rss=724MB
10:39:07 [INFO] [L2] Starting derived features: 898 L1 cols
10:39:07 [WARNING] STOCH combo [5, 3, 3] is missing 2 parameter(s); using defaults slowk=3 slowd=3 slowk_matype=0 slowd_matype=0
10:39:07 [WARNING] STOCH combo [8, 3, 3] is missing 2 parameter(s); using defaults slowk=3 slowd=3 slowk_matype=0 slowd_matype=0
10:39:07 [WARNING] STOCH combo [13, 3, 3] is missing 2 parameter(s); using defaults slowk=3 slowd=3 slowk_matype=0 slowd_matype=0
10:39:07 [WARNING] STOCH combo [13, 5, 3] is missing 2 parameter(s); using defaults slowk=5 slowd=3 slowk_matype=0 slowd_matype=0
10:39:07 [WARNING] STOCH combo [21, 3, 3] is missing 2 parameter(s); using defaults slowk=3 slowd=3 slowk_matype=0 slowd_matype=0
10:39:07 [WARNING] STOCH combo [21, 5, 3] is missing 2 parameter(s); using defaults slowk=5 slowd=3 slowk_matype=0 slowd_matype=0
10:39:07 [WARNING] STOCH combo [21, 5, 5] is missing 2 parameter(s); using defaults slowk=5 slowd=5 slowk_matype=0 slowd_matype=0
10:39:07 [WARNING] STOCH combo [34, 5, 3] is missing 2 parameter(s); using defaults slowk=5 slowd=3 slowk_matype=0 slowd_matype=0
10:39:07 [WARNING] STOCH combo [34, 5, 5] is missing 2 parameter(s); using defaults slowk=5 slowd=5 slowk_matype=0 slowd_matype=0
10:39:07 [WARNING] STOCH combo [55, 5, 5] is missing 2 parameter(s); using defaults slowk=5 slowd=5 slowk_matype=0 slowd_matype=0
10:39:07 [WARNING] STOCH combo [55, 8, 5] is missing 2 parameter(s); using defaults slowk=8 slowd=5 slowk_matype=0 slowd_matype=0
10:39:07 [WARNING] STOCH combo [89, 8, 5] is missing 2 parameter(s); using defaults slowk=8 slowd=5 slowk_matype=0 slowd_matype=0
10:39:07 [WARNING] STOCHF combo [5, 3] is missing 1 parameter(s); using defaults fastd_period=3 fastd_matype=0
10:39:07 [WARNING] STOCHF combo [8, 3] is missing 1 parameter(s); using defaults fastd_period=3 fastd_matype=0
10:39:07 [WARNING] STOCHF combo [13, 3] is missing 1 parameter(s); using defaults fastd_period=3 fastd_matype=0
10:39:07 [WARNING] STOCHF combo [21, 3] is missing 1 parameter(s); using defaults fastd_period=3 fastd_matype=0
10:39:07 [WARNING] STOCHF combo [21, 5] is missing 1 parameter(s); using defaults fastd_period=5 fastd_matype=0
10:39:07 [WARNING] STOCHF combo [34, 5] is missing 1 parameter(s); using defaults fastd_period=5 fastd_matype=0
10:39:07 [WARNING] STOCHF combo [55, 5] is missing 1 parameter(s); using defaults fastd_period=5 fastd_matype=0
10:39:07 [WARNING] STOCHF combo [89, 8] is missing 1 parameter(s); using defaults fastd_period=8 fastd_matype=0
10:39:07 [WARNING] STOCHRSI combo [9, 5, 3] is missing 1 parameter(s); using defaults fastk_period=5 fastd_period=3 fastd_matype=0
10:39:07 [WARNING] STOCHRSI combo [14, 5, 3] is missing 1 parameter(s); using defaults fastk_period=5 fastd_period=3 fastd_matype=0
10:39:07 [WARNING] STOCHRSI combo [14, 3, 3] is missing 1 parameter(s); using defaults fastk_period=3 fastd_period=3 fastd_matype=0
10:39:07 [WARNING] STOCHRSI combo [21, 5, 3] is missing 1 parameter(s); using defaults fastk_period=5 fastd_period=3 fastd_matype=0
10:39:07 [WARNING] STOCHRSI combo [21, 8, 5] is missing 1 parameter(s); using defaults fastk_period=8 fastd_period=5 fastd_matype=0
10:39:07 [WARNING] STOCHRSI combo [34, 8, 5] is missing 1 parameter(s); using defaults fastk_period=8 fastd_period=5 fastd_matype=0
10:39:07 [WARNING] STOCHRSI combo [55, 8, 5] is missing 1 parameter(s); using defaults fastk_period=8 fastd_period=5 fastd_matype=0
10:39:24 [INFO] [CGSA] L2 persisted group=1h_L2_Cross shards=1 total_bytes=88.0 MiB
10:39:30 [INFO] [CGSA] L2 persisted group=1h_L2_Ratio shards=1 total_bytes=88.0 MiB
10:40:20 [INFO] [CGSA] L2 persisted group=1h_L2_Momentum shards=8 total_bytes=696.8 MiB
10:40:20 [INFO] [L2] Completed: 11621 cols in 72.84s
10:40:20 [INFO] [Layer 2] 100% - Layer 2 completed: 11621 features
10:40:20 [INFO] Layer 2 done: 11621 cols, status=ok, rss=3182MB
10:40:20 [INFO] [memmap] created: shape=(20342, 11621), dtype=<class 'numpy.float32'>, est=0.95 GB  (file auto-unlinked)
10:40:25 [INFO] [spill] layer2: 20342×11621 → float32 memmap in 5.2s (freed ~1.9 GB float64)
10:40:25 [INFO] [Layer 3] 0% - Starting Layer 3...
10:40:25 [INFO] Layer 3 starting, rss=2161MB
10:40:33 [INFO] [L3 streaming][numba][multi][persist] step 10/20 (W5_range): 898→898 cols (-0 dead)
10:40:33 [INFO] [L3 streaming][numba][multi][persist] step 20/20 (W13_range): 898→898 cols (-0 dead)
10:40:33 [INFO] [L3 streaming][numba][multi][persist] complete: 17960 generated, 4 dropped, 17956 survivors persisted via callback
10:40:37 [INFO] [L3] streaming persist (mode=streaming) complete: 17956 cols persisted in 20 groups
10:40:37 [INFO] [Layer 3] 100% - Layer 3 completed: 0 features
10:40:37 [INFO] Layer 3 done: 0 cols, status=offloaded_to_registry, rss=1529MB
10:40:37 [INFO] [Layer 4] 0% - Starting Layer 4...
10:40:37 [INFO] Layer 4 starting, rss=1529MB
10:40:38 [INFO] [Layer 4] 100% - Layer 4 completed: 7224 features
10:40:38 [INFO] Layer 4 done: 7224 cols, status=ok, rss=2718MB
10:40:38 [INFO] [Layer 5] 0% - Starting Layer 5...
10:40:38 [INFO] Layer 5 starting, rss=2630MB
10:40:38 [INFO] [Layer 5] 100% - Layer 5 completed: 0 features
10:40:38 [INFO] Layer 5 done: 0 cols, status=empty_disabled, rss=2611MB
10:40:38 [INFO] [Layer 6] 0% - Starting Layer 6...
10:40:38 [INFO] Layer 6 starting, rss=2611MB
10:40:38 [INFO] [Layer 6] 100% - Layer 6 completed: 10 features
10:40:38 [INFO] Layer 6 done: 10 cols, status=ok, rss=2291MB
10:40:38 [INFO] [CGSA] Disk pre-check OK: layer=L4_lag symbol=BTCUSDT tf=1h need=2.73 GiB (planned_new=0.55 GiB, max_inflight_tmp×2=0.19 GiB, reserve=2.00 GiB) free=30.44 GiB shape=(20342, 7224)
10:40:41 [INFO] [CGSA] L4_lag persisted group=1h_L4_lag_1 shards=5 total_bytes=388.0 MiB
10:40:42 [INFO] [CGSA] L4_lag persisted group=1h_L4_lag_2 shards=2 total_bytes=172.6 MiB
10:40:42 [INFO] [CGSA] Persisted L4_lag: 7224 cols → 2 groups (tf=1h)
10:40:42 [INFO] [CGSA] Disk pre-check OK: layer=L6_meta symbol=BTCUSDT tf=1h need=2.00 GiB (planned_new=0.00 GiB, max_inflight_tmp×2=0.00 GiB, reserve=2.00 GiB) free=29.77 GiB shape=(20342, 10)
10:40:42 [INFO] [CGSA] Persisted L6_meta: 10 cols → 1 groups (tf=1h)
10:40:42 [INFO] [CGSA][multi_tf] Primary TF 1h: 241 groups registered (no alignment needed)
10:40:42 [INFO] [multi_tf:multi_tf] 70% - [CGSA] Processing timeframe 4h (2/2)
10:40:42 [INFO] Fetching spot data: BTCUSDT/4h
10:40:43 [INFO] Read 5088 klines from BTCUSDT/4h in 0.231s
10:40:43 [INFO] Aligned data for BTCUSDT/4h: 5088 rows, 5 columns
10:40:43 [INFO] [Layer 1] 0% - Starting Layer 1...
10:40:43 [INFO] Layer 1 starting, rss=1203MB
10:40:44 [WARNING] STOCH combo [5, 3, 3] is missing 2 parameter(s); using defaults slowk=3 slowd=3 slowk_matype=0 slowd_matype=0
10:40:44 [WARNING] STOCH combo [8, 3, 3] is missing 2 parameter(s); using defaults slowk=3 slowd=3 slowk_matype=0 slowd_matype=0
10:40:44 [WARNING] STOCH combo [13, 3, 3] is missing 2 parameter(s); using defaults slowk=3 slowd=3 slowk_matype=0 slowd_matype=0
10:40:44 [WARNING] STOCH combo [13, 5, 3] is missing 2 parameter(s); using defaults slowk=5 slowd=3 slowk_matype=0 slowd_matype=0
10:40:44 [WARNING] STOCH combo [21, 3, 3] is missing 2 parameter(s); using defaults slowk=3 slowd=3 slowk_matype=0 slowd_matype=0
10:40:44 [WARNING] STOCH combo [21, 5, 3] is missing 2 parameter(s); using defaults slowk=5 slowd=3 slowk_matype=0 slowd_matype=0
10:40:44 [WARNING] STOCH combo [21, 5, 5] is missing 2 parameter(s); using defaults slowk=5 slowd=5 slowk_matype=0 slowd_matype=0
10:40:44 [WARNING] STOCH combo [34, 5, 3] is missing 2 parameter(s); using defaults slowk=5 slowd=3 slowk_matype=0 slowd_matype=0
10:40:44 [WARNING] STOCH combo [34, 5, 5] is missing 2 parameter(s); using defaults slowk=5 slowd=5 slowk_matype=0 slowd_matype=0
10:40:44 [WARNING] STOCH combo [55, 5, 5] is missing 2 parameter(s); using defaults slowk=5 slowd=5 slowk_matype=0 slowd_matype=0
10:40:44 [WARNING] STOCH combo [55, 8, 5] is missing 2 parameter(s); using defaults slowk=8 slowd=5 slowk_matype=0 slowd_matype=0
10:40:44 [WARNING] STOCH combo [89, 8, 5] is missing 2 parameter(s); using defaults slowk=8 slowd=5 slowk_matype=0 slowd_matype=0
10:40:44 [WARNING] STOCHF combo [5, 3] is missing 1 parameter(s); using defaults fastd_period=3 fastd_matype=0
10:40:44 [WARNING] STOCHF combo [8, 3] is missing 1 parameter(s); using defaults fastd_period=3 fastd_matype=0
10:40:44 [WARNING] STOCHF combo [13, 3] is missing 1 parameter(s); using defaults fastd_period=3 fastd_matype=0
10:40:44 [WARNING] STOCHF combo [21, 3] is missing 1 parameter(s); using defaults fastd_period=3 fastd_matype=0
10:40:44 [WARNING] STOCHF combo [21, 5] is missing 1 parameter(s); using defaults fastd_period=5 fastd_matype=0
10:40:44 [WARNING] STOCHF combo [34, 5] is missing 1 parameter(s); using defaults fastd_period=5 fastd_matype=0
10:40:44 [WARNING] STOCHF combo [55, 5] is missing 1 parameter(s); using defaults fastd_period=5 fastd_matype=0
10:40:44 [WARNING] STOCHF combo [89, 8] is missing 1 parameter(s); using defaults fastd_period=8 fastd_matype=0
10:40:44 [WARNING] STOCHRSI combo [9, 5, 3] is missing 1 parameter(s); using defaults fastk_period=5 fastd_period=3 fastd_matype=0
10:40:44 [WARNING] STOCHRSI combo [14, 5, 3] is missing 1 parameter(s); using defaults fastk_period=5 fastd_period=3 fastd_matype=0
10:40:44 [WARNING] STOCHRSI combo [14, 3, 3] is missing 1 parameter(s); using defaults fastk_period=3 fastd_period=3 fastd_matype=0
10:40:44 [WARNING] STOCHRSI combo [21, 5, 3] is missing 1 parameter(s); using defaults fastk_period=5 fastd_period=3 fastd_matype=0
10:40:44 [WARNING] STOCHRSI combo [21, 8, 5] is missing 1 parameter(s); using defaults fastk_period=8 fastd_period=5 fastd_matype=0
10:40:44 [WARNING] STOCHRSI combo [34, 8, 5] is missing 1 parameter(s); using defaults fastk_period=8 fastd_period=5 fastd_matype=0
10:40:44 [WARNING] STOCHRSI combo [55, 8, 5] is missing 1 parameter(s); using defaults fastk_period=8 fastd_period=5 fastd_matype=0
10:40:49 [INFO] [Layer 1] 100% - Layer 1 completed: 898 features
10:40:49 [INFO] Layer 1 done: 898 cols, status=ok, rss=1353MB
10:40:49 [INFO] [Layer 2] 0% - Starting Layer 2...
10:40:49 [INFO] Layer 2 starting, rss=1353MB
10:40:49 [INFO] [L2] Starting derived features: 898 L1 cols
10:40:49 [WARNING] STOCH combo [5, 3, 3] is missing 2 parameter(s); using defaults slowk=3 slowd=3 slowk_matype=0 slowd_matype=0
10:40:49 [WARNING] STOCH combo [8, 3, 3] is missing 2 parameter(s); using defaults slowk=3 slowd=3 slowk_matype=0 slowd_matype=0
10:40:49 [WARNING] STOCH combo [13, 3, 3] is missing 2 parameter(s); using defaults slowk=3 slowd=3 slowk_matype=0 slowd_matype=0
10:40:49 [WARNING] STOCH combo [13, 5, 3] is missing 2 parameter(s); using defaults slowk=5 slowd=3 slowk_matype=0 slowd_matype=0
10:40:49 [WARNING] STOCH combo [21, 3, 3] is missing 2 parameter(s); using defaults slowk=3 slowd=3 slowk_matype=0 slowd_matype=0
10:40:49 [WARNING] STOCH combo [21, 5, 3] is missing 2 parameter(s); using defaults slowk=5 slowd=3 slowk_matype=0 slowd_matype=0
10:40:49 [WARNING] STOCH combo [21, 5, 5] is missing 2 parameter(s); using defaults slowk=5 slowd=5 slowk_matype=0 slowd_matype=0
10:40:49 [WARNING] STOCH combo [34, 5, 3] is missing 2 parameter(s); using defaults slowk=5 slowd=3 slowk_matype=0 slowd_matype=0
10:40:49 [WARNING] STOCH combo [34, 5, 5] is missing 2 parameter(s); using defaults slowk=5 slowd=5 slowk_matype=0 slowd_matype=0
10:40:49 [WARNING] STOCH combo [55, 5, 5] is missing 2 parameter(s); using defaults slowk=5 slowd=5 slowk_matype=0 slowd_matype=0
10:40:49 [WARNING] STOCH combo [55, 8, 5] is missing 2 parameter(s); using defaults slowk=8 slowd=5 slowk_matype=0 slowd_matype=0
10:40:49 [WARNING] STOCH combo [89, 8, 5] is missing 2 parameter(s); using defaults slowk=8 slowd=5 slowk_matype=0 slowd_matype=0
10:40:49 [WARNING] STOCHF combo [5, 3] is missing 1 parameter(s); using defaults fastd_period=3 fastd_matype=0
10:40:49 [WARNING] STOCHF combo [8, 3] is missing 1 parameter(s); using defaults fastd_period=3 fastd_matype=0
10:40:49 [WARNING] STOCHF combo [13, 3] is missing 1 parameter(s); using defaults fastd_period=3 fastd_matype=0
10:40:49 [WARNING] STOCHF combo [21, 3] is missing 1 parameter(s); using defaults fastd_period=3 fastd_matype=0
10:40:49 [WARNING] STOCHF combo [21, 5] is missing 1 parameter(s); using defaults fastd_period=5 fastd_matype=0
10:40:49 [WARNING] STOCHF combo [34, 5] is missing 1 parameter(s); using defaults fastd_period=5 fastd_matype=0
10:40:49 [WARNING] STOCHF combo [55, 5] is missing 1 parameter(s); using defaults fastd_period=5 fastd_matype=0
10:40:49 [WARNING] STOCHF combo [89, 8] is missing 1 parameter(s); using defaults fastd_period=8 fastd_matype=0
10:40:49 [WARNING] STOCHRSI combo [9, 5, 3] is missing 1 parameter(s); using defaults fastk_period=5 fastd_period=3 fastd_matype=0
10:40:49 [WARNING] STOCHRSI combo [14, 5, 3] is missing 1 parameter(s); using defaults fastk_period=5 fastd_period=3 fastd_matype=0
10:40:49 [WARNING] STOCHRSI combo [14, 3, 3] is missing 1 parameter(s); using defaults fastk_period=3 fastd_period=3 fastd_matype=0
10:40:49 [WARNING] STOCHRSI combo [21, 5, 3] is missing 1 parameter(s); using defaults fastk_period=5 fastd_period=3 fastd_matype=0
10:40:49 [WARNING] STOCHRSI combo [21, 8, 5] is missing 1 parameter(s); using defaults fastk_period=8 fastd_period=5 fastd_matype=0
10:40:49 [WARNING] STOCHRSI combo [34, 8, 5] is missing 1 parameter(s); using defaults fastk_period=8 fastd_period=5 fastd_matype=0
10:40:49 [WARNING] STOCHRSI combo [55, 8, 5] is missing 1 parameter(s); using defaults fastk_period=8 fastd_period=5 fastd_matype=0
10:41:08 [INFO] [CGSA] L2 persisted group=4h_L2_Momentum shards=2 total_bytes=174.2 MiB
10:41:08 [INFO] [L2] Completed: 11621 cols in 19.22s
10:41:08 [INFO] [Layer 2] 100% - Layer 2 completed: 11621 features
10:41:08 [INFO] Layer 2 done: 11621 cols, status=ok, rss=1076MB
10:41:08 [INFO] [Layer 3] 0% - Starting Layer 3...
10:41:08 [INFO] Layer 3 starting, rss=1076MB
10:41:11 [INFO] [L3 streaming][numba][multi][persist] step 10/20 (W5_range): 898→898 cols (-0 dead)
10:41:11 [INFO] [L3 streaming][numba][multi][persist] step 20/20 (W13_range): 898→897 cols (-1 dead)
10:41:11 [INFO] [L3 streaming][numba][multi][persist] complete: 17960 generated, 6 dropped, 17954 survivors persisted via callback
10:41:14 [INFO] [L3] streaming persist (mode=streaming) complete: 17954 cols persisted in 20 groups
10:41:14 [INFO] [Layer 3] 100% - Layer 3 completed: 0 features
10:41:14 [INFO] Layer 3 done: 0 cols, status=offloaded_to_registry, rss=1537MB
10:41:14 [INFO] [Layer 4] 0% - Starting Layer 4...
10:41:14 [INFO] Layer 4 starting, rss=1537MB
10:41:14 [INFO] [Layer 4] 100% - Layer 4 completed: 7224 features
10:41:14 [INFO] Layer 4 done: 7224 cols, status=ok, rss=1716MB
10:41:14 [INFO] [Layer 5] 0% - Starting Layer 5...
10:41:14 [INFO] Layer 5 starting, rss=1714MB
10:41:14 [INFO] [Layer 5] 100% - Layer 5 completed: 0 features
10:41:14 [INFO] Layer 5 done: 0 cols, status=empty_disabled, rss=1714MB
10:41:14 [INFO] [Layer 6] 0% - Starting Layer 6...
10:41:14 [INFO] Layer 6 starting, rss=1712MB
10:41:14 [INFO] [Layer 6] 100% - Layer 6 completed: 10 features
10:41:14 [INFO] Layer 6 done: 10 cols, status=ok, rss=1663MB
10:41:14 [INFO] [CGSA] Disk pre-check OK: layer=L4_lag symbol=BTCUSDT tf=4h need=2.32 GiB (planned_new=0.14 GiB, max_inflight_tmp×2=0.19 GiB, reserve=2.00 GiB) free=33.18 GiB shape=(5086, 7224)
10:41:15 [INFO] [CGSA] L4_lag persisted group=4h_L4_lag_1 shards=2 total_bytes=97.0 MiB
10:41:15 [INFO] [CGSA] Persisted L4_lag: 7224 cols → 2 groups (tf=4h)
10:41:15 [INFO] [CGSA] Disk pre-check OK: layer=L6_meta symbol=BTCUSDT tf=4h need=2.00 GiB (planned_new=0.00 GiB, max_inflight_tmp×2=0.00 GiB, reserve=2.00 GiB) free=33.04 GiB shape=(5086, 10)
10:41:15 [INFO] [CGSA] Persisted L6_meta: 10 cols → 1 groups (tf=4h)
10:41:16 [INFO] [CGSA][multi_tf] Compact-aligned 241 groups from 4h → 1h (source_rows=5086 logical_rows=20342)
10:41:16 [INFO] [CGSA][multi_tf] All TFs done: 482 total groups in registry
10:41:16 [INFO] [multi_tf:persist] 90% - [CGSA] Running Layer 6.5 → L7_raw streaming persist
10:41:29 [INFO] [L7][CGSA] Quality summary: inf_count=0, coverage=0.9547, non_nan=1464617452/1534112272
10:41:30 [INFO] [L7_raw] Disk pre-check OK: required=2.00 GiB (safety x1.50), estimated_final=2.86 GiB, reclaimable_npy=3.57 GiB, net_growth=0.00 GiB, max_inflight_part=0.38 GiB, largest_part_source=1h_L2_Momentum, reserve_floor=2.00 GiB, free=33.04 GiB, groups=482
10:41:30 [INFO] [L6.5] raw-sink path uses serial group streaming for disk safety (requested_workers=2)
10:41:30 [INFO] [L6.5] Registry raw-sink config: groups=482 requested_workers=2 effective_workers=1 mode=append use_fast=False can_use_numba_fast=False winsor=True rank=False zscore=False fracdiff=False fracdiff_apply_to=non_stationary fracdiff_layers=['L1', 'L2'] adf=False gaussian=False
10:41:30 [INFO] [L6.5] Raw-sink start: 476 full groups (fast=0, slow=476) + 6 big-group splits → 496 sub-tasks (requested_workers=2, effective_workers=1, split_threshold=2000, slow_chunked=6, max_group_cols=8980, schedule=largest_first, rss=1858MB)
10:41:32 [INFO] [L6.5] raw-sink chunk stream start: group=1h_L2_Momentum cols=8980 chunks=5 chunk_size=2000 rss=1217MB
10:42:39 [INFO] [L6.5] raw-sink chunk stream complete: group=1h_L2_Momentum chunks=5 outputs=5 rss=1730MB
10:42:39 [INFO] [L6.5] raw-sink heartbeat: tasks 5/496 (1.0%), groups 1/482, elapsed=68.9s, rate=0.07/s, ETA=6768s, rss=1730MB, last=1h_L2_Momentum (slow-chunked, parts=5)
10:42:40 [INFO] [L6.5] raw-sink chunk stream start: group=1h_L4_lag_1 cols=5000 chunks=3 chunk_size=2000 rss=1899MB
10:43:18 [INFO] [L6.5] raw-sink chunk stream complete: group=1h_L4_lag_1 chunks=3 outputs=3 rss=1178MB
10:43:18 [INFO] [L6.5] raw-sink heartbeat: tasks 8/496 (1.6%), groups 2/482, elapsed=108.1s, rate=0.07/s, ETA=6591s, rss=1178MB, last=1h_L4_lag_1 (slow-chunked, parts=3)
10:43:33 [INFO] [L6.5] native-tf path completed: group=4h_L2_Momentum src_tf=4h primary_tf=1h native_rows=5086 primary_rows=20342 outputs=1
10:43:33 [INFO] [L6.5] raw-sink chunk stream start: group=1h_L4_lag_2 cols=2224 chunks=2 chunk_size=2000 rss=1354MB
10:43:50 [INFO] [L6.5] raw-sink chunk stream complete: group=1h_L4_lag_2 chunks=2 outputs=2 rss=1420MB
10:43:50 [INFO] [L6.5] raw-sink heartbeat: tasks 15/496 (3.0%), groups 4/482, elapsed=140.0s, rate=0.11/s, ETA=4489s, rss=1420MB, last=1h_L4_lag_2 (slow-chunked, parts=2)
10:43:57 [INFO] [L6.5] native-tf path completed: group=4h_L4_lag_1 src_tf=4h primary_tf=1h native_rows=5086 primary_rows=20342 outputs=1
10:44:20 [INFO] [L6.5] raw-sink heartbeat: tasks 21/496 (4.2%), groups 8/482, elapsed=170.2s, rate=0.12/s, ETA=3850s, rss=2073MB, last=1h_L3_rolling_W13_Kurt_1 (full)
10:44:53 [INFO] [L6.5] raw-sink heartbeat: tasks 26/496 (5.2%), groups 13/482, elapsed=202.9s, rate=0.13/s, ETA=3667s, rss=1393MB, last=1h_L3_rolling_W13_Skew_1 (full)
10:45:25 [INFO] [L6.5] raw-sink heartbeat: tasks 31/496 (6.2%), groups 18/482, elapsed=235.1s, rate=0.13/s, ETA=3526s, rss=1532MB, last=1h_L3_rolling_W5_Mean_1 (full)
10:45:58 [INFO] [L6.5] raw-sink heartbeat: tasks 36/496 (7.3%), groups 23/482, elapsed=267.6s, rate=0.13/s, ETA=3419s, rss=1286MB, last=1h_L3_rolling_W5_Std_1 (full)
10:46:26 [INFO] [L6.5] native-tf path completed: group=4h_L4_lag_2 src_tf=4h primary_tf=1h native_rows=5086 primary_rows=20342 outputs=1
10:46:27 [INFO] [L6.5] native-tf path completed: group=4h_L2_Cross src_tf=4h primary_tf=1h native_rows=5086 primary_rows=20342 outputs=1
10:46:29 [INFO] [L6.5] native-tf path completed: group=4h_L2_Ratio src_tf=4h primary_tf=1h native_rows=5086 primary_rows=20342 outputs=1
10:46:29 [INFO] [L6.5] raw-sink heartbeat: tasks 44/496 (8.9%), groups 30/482, elapsed=298.8s, rate=0.15/s, ETA=3069s, rss=1470MB, last=4h_L2_Ratio (native-tf, parts=1)
10:46:32 [INFO] [L6.5] native-tf path completed: group=4h_L3_rolling_W13_Kurt_1 src_tf=4h primary_tf=1h native_rows=5086 primary_rows=20342 outputs=1
10:46:33 [INFO] [L6.5] native-tf path completed: group=4h_L3_rolling_W13_Mean_1 src_tf=4h primary_tf=1h native_rows=5086 primary_rows=20342 outputs=1
10:46:34 [INFO] [L6.5] native-tf path completed: group=4h_L3_rolling_W13_Rank_1 src_tf=4h primary_tf=1h native_rows=5086 primary_rows=20342 outputs=1
10:46:35 [INFO] [L6.5] native-tf path completed: group=4h_L3_rolling_W13_Skew_1 src_tf=4h primary_tf=1h native_rows=5086 primary_rows=20342 outputs=1
10:46:36 [INFO] [L6.5] native-tf path completed: group=4h_L3_rolling_W13_Slope_1 src_tf=4h primary_tf=1h native_rows=5086 primary_rows=20342 outputs=1
10:46:37 [INFO] [L6.5] native-tf path completed: group=4h_L3_rolling_W13_Std_1 src_tf=4h primary_tf=1h native_rows=5086 primary_rows=20342 outputs=1
10:46:38 [INFO] [L6.5] native-tf path completed: group=4h_L3_rolling_W13_ZScore_1 src_tf=4h primary_tf=1h native_rows=5086 primary_rows=20342 outputs=1
10:46:39 [INFO] [L6.5] native-tf path completed: group=4h_L3_rolling_W5_Max_1 src_tf=4h primary_tf=1h native_rows=5086 primary_rows=20342 outputs=1
10:46:40 [INFO] [L6.5] native-tf path completed: group=4h_L3_rolling_W5_Mean_1 src_tf=4h primary_tf=1h native_rows=5086 primary_rows=20342 outputs=1
10:46:41 [INFO] [L6.5] native-tf path completed: group=4h_L3_rolling_W5_Min_1 src_tf=4h primary_tf=1h native_rows=5086 primary_rows=20342 outputs=1
10:46:42 [INFO] [L6.5] native-tf path completed: group=4h_L3_rolling_W5_Range_1 src_tf=4h primary_tf=1h native_rows=5086 primary_rows=20342 outputs=1
10:46:43 [INFO] [L6.5] native-tf path completed: group=4h_L3_rolling_W5_Rank_1 src_tf=4h primary_tf=1h native_rows=5086 primary_rows=20342 outputs=1
10:46:44 [INFO] [L6.5] native-tf path completed: group=4h_L3_rolling_W5_Slope_1 src_tf=4h primary_tf=1h native_rows=5086 primary_rows=20342 outputs=1
10:46:45 [INFO] [L6.5] native-tf path completed: group=4h_L3_rolling_W5_Std_1 src_tf=4h primary_tf=1h native_rows=5086 primary_rows=20342 outputs=1
10:46:46 [INFO] [L6.5] native-tf path completed: group=4h_L3_rolling_W13_Max_1 src_tf=4h primary_tf=1h native_rows=5086 primary_rows=20342 outputs=1
10:46:47 [INFO] [L6.5] native-tf path completed: group=4h_L3_rolling_W13_Min_1 src_tf=4h primary_tf=1h native_rows=5086 primary_rows=20342 outputs=1
10:46:48 [INFO] [L6.5] native-tf path completed: group=4h_L3_rolling_W13_Range_1 src_tf=4h primary_tf=1h native_rows=5086 primary_rows=20342 outputs=1
10:46:49 [INFO] [L6.5] native-tf path completed: group=4h_L3_rolling_W5_Kurt_1 src_tf=4h primary_tf=1h native_rows=5086 primary_rows=20342 outputs=1
10:46:50 [INFO] [L6.5] native-tf path completed: group=4h_L3_rolling_W5_Skew_1 src_tf=4h primary_tf=1h native_rows=5086 primary_rows=20342 outputs=1
10:46:51 [INFO] [L6.5] native-tf path completed: group=4h_L3_rolling_W5_ZScore_1 src_tf=4h primary_tf=1h native_rows=5086 primary_rows=20342 outputs=1
10:46:52 [INFO] [L6.5] native-tf path completed: group=4h_L2_Distance src_tf=4h primary_tf=1h native_rows=5086 primary_rows=20342 outputs=1
10:46:53 [INFO] [L6.5] raw-sink heartbeat: tasks 68/496 (13.7%), groups 54/482, elapsed=322.8s, rate=0.21/s, ETA=2032s, rss=891MB, last=1h_L1_momentum_RSI (full)
10:46:53 [INFO] [L6.5] native-tf path completed: group=4h_L2_BinarySignal src_tf=4h primary_tf=1h native_rows=5086 primary_rows=20342 outputs=1
10:46:58 [INFO] [L6.5] raw-sink heartbeat: tasks 92/496 (18.5%), groups 78/482, elapsed=327.8s, rate=0.28/s, ETA=1440s, rss=910MB, last=1h_L1_momentum_MACDFIX-Line (full)
10:47:00 [INFO] [L6.5] native-tf path completed: group=4h_L1_momentum_RSI src_tf=4h primary_tf=1h native_rows=5086 primary_rows=20342 outputs=1
10:47:00 [INFO] [L6.5] native-tf path completed: group=4h_L1_trend_EMA src_tf=4h primary_tf=1h native_rows=5086 primary_rows=20342 outputs=1
10:47:00 [INFO] [L6.5] native-tf path completed: group=4h_L1_trend_SMA src_tf=4h primary_tf=1h native_rows=5086 primary_rows=20342 outputs=1
10:47:01 [INFO] [L6.5] native-tf path completed: group=4h_L1_momentum_ROC src_tf=4h primary_tf=1h native_rows=5086 primary_rows=20342 outputs=1
10:47:01 [INFO] [L6.5] native-tf path completed: group=4h_L1_momentum_ROCP src_tf=4h primary_tf=1h native_rows=5086 primary_rows=20342 outputs=1
10:47:01 [INFO] [L6.5] native-tf path completed: group=4h_L1_momentum_ROCR src_tf=4h primary_tf=1h native_rows=5086 primary_rows=20342 outputs=1
10:47:01 [INFO] [L6.5] native-tf path completed: group=4h_L1_momentum_ROCR100 src_tf=4h primary_tf=1h native_rows=5086 primary_rows=20342 outputs=1
10:47:01 [INFO] [L6.5] native-tf path completed: group=4h_L1_momentum_CMO src_tf=4h primary_tf=1h native_rows=5086 primary_rows=20342 outputs=1
10:47:01 [INFO] [L6.5] raw-sink heartbeat: tasks 116/496 (23.4%), groups 102/482, elapsed=331.0s, rate=0.35/s, ETA=1084s, rss=911MB, last=4h_L1_momentum_CMO (native-tf, parts=1)
10:47:01 [INFO] [L6.5] native-tf path completed: group=4h_L1_momentum_MOM src_tf=4h primary_tf=1h native_rows=5086 primary_rows=20342 outputs=1
10:47:01 [INFO] [L6.5] native-tf path completed: group=4h_L1_momentum_TRIX src_tf=4h primary_tf=1h native_rows=5086 primary_rows=20342 outputs=1
10:47:01 [INFO] [L6.5] native-tf path completed: group=4h_L1_trend_DEMA src_tf=4h primary_tf=1h native_rows=5086 primary_rows=20342 outputs=1
10:47:01 [INFO] [L6.5] native-tf path completed: group=4h_L1_trend_KAMA src_tf=4h primary_tf=1h native_rows=5086 primary_rows=20342 outputs=1
10:47:01 [INFO] [L6.5] native-tf path completed: group=4h_L1_trend_MA src_tf=4h primary_tf=1h native_rows=5086 primary_rows=20342 outputs=1
10:47:02 [INFO] [L6.5] native-tf path completed: group=4h_L1_trend_MAVP src_tf=4h primary_tf=1h native_rows=5086 primary_rows=20342 outputs=1
10:47:02 [INFO] [L6.5] native-tf path completed: group=4h_L1_trend_MIDPOINT src_tf=4h primary_tf=1h native_rows=5086 primary_rows=20342 outputs=1
10:47:02 [INFO] [L6.5] native-tf path completed: group=4h_L1_trend_T3 src_tf=4h primary_tf=1h native_rows=5086 primary_rows=20342 outputs=1
10:47:02 [INFO] [L6.5] native-tf path completed: group=4h_L1_trend_TEMA src_tf=4h primary_tf=1h native_rows=5086 primary_rows=20342 outputs=1
10:47:02 [INFO] [L6.5] native-tf path completed: group=4h_L1_trend_TRIMA src_tf=4h primary_tf=1h native_rows=5086 primary_rows=20342 outputs=1
10:47:02 [INFO] [L6.5] native-tf path completed: group=4h_L1_trend_WMA src_tf=4h primary_tf=1h native_rows=5086 primary_rows=20342 outputs=1
10:47:02 [INFO] [L6.5] native-tf path completed: group=4h_L1_trend_BBANDS-Lower src_tf=4h primary_tf=1h native_rows=5086 primary_rows=20342 outputs=1
10:47:02 [INFO] [L6.5] native-tf path completed: group=4h_L1_trend_BBANDS-Middle src_tf=4h primary_tf=1h native_rows=5086 primary_rows=20342 outputs=1
10:47:02 [INFO] [L6.5] native-tf path completed: group=4h_L1_trend_BBANDS-Upper src_tf=4h primary_tf=1h native_rows=5086 primary_rows=20342 outputs=1
10:47:02 [INFO] [L6.5] native-tf path completed: group=4h_L1_momentum_MACDFIX-Hist src_tf=4h primary_tf=1h native_rows=5086 primary_rows=20342 outputs=1
10:47:02 [INFO] [L6.5] native-tf path completed: group=4h_L1_momentum_MACDFIX-Line src_tf=4h primary_tf=1h native_rows=5086 primary_rows=20342 outputs=1
10:47:03 [INFO] [L6.5] native-tf path completed: group=4h_L1_momentum_MACDFIX-Signal src_tf=4h primary_tf=1h native_rows=5086 primary_rows=20342 outputs=1
10:47:03 [INFO] [L6.5] native-tf path completed: group=4h_L1_momentum_WILLR src_tf=4h primary_tf=1h native_rows=5086 primary_rows=20342 outputs=1
10:47:03 [INFO] [L6.5] native-tf path completed: group=4h_L1_momentum_CCI src_tf=4h primary_tf=1h native_rows=5086 primary_rows=20342 outputs=1
10:47:03 [INFO] [L6.5] native-tf path completed: group=4h_L6_meta src_tf=4h primary_tf=1h native_rows=5086 primary_rows=20342 outputs=1
10:47:03 [INFO] [L6.5] native-tf path completed: group=4h_L1_momentum_ADX src_tf=4h primary_tf=1h native_rows=5086 primary_rows=20342 outputs=1
10:47:03 [INFO] [L6.5] native-tf path completed: group=4h_L1_momentum_ADXR src_tf=4h primary_tf=1h native_rows=5086 primary_rows=20342 outputs=1
10:47:03 [INFO] [L6.5] native-tf path completed: group=4h_L1_momentum_AROON-aroondown src_tf=4h primary_tf=1h native_rows=5086 primary_rows=20342 outputs=1
10:47:03 [INFO] [L6.5] native-tf path completed: group=4h_L1_momentum_AROON-aroonup src_tf=4h primary_tf=1h native_rows=5086 primary_rows=20342 outputs=1
10:47:03 [INFO] [L6.5] raw-sink heartbeat: tasks 140/496 (28.2%), groups 126/482, elapsed=333.3s, rate=0.42/s, ETA=847s, rss=911MB, last=4h_L1_momentum_AROON-aroonup (native-tf, parts=1)
10:47:03 [INFO] [L6.5] native-tf path completed: group=4h_L1_momentum_AROONOSC src_tf=4h primary_tf=1h native_rows=5086 primary_rows=20342 outputs=1
10:47:03 [INFO] [L6.5] native-tf path completed: group=4h_L1_momentum_DX src_tf=4h primary_tf=1h native_rows=5086 primary_rows=20342 outputs=1
10:47:03 [INFO] [L6.5] native-tf path completed: group=4h_L1_momentum_MINUS-DI src_tf=4h primary_tf=1h native_rows=5086 primary_rows=20342 outputs=1
10:47:04 [INFO] [L6.5] native-tf path completed: group=4h_L1_momentum_MINUS-DM src_tf=4h primary_tf=1h native_rows=5086 primary_rows=20342 outputs=1
10:47:04 [INFO] [L6.5] native-tf path completed: group=4h_L1_momentum_PLUS-DI src_tf=4h primary_tf=1h native_rows=5086 primary_rows=20342 outputs=1
10:47:04 [INFO] [L6.5] native-tf path completed: group=4h_L1_momentum_PLUS-DM src_tf=4h primary_tf=1h native_rows=5086 primary_rows=20342 outputs=1
10:47:04 [INFO] [L6.5] native-tf path completed: group=4h_L1_trend_MIDPRICE src_tf=4h primary_tf=1h native_rows=5086 primary_rows=20342 outputs=1
10:47:05 [INFO] [L6.5] raw-sink heartbeat: tasks 164/496 (33.1%), groups 150/482, elapsed=335.5s, rate=0.49/s, ETA=679s, rss=911MB, last=1h_L1_momentum_MACD-Hist_21-55-9 (full)
10:47:08 [INFO] [L6.5] raw-sink heartbeat: tasks 188/496 (37.9%), groups 174/482, elapsed=337.7s, rate=0.56/s, ETA=553s, rss=911MB, last=1h_L1_momentum_MACD-Signal_13-34-9 (full)
10:47:10 [INFO] [L6.5] raw-sink heartbeat: tasks 212/496 (42.7%), groups 198/482, elapsed=339.9s, rate=0.62/s, ETA=455s, rss=911MB, last=1h_L1_momentum_MACDEXT-Hist_8-34-9 (full)
10:47:12 [INFO] [L6.5] raw-sink heartbeat: tasks 236/496 (47.6%), groups 222/482, elapsed=342.1s, rate=0.69/s, ETA=377s, rss=911MB, last=1h_L1_momentum_MACDEXT-Signal_55-233-34 (full)
10:47:14 [INFO] [L6.5] raw-sink heartbeat: tasks 260/496 (52.4%), groups 246/482, elapsed=344.3s, rate=0.76/s, ETA=313s, rss=911MB, last=1h_L1_momentum_STOCHRSI-fastk_14-5-3-0 (full)
10:47:15 [INFO] [L6.5] native-tf path completed: group=4h_L1_momentum_MFI src_tf=4h primary_tf=1h native_rows=5086 primary_rows=20342 outputs=1
10:47:16 [INFO] [L6.5] raw-sink heartbeat: tasks 284/496 (57.3%), groups 270/482, elapsed=346.4s, rate=0.82/s, ETA=259s, rss=911MB, last=1h_L1_momentum_STOCH-slowk_13-5-0-3-0 (full)
10:47:18 [INFO] [L6.5] raw-sink heartbeat: tasks 308/496 (62.1%), groups 294/482, elapsed=348.4s, rate=0.88/s, ETA=213s, rss=911MB, last=1h_L1_momentum_STOCHF-fastk_55-5-0 (full)
10:47:20 [INFO] [L6.5] native-tf path completed: group=4h_L1_momentum_APO_12-26-0 src_tf=4h primary_tf=1h native_rows=5086 primary_rows=20342 outputs=1
10:47:20 [INFO] [L6.5] native-tf path completed: group=4h_L1_momentum_APO_13-34-0 src_tf=4h primary_tf=1h native_rows=5086 primary_rows=20342 outputs=1
10:47:20 [INFO] [L6.5] native-tf path completed: group=4h_L1_momentum_APO_13-55-0 src_tf=4h primary_tf=1h native_rows=5086 primary_rows=20342 outputs=1
10:47:20 [INFO] [L6.5] native-tf path completed: group=4h_L1_momentum_APO_21-55-0 src_tf=4h primary_tf=1h native_rows=5086 primary_rows=20342 outputs=1
10:47:20 [INFO] [L6.5] native-tf path completed: group=4h_L1_momentum_APO_21-89-0 src_tf=4h primary_tf=1h native_rows=5086 primary_rows=20342 outputs=1
10:47:20 [INFO] [L6.5] native-tf path completed: group=4h_L1_momentum_APO_34-144-0 src_tf=4h primary_tf=1h native_rows=5086 primary_rows=20342 outputs=1
10:47:20 [INFO] [L6.5] native-tf path completed: group=4h_L1_momentum_APO_34-89-0 src_tf=4h primary_tf=1h native_rows=5086 primary_rows=20342 outputs=1
10:47:20 [INFO] [L6.5] native-tf path completed: group=4h_L1_momentum_APO_5-13-0 src_tf=4h primary_tf=1h native_rows=5086 primary_rows=20342 outputs=1
10:47:20 [INFO] [L6.5] native-tf path completed: group=4h_L1_momentum_APO_5-21-0 src_tf=4h primary_tf=1h native_rows=5086 primary_rows=20342 outputs=1
10:47:20 [INFO] [L6.5] native-tf path completed: group=4h_L1_momentum_APO_55-144-0 src_tf=4h primary_tf=1h native_rows=5086 primary_rows=20342 outputs=1
10:47:20 [INFO] [L6.5] raw-sink heartbeat: tasks 332/496 (66.9%), groups 318/482, elapsed=350.4s, rate=0.95/s, ETA=173s, rss=911MB, last=4h_L1_momentum_APO_55-144-0 (native-tf, parts=1)
10:47:20 [INFO] [L6.5] native-tf path completed: group=4h_L1_momentum_APO_55-233-0 src_tf=4h primary_tf=1h native_rows=5086 primary_rows=20342 outputs=1
10:47:21 [INFO] [L6.5] native-tf path completed: group=4h_L1_momentum_APO_8-21-0 src_tf=4h primary_tf=1h native_rows=5086 primary_rows=20342 outputs=1
10:47:21 [INFO] [L6.5] native-tf path completed: group=4h_L1_momentum_APO_8-34-0 src_tf=4h primary_tf=1h native_rows=5086 primary_rows=20342 outputs=1
10:47:21 [INFO] [L6.5] native-tf path completed: group=4h_L1_momentum_MACD-Hist_12-26-9 src_tf=4h primary_tf=1h native_rows=5086 primary_rows=20342 outputs=1
10:47:21 [INFO] [L6.5] native-tf path completed: group=4h_L1_momentum_MACD-Hist_13-34-9 src_tf=4h primary_tf=1h native_rows=5086 primary_rows=20342 outputs=1
10:47:21 [INFO] [L6.5] native-tf path completed: group=4h_L1_momentum_MACD-Hist_13-55-13 src_tf=4h primary_tf=1h native_rows=5086 primary_rows=20342 outputs=1
10:47:21 [INFO] [L6.5] native-tf path completed: group=4h_L1_momentum_MACD-Hist_21-55-9 src_tf=4h primary_tf=1h native_rows=5086 primary_rows=20342 outputs=1
10:47:21 [INFO] [L6.5] native-tf path completed: group=4h_L1_momentum_MACD-Hist_21-89-13 src_tf=4h primary_tf=1h native_rows=5086 primary_rows=20342 outputs=1
10:47:21 [INFO] [L6.5] native-tf path completed: group=4h_L1_momentum_MACD-Hist_34-144-21 src_tf=4h primary_tf=1h native_rows=5086 primary_rows=20342 outputs=1
10:47:21 [INFO] [L6.5] native-tf path completed: group=4h_L1_momentum_MACD-Hist_34-89-13 src_tf=4h primary_tf=1h native_rows=5086 primary_rows=20342 outputs=1
10:47:21 [INFO] [L6.5] native-tf path completed: group=4h_L1_momentum_MACD-Hist_5-13-3 src_tf=4h primary_tf=1h native_rows=5086 primary_rows=20342 outputs=1
10:47:21 [INFO] [L6.5] native-tf path completed: group=4h_L1_momentum_MACD-Hist_5-21-5 src_tf=4h primary_tf=1h native_rows=5086 primary_rows=20342 outputs=1
10:47:21 [INFO] [L6.5] native-tf path completed: group=4h_L1_momentum_MACD-Hist_55-144-21 src_tf=4h primary_tf=1h native_rows=5086 primary_rows=20342 outputs=1
10:47:21 [INFO] [L6.5] native-tf path completed: group=4h_L1_momentum_MACD-Hist_55-233-34 src_tf=4h primary_tf=1h native_rows=5086 primary_rows=20342 outputs=1
10:47:22 [INFO] [L6.5] native-tf path completed: group=4h_L1_momentum_MACD-Hist_8-21-5 src_tf=4h primary_tf=1h native_rows=5086 primary_rows=20342 outputs=1
10:47:22 [INFO] [L6.5] native-tf path completed: group=4h_L1_momentum_MACD-Hist_8-34-9 src_tf=4h primary_tf=1h native_rows=5086 primary_rows=20342 outputs=1
10:47:22 [INFO] [L6.5] native-tf path completed: group=4h_L1_momentum_MACD-Line_12-26-9 src_tf=4h primary_tf=1h native_rows=5086 primary_rows=20342 outputs=1
10:47:22 [INFO] [L6.5] native-tf path completed: group=4h_L1_momentum_MACD-Line_13-34-9 src_tf=4h primary_tf=1h native_rows=5086 primary_rows=20342 outputs=1
10:47:22 [INFO] [L6.5] native-tf path completed: group=4h_L1_momentum_MACD-Line_13-55-13 src_tf=4h primary_tf=1h native_rows=5086 primary_rows=20342 outputs=1
10:47:22 [INFO] [L6.5] native-tf path completed: group=4h_L1_momentum_MACD-Line_21-55-9 src_tf=4h primary_tf=1h native_rows=5086 primary_rows=20342 outputs=1
10:47:22 [INFO] [L6.5] native-tf path completed: group=4h_L1_momentum_MACD-Line_21-89-13 src_tf=4h primary_tf=1h native_rows=5086 primary_rows=20342 outputs=1
10:47:22 [INFO] [L6.5] native-tf path completed: group=4h_L1_momentum_MACD-Line_34-144-21 src_tf=4h primary_tf=1h native_rows=5086 primary_rows=20342 outputs=1
10:47:22 [INFO] [L6.5] native-tf path completed: group=4h_L1_momentum_MACD-Line_34-89-13 src_tf=4h primary_tf=1h native_rows=5086 primary_rows=20342 outputs=1
10:47:22 [INFO] [L6.5] native-tf path completed: group=4h_L1_momentum_MACD-Line_5-13-3 src_tf=4h primary_tf=1h native_rows=5086 primary_rows=20342 outputs=1
10:47:22 [INFO] [L6.5] raw-sink heartbeat: tasks 356/496 (71.8%), groups 342/482, elapsed=352.4s, rate=1.01/s, ETA=139s, rss=911MB, last=4h_L1_momentum_MACD-Line_5-13-3 (native-tf, parts=1)
10:47:22 [INFO] [L6.5] native-tf path completed: group=4h_L1_momentum_MACD-Line_5-21-5 src_tf=4h primary_tf=1h native_rows=5086 primary_rows=20342 outputs=1
10:47:22 [INFO] [L6.5] native-tf path completed: group=4h_L1_momentum_MACD-Line_55-144-21 src_tf=4h primary_tf=1h native_rows=5086 primary_rows=20342 outputs=1
10:47:23 [INFO] [L6.5] native-tf path completed: group=4h_L1_momentum_MACD-Line_55-233-34 src_tf=4h primary_tf=1h native_rows=5086 primary_rows=20342 outputs=1
10:47:23 [INFO] [L6.5] native-tf path completed: group=4h_L1_momentum_MACD-Line_8-21-5 src_tf=4h primary_tf=1h native_rows=5086 primary_rows=20342 outputs=1
10:47:23 [INFO] [L6.5] native-tf path completed: group=4h_L1_momentum_MACD-Line_8-34-9 src_tf=4h primary_tf=1h native_rows=5086 primary_rows=20342 outputs=1
10:47:23 [INFO] [L6.5] native-tf path completed: group=4h_L1_momentum_MACD-Signal_12-26-9 src_tf=4h primary_tf=1h native_rows=5086 primary_rows=20342 outputs=1
10:47:23 [INFO] [L6.5] native-tf path completed: group=4h_L1_momentum_MACD-Signal_13-34-9 src_tf=4h primary_tf=1h native_rows=5086 primary_rows=20342 outputs=1
10:47:23 [INFO] [L6.5] native-tf path completed: group=4h_L1_momentum_MACD-Signal_13-55-13 src_tf=4h primary_tf=1h native_rows=5086 primary_rows=20342 outputs=1
10:47:23 [INFO] [L6.5] native-tf path completed: group=4h_L1_momentum_MACD-Signal_21-55-9 src_tf=4h primary_tf=1h native_rows=5086 primary_rows=20342 outputs=1
10:47:23 [INFO] [L6.5] native-tf path completed: group=4h_L1_momentum_MACD-Signal_21-89-13 src_tf=4h primary_tf=1h native_rows=5086 primary_rows=20342 outputs=1
10:47:23 [INFO] [L6.5] native-tf path completed: group=4h_L1_momentum_MACD-Signal_34-144-21 src_tf=4h primary_tf=1h native_rows=5086 primary_rows=20342 outputs=1
10:47:23 [INFO] [L6.5] native-tf path completed: group=4h_L1_momentum_MACD-Signal_34-89-13 src_tf=4h primary_tf=1h native_rows=5086 primary_rows=20342 outputs=1
10:47:23 [INFO] [L6.5] native-tf path completed: group=4h_L1_momentum_MACD-Signal_5-13-3 src_tf=4h primary_tf=1h native_rows=5086 primary_rows=20342 outputs=1
10:47:23 [INFO] [L6.5] native-tf path completed: group=4h_L1_momentum_MACD-Signal_5-21-5 src_tf=4h primary_tf=1h native_rows=5086 primary_rows=20342 outputs=1
10:47:24 [INFO] [L6.5] native-tf path completed: group=4h_L1_momentum_MACD-Signal_55-144-21 src_tf=4h primary_tf=1h native_rows=5086 primary_rows=20342 outputs=1
10:47:24 [INFO] [L6.5] native-tf path completed: group=4h_L1_momentum_MACD-Signal_55-233-34 src_tf=4h primary_tf=1h native_rows=5086 primary_rows=20342 outputs=1
10:47:24 [INFO] [L6.5] native-tf path completed: group=4h_L1_momentum_MACD-Signal_8-21-5 src_tf=4h primary_tf=1h native_rows=5086 primary_rows=20342 outputs=1
10:47:24 [INFO] [L6.5] native-tf path completed: group=4h_L1_momentum_MACD-Signal_8-34-9 src_tf=4h primary_tf=1h native_rows=5086 primary_rows=20342 outputs=1
10:47:24 [INFO] [L6.5] native-tf path completed: group=4h_L1_momentum_MACDEXT-Hist_12-26-9 src_tf=4h primary_tf=1h native_rows=5086 primary_rows=20342 outputs=1
10:47:24 [INFO] [L6.5] native-tf path completed: group=4h_L1_momentum_MACDEXT-Hist_13-34-9 src_tf=4h primary_tf=1h native_rows=5086 primary_rows=20342 outputs=1
10:47:24 [INFO] [L6.5] native-tf path completed: group=4h_L1_momentum_MACDEXT-Hist_13-55-13 src_tf=4h primary_tf=1h native_rows=5086 primary_rows=20342 outputs=1
10:47:24 [INFO] [L6.5] native-tf path completed: group=4h_L1_momentum_MACDEXT-Hist_21-55-9 src_tf=4h primary_tf=1h native_rows=5086 primary_rows=20342 outputs=1
10:47:24 [INFO] [L6.5] native-tf path completed: group=4h_L1_momentum_MACDEXT-Hist_21-89-13 src_tf=4h primary_tf=1h native_rows=5086 primary_rows=20342 outputs=1
10:47:24 [INFO] [L6.5] native-tf path completed: group=4h_L1_momentum_MACDEXT-Hist_34-144-21 src_tf=4h primary_tf=1h native_rows=5086 primary_rows=20342 outputs=1
10:47:24 [INFO] [L6.5] raw-sink heartbeat: tasks 380/496 (76.6%), groups 366/482, elapsed=354.4s, rate=1.07/s, ETA=108s, rss=912MB, last=4h_L1_momentum_MACDEXT-Hist_34-144-21 (native-tf, parts=1)
10:47:24 [INFO] [L6.5] native-tf path completed: group=4h_L1_momentum_MACDEXT-Hist_34-89-13 src_tf=4h primary_tf=1h native_rows=5086 primary_rows=20342 outputs=1
10:47:24 [INFO] [L6.5] native-tf path completed: group=4h_L1_momentum_MACDEXT-Hist_5-13-3 src_tf=4h primary_tf=1h native_rows=5086 primary_rows=20342 outputs=1
10:47:25 [INFO] [L6.5] native-tf path completed: group=4h_L1_momentum_MACDEXT-Hist_5-21-5 src_tf=4h primary_tf=1h native_rows=5086 primary_rows=20342 outputs=1
10:47:25 [INFO] [L6.5] native-tf path completed: group=4h_L1_momentum_MACDEXT-Hist_55-144-21 src_tf=4h primary_tf=1h native_rows=5086 primary_rows=20342 outputs=1
10:47:25 [INFO] [L6.5] native-tf path completed: group=4h_L1_momentum_MACDEXT-Hist_55-233-34 src_tf=4h primary_tf=1h native_rows=5086 primary_rows=20342 outputs=1
10:47:25 [INFO] [L6.5] native-tf path completed: group=4h_L1_momentum_MACDEXT-Hist_8-21-5 src_tf=4h primary_tf=1h native_rows=5086 primary_rows=20342 outputs=1
10:47:25 [INFO] [L6.5] native-tf path completed: group=4h_L1_momentum_MACDEXT-Hist_8-34-9 src_tf=4h primary_tf=1h native_rows=5086 primary_rows=20342 outputs=1
10:47:25 [INFO] [L6.5] native-tf path completed: group=4h_L1_momentum_MACDEXT-Line_12-26-9 src_tf=4h primary_tf=1h native_rows=5086 primary_rows=20342 outputs=1
10:47:25 [INFO] [L6.5] native-tf path completed: group=4h_L1_momentum_MACDEXT-Line_13-34-9 src_tf=4h primary_tf=1h native_rows=5086 primary_rows=20342 outputs=1
10:47:25 [INFO] [L6.5] native-tf path completed: group=4h_L1_momentum_MACDEXT-Line_13-55-13 src_tf=4h primary_tf=1h native_rows=5086 primary_rows=20342 outputs=1
10:47:25 [INFO] [L6.5] native-tf path completed: group=4h_L1_momentum_MACDEXT-Line_21-55-9 src_tf=4h primary_tf=1h native_rows=5086 primary_rows=20342 outputs=1
10:47:25 [INFO] [L6.5] native-tf path completed: group=4h_L1_momentum_MACDEXT-Line_21-89-13 src_tf=4h primary_tf=1h native_rows=5086 primary_rows=20342 outputs=1
10:47:25 [INFO] [L6.5] native-tf path completed: group=4h_L1_momentum_MACDEXT-Line_34-144-21 src_tf=4h primary_tf=1h native_rows=5086 primary_rows=20342 outputs=1
10:47:25 [INFO] [L6.5] native-tf path completed: group=4h_L1_momentum_MACDEXT-Line_34-89-13 src_tf=4h primary_tf=1h native_rows=5086 primary_rows=20342 outputs=1
10:47:25 [INFO] [L6.5] native-tf path completed: group=4h_L1_momentum_MACDEXT-Line_5-13-3 src_tf=4h primary_tf=1h native_rows=5086 primary_rows=20342 outputs=1
10:47:26 [INFO] [L6.5] native-tf path completed: group=4h_L1_momentum_MACDEXT-Line_5-21-5 src_tf=4h primary_tf=1h native_rows=5086 primary_rows=20342 outputs=1
10:47:26 [INFO] [L6.5] native-tf path completed: group=4h_L1_momentum_MACDEXT-Line_55-144-21 src_tf=4h primary_tf=1h native_rows=5086 primary_rows=20342 outputs=1
10:47:26 [INFO] [L6.5] native-tf path completed: group=4h_L1_momentum_MACDEXT-Line_55-233-34 src_tf=4h primary_tf=1h native_rows=5086 primary_rows=20342 outputs=1
10:47:26 [INFO] [L6.5] native-tf path completed: group=4h_L1_momentum_MACDEXT-Line_8-21-5 src_tf=4h primary_tf=1h native_rows=5086 primary_rows=20342 outputs=1
10:47:26 [INFO] [L6.5] native-tf path completed: group=4h_L1_momentum_MACDEXT-Line_8-34-9 src_tf=4h primary_tf=1h native_rows=5086 primary_rows=20342 outputs=1
10:47:26 [INFO] [L6.5] native-tf path completed: group=4h_L1_momentum_MACDEXT-Signal_12-26-9 src_tf=4h primary_tf=1h native_rows=5086 primary_rows=20342 outputs=1
10:47:26 [INFO] [L6.5] native-tf path completed: group=4h_L1_momentum_MACDEXT-Signal_13-34-9 src_tf=4h primary_tf=1h native_rows=5086 primary_rows=20342 outputs=1
10:47:26 [INFO] [L6.5] native-tf path completed: group=4h_L1_momentum_MACDEXT-Signal_13-55-13 src_tf=4h primary_tf=1h native_rows=5086 primary_rows=20342 outputs=1
10:47:26 [INFO] [L6.5] native-tf path completed: group=4h_L1_momentum_MACDEXT-Signal_21-55-9 src_tf=4h primary_tf=1h native_rows=5086 primary_rows=20342 outputs=1
10:47:26 [INFO] [L6.5] raw-sink heartbeat: tasks 404/496 (81.5%), groups 390/482, elapsed=356.3s, rate=1.13/s, ETA=81s, rss=912MB, last=4h_L1_momentum_MACDEXT-Signal_21-55-9 (native-tf, parts=1)
10:47:26 [INFO] [L6.5] native-tf path completed: group=4h_L1_momentum_MACDEXT-Signal_21-89-13 src_tf=4h primary_tf=1h native_rows=5086 primary_rows=20342 outputs=1
10:47:26 [INFO] [L6.5] native-tf path completed: group=4h_L1_momentum_MACDEXT-Signal_34-144-21 src_tf=4h primary_tf=1h native_rows=5086 primary_rows=20342 outputs=1
10:47:26 [INFO] [L6.5] native-tf path completed: group=4h_L1_momentum_MACDEXT-Signal_34-89-13 src_tf=4h primary_tf=1h native_rows=5086 primary_rows=20342 outputs=1
10:47:27 [INFO] [L6.5] native-tf path completed: group=4h_L1_momentum_MACDEXT-Signal_5-13-3 src_tf=4h primary_tf=1h native_rows=5086 primary_rows=20342 outputs=1
10:47:27 [INFO] [L6.5] native-tf path completed: group=4h_L1_momentum_MACDEXT-Signal_5-21-5 src_tf=4h primary_tf=1h native_rows=5086 primary_rows=20342 outputs=1
10:47:27 [INFO] [L6.5] native-tf path completed: group=4h_L1_momentum_MACDEXT-Signal_55-144-21 src_tf=4h primary_tf=1h native_rows=5086 primary_rows=20342 outputs=1
10:47:27 [INFO] [L6.5] native-tf path completed: group=4h_L1_momentum_MACDEXT-Signal_55-233-34 src_tf=4h primary_tf=1h native_rows=5086 primary_rows=20342 outputs=1
10:47:27 [INFO] [L6.5] native-tf path completed: group=4h_L1_momentum_MACDEXT-Signal_8-21-5 src_tf=4h primary_tf=1h native_rows=5086 primary_rows=20342 outputs=1
10:47:27 [INFO] [L6.5] native-tf path completed: group=4h_L1_momentum_MACDEXT-Signal_8-34-9 src_tf=4h primary_tf=1h native_rows=5086 primary_rows=20342 outputs=1
10:47:27 [INFO] [L6.5] native-tf path completed: group=4h_L1_momentum_PPO_12-26-0 src_tf=4h primary_tf=1h native_rows=5086 primary_rows=20342 outputs=1
10:47:27 [INFO] [L6.5] native-tf path completed: group=4h_L1_momentum_PPO_13-34-0 src_tf=4h primary_tf=1h native_rows=5086 primary_rows=20342 outputs=1
10:47:27 [INFO] [L6.5] native-tf path completed: group=4h_L1_momentum_PPO_13-55-0 src_tf=4h primary_tf=1h native_rows=5086 primary_rows=20342 outputs=1
10:47:27 [INFO] [L6.5] native-tf path completed: group=4h_L1_momentum_PPO_21-55-0 src_tf=4h primary_tf=1h native_rows=5086 primary_rows=20342 outputs=1
10:47:27 [INFO] [L6.5] native-tf path completed: group=4h_L1_momentum_PPO_21-89-0 src_tf=4h primary_tf=1h native_rows=5086 primary_rows=20342 outputs=1
10:47:27 [INFO] [L6.5] native-tf path completed: group=4h_L1_momentum_PPO_34-144-0 src_tf=4h primary_tf=1h native_rows=5086 primary_rows=20342 outputs=1
10:47:28 [INFO] [L6.5] native-tf path completed: group=4h_L1_momentum_PPO_34-89-0 src_tf=4h primary_tf=1h native_rows=5086 primary_rows=20342 outputs=1
10:47:28 [INFO] [L6.5] native-tf path completed: group=4h_L1_momentum_PPO_5-13-0 src_tf=4h primary_tf=1h native_rows=5086 primary_rows=20342 outputs=1
10:47:28 [INFO] [L6.5] native-tf path completed: group=4h_L1_momentum_PPO_5-21-0 src_tf=4h primary_tf=1h native_rows=5086 primary_rows=20342 outputs=1
10:47:28 [INFO] [L6.5] native-tf path completed: group=4h_L1_momentum_PPO_55-144-0 src_tf=4h primary_tf=1h native_rows=5086 primary_rows=20342 outputs=1
10:47:28 [INFO] [L6.5] native-tf path completed: group=4h_L1_momentum_PPO_55-233-0 src_tf=4h primary_tf=1h native_rows=5086 primary_rows=20342 outputs=1
10:47:28 [INFO] [L6.5] native-tf path completed: group=4h_L1_momentum_PPO_8-21-0 src_tf=4h primary_tf=1h native_rows=5086 primary_rows=20342 outputs=1
10:47:28 [INFO] [L6.5] native-tf path completed: group=4h_L1_momentum_PPO_8-34-0 src_tf=4h primary_tf=1h native_rows=5086 primary_rows=20342 outputs=1
10:47:28 [INFO] [L6.5] native-tf path completed: group=4h_L1_momentum_STOCHRSI-fastd_14-3-3-0 src_tf=4h primary_tf=1h native_rows=5086 primary_rows=20342 outputs=1
10:47:28 [INFO] [L6.5] native-tf path completed: group=4h_L1_momentum_STOCHRSI-fastd_14-5-3-0 src_tf=4h primary_tf=1h native_rows=5086 primary_rows=20342 outputs=1
10:47:28 [INFO] [L6.5] raw-sink heartbeat: tasks 428/496 (86.3%), groups 414/482, elapsed=358.3s, rate=1.19/s, ETA=57s, rss=912MB, last=4h_L1_momentum_STOCHRSI-fastd_14-5-3-0 (native-tf, parts=1)
10:47:28 [INFO] [L6.5] native-tf path completed: group=4h_L1_momentum_STOCHRSI-fastd_21-5-3-0 src_tf=4h primary_tf=1h native_rows=5086 primary_rows=20342 outputs=1
10:47:28 [INFO] [L6.5] native-tf path completed: group=4h_L1_momentum_STOCHRSI-fastd_21-8-5-0 src_tf=4h primary_tf=1h native_rows=5086 primary_rows=20342 outputs=1
10:47:28 [INFO] [L6.5] native-tf path completed: group=4h_L1_momentum_STOCHRSI-fastd_34-8-5-0 src_tf=4h primary_tf=1h native_rows=5086 primary_rows=20342 outputs=1
10:47:29 [INFO] [L6.5] native-tf path completed: group=4h_L1_momentum_STOCHRSI-fastd_55-8-5-0 src_tf=4h primary_tf=1h native_rows=5086 primary_rows=20342 outputs=1
10:47:29 [INFO] [L6.5] native-tf path completed: group=4h_L1_momentum_STOCHRSI-fastd_9-5-3-0 src_tf=4h primary_tf=1h native_rows=5086 primary_rows=20342 outputs=1
10:47:29 [INFO] [L6.5] native-tf path completed: group=4h_L1_momentum_STOCHRSI-fastk_14-3-3-0 src_tf=4h primary_tf=1h native_rows=5086 primary_rows=20342 outputs=1
10:47:29 [INFO] [L6.5] native-tf path completed: group=4h_L1_momentum_STOCHRSI-fastk_14-5-3-0 src_tf=4h primary_tf=1h native_rows=5086 primary_rows=20342 outputs=1
10:47:29 [INFO] [L6.5] native-tf path completed: group=4h_L1_momentum_STOCHRSI-fastk_21-5-3-0 src_tf=4h primary_tf=1h native_rows=5086 primary_rows=20342 outputs=1
10:47:29 [INFO] [L6.5] native-tf path completed: group=4h_L1_momentum_STOCHRSI-fastk_21-8-5-0 src_tf=4h primary_tf=1h native_rows=5086 primary_rows=20342 outputs=1
10:47:29 [INFO] [L6.5] native-tf path completed: group=4h_L1_momentum_STOCHRSI-fastk_34-8-5-0 src_tf=4h primary_tf=1h native_rows=5086 primary_rows=20342 outputs=1
10:47:29 [INFO] [L6.5] native-tf path completed: group=4h_L1_momentum_STOCHRSI-fastk_55-8-5-0 src_tf=4h primary_tf=1h native_rows=5086 primary_rows=20342 outputs=1
10:47:29 [INFO] [L6.5] native-tf path completed: group=4h_L1_momentum_STOCHRSI-fastk_9-5-3-0 src_tf=4h primary_tf=1h native_rows=5086 primary_rows=20342 outputs=1
10:47:29 [INFO] [L6.5] native-tf path completed: group=4h_L1_trend_HT-TRENDLINE src_tf=4h primary_tf=1h native_rows=5086 primary_rows=20342 outputs=1
10:47:29 [INFO] [L6.5] native-tf path completed: group=4h_L1_trend_MAMA-FAMA_0.5-0.05 src_tf=4h primary_tf=1h native_rows=5086 primary_rows=20342 outputs=1
10:47:29 [INFO] [L6.5] native-tf path completed: group=4h_L1_trend_MAMA_0.5-0.05 src_tf=4h primary_tf=1h native_rows=5086 primary_rows=20342 outputs=1
10:47:30 [INFO] [L6.5] native-tf path completed: group=4h_L1_momentum_BOP src_tf=4h primary_tf=1h native_rows=5086 primary_rows=20342 outputs=1
10:47:30 [INFO] [L6.5] native-tf path completed: group=4h_L1_momentum_STOCH-slowd_13-3-0-3-0 src_tf=4h primary_tf=1h native_rows=5086 primary_rows=20342 outputs=1
10:47:30 [INFO] [L6.5] native-tf path completed: group=4h_L1_momentum_STOCH-slowd_13-5-0-3-0 src_tf=4h primary_tf=1h native_rows=5086 primary_rows=20342 outputs=1
10:47:30 [INFO] [L6.5] native-tf path completed: group=4h_L1_momentum_STOCH-slowd_21-3-0-3-0 src_tf=4h primary_tf=1h native_rows=5086 primary_rows=20342 outputs=1
10:47:30 [INFO] [L6.5] native-tf path completed: group=4h_L1_momentum_STOCH-slowd_21-5-0-3-0 src_tf=4h primary_tf=1h native_rows=5086 primary_rows=20342 outputs=1
10:47:30 [INFO] [L6.5] native-tf path completed: group=4h_L1_momentum_STOCH-slowd_21-5-0-5-0 src_tf=4h primary_tf=1h native_rows=5086 primary_rows=20342 outputs=1
10:47:30 [INFO] [L6.5] native-tf path completed: group=4h_L1_momentum_STOCH-slowd_34-5-0-3-0 src_tf=4h primary_tf=1h native_rows=5086 primary_rows=20342 outputs=1
10:47:30 [INFO] [L6.5] native-tf path completed: group=4h_L1_momentum_STOCH-slowd_34-5-0-5-0 src_tf=4h primary_tf=1h native_rows=5086 primary_rows=20342 outputs=1
10:47:30 [INFO] [L6.5] native-tf path completed: group=4h_L1_momentum_STOCH-slowd_5-3-0-3-0 src_tf=4h primary_tf=1h native_rows=5086 primary_rows=20342 outputs=1
10:47:30 [INFO] [L6.5] raw-sink heartbeat: tasks 452/496 (91.1%), groups 438/482, elapsed=360.3s, rate=1.25/s, ETA=35s, rss=912MB, last=4h_L1_momentum_STOCH-slowd_5-3-0-3-0 (native-tf, parts=1)
10:47:30 [INFO] [L6.5] native-tf path completed: group=4h_L1_momentum_STOCH-slowd_55-5-0-5-0 src_tf=4h primary_tf=1h native_rows=5086 primary_rows=20342 outputs=1
10:47:30 [INFO] [L6.5] native-tf path completed: group=4h_L1_momentum_STOCH-slowd_55-8-0-5-0 src_tf=4h primary_tf=1h native_rows=5086 primary_rows=20342 outputs=1
10:47:30 [INFO] [L6.5] native-tf path completed: group=4h_L1_momentum_STOCH-slowd_8-3-0-3-0 src_tf=4h primary_tf=1h native_rows=5086 primary_rows=20342 outputs=1
10:47:30 [INFO] [L6.5] native-tf path completed: group=4h_L1_momentum_STOCH-slowd_89-8-0-5-0 src_tf=4h primary_tf=1h native_rows=5086 primary_rows=20342 outputs=1
10:47:31 [INFO] [L6.5] native-tf path completed: group=4h_L1_momentum_STOCH-slowk_13-3-0-3-0 src_tf=4h primary_tf=1h native_rows=5086 primary_rows=20342 outputs=1
10:47:31 [INFO] [L6.5] native-tf path completed: group=4h_L1_momentum_STOCH-slowk_13-5-0-3-0 src_tf=4h primary_tf=1h native_rows=5086 primary_rows=20342 outputs=1
10:47:31 [INFO] [L6.5] native-tf path completed: group=4h_L1_momentum_STOCH-slowk_21-3-0-3-0 src_tf=4h primary_tf=1h native_rows=5086 primary_rows=20342 outputs=1
10:47:31 [INFO] [L6.5] native-tf path completed: group=4h_L1_momentum_STOCH-slowk_21-5-0-3-0 src_tf=4h primary_tf=1h native_rows=5086 primary_rows=20342 outputs=1
10:47:31 [INFO] [L6.5] native-tf path completed: group=4h_L1_momentum_STOCH-slowk_21-5-0-5-0 src_tf=4h primary_tf=1h native_rows=5086 primary_rows=20342 outputs=1
10:47:31 [INFO] [L6.5] native-tf path completed: group=4h_L1_momentum_STOCH-slowk_34-5-0-3-0 src_tf=4h primary_tf=1h native_rows=5086 primary_rows=20342 outputs=1
10:47:31 [INFO] [L6.5] native-tf path completed: group=4h_L1_momentum_STOCH-slowk_34-5-0-5-0 src_tf=4h primary_tf=1h native_rows=5086 primary_rows=20342 outputs=1
10:47:31 [INFO] [L6.5] native-tf path completed: group=4h_L1_momentum_STOCH-slowk_5-3-0-3-0 src_tf=4h primary_tf=1h native_rows=5086 primary_rows=20342 outputs=1
10:47:31 [INFO] [L6.5] native-tf path completed: group=4h_L1_momentum_STOCH-slowk_55-5-0-5-0 src_tf=4h primary_tf=1h native_rows=5086 primary_rows=20342 outputs=1
10:47:31 [INFO] [L6.5] native-tf path completed: group=4h_L1_momentum_STOCH-slowk_55-8-0-5-0 src_tf=4h primary_tf=1h native_rows=5086 primary_rows=20342 outputs=1
10:47:31 [INFO] [L6.5] native-tf path completed: group=4h_L1_momentum_STOCH-slowk_8-3-0-3-0 src_tf=4h primary_tf=1h native_rows=5086 primary_rows=20342 outputs=1
10:47:31 [INFO] [L6.5] native-tf path completed: group=4h_L1_momentum_STOCH-slowk_89-8-0-5-0 src_tf=4h primary_tf=1h native_rows=5086 primary_rows=20342 outputs=1
10:47:32 [INFO] [L6.5] native-tf path completed: group=4h_L1_momentum_STOCHF-fastd_13-3-0 src_tf=4h primary_tf=1h native_rows=5086 primary_rows=20342 outputs=1
10:47:32 [INFO] [L6.5] native-tf path completed: group=4h_L1_momentum_STOCHF-fastd_21-3-0 src_tf=4h primary_tf=1h native_rows=5086 primary_rows=20342 outputs=1
10:47:32 [INFO] [L6.5] native-tf path completed: group=4h_L1_momentum_STOCHF-fastd_21-5-0 src_tf=4h primary_tf=1h native_rows=5086 primary_rows=20342 outputs=1
10:47:32 [INFO] [L6.5] native-tf path completed: group=4h_L1_momentum_STOCHF-fastd_34-5-0 src_tf=4h primary_tf=1h native_rows=5086 primary_rows=20342 outputs=1
10:47:32 [INFO] [L6.5] native-tf path completed: group=4h_L1_momentum_STOCHF-fastd_5-3-0 src_tf=4h primary_tf=1h native_rows=5086 primary_rows=20342 outputs=1
10:47:32 [INFO] [L6.5] native-tf path completed: group=4h_L1_momentum_STOCHF-fastd_55-5-0 src_tf=4h primary_tf=1h native_rows=5086 primary_rows=20342 outputs=1
10:47:32 [INFO] [L6.5] native-tf path completed: group=4h_L1_momentum_STOCHF-fastd_8-3-0 src_tf=4h primary_tf=1h native_rows=5086 primary_rows=20342 outputs=1
10:47:32 [INFO] [L6.5] native-tf path completed: group=4h_L1_momentum_STOCHF-fastd_89-8-0 src_tf=4h primary_tf=1h native_rows=5086 primary_rows=20342 outputs=1
10:47:32 [INFO] [L6.5] raw-sink heartbeat: tasks 476/496 (96.0%), groups 462/482, elapsed=362.2s, rate=1.31/s, ETA=15s, rss=912MB, last=4h_L1_momentum_STOCHF-fastd_89-8-0 (native-tf, parts=1)
10:47:32 [INFO] [L6.5] native-tf path completed: group=4h_L1_momentum_STOCHF-fastk_13-3-0 src_tf=4h primary_tf=1h native_rows=5086 primary_rows=20342 outputs=1
10:47:32 [INFO] [L6.5] native-tf path completed: group=4h_L1_momentum_STOCHF-fastk_21-3-0 src_tf=4h primary_tf=1h native_rows=5086 primary_rows=20342 outputs=1
10:47:32 [INFO] [L6.5] native-tf path completed: group=4h_L1_momentum_STOCHF-fastk_21-5-0 src_tf=4h primary_tf=1h native_rows=5086 primary_rows=20342 outputs=1
10:47:32 [INFO] [L6.5] native-tf path completed: group=4h_L1_momentum_STOCHF-fastk_34-5-0 src_tf=4h primary_tf=1h native_rows=5086 primary_rows=20342 outputs=1
10:47:32 [INFO] [L6.5] native-tf path completed: group=4h_L1_momentum_STOCHF-fastk_5-3-0 src_tf=4h primary_tf=1h native_rows=5086 primary_rows=20342 outputs=1
10:47:33 [INFO] [L6.5] native-tf path completed: group=4h_L1_momentum_STOCHF-fastk_55-5-0 src_tf=4h primary_tf=1h native_rows=5086 primary_rows=20342 outputs=1
10:47:33 [INFO] [L6.5] native-tf path completed: group=4h_L1_momentum_STOCHF-fastk_8-3-0 src_tf=4h primary_tf=1h native_rows=5086 primary_rows=20342 outputs=1
10:47:33 [INFO] [L6.5] native-tf path completed: group=4h_L1_momentum_STOCHF-fastk_89-8-0 src_tf=4h primary_tf=1h native_rows=5086 primary_rows=20342 outputs=1
10:47:33 [INFO] [L6.5] native-tf path completed: group=4h_L1_momentum_ULTOSC_13-21-55 src_tf=4h primary_tf=1h native_rows=5086 primary_rows=20342 outputs=1
10:47:33 [INFO] [L6.5] native-tf path completed: group=4h_L1_momentum_ULTOSC_13-34-89 src_tf=4h primary_tf=1h native_rows=5086 primary_rows=20342 outputs=1
10:47:33 [INFO] [L6.5] native-tf path completed: group=4h_L1_momentum_ULTOSC_21-34-89 src_tf=4h primary_tf=1h native_rows=5086 primary_rows=20342 outputs=1
10:47:33 [INFO] [L6.5] native-tf path completed: group=4h_L1_momentum_ULTOSC_21-55-144 src_tf=4h primary_tf=1h native_rows=5086 primary_rows=20342 outputs=1
10:47:33 [INFO] [L6.5] native-tf path completed: group=4h_L1_momentum_ULTOSC_34-55-144 src_tf=4h primary_tf=1h native_rows=5086 primary_rows=20342 outputs=1
10:47:33 [INFO] [L6.5] native-tf path completed: group=4h_L1_momentum_ULTOSC_34-89-233 src_tf=4h primary_tf=1h native_rows=5086 primary_rows=20342 outputs=1
10:47:33 [INFO] [L6.5] native-tf path completed: group=4h_L1_momentum_ULTOSC_5-10-20 src_tf=4h primary_tf=1h native_rows=5086 primary_rows=20342 outputs=1
10:47:33 [INFO] [L6.5] native-tf path completed: group=4h_L1_momentum_ULTOSC_5-13-26 src_tf=4h primary_tf=1h native_rows=5086 primary_rows=20342 outputs=1
10:47:33 [INFO] [L6.5] native-tf path completed: group=4h_L1_momentum_ULTOSC_7-14-28 src_tf=4h primary_tf=1h native_rows=5086 primary_rows=20342 outputs=1
10:47:34 [INFO] [L6.5] native-tf path completed: group=4h_L1_momentum_ULTOSC_8-21-55 src_tf=4h primary_tf=1h native_rows=5086 primary_rows=20342 outputs=1
10:47:34 [INFO] [L6.5] native-tf path completed: group=4h_L1_trend_SAREXT_0-0-0.02-0.02-0.2-0.02-0.02-0.2 src_tf=4h primary_tf=1h native_rows=5086 primary_rows=20342 outputs=1
10:47:34 [INFO] [L6.5] native-tf path completed: group=4h_L1_trend_SAR_0.02-0.2 src_tf=4h primary_tf=1h native_rows=5086 primary_rows=20342 outputs=1
10:47:34 [INFO] [L6.5] raw-sink heartbeat: tasks 496/496 (100.0%), groups 482/482, elapsed=363.8s, rate=1.36/s, ETA=0s, rss=912MB, last=4h_L1_trend_SAR_0.02-0.2 (native-tf, parts=1)
10:47:34 [INFO] [L6.5] raw-sink complete: 482/482 groups in 363.89s rss=912MB
10:47:34 [INFO] [Layer B Sanitize][CGSA] nulled 4539885 non-finite/over-cap values (finite_cap=1e+18) across all streamed features
10:47:35 [INFO] [L7_raw] registry stream persist done: symbol=BTCUSDT tf=1h groups=490 features=75416 npy_freed=3.57 GiB dtype=mixed
10:47:35 [INFO] Loaded feature registry with 34 entries
10:47:35 [INFO] [multi_tf:complete] 100% - [CGSA] MultiTF generation completed (509.80s)
PASSED                                                                   [ 50%]
tests/feature_engineering/test_ff_multitf_truncation_small_mr.py::test_small_c3_multitf_tail_perturbation_prefix_invariant 
-------------------------------- live log call ---------------------------------
10:47:58 [INFO] KlineStorageManager initialized: data_cache/feature_klines/kline_cache.h5
10:47:58 [INFO] Registered adapter: crypto_spot
10:47:58 [WARNING] STOCH combo [5, 3, 3] is missing 2 parameter(s); using defaults slowk=3 slowd=3 slowk_matype=0 slowd_matype=0
10:47:58 [WARNING] STOCH combo [8, 3, 3] is missing 2 parameter(s); using defaults slowk=3 slowd=3 slowk_matype=0 slowd_matype=0
10:47:58 [WARNING] STOCH combo [13, 3, 3] is missing 2 parameter(s); using defaults slowk=3 slowd=3 slowk_matype=0 slowd_matype=0
10:47:58 [WARNING] STOCH combo [13, 5, 3] is missing 2 parameter(s); using defaults slowk=5 slowd=3 slowk_matype=0 slowd_matype=0
10:47:58 [WARNING] STOCH combo [21, 3, 3] is missing 2 parameter(s); using defaults slowk=3 slowd=3 slowk_matype=0 slowd_matype=0
10:47:58 [WARNING] STOCH combo [21, 5, 3] is missing 2 parameter(s); using defaults slowk=5 slowd=3 slowk_matype=0 slowd_matype=0
10:47:58 [WARNING] STOCH combo [21, 5, 5] is missing 2 parameter(s); using defaults slowk=5 slowd=5 slowk_matype=0 slowd_matype=0
10:47:58 [WARNING] STOCH combo [34, 5, 3] is missing 2 parameter(s); using defaults slowk=5 slowd=3 slowk_matype=0 slowd_matype=0
10:47:58 [WARNING] STOCH combo [34, 5, 5] is missing 2 parameter(s); using defaults slowk=5 slowd=5 slowk_matype=0 slowd_matype=0
10:47:58 [WARNING] STOCH combo [55, 5, 5] is missing 2 parameter(s); using defaults slowk=5 slowd=5 slowk_matype=0 slowd_matype=0
10:47:58 [WARNING] STOCH combo [55, 8, 5] is missing 2 parameter(s); using defaults slowk=8 slowd=5 slowk_matype=0 slowd_matype=0
10:47:58 [WARNING] STOCH combo [89, 8, 5] is missing 2 parameter(s); using defaults slowk=8 slowd=5 slowk_matype=0 slowd_matype=0
10:47:58 [WARNING] STOCHF combo [5, 3] is missing 1 parameter(s); using defaults fastd_period=3 fastd_matype=0
10:47:58 [WARNING] STOCHF combo [8, 3] is missing 1 parameter(s); using defaults fastd_period=3 fastd_matype=0
10:47:58 [WARNING] STOCHF combo [13, 3] is missing 1 parameter(s); using defaults fastd_period=3 fastd_matype=0
10:47:58 [WARNING] STOCHF combo [21, 3] is missing 1 parameter(s); using defaults fastd_period=3 fastd_matype=0
10:47:58 [WARNING] STOCHF combo [21, 5] is missing 1 parameter(s); using defaults fastd_period=5 fastd_matype=0
10:47:58 [WARNING] STOCHF combo [34, 5] is missing 1 parameter(s); using defaults fastd_period=5 fastd_matype=0
10:47:58 [WARNING] STOCHF combo [55, 5] is missing 1 parameter(s); using defaults fastd_period=5 fastd_matype=0
10:47:58 [WARNING] STOCHF combo [89, 8] is missing 1 parameter(s); using defaults fastd_period=8 fastd_matype=0
10:47:58 [WARNING] STOCHRSI combo [9, 5, 3] is missing 1 parameter(s); using defaults fastk_period=5 fastd_period=3 fastd_matype=0
10:47:58 [WARNING] STOCHRSI combo [14, 5, 3] is missing 1 parameter(s); using defaults fastk_period=5 fastd_period=3 fastd_matype=0
10:47:58 [WARNING] STOCHRSI combo [14, 3, 3] is missing 1 parameter(s); using defaults fastk_period=3 fastd_period=3 fastd_matype=0
10:47:58 [WARNING] STOCHRSI combo [21, 5, 3] is missing 1 parameter(s); using defaults fastk_period=5 fastd_period=3 fastd_matype=0
10:47:58 [WARNING] STOCHRSI combo [21, 8, 5] is missing 1 parameter(s); using defaults fastk_period=8 fastd_period=5 fastd_matype=0
10:47:58 [WARNING] STOCHRSI combo [34, 8, 5] is missing 1 parameter(s); using defaults fastk_period=8 fastd_period=5 fastd_matype=0
10:47:58 [WARNING] STOCHRSI combo [55, 8, 5] is missing 1 parameter(s); using defaults fastk_period=8 fastd_period=5 fastd_matype=0
10:47:58 [WARNING] STOCH combo [5, 3, 3] is missing 2 parameter(s); using defaults slowk=3 slowd=3 slowk_matype=0 slowd_matype=0
10:47:58 [WARNING] STOCH combo [8, 3, 3] is missing 2 parameter(s); using defaults slowk=3 slowd=3 slowk_matype=0 slowd_matype=0
10:47:58 [WARNING] STOCH combo [13, 3, 3] is missing 2 parameter(s); using defaults slowk=3 slowd=3 slowk_matype=0 slowd_matype=0
10:47:58 [WARNING] STOCH combo [13, 5, 3] is missing 2 parameter(s); using defaults slowk=5 slowd=3 slowk_matype=0 slowd_matype=0
10:47:58 [WARNING] STOCH combo [21, 3, 3] is missing 2 parameter(s); using defaults slowk=3 slowd=3 slowk_matype=0 slowd_matype=0
10:47:58 [WARNING] STOCH combo [21, 5, 3] is missing 2 parameter(s); using defaults slowk=5 slowd=3 slowk_matype=0 slowd_matype=0
10:47:58 [WARNING] STOCH combo [21, 5, 5] is missing 2 parameter(s); using defaults slowk=5 slowd=5 slowk_matype=0 slowd_matype=0
10:47:58 [WARNING] STOCH combo [34, 5, 3] is missing 2 parameter(s); using defaults slowk=5 slowd=3 slowk_matype=0 slowd_matype=0
10:47:58 [WARNING] STOCH combo [34, 5, 5] is missing 2 parameter(s); using defaults slowk=5 slowd=5 slowk_matype=0 slowd_matype=0
10:47:58 [WARNING] STOCH combo [55, 5, 5] is missing 2 parameter(s); using defaults slowk=5 slowd=5 slowk_matype=0 slowd_matype=0
10:47:58 [WARNING] STOCH combo [55, 8, 5] is missing 2 parameter(s); using defaults slowk=8 slowd=5 slowk_matype=0 slowd_matype=0
10:47:58 [WARNING] STOCH combo [89, 8, 5] is missing 2 parameter(s); using defaults slowk=8 slowd=5 slowk_matype=0 slowd_matype=0
10:47:58 [WARNING] STOCHF combo [5, 3] is missing 1 parameter(s); using defaults fastd_period=3 fastd_matype=0
10:47:58 [WARNING] STOCHF combo [8, 3] is missing 1 parameter(s); using defaults fastd_period=3 fastd_matype=0
10:47:58 [WARNING] STOCHF combo [13, 3] is missing 1 parameter(s); using defaults fastd_period=3 fastd_matype=0
10:47:58 [WARNING] STOCHF combo [21, 3] is missing 1 parameter(s); using defaults fastd_period=3 fastd_matype=0
10:47:58 [WARNING] STOCHF combo [21, 5] is missing 1 parameter(s); using defaults fastd_period=5 fastd_matype=0
10:47:58 [WARNING] STOCHF combo [34, 5] is missing 1 parameter(s); using defaults fastd_period=5 fastd_matype=0
10:47:58 [WARNING] STOCHF combo [55, 5] is missing 1 parameter(s); using defaults fastd_period=5 fastd_matype=0
10:47:58 [WARNING] STOCHF combo [89, 8] is missing 1 parameter(s); using defaults fastd_period=8 fastd_matype=0
10:47:58 [WARNING] STOCHRSI combo [9, 5, 3] is missing 1 parameter(s); using defaults fastk_period=5 fastd_period=3 fastd_matype=0
10:47:58 [WARNING] STOCHRSI combo [14, 5, 3] is missing 1 parameter(s); using defaults fastk_period=5 fastd_period=3 fastd_matype=0
10:47:58 [WARNING] STOCHRSI combo [14, 3, 3] is missing 1 parameter(s); using defaults fastk_period=3 fastd_period=3 fastd_matype=0
10:47:58 [WARNING] STOCHRSI combo [21, 5, 3] is missing 1 parameter(s); using defaults fastk_period=5 fastd_period=3 fastd_matype=0
10:47:58 [WARNING] STOCHRSI combo [21, 8, 5] is missing 1 parameter(s); using defaults fastk_period=8 fastd_period=5 fastd_matype=0
10:47:58 [WARNING] STOCHRSI combo [34, 8, 5] is missing 1 parameter(s); using defaults fastk_period=8 fastd_period=5 fastd_matype=0
10:47:58 [WARNING] STOCHRSI combo [55, 8, 5] is missing 1 parameter(s); using defaults fastk_period=8 fastd_period=5 fastd_matype=0
10:47:58 [WARNING] STOCH combo [5, 3, 3] is missing 2 parameter(s); using defaults slowk=3 slowd=3 slowk_matype=0 slowd_matype=0
10:47:58 [WARNING] STOCH combo [8, 3, 3] is missing 2 parameter(s); using defaults slowk=3 slowd=3 slowk_matype=0 slowd_matype=0
10:47:58 [WARNING] STOCH combo [13, 3, 3] is missing 2 parameter(s); using defaults slowk=3 slowd=3 slowk_matype=0 slowd_matype=0
10:47:58 [WARNING] STOCH combo [13, 5, 3] is missing 2 parameter(s); using defaults slowk=5 slowd=3 slowk_matype=0 slowd_matype=0
10:47:58 [WARNING] STOCH combo [21, 3, 3] is missing 2 parameter(s); using defaults slowk=3 slowd=3 slowk_matype=0 slowd_matype=0
10:47:58 [WARNING] STOCH combo [21, 5, 3] is missing 2 parameter(s); using defaults slowk=5 slowd=3 slowk_matype=0 slowd_matype=0
10:47:58 [WARNING] STOCH combo [21, 5, 5] is missing 2 parameter(s); using defaults slowk=5 slowd=5 slowk_matype=0 slowd_matype=0
10:47:58 [WARNING] STOCH combo [34, 5, 3] is missing 2 parameter(s); using defaults slowk=5 slowd=3 slowk_matype=0 slowd_matype=0
10:47:58 [WARNING] STOCH combo [34, 5, 5] is missing 2 parameter(s); using defaults slowk=5 slowd=5 slowk_matype=0 slowd_matype=0
10:47:58 [WARNING] STOCH combo [55, 5, 5] is missing 2 parameter(s); using defaults slowk=5 slowd=5 slowk_matype=0 slowd_matype=0
10:47:58 [WARNING] STOCH combo [55, 8, 5] is missing 2 parameter(s); using defaults slowk=8 slowd=5 slowk_matype=0 slowd_matype=0
10:47:58 [WARNING] STOCH combo [89, 8, 5] is missing 2 parameter(s); using defaults slowk=8 slowd=5 slowk_matype=0 slowd_matype=0
10:47:58 [WARNING] STOCHF combo [5, 3] is missing 1 parameter(s); using defaults fastd_period=3 fastd_matype=0
10:47:58 [WARNING] STOCHF combo [8, 3] is missing 1 parameter(s); using defaults fastd_period=3 fastd_matype=0
10:47:58 [WARNING] STOCHF combo [13, 3] is missing 1 parameter(s); using defaults fastd_period=3 fastd_matype=0
10:47:58 [WARNING] STOCHF combo [21, 3] is missing 1 parameter(s); using defaults fastd_period=3 fastd_matype=0
10:47:58 [WARNING] STOCHF combo [21, 5] is missing 1 parameter(s); using defaults fastd_period=5 fastd_matype=0
10:47:58 [WARNING] STOCHF combo [34, 5] is missing 1 parameter(s); using defaults fastd_period=5 fastd_matype=0
10:47:58 [WARNING] STOCHF combo [55, 5] is missing 1 parameter(s); using defaults fastd_period=5 fastd_matype=0
10:47:58 [WARNING] STOCHF combo [89, 8] is missing 1 parameter(s); using defaults fastd_period=8 fastd_matype=0
10:47:58 [WARNING] STOCHRSI combo [9, 5, 3] is missing 1 parameter(s); using defaults fastk_period=5 fastd_period=3 fastd_matype=0
10:47:58 [WARNING] STOCHRSI combo [14, 5, 3] is missing 1 parameter(s); using defaults fastk_period=5 fastd_period=3 fastd_matype=0
10:47:58 [WARNING] STOCHRSI combo [14, 3, 3] is missing 1 parameter(s); using defaults fastk_period=3 fastd_period=3 fastd_matype=0
10:47:58 [WARNING] STOCHRSI combo [21, 5, 3] is missing 1 parameter(s); using defaults fastk_period=5 fastd_period=3 fastd_matype=0
10:47:58 [WARNING] STOCHRSI combo [21, 8, 5] is missing 1 parameter(s); using defaults fastk_period=8 fastd_period=5 fastd_matype=0
10:47:58 [WARNING] STOCHRSI combo [34, 8, 5] is missing 1 parameter(s); using defaults fastk_period=8 fastd_period=5 fastd_matype=0
10:47:58 [WARNING] STOCHRSI combo [55, 8, 5] is missing 1 parameter(s); using defaults fastk_period=8 fastd_period=5 fastd_matype=0
10:47:58 [INFO] Fetching spot data: BTCUSDT/1h
10:47:58 [INFO] Read 20352 klines from BTCUSDT/1h in 0.008s
10:47:58 [INFO] Aligned data for BTCUSDT/1h: 20352 rows, 5 columns
10:47:58 [INFO] Fetching spot data: BTCUSDT/4h
10:47:58 [INFO] Read 5088 klines from BTCUSDT/4h in 0.003s
10:47:58 [INFO] Aligned data for BTCUSDT/4h: 5088 rows, 5 columns
10:47:58 [INFO] [Layer 1] 0% - Starting Layer 1...
10:47:58 [INFO] Layer 1 starting, rss=677MB
10:47:58 [WARNING] STOCH combo [5, 3, 3] is missing 2 parameter(s); using defaults slowk=3 slowd=3 slowk_matype=0 slowd_matype=0
10:47:58 [WARNING] STOCH combo [8, 3, 3] is missing 2 parameter(s); using defaults slowk=3 slowd=3 slowk_matype=0 slowd_matype=0
10:47:58 [WARNING] STOCH combo [13, 3, 3] is missing 2 parameter(s); using defaults slowk=3 slowd=3 slowk_matype=0 slowd_matype=0
10:47:58 [WARNING] STOCH combo [13, 5, 3] is missing 2 parameter(s); using defaults slowk=5 slowd=3 slowk_matype=0 slowd_matype=0
10:47:58 [WARNING] STOCH combo [21, 3, 3] is missing 2 parameter(s); using defaults slowk=3 slowd=3 slowk_matype=0 slowd_matype=0
10:47:58 [WARNING] STOCH combo [21, 5, 3] is missing 2 parameter(s); using defaults slowk=5 slowd=3 slowk_matype=0 slowd_matype=0
10:47:58 [WARNING] STOCH combo [21, 5, 5] is missing 2 parameter(s); using defaults slowk=5 slowd=5 slowk_matype=0 slowd_matype=0
10:47:58 [WARNING] STOCH combo [34, 5, 3] is missing 2 parameter(s); using defaults slowk=5 slowd=3 slowk_matype=0 slowd_matype=0
10:47:58 [WARNING] STOCH combo [34, 5, 5] is missing 2 parameter(s); using defaults slowk=5 slowd=5 slowk_matype=0 slowd_matype=0
10:47:58 [WARNING] STOCH combo [55, 5, 5] is missing 2 parameter(s); using defaults slowk=5 slowd=5 slowk_matype=0 slowd_matype=0
10:47:58 [WARNING] STOCH combo [55, 8, 5] is missing 2 parameter(s); using defaults slowk=8 slowd=5 slowk_matype=0 slowd_matype=0
10:47:58 [WARNING] STOCH combo [89, 8, 5] is missing 2 parameter(s); using defaults slowk=8 slowd=5 slowk_matype=0 slowd_matype=0
10:47:58 [WARNING] STOCHF combo [5, 3] is missing 1 parameter(s); using defaults fastd_period=3 fastd_matype=0
10:47:58 [WARNING] STOCHF combo [8, 3] is missing 1 parameter(s); using defaults fastd_period=3 fastd_matype=0
10:47:58 [WARNING] STOCHF combo [13, 3] is missing 1 parameter(s); using defaults fastd_period=3 fastd_matype=0
10:47:58 [WARNING] STOCHF combo [21, 3] is missing 1 parameter(s); using defaults fastd_period=3 fastd_matype=0
10:47:58 [WARNING] STOCHF combo [21, 5] is missing 1 parameter(s); using defaults fastd_period=5 fastd_matype=0
10:47:58 [WARNING] STOCHF combo [34, 5] is missing 1 parameter(s); using defaults fastd_period=5 fastd_matype=0
10:47:58 [WARNING] STOCHF combo [55, 5] is missing 1 parameter(s); using defaults fastd_period=5 fastd_matype=0
10:47:58 [WARNING] STOCHF combo [89, 8] is missing 1 parameter(s); using defaults fastd_period=8 fastd_matype=0
10:47:58 [WARNING] STOCHRSI combo [9, 5, 3] is missing 1 parameter(s); using defaults fastk_period=5 fastd_period=3 fastd_matype=0
10:47:58 [WARNING] STOCHRSI combo [14, 5, 3] is missing 1 parameter(s); using defaults fastk_period=5 fastd_period=3 fastd_matype=0
10:47:58 [WARNING] STOCHRSI combo [14, 3, 3] is missing 1 parameter(s); using defaults fastk_period=3 fastd_period=3 fastd_matype=0
10:47:58 [WARNING] STOCHRSI combo [21, 5, 3] is missing 1 parameter(s); using defaults fastk_period=5 fastd_period=3 fastd_matype=0
10:47:58 [WARNING] STOCHRSI combo [21, 8, 5] is missing 1 parameter(s); using defaults fastk_period=8 fastd_period=5 fastd_matype=0
10:47:58 [WARNING] STOCHRSI combo [34, 8, 5] is missing 1 parameter(s); using defaults fastk_period=8 fastd_period=5 fastd_matype=0
10:47:58 [WARNING] STOCHRSI combo [55, 8, 5] is missing 1 parameter(s); using defaults fastk_period=8 fastd_period=5 fastd_matype=0
10:47:58 [INFO] [Layer 1] 100% - Layer 1 completed: 898 features
10:47:58 [INFO] Layer 1 done: 898 cols, status=ok, rss=864MB
10:47:58 [INFO] [Layer 2] 0% - Starting Layer 2...
10:47:58 [INFO] Layer 2 starting, rss=864MB
10:47:58 [INFO] [L2] Starting derived features: 898 L1 cols
10:47:58 [WARNING] STOCH combo [5, 3, 3] is missing 2 parameter(s); using defaults slowk=3 slowd=3 slowk_matype=0 slowd_matype=0
10:47:58 [WARNING] STOCH combo [8, 3, 3] is missing 2 parameter(s); using defaults slowk=3 slowd=3 slowk_matype=0 slowd_matype=0
10:47:58 [WARNING] STOCH combo [13, 3, 3] is missing 2 parameter(s); using defaults slowk=3 slowd=3 slowk_matype=0 slowd_matype=0
10:47:58 [WARNING] STOCH combo [13, 5, 3] is missing 2 parameter(s); using defaults slowk=5 slowd=3 slowk_matype=0 slowd_matype=0
10:47:58 [WARNING] STOCH combo [21, 3, 3] is missing 2 parameter(s); using defaults slowk=3 slowd=3 slowk_matype=0 slowd_matype=0
10:47:58 [WARNING] STOCH combo [21, 5, 3] is missing 2 parameter(s); using defaults slowk=5 slowd=3 slowk_matype=0 slowd_matype=0
10:47:58 [WARNING] STOCH combo [21, 5, 5] is missing 2 parameter(s); using defaults slowk=5 slowd=5 slowk_matype=0 slowd_matype=0
10:47:58 [WARNING] STOCH combo [34, 5, 3] is missing 2 parameter(s); using defaults slowk=5 slowd=3 slowk_matype=0 slowd_matype=0
10:47:58 [WARNING] STOCH combo [34, 5, 5] is missing 2 parameter(s); using defaults slowk=5 slowd=5 slowk_matype=0 slowd_matype=0
10:47:58 [WARNING] STOCH combo [55, 5, 5] is missing 2 parameter(s); using defaults slowk=5 slowd=5 slowk_matype=0 slowd_matype=0
10:47:58 [WARNING] STOCH combo [55, 8, 5] is missing 2 parameter(s); using defaults slowk=8 slowd=5 slowk_matype=0 slowd_matype=0
10:47:58 [WARNING] STOCH combo [89, 8, 5] is missing 2 parameter(s); using defaults slowk=8 slowd=5 slowk_matype=0 slowd_matype=0
10:47:58 [WARNING] STOCHF combo [5, 3] is missing 1 parameter(s); using defaults fastd_period=3 fastd_matype=0
10:47:58 [WARNING] STOCHF combo [8, 3] is missing 1 parameter(s); using defaults fastd_period=3 fastd_matype=0
10:47:58 [WARNING] STOCHF combo [13, 3] is missing 1 parameter(s); using defaults fastd_period=3 fastd_matype=0
10:47:58 [WARNING] STOCHF combo [21, 3] is missing 1 parameter(s); using defaults fastd_period=3 fastd_matype=0
10:47:58 [WARNING] STOCHF combo [21, 5] is missing 1 parameter(s); using defaults fastd_period=5 fastd_matype=0
10:47:58 [WARNING] STOCHF combo [34, 5] is missing 1 parameter(s); using defaults fastd_period=5 fastd_matype=0
10:47:58 [WARNING] STOCHF combo [55, 5] is missing 1 parameter(s); using defaults fastd_period=5 fastd_matype=0
10:47:58 [WARNING] STOCHF combo [89, 8] is missing 1 parameter(s); using defaults fastd_period=8 fastd_matype=0
10:47:58 [WARNING] STOCHRSI combo [9, 5, 3] is missing 1 parameter(s); using defaults fastk_period=5 fastd_period=3 fastd_matype=0
10:47:58 [WARNING] STOCHRSI combo [14, 5, 3] is missing 1 parameter(s); using defaults fastk_period=5 fastd_period=3 fastd_matype=0
10:47:58 [WARNING] STOCHRSI combo [14, 3, 3] is missing 1 parameter(s); using defaults fastk_period=3 fastd_period=3 fastd_matype=0
10:47:58 [WARNING] STOCHRSI combo [21, 5, 3] is missing 1 parameter(s); using defaults fastk_period=5 fastd_period=3 fastd_matype=0
10:47:58 [WARNING] STOCHRSI combo [21, 8, 5] is missing 1 parameter(s); using defaults fastk_period=8 fastd_period=5 fastd_matype=0
10:47:58 [WARNING] STOCHRSI combo [34, 8, 5] is missing 1 parameter(s); using defaults fastk_period=8 fastd_period=5 fastd_matype=0
10:47:58 [WARNING] STOCHRSI combo [55, 8, 5] is missing 1 parameter(s); using defaults fastk_period=8 fastd_period=5 fastd_matype=0
10:48:06 [INFO] [L2] Completed: 11621 cols in 8.25s
10:48:07 [INFO] [Layer 2] 100% - Layer 2 completed: 11621 features
10:48:07 [INFO] Layer 2 done: 11621 cols, status=ok, rss=1305MB
10:48:07 [INFO] [memmap] created: shape=(10752, 11621), dtype=<class 'numpy.float32'>, est=0.50 GB  (file auto-unlinked)
10:48:08 [INFO] [spill] calib_layer2: 10752×11621 → float32 memmap in 0.8s (freed ~1.0 GB float64)
10:48:08 [INFO] [Layer 3] 0% - Starting Layer 3...
10:48:08 [INFO] Layer 3 starting, rss=2052MB
10:48:12 [INFO] [L3 streaming][numba][multi] step 10/20 (W5_range): 898→898 cols (-0 dead)
10:48:12 [INFO] [L3 streaming][numba][multi] step 20/20 (W13_range): 898→898 cols (-0 dead)
10:48:12 [INFO] [L3 streaming][numba][multi] complete: 17960 total generated, 0 dead dropped, 17960 survivors
10:48:14 [INFO] [Layer 3] 100% - Layer 3 completed: 17960 features
10:48:14 [INFO] Layer 3 done: 17960 cols, status=ok, rss=1291MB
10:48:14 [INFO] [Layer 4] 0% - Starting Layer 4...
10:48:14 [INFO] Layer 4 starting, rss=1291MB
10:48:15 [INFO] [Layer 4] 100% - Layer 4 completed: 7224 features
10:48:15 [INFO] Layer 4 done: 7224 cols, status=ok, rss=2291MB
10:48:15 [INFO] [Layer 5] 0% - Starting Layer 5...
10:48:15 [INFO] Layer 5 starting, rss=2291MB
10:48:15 [INFO] [Layer 5] 100% - Layer 5 completed: 0 features
10:48:15 [INFO] Layer 5 done: 0 cols, status=empty_disabled, rss=2291MB
10:48:15 [INFO] [Layer 6] 0% - Starting Layer 6...
10:48:15 [INFO] Layer 6 starting, rss=2291MB
10:48:15 [INFO] [Layer 6] 100% - Layer 6 completed: 10 features
10:48:15 [INFO] Layer 6 done: 10 cols, status=ok, rss=2292MB
10:48:15 [INFO] [memmap concat] 5 DFs → 37713 cols × 10752 rows ≈ 1.62 GB → disk-backed
10:48:15 [INFO] [memmap] created: shape=(10752, 37713), dtype=<class 'numpy.float32'>, est=1.62 GB  (file auto-unlinked)
10:48:15 [INFO] [memmap concat] copying DF 1/5 (898 cols)
10:48:16 [INFO] [memmap concat] copying DF 2/5 (11621 cols)
10:48:16 [INFO] [memmap concat] copying DF 3/5 (17960 cols)
10:48:21 [INFO] [memmap concat] copying DF 4/5 (7224 cols)
10:48:23 [INFO] [memmap concat] copying DF 5/5 (10 cols)
10:57:45 [INFO] [Layer 1] 0% - Starting Layer 1...
10:57:45 [INFO] Layer 1 starting, rss=1321MB
10:57:45 [WARNING] STOCH combo [5, 3, 3] is missing 2 parameter(s); using defaults slowk=3 slowd=3 slowk_matype=0 slowd_matype=0
10:57:45 [WARNING] STOCH combo [8, 3, 3] is missing 2 parameter(s); using defaults slowk=3 slowd=3 slowk_matype=0 slowd_matype=0
10:57:45 [WARNING] STOCH combo [13, 3, 3] is missing 2 parameter(s); using defaults slowk=3 slowd=3 slowk_matype=0 slowd_matype=0
10:57:45 [WARNING] STOCH combo [13, 5, 3] is missing 2 parameter(s); using defaults slowk=5 slowd=3 slowk_matype=0 slowd_matype=0
10:57:45 [WARNING] STOCH combo [21, 3, 3] is missing 2 parameter(s); using defaults slowk=3 slowd=3 slowk_matype=0 slowd_matype=0
10:57:45 [WARNING] STOCH combo [21, 5, 3] is missing 2 parameter(s); using defaults slowk=5 slowd=3 slowk_matype=0 slowd_matype=0
10:57:45 [WARNING] STOCH combo [21, 5, 5] is missing 2 parameter(s); using defaults slowk=5 slowd=5 slowk_matype=0 slowd_matype=0
10:57:45 [WARNING] STOCH combo [34, 5, 3] is missing 2 parameter(s); using defaults slowk=5 slowd=3 slowk_matype=0 slowd_matype=0
10:57:45 [WARNING] STOCH combo [34, 5, 5] is missing 2 parameter(s); using defaults slowk=5 slowd=5 slowk_matype=0 slowd_matype=0
10:57:45 [WARNING] STOCH combo [55, 5, 5] is missing 2 parameter(s); using defaults slowk=5 slowd=5 slowk_matype=0 slowd_matype=0
10:57:45 [WARNING] STOCH combo [55, 8, 5] is missing 2 parameter(s); using defaults slowk=8 slowd=5 slowk_matype=0 slowd_matype=0
10:57:45 [WARNING] STOCH combo [89, 8, 5] is missing 2 parameter(s); using defaults slowk=8 slowd=5 slowk_matype=0 slowd_matype=0
10:57:46 [WARNING] STOCHF combo [5, 3] is missing 1 parameter(s); using defaults fastd_period=3 fastd_matype=0
10:57:46 [WARNING] STOCHF combo [8, 3] is missing 1 parameter(s); using defaults fastd_period=3 fastd_matype=0
10:57:46 [WARNING] STOCHF combo [13, 3] is missing 1 parameter(s); using defaults fastd_period=3 fastd_matype=0
10:57:46 [WARNING] STOCHF combo [21, 3] is missing 1 parameter(s); using defaults fastd_period=3 fastd_matype=0
10:57:46 [WARNING] STOCHF combo [21, 5] is missing 1 parameter(s); using defaults fastd_period=5 fastd_matype=0
10:57:46 [WARNING] STOCHF combo [34, 5] is missing 1 parameter(s); using defaults fastd_period=5 fastd_matype=0
10:57:46 [WARNING] STOCHF combo [55, 5] is missing 1 parameter(s); using defaults fastd_period=5 fastd_matype=0
10:57:46 [WARNING] STOCHF combo [89, 8] is missing 1 parameter(s); using defaults fastd_period=8 fastd_matype=0
10:57:46 [WARNING] STOCHRSI combo [9, 5, 3] is missing 1 parameter(s); using defaults fastk_period=5 fastd_period=3 fastd_matype=0
10:57:46 [WARNING] STOCHRSI combo [14, 5, 3] is missing 1 parameter(s); using defaults fastk_period=5 fastd_period=3 fastd_matype=0
10:57:46 [WARNING] STOCHRSI combo [14, 3, 3] is missing 1 parameter(s); using defaults fastk_period=3 fastd_period=3 fastd_matype=0
10:57:46 [WARNING] STOCHRSI combo [21, 5, 3] is missing 1 parameter(s); using defaults fastk_period=5 fastd_period=3 fastd_matype=0
10:57:46 [WARNING] STOCHRSI combo [21, 8, 5] is missing 1 parameter(s); using defaults fastk_period=8 fastd_period=5 fastd_matype=0
10:57:46 [WARNING] STOCHRSI combo [34, 8, 5] is missing 1 parameter(s); using defaults fastk_period=8 fastd_period=5 fastd_matype=0
10:57:46 [WARNING] STOCHRSI combo [55, 8, 5] is missing 1 parameter(s); using defaults fastk_period=8 fastd_period=5 fastd_matype=0
10:57:46 [INFO] [Layer 1] 100% - Layer 1 completed: 898 features
10:57:46 [INFO] Layer 1 done: 898 cols, status=ok, rss=1214MB
10:57:46 [INFO] [Layer 2] 0% - Starting Layer 2...
10:57:46 [INFO] Layer 2 starting, rss=1214MB
10:57:46 [INFO] [L2] Starting derived features: 898 L1 cols
10:57:46 [WARNING] STOCH combo [5, 3, 3] is missing 2 parameter(s); using defaults slowk=3 slowd=3 slowk_matype=0 slowd_matype=0
10:57:46 [WARNING] STOCH combo [8, 3, 3] is missing 2 parameter(s); using defaults slowk=3 slowd=3 slowk_matype=0 slowd_matype=0
10:57:46 [WARNING] STOCH combo [13, 3, 3] is missing 2 parameter(s); using defaults slowk=3 slowd=3 slowk_matype=0 slowd_matype=0
10:57:46 [WARNING] STOCH combo [13, 5, 3] is missing 2 parameter(s); using defaults slowk=5 slowd=3 slowk_matype=0 slowd_matype=0
10:57:46 [WARNING] STOCH combo [21, 3, 3] is missing 2 parameter(s); using defaults slowk=3 slowd=3 slowk_matype=0 slowd_matype=0
10:57:46 [WARNING] STOCH combo [21, 5, 3] is missing 2 parameter(s); using defaults slowk=5 slowd=3 slowk_matype=0 slowd_matype=0
10:57:46 [WARNING] STOCH combo [21, 5, 5] is missing 2 parameter(s); using defaults slowk=5 slowd=5 slowk_matype=0 slowd_matype=0
10:57:46 [WARNING] STOCH combo [34, 5, 3] is missing 2 parameter(s); using defaults slowk=5 slowd=3 slowk_matype=0 slowd_matype=0
10:57:46 [WARNING] STOCH combo [34, 5, 5] is missing 2 parameter(s); using defaults slowk=5 slowd=5 slowk_matype=0 slowd_matype=0
10:57:46 [WARNING] STOCH combo [55, 5, 5] is missing 2 parameter(s); using defaults slowk=5 slowd=5 slowk_matype=0 slowd_matype=0
10:57:46 [WARNING] STOCH combo [55, 8, 5] is missing 2 parameter(s); using defaults slowk=8 slowd=5 slowk_matype=0 slowd_matype=0
10:57:46 [WARNING] STOCH combo [89, 8, 5] is missing 2 parameter(s); using defaults slowk=8 slowd=5 slowk_matype=0 slowd_matype=0
10:57:46 [WARNING] STOCHF combo [5, 3] is missing 1 parameter(s); using defaults fastd_period=3 fastd_matype=0
10:57:46 [WARNING] STOCHF combo [8, 3] is missing 1 parameter(s); using defaults fastd_period=3 fastd_matype=0
10:57:46 [WARNING] STOCHF combo [13, 3] is missing 1 parameter(s); using defaults fastd_period=3 fastd_matype=0
10:57:46 [WARNING] STOCHF combo [21, 3] is missing 1 parameter(s); using defaults fastd_period=3 fastd_matype=0
10:57:46 [WARNING] STOCHF combo [21, 5] is missing 1 parameter(s); using defaults fastd_period=5 fastd_matype=0
10:57:46 [WARNING] STOCHF combo [34, 5] is missing 1 parameter(s); using defaults fastd_period=5 fastd_matype=0
10:57:46 [WARNING] STOCHF combo [55, 5] is missing 1 parameter(s); using defaults fastd_period=5 fastd_matype=0
10:57:46 [WARNING] STOCHF combo [89, 8] is missing 1 parameter(s); using defaults fastd_period=8 fastd_matype=0
10:57:46 [WARNING] STOCHRSI combo [9, 5, 3] is missing 1 parameter(s); using defaults fastk_period=5 fastd_period=3 fastd_matype=0
10:57:46 [WARNING] STOCHRSI combo [14, 5, 3] is missing 1 parameter(s); using defaults fastk_period=5 fastd_period=3 fastd_matype=0
10:57:46 [WARNING] STOCHRSI combo [14, 3, 3] is missing 1 parameter(s); using defaults fastk_period=3 fastd_period=3 fastd_matype=0
10:57:46 [WARNING] STOCHRSI combo [21, 5, 3] is missing 1 parameter(s); using defaults fastk_period=5 fastd_period=3 fastd_matype=0
10:57:46 [WARNING] STOCHRSI combo [21, 8, 5] is missing 1 parameter(s); using defaults fastk_period=8 fastd_period=5 fastd_matype=0
10:57:46 [WARNING] STOCHRSI combo [34, 8, 5] is missing 1 parameter(s); using defaults fastk_period=8 fastd_period=5 fastd_matype=0
10:57:46 [WARNING] STOCHRSI combo [55, 8, 5] is missing 1 parameter(s); using defaults fastk_period=8 fastd_period=5 fastd_matype=0
10:57:49 [INFO] [L2] Completed: 11621 cols in 3.69s
10:57:50 [INFO] [Layer 2] 100% - Layer 2 completed: 11621 features
10:57:50 [INFO] Layer 2 done: 11621 cols, status=ok, rss=930MB
10:57:50 [INFO] [Layer 3] 0% - Starting Layer 3...
10:57:50 [INFO] Layer 3 starting, rss=930MB
10:57:52 [INFO] [L3 streaming][numba][multi] step 10/20 (W5_range): 898→898 cols (-0 dead)
10:57:52 [INFO] [L3 streaming][numba][multi] step 20/20 (W13_range): 898→898 cols (-0 dead)
10:57:52 [INFO] [L3 streaming][numba][multi] complete: 17960 total generated, 0 dead dropped, 17960 survivors
10:57:52 [INFO] [Layer 3] 100% - Layer 3 completed: 17960 features
10:57:52 [INFO] Layer 3 done: 17960 cols, status=ok, rss=1658MB
10:57:52 [INFO] [Layer 4] 0% - Starting Layer 4...
10:57:52 [INFO] Layer 4 starting, rss=1658MB
10:57:52 [INFO] [Layer 4] 100% - Layer 4 completed: 7224 features
10:57:52 [INFO] Layer 4 done: 7224 cols, status=ok, rss=1915MB
10:57:52 [INFO] [Layer 5] 0% - Starting Layer 5...
10:57:52 [INFO] Layer 5 starting, rss=1915MB
10:57:52 [INFO] [Layer 5] 100% - Layer 5 completed: 0 features
10:57:52 [INFO] Layer 5 done: 0 cols, status=empty_disabled, rss=1915MB
10:57:52 [INFO] [Layer 6] 0% - Starting Layer 6...
10:57:52 [INFO] Layer 6 starting, rss=1915MB
10:57:52 [INFO] [Layer 6] 100% - Layer 6 completed: 10 features
10:57:52 [INFO] Layer 6 done: 10 cols, status=ok, rss=1916MB
10:58:12 [INFO] [CGSA] Initialized ColumnGroupRegistry at /private/var/folders/_c/3xdf41hd3tvgxpx63mrml2c00000gn/T/pytest-of-louis/pytest-10/test_small_c3_multitf_tail_per0/cgsa_work (tier=8gb, buffer_groups=0)
10:58:12 [INFO] Fetching spot data: BTCUSDT/1h
10:58:12 [INFO] Read 20352 klines from BTCUSDT/1h in 0.053s
10:58:12 [INFO] Aligned data for BTCUSDT/1h: 20352 rows, 5 columns
10:58:12 [INFO] [multi_tf:multi_tf] 35% - [CGSA] Processing timeframe 1h (1/2)
10:58:12 [INFO] [Layer 1] 0% - Starting Layer 1...
10:58:12 [INFO] Layer 1 starting, rss=1425MB
10:58:13 [WARNING] STOCH combo [5, 3, 3] is missing 2 parameter(s); using defaults slowk=3 slowd=3 slowk_matype=0 slowd_matype=0
10:58:13 [WARNING] STOCH combo [8, 3, 3] is missing 2 parameter(s); using defaults slowk=3 slowd=3 slowk_matype=0 slowd_matype=0
10:58:13 [WARNING] STOCH combo [13, 3, 3] is missing 2 parameter(s); using defaults slowk=3 slowd=3 slowk_matype=0 slowd_matype=0
10:58:13 [WARNING] STOCH combo [13, 5, 3] is missing 2 parameter(s); using defaults slowk=5 slowd=3 slowk_matype=0 slowd_matype=0
10:58:13 [WARNING] STOCH combo [21, 3, 3] is missing 2 parameter(s); using defaults slowk=3 slowd=3 slowk_matype=0 slowd_matype=0
10:58:13 [WARNING] STOCH combo [21, 5, 3] is missing 2 parameter(s); using defaults slowk=5 slowd=3 slowk_matype=0 slowd_matype=0
10:58:13 [WARNING] STOCH combo [21, 5, 5] is missing 2 parameter(s); using defaults slowk=5 slowd=5 slowk_matype=0 slowd_matype=0
10:58:13 [WARNING] STOCH combo [34, 5, 3] is missing 2 parameter(s); using defaults slowk=5 slowd=3 slowk_matype=0 slowd_matype=0
10:58:13 [WARNING] STOCH combo [34, 5, 5] is missing 2 parameter(s); using defaults slowk=5 slowd=5 slowk_matype=0 slowd_matype=0
10:58:13 [WARNING] STOCH combo [55, 5, 5] is missing 2 parameter(s); using defaults slowk=5 slowd=5 slowk_matype=0 slowd_matype=0
10:58:13 [WARNING] STOCH combo [55, 8, 5] is missing 2 parameter(s); using defaults slowk=8 slowd=5 slowk_matype=0 slowd_matype=0
10:58:13 [WARNING] STOCH combo [89, 8, 5] is missing 2 parameter(s); using defaults slowk=8 slowd=5 slowk_matype=0 slowd_matype=0
10:58:13 [WARNING] STOCHF combo [5, 3] is missing 1 parameter(s); using defaults fastd_period=3 fastd_matype=0
10:58:13 [WARNING] STOCHF combo [8, 3] is missing 1 parameter(s); using defaults fastd_period=3 fastd_matype=0
10:58:13 [WARNING] STOCHF combo [13, 3] is missing 1 parameter(s); using defaults fastd_period=3 fastd_matype=0
10:58:13 [WARNING] STOCHF combo [21, 3] is missing 1 parameter(s); using defaults fastd_period=3 fastd_matype=0
10:58:13 [WARNING] STOCHF combo [21, 5] is missing 1 parameter(s); using defaults fastd_period=5 fastd_matype=0
10:58:13 [WARNING] STOCHF combo [34, 5] is missing 1 parameter(s); using defaults fastd_period=5 fastd_matype=0
10:58:13 [WARNING] STOCHF combo [55, 5] is missing 1 parameter(s); using defaults fastd_period=5 fastd_matype=0
10:58:13 [WARNING] STOCHF combo [89, 8] is missing 1 parameter(s); using defaults fastd_period=8 fastd_matype=0
10:58:13 [WARNING] STOCHRSI combo [9, 5, 3] is missing 1 parameter(s); using defaults fastk_period=5 fastd_period=3 fastd_matype=0
10:58:13 [WARNING] STOCHRSI combo [14, 5, 3] is missing 1 parameter(s); using defaults fastk_period=5 fastd_period=3 fastd_matype=0
10:58:13 [WARNING] STOCHRSI combo [14, 3, 3] is missing 1 parameter(s); using defaults fastk_period=3 fastd_period=3 fastd_matype=0
10:58:13 [WARNING] STOCHRSI combo [21, 5, 3] is missing 1 parameter(s); using defaults fastk_period=5 fastd_period=3 fastd_matype=0
10:58:13 [WARNING] STOCHRSI combo [21, 8, 5] is missing 1 parameter(s); using defaults fastk_period=8 fastd_period=5 fastd_matype=0
10:58:13 [WARNING] STOCHRSI combo [34, 8, 5] is missing 1 parameter(s); using defaults fastk_period=8 fastd_period=5 fastd_matype=0
10:58:13 [WARNING] STOCHRSI combo [55, 8, 5] is missing 1 parameter(s); using defaults fastk_period=8 fastd_period=5 fastd_matype=0
10:58:14 [INFO] [Layer 1] 100% - Layer 1 completed: 898 features
10:58:14 [INFO] Layer 1 done: 898 cols, status=ok, rss=654MB
10:58:14 [INFO] [Layer 2] 0% - Starting Layer 2...
10:58:14 [INFO] Layer 2 starting, rss=654MB
10:58:14 [INFO] [L2] Starting derived features: 898 L1 cols
10:58:14 [WARNING] STOCH combo [5, 3, 3] is missing 2 parameter(s); using defaults slowk=3 slowd=3 slowk_matype=0 slowd_matype=0
10:58:14 [WARNING] STOCH combo [8, 3, 3] is missing 2 parameter(s); using defaults slowk=3 slowd=3 slowk_matype=0 slowd_matype=0
10:58:14 [WARNING] STOCH combo [13, 3, 3] is missing 2 parameter(s); using defaults slowk=3 slowd=3 slowk_matype=0 slowd_matype=0
10:58:14 [WARNING] STOCH combo [13, 5, 3] is missing 2 parameter(s); using defaults slowk=5 slowd=3 slowk_matype=0 slowd_matype=0
10:58:14 [WARNING] STOCH combo [21, 3, 3] is missing 2 parameter(s); using defaults slowk=3 slowd=3 slowk_matype=0 slowd_matype=0
10:58:14 [WARNING] STOCH combo [21, 5, 3] is missing 2 parameter(s); using defaults slowk=5 slowd=3 slowk_matype=0 slowd_matype=0
10:58:14 [WARNING] STOCH combo [21, 5, 5] is missing 2 parameter(s); using defaults slowk=5 slowd=5 slowk_matype=0 slowd_matype=0
10:58:14 [WARNING] STOCH combo [34, 5, 3] is missing 2 parameter(s); using defaults slowk=5 slowd=3 slowk_matype=0 slowd_matype=0
10:58:14 [WARNING] STOCH combo [34, 5, 5] is missing 2 parameter(s); using defaults slowk=5 slowd=5 slowk_matype=0 slowd_matype=0
10:58:14 [WARNING] STOCH combo [55, 5, 5] is missing 2 parameter(s); using defaults slowk=5 slowd=5 slowk_matype=0 slowd_matype=0
10:58:14 [WARNING] STOCH combo [55, 8, 5] is missing 2 parameter(s); using defaults slowk=8 slowd=5 slowk_matype=0 slowd_matype=0
10:58:14 [WARNING] STOCH combo [89, 8, 5] is missing 2 parameter(s); using defaults slowk=8 slowd=5 slowk_matype=0 slowd_matype=0
10:58:14 [WARNING] STOCHF combo [5, 3] is missing 1 parameter(s); using defaults fastd_period=3 fastd_matype=0
10:58:14 [WARNING] STOCHF combo [8, 3] is missing 1 parameter(s); using defaults fastd_period=3 fastd_matype=0
10:58:14 [WARNING] STOCHF combo [13, 3] is missing 1 parameter(s); using defaults fastd_period=3 fastd_matype=0
10:58:14 [WARNING] STOCHF combo [21, 3] is missing 1 parameter(s); using defaults fastd_period=3 fastd_matype=0
10:58:14 [WARNING] STOCHF combo [21, 5] is missing 1 parameter(s); using defaults fastd_period=5 fastd_matype=0
10:58:14 [WARNING] STOCHF combo [34, 5] is missing 1 parameter(s); using defaults fastd_period=5 fastd_matype=0
10:58:14 [WARNING] STOCHF combo [55, 5] is missing 1 parameter(s); using defaults fastd_period=5 fastd_matype=0
10:58:14 [WARNING] STOCHF combo [89, 8] is missing 1 parameter(s); using defaults fastd_period=8 fastd_matype=0
10:58:14 [WARNING] STOCHRSI combo [9, 5, 3] is missing 1 parameter(s); using defaults fastk_period=5 fastd_period=3 fastd_matype=0
10:58:14 [WARNING] STOCHRSI combo [14, 5, 3] is missing 1 parameter(s); using defaults fastk_period=5 fastd_period=3 fastd_matype=0
10:58:14 [WARNING] STOCHRSI combo [14, 3, 3] is missing 1 parameter(s); using defaults fastk_period=3 fastd_period=3 fastd_matype=0
10:58:14 [WARNING] STOCHRSI combo [21, 5, 3] is missing 1 parameter(s); using defaults fastk_period=5 fastd_period=3 fastd_matype=0
10:58:14 [WARNING] STOCHRSI combo [21, 8, 5] is missing 1 parameter(s); using defaults fastk_period=8 fastd_period=5 fastd_matype=0
10:58:14 [WARNING] STOCHRSI combo [34, 8, 5] is missing 1 parameter(s); using defaults fastk_period=8 fastd_period=5 fastd_matype=0
10:58:14 [WARNING] STOCHRSI combo [55, 8, 5] is missing 1 parameter(s); using defaults fastk_period=8 fastd_period=5 fastd_matype=0
10:58:30 [INFO] [CGSA] L2 persisted group=1h_L2_Cross shards=1 total_bytes=88.0 MiB
10:58:36 [INFO] [CGSA] L2 persisted group=1h_L2_Ratio shards=1 total_bytes=88.0 MiB
10:59:25 [INFO] [CGSA] L2 persisted group=1h_L2_Momentum shards=8 total_bytes=697.2 MiB
10:59:26 [INFO] [L2] Completed: 11621 cols in 71.48s
10:59:26 [INFO] [Layer 2] 100% - Layer 2 completed: 11621 features
10:59:26 [INFO] Layer 2 done: 11621 cols, status=ok, rss=3212MB
10:59:26 [INFO] [memmap] created: shape=(20352, 11621), dtype=<class 'numpy.float32'>, est=0.95 GB  (file auto-unlinked)
10:59:31 [INFO] [spill] layer2: 20352×11621 → float32 memmap in 5.2s (freed ~1.9 GB float64)
10:59:31 [INFO] [Layer 3] 0% - Starting Layer 3...
10:59:31 [INFO] Layer 3 starting, rss=2282MB
10:59:39 [INFO] [L3 streaming][numba][multi][persist] step 10/20 (W5_range): 898→898 cols (-0 dead)
10:59:39 [INFO] [L3 streaming][numba][multi][persist] step 20/20 (W13_range): 898→898 cols (-0 dead)
10:59:39 [INFO] [L3 streaming][numba][multi][persist] complete: 17960 generated, 4 dropped, 17956 survivors persisted via callback
10:59:42 [INFO] [L3] streaming persist (mode=streaming) complete: 17956 cols persisted in 20 groups
10:59:42 [INFO] [Layer 3] 100% - Layer 3 completed: 0 features
10:59:42 [INFO] Layer 3 done: 0 cols, status=offloaded_to_registry, rss=2676MB
10:59:42 [INFO] [Layer 4] 0% - Starting Layer 4...
10:59:42 [INFO] Layer 4 starting, rss=2676MB
10:59:44 [INFO] [Layer 4] 100% - Layer 4 completed: 7224 features
10:59:44 [INFO] Layer 4 done: 7224 cols, status=ok, rss=2108MB
10:59:44 [INFO] [Layer 5] 0% - Starting Layer 5...
10:59:44 [INFO] Layer 5 starting, rss=2109MB
10:59:44 [INFO] [Layer 5] 100% - Layer 5 completed: 0 features
10:59:44 [INFO] Layer 5 done: 0 cols, status=empty_disabled, rss=2114MB
10:59:44 [INFO] [Layer 6] 0% - Starting Layer 6...
10:59:44 [INFO] Layer 6 starting, rss=2114MB
10:59:44 [INFO] [Layer 6] 100% - Layer 6 completed: 10 features
10:59:44 [INFO] Layer 6 done: 10 cols, status=ok, rss=2137MB
10:59:44 [INFO] [CGSA] Disk pre-check OK: layer=L4_lag symbol=BTCUSDT tf=1h need=2.74 GiB (planned_new=0.55 GiB, max_inflight_tmp×2=0.19 GiB, reserve=2.00 GiB) free=30.31 GiB shape=(20352, 7224)
10:59:46 [INFO] [CGSA] L4_lag persisted group=1h_L4_lag_1 shards=5 total_bytes=388.2 MiB
10:59:46 [INFO] [CGSA] L4_lag persisted group=1h_L4_lag_2 shards=2 total_bytes=172.7 MiB
10:59:46 [INFO] [CGSA] Persisted L4_lag: 7224 cols → 2 groups (tf=1h)
10:59:46 [INFO] [CGSA] Disk pre-check OK: layer=L6_meta symbol=BTCUSDT tf=1h need=2.00 GiB (planned_new=0.00 GiB, max_inflight_tmp×2=0.00 GiB, reserve=2.00 GiB) free=30.62 GiB shape=(20352, 10)
10:59:46 [INFO] [CGSA] Persisted L6_meta: 10 cols → 1 groups (tf=1h)
10:59:46 [INFO] [CGSA][multi_tf] Primary TF 1h: 241 groups registered (no alignment needed)
10:59:47 [INFO] [multi_tf:multi_tf] 70% - [CGSA] Processing timeframe 4h (2/2)
10:59:47 [INFO] Fetching spot data: BTCUSDT/4h
10:59:47 [INFO] Read 5088 klines from BTCUSDT/4h in 0.012s
10:59:47 [INFO] Aligned data for BTCUSDT/4h: 5088 rows, 5 columns
10:59:47 [INFO] [Layer 1] 0% - Starting Layer 1...
10:59:47 [INFO] Layer 1 starting, rss=2388MB
10:59:47 [WARNING] STOCH combo [5, 3, 3] is missing 2 parameter(s); using defaults slowk=3 slowd=3 slowk_matype=0 slowd_matype=0
10:59:47 [WARNING] STOCH combo [8, 3, 3] is missing 2 parameter(s); using defaults slowk=3 slowd=3 slowk_matype=0 slowd_matype=0
10:59:47 [WARNING] STOCH combo [13, 3, 3] is missing 2 parameter(s); using defaults slowk=3 slowd=3 slowk_matype=0 slowd_matype=0
10:59:47 [WARNING] STOCH combo [13, 5, 3] is missing 2 parameter(s); using defaults slowk=5 slowd=3 slowk_matype=0 slowd_matype=0
10:59:47 [WARNING] STOCH combo [21, 3, 3] is missing 2 parameter(s); using defaults slowk=3 slowd=3 slowk_matype=0 slowd_matype=0
10:59:47 [WARNING] STOCH combo [21, 5, 3] is missing 2 parameter(s); using defaults slowk=5 slowd=3 slowk_matype=0 slowd_matype=0
10:59:47 [WARNING] STOCH combo [21, 5, 5] is missing 2 parameter(s); using defaults slowk=5 slowd=5 slowk_matype=0 slowd_matype=0
10:59:47 [WARNING] STOCH combo [34, 5, 3] is missing 2 parameter(s); using defaults slowk=5 slowd=3 slowk_matype=0 slowd_matype=0
10:59:47 [WARNING] STOCH combo [34, 5, 5] is missing 2 parameter(s); using defaults slowk=5 slowd=5 slowk_matype=0 slowd_matype=0
10:59:47 [WARNING] STOCH combo [55, 5, 5] is missing 2 parameter(s); using defaults slowk=5 slowd=5 slowk_matype=0 slowd_matype=0
10:59:47 [WARNING] STOCH combo [55, 8, 5] is missing 2 parameter(s); using defaults slowk=8 slowd=5 slowk_matype=0 slowd_matype=0
10:59:47 [WARNING] STOCH combo [89, 8, 5] is missing 2 parameter(s); using defaults slowk=8 slowd=5 slowk_matype=0 slowd_matype=0
10:59:47 [WARNING] STOCHF combo [5, 3] is missing 1 parameter(s); using defaults fastd_period=3 fastd_matype=0
10:59:47 [WARNING] STOCHF combo [8, 3] is missing 1 parameter(s); using defaults fastd_period=3 fastd_matype=0
10:59:47 [WARNING] STOCHF combo [13, 3] is missing 1 parameter(s); using defaults fastd_period=3 fastd_matype=0
10:59:47 [WARNING] STOCHF combo [21, 3] is missing 1 parameter(s); using defaults fastd_period=3 fastd_matype=0
10:59:47 [WARNING] STOCHF combo [21, 5] is missing 1 parameter(s); using defaults fastd_period=5 fastd_matype=0
10:59:47 [WARNING] STOCHF combo [34, 5] is missing 1 parameter(s); using defaults fastd_period=5 fastd_matype=0
10:59:47 [WARNING] STOCHF combo [55, 5] is missing 1 parameter(s); using defaults fastd_period=5 fastd_matype=0
10:59:47 [WARNING] STOCHF combo [89, 8] is missing 1 parameter(s); using defaults fastd_period=8 fastd_matype=0
10:59:47 [WARNING] STOCHRSI combo [9, 5, 3] is missing 1 parameter(s); using defaults fastk_period=5 fastd_period=3 fastd_matype=0
10:59:47 [WARNING] STOCHRSI combo [14, 5, 3] is missing 1 parameter(s); using defaults fastk_period=5 fastd_period=3 fastd_matype=0
10:59:47 [WARNING] STOCHRSI combo [14, 3, 3] is missing 1 parameter(s); using defaults fastk_period=3 fastd_period=3 fastd_matype=0
10:59:47 [WARNING] STOCHRSI combo [21, 5, 3] is missing 1 parameter(s); using defaults fastk_period=5 fastd_period=3 fastd_matype=0
10:59:47 [WARNING] STOCHRSI combo [21, 8, 5] is missing 1 parameter(s); using defaults fastk_period=8 fastd_period=5 fastd_matype=0
10:59:47 [WARNING] STOCHRSI combo [34, 8, 5] is missing 1 parameter(s); using defaults fastk_period=8 fastd_period=5 fastd_matype=0
10:59:47 [WARNING] STOCHRSI combo [55, 8, 5] is missing 1 parameter(s); using defaults fastk_period=8 fastd_period=5 fastd_matype=0
10:59:53 [INFO] [Layer 1] 100% - Layer 1 completed: 898 features
10:59:53 [INFO] Layer 1 done: 898 cols, status=ok, rss=2483MB
10:59:53 [INFO] [Layer 2] 0% - Starting Layer 2...
10:59:53 [INFO] Layer 2 starting, rss=2483MB
10:59:53 [INFO] [L2] Starting derived features: 898 L1 cols
10:59:53 [WARNING] STOCH combo [5, 3, 3] is missing 2 parameter(s); using defaults slowk=3 slowd=3 slowk_matype=0 slowd_matype=0
10:59:53 [WARNING] STOCH combo [8, 3, 3] is missing 2 parameter(s); using defaults slowk=3 slowd=3 slowk_matype=0 slowd_matype=0
10:59:53 [WARNING] STOCH combo [13, 3, 3] is missing 2 parameter(s); using defaults slowk=3 slowd=3 slowk_matype=0 slowd_matype=0
10:59:53 [WARNING] STOCH combo [13, 5, 3] is missing 2 parameter(s); using defaults slowk=5 slowd=3 slowk_matype=0 slowd_matype=0
10:59:53 [WARNING] STOCH combo [21, 3, 3] is missing 2 parameter(s); using defaults slowk=3 slowd=3 slowk_matype=0 slowd_matype=0
10:59:53 [WARNING] STOCH combo [21, 5, 3] is missing 2 parameter(s); using defaults slowk=5 slowd=3 slowk_matype=0 slowd_matype=0
10:59:53 [WARNING] STOCH combo [21, 5, 5] is missing 2 parameter(s); using defaults slowk=5 slowd=5 slowk_matype=0 slowd_matype=0
10:59:53 [WARNING] STOCH combo [34, 5, 3] is missing 2 parameter(s); using defaults slowk=5 slowd=3 slowk_matype=0 slowd_matype=0
10:59:53 [WARNING] STOCH combo [34, 5, 5] is missing 2 parameter(s); using defaults slowk=5 slowd=5 slowk_matype=0 slowd_matype=0
10:59:53 [WARNING] STOCH combo [55, 5, 5] is missing 2 parameter(s); using defaults slowk=5 slowd=5 slowk_matype=0 slowd_matype=0
10:59:53 [WARNING] STOCH combo [55, 8, 5] is missing 2 parameter(s); using defaults slowk=8 slowd=5 slowk_matype=0 slowd_matype=0
10:59:53 [WARNING] STOCH combo [89, 8, 5] is missing 2 parameter(s); using defaults slowk=8 slowd=5 slowk_matype=0 slowd_matype=0
10:59:53 [WARNING] STOCHF combo [5, 3] is missing 1 parameter(s); using defaults fastd_period=3 fastd_matype=0
10:59:53 [WARNING] STOCHF combo [8, 3] is missing 1 parameter(s); using defaults fastd_period=3 fastd_matype=0
10:59:53 [WARNING] STOCHF combo [13, 3] is missing 1 parameter(s); using defaults fastd_period=3 fastd_matype=0
10:59:53 [WARNING] STOCHF combo [21, 3] is missing 1 parameter(s); using defaults fastd_period=3 fastd_matype=0
10:59:53 [WARNING] STOCHF combo [21, 5] is missing 1 parameter(s); using defaults fastd_period=5 fastd_matype=0
10:59:53 [WARNING] STOCHF combo [34, 5] is missing 1 parameter(s); using defaults fastd_period=5 fastd_matype=0
10:59:53 [WARNING] STOCHF combo [55, 5] is missing 1 parameter(s); using defaults fastd_period=5 fastd_matype=0
10:59:53 [WARNING] STOCHF combo [89, 8] is missing 1 parameter(s); using defaults fastd_period=8 fastd_matype=0
10:59:53 [WARNING] STOCHRSI combo [9, 5, 3] is missing 1 parameter(s); using defaults fastk_period=5 fastd_period=3 fastd_matype=0
10:59:53 [WARNING] STOCHRSI combo [14, 5, 3] is missing 1 parameter(s); using defaults fastk_period=5 fastd_period=3 fastd_matype=0
10:59:53 [WARNING] STOCHRSI combo [14, 3, 3] is missing 1 parameter(s); using defaults fastk_period=3 fastd_period=3 fastd_matype=0
10:59:53 [WARNING] STOCHRSI combo [21, 5, 3] is missing 1 parameter(s); using defaults fastk_period=5 fastd_period=3 fastd_matype=0
10:59:53 [WARNING] STOCHRSI combo [21, 8, 5] is missing 1 parameter(s); using defaults fastk_period=8 fastd_period=5 fastd_matype=0
10:59:53 [WARNING] STOCHRSI combo [34, 8, 5] is missing 1 parameter(s); using defaults fastk_period=8 fastd_period=5 fastd_matype=0
10:59:53 [WARNING] STOCHRSI combo [55, 8, 5] is missing 1 parameter(s); using defaults fastk_period=8 fastd_period=5 fastd_matype=0
11:00:12 [INFO] [CGSA] L2 persisted group=4h_L2_Momentum shards=2 total_bytes=174.3 MiB
11:00:12 [INFO] [L2] Completed: 11621 cols in 19.76s
11:00:12 [INFO] [Layer 2] 100% - Layer 2 completed: 11621 features
11:00:12 [INFO] Layer 2 done: 11621 cols, status=ok, rss=1330MB
11:00:12 [INFO] [Layer 3] 0% - Starting Layer 3...
11:00:12 [INFO] Layer 3 starting, rss=1330MB
11:00:16 [INFO] [L3 streaming][numba][multi][persist] step 10/20 (W5_range): 898→898 cols (-0 dead)
11:00:16 [INFO] [L3 streaming][numba][multi][persist] step 20/20 (W13_range): 898→897 cols (-1 dead)
11:00:16 [INFO] [L3 streaming][numba][multi][persist] complete: 17960 generated, 6 dropped, 17954 survivors persisted via callback
11:00:18 [INFO] [L3] streaming persist (mode=streaming) complete: 17954 cols persisted in 20 groups
11:00:18 [INFO] [Layer 3] 100% - Layer 3 completed: 0 features
11:00:18 [INFO] Layer 3 done: 0 cols, status=offloaded_to_registry, rss=917MB
11:00:18 [INFO] [Layer 4] 0% - Starting Layer 4...
11:00:18 [INFO] Layer 4 starting, rss=917MB
11:00:19 [INFO] [Layer 4] 100% - Layer 4 completed: 7224 features
11:00:19 [INFO] Layer 4 done: 7224 cols, status=ok, rss=1850MB
11:00:19 [INFO] [Layer 5] 0% - Starting Layer 5...
11:00:19 [INFO] Layer 5 starting, rss=1850MB
11:00:19 [INFO] [Layer 5] 100% - Layer 5 completed: 0 features
11:00:19 [INFO] Layer 5 done: 0 cols, status=empty_disabled, rss=1850MB
11:00:19 [INFO] [Layer 6] 0% - Starting Layer 6...
11:00:19 [INFO] Layer 6 starting, rss=1850MB
11:00:19 [INFO] [Layer 6] 100% - Layer 6 completed: 10 features
11:00:19 [INFO] Layer 6 done: 10 cols, status=ok, rss=1775MB
11:00:19 [INFO] [CGSA] Disk pre-check OK: layer=L4_lag symbol=BTCUSDT tf=4h need=2.32 GiB (planned_new=0.14 GiB, max_inflight_tmp×2=0.19 GiB, reserve=2.00 GiB) free=30.04 GiB shape=(5088, 7224)
11:00:20 [INFO] [CGSA] L4_lag persisted group=4h_L4_lag_1 shards=2 total_bytes=97.0 MiB
11:00:20 [INFO] [CGSA] Persisted L4_lag: 7224 cols → 2 groups (tf=4h)
11:00:20 [INFO] [CGSA] Disk pre-check OK: layer=L6_meta symbol=BTCUSDT tf=4h need=2.00 GiB (planned_new=0.00 GiB, max_inflight_tmp×2=0.00 GiB, reserve=2.00 GiB) free=29.90 GiB shape=(5088, 10)
11:00:20 [INFO] [CGSA] Persisted L6_meta: 10 cols → 1 groups (tf=4h)
11:00:20 [INFO] [CGSA][multi_tf] Compact-aligned 241 groups from 4h → 1h (source_rows=5088 logical_rows=20352)
11:00:20 [INFO] [CGSA][multi_tf] All TFs done: 482 total groups in registry
11:00:20 [INFO] [multi_tf:persist] 90% - [CGSA] Running Layer 6.5 → L7_raw streaming persist
11:00:37 [INFO] [L7][CGSA] Quality summary: inf_count=0, coverage=0.9547, non_nan=1465369699/1534866432
11:00:37 [INFO] [L7_raw] Disk pre-check OK: required=2.00 GiB (safety x1.50), estimated_final=2.86 GiB, reclaimable_npy=3.57 GiB, net_growth=0.00 GiB, max_inflight_part=0.38 GiB, largest_part_source=1h_L2_Momentum, reserve_floor=2.00 GiB, free=32.90 GiB, groups=482
11:00:37 [INFO] [L6.5] raw-sink path uses serial group streaming for disk safety (requested_workers=2)
11:00:37 [INFO] [L6.5] Registry raw-sink config: groups=482 requested_workers=2 effective_workers=1 mode=append use_fast=False can_use_numba_fast=False winsor=True rank=False zscore=False fracdiff=False fracdiff_apply_to=non_stationary fracdiff_layers=['L1', 'L2'] adf=False gaussian=False
11:00:37 [INFO] [L6.5] Raw-sink start: 476 full groups (fast=0, slow=476) + 6 big-group splits → 496 sub-tasks (requested_workers=2, effective_workers=1, split_threshold=2000, slow_chunked=6, max_group_cols=8980, schedule=largest_first, rss=1914MB)
11:00:40 [INFO] [L6.5] raw-sink chunk stream start: group=1h_L2_Momentum cols=8980 chunks=5 chunk_size=2000 rss=960MB
11:01:47 [INFO] [L6.5] raw-sink chunk stream complete: group=1h_L2_Momentum chunks=5 outputs=5 rss=1771MB
11:01:47 [INFO] [L6.5] raw-sink heartbeat: tasks 5/496 (1.0%), groups 1/482, elapsed=70.4s, rate=0.07/s, ETA=6909s, rss=1771MB, last=1h_L2_Momentum (slow-chunked, parts=5)
11:01:48 [INFO] [L6.5] raw-sink chunk stream start: group=1h_L4_lag_1 cols=5000 chunks=3 chunk_size=2000 rss=1941MB
11:02:26 [INFO] [L6.5] raw-sink chunk stream complete: group=1h_L4_lag_1 chunks=3 outputs=3 rss=1797MB
11:02:26 [INFO] [L6.5] raw-sink heartbeat: tasks 8/496 (1.6%), groups 2/482, elapsed=109.3s, rate=0.07/s, ETA=6669s, rss=1798MB, last=1h_L4_lag_1 (slow-chunked, parts=3)
11:02:41 [INFO] [L6.5] native-tf path completed: group=4h_L2_Momentum src_tf=4h primary_tf=1h native_rows=5088 primary_rows=20352 outputs=1
11:02:42 [INFO] [L6.5] raw-sink chunk stream start: group=1h_L4_lag_2 cols=2224 chunks=2 chunk_size=2000 rss=1819MB
11:02:58 [INFO] [L6.5] raw-sink chunk stream complete: group=1h_L4_lag_2 chunks=2 outputs=2 rss=2376MB
11:02:58 [INFO] [L6.5] raw-sink heartbeat: tasks 15/496 (3.0%), groups 4/482, elapsed=140.7s, rate=0.11/s, ETA=4513s, rss=2376MB, last=1h_L4_lag_2 (slow-chunked, parts=2)
11:03:06 [INFO] [L6.5] native-tf path completed: group=4h_L4_lag_1 src_tf=4h primary_tf=1h native_rows=5088 primary_rows=20352 outputs=1
11:03:28 [INFO] [L6.5] raw-sink heartbeat: tasks 21/496 (4.2%), groups 8/482, elapsed=171.1s, rate=0.12/s, ETA=3870s, rss=2628MB, last=1h_L3_rolling_W13_Kurt_1 (full)
11:04:00 [INFO] [L6.5] raw-sink heartbeat: tasks 26/496 (5.2%), groups 13/482, elapsed=203.3s, rate=0.13/s, ETA=3675s, rss=2069MB, last=1h_L3_rolling_W13_Skew_1 (full)
11:04:33 [INFO] [L6.5] raw-sink heartbeat: tasks 31/496 (6.2%), groups 18/482, elapsed=235.7s, rate=0.13/s, ETA=3535s, rss=1497MB, last=1h_L3_rolling_W5_Mean_1 (full)
11:05:06 [INFO] [L6.5] raw-sink heartbeat: tasks 36/496 (7.3%), groups 23/482, elapsed=268.5s, rate=0.13/s, ETA=3430s, rss=1346MB, last=1h_L3_rolling_W5_Std_1 (full)
11:05:34 [INFO] [L6.5] native-tf path completed: group=4h_L4_lag_2 src_tf=4h primary_tf=1h native_rows=5088 primary_rows=20352 outputs=1
11:05:35 [INFO] [L6.5] native-tf path completed: group=4h_L2_Cross src_tf=4h primary_tf=1h native_rows=5088 primary_rows=20352 outputs=1
11:05:36 [INFO] [L6.5] native-tf path completed: group=4h_L2_Ratio src_tf=4h primary_tf=1h native_rows=5088 primary_rows=20352 outputs=1
11:05:36 [INFO] [L6.5] raw-sink heartbeat: tasks 44/496 (8.9%), groups 30/482, elapsed=299.2s, rate=0.15/s, ETA=3074s, rss=1739MB, last=4h_L2_Ratio (native-tf, parts=1)
11:05:39 [INFO] [L6.5] native-tf path completed: group=4h_L3_rolling_W13_Kurt_1 src_tf=4h primary_tf=1h native_rows=5088 primary_rows=20352 outputs=1
11:05:41 [INFO] [L6.5] native-tf path completed: group=4h_L3_rolling_W13_Mean_1 src_tf=4h primary_tf=1h native_rows=5088 primary_rows=20352 outputs=1
11:05:42 [INFO] [L6.5] native-tf path completed: group=4h_L3_rolling_W13_Rank_1 src_tf=4h primary_tf=1h native_rows=5088 primary_rows=20352 outputs=1
11:05:43 [INFO] [L6.5] native-tf path completed: group=4h_L3_rolling_W13_Skew_1 src_tf=4h primary_tf=1h native_rows=5088 primary_rows=20352 outputs=1
11:05:44 [INFO] [L6.5] native-tf path completed: group=4h_L3_rolling_W13_Slope_1 src_tf=4h primary_tf=1h native_rows=5088 primary_rows=20352 outputs=1
11:05:45 [INFO] [L6.5] native-tf path completed: group=4h_L3_rolling_W13_Std_1 src_tf=4h primary_tf=1h native_rows=5088 primary_rows=20352 outputs=1
11:05:46 [INFO] [L6.5] native-tf path completed: group=4h_L3_rolling_W13_ZScore_1 src_tf=4h primary_tf=1h native_rows=5088 primary_rows=20352 outputs=1
11:05:47 [INFO] [L6.5] native-tf path completed: group=4h_L3_rolling_W5_Max_1 src_tf=4h primary_tf=1h native_rows=5088 primary_rows=20352 outputs=1
11:05:48 [INFO] [L6.5] native-tf path completed: group=4h_L3_rolling_W5_Mean_1 src_tf=4h primary_tf=1h native_rows=5088 primary_rows=20352 outputs=1
11:05:49 [INFO] [L6.5] native-tf path completed: group=4h_L3_rolling_W5_Min_1 src_tf=4h primary_tf=1h native_rows=5088 primary_rows=20352 outputs=1
11:05:50 [INFO] [L6.5] native-tf path completed: group=4h_L3_rolling_W5_Range_1 src_tf=4h primary_tf=1h native_rows=5088 primary_rows=20352 outputs=1
11:05:51 [INFO] [L6.5] native-tf path completed: group=4h_L3_rolling_W5_Rank_1 src_tf=4h primary_tf=1h native_rows=5088 primary_rows=20352 outputs=1
11:05:52 [INFO] [L6.5] native-tf path completed: group=4h_L3_rolling_W5_Slope_1 src_tf=4h primary_tf=1h native_rows=5088 primary_rows=20352 outputs=1
11:05:53 [INFO] [L6.5] native-tf path completed: group=4h_L3_rolling_W5_Std_1 src_tf=4h primary_tf=1h native_rows=5088 primary_rows=20352 outputs=1
11:05:54 [INFO] [L6.5] native-tf path completed: group=4h_L3_rolling_W13_Max_1 src_tf=4h primary_tf=1h native_rows=5088 primary_rows=20352 outputs=1
11:05:55 [INFO] [L6.5] native-tf path completed: group=4h_L3_rolling_W13_Min_1 src_tf=4h primary_tf=1h native_rows=5088 primary_rows=20352 outputs=1
11:05:56 [INFO] [L6.5] native-tf path completed: group=4h_L3_rolling_W13_Range_1 src_tf=4h primary_tf=1h native_rows=5088 primary_rows=20352 outputs=1
11:05:57 [INFO] [L6.5] native-tf path completed: group=4h_L3_rolling_W5_Kurt_1 src_tf=4h primary_tf=1h native_rows=5088 primary_rows=20352 outputs=1
11:05:58 [INFO] [L6.5] native-tf path completed: group=4h_L3_rolling_W5_Skew_1 src_tf=4h primary_tf=1h native_rows=5088 primary_rows=20352 outputs=1
11:05:59 [INFO] [L6.5] native-tf path completed: group=4h_L3_rolling_W5_ZScore_1 src_tf=4h primary_tf=1h native_rows=5088 primary_rows=20352 outputs=1
11:06:00 [INFO] [L6.5] native-tf path completed: group=4h_L2_Distance src_tf=4h primary_tf=1h native_rows=5088 primary_rows=20352 outputs=1
11:06:01 [INFO] [L6.5] raw-sink heartbeat: tasks 68/496 (13.7%), groups 54/482, elapsed=323.5s, rate=0.21/s, ETA=2036s, rss=903MB, last=1h_L1_momentum_RSI (full)
11:06:01 [INFO] [L6.5] native-tf path completed: group=4h_L2_BinarySignal src_tf=4h primary_tf=1h native_rows=5088 primary_rows=20352 outputs=1
11:06:06 [INFO] [L6.5] raw-sink heartbeat: tasks 92/496 (18.5%), groups 78/482, elapsed=328.5s, rate=0.28/s, ETA=1443s, rss=836MB, last=1h_L1_momentum_MACDFIX-Line (full)
11:06:08 [INFO] [L6.5] native-tf path completed: group=4h_L1_momentum_RSI src_tf=4h primary_tf=1h native_rows=5088 primary_rows=20352 outputs=1
11:06:08 [INFO] [L6.5] native-tf path completed: group=4h_L1_trend_EMA src_tf=4h primary_tf=1h native_rows=5088 primary_rows=20352 outputs=1
11:06:08 [INFO] [L6.5] native-tf path completed: group=4h_L1_trend_SMA src_tf=4h primary_tf=1h native_rows=5088 primary_rows=20352 outputs=1
11:06:08 [INFO] [L6.5] native-tf path completed: group=4h_L1_momentum_ROC src_tf=4h primary_tf=1h native_rows=5088 primary_rows=20352 outputs=1
11:06:09 [INFO] [L6.5] native-tf path completed: group=4h_L1_momentum_ROCP src_tf=4h primary_tf=1h native_rows=5088 primary_rows=20352 outputs=1
11:06:09 [INFO] [L6.5] native-tf path completed: group=4h_L1_momentum_ROCR src_tf=4h primary_tf=1h native_rows=5088 primary_rows=20352 outputs=1
11:06:09 [INFO] [L6.5] native-tf path completed: group=4h_L1_momentum_ROCR100 src_tf=4h primary_tf=1h native_rows=5088 primary_rows=20352 outputs=1
11:06:09 [INFO] [L6.5] native-tf path completed: group=4h_L1_momentum_CMO src_tf=4h primary_tf=1h native_rows=5088 primary_rows=20352 outputs=1
11:06:09 [INFO] [L6.5] raw-sink heartbeat: tasks 116/496 (23.4%), groups 102/482, elapsed=331.7s, rate=0.35/s, ETA=1087s, rss=816MB, last=4h_L1_momentum_CMO (native-tf, parts=1)
11:06:09 [INFO] [L6.5] native-tf path completed: group=4h_L1_momentum_MOM src_tf=4h primary_tf=1h native_rows=5088 primary_rows=20352 outputs=1
11:06:09 [INFO] [L6.5] native-tf path completed: group=4h_L1_momentum_TRIX src_tf=4h primary_tf=1h native_rows=5088 primary_rows=20352 outputs=1
11:06:09 [INFO] [L6.5] native-tf path completed: group=4h_L1_trend_DEMA src_tf=4h primary_tf=1h native_rows=5088 primary_rows=20352 outputs=1
11:06:09 [INFO] [L6.5] native-tf path completed: group=4h_L1_trend_KAMA src_tf=4h primary_tf=1h native_rows=5088 primary_rows=20352 outputs=1
11:06:09 [INFO] [L6.5] native-tf path completed: group=4h_L1_trend_MA src_tf=4h primary_tf=1h native_rows=5088 primary_rows=20352 outputs=1
11:06:09 [INFO] [L6.5] native-tf path completed: group=4h_L1_trend_MAVP src_tf=4h primary_tf=1h native_rows=5088 primary_rows=20352 outputs=1
11:06:10 [INFO] [L6.5] native-tf path completed: group=4h_L1_trend_MIDPOINT src_tf=4h primary_tf=1h native_rows=5088 primary_rows=20352 outputs=1
11:06:10 [INFO] [L6.5] native-tf path completed: group=4h_L1_trend_T3 src_tf=4h primary_tf=1h native_rows=5088 primary_rows=20352 outputs=1
11:06:10 [INFO] [L6.5] native-tf path completed: group=4h_L1_trend_TEMA src_tf=4h primary_tf=1h native_rows=5088 primary_rows=20352 outputs=1
11:06:10 [INFO] [L6.5] native-tf path completed: group=4h_L1_trend_TRIMA src_tf=4h primary_tf=1h native_rows=5088 primary_rows=20352 outputs=1
11:06:10 [INFO] [L6.5] native-tf path completed: group=4h_L1_trend_WMA src_tf=4h primary_tf=1h native_rows=5088 primary_rows=20352 outputs=1
11:06:10 [INFO] [L6.5] native-tf path completed: group=4h_L1_trend_BBANDS-Lower src_tf=4h primary_tf=1h native_rows=5088 primary_rows=20352 outputs=1
11:06:10 [INFO] [L6.5] native-tf path completed: group=4h_L1_trend_BBANDS-Middle src_tf=4h primary_tf=1h native_rows=5088 primary_rows=20352 outputs=1
11:06:10 [INFO] [L6.5] native-tf path completed: group=4h_L1_trend_BBANDS-Upper src_tf=4h primary_tf=1h native_rows=5088 primary_rows=20352 outputs=1
11:06:10 [INFO] [L6.5] native-tf path completed: group=4h_L1_momentum_MACDFIX-Hist src_tf=4h primary_tf=1h native_rows=5088 primary_rows=20352 outputs=1
11:06:10 [INFO] [L6.5] native-tf path completed: group=4h_L1_momentum_MACDFIX-Line src_tf=4h primary_tf=1h native_rows=5088 primary_rows=20352 outputs=1
11:06:11 [INFO] [L6.5] native-tf path completed: group=4h_L1_momentum_MACDFIX-Signal src_tf=4h primary_tf=1h native_rows=5088 primary_rows=20352 outputs=1
11:06:11 [INFO] [L6.5] native-tf path completed: group=4h_L1_momentum_WILLR src_tf=4h primary_tf=1h native_rows=5088 primary_rows=20352 outputs=1
11:06:11 [INFO] [L6.5] native-tf path completed: group=4h_L1_momentum_CCI src_tf=4h primary_tf=1h native_rows=5088 primary_rows=20352 outputs=1
11:06:11 [INFO] [L6.5] native-tf path completed: group=4h_L6_meta src_tf=4h primary_tf=1h native_rows=5088 primary_rows=20352 outputs=1
11:06:11 [INFO] [L6.5] native-tf path completed: group=4h_L1_momentum_ADX src_tf=4h primary_tf=1h native_rows=5088 primary_rows=20352 outputs=1
11:06:11 [INFO] [L6.5] native-tf path completed: group=4h_L1_momentum_ADXR src_tf=4h primary_tf=1h native_rows=5088 primary_rows=20352 outputs=1
11:06:11 [INFO] [L6.5] native-tf path completed: group=4h_L1_momentum_AROON-aroondown src_tf=4h primary_tf=1h native_rows=5088 primary_rows=20352 outputs=1
11:06:11 [INFO] [L6.5] native-tf path completed: group=4h_L1_momentum_AROON-aroonup src_tf=4h primary_tf=1h native_rows=5088 primary_rows=20352 outputs=1
11:06:11 [INFO] [L6.5] raw-sink heartbeat: tasks 140/496 (28.2%), groups 126/482, elapsed=334.0s, rate=0.42/s, ETA=849s, rss=796MB, last=4h_L1_momentum_AROON-aroonup (native-tf, parts=1)
11:06:11 [INFO] [L6.5] native-tf path completed: group=4h_L1_momentum_AROONOSC src_tf=4h primary_tf=1h native_rows=5088 primary_rows=20352 outputs=1
11:06:11 [INFO] [L6.5] native-tf path completed: group=4h_L1_momentum_DX src_tf=4h primary_tf=1h native_rows=5088 primary_rows=20352 outputs=1
11:06:11 [INFO] [L6.5] native-tf path completed: group=4h_L1_momentum_MINUS-DI src_tf=4h primary_tf=1h native_rows=5088 primary_rows=20352 outputs=1
11:06:12 [INFO] [L6.5] native-tf path completed: group=4h_L1_momentum_MINUS-DM src_tf=4h primary_tf=1h native_rows=5088 primary_rows=20352 outputs=1
11:06:12 [INFO] [L6.5] native-tf path completed: group=4h_L1_momentum_PLUS-DI src_tf=4h primary_tf=1h native_rows=5088 primary_rows=20352 outputs=1
11:06:12 [INFO] [L6.5] native-tf path completed: group=4h_L1_momentum_PLUS-DM src_tf=4h primary_tf=1h native_rows=5088 primary_rows=20352 outputs=1
11:06:12 [INFO] [L6.5] native-tf path completed: group=4h_L1_trend_MIDPRICE src_tf=4h primary_tf=1h native_rows=5088 primary_rows=20352 outputs=1
11:06:13 [INFO] [L6.5] raw-sink heartbeat: tasks 164/496 (33.1%), groups 150/482, elapsed=336.2s, rate=0.49/s, ETA=681s, rss=723MB, last=1h_L1_momentum_MACD-Hist_21-55-9 (full)
11:06:16 [INFO] [L6.5] raw-sink heartbeat: tasks 188/496 (37.9%), groups 174/482, elapsed=338.4s, rate=0.56/s, ETA=554s, rss=723MB, last=1h_L1_momentum_MACD-Signal_13-34-9 (full)
11:06:18 [INFO] [L6.5] raw-sink heartbeat: tasks 212/496 (42.7%), groups 198/482, elapsed=340.7s, rate=0.62/s, ETA=456s, rss=721MB, last=1h_L1_momentum_MACDEXT-Hist_8-34-9 (full)
11:06:20 [INFO] [L6.5] raw-sink heartbeat: tasks 236/496 (47.6%), groups 222/482, elapsed=343.0s, rate=0.69/s, ETA=378s, rss=721MB, last=1h_L1_momentum_MACDEXT-Signal_55-233-34 (full)
11:06:22 [INFO] [L6.5] raw-sink heartbeat: tasks 260/496 (52.4%), groups 246/482, elapsed=345.2s, rate=0.75/s, ETA=313s, rss=721MB, last=1h_L1_momentum_STOCHRSI-fastk_14-5-3-0 (full)
11:06:23 [INFO] [L6.5] native-tf path completed: group=4h_L1_momentum_MFI src_tf=4h primary_tf=1h native_rows=5088 primary_rows=20352 outputs=1
11:06:25 [INFO] [L6.5] raw-sink heartbeat: tasks 284/496 (57.3%), groups 270/482, elapsed=347.3s, rate=0.82/s, ETA=259s, rss=721MB, last=1h_L1_momentum_STOCH-slowk_13-5-0-3-0 (full)
11:06:27 [INFO] [L6.5] raw-sink heartbeat: tasks 308/496 (62.1%), groups 294/482, elapsed=349.4s, rate=0.88/s, ETA=213s, rss=721MB, last=1h_L1_momentum_STOCHF-fastk_55-5-0 (full)
11:06:28 [INFO] [L6.5] native-tf path completed: group=4h_L1_momentum_APO_12-26-0 src_tf=4h primary_tf=1h native_rows=5088 primary_rows=20352 outputs=1
11:06:28 [INFO] [L6.5] native-tf path completed: group=4h_L1_momentum_APO_13-34-0 src_tf=4h primary_tf=1h native_rows=5088 primary_rows=20352 outputs=1
11:06:28 [INFO] [L6.5] native-tf path completed: group=4h_L1_momentum_APO_13-55-0 src_tf=4h primary_tf=1h native_rows=5088 primary_rows=20352 outputs=1
11:06:28 [INFO] [L6.5] native-tf path completed: group=4h_L1_momentum_APO_21-55-0 src_tf=4h primary_tf=1h native_rows=5088 primary_rows=20352 outputs=1
11:06:28 [INFO] [L6.5] native-tf path completed: group=4h_L1_momentum_APO_21-89-0 src_tf=4h primary_tf=1h native_rows=5088 primary_rows=20352 outputs=1
11:06:28 [INFO] [L6.5] native-tf path completed: group=4h_L1_momentum_APO_34-144-0 src_tf=4h primary_tf=1h native_rows=5088 primary_rows=20352 outputs=1
11:06:28 [INFO] [L6.5] native-tf path completed: group=4h_L1_momentum_APO_34-89-0 src_tf=4h primary_tf=1h native_rows=5088 primary_rows=20352 outputs=1
11:06:28 [INFO] [L6.5] native-tf path completed: group=4h_L1_momentum_APO_5-13-0 src_tf=4h primary_tf=1h native_rows=5088 primary_rows=20352 outputs=1
11:06:29 [INFO] [L6.5] native-tf path completed: group=4h_L1_momentum_APO_5-21-0 src_tf=4h primary_tf=1h native_rows=5088 primary_rows=20352 outputs=1
11:06:29 [INFO] [L6.5] native-tf path completed: group=4h_L1_momentum_APO_55-144-0 src_tf=4h primary_tf=1h native_rows=5088 primary_rows=20352 outputs=1
11:06:29 [INFO] [L6.5] raw-sink heartbeat: tasks 332/496 (66.9%), groups 318/482, elapsed=351.4s, rate=0.94/s, ETA=174s, rss=721MB, last=4h_L1_momentum_APO_55-144-0 (native-tf, parts=1)
11:06:29 [INFO] [L6.5] native-tf path completed: group=4h_L1_momentum_APO_55-233-0 src_tf=4h primary_tf=1h native_rows=5088 primary_rows=20352 outputs=1
11:06:29 [INFO] [L6.5] native-tf path completed: group=4h_L1_momentum_APO_8-21-0 src_tf=4h primary_tf=1h native_rows=5088 primary_rows=20352 outputs=1
11:06:29 [INFO] [L6.5] native-tf path completed: group=4h_L1_momentum_APO_8-34-0 src_tf=4h primary_tf=1h native_rows=5088 primary_rows=20352 outputs=1
11:06:29 [INFO] [L6.5] native-tf path completed: group=4h_L1_momentum_MACD-Hist_12-26-9 src_tf=4h primary_tf=1h native_rows=5088 primary_rows=20352 outputs=1
11:06:29 [INFO] [L6.5] native-tf path completed: group=4h_L1_momentum_MACD-Hist_13-34-9 src_tf=4h primary_tf=1h native_rows=5088 primary_rows=20352 outputs=1
11:06:29 [INFO] [L6.5] native-tf path completed: group=4h_L1_momentum_MACD-Hist_13-55-13 src_tf=4h primary_tf=1h native_rows=5088 primary_rows=20352 outputs=1
11:06:29 [INFO] [L6.5] native-tf path completed: group=4h_L1_momentum_MACD-Hist_21-55-9 src_tf=4h primary_tf=1h native_rows=5088 primary_rows=20352 outputs=1
11:06:29 [INFO] [L6.5] native-tf path completed: group=4h_L1_momentum_MACD-Hist_21-89-13 src_tf=4h primary_tf=1h native_rows=5088 primary_rows=20352 outputs=1
11:06:29 [INFO] [L6.5] native-tf path completed: group=4h_L1_momentum_MACD-Hist_34-144-21 src_tf=4h primary_tf=1h native_rows=5088 primary_rows=20352 outputs=1
11:06:29 [INFO] [L6.5] native-tf path completed: group=4h_L1_momentum_MACD-Hist_34-89-13 src_tf=4h primary_tf=1h native_rows=5088 primary_rows=20352 outputs=1
11:06:30 [INFO] [L6.5] native-tf path completed: group=4h_L1_momentum_MACD-Hist_5-13-3 src_tf=4h primary_tf=1h native_rows=5088 primary_rows=20352 outputs=1
11:06:30 [INFO] [L6.5] native-tf path completed: group=4h_L1_momentum_MACD-Hist_5-21-5 src_tf=4h primary_tf=1h native_rows=5088 primary_rows=20352 outputs=1
11:06:30 [INFO] [L6.5] native-tf path completed: group=4h_L1_momentum_MACD-Hist_55-144-21 src_tf=4h primary_tf=1h native_rows=5088 primary_rows=20352 outputs=1
11:06:30 [INFO] [L6.5] native-tf path completed: group=4h_L1_momentum_MACD-Hist_55-233-34 src_tf=4h primary_tf=1h native_rows=5088 primary_rows=20352 outputs=1
11:06:30 [INFO] [L6.5] native-tf path completed: group=4h_L1_momentum_MACD-Hist_8-21-5 src_tf=4h primary_tf=1h native_rows=5088 primary_rows=20352 outputs=1
11:06:30 [INFO] [L6.5] native-tf path completed: group=4h_L1_momentum_MACD-Hist_8-34-9 src_tf=4h primary_tf=1h native_rows=5088 primary_rows=20352 outputs=1
11:06:30 [INFO] [L6.5] native-tf path completed: group=4h_L1_momentum_MACD-Line_12-26-9 src_tf=4h primary_tf=1h native_rows=5088 primary_rows=20352 outputs=1
11:06:30 [INFO] [L6.5] native-tf path completed: group=4h_L1_momentum_MACD-Line_13-34-9 src_tf=4h primary_tf=1h native_rows=5088 primary_rows=20352 outputs=1
11:06:30 [INFO] [L6.5] native-tf path completed: group=4h_L1_momentum_MACD-Line_13-55-13 src_tf=4h primary_tf=1h native_rows=5088 primary_rows=20352 outputs=1
11:06:30 [INFO] [L6.5] native-tf path completed: group=4h_L1_momentum_MACD-Line_21-55-9 src_tf=4h primary_tf=1h native_rows=5088 primary_rows=20352 outputs=1
11:06:30 [INFO] [L6.5] native-tf path completed: group=4h_L1_momentum_MACD-Line_21-89-13 src_tf=4h primary_tf=1h native_rows=5088 primary_rows=20352 outputs=1
11:06:30 [INFO] [L6.5] native-tf path completed: group=4h_L1_momentum_MACD-Line_34-144-21 src_tf=4h primary_tf=1h native_rows=5088 primary_rows=20352 outputs=1
11:06:31 [INFO] [L6.5] native-tf path completed: group=4h_L1_momentum_MACD-Line_34-89-13 src_tf=4h primary_tf=1h native_rows=5088 primary_rows=20352 outputs=1
11:06:31 [INFO] [L6.5] native-tf path completed: group=4h_L1_momentum_MACD-Line_5-13-3 src_tf=4h primary_tf=1h native_rows=5088 primary_rows=20352 outputs=1
11:06:31 [INFO] [L6.5] raw-sink heartbeat: tasks 356/496 (71.8%), groups 342/482, elapsed=353.4s, rate=1.01/s, ETA=139s, rss=721MB, last=4h_L1_momentum_MACD-Line_5-13-3 (native-tf, parts=1)
11:06:31 [INFO] [L6.5] native-tf path completed: group=4h_L1_momentum_MACD-Line_5-21-5 src_tf=4h primary_tf=1h native_rows=5088 primary_rows=20352 outputs=1
11:06:31 [INFO] [L6.5] native-tf path completed: group=4h_L1_momentum_MACD-Line_55-144-21 src_tf=4h primary_tf=1h native_rows=5088 primary_rows=20352 outputs=1
11:06:31 [INFO] [L6.5] native-tf path completed: group=4h_L1_momentum_MACD-Line_55-233-34 src_tf=4h primary_tf=1h native_rows=5088 primary_rows=20352 outputs=1
11:06:31 [INFO] [L6.5] native-tf path completed: group=4h_L1_momentum_MACD-Line_8-21-5 src_tf=4h primary_tf=1h native_rows=5088 primary_rows=20352 outputs=1
11:06:31 [INFO] [L6.5] native-tf path completed: group=4h_L1_momentum_MACD-Line_8-34-9 src_tf=4h primary_tf=1h native_rows=5088 primary_rows=20352 outputs=1
11:06:31 [INFO] [L6.5] native-tf path completed: group=4h_L1_momentum_MACD-Signal_12-26-9 src_tf=4h primary_tf=1h native_rows=5088 primary_rows=20352 outputs=1
11:06:31 [INFO] [L6.5] native-tf path completed: group=4h_L1_momentum_MACD-Signal_13-34-9 src_tf=4h primary_tf=1h native_rows=5088 primary_rows=20352 outputs=1
11:06:31 [INFO] [L6.5] native-tf path completed: group=4h_L1_momentum_MACD-Signal_13-55-13 src_tf=4h primary_tf=1h native_rows=5088 primary_rows=20352 outputs=1
11:06:31 [INFO] [L6.5] native-tf path completed: group=4h_L1_momentum_MACD-Signal_21-55-9 src_tf=4h primary_tf=1h native_rows=5088 primary_rows=20352 outputs=1
11:06:31 [INFO] [L6.5] native-tf path completed: group=4h_L1_momentum_MACD-Signal_21-89-13 src_tf=4h primary_tf=1h native_rows=5088 primary_rows=20352 outputs=1
11:06:32 [INFO] [L6.5] native-tf path completed: group=4h_L1_momentum_MACD-Signal_34-144-21 src_tf=4h primary_tf=1h native_rows=5088 primary_rows=20352 outputs=1
11:06:32 [INFO] [L6.5] native-tf path completed: group=4h_L1_momentum_MACD-Signal_34-89-13 src_tf=4h primary_tf=1h native_rows=5088 primary_rows=20352 outputs=1
11:06:32 [INFO] [L6.5] native-tf path completed: group=4h_L1_momentum_MACD-Signal_5-13-3 src_tf=4h primary_tf=1h native_rows=5088 primary_rows=20352 outputs=1
11:06:32 [INFO] [L6.5] native-tf path completed: group=4h_L1_momentum_MACD-Signal_5-21-5 src_tf=4h primary_tf=1h native_rows=5088 primary_rows=20352 outputs=1
11:06:32 [INFO] [L6.5] native-tf path completed: group=4h_L1_momentum_MACD-Signal_55-144-21 src_tf=4h primary_tf=1h native_rows=5088 primary_rows=20352 outputs=1
11:06:32 [INFO] [L6.5] native-tf path completed: group=4h_L1_momentum_MACD-Signal_55-233-34 src_tf=4h primary_tf=1h native_rows=5088 primary_rows=20352 outputs=1
11:06:32 [INFO] [L6.5] native-tf path completed: group=4h_L1_momentum_MACD-Signal_8-21-5 src_tf=4h primary_tf=1h native_rows=5088 primary_rows=20352 outputs=1
11:06:32 [INFO] [L6.5] native-tf path completed: group=4h_L1_momentum_MACD-Signal_8-34-9 src_tf=4h primary_tf=1h native_rows=5088 primary_rows=20352 outputs=1
11:06:32 [INFO] [L6.5] native-tf path completed: group=4h_L1_momentum_MACDEXT-Hist_12-26-9 src_tf=4h primary_tf=1h native_rows=5088 primary_rows=20352 outputs=1
11:06:32 [INFO] [L6.5] native-tf path completed: group=4h_L1_momentum_MACDEXT-Hist_13-34-9 src_tf=4h primary_tf=1h native_rows=5088 primary_rows=20352 outputs=1
11:06:32 [INFO] [L6.5] native-tf path completed: group=4h_L1_momentum_MACDEXT-Hist_13-55-13 src_tf=4h primary_tf=1h native_rows=5088 primary_rows=20352 outputs=1
11:06:32 [INFO] [L6.5] native-tf path completed: group=4h_L1_momentum_MACDEXT-Hist_21-55-9 src_tf=4h primary_tf=1h native_rows=5088 primary_rows=20352 outputs=1
11:06:33 [INFO] [L6.5] native-tf path completed: group=4h_L1_momentum_MACDEXT-Hist_21-89-13 src_tf=4h primary_tf=1h native_rows=5088 primary_rows=20352 outputs=1
11:06:33 [INFO] [L6.5] native-tf path completed: group=4h_L1_momentum_MACDEXT-Hist_34-144-21 src_tf=4h primary_tf=1h native_rows=5088 primary_rows=20352 outputs=1
11:06:33 [INFO] [L6.5] raw-sink heartbeat: tasks 380/496 (76.6%), groups 366/482, elapsed=355.4s, rate=1.07/s, ETA=108s, rss=620MB, last=4h_L1_momentum_MACDEXT-Hist_34-144-21 (native-tf, parts=1)
11:06:33 [INFO] [L6.5] native-tf path completed: group=4h_L1_momentum_MACDEXT-Hist_34-89-13 src_tf=4h primary_tf=1h native_rows=5088 primary_rows=20352 outputs=1
11:06:33 [INFO] [L6.5] native-tf path completed: group=4h_L1_momentum_MACDEXT-Hist_5-13-3 src_tf=4h primary_tf=1h native_rows=5088 primary_rows=20352 outputs=1
11:06:33 [INFO] [L6.5] native-tf path completed: group=4h_L1_momentum_MACDEXT-Hist_5-21-5 src_tf=4h primary_tf=1h native_rows=5088 primary_rows=20352 outputs=1
11:06:33 [INFO] [L6.5] native-tf path completed: group=4h_L1_momentum_MACDEXT-Hist_55-144-21 src_tf=4h primary_tf=1h native_rows=5088 primary_rows=20352 outputs=1
11:06:33 [INFO] [L6.5] native-tf path completed: group=4h_L1_momentum_MACDEXT-Hist_55-233-34 src_tf=4h primary_tf=1h native_rows=5088 primary_rows=20352 outputs=1
11:06:33 [INFO] [L6.5] native-tf path completed: group=4h_L1_momentum_MACDEXT-Hist_8-21-5 src_tf=4h primary_tf=1h native_rows=5088 primary_rows=20352 outputs=1
11:06:33 [INFO] [L6.5] native-tf path completed: group=4h_L1_momentum_MACDEXT-Hist_8-34-9 src_tf=4h primary_tf=1h native_rows=5088 primary_rows=20352 outputs=1
11:06:33 [INFO] [L6.5] native-tf path completed: group=4h_L1_momentum_MACDEXT-Line_12-26-9 src_tf=4h primary_tf=1h native_rows=5088 primary_rows=20352 outputs=1
11:06:33 [INFO] [L6.5] native-tf path completed: group=4h_L1_momentum_MACDEXT-Line_13-34-9 src_tf=4h primary_tf=1h native_rows=5088 primary_rows=20352 outputs=1
11:06:33 [INFO] [L6.5] native-tf path completed: group=4h_L1_momentum_MACDEXT-Line_13-55-13 src_tf=4h primary_tf=1h native_rows=5088 primary_rows=20352 outputs=1
11:06:34 [INFO] [L6.5] native-tf path completed: group=4h_L1_momentum_MACDEXT-Line_21-55-9 src_tf=4h primary_tf=1h native_rows=5088 primary_rows=20352 outputs=1
11:06:34 [INFO] [L6.5] native-tf path completed: group=4h_L1_momentum_MACDEXT-Line_21-89-13 src_tf=4h primary_tf=1h native_rows=5088 primary_rows=20352 outputs=1
11:06:34 [INFO] [L6.5] native-tf path completed: group=4h_L1_momentum_MACDEXT-Line_34-144-21 src_tf=4h primary_tf=1h native_rows=5088 primary_rows=20352 outputs=1
11:06:34 [INFO] [L6.5] native-tf path completed: group=4h_L1_momentum_MACDEXT-Line_34-89-13 src_tf=4h primary_tf=1h native_rows=5088 primary_rows=20352 outputs=1
11:06:34 [INFO] [L6.5] native-tf path completed: group=4h_L1_momentum_MACDEXT-Line_5-13-3 src_tf=4h primary_tf=1h native_rows=5088 primary_rows=20352 outputs=1
11:06:34 [INFO] [L6.5] native-tf path completed: group=4h_L1_momentum_MACDEXT-Line_5-21-5 src_tf=4h primary_tf=1h native_rows=5088 primary_rows=20352 outputs=1
11:06:34 [INFO] [L6.5] native-tf path completed: group=4h_L1_momentum_MACDEXT-Line_55-144-21 src_tf=4h primary_tf=1h native_rows=5088 primary_rows=20352 outputs=1
11:06:34 [INFO] [L6.5] native-tf path completed: group=4h_L1_momentum_MACDEXT-Line_55-233-34 src_tf=4h primary_tf=1h native_rows=5088 primary_rows=20352 outputs=1
11:06:34 [INFO] [L6.5] native-tf path completed: group=4h_L1_momentum_MACDEXT-Line_8-21-5 src_tf=4h primary_tf=1h native_rows=5088 primary_rows=20352 outputs=1
11:06:34 [INFO] [L6.5] native-tf path completed: group=4h_L1_momentum_MACDEXT-Line_8-34-9 src_tf=4h primary_tf=1h native_rows=5088 primary_rows=20352 outputs=1
11:06:34 [INFO] [L6.5] native-tf path completed: group=4h_L1_momentum_MACDEXT-Signal_12-26-9 src_tf=4h primary_tf=1h native_rows=5088 primary_rows=20352 outputs=1
11:06:34 [INFO] [L6.5] native-tf path completed: group=4h_L1_momentum_MACDEXT-Signal_13-34-9 src_tf=4h primary_tf=1h native_rows=5088 primary_rows=20352 outputs=1
11:06:35 [INFO] [L6.5] native-tf path completed: group=4h_L1_momentum_MACDEXT-Signal_13-55-13 src_tf=4h primary_tf=1h native_rows=5088 primary_rows=20352 outputs=1
11:06:35 [INFO] [L6.5] native-tf path completed: group=4h_L1_momentum_MACDEXT-Signal_21-55-9 src_tf=4h primary_tf=1h native_rows=5088 primary_rows=20352 outputs=1
11:06:35 [INFO] [L6.5] raw-sink heartbeat: tasks 404/496 (81.5%), groups 390/482, elapsed=357.4s, rate=1.13/s, ETA=81s, rss=619MB, last=4h_L1_momentum_MACDEXT-Signal_21-55-9 (native-tf, parts=1)
11:06:35 [INFO] [L6.5] native-tf path completed: group=4h_L1_momentum_MACDEXT-Signal_21-89-13 src_tf=4h primary_tf=1h native_rows=5088 primary_rows=20352 outputs=1
11:06:35 [INFO] [L6.5] native-tf path completed: group=4h_L1_momentum_MACDEXT-Signal_34-144-21 src_tf=4h primary_tf=1h native_rows=5088 primary_rows=20352 outputs=1
11:06:35 [INFO] [L6.5] native-tf path completed: group=4h_L1_momentum_MACDEXT-Signal_34-89-13 src_tf=4h primary_tf=1h native_rows=5088 primary_rows=20352 outputs=1
11:06:35 [INFO] [L6.5] native-tf path completed: group=4h_L1_momentum_MACDEXT-Signal_5-13-3 src_tf=4h primary_tf=1h native_rows=5088 primary_rows=20352 outputs=1
11:06:35 [INFO] [L6.5] native-tf path completed: group=4h_L1_momentum_MACDEXT-Signal_5-21-5 src_tf=4h primary_tf=1h native_rows=5088 primary_rows=20352 outputs=1
11:06:35 [INFO] [L6.5] native-tf path completed: group=4h_L1_momentum_MACDEXT-Signal_55-144-21 src_tf=4h primary_tf=1h native_rows=5088 primary_rows=20352 outputs=1
11:06:35 [INFO] [L6.5] native-tf path completed: group=4h_L1_momentum_MACDEXT-Signal_55-233-34 src_tf=4h primary_tf=1h native_rows=5088 primary_rows=20352 outputs=1
11:06:35 [INFO] [L6.5] native-tf path completed: group=4h_L1_momentum_MACDEXT-Signal_8-21-5 src_tf=4h primary_tf=1h native_rows=5088 primary_rows=20352 outputs=1
11:06:35 [INFO] [L6.5] native-tf path completed: group=4h_L1_momentum_MACDEXT-Signal_8-34-9 src_tf=4h primary_tf=1h native_rows=5088 primary_rows=20352 outputs=1
11:06:35 [INFO] [L6.5] native-tf path completed: group=4h_L1_momentum_PPO_12-26-0 src_tf=4h primary_tf=1h native_rows=5088 primary_rows=20352 outputs=1
11:06:35 [INFO] [L6.5] native-tf path completed: group=4h_L1_momentum_PPO_13-34-0 src_tf=4h primary_tf=1h native_rows=5088 primary_rows=20352 outputs=1
11:06:36 [INFO] [L6.5] native-tf path completed: group=4h_L1_momentum_PPO_13-55-0 src_tf=4h primary_tf=1h native_rows=5088 primary_rows=20352 outputs=1
11:06:36 [INFO] [L6.5] native-tf path completed: group=4h_L1_momentum_PPO_21-55-0 src_tf=4h primary_tf=1h native_rows=5088 primary_rows=20352 outputs=1
11:06:36 [INFO] [L6.5] native-tf path completed: group=4h_L1_momentum_PPO_21-89-0 src_tf=4h primary_tf=1h native_rows=5088 primary_rows=20352 outputs=1
11:06:36 [INFO] [L6.5] native-tf path completed: group=4h_L1_momentum_PPO_34-144-0 src_tf=4h primary_tf=1h native_rows=5088 primary_rows=20352 outputs=1
11:06:36 [INFO] [L6.5] native-tf path completed: group=4h_L1_momentum_PPO_34-89-0 src_tf=4h primary_tf=1h native_rows=5088 primary_rows=20352 outputs=1
11:06:36 [INFO] [L6.5] native-tf path completed: group=4h_L1_momentum_PPO_5-13-0 src_tf=4h primary_tf=1h native_rows=5088 primary_rows=20352 outputs=1
11:06:36 [INFO] [L6.5] native-tf path completed: group=4h_L1_momentum_PPO_5-21-0 src_tf=4h primary_tf=1h native_rows=5088 primary_rows=20352 outputs=1
11:06:36 [INFO] [L6.5] native-tf path completed: group=4h_L1_momentum_PPO_55-144-0 src_tf=4h primary_tf=1h native_rows=5088 primary_rows=20352 outputs=1
11:06:36 [INFO] [L6.5] native-tf path completed: group=4h_L1_momentum_PPO_55-233-0 src_tf=4h primary_tf=1h native_rows=5088 primary_rows=20352 outputs=1
11:06:36 [INFO] [L6.5] native-tf path completed: group=4h_L1_momentum_PPO_8-21-0 src_tf=4h primary_tf=1h native_rows=5088 primary_rows=20352 outputs=1
11:06:36 [INFO] [L6.5] native-tf path completed: group=4h_L1_momentum_PPO_8-34-0 src_tf=4h primary_tf=1h native_rows=5088 primary_rows=20352 outputs=1
11:06:36 [INFO] [L6.5] native-tf path completed: group=4h_L1_momentum_STOCHRSI-fastd_14-3-3-0 src_tf=4h primary_tf=1h native_rows=5088 primary_rows=20352 outputs=1
11:06:37 [INFO] [L6.5] native-tf path completed: group=4h_L1_momentum_STOCHRSI-fastd_14-5-3-0 src_tf=4h primary_tf=1h native_rows=5088 primary_rows=20352 outputs=1
11:06:37 [INFO] [L6.5] raw-sink heartbeat: tasks 428/496 (86.3%), groups 414/482, elapsed=359.4s, rate=1.19/s, ETA=57s, rss=619MB, last=4h_L1_momentum_STOCHRSI-fastd_14-5-3-0 (native-tf, parts=1)
11:06:37 [INFO] [L6.5] native-tf path completed: group=4h_L1_momentum_STOCHRSI-fastd_21-5-3-0 src_tf=4h primary_tf=1h native_rows=5088 primary_rows=20352 outputs=1
11:06:37 [INFO] [L6.5] native-tf path completed: group=4h_L1_momentum_STOCHRSI-fastd_21-8-5-0 src_tf=4h primary_tf=1h native_rows=5088 primary_rows=20352 outputs=1
11:06:37 [INFO] [L6.5] native-tf path completed: group=4h_L1_momentum_STOCHRSI-fastd_34-8-5-0 src_tf=4h primary_tf=1h native_rows=5088 primary_rows=20352 outputs=1
11:06:37 [INFO] [L6.5] native-tf path completed: group=4h_L1_momentum_STOCHRSI-fastd_55-8-5-0 src_tf=4h primary_tf=1h native_rows=5088 primary_rows=20352 outputs=1
11:06:37 [INFO] [L6.5] native-tf path completed: group=4h_L1_momentum_STOCHRSI-fastd_9-5-3-0 src_tf=4h primary_tf=1h native_rows=5088 primary_rows=20352 outputs=1
11:06:37 [INFO] [L6.5] native-tf path completed: group=4h_L1_momentum_STOCHRSI-fastk_14-3-3-0 src_tf=4h primary_tf=1h native_rows=5088 primary_rows=20352 outputs=1
11:06:37 [INFO] [L6.5] native-tf path completed: group=4h_L1_momentum_STOCHRSI-fastk_14-5-3-0 src_tf=4h primary_tf=1h native_rows=5088 primary_rows=20352 outputs=1
11:06:37 [INFO] [L6.5] native-tf path completed: group=4h_L1_momentum_STOCHRSI-fastk_21-5-3-0 src_tf=4h primary_tf=1h native_rows=5088 primary_rows=20352 outputs=1
11:06:37 [INFO] [L6.5] native-tf path completed: group=4h_L1_momentum_STOCHRSI-fastk_21-8-5-0 src_tf=4h primary_tf=1h native_rows=5088 primary_rows=20352 outputs=1
11:06:37 [INFO] [L6.5] native-tf path completed: group=4h_L1_momentum_STOCHRSI-fastk_34-8-5-0 src_tf=4h primary_tf=1h native_rows=5088 primary_rows=20352 outputs=1
11:06:37 [INFO] [L6.5] native-tf path completed: group=4h_L1_momentum_STOCHRSI-fastk_55-8-5-0 src_tf=4h primary_tf=1h native_rows=5088 primary_rows=20352 outputs=1
11:06:38 [INFO] [L6.5] native-tf path completed: group=4h_L1_momentum_STOCHRSI-fastk_9-5-3-0 src_tf=4h primary_tf=1h native_rows=5088 primary_rows=20352 outputs=1
11:06:38 [INFO] [L6.5] native-tf path completed: group=4h_L1_trend_HT-TRENDLINE src_tf=4h primary_tf=1h native_rows=5088 primary_rows=20352 outputs=1
11:06:38 [INFO] [L6.5] native-tf path completed: group=4h_L1_trend_MAMA-FAMA_0.5-0.05 src_tf=4h primary_tf=1h native_rows=5088 primary_rows=20352 outputs=1
11:06:38 [INFO] [L6.5] native-tf path completed: group=4h_L1_trend_MAMA_0.5-0.05 src_tf=4h primary_tf=1h native_rows=5088 primary_rows=20352 outputs=1
11:06:38 [INFO] [L6.5] native-tf path completed: group=4h_L1_momentum_BOP src_tf=4h primary_tf=1h native_rows=5088 primary_rows=20352 outputs=1
11:06:38 [INFO] [L6.5] native-tf path completed: group=4h_L1_momentum_STOCH-slowd_13-3-0-3-0 src_tf=4h primary_tf=1h native_rows=5088 primary_rows=20352 outputs=1
11:06:38 [INFO] [L6.5] native-tf path completed: group=4h_L1_momentum_STOCH-slowd_13-5-0-3-0 src_tf=4h primary_tf=1h native_rows=5088 primary_rows=20352 outputs=1
11:06:38 [INFO] [L6.5] native-tf path completed: group=4h_L1_momentum_STOCH-slowd_21-3-0-3-0 src_tf=4h primary_tf=1h native_rows=5088 primary_rows=20352 outputs=1
11:06:38 [INFO] [L6.5] native-tf path completed: group=4h_L1_momentum_STOCH-slowd_21-5-0-3-0 src_tf=4h primary_tf=1h native_rows=5088 primary_rows=20352 outputs=1
11:06:38 [INFO] [L6.5] native-tf path completed: group=4h_L1_momentum_STOCH-slowd_21-5-0-5-0 src_tf=4h primary_tf=1h native_rows=5088 primary_rows=20352 outputs=1
11:06:38 [INFO] [L6.5] native-tf path completed: group=4h_L1_momentum_STOCH-slowd_34-5-0-3-0 src_tf=4h primary_tf=1h native_rows=5088 primary_rows=20352 outputs=1
11:06:38 [INFO] [L6.5] native-tf path completed: group=4h_L1_momentum_STOCH-slowd_34-5-0-5-0 src_tf=4h primary_tf=1h native_rows=5088 primary_rows=20352 outputs=1
11:06:39 [INFO] [L6.5] native-tf path completed: group=4h_L1_momentum_STOCH-slowd_5-3-0-3-0 src_tf=4h primary_tf=1h native_rows=5088 primary_rows=20352 outputs=1
11:06:39 [INFO] [L6.5] raw-sink heartbeat: tasks 452/496 (91.1%), groups 438/482, elapsed=361.4s, rate=1.25/s, ETA=35s, rss=587MB, last=4h_L1_momentum_STOCH-slowd_5-3-0-3-0 (native-tf, parts=1)
11:06:39 [INFO] [L6.5] native-tf path completed: group=4h_L1_momentum_STOCH-slowd_55-5-0-5-0 src_tf=4h primary_tf=1h native_rows=5088 primary_rows=20352 outputs=1
11:06:39 [INFO] [L6.5] native-tf path completed: group=4h_L1_momentum_STOCH-slowd_55-8-0-5-0 src_tf=4h primary_tf=1h native_rows=5088 primary_rows=20352 outputs=1
11:06:39 [INFO] [L6.5] native-tf path completed: group=4h_L1_momentum_STOCH-slowd_8-3-0-3-0 src_tf=4h primary_tf=1h native_rows=5088 primary_rows=20352 outputs=1
11:06:39 [INFO] [L6.5] native-tf path completed: group=4h_L1_momentum_STOCH-slowd_89-8-0-5-0 src_tf=4h primary_tf=1h native_rows=5088 primary_rows=20352 outputs=1
11:06:39 [INFO] [L6.5] native-tf path completed: group=4h_L1_momentum_STOCH-slowk_13-3-0-3-0 src_tf=4h primary_tf=1h native_rows=5088 primary_rows=20352 outputs=1
11:06:39 [INFO] [L6.5] native-tf path completed: group=4h_L1_momentum_STOCH-slowk_13-5-0-3-0 src_tf=4h primary_tf=1h native_rows=5088 primary_rows=20352 outputs=1
11:06:39 [INFO] [L6.5] native-tf path completed: group=4h_L1_momentum_STOCH-slowk_21-3-0-3-0 src_tf=4h primary_tf=1h native_rows=5088 primary_rows=20352 outputs=1
11:06:39 [INFO] [L6.5] native-tf path completed: group=4h_L1_momentum_STOCH-slowk_21-5-0-3-0 src_tf=4h primary_tf=1h native_rows=5088 primary_rows=20352 outputs=1
11:06:39 [INFO] [L6.5] native-tf path completed: group=4h_L1_momentum_STOCH-slowk_21-5-0-5-0 src_tf=4h primary_tf=1h native_rows=5088 primary_rows=20352 outputs=1
11:06:39 [INFO] [L6.5] native-tf path completed: group=4h_L1_momentum_STOCH-slowk_34-5-0-3-0 src_tf=4h primary_tf=1h native_rows=5088 primary_rows=20352 outputs=1
11:06:39 [INFO] [L6.5] native-tf path completed: group=4h_L1_momentum_STOCH-slowk_34-5-0-5-0 src_tf=4h primary_tf=1h native_rows=5088 primary_rows=20352 outputs=1
11:06:40 [INFO] [L6.5] native-tf path completed: group=4h_L1_momentum_STOCH-slowk_5-3-0-3-0 src_tf=4h primary_tf=1h native_rows=5088 primary_rows=20352 outputs=1
11:06:40 [INFO] [L6.5] native-tf path completed: group=4h_L1_momentum_STOCH-slowk_55-5-0-5-0 src_tf=4h primary_tf=1h native_rows=5088 primary_rows=20352 outputs=1
11:06:40 [INFO] [L6.5] native-tf path completed: group=4h_L1_momentum_STOCH-slowk_55-8-0-5-0 src_tf=4h primary_tf=1h native_rows=5088 primary_rows=20352 outputs=1
11:06:40 [INFO] [L6.5] native-tf path completed: group=4h_L1_momentum_STOCH-slowk_8-3-0-3-0 src_tf=4h primary_tf=1h native_rows=5088 primary_rows=20352 outputs=1
11:06:40 [INFO] [L6.5] native-tf path completed: group=4h_L1_momentum_STOCH-slowk_89-8-0-5-0 src_tf=4h primary_tf=1h native_rows=5088 primary_rows=20352 outputs=1
11:06:40 [INFO] [L6.5] native-tf path completed: group=4h_L1_momentum_STOCHF-fastd_13-3-0 src_tf=4h primary_tf=1h native_rows=5088 primary_rows=20352 outputs=1
11:06:40 [INFO] [L6.5] native-tf path completed: group=4h_L1_momentum_STOCHF-fastd_21-3-0 src_tf=4h primary_tf=1h native_rows=5088 primary_rows=20352 outputs=1
11:06:40 [INFO] [L6.5] native-tf path completed: group=4h_L1_momentum_STOCHF-fastd_21-5-0 src_tf=4h primary_tf=1h native_rows=5088 primary_rows=20352 outputs=1
11:06:40 [INFO] [L6.5] native-tf path completed: group=4h_L1_momentum_STOCHF-fastd_34-5-0 src_tf=4h primary_tf=1h native_rows=5088 primary_rows=20352 outputs=1
11:06:40 [INFO] [L6.5] native-tf path completed: group=4h_L1_momentum_STOCHF-fastd_5-3-0 src_tf=4h primary_tf=1h native_rows=5088 primary_rows=20352 outputs=1
11:06:40 [INFO] [L6.5] native-tf path completed: group=4h_L1_momentum_STOCHF-fastd_55-5-0 src_tf=4h primary_tf=1h native_rows=5088 primary_rows=20352 outputs=1
11:06:40 [INFO] [L6.5] native-tf path completed: group=4h_L1_momentum_STOCHF-fastd_8-3-0 src_tf=4h primary_tf=1h native_rows=5088 primary_rows=20352 outputs=1
11:06:40 [INFO] [L6.5] native-tf path completed: group=4h_L1_momentum_STOCHF-fastd_89-8-0 src_tf=4h primary_tf=1h native_rows=5088 primary_rows=20352 outputs=1
11:06:40 [INFO] [L6.5] raw-sink heartbeat: tasks 476/496 (96.0%), groups 462/482, elapsed=363.3s, rate=1.31/s, ETA=15s, rss=572MB, last=4h_L1_momentum_STOCHF-fastd_89-8-0 (native-tf, parts=1)
11:06:41 [INFO] [L6.5] native-tf path completed: group=4h_L1_momentum_STOCHF-fastk_13-3-0 src_tf=4h primary_tf=1h native_rows=5088 primary_rows=20352 outputs=1
11:06:41 [INFO] [L6.5] native-tf path completed: group=4h_L1_momentum_STOCHF-fastk_21-3-0 src_tf=4h primary_tf=1h native_rows=5088 primary_rows=20352 outputs=1
11:06:41 [INFO] [L6.5] native-tf path completed: group=4h_L1_momentum_STOCHF-fastk_21-5-0 src_tf=4h primary_tf=1h native_rows=5088 primary_rows=20352 outputs=1
11:06:41 [INFO] [L6.5] native-tf path completed: group=4h_L1_momentum_STOCHF-fastk_34-5-0 src_tf=4h primary_tf=1h native_rows=5088 primary_rows=20352 outputs=1
11:06:41 [INFO] [L6.5] native-tf path completed: group=4h_L1_momentum_STOCHF-fastk_5-3-0 src_tf=4h primary_tf=1h native_rows=5088 primary_rows=20352 outputs=1
11:06:41 [INFO] [L6.5] native-tf path completed: group=4h_L1_momentum_STOCHF-fastk_55-5-0 src_tf=4h primary_tf=1h native_rows=5088 primary_rows=20352 outputs=1
11:06:41 [INFO] [L6.5] native-tf path completed: group=4h_L1_momentum_STOCHF-fastk_8-3-0 src_tf=4h primary_tf=1h native_rows=5088 primary_rows=20352 outputs=1
11:06:41 [INFO] [L6.5] native-tf path completed: group=4h_L1_momentum_STOCHF-fastk_89-8-0 src_tf=4h primary_tf=1h native_rows=5088 primary_rows=20352 outputs=1
11:06:41 [INFO] [L6.5] native-tf path completed: group=4h_L1_momentum_ULTOSC_13-21-55 src_tf=4h primary_tf=1h native_rows=5088 primary_rows=20352 outputs=1
11:06:41 [INFO] [L6.5] native-tf path completed: group=4h_L1_momentum_ULTOSC_13-34-89 src_tf=4h primary_tf=1h native_rows=5088 primary_rows=20352 outputs=1
11:06:41 [INFO] [L6.5] native-tf path completed: group=4h_L1_momentum_ULTOSC_21-34-89 src_tf=4h primary_tf=1h native_rows=5088 primary_rows=20352 outputs=1
11:06:41 [INFO] [L6.5] native-tf path completed: group=4h_L1_momentum_ULTOSC_21-55-144 src_tf=4h primary_tf=1h native_rows=5088 primary_rows=20352 outputs=1
11:06:42 [INFO] [L6.5] native-tf path completed: group=4h_L1_momentum_ULTOSC_34-55-144 src_tf=4h primary_tf=1h native_rows=5088 primary_rows=20352 outputs=1
11:06:42 [INFO] [L6.5] native-tf path completed: group=4h_L1_momentum_ULTOSC_34-89-233 src_tf=4h primary_tf=1h native_rows=5088 primary_rows=20352 outputs=1
11:06:42 [INFO] [L6.5] native-tf path completed: group=4h_L1_momentum_ULTOSC_5-10-20 src_tf=4h primary_tf=1h native_rows=5088 primary_rows=20352 outputs=1
11:06:42 [INFO] [L6.5] native-tf path completed: group=4h_L1_momentum_ULTOSC_5-13-26 src_tf=4h primary_tf=1h native_rows=5088 primary_rows=20352 outputs=1
11:06:42 [INFO] [L6.5] native-tf path completed: group=4h_L1_momentum_ULTOSC_7-14-28 src_tf=4h primary_tf=1h native_rows=5088 primary_rows=20352 outputs=1
11:06:42 [INFO] [L6.5] native-tf path completed: group=4h_L1_momentum_ULTOSC_8-21-55 src_tf=4h primary_tf=1h native_rows=5088 primary_rows=20352 outputs=1
11:06:42 [INFO] [L6.5] native-tf path completed: group=4h_L1_trend_SAREXT_0-0-0.02-0.02-0.2-0.02-0.02-0.2 src_tf=4h primary_tf=1h native_rows=5088 primary_rows=20352 outputs=1
11:06:42 [INFO] [L6.5] native-tf path completed: group=4h_L1_trend_SAR_0.02-0.2 src_tf=4h primary_tf=1h native_rows=5088 primary_rows=20352 outputs=1
11:06:42 [INFO] [L6.5] raw-sink heartbeat: tasks 496/496 (100.0%), groups 482/482, elapsed=364.9s, rate=1.36/s, ETA=0s, rss=527MB, last=4h_L1_trend_SAR_0.02-0.2 (native-tf, parts=1)
11:06:42 [INFO] [L6.5] raw-sink complete: 482/482 groups in 365.01s rss=526MB
11:06:42 [INFO] [Layer B Sanitize][CGSA] nulled 4541798 non-finite/over-cap values (finite_cap=1e+18) across all streamed features
11:06:43 [INFO] [L7_raw] registry stream persist done: symbol=BTCUSDT tf=1h groups=490 features=75416 npy_freed=3.57 GiB dtype=mixed
11:06:43 [INFO] [multi_tf:complete] 100% - [CGSA] MultiTF generation completed (511.33s)
11:06:44 [WARNING] STOCH combo [5, 3, 3] is missing 2 parameter(s); using defaults slowk=3 slowd=3 slowk_matype=0 slowd_matype=0
11:06:44 [WARNING] STOCH combo [8, 3, 3] is missing 2 parameter(s); using defaults slowk=3 slowd=3 slowk_matype=0 slowd_matype=0
11:06:44 [WARNING] STOCH combo [13, 3, 3] is missing 2 parameter(s); using defaults slowk=3 slowd=3 slowk_matype=0 slowd_matype=0
11:06:44 [WARNING] STOCH combo [13, 5, 3] is missing 2 parameter(s); using defaults slowk=5 slowd=3 slowk_matype=0 slowd_matype=0
11:06:44 [WARNING] STOCH combo [21, 3, 3] is missing 2 parameter(s); using defaults slowk=3 slowd=3 slowk_matype=0 slowd_matype=0
11:06:44 [WARNING] STOCH combo [21, 5, 3] is missing 2 parameter(s); using defaults slowk=5 slowd=3 slowk_matype=0 slowd_matype=0
11:06:44 [WARNING] STOCH combo [21, 5, 5] is missing 2 parameter(s); using defaults slowk=5 slowd=5 slowk_matype=0 slowd_matype=0
11:06:44 [WARNING] STOCH combo [34, 5, 3] is missing 2 parameter(s); using defaults slowk=5 slowd=3 slowk_matype=0 slowd_matype=0
11:06:44 [WARNING] STOCH combo [34, 5, 5] is missing 2 parameter(s); using defaults slowk=5 slowd=5 slowk_matype=0 slowd_matype=0
11:06:44 [WARNING] STOCH combo [55, 5, 5] is missing 2 parameter(s); using defaults slowk=5 slowd=5 slowk_matype=0 slowd_matype=0
11:06:44 [WARNING] STOCH combo [55, 8, 5] is missing 2 parameter(s); using defaults slowk=8 slowd=5 slowk_matype=0 slowd_matype=0
11:06:44 [WARNING] STOCH combo [89, 8, 5] is missing 2 parameter(s); using defaults slowk=8 slowd=5 slowk_matype=0 slowd_matype=0
11:06:44 [WARNING] STOCHF combo [5, 3] is missing 1 parameter(s); using defaults fastd_period=3 fastd_matype=0
11:06:44 [WARNING] STOCHF combo [8, 3] is missing 1 parameter(s); using defaults fastd_period=3 fastd_matype=0
11:06:44 [WARNING] STOCHF combo [13, 3] is missing 1 parameter(s); using defaults fastd_period=3 fastd_matype=0
11:06:44 [WARNING] STOCHF combo [21, 3] is missing 1 parameter(s); using defaults fastd_period=3 fastd_matype=0
11:06:44 [WARNING] STOCHF combo [21, 5] is missing 1 parameter(s); using defaults fastd_period=5 fastd_matype=0
11:06:44 [WARNING] STOCHF combo [34, 5] is missing 1 parameter(s); using defaults fastd_period=5 fastd_matype=0
11:06:44 [WARNING] STOCHF combo [55, 5] is missing 1 parameter(s); using defaults fastd_period=5 fastd_matype=0
11:06:44 [WARNING] STOCHF combo [89, 8] is missing 1 parameter(s); using defaults fastd_period=8 fastd_matype=0
11:06:44 [WARNING] STOCHRSI combo [9, 5, 3] is missing 1 parameter(s); using defaults fastk_period=5 fastd_period=3 fastd_matype=0
11:06:44 [WARNING] STOCHRSI combo [14, 5, 3] is missing 1 parameter(s); using defaults fastk_period=5 fastd_period=3 fastd_matype=0
11:06:44 [WARNING] STOCHRSI combo [14, 3, 3] is missing 1 parameter(s); using defaults fastk_period=3 fastd_period=3 fastd_matype=0
11:06:44 [WARNING] STOCHRSI combo [21, 5, 3] is missing 1 parameter(s); using defaults fastk_period=5 fastd_period=3 fastd_matype=0
11:06:44 [WARNING] STOCHRSI combo [21, 8, 5] is missing 1 parameter(s); using defaults fastk_period=8 fastd_period=5 fastd_matype=0
11:06:44 [WARNING] STOCHRSI combo [34, 8, 5] is missing 1 parameter(s); using defaults fastk_period=8 fastd_period=5 fastd_matype=0
11:06:44 [WARNING] STOCHRSI combo [55, 8, 5] is missing 1 parameter(s); using defaults fastk_period=8 fastd_period=5 fastd_matype=0
11:06:44 [WARNING] STOCH combo [5, 3, 3] is missing 2 parameter(s); using defaults slowk=3 slowd=3 slowk_matype=0 slowd_matype=0
11:06:44 [WARNING] STOCH combo [8, 3, 3] is missing 2 parameter(s); using defaults slowk=3 slowd=3 slowk_matype=0 slowd_matype=0
11:06:44 [WARNING] STOCH combo [13, 3, 3] is missing 2 parameter(s); using defaults slowk=3 slowd=3 slowk_matype=0 slowd_matype=0
11:06:44 [WARNING] STOCH combo [13, 5, 3] is missing 2 parameter(s); using defaults slowk=5 slowd=3 slowk_matype=0 slowd_matype=0
11:06:44 [WARNING] STOCH combo [21, 3, 3] is missing 2 parameter(s); using defaults slowk=3 slowd=3 slowk_matype=0 slowd_matype=0
11:06:44 [WARNING] STOCH combo [21, 5, 3] is missing 2 parameter(s); using defaults slowk=5 slowd=3 slowk_matype=0 slowd_matype=0
11:06:44 [WARNING] STOCH combo [21, 5, 5] is missing 2 parameter(s); using defaults slowk=5 slowd=5 slowk_matype=0 slowd_matype=0
11:06:44 [WARNING] STOCH combo [34, 5, 3] is missing 2 parameter(s); using defaults slowk=5 slowd=3 slowk_matype=0 slowd_matype=0
11:06:44 [WARNING] STOCH combo [34, 5, 5] is missing 2 parameter(s); using defaults slowk=5 slowd=5 slowk_matype=0 slowd_matype=0
11:06:44 [WARNING] STOCH combo [55, 5, 5] is missing 2 parameter(s); using defaults slowk=5 slowd=5 slowk_matype=0 slowd_matype=0
11:06:44 [WARNING] STOCH combo [55, 8, 5] is missing 2 parameter(s); using defaults slowk=8 slowd=5 slowk_matype=0 slowd_matype=0
11:06:44 [WARNING] STOCH combo [89, 8, 5] is missing 2 parameter(s); using defaults slowk=8 slowd=5 slowk_matype=0 slowd_matype=0
11:06:44 [WARNING] STOCHF combo [5, 3] is missing 1 parameter(s); using defaults fastd_period=3 fastd_matype=0
11:06:44 [WARNING] STOCHF combo [8, 3] is missing 1 parameter(s); using defaults fastd_period=3 fastd_matype=0
11:06:44 [WARNING] STOCHF combo [13, 3] is missing 1 parameter(s); using defaults fastd_period=3 fastd_matype=0
11:06:44 [WARNING] STOCHF combo [21, 3] is missing 1 parameter(s); using defaults fastd_period=3 fastd_matype=0
11:06:44 [WARNING] STOCHF combo [21, 5] is missing 1 parameter(s); using defaults fastd_period=5 fastd_matype=0
11:06:44 [WARNING] STOCHF combo [34, 5] is missing 1 parameter(s); using defaults fastd_period=5 fastd_matype=0
11:06:44 [WARNING] STOCHF combo [55, 5] is missing 1 parameter(s); using defaults fastd_period=5 fastd_matype=0
11:06:44 [WARNING] STOCHF combo [89, 8] is missing 1 parameter(s); using defaults fastd_period=8 fastd_matype=0
11:06:44 [WARNING] STOCHRSI combo [9, 5, 3] is missing 1 parameter(s); using defaults fastk_period=5 fastd_period=3 fastd_matype=0
11:06:44 [WARNING] STOCHRSI combo [14, 5, 3] is missing 1 parameter(s); using defaults fastk_period=5 fastd_period=3 fastd_matype=0
11:06:44 [WARNING] STOCHRSI combo [14, 3, 3] is missing 1 parameter(s); using defaults fastk_period=3 fastd_period=3 fastd_matype=0
11:06:44 [WARNING] STOCHRSI combo [21, 5, 3] is missing 1 parameter(s); using defaults fastk_period=5 fastd_period=3 fastd_matype=0
11:06:44 [WARNING] STOCHRSI combo [21, 8, 5] is missing 1 parameter(s); using defaults fastk_period=8 fastd_period=5 fastd_matype=0
11:06:44 [WARNING] STOCHRSI combo [34, 8, 5] is missing 1 parameter(s); using defaults fastk_period=8 fastd_period=5 fastd_matype=0
11:06:44 [WARNING] STOCHRSI combo [55, 8, 5] is missing 1 parameter(s); using defaults fastk_period=8 fastd_period=5 fastd_matype=0
11:06:44 [INFO] Fetching spot data: BTCUSDT/1h
11:06:44 [INFO] Read 20352 klines from BTCUSDT/1h in 0.010s
11:06:44 [INFO] Aligned data for BTCUSDT/1h: 20352 rows, 5 columns
11:06:44 [INFO] Fetching spot data: BTCUSDT/4h
11:06:44 [INFO] Read 5088 klines from BTCUSDT/4h in 0.003s
11:06:44 [INFO] Aligned data for BTCUSDT/4h: 5088 rows, 5 columns
11:06:44 [INFO] Loaded feature registry with 1 entries
11:06:44 [INFO] [Layer 1] 0% - Starting Layer 1...
11:06:44 [INFO] Layer 1 starting, rss=594MB
11:06:44 [WARNING] STOCH combo [5, 3, 3] is missing 2 parameter(s); using defaults slowk=3 slowd=3 slowk_matype=0 slowd_matype=0
11:06:44 [WARNING] STOCH combo [8, 3, 3] is missing 2 parameter(s); using defaults slowk=3 slowd=3 slowk_matype=0 slowd_matype=0
11:06:44 [WARNING] STOCH combo [13, 3, 3] is missing 2 parameter(s); using defaults slowk=3 slowd=3 slowk_matype=0 slowd_matype=0
11:06:44 [WARNING] STOCH combo [13, 5, 3] is missing 2 parameter(s); using defaults slowk=5 slowd=3 slowk_matype=0 slowd_matype=0
11:06:44 [WARNING] STOCH combo [21, 3, 3] is missing 2 parameter(s); using defaults slowk=3 slowd=3 slowk_matype=0 slowd_matype=0
11:06:44 [WARNING] STOCH combo [21, 5, 3] is missing 2 parameter(s); using defaults slowk=5 slowd=3 slowk_matype=0 slowd_matype=0
11:06:44 [WARNING] STOCH combo [21, 5, 5] is missing 2 parameter(s); using defaults slowk=5 slowd=5 slowk_matype=0 slowd_matype=0
11:06:44 [WARNING] STOCH combo [34, 5, 3] is missing 2 parameter(s); using defaults slowk=5 slowd=3 slowk_matype=0 slowd_matype=0
11:06:44 [WARNING] STOCH combo [34, 5, 5] is missing 2 parameter(s); using defaults slowk=5 slowd=5 slowk_matype=0 slowd_matype=0
11:06:44 [WARNING] STOCH combo [55, 5, 5] is missing 2 parameter(s); using defaults slowk=5 slowd=5 slowk_matype=0 slowd_matype=0
11:06:44 [WARNING] STOCH combo [55, 8, 5] is missing 2 parameter(s); using defaults slowk=8 slowd=5 slowk_matype=0 slowd_matype=0
11:06:44 [WARNING] STOCH combo [89, 8, 5] is missing 2 parameter(s); using defaults slowk=8 slowd=5 slowk_matype=0 slowd_matype=0
11:06:44 [WARNING] STOCHF combo [5, 3] is missing 1 parameter(s); using defaults fastd_period=3 fastd_matype=0
11:06:44 [WARNING] STOCHF combo [8, 3] is missing 1 parameter(s); using defaults fastd_period=3 fastd_matype=0
11:06:44 [WARNING] STOCHF combo [13, 3] is missing 1 parameter(s); using defaults fastd_period=3 fastd_matype=0
11:06:44 [WARNING] STOCHF combo [21, 3] is missing 1 parameter(s); using defaults fastd_period=3 fastd_matype=0
11:06:44 [WARNING] STOCHF combo [21, 5] is missing 1 parameter(s); using defaults fastd_period=5 fastd_matype=0
11:06:44 [WARNING] STOCHF combo [34, 5] is missing 1 parameter(s); using defaults fastd_period=5 fastd_matype=0
11:06:44 [WARNING] STOCHF combo [55, 5] is missing 1 parameter(s); using defaults fastd_period=5 fastd_matype=0
11:06:44 [WARNING] STOCHF combo [89, 8] is missing 1 parameter(s); using defaults fastd_period=8 fastd_matype=0
11:06:44 [WARNING] STOCHRSI combo [9, 5, 3] is missing 1 parameter(s); using defaults fastk_period=5 fastd_period=3 fastd_matype=0
11:06:44 [WARNING] STOCHRSI combo [14, 5, 3] is missing 1 parameter(s); using defaults fastk_period=5 fastd_period=3 fastd_matype=0
11:06:44 [WARNING] STOCHRSI combo [14, 3, 3] is missing 1 parameter(s); using defaults fastk_period=3 fastd_period=3 fastd_matype=0
11:06:44 [WARNING] STOCHRSI combo [21, 5, 3] is missing 1 parameter(s); using defaults fastk_period=5 fastd_period=3 fastd_matype=0
11:06:44 [WARNING] STOCHRSI combo [21, 8, 5] is missing 1 parameter(s); using defaults fastk_period=8 fastd_period=5 fastd_matype=0
11:06:44 [WARNING] STOCHRSI combo [34, 8, 5] is missing 1 parameter(s); using defaults fastk_period=8 fastd_period=5 fastd_matype=0
11:06:44 [WARNING] STOCHRSI combo [55, 8, 5] is missing 1 parameter(s); using defaults fastk_period=8 fastd_period=5 fastd_matype=0
11:06:44 [INFO] [Layer 1] 100% - Layer 1 completed: 898 features
11:06:44 [INFO] Layer 1 done: 898 cols, status=ok, rss=806MB
11:06:44 [INFO] [Layer 2] 0% - Starting Layer 2...
11:06:44 [INFO] Layer 2 starting, rss=806MB
11:06:44 [INFO] [L2] Starting derived features: 898 L1 cols
11:06:44 [WARNING] STOCH combo [5, 3, 3] is missing 2 parameter(s); using defaults slowk=3 slowd=3 slowk_matype=0 slowd_matype=0
11:06:44 [WARNING] STOCH combo [8, 3, 3] is missing 2 parameter(s); using defaults slowk=3 slowd=3 slowk_matype=0 slowd_matype=0
11:06:44 [WARNING] STOCH combo [13, 3, 3] is missing 2 parameter(s); using defaults slowk=3 slowd=3 slowk_matype=0 slowd_matype=0
11:06:44 [WARNING] STOCH combo [13, 5, 3] is missing 2 parameter(s); using defaults slowk=5 slowd=3 slowk_matype=0 slowd_matype=0
11:06:44 [WARNING] STOCH combo [21, 3, 3] is missing 2 parameter(s); using defaults slowk=3 slowd=3 slowk_matype=0 slowd_matype=0
11:06:44 [WARNING] STOCH combo [21, 5, 3] is missing 2 parameter(s); using defaults slowk=5 slowd=3 slowk_matype=0 slowd_matype=0
11:06:44 [WARNING] STOCH combo [21, 5, 5] is missing 2 parameter(s); using defaults slowk=5 slowd=5 slowk_matype=0 slowd_matype=0
11:06:44 [WARNING] STOCH combo [34, 5, 3] is missing 2 parameter(s); using defaults slowk=5 slowd=3 slowk_matype=0 slowd_matype=0
11:06:44 [WARNING] STOCH combo [34, 5, 5] is missing 2 parameter(s); using defaults slowk=5 slowd=5 slowk_matype=0 slowd_matype=0
11:06:44 [WARNING] STOCH combo [55, 5, 5] is missing 2 parameter(s); using defaults slowk=5 slowd=5 slowk_matype=0 slowd_matype=0
11:06:44 [WARNING] STOCH combo [55, 8, 5] is missing 2 parameter(s); using defaults slowk=8 slowd=5 slowk_matype=0 slowd_matype=0
11:06:44 [WARNING] STOCH combo [89, 8, 5] is missing 2 parameter(s); using defaults slowk=8 slowd=5 slowk_matype=0 slowd_matype=0
11:06:44 [WARNING] STOCHF combo [5, 3] is missing 1 parameter(s); using defaults fastd_period=3 fastd_matype=0
11:06:44 [WARNING] STOCHF combo [8, 3] is missing 1 parameter(s); using defaults fastd_period=3 fastd_matype=0
11:06:44 [WARNING] STOCHF combo [13, 3] is missing 1 parameter(s); using defaults fastd_period=3 fastd_matype=0
11:06:44 [WARNING] STOCHF combo [21, 3] is missing 1 parameter(s); using defaults fastd_period=3 fastd_matype=0
11:06:44 [WARNING] STOCHF combo [21, 5] is missing 1 parameter(s); using defaults fastd_period=5 fastd_matype=0
11:06:44 [WARNING] STOCHF combo [34, 5] is missing 1 parameter(s); using defaults fastd_period=5 fastd_matype=0
11:06:44 [WARNING] STOCHF combo [55, 5] is missing 1 parameter(s); using defaults fastd_period=5 fastd_matype=0
11:06:44 [WARNING] STOCHF combo [89, 8] is missing 1 parameter(s); using defaults fastd_period=8 fastd_matype=0
11:06:44 [WARNING] STOCHRSI combo [9, 5, 3] is missing 1 parameter(s); using defaults fastk_period=5 fastd_period=3 fastd_matype=0
11:06:44 [WARNING] STOCHRSI combo [14, 5, 3] is missing 1 parameter(s); using defaults fastk_period=5 fastd_period=3 fastd_matype=0
11:06:44 [WARNING] STOCHRSI combo [14, 3, 3] is missing 1 parameter(s); using defaults fastk_period=3 fastd_period=3 fastd_matype=0
11:06:44 [WARNING] STOCHRSI combo [21, 5, 3] is missing 1 parameter(s); using defaults fastk_period=5 fastd_period=3 fastd_matype=0
11:06:44 [WARNING] STOCHRSI combo [21, 8, 5] is missing 1 parameter(s); using defaults fastk_period=8 fastd_period=5 fastd_matype=0
11:06:44 [WARNING] STOCHRSI combo [34, 8, 5] is missing 1 parameter(s); using defaults fastk_period=8 fastd_period=5 fastd_matype=0
11:06:44 [WARNING] STOCHRSI combo [55, 8, 5] is missing 1 parameter(s); using defaults fastk_period=8 fastd_period=5 fastd_matype=0
11:06:52 [INFO] [L2] Completed: 11621 cols in 8.28s
11:06:53 [INFO] [Layer 2] 100% - Layer 2 completed: 11621 features
11:06:53 [INFO] Layer 2 done: 11621 cols, status=ok, rss=1709MB
11:06:53 [INFO] [memmap] created: shape=(10752, 11621), dtype=<class 'numpy.float32'>, est=0.50 GB  (file auto-unlinked)
11:06:54 [INFO] [spill] calib_layer2: 10752×11621 → float32 memmap in 0.7s (freed ~1.0 GB float64)
11:06:54 [INFO] [Layer 3] 0% - Starting Layer 3...
11:06:54 [INFO] Layer 3 starting, rss=2275MB
11:06:58 [INFO] [L3 streaming][numba][multi] step 10/20 (W5_range): 898→898 cols (-0 dead)
11:06:58 [INFO] [L3 streaming][numba][multi] step 20/20 (W13_range): 898→898 cols (-0 dead)
11:06:58 [INFO] [L3 streaming][numba][multi] complete: 17960 total generated, 0 dead dropped, 17960 survivors
11:07:00 [INFO] [Layer 3] 100% - Layer 3 completed: 17960 features
11:07:00 [INFO] Layer 3 done: 17960 cols, status=ok, rss=1559MB
11:07:00 [INFO] [Layer 4] 0% - Starting Layer 4...
11:07:00 [INFO] Layer 4 starting, rss=1559MB
11:07:01 [INFO] [Layer 4] 100% - Layer 4 completed: 7224 features
11:07:01 [INFO] Layer 4 done: 7224 cols, status=ok, rss=1304MB
11:07:01 [INFO] [Layer 5] 0% - Starting Layer 5...
11:07:01 [INFO] Layer 5 starting, rss=1304MB
11:07:01 [INFO] [Layer 5] 100% - Layer 5 completed: 0 features
11:07:01 [INFO] Layer 5 done: 0 cols, status=empty_disabled, rss=1304MB
11:07:01 [INFO] [Layer 6] 0% - Starting Layer 6...
11:07:01 [INFO] Layer 6 starting, rss=1304MB
11:07:01 [INFO] [Layer 6] 100% - Layer 6 completed: 10 features
11:07:01 [INFO] Layer 6 done: 10 cols, status=ok, rss=1307MB
11:07:01 [INFO] [memmap concat] 5 DFs → 37713 cols × 10752 rows ≈ 1.62 GB → disk-backed
11:07:01 [INFO] [memmap] created: shape=(10752, 37713), dtype=<class 'numpy.float32'>, est=1.62 GB  (file auto-unlinked)
11:07:01 [INFO] [memmap concat] copying DF 1/5 (898 cols)
11:07:01 [INFO] [memmap concat] copying DF 2/5 (11621 cols)
11:07:03 [INFO] [memmap concat] copying DF 3/5 (17960 cols)
11:07:06 [INFO] [memmap concat] copying DF 4/5 (7224 cols)
11:07:09 [INFO] [memmap concat] copying DF 5/5 (10 cols)
11:16:27 [INFO] Loaded feature registry with 1 entries
11:16:27 [INFO] [Layer 1] 0% - Starting Layer 1...
11:16:27 [INFO] Layer 1 starting, rss=1391MB
11:16:27 [WARNING] STOCH combo [5, 3, 3] is missing 2 parameter(s); using defaults slowk=3 slowd=3 slowk_matype=0 slowd_matype=0
11:16:27 [WARNING] STOCH combo [8, 3, 3] is missing 2 parameter(s); using defaults slowk=3 slowd=3 slowk_matype=0 slowd_matype=0
11:16:27 [WARNING] STOCH combo [13, 3, 3] is missing 2 parameter(s); using defaults slowk=3 slowd=3 slowk_matype=0 slowd_matype=0
11:16:27 [WARNING] STOCH combo [13, 5, 3] is missing 2 parameter(s); using defaults slowk=5 slowd=3 slowk_matype=0 slowd_matype=0
11:16:27 [WARNING] STOCH combo [21, 3, 3] is missing 2 parameter(s); using defaults slowk=3 slowd=3 slowk_matype=0 slowd_matype=0
11:16:27 [WARNING] STOCH combo [21, 5, 3] is missing 2 parameter(s); using defaults slowk=5 slowd=3 slowk_matype=0 slowd_matype=0
11:16:27 [WARNING] STOCH combo [21, 5, 5] is missing 2 parameter(s); using defaults slowk=5 slowd=5 slowk_matype=0 slowd_matype=0
11:16:27 [WARNING] STOCH combo [34, 5, 3] is missing 2 parameter(s); using defaults slowk=5 slowd=3 slowk_matype=0 slowd_matype=0
11:16:27 [WARNING] STOCH combo [34, 5, 5] is missing 2 parameter(s); using defaults slowk=5 slowd=5 slowk_matype=0 slowd_matype=0
11:16:27 [WARNING] STOCH combo [55, 5, 5] is missing 2 parameter(s); using defaults slowk=5 slowd=5 slowk_matype=0 slowd_matype=0
11:16:27 [WARNING] STOCH combo [55, 8, 5] is missing 2 parameter(s); using defaults slowk=8 slowd=5 slowk_matype=0 slowd_matype=0
11:16:27 [WARNING] STOCH combo [89, 8, 5] is missing 2 parameter(s); using defaults slowk=8 slowd=5 slowk_matype=0 slowd_matype=0
11:16:27 [WARNING] STOCHF combo [5, 3] is missing 1 parameter(s); using defaults fastd_period=3 fastd_matype=0
11:16:27 [WARNING] STOCHF combo [8, 3] is missing 1 parameter(s); using defaults fastd_period=3 fastd_matype=0
11:16:27 [WARNING] STOCHF combo [13, 3] is missing 1 parameter(s); using defaults fastd_period=3 fastd_matype=0
11:16:27 [WARNING] STOCHF combo [21, 3] is missing 1 parameter(s); using defaults fastd_period=3 fastd_matype=0
11:16:27 [WARNING] STOCHF combo [21, 5] is missing 1 parameter(s); using defaults fastd_period=5 fastd_matype=0
11:16:27 [WARNING] STOCHF combo [34, 5] is missing 1 parameter(s); using defaults fastd_period=5 fastd_matype=0
11:16:27 [WARNING] STOCHF combo [55, 5] is missing 1 parameter(s); using defaults fastd_period=5 fastd_matype=0
11:16:27 [WARNING] STOCHF combo [89, 8] is missing 1 parameter(s); using defaults fastd_period=8 fastd_matype=0
11:16:27 [WARNING] STOCHRSI combo [9, 5, 3] is missing 1 parameter(s); using defaults fastk_period=5 fastd_period=3 fastd_matype=0
11:16:27 [WARNING] STOCHRSI combo [14, 5, 3] is missing 1 parameter(s); using defaults fastk_period=5 fastd_period=3 fastd_matype=0
11:16:27 [WARNING] STOCHRSI combo [14, 3, 3] is missing 1 parameter(s); using defaults fastk_period=3 fastd_period=3 fastd_matype=0
11:16:27 [WARNING] STOCHRSI combo [21, 5, 3] is missing 1 parameter(s); using defaults fastk_period=5 fastd_period=3 fastd_matype=0
11:16:27 [WARNING] STOCHRSI combo [21, 8, 5] is missing 1 parameter(s); using defaults fastk_period=8 fastd_period=5 fastd_matype=0
11:16:27 [WARNING] STOCHRSI combo [34, 8, 5] is missing 1 parameter(s); using defaults fastk_period=8 fastd_period=5 fastd_matype=0
11:16:27 [WARNING] STOCHRSI combo [55, 8, 5] is missing 1 parameter(s); using defaults fastk_period=8 fastd_period=5 fastd_matype=0
11:16:27 [INFO] [Layer 1] 100% - Layer 1 completed: 898 features
11:16:27 [INFO] Layer 1 done: 898 cols, status=ok, rss=1300MB
11:16:27 [INFO] [Layer 2] 0% - Starting Layer 2...
11:16:27 [INFO] Layer 2 starting, rss=1298MB
11:16:27 [INFO] [L2] Starting derived features: 898 L1 cols
11:16:27 [WARNING] STOCH combo [5, 3, 3] is missing 2 parameter(s); using defaults slowk=3 slowd=3 slowk_matype=0 slowd_matype=0
11:16:27 [WARNING] STOCH combo [8, 3, 3] is missing 2 parameter(s); using defaults slowk=3 slowd=3 slowk_matype=0 slowd_matype=0
11:16:27 [WARNING] STOCH combo [13, 3, 3] is missing 2 parameter(s); using defaults slowk=3 slowd=3 slowk_matype=0 slowd_matype=0
11:16:27 [WARNING] STOCH combo [13, 5, 3] is missing 2 parameter(s); using defaults slowk=5 slowd=3 slowk_matype=0 slowd_matype=0
11:16:27 [WARNING] STOCH combo [21, 3, 3] is missing 2 parameter(s); using defaults slowk=3 slowd=3 slowk_matype=0 slowd_matype=0
11:16:27 [WARNING] STOCH combo [21, 5, 3] is missing 2 parameter(s); using defaults slowk=5 slowd=3 slowk_matype=0 slowd_matype=0
11:16:27 [WARNING] STOCH combo [21, 5, 5] is missing 2 parameter(s); using defaults slowk=5 slowd=5 slowk_matype=0 slowd_matype=0
11:16:27 [WARNING] STOCH combo [34, 5, 3] is missing 2 parameter(s); using defaults slowk=5 slowd=3 slowk_matype=0 slowd_matype=0
11:16:27 [WARNING] STOCH combo [34, 5, 5] is missing 2 parameter(s); using defaults slowk=5 slowd=5 slowk_matype=0 slowd_matype=0
11:16:27 [WARNING] STOCH combo [55, 5, 5] is missing 2 parameter(s); using defaults slowk=5 slowd=5 slowk_matype=0 slowd_matype=0
11:16:27 [WARNING] STOCH combo [55, 8, 5] is missing 2 parameter(s); using defaults slowk=8 slowd=5 slowk_matype=0 slowd_matype=0
11:16:27 [WARNING] STOCH combo [89, 8, 5] is missing 2 parameter(s); using defaults slowk=8 slowd=5 slowk_matype=0 slowd_matype=0
11:16:27 [WARNING] STOCHF combo [5, 3] is missing 1 parameter(s); using defaults fastd_period=3 fastd_matype=0
11:16:27 [WARNING] STOCHF combo [8, 3] is missing 1 parameter(s); using defaults fastd_period=3 fastd_matype=0
11:16:27 [WARNING] STOCHF combo [13, 3] is missing 1 parameter(s); using defaults fastd_period=3 fastd_matype=0
11:16:27 [WARNING] STOCHF combo [21, 3] is missing 1 parameter(s); using defaults fastd_period=3 fastd_matype=0
11:16:27 [WARNING] STOCHF combo [21, 5] is missing 1 parameter(s); using defaults fastd_period=5 fastd_matype=0
11:16:27 [WARNING] STOCHF combo [34, 5] is missing 1 parameter(s); using defaults fastd_period=5 fastd_matype=0
11:16:27 [WARNING] STOCHF combo [55, 5] is missing 1 parameter(s); using defaults fastd_period=5 fastd_matype=0
11:16:27 [WARNING] STOCHF combo [89, 8] is missing 1 parameter(s); using defaults fastd_period=8 fastd_matype=0
11:16:27 [WARNING] STOCHRSI combo [9, 5, 3] is missing 1 parameter(s); using defaults fastk_period=5 fastd_period=3 fastd_matype=0
11:16:27 [WARNING] STOCHRSI combo [14, 5, 3] is missing 1 parameter(s); using defaults fastk_period=5 fastd_period=3 fastd_matype=0
11:16:27 [WARNING] STOCHRSI combo [14, 3, 3] is missing 1 parameter(s); using defaults fastk_period=3 fastd_period=3 fastd_matype=0
11:16:27 [WARNING] STOCHRSI combo [21, 5, 3] is missing 1 parameter(s); using defaults fastk_period=5 fastd_period=3 fastd_matype=0
11:16:27 [WARNING] STOCHRSI combo [21, 8, 5] is missing 1 parameter(s); using defaults fastk_period=8 fastd_period=5 fastd_matype=0
11:16:27 [WARNING] STOCHRSI combo [34, 8, 5] is missing 1 parameter(s); using defaults fastk_period=8 fastd_period=5 fastd_matype=0
11:16:27 [WARNING] STOCHRSI combo [55, 8, 5] is missing 1 parameter(s); using defaults fastk_period=8 fastd_period=5 fastd_matype=0
11:16:32 [INFO] [L2] Completed: 11621 cols in 4.38s
11:16:33 [INFO] [Layer 2] 100% - Layer 2 completed: 11621 features
11:16:33 [INFO] Layer 2 done: 11621 cols, status=ok, rss=1358MB
11:16:33 [INFO] [Layer 3] 0% - Starting Layer 3...
11:16:33 [INFO] Layer 3 starting, rss=1358MB
11:16:34 [INFO] [L3 streaming][numba][multi] step 10/20 (W5_range): 898→898 cols (-0 dead)
11:16:34 [INFO] [L3 streaming][numba][multi] step 20/20 (W13_range): 898→898 cols (-0 dead)
11:16:34 [INFO] [L3 streaming][numba][multi] complete: 17960 total generated, 0 dead dropped, 17960 survivors
11:16:35 [INFO] [Layer 3] 100% - Layer 3 completed: 17960 features
11:16:35 [INFO] Layer 3 done: 17960 cols, status=ok, rss=2086MB
11:16:35 [INFO] [Layer 4] 0% - Starting Layer 4...
11:16:35 [INFO] Layer 4 starting, rss=2086MB
11:16:35 [INFO] [Layer 4] 100% - Layer 4 completed: 7224 features
11:16:35 [INFO] Layer 4 done: 7224 cols, status=ok, rss=2343MB
11:16:35 [INFO] [Layer 5] 0% - Starting Layer 5...
11:16:35 [INFO] Layer 5 starting, rss=2343MB
11:16:35 [INFO] [Layer 5] 100% - Layer 5 completed: 0 features
11:16:35 [INFO] Layer 5 done: 0 cols, status=empty_disabled, rss=2343MB
11:16:35 [INFO] [Layer 6] 0% - Starting Layer 6...
11:16:35 [INFO] Layer 6 starting, rss=2343MB
11:16:35 [INFO] [Layer 6] 100% - Layer 6 completed: 10 features
11:16:35 [INFO] Layer 6 done: 10 cols, status=ok, rss=2344MB
11:16:53 [INFO] [CGSA] Initialized ColumnGroupRegistry at /private/var/folders/_c/3xdf41hd3tvgxpx63mrml2c00000gn/T/pytest-of-louis/pytest-10/test_small_c3_multitf_tail_per0/cgsa_work (tier=8gb, buffer_groups=0)
11:16:53 [INFO] Fetching spot data: BTCUSDT/1h
11:16:53 [INFO] Read 20352 klines from BTCUSDT/1h in 0.069s
11:16:53 [INFO] Aligned data for BTCUSDT/1h: 20352 rows, 5 columns
11:16:53 [INFO] [multi_tf:multi_tf] 35% - [CGSA] Processing timeframe 1h (1/2)
11:16:53 [INFO] [Layer 1] 0% - Starting Layer 1...
11:16:53 [INFO] Layer 1 starting, rss=1745MB
11:16:54 [WARNING] STOCH combo [5, 3, 3] is missing 2 parameter(s); using defaults slowk=3 slowd=3 slowk_matype=0 slowd_matype=0
11:16:54 [WARNING] STOCH combo [8, 3, 3] is missing 2 parameter(s); using defaults slowk=3 slowd=3 slowk_matype=0 slowd_matype=0
11:16:54 [WARNING] STOCH combo [13, 3, 3] is missing 2 parameter(s); using defaults slowk=3 slowd=3 slowk_matype=0 slowd_matype=0
11:16:54 [WARNING] STOCH combo [13, 5, 3] is missing 2 parameter(s); using defaults slowk=5 slowd=3 slowk_matype=0 slowd_matype=0
11:16:54 [WARNING] STOCH combo [21, 3, 3] is missing 2 parameter(s); using defaults slowk=3 slowd=3 slowk_matype=0 slowd_matype=0
11:16:54 [WARNING] STOCH combo [21, 5, 3] is missing 2 parameter(s); using defaults slowk=5 slowd=3 slowk_matype=0 slowd_matype=0
11:16:54 [WARNING] STOCH combo [21, 5, 5] is missing 2 parameter(s); using defaults slowk=5 slowd=5 slowk_matype=0 slowd_matype=0
11:16:54 [WARNING] STOCH combo [34, 5, 3] is missing 2 parameter(s); using defaults slowk=5 slowd=3 slowk_matype=0 slowd_matype=0
11:16:54 [WARNING] STOCH combo [34, 5, 5] is missing 2 parameter(s); using defaults slowk=5 slowd=5 slowk_matype=0 slowd_matype=0
11:16:54 [WARNING] STOCH combo [55, 5, 5] is missing 2 parameter(s); using defaults slowk=5 slowd=5 slowk_matype=0 slowd_matype=0
11:16:54 [WARNING] STOCH combo [55, 8, 5] is missing 2 parameter(s); using defaults slowk=8 slowd=5 slowk_matype=0 slowd_matype=0
11:16:54 [WARNING] STOCH combo [89, 8, 5] is missing 2 parameter(s); using defaults slowk=8 slowd=5 slowk_matype=0 slowd_matype=0
11:16:54 [WARNING] STOCHF combo [5, 3] is missing 1 parameter(s); using defaults fastd_period=3 fastd_matype=0
11:16:54 [WARNING] STOCHF combo [8, 3] is missing 1 parameter(s); using defaults fastd_period=3 fastd_matype=0
11:16:54 [WARNING] STOCHF combo [13, 3] is missing 1 parameter(s); using defaults fastd_period=3 fastd_matype=0
11:16:54 [WARNING] STOCHF combo [21, 3] is missing 1 parameter(s); using defaults fastd_period=3 fastd_matype=0
11:16:54 [WARNING] STOCHF combo [21, 5] is missing 1 parameter(s); using defaults fastd_period=5 fastd_matype=0
11:16:54 [WARNING] STOCHF combo [34, 5] is missing 1 parameter(s); using defaults fastd_period=5 fastd_matype=0
11:16:54 [WARNING] STOCHF combo [55, 5] is missing 1 parameter(s); using defaults fastd_period=5 fastd_matype=0
11:16:54 [WARNING] STOCHF combo [89, 8] is missing 1 parameter(s); using defaults fastd_period=8 fastd_matype=0
11:16:54 [WARNING] STOCHRSI combo [9, 5, 3] is missing 1 parameter(s); using defaults fastk_period=5 fastd_period=3 fastd_matype=0
11:16:54 [WARNING] STOCHRSI combo [14, 5, 3] is missing 1 parameter(s); using defaults fastk_period=5 fastd_period=3 fastd_matype=0
11:16:54 [WARNING] STOCHRSI combo [14, 3, 3] is missing 1 parameter(s); using defaults fastk_period=3 fastd_period=3 fastd_matype=0
11:16:54 [WARNING] STOCHRSI combo [21, 5, 3] is missing 1 parameter(s); using defaults fastk_period=5 fastd_period=3 fastd_matype=0
11:16:54 [WARNING] STOCHRSI combo [21, 8, 5] is missing 1 parameter(s); using defaults fastk_period=8 fastd_period=5 fastd_matype=0
11:16:54 [WARNING] STOCHRSI combo [34, 8, 5] is missing 1 parameter(s); using defaults fastk_period=8 fastd_period=5 fastd_matype=0
11:16:54 [WARNING] STOCHRSI combo [55, 8, 5] is missing 1 parameter(s); using defaults fastk_period=8 fastd_period=5 fastd_matype=0
11:16:54 [INFO] [Layer 1] 100% - Layer 1 completed: 898 features
11:16:54 [INFO] Layer 1 done: 898 cols, status=ok, rss=777MB
11:16:54 [INFO] [Layer 2] 0% - Starting Layer 2...
11:16:54 [INFO] Layer 2 starting, rss=777MB
11:16:54 [INFO] [L2] Starting derived features: 898 L1 cols
11:16:54 [WARNING] STOCH combo [5, 3, 3] is missing 2 parameter(s); using defaults slowk=3 slowd=3 slowk_matype=0 slowd_matype=0
11:16:54 [WARNING] STOCH combo [8, 3, 3] is missing 2 parameter(s); using defaults slowk=3 slowd=3 slowk_matype=0 slowd_matype=0
11:16:54 [WARNING] STOCH combo [13, 3, 3] is missing 2 parameter(s); using defaults slowk=3 slowd=3 slowk_matype=0 slowd_matype=0
11:16:54 [WARNING] STOCH combo [13, 5, 3] is missing 2 parameter(s); using defaults slowk=5 slowd=3 slowk_matype=0 slowd_matype=0
11:16:54 [WARNING] STOCH combo [21, 3, 3] is missing 2 parameter(s); using defaults slowk=3 slowd=3 slowk_matype=0 slowd_matype=0
11:16:54 [WARNING] STOCH combo [21, 5, 3] is missing 2 parameter(s); using defaults slowk=5 slowd=3 slowk_matype=0 slowd_matype=0
11:16:54 [WARNING] STOCH combo [21, 5, 5] is missing 2 parameter(s); using defaults slowk=5 slowd=5 slowk_matype=0 slowd_matype=0
11:16:54 [WARNING] STOCH combo [34, 5, 3] is missing 2 parameter(s); using defaults slowk=5 slowd=3 slowk_matype=0 slowd_matype=0
11:16:54 [WARNING] STOCH combo [34, 5, 5] is missing 2 parameter(s); using defaults slowk=5 slowd=5 slowk_matype=0 slowd_matype=0
11:16:54 [WARNING] STOCH combo [55, 5, 5] is missing 2 parameter(s); using defaults slowk=5 slowd=5 slowk_matype=0 slowd_matype=0
11:16:54 [WARNING] STOCH combo [55, 8, 5] is missing 2 parameter(s); using defaults slowk=8 slowd=5 slowk_matype=0 slowd_matype=0
11:16:54 [WARNING] STOCH combo [89, 8, 5] is missing 2 parameter(s); using defaults slowk=8 slowd=5 slowk_matype=0 slowd_matype=0
11:16:54 [WARNING] STOCHF combo [5, 3] is missing 1 parameter(s); using defaults fastd_period=3 fastd_matype=0
11:16:54 [WARNING] STOCHF combo [8, 3] is missing 1 parameter(s); using defaults fastd_period=3 fastd_matype=0
11:16:54 [WARNING] STOCHF combo [13, 3] is missing 1 parameter(s); using defaults fastd_period=3 fastd_matype=0
11:16:54 [WARNING] STOCHF combo [21, 3] is missing 1 parameter(s); using defaults fastd_period=3 fastd_matype=0
11:16:54 [WARNING] STOCHF combo [21, 5] is missing 1 parameter(s); using defaults fastd_period=5 fastd_matype=0
11:16:54 [WARNING] STOCHF combo [34, 5] is missing 1 parameter(s); using defaults fastd_period=5 fastd_matype=0
11:16:54 [WARNING] STOCHF combo [55, 5] is missing 1 parameter(s); using defaults fastd_period=5 fastd_matype=0
11:16:54 [WARNING] STOCHF combo [89, 8] is missing 1 parameter(s); using defaults fastd_period=8 fastd_matype=0
11:16:54 [WARNING] STOCHRSI combo [9, 5, 3] is missing 1 parameter(s); using defaults fastk_period=5 fastd_period=3 fastd_matype=0
11:16:54 [WARNING] STOCHRSI combo [14, 5, 3] is missing 1 parameter(s); using defaults fastk_period=5 fastd_period=3 fastd_matype=0
11:16:54 [WARNING] STOCHRSI combo [14, 3, 3] is missing 1 parameter(s); using defaults fastk_period=3 fastd_period=3 fastd_matype=0
11:16:54 [WARNING] STOCHRSI combo [21, 5, 3] is missing 1 parameter(s); using defaults fastk_period=5 fastd_period=3 fastd_matype=0
11:16:54 [WARNING] STOCHRSI combo [21, 8, 5] is missing 1 parameter(s); using defaults fastk_period=8 fastd_period=5 fastd_matype=0
11:16:54 [WARNING] STOCHRSI combo [34, 8, 5] is missing 1 parameter(s); using defaults fastk_period=8 fastd_period=5 fastd_matype=0
11:16:54 [WARNING] STOCHRSI combo [55, 8, 5] is missing 1 parameter(s); using defaults fastk_period=8 fastd_period=5 fastd_matype=0
11:17:11 [INFO] [CGSA] L2 persisted group=1h_L2_Cross shards=1 total_bytes=88.0 MiB
11:17:17 [INFO] [CGSA] L2 persisted group=1h_L2_Ratio shards=1 total_bytes=88.0 MiB
11:18:07 [INFO] [CGSA] L2 persisted group=1h_L2_Momentum shards=8 total_bytes=696.8 MiB
11:18:07 [INFO] [L2] Completed: 11621 cols in 72.29s
11:18:07 [INFO] [Layer 2] 100% - Layer 2 completed: 11621 features
11:18:07 [INFO] Layer 2 done: 11621 cols, status=ok, rss=3240MB
11:18:07 [INFO] [memmap] created: shape=(20342, 11621), dtype=<class 'numpy.float32'>, est=0.95 GB  (file auto-unlinked)
11:18:13 [INFO] [spill] layer2: 20342×11621 → float32 memmap in 6.1s (freed ~1.9 GB float64)
11:18:13 [INFO] [Layer 3] 0% - Starting Layer 3...
11:18:13 [INFO] Layer 3 starting, rss=2441MB
11:18:21 [INFO] [L3 streaming][numba][multi][persist] step 10/20 (W5_range): 898→898 cols (-0 dead)
11:18:21 [INFO] [L3 streaming][numba][multi][persist] step 20/20 (W13_range): 898→898 cols (-0 dead)
11:18:21 [INFO] [L3 streaming][numba][multi][persist] complete: 17960 generated, 4 dropped, 17956 survivors persisted via callback
11:18:25 [INFO] [L3] streaming persist (mode=streaming) complete: 17956 cols persisted in 20 groups
11:18:25 [INFO] [Layer 3] 100% - Layer 3 completed: 0 features
11:18:25 [INFO] Layer 3 done: 0 cols, status=offloaded_to_registry, rss=2663MB
11:18:25 [INFO] [Layer 4] 0% - Starting Layer 4...
11:18:25 [INFO] Layer 4 starting, rss=2663MB
11:18:27 [INFO] [Layer 4] 100% - Layer 4 completed: 7224 features
11:18:27 [INFO] Layer 4 done: 7224 cols, status=ok, rss=881MB
11:18:27 [INFO] [Layer 5] 0% - Starting Layer 5...
11:18:27 [INFO] Layer 5 starting, rss=882MB
11:18:27 [INFO] [Layer 5] 100% - Layer 5 completed: 0 features
11:18:27 [INFO] Layer 5 done: 0 cols, status=empty_disabled, rss=887MB
11:18:27 [INFO] [Layer 6] 0% - Starting Layer 6...
11:18:27 [INFO] Layer 6 starting, rss=887MB
11:18:27 [INFO] [Layer 6] 100% - Layer 6 completed: 10 features
11:18:27 [INFO] Layer 6 done: 10 cols, status=ok, rss=911MB
11:18:27 [INFO] [CGSA] Disk pre-check OK: layer=L4_lag symbol=BTCUSDT tf=1h need=2.73 GiB (planned_new=0.55 GiB, max_inflight_tmp×2=0.19 GiB, reserve=2.00 GiB) free=29.30 GiB shape=(20342, 7224)
11:18:29 [INFO] [CGSA] L4_lag persisted group=1h_L4_lag_1 shards=5 total_bytes=388.0 MiB
11:18:30 [INFO] [CGSA] L4_lag persisted group=1h_L4_lag_2 shards=2 total_bytes=172.6 MiB
11:18:30 [INFO] [CGSA] Persisted L4_lag: 7224 cols → 2 groups (tf=1h)
11:18:30 [INFO] [CGSA] Disk pre-check OK: layer=L6_meta symbol=BTCUSDT tf=1h need=2.00 GiB (planned_new=0.00 GiB, max_inflight_tmp×2=0.00 GiB, reserve=2.00 GiB) free=29.38 GiB shape=(20342, 10)
11:18:30 [INFO] [CGSA] Persisted L6_meta: 10 cols → 1 groups (tf=1h)
11:18:30 [INFO] [CGSA][multi_tf] Primary TF 1h: 241 groups registered (no alignment needed)
11:18:30 [INFO] [multi_tf:multi_tf] 70% - [CGSA] Processing timeframe 4h (2/2)
11:18:30 [INFO] Fetching spot data: BTCUSDT/4h
11:18:30 [INFO] Read 5088 klines from BTCUSDT/4h in 0.073s
11:18:30 [INFO] Aligned data for BTCUSDT/4h: 5088 rows, 5 columns
11:18:30 [INFO] [Layer 1] 0% - Starting Layer 1...
11:18:30 [INFO] Layer 1 starting, rss=1495MB
11:18:31 [WARNING] STOCH combo [5, 3, 3] is missing 2 parameter(s); using defaults slowk=3 slowd=3 slowk_matype=0 slowd_matype=0
11:18:31 [WARNING] STOCH combo [8, 3, 3] is missing 2 parameter(s); using defaults slowk=3 slowd=3 slowk_matype=0 slowd_matype=0
11:18:31 [WARNING] STOCH combo [13, 3, 3] is missing 2 parameter(s); using defaults slowk=3 slowd=3 slowk_matype=0 slowd_matype=0
11:18:31 [WARNING] STOCH combo [13, 5, 3] is missing 2 parameter(s); using defaults slowk=5 slowd=3 slowk_matype=0 slowd_matype=0
11:18:31 [WARNING] STOCH combo [21, 3, 3] is missing 2 parameter(s); using defaults slowk=3 slowd=3 slowk_matype=0 slowd_matype=0
11:18:31 [WARNING] STOCH combo [21, 5, 3] is missing 2 parameter(s); using defaults slowk=5 slowd=3 slowk_matype=0 slowd_matype=0
11:18:31 [WARNING] STOCH combo [21, 5, 5] is missing 2 parameter(s); using defaults slowk=5 slowd=5 slowk_matype=0 slowd_matype=0
11:18:31 [WARNING] STOCH combo [34, 5, 3] is missing 2 parameter(s); using defaults slowk=5 slowd=3 slowk_matype=0 slowd_matype=0
11:18:31 [WARNING] STOCH combo [34, 5, 5] is missing 2 parameter(s); using defaults slowk=5 slowd=5 slowk_matype=0 slowd_matype=0
11:18:31 [WARNING] STOCH combo [55, 5, 5] is missing 2 parameter(s); using defaults slowk=5 slowd=5 slowk_matype=0 slowd_matype=0
11:18:31 [WARNING] STOCH combo [55, 8, 5] is missing 2 parameter(s); using defaults slowk=8 slowd=5 slowk_matype=0 slowd_matype=0
11:18:31 [WARNING] STOCH combo [89, 8, 5] is missing 2 parameter(s); using defaults slowk=8 slowd=5 slowk_matype=0 slowd_matype=0
11:18:31 [WARNING] STOCHF combo [5, 3] is missing 1 parameter(s); using defaults fastd_period=3 fastd_matype=0
11:18:31 [WARNING] STOCHF combo [8, 3] is missing 1 parameter(s); using defaults fastd_period=3 fastd_matype=0
11:18:31 [WARNING] STOCHF combo [13, 3] is missing 1 parameter(s); using defaults fastd_period=3 fastd_matype=0
11:18:31 [WARNING] STOCHF combo [21, 3] is missing 1 parameter(s); using defaults fastd_period=3 fastd_matype=0
11:18:31 [WARNING] STOCHF combo [21, 5] is missing 1 parameter(s); using defaults fastd_period=5 fastd_matype=0
11:18:31 [WARNING] STOCHF combo [34, 5] is missing 1 parameter(s); using defaults fastd_period=5 fastd_matype=0
11:18:31 [WARNING] STOCHF combo [55, 5] is missing 1 parameter(s); using defaults fastd_period=5 fastd_matype=0
11:18:31 [WARNING] STOCHF combo [89, 8] is missing 1 parameter(s); using defaults fastd_period=8 fastd_matype=0
11:18:31 [WARNING] STOCHRSI combo [9, 5, 3] is missing 1 parameter(s); using defaults fastk_period=5 fastd_period=3 fastd_matype=0
11:18:31 [WARNING] STOCHRSI combo [14, 5, 3] is missing 1 parameter(s); using defaults fastk_period=5 fastd_period=3 fastd_matype=0
11:18:31 [WARNING] STOCHRSI combo [14, 3, 3] is missing 1 parameter(s); using defaults fastk_period=3 fastd_period=3 fastd_matype=0
11:18:31 [WARNING] STOCHRSI combo [21, 5, 3] is missing 1 parameter(s); using defaults fastk_period=5 fastd_period=3 fastd_matype=0
11:18:31 [WARNING] STOCHRSI combo [21, 8, 5] is missing 1 parameter(s); using defaults fastk_period=8 fastd_period=5 fastd_matype=0
11:18:31 [WARNING] STOCHRSI combo [34, 8, 5] is missing 1 parameter(s); using defaults fastk_period=8 fastd_period=5 fastd_matype=0
11:18:31 [WARNING] STOCHRSI combo [55, 8, 5] is missing 1 parameter(s); using defaults fastk_period=8 fastd_period=5 fastd_matype=0
11:18:36 [INFO] [Layer 1] 100% - Layer 1 completed: 898 features
11:18:36 [INFO] Layer 1 done: 898 cols, status=ok, rss=891MB
11:18:36 [INFO] [Layer 2] 0% - Starting Layer 2...
11:18:36 [INFO] Layer 2 starting, rss=891MB
11:18:36 [INFO] [L2] Starting derived features: 898 L1 cols
11:18:36 [WARNING] STOCH combo [5, 3, 3] is missing 2 parameter(s); using defaults slowk=3 slowd=3 slowk_matype=0 slowd_matype=0
11:18:36 [WARNING] STOCH combo [8, 3, 3] is missing 2 parameter(s); using defaults slowk=3 slowd=3 slowk_matype=0 slowd_matype=0
11:18:36 [WARNING] STOCH combo [13, 3, 3] is missing 2 parameter(s); using defaults slowk=3 slowd=3 slowk_matype=0 slowd_matype=0
11:18:36 [WARNING] STOCH combo [13, 5, 3] is missing 2 parameter(s); using defaults slowk=5 slowd=3 slowk_matype=0 slowd_matype=0
11:18:36 [WARNING] STOCH combo [21, 3, 3] is missing 2 parameter(s); using defaults slowk=3 slowd=3 slowk_matype=0 slowd_matype=0
11:18:36 [WARNING] STOCH combo [21, 5, 3] is missing 2 parameter(s); using defaults slowk=5 slowd=3 slowk_matype=0 slowd_matype=0
11:18:36 [WARNING] STOCH combo [21, 5, 5] is missing 2 parameter(s); using defaults slowk=5 slowd=5 slowk_matype=0 slowd_matype=0
11:18:36 [WARNING] STOCH combo [34, 5, 3] is missing 2 parameter(s); using defaults slowk=5 slowd=3 slowk_matype=0 slowd_matype=0
11:18:36 [WARNING] STOCH combo [34, 5, 5] is missing 2 parameter(s); using defaults slowk=5 slowd=5 slowk_matype=0 slowd_matype=0
11:18:36 [WARNING] STOCH combo [55, 5, 5] is missing 2 parameter(s); using defaults slowk=5 slowd=5 slowk_matype=0 slowd_matype=0
11:18:36 [WARNING] STOCH combo [55, 8, 5] is missing 2 parameter(s); using defaults slowk=8 slowd=5 slowk_matype=0 slowd_matype=0
11:18:36 [WARNING] STOCH combo [89, 8, 5] is missing 2 parameter(s); using defaults slowk=8 slowd=5 slowk_matype=0 slowd_matype=0
11:18:36 [WARNING] STOCHF combo [5, 3] is missing 1 parameter(s); using defaults fastd_period=3 fastd_matype=0
11:18:36 [WARNING] STOCHF combo [8, 3] is missing 1 parameter(s); using defaults fastd_period=3 fastd_matype=0
11:18:36 [WARNING] STOCHF combo [13, 3] is missing 1 parameter(s); using defaults fastd_period=3 fastd_matype=0
11:18:36 [WARNING] STOCHF combo [21, 3] is missing 1 parameter(s); using defaults fastd_period=3 fastd_matype=0
11:18:36 [WARNING] STOCHF combo [21, 5] is missing 1 parameter(s); using defaults fastd_period=5 fastd_matype=0
11:18:36 [WARNING] STOCHF combo [34, 5] is missing 1 parameter(s); using defaults fastd_period=5 fastd_matype=0
11:18:36 [WARNING] STOCHF combo [55, 5] is missing 1 parameter(s); using defaults fastd_period=5 fastd_matype=0
11:18:36 [WARNING] STOCHF combo [89, 8] is missing 1 parameter(s); using defaults fastd_period=8 fastd_matype=0
11:18:36 [WARNING] STOCHRSI combo [9, 5, 3] is missing 1 parameter(s); using defaults fastk_period=5 fastd_period=3 fastd_matype=0
11:18:36 [WARNING] STOCHRSI combo [14, 5, 3] is missing 1 parameter(s); using defaults fastk_period=5 fastd_period=3 fastd_matype=0
11:18:36 [WARNING] STOCHRSI combo [14, 3, 3] is missing 1 parameter(s); using defaults fastk_period=3 fastd_period=3 fastd_matype=0
11:18:36 [WARNING] STOCHRSI combo [21, 5, 3] is missing 1 parameter(s); using defaults fastk_period=5 fastd_period=3 fastd_matype=0
11:18:36 [WARNING] STOCHRSI combo [21, 8, 5] is missing 1 parameter(s); using defaults fastk_period=8 fastd_period=5 fastd_matype=0
11:18:36 [WARNING] STOCHRSI combo [34, 8, 5] is missing 1 parameter(s); using defaults fastk_period=8 fastd_period=5 fastd_matype=0
11:18:36 [WARNING] STOCHRSI combo [55, 8, 5] is missing 1 parameter(s); using defaults fastk_period=8 fastd_period=5 fastd_matype=0
11:18:55 [INFO] [CGSA] L2 persisted group=4h_L2_Momentum shards=2 total_bytes=174.2 MiB
11:18:55 [INFO] [L2] Completed: 11621 cols in 18.93s
11:18:55 [INFO] [Layer 2] 100% - Layer 2 completed: 11621 features
11:18:55 [INFO] Layer 2 done: 11621 cols, status=ok, rss=1609MB
11:18:55 [INFO] [Layer 3] 0% - Starting Layer 3...
11:18:55 [INFO] Layer 3 starting, rss=1609MB
11:18:58 [INFO] [L3 streaming][numba][multi][persist] step 10/20 (W5_range): 898→898 cols (-0 dead)
11:18:58 [INFO] [L3 streaming][numba][multi][persist] step 20/20 (W13_range): 898→897 cols (-1 dead)
11:18:58 [INFO] [L3 streaming][numba][multi][persist] complete: 17960 generated, 6 dropped, 17954 survivors persisted via callback
11:19:01 [INFO] [L3] streaming persist (mode=streaming) complete: 17954 cols persisted in 20 groups
11:19:01 [INFO] [Layer 3] 100% - Layer 3 completed: 0 features
11:19:01 [INFO] Layer 3 done: 0 cols, status=offloaded_to_registry, rss=937MB
11:19:01 [INFO] [Layer 4] 0% - Starting Layer 4...
11:19:01 [INFO] Layer 4 starting, rss=937MB
11:19:02 [INFO] [Layer 4] 100% - Layer 4 completed: 7224 features
11:19:02 [INFO] Layer 4 done: 7224 cols, status=ok, rss=916MB
11:19:02 [INFO] [Layer 5] 0% - Starting Layer 5...
11:19:02 [INFO] Layer 5 starting, rss=916MB
11:19:02 [INFO] [Layer 5] 100% - Layer 5 completed: 0 features
11:19:02 [INFO] Layer 5 done: 0 cols, status=empty_disabled, rss=917MB
11:19:02 [INFO] [Layer 6] 0% - Starting Layer 6...
11:19:02 [INFO] Layer 6 starting, rss=917MB
11:19:02 [INFO] [Layer 6] 100% - Layer 6 completed: 10 features
11:19:02 [INFO] Layer 6 done: 10 cols, status=ok, rss=921MB
11:19:02 [INFO] [CGSA] Disk pre-check OK: layer=L4_lag symbol=BTCUSDT tf=4h need=2.32 GiB (planned_new=0.14 GiB, max_inflight_tmp×2=0.19 GiB, reserve=2.00 GiB) free=30.80 GiB shape=(5086, 7224)
11:19:03 [INFO] [CGSA] L4_lag persisted group=4h_L4_lag_1 shards=2 total_bytes=97.0 MiB
11:19:03 [INFO] [CGSA] Persisted L4_lag: 7224 cols → 2 groups (tf=4h)
11:19:03 [INFO] [CGSA] Disk pre-check OK: layer=L6_meta symbol=BTCUSDT tf=4h need=2.00 GiB (planned_new=0.00 GiB, max_inflight_tmp×2=0.00 GiB, reserve=2.00 GiB) free=30.66 GiB shape=(5086, 10)
11:19:03 [INFO] [CGSA] Persisted L6_meta: 10 cols → 1 groups (tf=4h)
11:19:03 [INFO] [CGSA][multi_tf] Compact-aligned 241 groups from 4h → 1h (source_rows=5086 logical_rows=20342)
11:19:03 [INFO] [CGSA][multi_tf] All TFs done: 482 total groups in registry
11:19:03 [INFO] [multi_tf:persist] 90% - [CGSA] Running Layer 6.5 → L7_raw streaming persist
11:19:15 [INFO] [L7][CGSA] Quality summary: inf_count=0, coverage=0.9547, non_nan=1464617452/1534112272
11:19:16 [INFO] [L7_raw] Disk pre-check OK: required=2.00 GiB (safety x1.50), estimated_final=2.86 GiB, reclaimable_npy=3.57 GiB, net_growth=0.00 GiB, max_inflight_part=0.38 GiB, largest_part_source=1h_L2_Momentum, reserve_floor=2.00 GiB, free=30.66 GiB, groups=482
11:19:16 [INFO] [L6.5] raw-sink path uses serial group streaming for disk safety (requested_workers=2)
11:19:16 [INFO] [L6.5] Registry raw-sink config: groups=482 requested_workers=2 effective_workers=1 mode=append use_fast=False can_use_numba_fast=False winsor=True rank=False zscore=False fracdiff=False fracdiff_apply_to=non_stationary fracdiff_layers=['L1', 'L2'] adf=False gaussian=False
11:19:16 [INFO] [L6.5] Raw-sink start: 476 full groups (fast=0, slow=476) + 6 big-group splits → 496 sub-tasks (requested_workers=2, effective_workers=1, split_threshold=2000, slow_chunked=6, max_group_cols=8980, schedule=largest_first, rss=1868MB)
11:19:18 [INFO] [L6.5] raw-sink chunk stream start: group=1h_L2_Momentum cols=8980 chunks=5 chunk_size=2000 rss=1649MB
11:20:26 [INFO] [L6.5] raw-sink chunk stream complete: group=1h_L2_Momentum chunks=5 outputs=5 rss=1795MB
11:20:26 [INFO] [L6.5] raw-sink heartbeat: tasks 5/496 (1.0%), groups 1/482, elapsed=70.1s, rate=0.07/s, ETA=6882s, rss=1795MB, last=1h_L2_Momentum (slow-chunked, parts=5)
11:20:27 [INFO] [L6.5] raw-sink chunk stream start: group=1h_L4_lag_1 cols=5000 chunks=3 chunk_size=2000 rss=1964MB
11:21:05 [INFO] [L6.5] raw-sink chunk stream complete: group=1h_L4_lag_1 chunks=3 outputs=3 rss=1535MB
11:21:05 [INFO] [L6.5] raw-sink heartbeat: tasks 8/496 (1.6%), groups 2/482, elapsed=109.2s, rate=0.07/s, ETA=6659s, rss=1535MB, last=1h_L4_lag_1 (slow-chunked, parts=3)
11:21:20 [INFO] [L6.5] native-tf path completed: group=4h_L2_Momentum src_tf=4h primary_tf=1h native_rows=5086 primary_rows=20342 outputs=1
11:21:20 [INFO] [L6.5] raw-sink chunk stream start: group=1h_L4_lag_2 cols=2224 chunks=2 chunk_size=2000 rss=1247MB
11:21:37 [INFO] [L6.5] raw-sink chunk stream complete: group=1h_L4_lag_2 chunks=2 outputs=2 rss=829MB
11:21:37 [INFO] [L6.5] raw-sink heartbeat: tasks 15/496 (3.0%), groups 4/482, elapsed=141.5s, rate=0.11/s, ETA=4538s, rss=829MB, last=1h_L4_lag_2 (slow-chunked, parts=2)
11:21:45 [INFO] [L6.5] native-tf path completed: group=4h_L4_lag_1 src_tf=4h primary_tf=1h native_rows=5086 primary_rows=20342 outputs=1
11:22:08 [INFO] [L6.5] raw-sink heartbeat: tasks 21/496 (4.2%), groups 8/482, elapsed=172.0s, rate=0.12/s, ETA=3890s, rss=1645MB, last=1h_L3_rolling_W13_Kurt_1 (full)
11:22:40 [INFO] [L6.5] raw-sink heartbeat: tasks 26/496 (5.2%), groups 13/482, elapsed=204.6s, rate=0.13/s, ETA=3699s, rss=1377MB, last=1h_L3_rolling_W13_Skew_1 (full)
11:23:13 [INFO] [L6.5] raw-sink heartbeat: tasks 31/496 (6.2%), groups 18/482, elapsed=237.4s, rate=0.13/s, ETA=3561s, rss=1375MB, last=1h_L3_rolling_W5_Mean_1 (full)
11:23:45 [INFO] [L6.5] raw-sink heartbeat: tasks 36/496 (7.3%), groups 23/482, elapsed=269.6s, rate=0.13/s, ETA=3445s, rss=1381MB, last=1h_L3_rolling_W5_Std_1 (full)
11:24:14 [INFO] [L6.5] native-tf path completed: group=4h_L4_lag_2 src_tf=4h primary_tf=1h native_rows=5086 primary_rows=20342 outputs=1
11:24:15 [INFO] [L6.5] native-tf path completed: group=4h_L2_Cross src_tf=4h primary_tf=1h native_rows=5086 primary_rows=20342 outputs=1
11:24:16 [INFO] [L6.5] native-tf path completed: group=4h_L2_Ratio src_tf=4h primary_tf=1h native_rows=5086 primary_rows=20342 outputs=1
11:24:16 [INFO] [L6.5] raw-sink heartbeat: tasks 44/496 (8.9%), groups 30/482, elapsed=300.4s, rate=0.15/s, ETA=3086s, rss=1706MB, last=4h_L2_Ratio (native-tf, parts=1)
11:24:19 [INFO] [L6.5] native-tf path completed: group=4h_L3_rolling_W13_Kurt_1 src_tf=4h primary_tf=1h native_rows=5086 primary_rows=20342 outputs=1
11:24:20 [INFO] [L6.5] native-tf path completed: group=4h_L3_rolling_W13_Mean_1 src_tf=4h primary_tf=1h native_rows=5086 primary_rows=20342 outputs=1
11:24:21 [INFO] [L6.5] native-tf path completed: group=4h_L3_rolling_W13_Rank_1 src_tf=4h primary_tf=1h native_rows=5086 primary_rows=20342 outputs=1
11:24:22 [INFO] [L6.5] native-tf path completed: group=4h_L3_rolling_W13_Skew_1 src_tf=4h primary_tf=1h native_rows=5086 primary_rows=20342 outputs=1
11:24:23 [INFO] [L6.5] native-tf path completed: group=4h_L3_rolling_W13_Slope_1 src_tf=4h primary_tf=1h native_rows=5086 primary_rows=20342 outputs=1
11:24:24 [INFO] [L6.5] native-tf path completed: group=4h_L3_rolling_W13_Std_1 src_tf=4h primary_tf=1h native_rows=5086 primary_rows=20342 outputs=1
11:24:26 [INFO] [L6.5] native-tf path completed: group=4h_L3_rolling_W13_ZScore_1 src_tf=4h primary_tf=1h native_rows=5086 primary_rows=20342 outputs=1
11:24:27 [INFO] [L6.5] native-tf path completed: group=4h_L3_rolling_W5_Max_1 src_tf=4h primary_tf=1h native_rows=5086 primary_rows=20342 outputs=1
11:24:28 [INFO] [L6.5] native-tf path completed: group=4h_L3_rolling_W5_Mean_1 src_tf=4h primary_tf=1h native_rows=5086 primary_rows=20342 outputs=1
11:24:29 [INFO] [L6.5] native-tf path completed: group=4h_L3_rolling_W5_Min_1 src_tf=4h primary_tf=1h native_rows=5086 primary_rows=20342 outputs=1
11:24:30 [INFO] [L6.5] native-tf path completed: group=4h_L3_rolling_W5_Range_1 src_tf=4h primary_tf=1h native_rows=5086 primary_rows=20342 outputs=1
11:24:31 [INFO] [L6.5] native-tf path completed: group=4h_L3_rolling_W5_Rank_1 src_tf=4h primary_tf=1h native_rows=5086 primary_rows=20342 outputs=1
11:24:32 [INFO] [L6.5] native-tf path completed: group=4h_L3_rolling_W5_Slope_1 src_tf=4h primary_tf=1h native_rows=5086 primary_rows=20342 outputs=1
11:24:33 [INFO] [L6.5] native-tf path completed: group=4h_L3_rolling_W5_Std_1 src_tf=4h primary_tf=1h native_rows=5086 primary_rows=20342 outputs=1
11:24:34 [INFO] [L6.5] native-tf path completed: group=4h_L3_rolling_W13_Max_1 src_tf=4h primary_tf=1h native_rows=5086 primary_rows=20342 outputs=1
11:24:35 [INFO] [L6.5] native-tf path completed: group=4h_L3_rolling_W13_Min_1 src_tf=4h primary_tf=1h native_rows=5086 primary_rows=20342 outputs=1
11:24:36 [INFO] [L6.5] native-tf path completed: group=4h_L3_rolling_W13_Range_1 src_tf=4h primary_tf=1h native_rows=5086 primary_rows=20342 outputs=1
11:24:37 [INFO] [L6.5] native-tf path completed: group=4h_L3_rolling_W5_Kurt_1 src_tf=4h primary_tf=1h native_rows=5086 primary_rows=20342 outputs=1
11:24:38 [INFO] [L6.5] native-tf path completed: group=4h_L3_rolling_W5_Skew_1 src_tf=4h primary_tf=1h native_rows=5086 primary_rows=20342 outputs=1
11:24:39 [INFO] [L6.5] native-tf path completed: group=4h_L3_rolling_W5_ZScore_1 src_tf=4h primary_tf=1h native_rows=5086 primary_rows=20342 outputs=1
11:24:40 [INFO] [L6.5] native-tf path completed: group=4h_L2_Distance src_tf=4h primary_tf=1h native_rows=5086 primary_rows=20342 outputs=1
11:24:40 [INFO] [L6.5] raw-sink heartbeat: tasks 68/496 (13.7%), groups 54/482, elapsed=324.6s, rate=0.21/s, ETA=2043s, rss=1207MB, last=1h_L1_momentum_RSI (full)
11:24:41 [INFO] [L6.5] native-tf path completed: group=4h_L2_BinarySignal src_tf=4h primary_tf=1h native_rows=5086 primary_rows=20342 outputs=1
11:24:46 [INFO] [L6.5] raw-sink heartbeat: tasks 92/496 (18.5%), groups 78/482, elapsed=329.7s, rate=0.28/s, ETA=1448s, rss=1058MB, last=1h_L1_momentum_MACDFIX-Line (full)
11:24:48 [INFO] [L6.5] native-tf path completed: group=4h_L1_momentum_RSI src_tf=4h primary_tf=1h native_rows=5086 primary_rows=20342 outputs=1
11:24:48 [INFO] [L6.5] native-tf path completed: group=4h_L1_trend_EMA src_tf=4h primary_tf=1h native_rows=5086 primary_rows=20342 outputs=1
11:24:48 [INFO] [L6.5] native-tf path completed: group=4h_L1_trend_SMA src_tf=4h primary_tf=1h native_rows=5086 primary_rows=20342 outputs=1
11:24:48 [INFO] [L6.5] native-tf path completed: group=4h_L1_momentum_ROC src_tf=4h primary_tf=1h native_rows=5086 primary_rows=20342 outputs=1
11:24:49 [INFO] [L6.5] native-tf path completed: group=4h_L1_momentum_ROCP src_tf=4h primary_tf=1h native_rows=5086 primary_rows=20342 outputs=1
11:24:49 [INFO] [L6.5] native-tf path completed: group=4h_L1_momentum_ROCR src_tf=4h primary_tf=1h native_rows=5086 primary_rows=20342 outputs=1
11:24:49 [INFO] [L6.5] native-tf path completed: group=4h_L1_momentum_ROCR100 src_tf=4h primary_tf=1h native_rows=5086 primary_rows=20342 outputs=1
11:24:49 [INFO] [L6.5] native-tf path completed: group=4h_L1_momentum_CMO src_tf=4h primary_tf=1h native_rows=5086 primary_rows=20342 outputs=1
11:24:49 [INFO] [L6.5] raw-sink heartbeat: tasks 116/496 (23.4%), groups 102/482, elapsed=333.0s, rate=0.35/s, ETA=1091s, rss=1054MB, last=4h_L1_momentum_CMO (native-tf, parts=1)
11:24:49 [INFO] [L6.5] native-tf path completed: group=4h_L1_momentum_MOM src_tf=4h primary_tf=1h native_rows=5086 primary_rows=20342 outputs=1
11:24:49 [INFO] [L6.5] native-tf path completed: group=4h_L1_momentum_TRIX src_tf=4h primary_tf=1h native_rows=5086 primary_rows=20342 outputs=1
11:24:49 [INFO] [L6.5] native-tf path completed: group=4h_L1_trend_DEMA src_tf=4h primary_tf=1h native_rows=5086 primary_rows=20342 outputs=1
11:24:49 [INFO] [L6.5] native-tf path completed: group=4h_L1_trend_KAMA src_tf=4h primary_tf=1h native_rows=5086 primary_rows=20342 outputs=1
11:24:49 [INFO] [L6.5] native-tf path completed: group=4h_L1_trend_MA src_tf=4h primary_tf=1h native_rows=5086 primary_rows=20342 outputs=1
11:24:49 [INFO] [L6.5] native-tf path completed: group=4h_L1_trend_MAVP src_tf=4h primary_tf=1h native_rows=5086 primary_rows=20342 outputs=1
11:24:50 [INFO] [L6.5] native-tf path completed: group=4h_L1_trend_MIDPOINT src_tf=4h primary_tf=1h native_rows=5086 primary_rows=20342 outputs=1
11:24:50 [INFO] [L6.5] native-tf path completed: group=4h_L1_trend_T3 src_tf=4h primary_tf=1h native_rows=5086 primary_rows=20342 outputs=1
11:24:50 [INFO] [L6.5] native-tf path completed: group=4h_L1_trend_TEMA src_tf=4h primary_tf=1h native_rows=5086 primary_rows=20342 outputs=1
11:24:50 [INFO] [L6.5] native-tf path completed: group=4h_L1_trend_TRIMA src_tf=4h primary_tf=1h native_rows=5086 primary_rows=20342 outputs=1
11:24:50 [INFO] [L6.5] native-tf path completed: group=4h_L1_trend_WMA src_tf=4h primary_tf=1h native_rows=5086 primary_rows=20342 outputs=1
11:24:50 [INFO] [L6.5] native-tf path completed: group=4h_L1_trend_BBANDS-Lower src_tf=4h primary_tf=1h native_rows=5086 primary_rows=20342 outputs=1
11:24:50 [INFO] [L6.5] native-tf path completed: group=4h_L1_trend_BBANDS-Middle src_tf=4h primary_tf=1h native_rows=5086 primary_rows=20342 outputs=1
11:24:50 [INFO] [L6.5] native-tf path completed: group=4h_L1_trend_BBANDS-Upper src_tf=4h primary_tf=1h native_rows=5086 primary_rows=20342 outputs=1
11:24:50 [INFO] [L6.5] native-tf path completed: group=4h_L1_momentum_MACDFIX-Hist src_tf=4h primary_tf=1h native_rows=5086 primary_rows=20342 outputs=1
11:24:51 [INFO] [L6.5] native-tf path completed: group=4h_L1_momentum_MACDFIX-Line src_tf=4h primary_tf=1h native_rows=5086 primary_rows=20342 outputs=1
11:24:51 [INFO] [L6.5] native-tf path completed: group=4h_L1_momentum_MACDFIX-Signal src_tf=4h primary_tf=1h native_rows=5086 primary_rows=20342 outputs=1
11:24:51 [INFO] [L6.5] native-tf path completed: group=4h_L1_momentum_WILLR src_tf=4h primary_tf=1h native_rows=5086 primary_rows=20342 outputs=1
11:24:51 [INFO] [L6.5] native-tf path completed: group=4h_L1_momentum_CCI src_tf=4h primary_tf=1h native_rows=5086 primary_rows=20342 outputs=1
11:24:51 [INFO] [L6.5] native-tf path completed: group=4h_L6_meta src_tf=4h primary_tf=1h native_rows=5086 primary_rows=20342 outputs=1
11:24:51 [INFO] [L6.5] native-tf path completed: group=4h_L1_momentum_ADX src_tf=4h primary_tf=1h native_rows=5086 primary_rows=20342 outputs=1
11:24:51 [INFO] [L6.5] native-tf path completed: group=4h_L1_momentum_ADXR src_tf=4h primary_tf=1h native_rows=5086 primary_rows=20342 outputs=1
11:24:51 [INFO] [L6.5] native-tf path completed: group=4h_L1_momentum_AROON-aroondown src_tf=4h primary_tf=1h native_rows=5086 primary_rows=20342 outputs=1
11:24:51 [INFO] [L6.5] native-tf path completed: group=4h_L1_momentum_AROON-aroonup src_tf=4h primary_tf=1h native_rows=5086 primary_rows=20342 outputs=1
11:24:51 [INFO] [L6.5] raw-sink heartbeat: tasks 140/496 (28.2%), groups 126/482, elapsed=335.4s, rate=0.42/s, ETA=853s, rss=676MB, last=4h_L1_momentum_AROON-aroonup (native-tf, parts=1)
11:24:51 [INFO] [L6.5] native-tf path completed: group=4h_L1_momentum_AROONOSC src_tf=4h primary_tf=1h native_rows=5086 primary_rows=20342 outputs=1
11:24:51 [INFO] [L6.5] native-tf path completed: group=4h_L1_momentum_DX src_tf=4h primary_tf=1h native_rows=5086 primary_rows=20342 outputs=1
11:24:52 [INFO] [L6.5] native-tf path completed: group=4h_L1_momentum_MINUS-DI src_tf=4h primary_tf=1h native_rows=5086 primary_rows=20342 outputs=1
11:24:52 [INFO] [L6.5] native-tf path completed: group=4h_L1_momentum_MINUS-DM src_tf=4h primary_tf=1h native_rows=5086 primary_rows=20342 outputs=1
11:24:52 [INFO] [L6.5] native-tf path completed: group=4h_L1_momentum_PLUS-DI src_tf=4h primary_tf=1h native_rows=5086 primary_rows=20342 outputs=1
11:24:52 [INFO] [L6.5] native-tf path completed: group=4h_L1_momentum_PLUS-DM src_tf=4h primary_tf=1h native_rows=5086 primary_rows=20342 outputs=1
11:24:52 [INFO] [L6.5] native-tf path completed: group=4h_L1_trend_MIDPRICE src_tf=4h primary_tf=1h native_rows=5086 primary_rows=20342 outputs=1
11:24:54 [INFO] [L6.5] raw-sink heartbeat: tasks 164/496 (33.1%), groups 150/482, elapsed=337.8s, rate=0.49/s, ETA=684s, rss=467MB, last=1h_L1_momentum_MACD-Hist_21-55-9 (full)
11:24:56 [INFO] [L6.5] raw-sink heartbeat: tasks 188/496 (37.9%), groups 174/482, elapsed=340.1s, rate=0.55/s, ETA=557s, rss=460MB, last=1h_L1_momentum_MACD-Signal_13-34-9 (full)
11:24:58 [INFO] [L6.5] raw-sink heartbeat: tasks 212/496 (42.7%), groups 198/482, elapsed=342.5s, rate=0.62/s, ETA=459s, rss=460MB, last=1h_L1_momentum_MACDEXT-Hist_8-34-9 (full)
11:25:01 [INFO] [L6.5] raw-sink heartbeat: tasks 236/496 (47.6%), groups 222/482, elapsed=344.8s, rate=0.68/s, ETA=380s, rss=458MB, last=1h_L1_momentum_MACDEXT-Signal_55-233-34 (full)
11:25:03 [INFO] [L6.5] raw-sink heartbeat: tasks 260/496 (52.4%), groups 246/482, elapsed=347.1s, rate=0.75/s, ETA=315s, rss=458MB, last=1h_L1_momentum_STOCHRSI-fastk_14-5-3-0 (full)
11:25:04 [INFO] [L6.5] native-tf path completed: group=4h_L1_momentum_MFI src_tf=4h primary_tf=1h native_rows=5086 primary_rows=20342 outputs=1
11:25:05 [INFO] [L6.5] raw-sink heartbeat: tasks 284/496 (57.3%), groups 270/482, elapsed=349.3s, rate=0.81/s, ETA=261s, rss=458MB, last=1h_L1_momentum_STOCH-slowk_13-5-0-3-0 (full)
11:25:07 [INFO] [L6.5] raw-sink heartbeat: tasks 308/496 (62.1%), groups 294/482, elapsed=351.5s, rate=0.88/s, ETA=215s, rss=451MB, last=1h_L1_momentum_STOCHF-fastk_55-5-0 (full)
11:25:09 [INFO] [L6.5] native-tf path completed: group=4h_L1_momentum_APO_12-26-0 src_tf=4h primary_tf=1h native_rows=5086 primary_rows=20342 outputs=1
11:25:09 [INFO] [L6.5] native-tf path completed: group=4h_L1_momentum_APO_13-34-0 src_tf=4h primary_tf=1h native_rows=5086 primary_rows=20342 outputs=1
11:25:09 [INFO] [L6.5] native-tf path completed: group=4h_L1_momentum_APO_13-55-0 src_tf=4h primary_tf=1h native_rows=5086 primary_rows=20342 outputs=1
11:25:09 [INFO] [L6.5] native-tf path completed: group=4h_L1_momentum_APO_21-55-0 src_tf=4h primary_tf=1h native_rows=5086 primary_rows=20342 outputs=1
11:25:09 [INFO] [L6.5] native-tf path completed: group=4h_L1_momentum_APO_21-89-0 src_tf=4h primary_tf=1h native_rows=5086 primary_rows=20342 outputs=1
11:25:09 [INFO] [L6.5] native-tf path completed: group=4h_L1_momentum_APO_34-144-0 src_tf=4h primary_tf=1h native_rows=5086 primary_rows=20342 outputs=1
11:25:09 [INFO] [L6.5] native-tf path completed: group=4h_L1_momentum_APO_34-89-0 src_tf=4h primary_tf=1h native_rows=5086 primary_rows=20342 outputs=1
11:25:09 [INFO] [L6.5] native-tf path completed: group=4h_L1_momentum_APO_5-13-0 src_tf=4h primary_tf=1h native_rows=5086 primary_rows=20342 outputs=1
11:25:09 [INFO] [L6.5] native-tf path completed: group=4h_L1_momentum_APO_5-21-0 src_tf=4h primary_tf=1h native_rows=5086 primary_rows=20342 outputs=1
11:25:09 [INFO] [L6.5] native-tf path completed: group=4h_L1_momentum_APO_55-144-0 src_tf=4h primary_tf=1h native_rows=5086 primary_rows=20342 outputs=1
11:25:09 [INFO] [L6.5] raw-sink heartbeat: tasks 332/496 (66.9%), groups 318/482, elapsed=353.6s, rate=0.94/s, ETA=175s, rss=445MB, last=4h_L1_momentum_APO_55-144-0 (native-tf, parts=1)
11:25:10 [INFO] [L6.5] native-tf path completed: group=4h_L1_momentum_APO_55-233-0 src_tf=4h primary_tf=1h native_rows=5086 primary_rows=20342 outputs=1
11:25:10 [INFO] [L6.5] native-tf path completed: group=4h_L1_momentum_APO_8-21-0 src_tf=4h primary_tf=1h native_rows=5086 primary_rows=20342 outputs=1
11:25:10 [INFO] [L6.5] native-tf path completed: group=4h_L1_momentum_APO_8-34-0 src_tf=4h primary_tf=1h native_rows=5086 primary_rows=20342 outputs=1
11:25:10 [INFO] [L6.5] native-tf path completed: group=4h_L1_momentum_MACD-Hist_12-26-9 src_tf=4h primary_tf=1h native_rows=5086 primary_rows=20342 outputs=1
11:25:10 [INFO] [L6.5] native-tf path completed: group=4h_L1_momentum_MACD-Hist_13-34-9 src_tf=4h primary_tf=1h native_rows=5086 primary_rows=20342 outputs=1
11:25:10 [INFO] [L6.5] native-tf path completed: group=4h_L1_momentum_MACD-Hist_13-55-13 src_tf=4h primary_tf=1h native_rows=5086 primary_rows=20342 outputs=1
11:25:10 [INFO] [L6.5] native-tf path completed: group=4h_L1_momentum_MACD-Hist_21-55-9 src_tf=4h primary_tf=1h native_rows=5086 primary_rows=20342 outputs=1
11:25:10 [INFO] [L6.5] native-tf path completed: group=4h_L1_momentum_MACD-Hist_21-89-13 src_tf=4h primary_tf=1h native_rows=5086 primary_rows=20342 outputs=1
11:25:10 [INFO] [L6.5] native-tf path completed: group=4h_L1_momentum_MACD-Hist_34-144-21 src_tf=4h primary_tf=1h native_rows=5086 primary_rows=20342 outputs=1
11:25:10 [INFO] [L6.5] native-tf path completed: group=4h_L1_momentum_MACD-Hist_34-89-13 src_tf=4h primary_tf=1h native_rows=5086 primary_rows=20342 outputs=1
11:25:10 [INFO] [L6.5] native-tf path completed: group=4h_L1_momentum_MACD-Hist_5-13-3 src_tf=4h primary_tf=1h native_rows=5086 primary_rows=20342 outputs=1
11:25:10 [INFO] [L6.5] native-tf path completed: group=4h_L1_momentum_MACD-Hist_5-21-5 src_tf=4h primary_tf=1h native_rows=5086 primary_rows=20342 outputs=1
11:25:11 [INFO] [L6.5] native-tf path completed: group=4h_L1_momentum_MACD-Hist_55-144-21 src_tf=4h primary_tf=1h native_rows=5086 primary_rows=20342 outputs=1
11:25:11 [INFO] [L6.5] native-tf path completed: group=4h_L1_momentum_MACD-Hist_55-233-34 src_tf=4h primary_tf=1h native_rows=5086 primary_rows=20342 outputs=1
11:25:11 [INFO] [L6.5] native-tf path completed: group=4h_L1_momentum_MACD-Hist_8-21-5 src_tf=4h primary_tf=1h native_rows=5086 primary_rows=20342 outputs=1
11:25:11 [INFO] [L6.5] native-tf path completed: group=4h_L1_momentum_MACD-Hist_8-34-9 src_tf=4h primary_tf=1h native_rows=5086 primary_rows=20342 outputs=1
11:25:11 [INFO] [L6.5] native-tf path completed: group=4h_L1_momentum_MACD-Line_12-26-9 src_tf=4h primary_tf=1h native_rows=5086 primary_rows=20342 outputs=1
11:25:11 [INFO] [L6.5] native-tf path completed: group=4h_L1_momentum_MACD-Line_13-34-9 src_tf=4h primary_tf=1h native_rows=5086 primary_rows=20342 outputs=1
11:25:11 [INFO] [L6.5] native-tf path completed: group=4h_L1_momentum_MACD-Line_13-55-13 src_tf=4h primary_tf=1h native_rows=5086 primary_rows=20342 outputs=1
11:25:11 [INFO] [L6.5] native-tf path completed: group=4h_L1_momentum_MACD-Line_21-55-9 src_tf=4h primary_tf=1h native_rows=5086 primary_rows=20342 outputs=1
11:25:11 [INFO] [L6.5] native-tf path completed: group=4h_L1_momentum_MACD-Line_21-89-13 src_tf=4h primary_tf=1h native_rows=5086 primary_rows=20342 outputs=1
11:25:11 [INFO] [L6.5] native-tf path completed: group=4h_L1_momentum_MACD-Line_34-144-21 src_tf=4h primary_tf=1h native_rows=5086 primary_rows=20342 outputs=1
11:25:11 [INFO] [L6.5] native-tf path completed: group=4h_L1_momentum_MACD-Line_34-89-13 src_tf=4h primary_tf=1h native_rows=5086 primary_rows=20342 outputs=1
11:25:12 [INFO] [L6.5] native-tf path completed: group=4h_L1_momentum_MACD-Line_5-13-3 src_tf=4h primary_tf=1h native_rows=5086 primary_rows=20342 outputs=1
11:25:12 [INFO] [L6.5] raw-sink heartbeat: tasks 356/496 (71.8%), groups 342/482, elapsed=355.7s, rate=1.00/s, ETA=140s, rss=442MB, last=4h_L1_momentum_MACD-Line_5-13-3 (native-tf, parts=1)
11:25:12 [INFO] [L6.5] native-tf path completed: group=4h_L1_momentum_MACD-Line_5-21-5 src_tf=4h primary_tf=1h native_rows=5086 primary_rows=20342 outputs=1
11:25:12 [INFO] [L6.5] native-tf path completed: group=4h_L1_momentum_MACD-Line_55-144-21 src_tf=4h primary_tf=1h native_rows=5086 primary_rows=20342 outputs=1
11:25:12 [INFO] [L6.5] native-tf path completed: group=4h_L1_momentum_MACD-Line_55-233-34 src_tf=4h primary_tf=1h native_rows=5086 primary_rows=20342 outputs=1
11:25:12 [INFO] [L6.5] native-tf path completed: group=4h_L1_momentum_MACD-Line_8-21-5 src_tf=4h primary_tf=1h native_rows=5086 primary_rows=20342 outputs=1
11:25:12 [INFO] [L6.5] native-tf path completed: group=4h_L1_momentum_MACD-Line_8-34-9 src_tf=4h primary_tf=1h native_rows=5086 primary_rows=20342 outputs=1
11:25:12 [INFO] [L6.5] native-tf path completed: group=4h_L1_momentum_MACD-Signal_12-26-9 src_tf=4h primary_tf=1h native_rows=5086 primary_rows=20342 outputs=1
11:25:12 [INFO] [L6.5] native-tf path completed: group=4h_L1_momentum_MACD-Signal_13-34-9 src_tf=4h primary_tf=1h native_rows=5086 primary_rows=20342 outputs=1
11:25:12 [INFO] [L6.5] native-tf path completed: group=4h_L1_momentum_MACD-Signal_13-55-13 src_tf=4h primary_tf=1h native_rows=5086 primary_rows=20342 outputs=1
11:25:12 [INFO] [L6.5] native-tf path completed: group=4h_L1_momentum_MACD-Signal_21-55-9 src_tf=4h primary_tf=1h native_rows=5086 primary_rows=20342 outputs=1
11:25:12 [INFO] [L6.5] native-tf path completed: group=4h_L1_momentum_MACD-Signal_21-89-13 src_tf=4h primary_tf=1h native_rows=5086 primary_rows=20342 outputs=1
11:25:12 [INFO] [L6.5] native-tf path completed: group=4h_L1_momentum_MACD-Signal_34-144-21 src_tf=4h primary_tf=1h native_rows=5086 primary_rows=20342 outputs=1
11:25:13 [INFO] [L6.5] native-tf path completed: group=4h_L1_momentum_MACD-Signal_34-89-13 src_tf=4h primary_tf=1h native_rows=5086 primary_rows=20342 outputs=1
11:25:13 [INFO] [L6.5] native-tf path completed: group=4h_L1_momentum_MACD-Signal_5-13-3 src_tf=4h primary_tf=1h native_rows=5086 primary_rows=20342 outputs=1
11:25:13 [INFO] [L6.5] native-tf path completed: group=4h_L1_momentum_MACD-Signal_5-21-5 src_tf=4h primary_tf=1h native_rows=5086 primary_rows=20342 outputs=1
11:25:13 [INFO] [L6.5] native-tf path completed: group=4h_L1_momentum_MACD-Signal_55-144-21 src_tf=4h primary_tf=1h native_rows=5086 primary_rows=20342 outputs=1
11:25:13 [INFO] [L6.5] native-tf path completed: group=4h_L1_momentum_MACD-Signal_55-233-34 src_tf=4h primary_tf=1h native_rows=5086 primary_rows=20342 outputs=1
11:25:13 [INFO] [L6.5] native-tf path completed: group=4h_L1_momentum_MACD-Signal_8-21-5 src_tf=4h primary_tf=1h native_rows=5086 primary_rows=20342 outputs=1
11:25:13 [INFO] [L6.5] native-tf path completed: group=4h_L1_momentum_MACD-Signal_8-34-9 src_tf=4h primary_tf=1h native_rows=5086 primary_rows=20342 outputs=1
11:25:13 [INFO] [L6.5] native-tf path completed: group=4h_L1_momentum_MACDEXT-Hist_12-26-9 src_tf=4h primary_tf=1h native_rows=5086 primary_rows=20342 outputs=1
11:25:13 [INFO] [L6.5] native-tf path completed: group=4h_L1_momentum_MACDEXT-Hist_13-34-9 src_tf=4h primary_tf=1h native_rows=5086 primary_rows=20342 outputs=1
11:25:13 [INFO] [L6.5] native-tf path completed: group=4h_L1_momentum_MACDEXT-Hist_13-55-13 src_tf=4h primary_tf=1h native_rows=5086 primary_rows=20342 outputs=1
11:25:13 [INFO] [L6.5] native-tf path completed: group=4h_L1_momentum_MACDEXT-Hist_21-55-9 src_tf=4h primary_tf=1h native_rows=5086 primary_rows=20342 outputs=1
11:25:14 [INFO] [L6.5] native-tf path completed: group=4h_L1_momentum_MACDEXT-Hist_21-89-13 src_tf=4h primary_tf=1h native_rows=5086 primary_rows=20342 outputs=1
11:25:14 [INFO] [L6.5] native-tf path completed: group=4h_L1_momentum_MACDEXT-Hist_34-144-21 src_tf=4h primary_tf=1h native_rows=5086 primary_rows=20342 outputs=1
11:25:14 [INFO] [L6.5] raw-sink heartbeat: tasks 380/496 (76.6%), groups 366/482, elapsed=357.8s, rate=1.06/s, ETA=109s, rss=356MB, last=4h_L1_momentum_MACDEXT-Hist_34-144-21 (native-tf, parts=1)
11:25:14 [INFO] [L6.5] native-tf path completed: group=4h_L1_momentum_MACDEXT-Hist_34-89-13 src_tf=4h primary_tf=1h native_rows=5086 primary_rows=20342 outputs=1
11:25:14 [INFO] [L6.5] native-tf path completed: group=4h_L1_momentum_MACDEXT-Hist_5-13-3 src_tf=4h primary_tf=1h native_rows=5086 primary_rows=20342 outputs=1
11:25:14 [INFO] [L6.5] native-tf path completed: group=4h_L1_momentum_MACDEXT-Hist_5-21-5 src_tf=4h primary_tf=1h native_rows=5086 primary_rows=20342 outputs=1
11:25:14 [INFO] [L6.5] native-tf path completed: group=4h_L1_momentum_MACDEXT-Hist_55-144-21 src_tf=4h primary_tf=1h native_rows=5086 primary_rows=20342 outputs=1
11:25:14 [INFO] [L6.5] native-tf path completed: group=4h_L1_momentum_MACDEXT-Hist_55-233-34 src_tf=4h primary_tf=1h native_rows=5086 primary_rows=20342 outputs=1
11:25:14 [INFO] [L6.5] native-tf path completed: group=4h_L1_momentum_MACDEXT-Hist_8-21-5 src_tf=4h primary_tf=1h native_rows=5086 primary_rows=20342 outputs=1
11:25:14 [INFO] [L6.5] native-tf path completed: group=4h_L1_momentum_MACDEXT-Hist_8-34-9 src_tf=4h primary_tf=1h native_rows=5086 primary_rows=20342 outputs=1
11:25:14 [INFO] [L6.5] native-tf path completed: group=4h_L1_momentum_MACDEXT-Line_12-26-9 src_tf=4h primary_tf=1h native_rows=5086 primary_rows=20342 outputs=1
11:25:14 [INFO] [L6.5] native-tf path completed: group=4h_L1_momentum_MACDEXT-Line_13-34-9 src_tf=4h primary_tf=1h native_rows=5086 primary_rows=20342 outputs=1
11:25:14 [INFO] [L6.5] native-tf path completed: group=4h_L1_momentum_MACDEXT-Line_13-55-13 src_tf=4h primary_tf=1h native_rows=5086 primary_rows=20342 outputs=1
11:25:15 [INFO] [L6.5] native-tf path completed: group=4h_L1_momentum_MACDEXT-Line_21-55-9 src_tf=4h primary_tf=1h native_rows=5086 primary_rows=20342 outputs=1
11:25:15 [INFO] [L6.5] native-tf path completed: group=4h_L1_momentum_MACDEXT-Line_21-89-13 src_tf=4h primary_tf=1h native_rows=5086 primary_rows=20342 outputs=1
11:25:15 [INFO] [L6.5] native-tf path completed: group=4h_L1_momentum_MACDEXT-Line_34-144-21 src_tf=4h primary_tf=1h native_rows=5086 primary_rows=20342 outputs=1
11:25:15 [INFO] [L6.5] native-tf path completed: group=4h_L1_momentum_MACDEXT-Line_34-89-13 src_tf=4h primary_tf=1h native_rows=5086 primary_rows=20342 outputs=1
11:25:15 [INFO] [L6.5] native-tf path completed: group=4h_L1_momentum_MACDEXT-Line_5-13-3 src_tf=4h primary_tf=1h native_rows=5086 primary_rows=20342 outputs=1
11:25:15 [INFO] [L6.5] native-tf path completed: group=4h_L1_momentum_MACDEXT-Line_5-21-5 src_tf=4h primary_tf=1h native_rows=5086 primary_rows=20342 outputs=1
11:25:15 [INFO] [L6.5] native-tf path completed: group=4h_L1_momentum_MACDEXT-Line_55-144-21 src_tf=4h primary_tf=1h native_rows=5086 primary_rows=20342 outputs=1
11:25:15 [INFO] [L6.5] native-tf path completed: group=4h_L1_momentum_MACDEXT-Line_55-233-34 src_tf=4h primary_tf=1h native_rows=5086 primary_rows=20342 outputs=1
11:25:15 [INFO] [L6.5] native-tf path completed: group=4h_L1_momentum_MACDEXT-Line_8-21-5 src_tf=4h primary_tf=1h native_rows=5086 primary_rows=20342 outputs=1
11:25:15 [INFO] [L6.5] native-tf path completed: group=4h_L1_momentum_MACDEXT-Line_8-34-9 src_tf=4h primary_tf=1h native_rows=5086 primary_rows=20342 outputs=1
11:25:15 [INFO] [L6.5] native-tf path completed: group=4h_L1_momentum_MACDEXT-Signal_12-26-9 src_tf=4h primary_tf=1h native_rows=5086 primary_rows=20342 outputs=1
11:25:16 [INFO] [L6.5] native-tf path completed: group=4h_L1_momentum_MACDEXT-Signal_13-34-9 src_tf=4h primary_tf=1h native_rows=5086 primary_rows=20342 outputs=1
11:25:16 [INFO] [L6.5] native-tf path completed: group=4h_L1_momentum_MACDEXT-Signal_13-55-13 src_tf=4h primary_tf=1h native_rows=5086 primary_rows=20342 outputs=1
11:25:16 [INFO] [L6.5] native-tf path completed: group=4h_L1_momentum_MACDEXT-Signal_21-55-9 src_tf=4h primary_tf=1h native_rows=5086 primary_rows=20342 outputs=1
11:25:16 [INFO] [L6.5] raw-sink heartbeat: tasks 404/496 (81.5%), groups 390/482, elapsed=359.8s, rate=1.12/s, ETA=82s, rss=333MB, last=4h_L1_momentum_MACDEXT-Signal_21-55-9 (native-tf, parts=1)
11:25:16 [INFO] [L6.5] native-tf path completed: group=4h_L1_momentum_MACDEXT-Signal_21-89-13 src_tf=4h primary_tf=1h native_rows=5086 primary_rows=20342 outputs=1
11:25:16 [INFO] [L6.5] native-tf path completed: group=4h_L1_momentum_MACDEXT-Signal_34-144-21 src_tf=4h primary_tf=1h native_rows=5086 primary_rows=20342 outputs=1
11:25:16 [INFO] [L6.5] native-tf path completed: group=4h_L1_momentum_MACDEXT-Signal_34-89-13 src_tf=4h primary_tf=1h native_rows=5086 primary_rows=20342 outputs=1
11:25:16 [INFO] [L6.5] native-tf path completed: group=4h_L1_momentum_MACDEXT-Signal_5-13-3 src_tf=4h primary_tf=1h native_rows=5086 primary_rows=20342 outputs=1
11:25:16 [INFO] [L6.5] native-tf path completed: group=4h_L1_momentum_MACDEXT-Signal_5-21-5 src_tf=4h primary_tf=1h native_rows=5086 primary_rows=20342 outputs=1
11:25:16 [INFO] [L6.5] native-tf path completed: group=4h_L1_momentum_MACDEXT-Signal_55-144-21 src_tf=4h primary_tf=1h native_rows=5086 primary_rows=20342 outputs=1
11:25:16 [INFO] [L6.5] native-tf path completed: group=4h_L1_momentum_MACDEXT-Signal_55-233-34 src_tf=4h primary_tf=1h native_rows=5086 primary_rows=20342 outputs=1
11:25:16 [INFO] [L6.5] native-tf path completed: group=4h_L1_momentum_MACDEXT-Signal_8-21-5 src_tf=4h primary_tf=1h native_rows=5086 primary_rows=20342 outputs=1
11:25:16 [INFO] [L6.5] native-tf path completed: group=4h_L1_momentum_MACDEXT-Signal_8-34-9 src_tf=4h primary_tf=1h native_rows=5086 primary_rows=20342 outputs=1
11:25:17 [INFO] [L6.5] native-tf path completed: group=4h_L1_momentum_PPO_12-26-0 src_tf=4h primary_tf=1h native_rows=5086 primary_rows=20342 outputs=1
11:25:17 [INFO] [L6.5] native-tf path completed: group=4h_L1_momentum_PPO_13-34-0 src_tf=4h primary_tf=1h native_rows=5086 primary_rows=20342 outputs=1
11:25:17 [INFO] [L6.5] native-tf path completed: group=4h_L1_momentum_PPO_13-55-0 src_tf=4h primary_tf=1h native_rows=5086 primary_rows=20342 outputs=1
11:25:17 [INFO] [L6.5] native-tf path completed: group=4h_L1_momentum_PPO_21-55-0 src_tf=4h primary_tf=1h native_rows=5086 primary_rows=20342 outputs=1
11:25:17 [INFO] [L6.5] native-tf path completed: group=4h_L1_momentum_PPO_21-89-0 src_tf=4h primary_tf=1h native_rows=5086 primary_rows=20342 outputs=1
11:25:17 [INFO] [L6.5] native-tf path completed: group=4h_L1_momentum_PPO_34-144-0 src_tf=4h primary_tf=1h native_rows=5086 primary_rows=20342 outputs=1
11:25:17 [INFO] [L6.5] native-tf path completed: group=4h_L1_momentum_PPO_34-89-0 src_tf=4h primary_tf=1h native_rows=5086 primary_rows=20342 outputs=1
11:25:17 [INFO] [L6.5] native-tf path completed: group=4h_L1_momentum_PPO_5-13-0 src_tf=4h primary_tf=1h native_rows=5086 primary_rows=20342 outputs=1
11:25:17 [INFO] [L6.5] native-tf path completed: group=4h_L1_momentum_PPO_5-21-0 src_tf=4h primary_tf=1h native_rows=5086 primary_rows=20342 outputs=1
11:25:17 [INFO] [L6.5] native-tf path completed: group=4h_L1_momentum_PPO_55-144-0 src_tf=4h primary_tf=1h native_rows=5086 primary_rows=20342 outputs=1
11:25:17 [INFO] [L6.5] native-tf path completed: group=4h_L1_momentum_PPO_55-233-0 src_tf=4h primary_tf=1h native_rows=5086 primary_rows=20342 outputs=1
11:25:17 [INFO] [L6.5] native-tf path completed: group=4h_L1_momentum_PPO_8-21-0 src_tf=4h primary_tf=1h native_rows=5086 primary_rows=20342 outputs=1
11:25:18 [INFO] [L6.5] native-tf path completed: group=4h_L1_momentum_PPO_8-34-0 src_tf=4h primary_tf=1h native_rows=5086 primary_rows=20342 outputs=1
11:25:18 [INFO] [L6.5] native-tf path completed: group=4h_L1_momentum_STOCHRSI-fastd_14-3-3-0 src_tf=4h primary_tf=1h native_rows=5086 primary_rows=20342 outputs=1
11:25:18 [INFO] [L6.5] native-tf path completed: group=4h_L1_momentum_STOCHRSI-fastd_14-5-3-0 src_tf=4h primary_tf=1h native_rows=5086 primary_rows=20342 outputs=1
11:25:18 [INFO] [L6.5] raw-sink heartbeat: tasks 428/496 (86.3%), groups 414/482, elapsed=361.9s, rate=1.18/s, ETA=57s, rss=333MB, last=4h_L1_momentum_STOCHRSI-fastd_14-5-3-0 (native-tf, parts=1)
11:25:18 [INFO] [L6.5] native-tf path completed: group=4h_L1_momentum_STOCHRSI-fastd_21-5-3-0 src_tf=4h primary_tf=1h native_rows=5086 primary_rows=20342 outputs=1
11:25:18 [INFO] [L6.5] native-tf path completed: group=4h_L1_momentum_STOCHRSI-fastd_21-8-5-0 src_tf=4h primary_tf=1h native_rows=5086 primary_rows=20342 outputs=1
11:25:18 [INFO] [L6.5] native-tf path completed: group=4h_L1_momentum_STOCHRSI-fastd_34-8-5-0 src_tf=4h primary_tf=1h native_rows=5086 primary_rows=20342 outputs=1
11:25:18 [INFO] [L6.5] native-tf path completed: group=4h_L1_momentum_STOCHRSI-fastd_55-8-5-0 src_tf=4h primary_tf=1h native_rows=5086 primary_rows=20342 outputs=1
11:25:18 [INFO] [L6.5] native-tf path completed: group=4h_L1_momentum_STOCHRSI-fastd_9-5-3-0 src_tf=4h primary_tf=1h native_rows=5086 primary_rows=20342 outputs=1
11:25:18 [INFO] [L6.5] native-tf path completed: group=4h_L1_momentum_STOCHRSI-fastk_14-3-3-0 src_tf=4h primary_tf=1h native_rows=5086 primary_rows=20342 outputs=1
11:25:18 [INFO] [L6.5] native-tf path completed: group=4h_L1_momentum_STOCHRSI-fastk_14-5-3-0 src_tf=4h primary_tf=1h native_rows=5086 primary_rows=20342 outputs=1
11:25:18 [INFO] [L6.5] native-tf path completed: group=4h_L1_momentum_STOCHRSI-fastk_21-5-3-0 src_tf=4h primary_tf=1h native_rows=5086 primary_rows=20342 outputs=1
11:25:19 [INFO] [L6.5] native-tf path completed: group=4h_L1_momentum_STOCHRSI-fastk_21-8-5-0 src_tf=4h primary_tf=1h native_rows=5086 primary_rows=20342 outputs=1
11:25:19 [INFO] [L6.5] native-tf path completed: group=4h_L1_momentum_STOCHRSI-fastk_34-8-5-0 src_tf=4h primary_tf=1h native_rows=5086 primary_rows=20342 outputs=1
11:25:19 [INFO] [L6.5] native-tf path completed: group=4h_L1_momentum_STOCHRSI-fastk_55-8-5-0 src_tf=4h primary_tf=1h native_rows=5086 primary_rows=20342 outputs=1
11:25:19 [INFO] [L6.5] native-tf path completed: group=4h_L1_momentum_STOCHRSI-fastk_9-5-3-0 src_tf=4h primary_tf=1h native_rows=5086 primary_rows=20342 outputs=1
11:25:19 [INFO] [L6.5] native-tf path completed: group=4h_L1_trend_HT-TRENDLINE src_tf=4h primary_tf=1h native_rows=5086 primary_rows=20342 outputs=1
11:25:19 [INFO] [L6.5] native-tf path completed: group=4h_L1_trend_MAMA-FAMA_0.5-0.05 src_tf=4h primary_tf=1h native_rows=5086 primary_rows=20342 outputs=1
11:25:19 [INFO] [L6.5] native-tf path completed: group=4h_L1_trend_MAMA_0.5-0.05 src_tf=4h primary_tf=1h native_rows=5086 primary_rows=20342 outputs=1
11:25:19 [INFO] [L6.5] native-tf path completed: group=4h_L1_momentum_BOP src_tf=4h primary_tf=1h native_rows=5086 primary_rows=20342 outputs=1
11:25:19 [INFO] [L6.5] native-tf path completed: group=4h_L1_momentum_STOCH-slowd_13-3-0-3-0 src_tf=4h primary_tf=1h native_rows=5086 primary_rows=20342 outputs=1
11:25:19 [INFO] [L6.5] native-tf path completed: group=4h_L1_momentum_STOCH-slowd_13-5-0-3-0 src_tf=4h primary_tf=1h native_rows=5086 primary_rows=20342 outputs=1
11:25:19 [INFO] [L6.5] native-tf path completed: group=4h_L1_momentum_STOCH-slowd_21-3-0-3-0 src_tf=4h primary_tf=1h native_rows=5086 primary_rows=20342 outputs=1
11:25:19 [INFO] [L6.5] native-tf path completed: group=4h_L1_momentum_STOCH-slowd_21-5-0-3-0 src_tf=4h primary_tf=1h native_rows=5086 primary_rows=20342 outputs=1
11:25:20 [INFO] [L6.5] native-tf path completed: group=4h_L1_momentum_STOCH-slowd_21-5-0-5-0 src_tf=4h primary_tf=1h native_rows=5086 primary_rows=20342 outputs=1
11:25:20 [INFO] [L6.5] native-tf path completed: group=4h_L1_momentum_STOCH-slowd_34-5-0-3-0 src_tf=4h primary_tf=1h native_rows=5086 primary_rows=20342 outputs=1
11:25:20 [INFO] [L6.5] native-tf path completed: group=4h_L1_momentum_STOCH-slowd_34-5-0-5-0 src_tf=4h primary_tf=1h native_rows=5086 primary_rows=20342 outputs=1
11:25:20 [INFO] [L6.5] native-tf path completed: group=4h_L1_momentum_STOCH-slowd_5-3-0-3-0 src_tf=4h primary_tf=1h native_rows=5086 primary_rows=20342 outputs=1
11:25:20 [INFO] [L6.5] raw-sink heartbeat: tasks 452/496 (91.1%), groups 438/482, elapsed=363.9s, rate=1.24/s, ETA=35s, rss=333MB, last=4h_L1_momentum_STOCH-slowd_5-3-0-3-0 (native-tf, parts=1)
11:25:20 [INFO] [L6.5] native-tf path completed: group=4h_L1_momentum_STOCH-slowd_55-5-0-5-0 src_tf=4h primary_tf=1h native_rows=5086 primary_rows=20342 outputs=1
11:25:20 [INFO] [L6.5] native-tf path completed: group=4h_L1_momentum_STOCH-slowd_55-8-0-5-0 src_tf=4h primary_tf=1h native_rows=5086 primary_rows=20342 outputs=1
11:25:20 [INFO] [L6.5] native-tf path completed: group=4h_L1_momentum_STOCH-slowd_8-3-0-3-0 src_tf=4h primary_tf=1h native_rows=5086 primary_rows=20342 outputs=1
11:25:20 [INFO] [L6.5] native-tf path completed: group=4h_L1_momentum_STOCH-slowd_89-8-0-5-0 src_tf=4h primary_tf=1h native_rows=5086 primary_rows=20342 outputs=1
11:25:20 [INFO] [L6.5] native-tf path completed: group=4h_L1_momentum_STOCH-slowk_13-3-0-3-0 src_tf=4h primary_tf=1h native_rows=5086 primary_rows=20342 outputs=1
11:25:20 [INFO] [L6.5] native-tf path completed: group=4h_L1_momentum_STOCH-slowk_13-5-0-3-0 src_tf=4h primary_tf=1h native_rows=5086 primary_rows=20342 outputs=1
11:25:20 [INFO] [L6.5] native-tf path completed: group=4h_L1_momentum_STOCH-slowk_21-3-0-3-0 src_tf=4h primary_tf=1h native_rows=5086 primary_rows=20342 outputs=1
11:25:20 [INFO] [L6.5] native-tf path completed: group=4h_L1_momentum_STOCH-slowk_21-5-0-3-0 src_tf=4h primary_tf=1h native_rows=5086 primary_rows=20342 outputs=1
11:25:21 [INFO] [L6.5] native-tf path completed: group=4h_L1_momentum_STOCH-slowk_21-5-0-5-0 src_tf=4h primary_tf=1h native_rows=5086 primary_rows=20342 outputs=1
11:25:21 [INFO] [L6.5] native-tf path completed: group=4h_L1_momentum_STOCH-slowk_34-5-0-3-0 src_tf=4h primary_tf=1h native_rows=5086 primary_rows=20342 outputs=1
11:25:21 [INFO] [L6.5] native-tf path completed: group=4h_L1_momentum_STOCH-slowk_34-5-0-5-0 src_tf=4h primary_tf=1h native_rows=5086 primary_rows=20342 outputs=1
11:25:21 [INFO] [L6.5] native-tf path completed: group=4h_L1_momentum_STOCH-slowk_5-3-0-3-0 src_tf=4h primary_tf=1h native_rows=5086 primary_rows=20342 outputs=1
11:25:21 [INFO] [L6.5] native-tf path completed: group=4h_L1_momentum_STOCH-slowk_55-5-0-5-0 src_tf=4h primary_tf=1h native_rows=5086 primary_rows=20342 outputs=1
11:25:21 [INFO] [L6.5] native-tf path completed: group=4h_L1_momentum_STOCH-slowk_55-8-0-5-0 src_tf=4h primary_tf=1h native_rows=5086 primary_rows=20342 outputs=1
11:25:21 [INFO] [L6.5] native-tf path completed: group=4h_L1_momentum_STOCH-slowk_8-3-0-3-0 src_tf=4h primary_tf=1h native_rows=5086 primary_rows=20342 outputs=1
11:25:21 [INFO] [L6.5] native-tf path completed: group=4h_L1_momentum_STOCH-slowk_89-8-0-5-0 src_tf=4h primary_tf=1h native_rows=5086 primary_rows=20342 outputs=1
11:25:21 [INFO] [L6.5] native-tf path completed: group=4h_L1_momentum_STOCHF-fastd_13-3-0 src_tf=4h primary_tf=1h native_rows=5086 primary_rows=20342 outputs=1
11:25:21 [INFO] [L6.5] native-tf path completed: group=4h_L1_momentum_STOCHF-fastd_21-3-0 src_tf=4h primary_tf=1h native_rows=5086 primary_rows=20342 outputs=1
11:25:21 [INFO] [L6.5] native-tf path completed: group=4h_L1_momentum_STOCHF-fastd_21-5-0 src_tf=4h primary_tf=1h native_rows=5086 primary_rows=20342 outputs=1
11:25:21 [INFO] [L6.5] native-tf path completed: group=4h_L1_momentum_STOCHF-fastd_34-5-0 src_tf=4h primary_tf=1h native_rows=5086 primary_rows=20342 outputs=1
11:25:22 [INFO] [L6.5] native-tf path completed: group=4h_L1_momentum_STOCHF-fastd_5-3-0 src_tf=4h primary_tf=1h native_rows=5086 primary_rows=20342 outputs=1
11:25:22 [INFO] [L6.5] native-tf path completed: group=4h_L1_momentum_STOCHF-fastd_55-5-0 src_tf=4h primary_tf=1h native_rows=5086 primary_rows=20342 outputs=1
11:25:22 [INFO] [L6.5] native-tf path completed: group=4h_L1_momentum_STOCHF-fastd_8-3-0 src_tf=4h primary_tf=1h native_rows=5086 primary_rows=20342 outputs=1
11:25:22 [INFO] [L6.5] native-tf path completed: group=4h_L1_momentum_STOCHF-fastd_89-8-0 src_tf=4h primary_tf=1h native_rows=5086 primary_rows=20342 outputs=1
11:25:22 [INFO] [L6.5] raw-sink heartbeat: tasks 476/496 (96.0%), groups 462/482, elapsed=366.0s, rate=1.30/s, ETA=15s, rss=333MB, last=4h_L1_momentum_STOCHF-fastd_89-8-0 (native-tf, parts=1)
11:25:22 [INFO] [L6.5] native-tf path completed: group=4h_L1_momentum_STOCHF-fastk_13-3-0 src_tf=4h primary_tf=1h native_rows=5086 primary_rows=20342 outputs=1
11:25:22 [INFO] [L6.5] native-tf path completed: group=4h_L1_momentum_STOCHF-fastk_21-3-0 src_tf=4h primary_tf=1h native_rows=5086 primary_rows=20342 outputs=1
11:25:22 [INFO] [L6.5] native-tf path completed: group=4h_L1_momentum_STOCHF-fastk_21-5-0 src_tf=4h primary_tf=1h native_rows=5086 primary_rows=20342 outputs=1
11:25:22 [INFO] [L6.5] native-tf path completed: group=4h_L1_momentum_STOCHF-fastk_34-5-0 src_tf=4h primary_tf=1h native_rows=5086 primary_rows=20342 outputs=1
11:25:22 [INFO] [L6.5] native-tf path completed: group=4h_L1_momentum_STOCHF-fastk_5-3-0 src_tf=4h primary_tf=1h native_rows=5086 primary_rows=20342 outputs=1
11:25:22 [INFO] [L6.5] native-tf path completed: group=4h_L1_momentum_STOCHF-fastk_55-5-0 src_tf=4h primary_tf=1h native_rows=5086 primary_rows=20342 outputs=1
11:25:22 [INFO] [L6.5] native-tf path completed: group=4h_L1_momentum_STOCHF-fastk_8-3-0 src_tf=4h primary_tf=1h native_rows=5086 primary_rows=20342 outputs=1
11:25:22 [INFO] [L6.5] native-tf path completed: group=4h_L1_momentum_STOCHF-fastk_89-8-0 src_tf=4h primary_tf=1h native_rows=5086 primary_rows=20342 outputs=1
11:25:23 [INFO] [L6.5] native-tf path completed: group=4h_L1_momentum_ULTOSC_13-21-55 src_tf=4h primary_tf=1h native_rows=5086 primary_rows=20342 outputs=1
11:25:23 [INFO] [L6.5] native-tf path completed: group=4h_L1_momentum_ULTOSC_13-34-89 src_tf=4h primary_tf=1h native_rows=5086 primary_rows=20342 outputs=1
11:25:23 [INFO] [L6.5] native-tf path completed: group=4h_L1_momentum_ULTOSC_21-34-89 src_tf=4h primary_tf=1h native_rows=5086 primary_rows=20342 outputs=1
11:25:23 [INFO] [L6.5] native-tf path completed: group=4h_L1_momentum_ULTOSC_21-55-144 src_tf=4h primary_tf=1h native_rows=5086 primary_rows=20342 outputs=1
11:25:23 [INFO] [L6.5] native-tf path completed: group=4h_L1_momentum_ULTOSC_34-55-144 src_tf=4h primary_tf=1h native_rows=5086 primary_rows=20342 outputs=1
11:25:23 [INFO] [L6.5] native-tf path completed: group=4h_L1_momentum_ULTOSC_34-89-233 src_tf=4h primary_tf=1h native_rows=5086 primary_rows=20342 outputs=1
11:25:23 [INFO] [L6.5] native-tf path completed: group=4h_L1_momentum_ULTOSC_5-10-20 src_tf=4h primary_tf=1h native_rows=5086 primary_rows=20342 outputs=1
11:25:23 [INFO] [L6.5] native-tf path completed: group=4h_L1_momentum_ULTOSC_5-13-26 src_tf=4h primary_tf=1h native_rows=5086 primary_rows=20342 outputs=1
11:25:23 [INFO] [L6.5] native-tf path completed: group=4h_L1_momentum_ULTOSC_7-14-28 src_tf=4h primary_tf=1h native_rows=5086 primary_rows=20342 outputs=1
11:25:23 [INFO] [L6.5] native-tf path completed: group=4h_L1_momentum_ULTOSC_8-21-55 src_tf=4h primary_tf=1h native_rows=5086 primary_rows=20342 outputs=1
11:25:23 [INFO] [L6.5] native-tf path completed: group=4h_L1_trend_SAREXT_0-0-0.02-0.02-0.2-0.02-0.02-0.2 src_tf=4h primary_tf=1h native_rows=5086 primary_rows=20342 outputs=1
11:25:23 [INFO] [L6.5] native-tf path completed: group=4h_L1_trend_SAR_0.02-0.2 src_tf=4h primary_tf=1h native_rows=5086 primary_rows=20342 outputs=1
11:25:23 [INFO] [L6.5] raw-sink heartbeat: tasks 496/496 (100.0%), groups 482/482, elapsed=367.6s, rate=1.35/s, ETA=0s, rss=333MB, last=4h_L1_trend_SAR_0.02-0.2 (native-tf, parts=1)
11:25:24 [INFO] [L6.5] raw-sink complete: 482/482 groups in 367.70s rss=333MB
11:25:24 [INFO] [Layer B Sanitize][CGSA] nulled 4539885 non-finite/over-cap values (finite_cap=1e+18) across all streamed features
11:25:25 [INFO] [L7_raw] registry stream persist done: symbol=BTCUSDT tf=1h groups=490 features=75416 npy_freed=3.57 GiB dtype=mixed
11:25:25 [INFO] Loaded feature registry with 1 entries
11:25:25 [INFO] [multi_tf:complete] 100% - [CGSA] MultiTF generation completed (511.69s)
PASSED                                                                   [100%]

=============================== warnings summary ===============================
tests/feature_engineering/test_ff_multitf_truncation_small_mr.py::test_small_c3_multitf_tail_perturbation_prefix_invariant
tests/feature_engineering/test_ff_multitf_truncation_small_mr.py::test_small_c3_multitf_tail_perturbation_prefix_invariant
tests/feature_engineering/test_ff_multitf_truncation_small_mr.py::test_small_c3_multitf_tail_perturbation_prefix_invariant
tests/feature_engineering/test_ff_multitf_truncation_small_mr.py::test_small_c3_multitf_tail_perturbation_prefix_invariant
  /Users/louis/Desktop/quantitative_trading_system/tests/feature_engineering/ff_truncation_mr_helpers.py:1423: FutureWarning: Setting an item of incompatible dtype is deprecated and will raise an error in a future version of pandas. Value '[1077746.7421875 1077815.2578125 1076793.1015625 1076618.59375
   1076743.2265625 1076834.046875  1076878.2265625 1076960.4296875
   1076786.8125    1077066.421875 ]' has dtype incompatible with float32, please explicitly cast to a compatible dtype first.

tests/feature_engineering/test_ff_multitf_truncation_small_mr.py::test_small_c3_multitf_tail_perturbation_prefix_invariant
tests/feature_engineering/test_ff_multitf_truncation_small_mr.py::test_small_c3_multitf_tail_perturbation_prefix_invariant
tests/feature_engineering/test_ff_multitf_truncation_small_mr.py::test_small_c3_multitf_tail_perturbation_prefix_invariant
tests/feature_engineering/test_ff_multitf_truncation_small_mr.py::test_small_c3_multitf_tail_perturbation_prefix_invariant
  /Users/louis/Desktop/quantitative_trading_system/tests/feature_engineering/ff_truncation_mr_helpers.py:1423: FutureWarning: Setting an item of incompatible dtype is deprecated and will raise an error in a future version of pandas. Value '[1078265.34375   1077827.171875  1076868.0078125 1076990.4296875
   1076890.9921875 1076894.703125  1077067.796875  1076981.53125
   1077082.78125   1077450.       ]' has dtype incompatible with float32, please explicitly cast to a compatible dtype first.

tests/feature_engineering/test_ff_multitf_truncation_small_mr.py::test_small_c3_multitf_tail_perturbation_prefix_invariant
tests/feature_engineering/test_ff_multitf_truncation_small_mr.py::test_small_c3_multitf_tail_perturbation_prefix_invariant
tests/feature_engineering/test_ff_multitf_truncation_small_mr.py::test_small_c3_multitf_tail_perturbation_prefix_invariant
tests/feature_engineering/test_ff_multitf_truncation_small_mr.py::test_small_c3_multitf_tail_perturbation_prefix_invariant
  /Users/louis/Desktop/quantitative_trading_system/tests/feature_engineering/ff_truncation_mr_helpers.py:1423: FutureWarning: Setting an item of incompatible dtype is deprecated and will raise an error in a future version of pandas. Value '[1077680.        1076564.328125  1076546.        1076618.59375
   1076668.5234375 1076459.640625  1076844.15625   1076786.796875
   1076763.7109375 1077018.5625   ]' has dtype incompatible with float32, please explicitly cast to a compatible dtype first.

tests/feature_engineering/test_ff_multitf_truncation_small_mr.py::test_small_c3_multitf_tail_perturbation_prefix_invariant
tests/feature_engineering/test_ff_multitf_truncation_small_mr.py::test_small_c3_multitf_tail_perturbation_prefix_invariant
tests/feature_engineering/test_ff_multitf_truncation_small_mr.py::test_small_c3_multitf_tail_perturbation_prefix_invariant
tests/feature_engineering/test_ff_multitf_truncation_small_mr.py::test_small_c3_multitf_tail_perturbation_prefix_invariant
  /Users/louis/Desktop/quantitative_trading_system/tests/feature_engineering/ff_truncation_mr_helpers.py:1423: FutureWarning: Setting an item of incompatible dtype is deprecated and will raise an error in a future version of pandas. Value '[1077815.25      1076793.09375   1076618.59375   1076743.2421875
   1076834.0625    1076878.0703125 1076960.4296875 1076786.8125
   1077066.421875  1077371.3203125]' has dtype incompatible with float32, please explicitly cast to a compatible dtype first.

tests/feature_engineering/test_ff_multitf_truncation_small_mr.py::test_small_c3_multitf_tail_perturbation_prefix_invariant
tests/feature_engineering/test_ff_multitf_truncation_small_mr.py::test_small_c3_multitf_tail_perturbation_prefix_invariant
tests/feature_engineering/test_ff_multitf_truncation_small_mr.py::test_small_c3_multitf_tail_perturbation_prefix_invariant
tests/feature_engineering/test_ff_multitf_truncation_small_mr.py::test_small_c3_multitf_tail_perturbation_prefix_invariant
  /Users/louis/Desktop/quantitative_trading_system/tests/feature_engineering/ff_truncation_mr_helpers.py:1423: FutureWarning: Setting an item of incompatible dtype is deprecated and will raise an error in a future version of pandas. Value '[1000744.42828369 1001882.1706543  1000809.46496582 1000874.80560303
   1000361.97329712 1000598.68005371 1000310.80764771 1000223.94467163
   1000364.86358643 1000438.27301025]' has dtype incompatible with float32, please explicitly cast to a compatible dtype first.

-- Docs: https://docs.pytest.org/en/stable/how-to/capture-warnings.html
================= 2 passed, 20 warnings in 4582.34s (1:16:22) ==================
PYTEST_RC=0
Fri Oct  2 11:25:48 CST 2026
