=== A1 ===
============================= test session starts ==============================
platform darwin -- Python 3.9.6, pytest-8.4.2, pluggy-1.6.0
rootdir: /Users/louis/Desktop/quantitative_trading_system
configfile: pytest.ini
plugins: asyncio-1.2.0, anyio-4.10.0, cov-7.0.0
asyncio: mode=strict, debug=False, asyncio_default_fixture_loop_scope=None, asyncio_default_test_loop_scope=function
collected 345 items

tests/momentum/event_samples/test_alignment.py::test_g2_k0_integer_exact PASSED [  0%]
tests/momentum/event_samples/test_alignment.py::test_g2_k1_offset_exact PASSED [  0%]
tests/momentum/event_samples/test_alignment.py::test_g2_nonboundary_1h_anchor_asof PASSED [  0%]
tests/momentum/event_samples/test_alignment.py::test_g2_data_end_label_window_incomplete PASSED [  1%]
tests/momentum/event_samples/test_alignment.py::test_next_open_close_to_close_two_number_disclosure PASSED [  1%]
tests/momentum/event_samples/test_alignment.py::test_label_modes_exact PASSED [  1%]
tests/momentum/event_samples/test_alignment.py::test_accounting_conservation_m1 PASSED [  2%]
tests/momentum/event_samples/test_alignment.py::test_warmup_insufficient_before_data_start PASSED [  2%]
tests/momentum/event_samples/test_alignment.py::test_missing_tf_and_corrupt_bars PASSED [  2%]
tests/momentum/event_samples/test_alignment.py::test_corrupt_close_time_rejected PASSED [  2%]
tests/momentum/event_samples/test_alignment.py::test_uint64_descending_bars_rejected PASSED [  3%]
tests/momentum/event_samples/test_alignment.py::test_w11_decision_gt_t0_guard_falsifiable PASSED [  3%]
tests/momentum/event_samples/test_alignment.py::test_assert_cutoff_shift_one_bar_mutation_red PASSED [  3%]
tests/momentum/event_samples/test_all_bars_eval.py::test_denominator_hand_exact_real_kline PASSED [  4%]
tests/momentum/event_samples/test_all_bars_eval.py::test_decision_offset_shrinks_eligible PASSED [  4%]
tests/momentum/event_samples/test_all_bars_eval.py::test_missing_scores_counted_not_dropped PASSED [  4%]
tests/momentum/event_samples/test_all_bars_eval.py::test_assert_mutation_ineligible_in_denominator_red PASSED [  4%]
tests/momentum/event_samples/test_all_bars_eval.py::test_missing_prevalence_disclosure_unavailable PASSED [  5%]
tests/momentum/event_samples/test_all_bars_eval.py::test_multiple_label_ids_not_overwritten PASSED [  5%]
tests/momentum/event_samples/test_all_bars_eval.py::test_common_constraint_block_present PASSED [  5%]
tests/momentum/event_samples/test_all_bars_eval.py::test_grid_gap_counted_as_missing_bar PASSED [  6%]
tests/momentum/event_samples/test_all_bars_eval.py::test_entry_semantic_next_open_hold_return_exact PASSED [  6%]
tests/momentum/event_samples/test_all_bars_eval.py::test_required_entry_semantic_timeframe_and_duplicate_bar_fail_closed PASSED [  6%]
tests/momentum/event_samples/test_all_bars_eval.py::test_common_has_actual_macro_micro_cluster_ci PASSED [  6%]
tests/momentum/event_samples/test_all_bars_eval.py::test_rule_callable_and_kind_strata PASSED [  7%]
tests/momentum/event_samples/test_baseline_oracle.py::test_shuffled_labels_all_in_band PASSED [  7%]
tests/momentum/event_samples/test_baseline_oracle.py::test_informative_out_of_band_noise_in_band PASSED [  7%]
tests/momentum/event_samples/test_baseline_oracle.py::test_deterministic_same_seed PASSED [  8%]
tests/momentum/event_samples/test_baseline_oracle.py::test_one_class_unavailable PASSED [  8%]
tests/momentum/event_samples/test_baseline_oracle.py::test_all_nan_feature_loud PASSED [  8%]
tests/momentum/event_samples/test_baseline_oracle.py::test_partial_nonfinite_loud_no_silent_drop PASSED [  8%]
tests/momentum/event_samples/test_baseline_oracle.py::test_feature_manifest_hash_in_receipts_and_required PASSED [  9%]
tests/momentum/event_samples/test_baseline_oracle.py::test_one_class_with_nonfinite_is_loud_not_unavailable PASSED [  9%]
tests/momentum/event_samples/test_baseline_oracle.py::test_m8_identity_permutation_hard_check PASSED [  9%]
tests/momentum/event_samples/test_baseline_oracle.py::test_pit_shift_kills_signal PASSED [ 10%]
tests/momentum/event_samples/test_baseline_oracle.py::test_conditional_ic_core_reuse PASSED [ 10%]
tests/momentum/event_samples/test_candidate_ledger.py::test_to_return_series_hand_exact_each_entry_semantic[trigger_open-0] PASSED [ 10%]
tests/momentum/event_samples/test_candidate_ledger.py::test_to_return_series_hand_exact_each_entry_semantic[trigger_close-0] PASSED [ 11%]
tests/momentum/event_samples/test_candidate_ledger.py::test_to_return_series_hand_exact_each_entry_semantic[next_open-0] PASSED [ 11%]
tests/momentum/event_samples/test_candidate_ledger.py::test_to_return_series_hand_exact_each_entry_semantic[decision_bar_open-1] PASSED [ 11%]
tests/momentum/event_samples/test_candidate_ledger.py::test_to_return_series_hand_exact_each_entry_semantic[decision_bar_close-1] PASSED [ 11%]
tests/momentum/event_samples/test_candidate_ledger.py::test_to_return_series_short_sign_and_threshold PASSED [ 12%]
tests/momentum/event_samples/test_candidate_ledger.py::test_to_return_series_w8_mismatch_rejected PASSED [ 12%]
tests/momentum/event_samples/test_candidate_ledger.py::test_ledger_empty_unavailable PASSED [ 12%]
tests/momentum/event_samples/test_candidate_ledger.py::test_record_then_n_from_ledger_dsr_pbo_eligibility 
-------------------------------- live log call ---------------------------------
02:14:01 [WARNING] run_dsr_pbo: return series 跨度 2.000 年不足 MinBTL 上界 8.789 年（N=3）
PASSED                                                                   [ 13%]
tests/momentum/event_samples/test_candidate_ledger.py::test_auc_fed_to_dsr_rejected_mechanically PASSED [ 13%]
tests/momentum/event_samples/test_candidate_ledger.py::test_min_btl_shortfall_loud 
-------------------------------- live log call ---------------------------------
02:14:01 [WARNING] run_dsr_pbo: return series 跨度 0.050 年不足 MinBTL 上界 5.545 年（N=2）
PASSED                                                                   [ 13%]
tests/momentum/event_samples/test_candidate_ledger.py::test_single_candidate_pbo_unavailable_and_obs_below_blocks PASSED [ 13%]
tests/momentum/event_samples/test_candidate_ledger.py::test_record_guards_and_ledger_mismatch_unverifiable PASSED [ 14%]
tests/momentum/event_samples/test_candidate_ledger.py::test_disguised_score_series_rejected PASSED [ 14%]
tests/momentum/event_samples/test_candidate_ledger.py::test_unlogged_candidate_cannot_be_champion PASSED [ 14%]
tests/momentum/event_samples/test_candidate_ledger.py::test_pbo_observation_axis_by_entry_time_not_lexicographic 
-------------------------------- live log call ---------------------------------
02:14:01 [WARNING] run_dsr_pbo: return series 跨度 2.000 年不足 MinBTL 上界 2.197 年（N=3）
PASSED                                                                   [ 15%]
tests/momentum/event_samples/test_candidate_ledger.py::test_stale_receipt_after_copy_mutation_rejected PASSED [ 15%]
tests/momentum/event_samples/test_candidate_ledger.py::test_sidecar_first_and_ledger_without_provenance_unavailable 
-------------------------------- live log call ---------------------------------
02:14:01 [WARNING] run_dsr_pbo: return series 跨度 2.000 年不足 MinBTL 上界 2.197 年（N=3）
PASSED                                                                   [ 15%]
tests/momentum/event_samples/test_candidate_ledger.py::test_record_requires_command_and_expected_before_any_write PASSED [ 15%]
tests/momentum/event_samples/test_canonical_serialize.py::test_canonical_serialize_01_bytes_equal_golden PASSED [ 16%]
tests/momentum/event_samples/test_canonical_serialize.py::test_canonical_serialize_02_separators_change_hash PASSED [ 16%]
tests/momentum/event_samples/test_canonical_serialize.py::test_canonical_serialize_03_trailing_newline_changes_hash PASSED [ 16%]
tests/momentum/event_samples/test_canonical_serialize.py::test_canonical_serialize_04_ensure_ascii_changes_hash PASSED [ 17%]
tests/momentum/event_samples/test_canonical_serialize.py::test_canonical_serialize_05_unnormalized_nan_raises PASSED [ 17%]
tests/momentum/event_samples/test_canonical_serialize.py::test_canonical_serialize_06_negative_zero_preserved PASSED [ 17%]
tests/momentum/event_samples/test_canonical_serialize.py::test_canonical_serialize_07_duplicate_horizon_raises PASSED [ 17%]
tests/momentum/event_samples/test_canonical_serialize.py::test_canonical_serialize_08_type_whitelist_fail_closed PASSED [ 18%]
tests/momentum/event_samples/test_canonical_serialize.py::test_canonical_serialize_09_absent_key_and_key_order PASSED [ 18%]
tests/momentum/event_samples/test_condition_engine.py::test_feature_role_rejects_future_column PASSED [ 18%]
tests/momentum/event_samples/test_condition_engine.py::test_selection_predicate_accepts_future_column_and_records_role PASSED [ 19%]
tests/momentum/event_samples/test_condition_engine.py::test_feature_role_rejects_trigger_outcome_and_future_prefix_backstop PASSED [ 19%]
tests/momentum/event_samples/test_condition_engine.py::test_label_role_requires_outcome_column PASSED [ 19%]
tests/momentum/event_samples/test_condition_engine.py::test_label_role_rejects_mixed_feature_and_outcome PASSED [ 20%]
tests/momentum/event_samples/test_condition_engine.py::test_future_prefix_backstop_is_case_insensitive PASSED [ 20%]
tests/momentum/event_samples/test_condition_engine.py::test_logical_tautology_rejected[True or rsi_14 > 0] PASSED [ 20%]
tests/momentum/event_samples/test_condition_engine.py::test_logical_tautology_rejected[rsi_14 > 0 or True] PASSED [ 20%]
tests/momentum/event_samples/test_condition_engine.py::test_logical_tautology_rejected[False and rsi_14 > 0] PASSED [ 21%]
tests/momentum/event_samples/test_condition_engine.py::test_logical_tautology_rejected[rsi_14 > 0 or not rsi_14 > 0] PASSED [ 21%]
tests/momentum/event_samples/test_condition_engine.py::test_logical_tautology_rejected[rsi_14 > 0 and not (rsi_14 > 0)] PASSED [ 21%]
tests/momentum/event_samples/test_condition_engine.py::test_logical_tautology_rejected[not (rsi_14 > 0 or not rsi_14 > 0)] PASSED [ 22%]
tests/momentum/event_samples/test_condition_engine.py::test_logical_tautology_rejected[(1 < 2 or rsi_14 > 0) and ema_gap > 0 or True] PASSED [ 22%]
tests/momentum/event_samples/test_condition_engine.py::test_logical_tautology_rejected[rsi_14 <= rsi_14 and ema_gap > 0 or 3 > 2] PASSED [ 22%]
tests/momentum/event_samples/test_condition_engine.py::test_non_tautology_with_constant_subterm_accepted PASSED [ 22%]
tests/momentum/event_samples/test_condition_engine.py::test_contract_cache_immutable PASSED [ 23%]
tests/momentum/event_samples/test_condition_engine.py::test_rejects_outside_safe_subset[-empty_expression] PASSED [ 23%]
tests/momentum/event_samples/test_condition_engine.py::test_rejects_outside_safe_subset[   -empty_expression] PASSED [ 23%]
tests/momentum/event_samples/test_condition_engine.py::test_rejects_outside_safe_subset[rsi_14 <-syntax_error] PASSED [ 24%]
tests/momentum/event_samples/test_condition_engine.py::test_rejects_outside_safe_subset[rsi_14 + 1 > 0-disallowed_node] PASSED [ 24%]
tests/momentum/event_samples/test_condition_engine.py::test_rejects_outside_safe_subset[__import__('os')-disallowed_function] PASSED [ 24%]
tests/momentum/event_samples/test_condition_engine.py::test_rejects_outside_safe_subset[rsi_14.mean() > 0-disallowed_function] PASSED [ 24%]
tests/momentum/event_samples/test_condition_engine.py::test_rejects_outside_safe_subset[foo > 1-unregistered_column] PASSED [ 25%]
tests/momentum/event_samples/test_condition_engine.py::test_rejects_outside_safe_subset[1 < 2-constant_expression] PASSED [ 25%]
tests/momentum/event_samples/test_condition_engine.py::test_rejects_outside_safe_subset[True-constant_expression] PASSED [ 25%]
tests/momentum/event_samples/test_condition_engine.py::test_rejects_outside_safe_subset[rsi_14 == rsi_14-constant_expression] PASSED [ 26%]
tests/momentum/event_samples/test_condition_engine.py::test_rejects_outside_safe_subset[lag(rsi_14, -1) > 0-invalid_lag] PASSED [ 26%]
tests/momentum/event_samples/test_condition_engine.py::test_rejects_outside_safe_subset[lag(rsi_14, 0) > 0-invalid_lag] PASSED [ 26%]
tests/momentum/event_samples/test_condition_engine.py::test_rejects_outside_safe_subset[lag(1, 2) > 0-invalid_lag] PASSED [ 26%]
tests/momentum/event_samples/test_condition_engine.py::test_rejects_outside_safe_subset[sqrt(rsi_14) > 0-disallowed_function] PASSED [ 27%]
tests/momentum/event_samples/test_condition_engine.py::test_rejects_outside_safe_subset[rsi_14 in [1, 2]-disallowed_node] PASSED [ 27%]
tests/momentum/event_samples/test_condition_engine.py::test_rejects_outside_safe_subset[rsi_14 if True else 0-disallowed_node] PASSED [ 27%]
tests/momentum/event_samples/test_condition_engine.py::test_unknown_column_role_and_unknown_expression_role PASSED [ 28%]
tests/momentum/event_samples/test_condition_engine.py::test_failure_reasons_all_in_contract PASSED [ 28%]
tests/momentum/event_samples/test_condition_engine.py::test_digest_invariant_to_whitespace_and_operand_order PASSED [ 28%]
tests/momentum/event_samples/test_condition_engine.py::test_digest_chained_interval_equals_explicit_and PASSED [ 28%]
tests/momentum/event_samples/test_condition_engine.py::test_digest_independent_of_role_and_and_or_distinct PASSED [ 29%]
tests/momentum/event_samples/test_condition_engine.py::test_max_lookback_from_lag PASSED [ 29%]
tests/momentum/event_samples/test_condition_engine.py::test_evaluate_hand_exact_with_nan_and_interval PASSED [ 29%]
tests/momentum/event_samples/test_condition_engine.py::test_evaluate_lag_only_looks_back PASSED [ 30%]
tests/momentum/event_samples/test_condition_engine.py::test_evaluate_missing_column_loud PASSED [ 30%]
tests/momentum/event_samples/test_condition_engine.py::test_assert_no_outcome_columns PASSED [ 30%]
tests/momentum/event_samples/test_condition_engine.py::test_allowed_filtering_params_from_contract PASSED [ 31%]
tests/momentum/event_samples/test_counterexample_classifier.py::test_boundary_fixture_exact[0.05--0.01-a_trigger_no_follow] PASSED [ 31%]
tests/momentum/event_samples/test_counterexample_classifier.py::test_boundary_fixture_exact[0.050000001--0.01-a_trigger_no_follow] PASSED [ 31%]
tests/momentum/event_samples/test_counterexample_classifier.py::test_boundary_fixture_exact[0.049999999--0.01-unclassifiable] PASSED [ 31%]
tests/momentum/event_samples/test_counterexample_classifier.py::test_boundary_fixture_exact[0.06-0.0-a_trigger_no_follow] PASSED [ 32%]
tests/momentum/event_samples/test_counterexample_classifier.py::test_boundary_fixture_exact[0.06-1e-09-unclassifiable] PASSED [ 32%]
tests/momentum/event_samples/test_counterexample_classifier.py::test_boundary_fixture_exact[0.06--1e-09-a_trigger_no_follow] PASSED [ 32%]
tests/momentum/event_samples/test_counterexample_classifier.py::test_boundary_fixture_exact[0.01-0.05-b_range] PASSED [ 33%]
tests/momentum/event_samples/test_counterexample_classifier.py::test_boundary_fixture_exact[0.010000001-0.05-unclassifiable] PASSED [ 33%]
tests/momentum/event_samples/test_counterexample_classifier.py::test_boundary_fixture_exact[0.009999999-0.05-b_range] PASSED [ 33%]
tests/momentum/event_samples/test_counterexample_classifier.py::test_boundary_fixture_exact[-0.05-0.0-c_drop] PASSED [ 33%]
tests/momentum/event_samples/test_counterexample_classifier.py::test_boundary_fixture_exact[-0.049999999-0.0-unclassifiable] PASSED [ 34%]
tests/momentum/event_samples/test_counterexample_classifier.py::test_boundary_fixture_exact[-0.050000001-0.0-c_drop] PASSED [ 34%]
tests/momentum/event_samples/test_counterexample_classifier.py::test_multi_hit_unclassifiable_not_guess PASSED [ 34%]
tests/momentum/event_samples/test_counterexample_classifier.py::test_real_kline_auto_classification PASSED [ 35%]
tests/momentum/event_samples/test_counterexample_classifier.py::test_user_label_kept_with_conflict_trace PASSED [ 35%]
tests/momentum/event_samples/test_counterexample_classifier.py::test_window_incomplete_unclassifiable PASSED [ 35%]
tests/momentum/event_samples/test_dedupe.py::test_scenario_c_policy_primary_cluster_first_representative PASSED [ 35%]
tests/momentum/event_samples/test_dedupe.py::test_uniqueness_weights_exact_hand_example PASSED [ 36%]
tests/momentum/event_samples/test_dedupe.py::test_single_event_weight_one_own_cluster PASSED [ 36%]
tests/momentum/event_samples/test_dedupe.py::test_extreme_all_same_interval_effective_one PASSED [ 36%]
tests/momentum/event_samples/test_dedupe.py::test_missing_interval_fail_closed PASSED [ 37%]
tests/momentum/event_samples/test_dedupe.py::test_transitive_overlap_union_find_composer_counterexample PASSED [ 37%]
tests/momentum/event_samples/test_dedupe.py::test_transitive_overlap_union_find_codex_counterexample PASSED [ 37%]
tests/momentum/event_samples/test_dedupe.py::test_events_context_join PASSED [ 37%]
tests/momentum/event_samples/test_event_split.py::test_boundary_purge_exact_hand_example PASSED [ 38%]
tests/momentum/event_samples/test_event_split.py::test_no_positional_index_row_order_invariant PASSED [ 38%]
tests/momentum/event_samples/test_event_split.py::test_macro_micro_both_output_and_labeled PASSED [ 38%]
tests/momentum/event_samples/test_event_split.py::test_time_cluster_weight_sums_to_one PASSED [ 39%]
tests/momentum/event_samples/test_event_split.py::test_single_symbol_degraded PASSED [ 39%]
tests/momentum/event_samples/test_event_split.py::test_tier_insufficient_loud_no_fallback PASSED [ 39%]
tests/momentum/event_samples/test_event_split.py::test_extreme_all_symbols_same_instant_single_cluster PASSED [ 40%]
tests/momentum/event_samples/test_event_split.py::test_mixed_tf_requires_explicit_bucket PASSED [ 40%]
tests/momentum/event_samples/test_event_split.py::test_embargo_smaller_than_window_rejected PASSED [ 40%]
tests/momentum/event_samples/test_feature_materialization.py::test_long_segment_equals_full_history 
-------------------------------- live log call ---------------------------------
02:14:01 [INFO] KlineStorageManager initialized: data_cache/feature_klines/kline_cache.h5
02:14:01 [INFO] Registered adapter: crypto_spot
02:14:01 [INFO] Loaded feature registry with 19 entries
02:14:01 [INFO] [CGSA] Resuming from manifest at /Users/louis/Desktop/quantitative_trading_system/data_cache/cgsa_work/ETHUSDT_12h_abc9b9fe
02:14:01 [INFO] Fetching spot data: ETHUSDT/12h
02:14:01 [INFO] Read 1696 klines from ETHUSDT/12h in 0.003s
02:14:01 [INFO] Aligned data for ETHUSDT/12h: 1696 rows, 9 columns
02:14:01 [INFO] [Layer 1] 0% - Starting Layer 1...
02:14:01 [INFO] Layer 1 starting, rss=274MB
02:14:01 [INFO] Loaded 134 TA-Lib indicators
02:14:01 [INFO] [Layer 1] 100% - Layer 1 completed: 8 features
02:14:01 [INFO] Layer 1 done: 8 cols, status=ok, rss=274MB
02:14:01 [INFO] [Layer 2] 0% - Starting Layer 2...
02:14:01 [INFO] Layer 2 starting, rss=274MB
02:14:01 [INFO] [L2] Starting derived features: 8 L1 cols
02:14:01 [INFO] [L2] Completed: 0 cols in 0.03s
02:14:01 [INFO] [Layer 2] 100% - Layer 2 completed: 0 features
02:14:01 [INFO] Layer 2 done: 0 cols, status=empty_not_applicable, rss=282MB
02:14:01 [INFO] [Layer 3] 0% - Starting Layer 3...
02:14:01 [INFO] Layer 3 starting, rss=282MB
02:14:01 [INFO] [L3] streaming persist (mode=streaming) complete: 0 cols persisted in 0 groups
02:14:01 [INFO] [Layer 3] 100% - Layer 3 completed: 0 features
02:14:01 [INFO] Layer 3 done: 0 cols, status=offloaded_to_registry, rss=285MB
02:14:01 [INFO] [Layer 4] 0% - Starting Layer 4...
02:14:01 [INFO] Layer 4 starting, rss=285MB
02:14:01 [INFO] [Layer 4] 100% - Layer 4 completed: 0 features
02:14:01 [INFO] Layer 4 done: 0 cols, status=empty_not_applicable, rss=285MB
02:14:01 [INFO] [Layer 5] 0% - Starting Layer 5...
02:14:01 [INFO] Layer 5 starting, rss=285MB
02:14:01 [INFO] [Layer 5] 100% - Layer 5 completed: 0 features
02:14:01 [INFO] Layer 5 done: 0 cols, status=empty_disabled, rss=285MB
02:14:01 [INFO] [Layer 6] 0% - Starting Layer 6...
02:14:01 [INFO] Layer 6 starting, rss=285MB
02:14:01 [INFO] [Layer 6] 100% - Layer 6 completed: 9 features
02:14:01 [INFO] Layer 6 done: 9 cols, status=ok, rss=285MB
02:14:01 [INFO] [CGSA] Disk pre-check OK: layer=L6_meta symbol=ETHUSDT tf=12h need=2.00 GiB (planned_new=0.00 GiB, max_inflight_tmp×2=0.00 GiB, reserve=2.00 GiB) free=69.42 GiB shape=(1696, 9)
02:14:01 [INFO] [CGSA] Persisted L6_meta: 9 cols → 1 groups (tf=12h)
02:14:01 [INFO] [L7][CGSA] Quality summary: inf_count=0, coverage=0.8721, non_nan=25145/28832
02:14:01 [INFO] [L7_raw] Disk pre-check OK: required=2.00 GiB (safety x1.50), estimated_final=0.00 GiB, reclaimable_npy=0.00 GiB, net_growth=0.00 GiB, max_inflight_part=0.00 GiB, largest_part_source=12h_L6_meta, reserve_floor=2.00 GiB, free=69.42 GiB, groups=7
02:14:01 [INFO] [L6.5] raw-sink path uses serial group streaming for disk safety (requested_workers=2)
02:14:07 [INFO] [L6.5] numba rolling_rank JIT warmup done
02:14:07 [INFO] [L6.5] Registry raw-sink config: groups=7 requested_workers=2 effective_workers=1 mode=replace use_fast=True can_use_numba_fast=True winsor=True rank=False zscore=False fracdiff=False fracdiff_apply_to=non_stationary fracdiff_layers=['L1', 'L2'] adf=False gaussian=False
02:14:07 [INFO] [L6.5] Raw-sink start: 7 full groups (fast=7, slow=0) + 0 big-group splits → 7 sub-tasks (requested_workers=2, effective_workers=1, split_threshold=2000, slow_chunked=0, max_group_cols=9, schedule=largest_first, rss=420MB)
02:14:08 [INFO] [L6.5] raw-sink heartbeat: tasks 1/7 (14.3%), groups 1/7, elapsed=0.6s, rate=1.59/s, ETA=4s, rss=421MB, last=12h_L6_meta (full)
02:14:08 [INFO] [L6.5] raw-sink heartbeat: tasks 2/7 (28.6%), groups 2/7, elapsed=0.7s, rate=2.74/s, ETA=2s, rss=429MB, last=12h_L1_trend_EMA (full)
02:14:08 [INFO] [L6.5] raw-sink heartbeat: tasks 3/7 (42.9%), groups 3/7, elapsed=0.8s, rate=3.67/s, ETA=1s, rss=429MB, last=12h_L1_trend_SMA (full)
02:14:08 [INFO] [L6.5] raw-sink heartbeat: tasks 4/7 (57.1%), groups 4/7, elapsed=1.4s, rate=2.90/s, ETA=1s, rss=436MB, last=12h_L1_momentum_MACD-Hist_12-26-9 (full)
02:14:08 [INFO] [L6.5] raw-sink heartbeat: tasks 5/7 (71.4%), groups 5/7, elapsed=1.5s, rate=3.39/s, ETA=1s, rss=435MB, last=12h_L1_momentum_MACD-Line_12-26-9 (full)
02:14:09 [INFO] [L6.5] raw-sink heartbeat: tasks 6/7 (85.7%), groups 6/7, elapsed=1.6s, rate=3.84/s, ETA=0s, rss=435MB, last=12h_L1_momentum_MACD-Signal_12-26-9 (full)
02:14:09 [INFO] [L6.5] raw-sink heartbeat: tasks 7/7 (100.0%), groups 7/7, elapsed=1.7s, rate=4.24/s, ETA=0s, rss=435MB, last=12h_L1_momentum_RSI (full)
02:14:09 [INFO] [L6.5] raw-sink complete: 7/7 groups in 1.73s rss=435MB
02:14:09 [INFO] [L7 Dead Drop][CGSA] dropped 2 cols across 1 groups (min_valid=100); final features=15
02:14:09 [INFO] [Layer B Sanitize][CGSA] nulled 3687 non-finite/over-cap values (finite_cap=1e+18) across all streamed features
02:14:09 [INFO] [L7_raw] registry stream persist done: symbol=ETHUSDT tf=12h groups=7 features=15 npy_freed=0.00 GiB dtype=mixed
02:14:09 [INFO] Loaded feature registry with 19 entries
02:14:09 [INFO] KlineStorageManager initialized: data_cache/feature_klines/kline_cache.h5
02:14:09 [INFO] Registered adapter: crypto_spot
02:14:09 [INFO] Loaded feature registry with 19 entries
02:14:09 [INFO] [CGSA] Resuming from manifest at /Users/louis/Desktop/quantitative_trading_system/data_cache/cgsa_work/ETHUSDT_12h_1ab3fe2f
02:14:09 [INFO] Fetching spot data: ETHUSDT/12h
02:14:09 [INFO] Read 1696 klines from ETHUSDT/12h in 0.002s
02:14:09 [INFO] Aligned data for ETHUSDT/12h: 1696 rows, 9 columns
02:14:09 [INFO] [Layer 1] 0% - Starting Layer 1...
02:14:09 [INFO] Layer 1 starting, rss=438MB
02:14:09 [INFO] [Layer 1] 100% - Layer 1 completed: 8 features
02:14:09 [INFO] Layer 1 done: 8 cols, status=ok, rss=438MB
02:14:09 [INFO] [Layer 2] 0% - Starting Layer 2...
02:14:09 [INFO] Layer 2 starting, rss=438MB
02:14:09 [INFO] [L2] Starting derived features: 8 L1 cols
02:14:09 [INFO] [L2] Completed: 0 cols in 0.00s
02:14:09 [INFO] [Layer 2] 100% - Layer 2 completed: 0 features
02:14:09 [INFO] Layer 2 done: 0 cols, status=empty_not_applicable, rss=440MB
02:14:09 [INFO] [Layer 3] 0% - Starting Layer 3...
02:14:09 [INFO] Layer 3 starting, rss=440MB
02:14:09 [INFO] [L3] streaming persist (mode=streaming) complete: 0 cols persisted in 0 groups
02:14:09 [INFO] [Layer 3] 100% - Layer 3 completed: 0 features
02:14:09 [INFO] Layer 3 done: 0 cols, status=offloaded_to_registry, rss=439MB
02:14:09 [INFO] [Layer 4] 0% - Starting Layer 4...
02:14:09 [INFO] Layer 4 starting, rss=439MB
02:14:09 [INFO] [Layer 4] 100% - Layer 4 completed: 0 features
02:14:09 [INFO] Layer 4 done: 0 cols, status=empty_not_applicable, rss=439MB
02:14:09 [INFO] [Layer 5] 0% - Starting Layer 5...
02:14:09 [INFO] Layer 5 starting, rss=439MB
02:14:09 [INFO] [Layer 5] 100% - Layer 5 completed: 0 features
02:14:09 [INFO] Layer 5 done: 0 cols, status=empty_disabled, rss=439MB
02:14:09 [INFO] [Layer 6] 0% - Starting Layer 6...
02:14:09 [INFO] Layer 6 starting, rss=439MB
02:14:09 [INFO] [Layer 6] 100% - Layer 6 completed: 9 features
02:14:09 [INFO] Layer 6 done: 9 cols, status=ok, rss=439MB
02:14:09 [INFO] [CGSA] Disk pre-check OK: layer=L6_meta symbol=ETHUSDT tf=12h need=2.00 GiB (planned_new=0.00 GiB, max_inflight_tmp×2=0.00 GiB, reserve=2.00 GiB) free=69.41 GiB shape=(1454, 9)
02:14:09 [INFO] [CGSA] Persisted L6_meta: 9 cols → 1 groups (tf=12h)
02:14:09 [INFO] [L7][CGSA] Quality summary: inf_count=0, coverage=0.8704, non_nan=21515/24718
02:14:09 [INFO] [L7_raw] Disk pre-check OK: required=2.00 GiB (safety x1.50), estimated_final=0.00 GiB, reclaimable_npy=0.00 GiB, net_growth=0.00 GiB, max_inflight_part=0.00 GiB, largest_part_source=12h_L6_meta, reserve_floor=2.00 GiB, free=69.41 GiB, groups=7
02:14:09 [INFO] [L6.5] raw-sink path uses serial group streaming for disk safety (requested_workers=2)
02:14:09 [INFO] [L6.5] numba rolling_rank JIT warmup done
02:14:09 [INFO] [L6.5] Registry raw-sink config: groups=7 requested_workers=2 effective_workers=1 mode=replace use_fast=True can_use_numba_fast=True winsor=True rank=False zscore=False fracdiff=False fracdiff_apply_to=non_stationary fracdiff_layers=['L1', 'L2'] adf=False gaussian=False
02:14:09 [INFO] [L6.5] Raw-sink start: 7 full groups (fast=7, slow=0) + 0 big-group splits → 7 sub-tasks (requested_workers=2, effective_workers=1, split_threshold=2000, slow_chunked=0, max_group_cols=9, schedule=largest_first, rss=440MB)
02:14:09 [INFO] [L6.5] raw-sink heartbeat: tasks 1/7 (14.3%), groups 1/7, elapsed=0.0s, rate=94.43/s, ETA=0s, rss=440MB, last=12h_L6_meta (full)
02:14:09 [INFO] [L6.5] raw-sink heartbeat: tasks 2/7 (28.6%), groups 2/7, elapsed=0.1s, rate=19.98/s, ETA=0s, rss=440MB, last=12h_L1_trend_EMA (full)
02:14:09 [INFO] [L6.5] raw-sink heartbeat: tasks 3/7 (42.9%), groups 3/7, elapsed=0.2s, rate=15.78/s, ETA=0s, rss=440MB, last=12h_L1_trend_SMA (full)
02:14:09 [INFO] [L6.5] raw-sink heartbeat: tasks 4/7 (57.1%), groups 4/7, elapsed=0.3s, rate=14.28/s, ETA=0s, rss=440MB, last=12h_L1_momentum_MACD-Hist_12-26-9 (full)
02:14:10 [INFO] [L6.5] raw-sink heartbeat: tasks 5/7 (71.4%), groups 5/7, elapsed=0.4s, rate=13.52/s, ETA=0s, rss=439MB, last=12h_L1_momentum_MACD-Line_12-26-9 (full)
02:14:10 [INFO] [L6.5] raw-sink heartbeat: tasks 6/7 (85.7%), groups 6/7, elapsed=0.5s, rate=13.08/s, ETA=0s, rss=439MB, last=12h_L1_momentum_MACD-Signal_12-26-9 (full)
02:14:10 [INFO] [L6.5] raw-sink heartbeat: tasks 7/7 (100.0%), groups 7/7, elapsed=0.5s, rate=12.78/s, ETA=0s, rss=439MB, last=12h_L1_momentum_RSI (full)
02:14:10 [INFO] [L6.5] raw-sink complete: 7/7 groups in 0.63s rss=439MB
02:14:10 [INFO] [L7 Dead Drop][CGSA] dropped 2 cols across 1 groups (min_valid=100); final features=15
02:14:10 [INFO] [Layer B Sanitize][CGSA] nulled 3203 non-finite/over-cap values (finite_cap=1e+18) across all streamed features
02:14:10 [INFO] [L7_raw] registry stream persist done: symbol=ETHUSDT tf=12h groups=7 features=15 npy_freed=0.00 GiB dtype=mixed
02:14:10 [INFO] Loaded feature registry with 19 entries
PASSED                                                                   [ 40%]
tests/momentum/event_samples/test_feature_materialization.py::test_causal_invariant_truncate_future 
-------------------------------- live log call ---------------------------------
02:14:10 [INFO] KlineStorageManager initialized: data_cache/feature_klines/kline_cache.h5
02:14:10 [INFO] Registered adapter: crypto_spot
02:14:10 [INFO] Loaded feature registry with 19 entries
02:14:10 [INFO] [CGSA] Resuming from manifest at /Users/louis/Desktop/quantitative_trading_system/data_cache/cgsa_work/ETHUSDT_12h_abc9b9fe
02:14:10 [INFO] Fetching spot data: ETHUSDT/12h
02:14:10 [INFO] Read 1696 klines from ETHUSDT/12h in 0.002s
02:14:10 [INFO] Aligned data for ETHUSDT/12h: 1696 rows, 9 columns
02:14:10 [INFO] [Layer 1] 0% - Starting Layer 1...
02:14:10 [INFO] Layer 1 starting, rss=493MB
02:14:10 [INFO] [Layer 1] 100% - Layer 1 completed: 8 features
02:14:10 [INFO] Layer 1 done: 8 cols, status=ok, rss=493MB
02:14:10 [INFO] [Layer 2] 0% - Starting Layer 2...
02:14:10 [INFO] Layer 2 starting, rss=493MB
02:14:10 [INFO] [L2] Starting derived features: 8 L1 cols
02:14:10 [INFO] [L2] Completed: 0 cols in 0.00s
02:14:10 [INFO] [Layer 2] 100% - Layer 2 completed: 0 features
02:14:10 [INFO] Layer 2 done: 0 cols, status=empty_not_applicable, rss=493MB
02:14:10 [INFO] [Layer 3] 0% - Starting Layer 3...
02:14:10 [INFO] Layer 3 starting, rss=493MB
02:14:10 [INFO] [L3] streaming persist (mode=streaming) complete: 0 cols persisted in 0 groups
02:14:10 [INFO] [Layer 3] 100% - Layer 3 completed: 0 features
02:14:10 [INFO] Layer 3 done: 0 cols, status=offloaded_to_registry, rss=493MB
02:14:10 [INFO] [Layer 4] 0% - Starting Layer 4...
02:14:10 [INFO] Layer 4 starting, rss=493MB
02:14:10 [INFO] [Layer 4] 100% - Layer 4 completed: 0 features
02:14:10 [INFO] Layer 4 done: 0 cols, status=empty_not_applicable, rss=493MB
02:14:10 [INFO] [Layer 5] 0% - Starting Layer 5...
02:14:10 [INFO] Layer 5 starting, rss=493MB
02:14:10 [INFO] [Layer 5] 100% - Layer 5 completed: 0 features
02:14:10 [INFO] Layer 5 done: 0 cols, status=empty_disabled, rss=493MB
02:14:10 [INFO] [Layer 6] 0% - Starting Layer 6...
02:14:10 [INFO] Layer 6 starting, rss=493MB
02:14:10 [INFO] [Layer 6] 100% - Layer 6 completed: 9 features
02:14:10 [INFO] Layer 6 done: 9 cols, status=ok, rss=493MB
02:14:10 [INFO] [CGSA] Disk pre-check OK: layer=L6_meta symbol=ETHUSDT tf=12h need=2.00 GiB (planned_new=0.00 GiB, max_inflight_tmp×2=0.00 GiB, reserve=2.00 GiB) free=69.42 GiB shape=(1696, 9)
02:14:10 [INFO] [CGSA] Persisted L6_meta: 9 cols → 1 groups (tf=12h)
02:14:10 [INFO] [L7][CGSA] Quality summary: inf_count=0, coverage=0.8721, non_nan=25145/28832
02:14:10 [INFO] [L7_raw] Disk pre-check OK: required=2.00 GiB (safety x1.50), estimated_final=0.00 GiB, reclaimable_npy=0.00 GiB, net_growth=0.00 GiB, max_inflight_part=0.00 GiB, largest_part_source=12h_L6_meta, reserve_floor=2.00 GiB, free=69.42 GiB, groups=7
02:14:10 [INFO] [L6.5] raw-sink path uses serial group streaming for disk safety (requested_workers=2)
02:14:10 [INFO] [L6.5] numba rolling_rank JIT warmup done
02:14:10 [INFO] [L6.5] Registry raw-sink config: groups=7 requested_workers=2 effective_workers=1 mode=replace use_fast=True can_use_numba_fast=True winsor=True rank=False zscore=False fracdiff=False fracdiff_apply_to=non_stationary fracdiff_layers=['L1', 'L2'] adf=False gaussian=False
02:14:10 [INFO] [L6.5] Raw-sink start: 7 full groups (fast=7, slow=0) + 0 big-group splits → 7 sub-tasks (requested_workers=2, effective_workers=1, split_threshold=2000, slow_chunked=0, max_group_cols=9, schedule=largest_first, rss=493MB)
02:14:10 [INFO] [L6.5] raw-sink heartbeat: tasks 1/7 (14.3%), groups 1/7, elapsed=0.0s, rate=86.58/s, ETA=0s, rss=493MB, last=12h_L6_meta (full)
02:14:10 [INFO] [L6.5] raw-sink heartbeat: tasks 2/7 (28.6%), groups 2/7, elapsed=0.1s, rate=25.90/s, ETA=0s, rss=493MB, last=12h_L1_trend_EMA (full)
02:14:10 [INFO] [L6.5] raw-sink heartbeat: tasks 3/7 (42.9%), groups 3/7, elapsed=0.1s, rate=21.38/s, ETA=0s, rss=493MB, last=12h_L1_trend_SMA (full)
02:14:10 [INFO] [L6.5] raw-sink heartbeat: tasks 4/7 (57.1%), groups 4/7, elapsed=0.2s, rate=19.62/s, ETA=0s, rss=493MB, last=12h_L1_momentum_MACD-Hist_12-26-9 (full)
02:14:10 [INFO] [L6.5] raw-sink heartbeat: tasks 5/7 (71.4%), groups 5/7, elapsed=0.3s, rate=18.67/s, ETA=0s, rss=492MB, last=12h_L1_momentum_MACD-Line_12-26-9 (full)
02:14:10 [INFO] [L6.5] raw-sink heartbeat: tasks 6/7 (85.7%), groups 6/7, elapsed=0.3s, rate=18.14/s, ETA=0s, rss=492MB, last=12h_L1_momentum_MACD-Signal_12-26-9 (full)
02:14:10 [INFO] [L6.5] raw-sink heartbeat: tasks 7/7 (100.0%), groups 7/7, elapsed=0.4s, rate=17.74/s, ETA=0s, rss=492MB, last=12h_L1_momentum_RSI (full)
02:14:11 [INFO] [L6.5] raw-sink complete: 7/7 groups in 0.45s rss=492MB
02:14:11 [INFO] [L7 Dead Drop][CGSA] dropped 2 cols across 1 groups (min_valid=100); final features=15
02:14:11 [INFO] [Layer B Sanitize][CGSA] nulled 3687 non-finite/over-cap values (finite_cap=1e+18) across all streamed features
02:14:11 [INFO] [L7_raw] registry stream persist done: symbol=ETHUSDT tf=12h groups=7 features=15 npy_freed=0.00 GiB dtype=mixed
02:14:11 [INFO] Loaded feature registry with 19 entries
02:14:11 [INFO] KlineStorageManager initialized: data_cache/feature_klines/kline_cache.h5
02:14:11 [INFO] Registered adapter: crypto_spot
02:14:11 [INFO] Loaded feature registry with 19 entries
02:14:11 [INFO] [CGSA] Resuming from manifest at /Users/louis/Desktop/quantitative_trading_system/data_cache/cgsa_work/ETHUSDT_12h_be993398
02:14:11 [INFO] Fetching spot data: ETHUSDT/12h
02:14:11 [INFO] Read 1696 klines from ETHUSDT/12h in 0.002s
02:14:11 [INFO] Aligned data for ETHUSDT/12h: 1696 rows, 9 columns
02:14:11 [INFO] [Layer 1] 0% - Starting Layer 1...
02:14:11 [INFO] Layer 1 starting, rss=493MB
02:14:11 [INFO] [Layer 1] 100% - Layer 1 completed: 8 features
02:14:11 [INFO] Layer 1 done: 8 cols, status=ok, rss=493MB
02:14:11 [INFO] [Layer 2] 0% - Starting Layer 2...
02:14:11 [INFO] Layer 2 starting, rss=493MB
02:14:11 [INFO] [L2] Starting derived features: 8 L1 cols
02:14:11 [INFO] [L2] Completed: 0 cols in 0.00s
02:14:11 [INFO] [Layer 2] 100% - Layer 2 completed: 0 features
02:14:11 [INFO] Layer 2 done: 0 cols, status=empty_not_applicable, rss=493MB
02:14:11 [INFO] [Layer 3] 0% - Starting Layer 3...
02:14:11 [INFO] Layer 3 starting, rss=493MB
02:14:11 [INFO] [L3] streaming persist (mode=streaming) complete: 0 cols persisted in 0 groups
02:14:11 [INFO] [Layer 3] 100% - Layer 3 completed: 0 features
02:14:11 [INFO] Layer 3 done: 0 cols, status=offloaded_to_registry, rss=493MB
02:14:11 [INFO] [Layer 4] 0% - Starting Layer 4...
02:14:11 [INFO] Layer 4 starting, rss=493MB
02:14:11 [INFO] [Layer 4] 100% - Layer 4 completed: 0 features
02:14:11 [INFO] Layer 4 done: 0 cols, status=empty_not_applicable, rss=493MB
02:14:11 [INFO] [Layer 5] 0% - Starting Layer 5...
02:14:11 [INFO] Layer 5 starting, rss=493MB
02:14:11 [INFO] [Layer 5] 100% - Layer 5 completed: 0 features
02:14:11 [INFO] Layer 5 done: 0 cols, status=empty_disabled, rss=493MB
02:14:11 [INFO] [Layer 6] 0% - Starting Layer 6...
02:14:11 [INFO] Layer 6 starting, rss=493MB
02:14:11 [INFO] [Layer 6] 100% - Layer 6 completed: 9 features
02:14:11 [INFO] Layer 6 done: 9 cols, status=ok, rss=493MB
02:14:11 [INFO] [CGSA] Disk pre-check OK: layer=L6_meta symbol=ETHUSDT tf=12h need=2.00 GiB (planned_new=0.00 GiB, max_inflight_tmp×2=0.00 GiB, reserve=2.00 GiB) free=69.42 GiB shape=(353, 9)
02:14:11 [INFO] [CGSA] Persisted L6_meta: 9 cols → 1 groups (tf=12h)
02:14:11 [INFO] [L7][CGSA] Quality summary: inf_count=0, coverage=0.8332, non_nan=5000/6001
02:14:11 [INFO] [L7_raw] Disk pre-check OK: required=2.00 GiB (safety x1.50), estimated_final=0.00 GiB, reclaimable_npy=0.00 GiB, net_growth=0.00 GiB, max_inflight_part=0.00 GiB, largest_part_source=12h_L6_meta, reserve_floor=2.00 GiB, free=69.42 GiB, groups=7
02:14:11 [INFO] [L6.5] raw-sink path uses serial group streaming for disk safety (requested_workers=2)
02:14:11 [INFO] [L6.5] numba rolling_rank JIT warmup done
02:14:11 [INFO] [L6.5] Registry raw-sink config: groups=7 requested_workers=2 effective_workers=1 mode=replace use_fast=True can_use_numba_fast=True winsor=True rank=False zscore=False fracdiff=False fracdiff_apply_to=non_stationary fracdiff_layers=['L1', 'L2'] adf=False gaussian=False
02:14:11 [INFO] [L6.5] Raw-sink start: 7 full groups (fast=7, slow=0) + 0 big-group splits → 7 sub-tasks (requested_workers=2, effective_workers=1, split_threshold=2000, slow_chunked=0, max_group_cols=9, schedule=largest_first, rss=493MB)
02:14:11 [INFO] [L6.5] raw-sink heartbeat: tasks 1/7 (14.3%), groups 1/7, elapsed=0.0s, rate=167.20/s, ETA=0s, rss=493MB, last=12h_L6_meta (full)
02:14:11 [INFO] [L6.5] raw-sink heartbeat: tasks 2/7 (28.6%), groups 2/7, elapsed=0.1s, rate=28.44/s, ETA=0s, rss=493MB, last=12h_L1_trend_EMA (full)
02:14:11 [INFO] [L6.5] raw-sink heartbeat: tasks 3/7 (42.9%), groups 3/7, elapsed=0.1s, rate=22.51/s, ETA=0s, rss=493MB, last=12h_L1_trend_SMA (full)
02:14:11 [INFO] [L6.5] raw-sink heartbeat: tasks 4/7 (57.1%), groups 4/7, elapsed=0.2s, rate=20.39/s, ETA=0s, rss=493MB, last=12h_L1_momentum_MACD-Hist_12-26-9 (full)
02:14:11 [INFO] [L6.5] raw-sink heartbeat: tasks 5/7 (71.4%), groups 5/7, elapsed=0.3s, rate=19.31/s, ETA=0s, rss=493MB, last=12h_L1_momentum_MACD-Line_12-26-9 (full)
02:14:11 [INFO] [L6.5] raw-sink heartbeat: tasks 6/7 (85.7%), groups 6/7, elapsed=0.3s, rate=18.45/s, ETA=0s, rss=491MB, last=12h_L1_momentum_MACD-Signal_12-26-9 (full)
02:14:11 [INFO] [L6.5] raw-sink heartbeat: tasks 7/7 (100.0%), groups 7/7, elapsed=0.4s, rate=18.05/s, ETA=0s, rss=491MB, last=12h_L1_momentum_RSI (full)
02:14:11 [INFO] [L6.5] raw-sink complete: 7/7 groups in 0.44s rss=491MB
02:14:11 [INFO] [L7 Dead Drop][CGSA] dropped 2 cols across 1 groups (min_valid=100); final features=15
02:14:11 [INFO] [Layer B Sanitize][CGSA] nulled 1001 non-finite/over-cap values (finite_cap=1e+18) across all streamed features
02:14:11 [INFO] [L7_raw] registry stream persist done: symbol=ETHUSDT tf=12h groups=7 features=15 npy_freed=0.00 GiB dtype=float16
02:14:11 [INFO] Loaded feature registry with 19 entries
PASSED                                                                   [ 41%]
tests/momentum/event_samples/test_feature_materialization.py::test_manifest_hash_deterministic 
-------------------------------- live log call ---------------------------------
02:14:11 [INFO] KlineStorageManager initialized: data_cache/feature_klines/kline_cache.h5
02:14:11 [INFO] Registered adapter: crypto_spot
02:14:11 [INFO] Loaded feature registry with 19 entries
02:14:11 [INFO] [CGSA] Resuming from manifest at /Users/louis/Desktop/quantitative_trading_system/data_cache/cgsa_work/ETHUSDT_12h_abc9b9fe
02:14:11 [INFO] Fetching spot data: ETHUSDT/12h
02:14:11 [INFO] Read 1696 klines from ETHUSDT/12h in 0.003s
02:14:11 [INFO] Aligned data for ETHUSDT/12h: 1696 rows, 9 columns
02:14:11 [INFO] [Layer 1] 0% - Starting Layer 1...
02:14:11 [INFO] Layer 1 starting, rss=492MB
02:14:11 [INFO] [Layer 1] 100% - Layer 1 completed: 8 features
02:14:11 [INFO] Layer 1 done: 8 cols, status=ok, rss=492MB
02:14:11 [INFO] [Layer 2] 0% - Starting Layer 2...
02:14:11 [INFO] Layer 2 starting, rss=492MB
02:14:11 [INFO] [L2] Starting derived features: 8 L1 cols
02:14:11 [INFO] [L2] Completed: 0 cols in 0.00s
02:14:11 [INFO] [Layer 2] 100% - Layer 2 completed: 0 features
02:14:11 [INFO] Layer 2 done: 0 cols, status=empty_not_applicable, rss=492MB
02:14:11 [INFO] [Layer 3] 0% - Starting Layer 3...
02:14:11 [INFO] Layer 3 starting, rss=492MB
02:14:11 [INFO] [L3] streaming persist (mode=streaming) complete: 0 cols persisted in 0 groups
02:14:11 [INFO] [Layer 3] 100% - Layer 3 completed: 0 features
02:14:11 [INFO] Layer 3 done: 0 cols, status=offloaded_to_registry, rss=491MB
02:14:11 [INFO] [Layer 4] 0% - Starting Layer 4...
02:14:11 [INFO] Layer 4 starting, rss=491MB
02:14:11 [INFO] [Layer 4] 100% - Layer 4 completed: 0 features
02:14:11 [INFO] Layer 4 done: 0 cols, status=empty_not_applicable, rss=491MB
02:14:11 [INFO] [Layer 5] 0% - Starting Layer 5...
02:14:11 [INFO] Layer 5 starting, rss=491MB
02:14:11 [INFO] [Layer 5] 100% - Layer 5 completed: 0 features
02:14:11 [INFO] Layer 5 done: 0 cols, status=empty_disabled, rss=491MB
02:14:11 [INFO] [Layer 6] 0% - Starting Layer 6...
02:14:11 [INFO] Layer 6 starting, rss=491MB
02:14:11 [INFO] [Layer 6] 100% - Layer 6 completed: 9 features
02:14:11 [INFO] Layer 6 done: 9 cols, status=ok, rss=491MB
02:14:11 [INFO] [CGSA] Disk pre-check OK: layer=L6_meta symbol=ETHUSDT tf=12h need=2.00 GiB (planned_new=0.00 GiB, max_inflight_tmp×2=0.00 GiB, reserve=2.00 GiB) free=69.42 GiB shape=(1696, 9)
02:14:11 [INFO] [CGSA] Persisted L6_meta: 9 cols → 1 groups (tf=12h)
02:14:12 [INFO] [L7][CGSA] Quality summary: inf_count=0, coverage=0.8721, non_nan=25145/28832
02:14:12 [INFO] [L7_raw] Disk pre-check OK: required=2.00 GiB (safety x1.50), estimated_final=0.00 GiB, reclaimable_npy=0.00 GiB, net_growth=0.00 GiB, max_inflight_part=0.00 GiB, largest_part_source=12h_L6_meta, reserve_floor=2.00 GiB, free=69.42 GiB, groups=7
02:14:12 [INFO] [L6.5] raw-sink path uses serial group streaming for disk safety (requested_workers=2)
02:14:12 [INFO] [L6.5] numba rolling_rank JIT warmup done
02:14:12 [INFO] [L6.5] Registry raw-sink config: groups=7 requested_workers=2 effective_workers=1 mode=replace use_fast=True can_use_numba_fast=True winsor=True rank=False zscore=False fracdiff=False fracdiff_apply_to=non_stationary fracdiff_layers=['L1', 'L2'] adf=False gaussian=False
02:14:12 [INFO] [L6.5] Raw-sink start: 7 full groups (fast=7, slow=0) + 0 big-group splits → 7 sub-tasks (requested_workers=2, effective_workers=1, split_threshold=2000, slow_chunked=0, max_group_cols=9, schedule=largest_first, rss=491MB)
02:14:12 [INFO] [L6.5] raw-sink heartbeat: tasks 1/7 (14.3%), groups 1/7, elapsed=0.0s, rate=93.61/s, ETA=0s, rss=491MB, last=12h_L6_meta (full)
02:14:12 [INFO] [L6.5] raw-sink heartbeat: tasks 2/7 (28.6%), groups 2/7, elapsed=0.1s, rate=26.80/s, ETA=0s, rss=491MB, last=12h_L1_trend_EMA (full)
02:14:12 [INFO] [L6.5] raw-sink heartbeat: tasks 3/7 (42.9%), groups 3/7, elapsed=0.1s, rate=21.74/s, ETA=0s, rss=491MB, last=12h_L1_trend_SMA (full)
02:14:12 [INFO] [L6.5] raw-sink heartbeat: tasks 4/7 (57.1%), groups 4/7, elapsed=0.2s, rate=19.94/s, ETA=0s, rss=491MB, last=12h_L1_momentum_MACD-Hist_12-26-9 (full)
02:14:12 [INFO] [L6.5] raw-sink heartbeat: tasks 5/7 (71.4%), groups 5/7, elapsed=0.3s, rate=18.77/s, ETA=0s, rss=488MB, last=12h_L1_momentum_MACD-Line_12-26-9 (full)
02:14:12 [INFO] [L6.5] raw-sink heartbeat: tasks 6/7 (85.7%), groups 6/7, elapsed=0.3s, rate=18.16/s, ETA=0s, rss=481MB, last=12h_L1_momentum_MACD-Signal_12-26-9 (full)
02:14:12 [INFO] [L6.5] raw-sink heartbeat: tasks 7/7 (100.0%), groups 7/7, elapsed=0.4s, rate=17.82/s, ETA=0s, rss=478MB, last=12h_L1_momentum_RSI (full)
02:14:12 [INFO] [L6.5] raw-sink complete: 7/7 groups in 0.45s rss=478MB
02:14:12 [INFO] [L7 Dead Drop][CGSA] dropped 2 cols across 1 groups (min_valid=100); final features=15
02:14:12 [INFO] [Layer B Sanitize][CGSA] nulled 3687 non-finite/over-cap values (finite_cap=1e+18) across all streamed features
02:14:12 [INFO] [L7_raw] registry stream persist done: symbol=ETHUSDT tf=12h groups=7 features=15 npy_freed=0.00 GiB dtype=mixed
02:14:12 [INFO] Loaded feature registry with 19 entries
02:14:12 [INFO] KlineStorageManager initialized: data_cache/feature_klines/kline_cache.h5
02:14:12 [INFO] Registered adapter: crypto_spot
02:14:12 [INFO] Loaded feature registry with 19 entries
02:14:12 [INFO] [CGSA] Resuming from manifest at /Users/louis/Desktop/quantitative_trading_system/data_cache/cgsa_work/ETHUSDT_12h_abc9b9fe
02:14:12 [INFO] Fetching spot data: ETHUSDT/12h
02:14:12 [INFO] Read 1696 klines from ETHUSDT/12h in 0.002s
02:14:12 [INFO] Aligned data for ETHUSDT/12h: 1696 rows, 9 columns
02:14:12 [INFO] [Layer 1] 0% - Starting Layer 1...
02:14:12 [INFO] Layer 1 starting, rss=466MB
02:14:12 [INFO] [Layer 1] 100% - Layer 1 completed: 8 features
02:14:12 [INFO] Layer 1 done: 8 cols, status=ok, rss=466MB
02:14:12 [INFO] [Layer 2] 0% - Starting Layer 2...
02:14:12 [INFO] Layer 2 starting, rss=466MB
02:14:12 [INFO] [L2] Starting derived features: 8 L1 cols
02:14:12 [INFO] [L2] Completed: 0 cols in 0.00s
02:14:12 [INFO] [Layer 2] 100% - Layer 2 completed: 0 features
02:14:12 [INFO] Layer 2 done: 0 cols, status=empty_not_applicable, rss=466MB
02:14:12 [INFO] [Layer 3] 0% - Starting Layer 3...
02:14:12 [INFO] Layer 3 starting, rss=466MB
02:14:12 [INFO] [L3] streaming persist (mode=streaming) complete: 0 cols persisted in 0 groups
02:14:12 [INFO] [Layer 3] 100% - Layer 3 completed: 0 features
02:14:12 [INFO] Layer 3 done: 0 cols, status=offloaded_to_registry, rss=466MB
02:14:12 [INFO] [Layer 4] 0% - Starting Layer 4...
02:14:12 [INFO] Layer 4 starting, rss=466MB
02:14:12 [INFO] [Layer 4] 100% - Layer 4 completed: 0 features
02:14:12 [INFO] Layer 4 done: 0 cols, status=empty_not_applicable, rss=466MB
02:14:12 [INFO] [Layer 5] 0% - Starting Layer 5...
02:14:12 [INFO] Layer 5 starting, rss=466MB
02:14:12 [INFO] [Layer 5] 100% - Layer 5 completed: 0 features
02:14:12 [INFO] Layer 5 done: 0 cols, status=empty_disabled, rss=466MB
02:14:12 [INFO] [Layer 6] 0% - Starting Layer 6...
02:14:12 [INFO] Layer 6 starting, rss=466MB
02:14:12 [INFO] [Layer 6] 100% - Layer 6 completed: 9 features
02:14:12 [INFO] Layer 6 done: 9 cols, status=ok, rss=466MB
02:14:12 [INFO] [CGSA] Disk pre-check OK: layer=L6_meta symbol=ETHUSDT tf=12h need=2.00 GiB (planned_new=0.00 GiB, max_inflight_tmp×2=0.00 GiB, reserve=2.00 GiB) free=69.42 GiB shape=(1696, 9)
02:14:12 [INFO] [CGSA] Persisted L6_meta: 9 cols → 1 groups (tf=12h)
02:14:12 [INFO] [L7][CGSA] Quality summary: inf_count=0, coverage=0.8721, non_nan=25145/28832
02:14:12 [INFO] [L7_raw] Disk pre-check OK: required=2.00 GiB (safety x1.50), estimated_final=0.00 GiB, reclaimable_npy=0.00 GiB, net_growth=0.00 GiB, max_inflight_part=0.00 GiB, largest_part_source=12h_L6_meta, reserve_floor=2.00 GiB, free=69.42 GiB, groups=7
02:14:12 [INFO] [L6.5] raw-sink path uses serial group streaming for disk safety (requested_workers=2)
02:14:12 [INFO] [L6.5] numba rolling_rank JIT warmup done
02:14:12 [INFO] [L6.5] Registry raw-sink config: groups=7 requested_workers=2 effective_workers=1 mode=replace use_fast=True can_use_numba_fast=True winsor=True rank=False zscore=False fracdiff=False fracdiff_apply_to=non_stationary fracdiff_layers=['L1', 'L2'] adf=False gaussian=False
02:14:12 [INFO] [L6.5] Raw-sink start: 7 full groups (fast=7, slow=0) + 0 big-group splits → 7 sub-tasks (requested_workers=2, effective_workers=1, split_threshold=2000, slow_chunked=0, max_group_cols=9, schedule=largest_first, rss=466MB)
02:14:12 [INFO] [L6.5] raw-sink heartbeat: tasks 1/7 (14.3%), groups 1/7, elapsed=0.0s, rate=91.94/s, ETA=0s, rss=466MB, last=12h_L6_meta (full)
02:14:12 [INFO] [L6.5] raw-sink heartbeat: tasks 2/7 (28.6%), groups 2/7, elapsed=0.1s, rate=22.40/s, ETA=0s, rss=466MB, last=12h_L1_trend_EMA (full)
02:14:12 [INFO] [L6.5] raw-sink heartbeat: tasks 3/7 (42.9%), groups 3/7, elapsed=0.2s, rate=18.80/s, ETA=0s, rss=466MB, last=12h_L1_trend_SMA (full)
02:14:12 [INFO] [L6.5] raw-sink heartbeat: tasks 4/7 (57.1%), groups 4/7, elapsed=0.2s, rate=17.28/s, ETA=0s, rss=466MB, last=12h_L1_momentum_MACD-Hist_12-26-9 (full)
02:14:13 [INFO] [L6.5] raw-sink heartbeat: tasks 5/7 (71.4%), groups 5/7, elapsed=0.3s, rate=16.74/s, ETA=0s, rss=466MB, last=12h_L1_momentum_MACD-Line_12-26-9 (full)
02:14:13 [INFO] [L6.5] raw-sink heartbeat: tasks 6/7 (85.7%), groups 6/7, elapsed=0.4s, rate=16.58/s, ETA=0s, rss=466MB, last=12h_L1_momentum_MACD-Signal_12-26-9 (full)
02:14:13 [INFO] [L6.5] raw-sink heartbeat: tasks 7/7 (100.0%), groups 7/7, elapsed=0.4s, rate=16.48/s, ETA=0s, rss=466MB, last=12h_L1_momentum_RSI (full)
02:14:13 [INFO] [L6.5] raw-sink complete: 7/7 groups in 0.48s rss=466MB
02:14:13 [INFO] [L7 Dead Drop][CGSA] dropped 2 cols across 1 groups (min_valid=100); final features=15
02:14:13 [INFO] [Layer B Sanitize][CGSA] nulled 3687 non-finite/over-cap values (finite_cap=1e+18) across all streamed features
02:14:13 [INFO] [L7_raw] registry stream persist done: symbol=ETHUSDT tf=12h groups=7 features=15 npy_freed=0.00 GiB dtype=mixed
02:14:13 [INFO] Loaded feature registry with 19 entries
PASSED                                                                   [ 41%]
tests/momentum/event_samples/test_feature_materialization.py::test_warmup_event_goes_to_failures_not_nan 
-------------------------------- live log call ---------------------------------
02:14:13 [INFO] KlineStorageManager initialized: data_cache/feature_klines/kline_cache.h5
02:14:13 [INFO] Registered adapter: crypto_spot
02:14:13 [INFO] Loaded feature registry with 19 entries
02:14:13 [INFO] [CGSA] Resuming from manifest at /Users/louis/Desktop/quantitative_trading_system/data_cache/cgsa_work/ETHUSDT_12h_abc9b9fe
02:14:13 [INFO] Fetching spot data: ETHUSDT/12h
02:14:13 [INFO] Read 1696 klines from ETHUSDT/12h in 0.002s
02:14:13 [INFO] Aligned data for ETHUSDT/12h: 1696 rows, 9 columns
02:14:13 [INFO] [Layer 1] 0% - Starting Layer 1...
02:14:13 [INFO] Layer 1 starting, rss=466MB
02:14:13 [INFO] [Layer 1] 100% - Layer 1 completed: 8 features
02:14:13 [INFO] Layer 1 done: 8 cols, status=ok, rss=466MB
02:14:13 [INFO] [Layer 2] 0% - Starting Layer 2...
02:14:13 [INFO] Layer 2 starting, rss=466MB
02:14:13 [INFO] [L2] Starting derived features: 8 L1 cols
02:14:13 [INFO] [L2] Completed: 0 cols in 0.00s
02:14:13 [INFO] [Layer 2] 100% - Layer 2 completed: 0 features
02:14:13 [INFO] Layer 2 done: 0 cols, status=empty_not_applicable, rss=466MB
02:14:13 [INFO] [Layer 3] 0% - Starting Layer 3...
02:14:13 [INFO] Layer 3 starting, rss=466MB
02:14:13 [INFO] [L3] streaming persist (mode=streaming) complete: 0 cols persisted in 0 groups
02:14:13 [INFO] [Layer 3] 100% - Layer 3 completed: 0 features
02:14:13 [INFO] Layer 3 done: 0 cols, status=offloaded_to_registry, rss=466MB
02:14:13 [INFO] [Layer 4] 0% - Starting Layer 4...
02:14:13 [INFO] Layer 4 starting, rss=466MB
02:14:13 [INFO] [Layer 4] 100% - Layer 4 completed: 0 features
02:14:13 [INFO] Layer 4 done: 0 cols, status=empty_not_applicable, rss=466MB
02:14:13 [INFO] [Layer 5] 0% - Starting Layer 5...
02:14:13 [INFO] Layer 5 starting, rss=466MB
02:14:13 [INFO] [Layer 5] 100% - Layer 5 completed: 0 features
02:14:13 [INFO] Layer 5 done: 0 cols, status=empty_disabled, rss=466MB
02:14:13 [INFO] [Layer 6] 0% - Starting Layer 6...
02:14:13 [INFO] Layer 6 starting, rss=466MB
02:14:13 [INFO] [Layer 6] 100% - Layer 6 completed: 9 features
02:14:13 [INFO] Layer 6 done: 9 cols, status=ok, rss=466MB
02:14:13 [INFO] [CGSA] Disk pre-check OK: layer=L6_meta symbol=ETHUSDT tf=12h need=2.00 GiB (planned_new=0.00 GiB, max_inflight_tmp×2=0.00 GiB, reserve=2.00 GiB) free=69.42 GiB shape=(1696, 9)
02:14:13 [INFO] [CGSA] Persisted L6_meta: 9 cols → 1 groups (tf=12h)
02:14:13 [INFO] [L7][CGSA] Quality summary: inf_count=0, coverage=0.8721, non_nan=25145/28832
02:14:13 [INFO] [L7_raw] Disk pre-check OK: required=2.00 GiB (safety x1.50), estimated_final=0.00 GiB, reclaimable_npy=0.00 GiB, net_growth=0.00 GiB, max_inflight_part=0.00 GiB, largest_part_source=12h_L6_meta, reserve_floor=2.00 GiB, free=69.42 GiB, groups=7
02:14:13 [INFO] [L6.5] raw-sink path uses serial group streaming for disk safety (requested_workers=2)
02:14:13 [INFO] [L6.5] numba rolling_rank JIT warmup done
02:14:13 [INFO] [L6.5] Registry raw-sink config: groups=7 requested_workers=2 effective_workers=1 mode=replace use_fast=True can_use_numba_fast=True winsor=True rank=False zscore=False fracdiff=False fracdiff_apply_to=non_stationary fracdiff_layers=['L1', 'L2'] adf=False gaussian=False
02:14:13 [INFO] [L6.5] Raw-sink start: 7 full groups (fast=7, slow=0) + 0 big-group splits → 7 sub-tasks (requested_workers=2, effective_workers=1, split_threshold=2000, slow_chunked=0, max_group_cols=9, schedule=largest_first, rss=466MB)
02:14:13 [INFO] [L6.5] raw-sink heartbeat: tasks 1/7 (14.3%), groups 1/7, elapsed=0.0s, rate=95.93/s, ETA=0s, rss=466MB, last=12h_L6_meta (full)
02:14:13 [INFO] [L6.5] raw-sink heartbeat: tasks 2/7 (28.6%), groups 2/7, elapsed=0.1s, rate=26.88/s, ETA=0s, rss=466MB, last=12h_L1_trend_EMA (full)
02:14:13 [INFO] [L6.5] raw-sink heartbeat: tasks 3/7 (42.9%), groups 3/7, elapsed=0.1s, rate=21.96/s, ETA=0s, rss=466MB, last=12h_L1_trend_SMA (full)
02:14:13 [INFO] [L6.5] raw-sink heartbeat: tasks 4/7 (57.1%), groups 4/7, elapsed=0.2s, rate=20.05/s, ETA=0s, rss=466MB, last=12h_L1_momentum_MACD-Hist_12-26-9 (full)
02:14:13 [INFO] [L6.5] raw-sink heartbeat: tasks 5/7 (71.4%), groups 5/7, elapsed=0.3s, rate=19.20/s, ETA=0s, rss=466MB, last=12h_L1_momentum_MACD-Line_12-26-9 (full)
02:14:13 [INFO] [L6.5] raw-sink heartbeat: tasks 6/7 (85.7%), groups 6/7, elapsed=0.3s, rate=18.67/s, ETA=0s, rss=466MB, last=12h_L1_momentum_MACD-Signal_12-26-9 (full)
02:14:13 [INFO] [L6.5] raw-sink heartbeat: tasks 7/7 (100.0%), groups 7/7, elapsed=0.4s, rate=18.28/s, ETA=0s, rss=466MB, last=12h_L1_momentum_RSI (full)
02:14:13 [INFO] [L6.5] raw-sink complete: 7/7 groups in 0.44s rss=466MB
02:14:13 [INFO] [L7 Dead Drop][CGSA] dropped 2 cols across 1 groups (min_valid=100); final features=15
02:14:13 [INFO] [Layer B Sanitize][CGSA] nulled 3687 non-finite/over-cap values (finite_cap=1e+18) across all streamed features
02:14:13 [INFO] [L7_raw] registry stream persist done: symbol=ETHUSDT tf=12h groups=7 features=15 npy_freed=0.00 GiB dtype=mixed
02:14:13 [INFO] Loaded feature registry with 19 entries
PASSED                                                                   [ 41%]
tests/momentum/event_samples/test_feature_materialization.py::test_corrupt_row_id_rejected_in_full_mode 
-------------------------------- live log call ---------------------------------
02:14:13 [INFO] KlineStorageManager initialized: data_cache/feature_klines/kline_cache.h5
02:14:13 [INFO] Registered adapter: crypto_spot
02:14:13 [INFO] Loaded feature registry with 19 entries
02:14:14 [INFO] [CGSA] Resuming from manifest at /Users/louis/Desktop/quantitative_trading_system/data_cache/cgsa_work/ETHUSDT_12h_abc9b9fe
02:14:14 [INFO] Fetching spot data: ETHUSDT/12h
02:14:14 [INFO] Read 1696 klines from ETHUSDT/12h in 0.002s
02:14:14 [INFO] Aligned data for ETHUSDT/12h: 1696 rows, 9 columns
02:14:14 [INFO] [Layer 1] 0% - Starting Layer 1...
02:14:14 [INFO] Layer 1 starting, rss=467MB
02:14:14 [INFO] [Layer 1] 100% - Layer 1 completed: 8 features
02:14:14 [INFO] Layer 1 done: 8 cols, status=ok, rss=467MB
02:14:14 [INFO] [Layer 2] 0% - Starting Layer 2...
02:14:14 [INFO] Layer 2 starting, rss=467MB
02:14:14 [INFO] [L2] Starting derived features: 8 L1 cols
02:14:14 [INFO] [L2] Completed: 0 cols in 0.00s
02:14:14 [INFO] [Layer 2] 100% - Layer 2 completed: 0 features
02:14:14 [INFO] Layer 2 done: 0 cols, status=empty_not_applicable, rss=467MB
02:14:14 [INFO] [Layer 3] 0% - Starting Layer 3...
02:14:14 [INFO] Layer 3 starting, rss=467MB
02:14:14 [INFO] [L3] streaming persist (mode=streaming) complete: 0 cols persisted in 0 groups
02:14:14 [INFO] [Layer 3] 100% - Layer 3 completed: 0 features
02:14:14 [INFO] Layer 3 done: 0 cols, status=offloaded_to_registry, rss=467MB
02:14:14 [INFO] [Layer 4] 0% - Starting Layer 4...
02:14:14 [INFO] Layer 4 starting, rss=467MB
02:14:14 [INFO] [Layer 4] 100% - Layer 4 completed: 0 features
02:14:14 [INFO] Layer 4 done: 0 cols, status=empty_not_applicable, rss=467MB
02:14:14 [INFO] [Layer 5] 0% - Starting Layer 5...
02:14:14 [INFO] Layer 5 starting, rss=467MB
02:14:14 [INFO] [Layer 5] 100% - Layer 5 completed: 0 features
02:14:14 [INFO] Layer 5 done: 0 cols, status=empty_disabled, rss=467MB
02:14:14 [INFO] [Layer 6] 0% - Starting Layer 6...
02:14:14 [INFO] Layer 6 starting, rss=467MB
02:14:14 [INFO] [Layer 6] 100% - Layer 6 completed: 9 features
02:14:14 [INFO] Layer 6 done: 9 cols, status=ok, rss=467MB
02:14:14 [INFO] [CGSA] Disk pre-check OK: layer=L6_meta symbol=ETHUSDT tf=12h need=2.00 GiB (planned_new=0.00 GiB, max_inflight_tmp×2=0.00 GiB, reserve=2.00 GiB) free=69.42 GiB shape=(1696, 9)
02:14:14 [INFO] [CGSA] Persisted L6_meta: 9 cols → 1 groups (tf=12h)
02:14:14 [INFO] [L7][CGSA] Quality summary: inf_count=0, coverage=0.8721, non_nan=25145/28832
02:14:14 [INFO] [L7_raw] Disk pre-check OK: required=2.00 GiB (safety x1.50), estimated_final=0.00 GiB, reclaimable_npy=0.00 GiB, net_growth=0.00 GiB, max_inflight_part=0.00 GiB, largest_part_source=12h_L6_meta, reserve_floor=2.00 GiB, free=69.42 GiB, groups=7
02:14:14 [INFO] [L6.5] raw-sink path uses serial group streaming for disk safety (requested_workers=2)
02:14:14 [INFO] [L6.5] numba rolling_rank JIT warmup done
02:14:14 [INFO] [L6.5] Registry raw-sink config: groups=7 requested_workers=2 effective_workers=1 mode=replace use_fast=True can_use_numba_fast=True winsor=True rank=False zscore=False fracdiff=False fracdiff_apply_to=non_stationary fracdiff_layers=['L1', 'L2'] adf=False gaussian=False
02:14:14 [INFO] [L6.5] Raw-sink start: 7 full groups (fast=7, slow=0) + 0 big-group splits → 7 sub-tasks (requested_workers=2, effective_workers=1, split_threshold=2000, slow_chunked=0, max_group_cols=9, schedule=largest_first, rss=466MB)
02:14:14 [INFO] [L6.5] raw-sink heartbeat: tasks 1/7 (14.3%), groups 1/7, elapsed=0.0s, rate=87.33/s, ETA=0s, rss=466MB, last=12h_L6_meta (full)
02:14:14 [INFO] [L6.5] raw-sink heartbeat: tasks 2/7 (28.6%), groups 2/7, elapsed=0.1s, rate=25.52/s, ETA=0s, rss=466MB, last=12h_L1_trend_EMA (full)
02:14:14 [INFO] [L6.5] raw-sink heartbeat: tasks 3/7 (42.9%), groups 3/7, elapsed=0.1s, rate=21.28/s, ETA=0s, rss=466MB, last=12h_L1_trend_SMA (full)
02:14:14 [INFO] [L6.5] raw-sink heartbeat: tasks 4/7 (57.1%), groups 4/7, elapsed=0.2s, rate=19.65/s, ETA=0s, rss=466MB, last=12h_L1_momentum_MACD-Hist_12-26-9 (full)
02:14:14 [INFO] [L6.5] raw-sink heartbeat: tasks 5/7 (71.4%), groups 5/7, elapsed=0.3s, rate=18.85/s, ETA=0s, rss=466MB, last=12h_L1_momentum_MACD-Line_12-26-9 (full)
02:14:14 [INFO] [L6.5] raw-sink heartbeat: tasks 6/7 (85.7%), groups 6/7, elapsed=0.3s, rate=18.27/s, ETA=0s, rss=466MB, last=12h_L1_momentum_MACD-Signal_12-26-9 (full)
02:14:14 [INFO] [L6.5] raw-sink heartbeat: tasks 7/7 (100.0%), groups 7/7, elapsed=0.4s, rate=17.92/s, ETA=0s, rss=466MB, last=12h_L1_momentum_RSI (full)
02:14:14 [INFO] [L6.5] raw-sink complete: 7/7 groups in 0.45s rss=466MB
02:14:14 [INFO] [L7 Dead Drop][CGSA] dropped 2 cols across 1 groups (min_valid=100); final features=15
02:14:14 [INFO] [Layer B Sanitize][CGSA] nulled 3687 non-finite/over-cap values (finite_cap=1e+18) across all streamed features
02:14:14 [INFO] [L7_raw] registry stream persist done: symbol=ETHUSDT tf=12h groups=7 features=15 npy_freed=0.00 GiB dtype=mixed
02:14:14 [INFO] Loaded feature registry with 19 entries
02:14:14 [INFO] KlineStorageManager initialized: data_cache/feature_klines/kline_cache.h5
02:14:14 [INFO] Registered adapter: crypto_spot
02:14:14 [INFO] Loaded feature registry with 19 entries
02:14:14 [INFO] [CGSA] Resuming from manifest at /Users/louis/Desktop/quantitative_trading_system/data_cache/cgsa_work/ETHUSDT_12h_abc9b9fe
02:14:14 [INFO] Fetching spot data: ETHUSDT/12h
02:14:14 [INFO] Read 1696 klines from ETHUSDT/12h in 0.002s
02:14:14 [INFO] Aligned data for ETHUSDT/12h: 1696 rows, 9 columns
02:14:14 [INFO] [Layer 1] 0% - Starting Layer 1...
02:14:14 [INFO] Layer 1 starting, rss=466MB
02:14:14 [INFO] [Layer 1] 100% - Layer 1 completed: 8 features
02:14:14 [INFO] Layer 1 done: 8 cols, status=ok, rss=466MB
02:14:14 [INFO] [Layer 2] 0% - Starting Layer 2...
02:14:14 [INFO] Layer 2 starting, rss=466MB
02:14:14 [INFO] [L2] Starting derived features: 8 L1 cols
02:14:14 [INFO] [L2] Completed: 0 cols in 0.00s
02:14:14 [INFO] [Layer 2] 100% - Layer 2 completed: 0 features
02:14:14 [INFO] Layer 2 done: 0 cols, status=empty_not_applicable, rss=467MB
02:14:14 [INFO] [Layer 3] 0% - Starting Layer 3...
02:14:14 [INFO] Layer 3 starting, rss=467MB
02:14:14 [INFO] [L3] streaming persist (mode=streaming) complete: 0 cols persisted in 0 groups
02:14:14 [INFO] [Layer 3] 100% - Layer 3 completed: 0 features
02:14:14 [INFO] Layer 3 done: 0 cols, status=offloaded_to_registry, rss=467MB
02:14:14 [INFO] [Layer 4] 0% - Starting Layer 4...
02:14:14 [INFO] Layer 4 starting, rss=467MB
02:14:14 [INFO] [Layer 4] 100% - Layer 4 completed: 0 features
02:14:14 [INFO] Layer 4 done: 0 cols, status=empty_not_applicable, rss=467MB
02:14:14 [INFO] [Layer 5] 0% - Starting Layer 5...
02:14:14 [INFO] Layer 5 starting, rss=467MB
02:14:14 [INFO] [Layer 5] 100% - Layer 5 completed: 0 features
02:14:14 [INFO] Layer 5 done: 0 cols, status=empty_disabled, rss=467MB
02:14:14 [INFO] [Layer 6] 0% - Starting Layer 6...
02:14:14 [INFO] Layer 6 starting, rss=467MB
02:14:14 [INFO] [Layer 6] 100% - Layer 6 completed: 9 features
02:14:14 [INFO] Layer 6 done: 9 cols, status=ok, rss=467MB
02:14:14 [INFO] [CGSA] Disk pre-check OK: layer=L6_meta symbol=ETHUSDT tf=12h need=2.00 GiB (planned_new=0.00 GiB, max_inflight_tmp×2=0.00 GiB, reserve=2.00 GiB) free=69.42 GiB shape=(1696, 9)
02:14:14 [INFO] [CGSA] Persisted L6_meta: 9 cols → 1 groups (tf=12h)
02:14:14 [INFO] [L7][CGSA] Quality summary: inf_count=0, coverage=0.8721, non_nan=25145/28832
02:14:14 [INFO] [L7_raw] Disk pre-check OK: required=2.00 GiB (safety x1.50), estimated_final=0.00 GiB, reclaimable_npy=0.00 GiB, net_growth=0.00 GiB, max_inflight_part=0.00 GiB, largest_part_source=12h_L6_meta, reserve_floor=2.00 GiB, free=69.42 GiB, groups=7
02:14:14 [INFO] [L6.5] raw-sink path uses serial group streaming for disk safety (requested_workers=2)
02:14:14 [INFO] [L6.5] numba rolling_rank JIT warmup done
02:14:14 [INFO] [L6.5] Registry raw-sink config: groups=7 requested_workers=2 effective_workers=1 mode=replace use_fast=True can_use_numba_fast=True winsor=True rank=False zscore=False fracdiff=False fracdiff_apply_to=non_stationary fracdiff_layers=['L1', 'L2'] adf=False gaussian=False
02:14:14 [INFO] [L6.5] Raw-sink start: 7 full groups (fast=7, slow=0) + 0 big-group splits → 7 sub-tasks (requested_workers=2, effective_workers=1, split_threshold=2000, slow_chunked=0, max_group_cols=9, schedule=largest_first, rss=467MB)
02:14:14 [INFO] [L6.5] raw-sink heartbeat: tasks 1/7 (14.3%), groups 1/7, elapsed=0.0s, rate=95.85/s, ETA=0s, rss=467MB, last=12h_L6_meta (full)
02:14:14 [INFO] [L6.5] raw-sink heartbeat: tasks 2/7 (28.6%), groups 2/7, elapsed=0.1s, rate=26.89/s, ETA=0s, rss=467MB, last=12h_L1_trend_EMA (full)
02:14:15 [INFO] [L6.5] raw-sink heartbeat: tasks 3/7 (42.9%), groups 3/7, elapsed=0.1s, rate=21.96/s, ETA=0s, rss=467MB, last=12h_L1_trend_SMA (full)
02:14:15 [INFO] [L6.5] raw-sink heartbeat: tasks 4/7 (57.1%), groups 4/7, elapsed=0.2s, rate=20.12/s, ETA=0s, rss=467MB, last=12h_L1_momentum_MACD-Hist_12-26-9 (full)
02:14:15 [INFO] [L6.5] raw-sink heartbeat: tasks 5/7 (71.4%), groups 5/7, elapsed=0.3s, rate=19.05/s, ETA=0s, rss=467MB, last=12h_L1_momentum_MACD-Line_12-26-9 (full)
02:14:15 [INFO] [L6.5] raw-sink heartbeat: tasks 6/7 (85.7%), groups 6/7, elapsed=0.3s, rate=18.51/s, ETA=0s, rss=467MB, last=12h_L1_momentum_MACD-Signal_12-26-9 (full)
02:14:15 [INFO] [L6.5] raw-sink heartbeat: tasks 7/7 (100.0%), groups 7/7, elapsed=0.4s, rate=18.07/s, ETA=0s, rss=467MB, last=12h_L1_momentum_RSI (full)
02:14:15 [INFO] [L6.5] raw-sink complete: 7/7 groups in 0.44s rss=467MB
02:14:15 [INFO] [L7 Dead Drop][CGSA] dropped 2 cols across 1 groups (min_valid=100); final features=15
02:14:15 [INFO] [Layer B Sanitize][CGSA] nulled 3687 non-finite/over-cap values (finite_cap=1e+18) across all streamed features
02:14:15 [INFO] [L7_raw] registry stream persist done: symbol=ETHUSDT tf=12h groups=7 features=15 npy_freed=0.00 GiB dtype=mixed
02:14:15 [INFO] Loaded feature registry with 19 entries
PASSED                                                                   [ 42%]
tests/momentum/event_samples/test_feature_materialization.py::test_column_collision_loud PASSED [ 42%]
tests/momentum/event_samples/test_feature_materialization.py::test_missing_events_context_fail_closed PASSED [ 42%]
tests/momentum/event_samples/test_gap3_analysis_label_producer.py::test_analysis_label_producer_01_long_exact PASSED [ 42%]
tests/momentum/event_samples/test_gap3_analysis_label_producer.py::test_analysis_label_producer_02_short_is_exact_negation PASSED [ 43%]
tests/momentum/event_samples/test_gap3_analysis_label_producer.py::test_analysis_label_producer_03_next_open_unsupported PASSED [ 43%]
tests/momentum/event_samples/test_gap3_analysis_label_producer.py::test_analysis_label_producer_04_k3_unsupported_but_decision_before_t0 PASSED [ 43%]
tests/momentum/event_samples/test_gap3_analysis_label_producer.py::test_analysis_label_producer_05_open_to_close_unsupported PASSED [ 44%]
tests/momentum/event_samples/test_gap3_analysis_label_producer.py::test_analysis_label_producer_06_h3_vs_h7 PASSED [ 44%]
tests/momentum/event_samples/test_gap3_analysis_label_producer.py::test_analysis_label_producer_07_tail_insufficient_absent_not_zero PASSED [ 44%]
tests/momentum/event_samples/test_gap3_analysis_label_producer.py::test_analysis_label_producer_a023_direction_sign_in_hash PASSED [ 44%]
tests/momentum/event_samples/test_gap3_analysis_label_producer.py::test_analysis_label_producer_a023_mixed_direction_rejected PASSED [ 45%]
tests/momentum/event_samples/test_gap3_analysis_label_producer.py::test_analysis_label_producer_a023_direction_bad_values_rejected[None] PASSED [ 45%]
tests/momentum/event_samples/test_gap3_analysis_label_producer.py::test_analysis_label_producer_a023_direction_bad_values_rejected[Long] PASSED [ 45%]
tests/momentum/event_samples/test_gap3_analysis_label_producer.py::test_analysis_label_producer_a023_direction_bad_values_rejected[LONG] PASSED [ 46%]
tests/momentum/event_samples/test_gap3_analysis_label_producer.py::test_analysis_label_producer_a023_direction_bad_values_rejected[] PASSED [ 46%]
tests/momentum/event_samples/test_gap3_analysis_label_producer.py::test_analysis_label_producer_a023_direction_bad_values_rejected[buy] PASSED [ 46%]
tests/momentum/event_samples/test_gap3_analysis_label_producer.py::test_analysis_label_producer_a023_direction_bad_values_rejected[1] PASSED [ 46%]
tests/momentum/event_samples/test_gap3_analysis_label_producer.py::test_analysis_label_producer_a023_direction_good_values_accepted[long-1] PASSED [ 47%]
tests/momentum/event_samples/test_gap3_analysis_label_producer.py::test_analysis_label_producer_a023_direction_good_values_accepted[short--1] PASSED [ 47%]
tests/momentum/event_samples/test_gap3_analysis_label_producer.py::test_analysis_label_producer_spec_binding_h7_prepare_h3_resolve PASSED [ 47%]
tests/momentum/event_samples/test_gap3_analysis_label_producer.py::test_analysis_label_producer_coverage_replace_keeps_identity PASSED [ 48%]
tests/momentum/event_samples/test_gap3_attached_columns_contract.py::test_gap3_attached_columns_contract_accepts_declared_and_future_columns PASSED [ 48%]
tests/momentum/event_samples/test_gap3_attached_columns_contract.py::test_gap3_attached_columns_contract_rejects_bad_declared_map[bool] PASSED [ 48%]
tests/momentum/event_samples/test_gap3_attached_columns_contract.py::test_gap3_attached_columns_contract_rejects_bad_declared_map[bool_value] PASSED [ 48%]
tests/momentum/event_samples/test_gap3_attached_columns_contract.py::test_gap3_attached_columns_contract_rejects_bad_declared_map[negative] PASSED [ 49%]
tests/momentum/event_samples/test_gap3_attached_columns_contract.py::test_gap3_attached_columns_contract_rejects_bad_declared_map[non_str_key] PASSED [ 49%]
tests/momentum/event_samples/test_gap3_attached_columns_contract.py::test_gap3_attached_columns_contract_rejects_bad_declared_map[float_value] PASSED [ 49%]
tests/momentum/event_samples/test_gap3_attached_columns_contract.py::test_gap3_attached_columns_contract_rejects_bad_declared_map[str] PASSED [ 50%]
tests/momentum/event_samples/test_gap3_attached_columns_contract.py::test_gap3_attached_columns_contract_rejects_non_float_future_column PASSED [ 50%]
tests/momentum/event_samples/test_gap3_attached_columns_contract.py::test_gap3_attached_columns_contract_rejects_non_finite_future_column[nan] PASSED [ 50%]
tests/momentum/event_samples/test_gap3_attached_columns_contract.py::test_gap3_attached_columns_contract_rejects_non_finite_future_column[inf] PASSED [ 51%]
tests/momentum/event_samples/test_gap3_attached_columns_contract.py::test_gap3_attached_columns_contract_rejects_non_finite_future_column[-inf] PASSED [ 51%]
tests/momentum/event_samples/test_gap3_attached_columns_contract.py::test_gap3_attached_columns_contract_no_double_registration PASSED [ 51%]
tests/momentum/event_samples/test_gap3_attached_columns_contract.py::test_gap3_attached_columns_contract_receipt_batch_key_preserved PASSED [ 51%]
tests/momentum/event_samples/test_gap3_attached_columns_contract.py::test_gap3_attached_columns_contract_rejects_batch_inconsistent_declared PASSED [ 52%]
tests/momentum/event_samples/test_gap3_attached_columns_contract.py::test_gap3_attached_columns_contract_rejects_partially_present_declared PASSED [ 52%]
tests/momentum/event_samples/test_gap3_attached_columns_contract.py::test_gap3_attached_columns_contract_future_columns_never_reach_ic_feed PASSED [ 52%]
tests/momentum/event_samples/test_gap3_conditional_ic.py::test_conditional_ic_feed_missing_label_value_unavailable PASSED [ 53%]
tests/momentum/event_samples/test_gap3_conditional_ic.py::test_conditional_ic_feed_timestamps_are_cutoff_bars_and_anchor_fixed PASSED [ 53%]
tests/momentum/event_samples/test_gap3_conditional_ic.py::test_conditional_ic_feed_mismatch_flag_and_duplicate_loud PASSED [ 53%]
tests/momentum/event_samples/test_gap3_conditional_ic.py::test_conditional_ic_feed_emits_event_context PASSED [ 53%]
tests/momentum/event_samples/test_gap3_conditional_ic.py::test_conditional_ic_orchestrator_label_override_wiring_and_survivor_v2 
-------------------------------- live log call ---------------------------------
02:14:15 [INFO] IC config loaded
02:14:15 [INFO] KlineStorageManager initialized: data_cache/feature_klines/kline_cache.h5
02:14:15 [WARNING] Falling back to configured label horizon because labels_df is unavailable
02:14:15 [WARNING] Falling back to configured label horizon because labels_df is unavailable
02:14:15 [INFO] Data preprocessing complete: columns=14 fit_mode=train_mask oos_guarantees=True
02:14:15 [INFO] Read 1696 klines from ETHUSDT/12h in 0.002s
02:14:15 [WARNING] Falling back to configured label horizon because labels_df is unavailable
02:14:15 [INFO] Read 1696 klines from ETHUSDT/12h in 0.002s
02:14:15 [WARNING] IC full-sample fallback triggered: reason=rolling_warmup_insufficient train_rows=66 test_rows=13 min_test_rows=131 fit_mode=full_sample
02:14:15 [INFO] Data preprocessing complete: columns=14 fit_mode=full_sample oos_guarantees=False
02:14:15 [INFO] Read 1696 klines from ETHUSDT/12h in 0.002s
02:14:15 [WARNING] Falling back to configured label horizon because labels_df is unavailable
02:14:15 [INFO] Read 1696 klines from ETHUSDT/12h in 0.002s
02:14:17 [INFO] IC autocorr persistent: count=7
02:14:17 [INFO] Read 1696 klines from ETHUSDT/12h in 0.002s
02:14:17 [INFO] Decay: 14/14 fit warnings summarized (insufficient_points=14)
02:14:17 [WARNING] Falling back to configured label horizon because labels_df is unavailable
02:14:17 [INFO] IC stage6b marginal_ic: status=not_applicable reason=no_survivors survivors=0 removed=0 n_regressions=0 fit_scope=full_sample
02:14:17 [INFO] IC report saved: /var/folders/_c/3xdf41hd3tvgxpx63mrml2c00000gn/T/ichc_b4_sidefx_zron3ffo/reports/ic_report_ic_gatekeeper.json
02:14:17 [INFO] IC survivor output saved: /var/folders/_c/3xdf41hd3tvgxpx63mrml2c00000gn/T/ichc_b4_sidefx_zron3ffo/reports/ic_survivors_ic_gatekeeper.json
02:14:17 [INFO] IC report saved: /var/folders/_c/3xdf41hd3tvgxpx63mrml2c00000gn/T/ichc_b4_sidefx_zron3ffo/reports/ic_report_ic_gatekeeper.json
PASSED                                                                   [ 54%]
tests/momentum/event_samples/test_gap3_conditional_ic.py::test_conditional_ic_orchestrator_nonfinite_label_loud 
-------------------------------- live log call ---------------------------------
02:14:17 [INFO] IC config loaded
02:14:17 [INFO] KlineStorageManager initialized: data_cache/feature_klines/kline_cache.h5
02:14:17 [WARNING] Falling back to configured label horizon because labels_df is unavailable
02:14:17 [WARNING] Falling back to configured label horizon because labels_df is unavailable
02:14:17 [INFO] Data preprocessing complete: columns=14 fit_mode=train_mask oos_guarantees=True
02:14:17 [INFO] Read 1696 klines from ETHUSDT/12h in 0.002s
02:14:17 [WARNING] Falling back to configured label horizon because labels_df is unavailable
02:14:17 [INFO] Read 1696 klines from ETHUSDT/12h in 0.003s
PASSED                                                                   [ 54%]
tests/momentum/event_samples/test_gap3_conditional_ic.py::test_conditional_ic_orchestrator_missing_label_loud 
-------------------------------- live log call ---------------------------------
02:14:17 [INFO] IC config loaded
02:14:17 [INFO] KlineStorageManager initialized: data_cache/feature_klines/kline_cache.h5
02:14:17 [WARNING] Falling back to configured label horizon because labels_df is unavailable
02:14:17 [WARNING] Falling back to configured label horizon because labels_df is unavailable
02:14:17 [INFO] Data preprocessing complete: columns=14 fit_mode=train_mask oos_guarantees=True
02:14:17 [INFO] Read 1696 klines from ETHUSDT/12h in 0.002s
02:14:17 [WARNING] Falling back to configured label horizon because labels_df is unavailable
02:14:17 [INFO] Read 1696 klines from ETHUSDT/12h in 0.002s
PASSED                                                                   [ 54%]
tests/momentum/event_samples/test_gap3_conditional_ic.py::test_conditional_ic_orchestrator_aprime_fallback_passthrough 
-------------------------------- live log call ---------------------------------
02:14:17 [INFO] IC config loaded
02:14:17 [INFO] KlineStorageManager initialized: data_cache/feature_klines/kline_cache.h5
02:14:17 [WARNING] Falling back to configured label horizon because labels_df is unavailable
02:14:17 [WARNING] Falling back to configured label horizon because labels_df is unavailable
02:14:17 [INFO] Data preprocessing complete: columns=14 fit_mode=train_mask oos_guarantees=True
02:14:17 [INFO] Read 1696 klines from ETHUSDT/12h in 0.002s
02:14:17 [WARNING] Falling back to configured label horizon because labels_df is unavailable
02:14:17 [INFO] Read 1696 klines from ETHUSDT/12h in 0.002s
02:14:17 [WARNING] Insufficient events: n=3
02:14:17 [INFO] IC autocorr persistent: count=14
02:14:17 [INFO] Read 1696 klines from ETHUSDT/12h in 0.002s
02:14:17 [INFO] Decay: 4/14 fit warnings summarized (low_r2=4)
02:14:23 [INFO] Redundancy filter completed: method=greedy input=2 output=2
02:14:26 [INFO] IC stage6b marginal_ic: status=ok reason=None survivors=2 removed=0 n_regressions=4 fit_scope=train
02:14:26 [INFO] Filtered features saved: /var/folders/_c/3xdf41hd3tvgxpx63mrml2c00000gn/T/ichc_b4_sidefx_cfm_n87a/features/ETHUSDT_12h_filtered.h5
02:14:26 [INFO] IC report saved: /var/folders/_c/3xdf41hd3tvgxpx63mrml2c00000gn/T/ichc_b4_sidefx_cfm_n87a/reports/ic_report_ic_gatekeeper.json
02:14:26 [INFO] IC survivor output saved: /var/folders/_c/3xdf41hd3tvgxpx63mrml2c00000gn/T/ichc_b4_sidefx_cfm_n87a/reports/ic_survivors_ic_gatekeeper.json
02:14:26 [INFO] IC report saved: /var/folders/_c/3xdf41hd3tvgxpx63mrml2c00000gn/T/ichc_b4_sidefx_cfm_n87a/reports/ic_report_ic_gatekeeper.json
PASSED                                                                   [ 55%]
tests/momentum/event_samples/test_gap3_horizon_curve.py::test_gap3_horizon_curve_row_count_equals_len_horizons PASSED [ 55%]
tests/momentum/event_samples/test_gap3_horizon_curve.py::test_gap3_horizon_curve_per_horizon_values_do_not_depend_on_the_set PASSED [ 55%]
tests/momentum/event_samples/test_gap3_horizon_curve.py::test_gap3_horizon_curve_n_eff_definition_is_not_row_count PASSED [ 55%]
tests/momentum/event_samples/test_gap3_horizon_curve.py::test_gap3_horizon_curve_rejects_empty_and_nonpositive_and_duplicate PASSED [ 56%]
tests/momentum/event_samples/test_gap3_split_blocked.py::test_gap3_split_blocked_01_event_study_only_never_calls_split_events PASSED [ 56%]
tests/momentum/event_samples/test_gap3_split_blocked.py::test_gap3_split_blocked_01b_run_raises_before_calling_split_events PASSED [ 56%]
tests/momentum/event_samples/test_gap3_split_blocked.py::test_gap3_split_blocked_02_conditional_ic_capability_unavailable PASSED [ 57%]
tests/momentum/event_samples/test_gap3_split_blocked.py::test_gap3_split_blocked_03_event_study_table_still_produced PASSED [ 57%]
tests/momentum/event_samples/test_gap3_split_blocked.py::test_gap3_split_blocked_03b_ci_unavailable_when_no_split_plan PASSED [ 57%]
tests/momentum/event_samples/test_gap3_split_blocked.py::test_gap3_split_blocked_03c_fake_empty_split_plan_raises PASSED [ 57%]
tests/momentum/event_samples/test_gap3_split_blocked.py::test_gap3_split_blocked_03c2_fake_plan_without_any_assignment_raises PASSED [ 58%]
tests/momentum/event_samples/test_gap3_split_blocked.py::test_gap3_split_blocked_03c3_all_purged_plan_is_still_accepted PASSED [ 58%]
tests/momentum/event_samples/test_gap3_split_blocked.py::test_gap3_split_blocked_04_reason_literal_lives_only_in_contract PASSED [ 58%]
tests/momentum/event_samples/test_generator_adapters.py::test_G1_cat1_price_drop_trigger_outcome PASSED [ 59%]
tests/momentum/event_samples/test_generator_adapters.py::test_G1_cat2_ma_cross_pit_feature PASSED [ 59%]
tests/momentum/event_samples/test_generator_adapters.py::test_G1_cat3_volatility_state PASSED [ 59%]
tests/momentum/event_samples/test_generator_adapters.py::test_G1_cat10_combination_with_future_column PASSED [ 60%]
tests/momentum/event_samples/test_generator_adapters.py::test_G2_multi_label_manifest_and_hand_exact_labels PASSED [ 60%]
tests/momentum/event_samples/test_generator_adapters.py::test_G2_default_scenario_C_dedupes_per_label_id PASSED [ 60%]
tests/momentum/event_samples/test_generator_adapters.py::test_control_kind_not_overridable PASSED [ 60%]
tests/momentum/event_samples/test_generator_adapters.py::test_short_with_raw_outcome_selection_flagged PASSED [ 61%]
tests/momentum/event_samples/test_generator_adapters.py::test_G3_auto_fields PASSED [ 61%]
tests/momentum/event_samples/test_generator_adapters.py::test_G4_dedupe_reports_raw_and_after PASSED [ 61%]
tests/momentum/event_samples/test_generator_adapters.py::test_G5_output_passes_same_validator_and_control_kind PASSED [ 62%]
tests/momentum/event_samples/test_generator_adapters.py::test_G5_one_class_fail_closed PASSED [ 62%]
tests/momentum/event_samples/test_generator_adapters.py::test_empty_hits_loud_non_error PASSED [ 62%]
tests/momentum/event_samples/test_generator_adapters.py::test_always_true_flagged 
-------------------------------- live log call ---------------------------------
02:14:27 [WARNING] generate_events: 條件恆真（400 列全命中）
PASSED                                                                   [ 62%]
tests/momentum/event_samples/test_generator_adapters.py::test_input_guards PASSED [ 63%]
tests/momentum/event_samples/test_generator_adapters.py::test_G6_calls_evaluate_all_bars_not_parallel PASSED [ 63%]
tests/momentum/event_samples/test_generator_adapters.py::test_G6_offset_shift_consistent PASSED [ 63%]
tests/momentum/event_samples/test_generator_adapters.py::test_event_filter_legacy_query_path_unchanged PASSED [ 64%]
tests/momentum/event_samples/test_generator_adapters.py::test_event_filter_condition_spec_feature_role PASSED [ 64%]
tests/momentum/event_samples/test_generator_adapters.py::test_event_filter_rejects_selection_predicate_and_mixed PASSED [ 64%]
tests/momentum/event_samples/test_generator_adapters.py::test_allowed_filtering_params_contractized PASSED [ 64%]
tests/momentum/event_samples/test_import_contract.py::test_valid_batch_passes_and_normalizes PASSED [ 65%]
tests/momentum/event_samples/test_import_contract.py::test_top_level_keyset_equals_contract_enumeration PASSED [ 65%]
tests/momentum/event_samples/test_import_contract.py::test_unknown_key_rejected PASSED [ 65%]
tests/momentum/event_samples/test_import_contract.py::test_missing_required_rejected PASSED [ 66%]
tests/momentum/event_samples/test_import_contract.py::test_enum_closed_sets[entry_price_semantic-open] PASSED [ 66%]
tests/momentum/event_samples/test_import_contract.py::test_enum_closed_sets[direction-both] PASSED [ 66%]
tests/momentum/event_samples/test_import_contract.py::test_enum_closed_sets[scenario-D] PASSED [ 66%]
tests/momentum/event_samples/test_import_contract.py::test_enum_closed_sets[control_kind-user_x] PASSED [ 67%]
tests/momentum/event_samples/test_import_contract.py::test_enum_closed_sets[counterexample_kind-d_other] PASSED [ 67%]
tests/momentum/event_samples/test_import_contract.py::test_enum_closed_sets[kind_source-guess] PASSED [ 67%]
tests/momentum/event_samples/test_import_contract.py::test_label_return_mode_enum_and_default PASSED [ 68%]
tests/momentum/event_samples/test_import_contract.py::test_single_class_missing_control_group PASSED [ 68%]
tests/momentum/event_samples/test_import_contract.py::test_ms_magnitude_gate PASSED [ 68%]
tests/momentum/event_samples/test_import_contract.py::test_digest_tamper_negative_fixture PASSED [ 68%]
tests/momentum/event_samples/test_import_contract.py::test_direction_single_value_per_batch PASSED [ 69%]
tests/momentum/event_samples/test_import_contract.py::test_platform_random_bars_always_rejected PASSED [ 69%]
tests/momentum/event_samples/test_import_contract.py::test_unclassifiable_not_importable PASSED [ 69%]
tests/momentum/event_samples/test_import_contract.py::test_empty_import_loud PASSED [ 70%]
tests/momentum/event_samples/test_import_contract.py::test_duplicate_event_id_rejected PASSED [ 70%]
tests/momentum/event_samples/test_import_contract.py::test_label_value_type_error_but_absent_ok PASSED [ 70%]
tests/momentum/event_samples/test_import_contract.py::test_t9_availability_gate PASSED [ 71%]
tests/momentum/event_samples/test_import_contract.py::test_t8_reference_symbols_all_fields_required PASSED [ 71%]
tests/momentum/event_samples/test_import_contract.py::test_nested_conditional_types_fail_closed[<lambda>0] PASSED [ 71%]
tests/momentum/event_samples/test_import_contract.py::test_nested_conditional_types_fail_closed[<lambda>1] PASSED [ 71%]
tests/momentum/event_samples/test_import_contract.py::test_nested_conditional_types_fail_closed[<lambda>2] PASSED [ 72%]
tests/momentum/event_samples/test_import_contract.py::test_nested_conditional_types_fail_closed[<lambda>3] PASSED [ 72%]
tests/momentum/event_samples/test_import_contract.py::test_nested_conditional_types_fail_closed[<lambda>4] PASSED [ 72%]
tests/momentum/event_samples/test_import_contract.py::test_t10_interval_trigger PASSED [ 73%]
tests/momentum/event_samples/test_lookahead_registry.py::test_lookahead_registry_complete_01_no_unregistered_future_columns PASSED [ 73%]
tests/momentum/event_samples/test_lookahead_registry.py::test_lookahead_registry_complete_01b_detector_catches_unregistered[future_999bar_return] PASSED [ 73%]
tests/momentum/event_samples/test_lookahead_registry.py::test_lookahead_registry_complete_01b_detector_catches_unregistered[future_999bar_max_drawdown] PASSED [ 73%]
tests/momentum/event_samples/test_lookahead_registry.py::test_lookahead_registry_complete_01b_detector_catches_unregistered[future999_close_return] PASSED [ 74%]
tests/momentum/event_samples/test_lookahead_registry.py::test_lookahead_registry_complete_01b_detector_catches_unregistered[futureXYZ] PASSED [ 74%]
tests/momentum/event_samples/test_lookahead_registry.py::test_lookahead_registry_complete_01b_detector_catches_unregistered[Future_999Bar_Return_%] PASSED [ 74%]
tests/momentum/event_samples/test_lookahead_registry.py::test_lookahead_registry_complete_01c_filter_covers_no_underscore_forms PASSED [ 75%]
tests/momentum/event_samples/test_lookahead_registry.py::test_lookahead_registry_complete_01d_non_future_columns_ignored PASSED [ 75%]
tests/momentum/event_samples/test_lookahead_registry.py::test_lookahead_registry_complete_02_units_and_conversion PASSED [ 75%]
tests/momentum/event_samples/test_lookahead_registry.py::test_lookahead_registry_complete_03_bar_named_depth_equals_n PASSED [ 75%]
tests/momentum/event_samples/test_lookahead_registry.py::test_lookahead_registry_complete_04_header_forms[Return-1] PASSED [ 76%]
tests/momentum/event_samples/test_lookahead_registry.py::test_lookahead_registry_complete_04_header_forms[Return-2] PASSED [ 76%]
tests/momentum/event_samples/test_lookahead_registry.py::test_lookahead_registry_complete_04_header_forms[Return-3] PASSED [ 76%]
tests/momentum/event_samples/test_lookahead_registry.py::test_lookahead_registry_complete_04_header_forms[Return-4] PASSED [ 77%]
tests/momentum/event_samples/test_lookahead_registry.py::test_lookahead_registry_complete_04_header_forms[Return-7] PASSED [ 77%]
tests/momentum/event_samples/test_lookahead_registry.py::test_lookahead_registry_complete_04_header_forms[Return-11] PASSED [ 77%]
tests/momentum/event_samples/test_lookahead_registry.py::test_lookahead_registry_complete_04_header_forms[Return-12] PASSED [ 77%]
tests/momentum/event_samples/test_lookahead_registry.py::test_lookahead_registry_complete_04_header_forms[Drawdown-1] PASSED [ 78%]
tests/momentum/event_samples/test_lookahead_registry.py::test_lookahead_registry_complete_04_header_forms[Drawdown-2] PASSED [ 78%]
tests/momentum/event_samples/test_lookahead_registry.py::test_lookahead_registry_complete_04_header_forms[Drawdown-3] PASSED [ 78%]
tests/momentum/event_samples/test_lookahead_registry.py::test_lookahead_registry_complete_04_header_forms[Drawdown-4] PASSED [ 79%]
tests/momentum/event_samples/test_lookahead_registry.py::test_lookahead_registry_complete_04_header_forms[Drawdown-7] PASSED [ 79%]
tests/momentum/event_samples/test_lookahead_registry.py::test_lookahead_registry_complete_04_header_forms[Drawdown-11] PASSED [ 79%]
tests/momentum/event_samples/test_lookahead_registry.py::test_lookahead_registry_complete_04_header_forms[Drawdown-12] PASSED [ 80%]
tests/momentum/event_samples/test_lookahead_registry.py::test_lookahead_registry_complete_05_registry_content_correct PASSED [ 80%]
tests/momentum/event_samples/test_lookahead_registry.py::test_lookahead_registry_complete_05b_producer_oracle_covers_every_non_bar_column PASSED [ 80%]
tests/momentum/event_samples/test_lookahead_registry.py::test_lookahead_registry_complete_05c_shift_named_columns_are_bar_kind PASSED [ 80%]
tests/momentum/event_samples/test_lookahead_registry.py::test_lookahead_registry_complete_06_legacy_columns_marked_unknown[future_max_return] PASSED [ 81%]
tests/momentum/event_samples/test_lookahead_registry.py::test_lookahead_registry_complete_06_legacy_columns_marked_unknown[future_max_drawdown] PASSED [ 81%]
tests/momentum/event_samples/test_lookahead_registry.py::test_lookahead_registry_complete_07_hours_to_bars_is_ceil PASSED [ 81%]
tests/momentum/event_samples/test_lookahead_registry.py::test_lookahead_registry_complete_08_unknown_timeframe_fail_closed PASSED [ 82%]
tests/momentum/event_samples/test_metrics_glossary.py::test_gap3_metrics_glossary_covers_spec_keys PASSED [ 82%]
tests/momentum/event_samples/test_metrics_glossary.py::test_gap3_metrics_glossary_loader_covers_spec_keys PASSED [ 82%]
tests/momentum/event_samples/test_metrics_glossary.py::test_gap3_metrics_glossary_entries_are_text_only PASSED [ 82%]
tests/momentum/event_samples/test_metrics_glossary.py::test_gap3_metrics_glossary_loader_fail_closed_on_missing_definition PASSED [ 83%]
tests/momentum/event_samples/test_metrics_glossary.py::test_gap3_metrics_glossary_n_eff_claim_binds_to_equal_weight_micro PASSED [ 83%]
tests/momentum/event_samples/test_metrics_glossary.py::test_gap3_metrics_glossary_prevalence_full_denominator_is_labeled_not_total PASSED [ 83%]
tests/momentum/event_samples/test_metrics_glossary.py::test_gap3_metrics_glossary_eligibility_terms_match_manifest PASSED [ 84%]
tests/momentum/event_samples/test_metrics_glossary.py::test_gap3_metrics_glossary_duplicate_bars_reject_batch_not_counted_in_unknown PASSED [ 84%]
tests/momentum/event_samples/test_metrics_glossary.py::test_gap3_metrics_glossary_purge_removes_train_side_only PASSED [ 84%]
tests/momentum/event_samples/test_metrics_glossary.py::test_gap3_metrics_glossary_horizon_counts_from_entry_bar PASSED [ 84%]
tests/momentum/event_samples/test_metrics_glossary.py::test_gap3_metrics_glossary_macro_uses_primary_retained_set PASSED [ 85%]
tests/momentum/event_samples/test_metrics_glossary.py::test_gap3_metrics_glossary_n_test_is_three_way_intersection PASSED [ 85%]
tests/momentum/event_samples/test_metrics_glossary.py::test_gap3_metrics_glossary_formula_ref_paths_exist PASSED [ 85%]
tests/momentum/event_samples/test_metrics_glossary.py::test_gap3_metrics_glossary_loader_returns_deep_copy PASSED [ 86%]
tests/momentum/event_samples/test_mutation_guard.py::test_M1_failure_accounting_swallow_detected PASSED [ 86%]
tests/momentum/event_samples/test_mutation_guard.py::test_M2_pit_shift_next_bar_detected PASSED [ 86%]
tests/momentum/event_samples/test_mutation_guard.py::test_M3_ms_gate_removed_lets_seconds_pass PASSED [ 86%]
tests/momentum/event_samples/test_mutation_guard.py::test_M5_cluster_weight_all_one_detected PASSED [ 87%]
tests/momentum/event_samples/test_mutation_guard.py::test_M8_identity_permutation_hard_check PASSED [ 87%]
tests/momentum/event_samples/test_mutation_guard.py::test_M9_offset_k_minus_one_detected PASSED [ 87%]
tests/momentum/event_samples/test_mutation_guard.py::test_M10_multi_hit_precedence_guess_detected PASSED [ 88%]
tests/momentum/event_samples/test_mutation_guard.py::test_M4_denominator_tamper_detected PASSED [ 88%]
tests/momentum/event_samples/test_mutation_guard.py::test_M7_prevalence_disclosure_removed_detected PASSED [ 88%]
tests/momentum/event_samples/test_mutation_guard.py::test_M11_degraded_flag_removed_detected PASSED [ 88%]
tests/momentum/event_samples/test_mutation_guard.py::test_M12_t9_availability_removed_accepts PASSED [ 89%]
tests/momentum/event_samples/test_mutation_guard.py::test_M6_role_isolation_removed_detected PASSED [ 89%]
tests/momentum/event_samples/test_pattern_bridge.py::test_happy_path_rules_and_test_score 
-------------------------------- live log call ---------------------------------
02:14:28 [INFO] 開始提取決策規則 - train_n=280 top_n=5 plan_hash=39f3a6a83791…
02:14:28 [INFO] 提取完成 - 共 5 條規則, 平均 confidence: 0.3089
PASSED                                                                   [ 89%]
tests/momentum/event_samples/test_pattern_bridge.py::test_split_missing_fail_closed_no_fallback PASSED [ 90%]
tests/momentum/event_samples/test_pattern_bridge.py::test_train_test_isolation_fit_sees_only_train_rows 
-------------------------------- live log call ---------------------------------
02:14:29 [INFO] 開始提取決策規則 - train_n=280 top_n=5 plan_hash=39f3a6a83791…
02:14:29 [INFO] 提取完成 - 共 5 條規則, 平均 confidence: 0.3089
PASSED                                                                   [ 90%]
tests/momentum/event_samples/test_pattern_bridge.py::test_shuffled_labels_auc_in_permutation_band 
-------------------------------- live log call ---------------------------------
02:14:29 [INFO] 開始提取決策規則 - train_n=280 top_n=5 plan_hash=39f3a6a83791…
02:14:29 [INFO] 提取完成 - 共 5 條規則, 平均 confidence: 0.3034
PASSED                                                                   [ 90%]
tests/momentum/event_samples/test_pattern_bridge.py::test_test_one_class_unavailable 
-------------------------------- live log call ---------------------------------
02:14:29 [INFO] 開始提取決策規則 - train_n=280 top_n=5 plan_hash=39f3a6a83791…
02:14:29 [INFO] 提取完成 - 共 5 條規則, 平均 confidence: 0.3089
PASSED                                                                   [ 91%]
tests/momentum/event_samples/test_pattern_bridge.py::test_j8_ic_prescreen_train_only 
-------------------------------- live log call ---------------------------------
02:14:29 [INFO] 開始提取決策規則 - train_n=140 top_n=5 plan_hash=43c1728f97d8…
02:14:29 [INFO] 提取完成 - 共 5 條規則, 平均 confidence: 0.3286
02:14:29 [INFO] 開始提取決策規則 - train_n=140 top_n=5 plan_hash=43c1728f97d8…
02:14:29 [INFO] 提取完成 - 共 5 條規則, 平均 confidence: 0.3286
PASSED                                                                   [ 91%]
tests/momentum/event_samples/test_pattern_bridge.py::test_survivor_v2_restricts_features_and_v1_rejected 
-------------------------------- live log call ---------------------------------
02:14:30 [WARNING] extract_event_patterns: survivor 特徵不在特徵表 ['ghost']
02:14:30 [INFO] 開始提取決策規則 - train_n=280 top_n=5 plan_hash=39f3a6a83791…
02:14:30 [INFO] 提取完成 - 共 3 條規則, 平均 confidence: 0.3422
PASSED                                                                   [ 91%]
tests/momentum/event_samples/test_pattern_bridge.py::test_labels_and_inputs_guards PASSED [ 91%]
tests/momentum/event_samples/test_pattern_bridge.py::test_receipt_deterministic 
-------------------------------- live log call ---------------------------------
02:14:30 [INFO] 開始提取決策規則 - train_n=280 top_n=5 plan_hash=39f3a6a83791…
02:14:30 [INFO] 提取完成 - 共 5 條規則, 平均 confidence: 0.3089
02:14:30 [INFO] 開始提取決策規則 - train_n=280 top_n=5 plan_hash=39f3a6a83791…
02:14:30 [INFO] 提取完成 - 共 5 條規則, 平均 confidence: 0.3089
PASSED                                                                   [ 92%]
tests/momentum/event_samples/test_pattern_bridge.py::test_manifest_required_fail_closed_and_common_n 
-------------------------------- live log call ---------------------------------
02:14:31 [INFO] 開始提取決策規則 - train_n=280 top_n=5 plan_hash=39f3a6a83791…
02:14:31 [INFO] 提取完成 - 共 5 條規則, 平均 confidence: 0.3089
PASSED                                                                   [ 92%]
tests/momentum/event_samples/test_pipeline.py::test_factories_single_outlet_and_contract_readonly PASSED [ 92%]
tests/momentum/event_samples/test_pipeline.py::test_analyze_tables_includes_all_bars_event_membership PASSED [ 93%]
tests/momentum/event_samples/test_pipeline.py::test_validate_returns_failures_without_raise PASSED [ 93%]
tests/momentum/event_samples/test_pipeline.py::test_run_full_chain_accounting PASSED [ 93%]
tests/momentum/event_samples/test_pipeline.py::test_run_loud_on_invalid_mixed_scenario_and_all_failed PASSED [ 93%]
tests/momentum/event_samples/test_pipeline.py::test_all_bars_signal_indexed_at_decision_bar_and_mixed_k_rejected PASSED [ 94%]
tests/momentum/event_samples/test_return_table_by_label.py::test_return_table_by_label_01_top_level_still_eight_keys PASSED [ 94%]
tests/momentum/event_samples/test_return_table_by_label.py::test_return_table_by_label_02_group_keys_exact PASSED [ 94%]
tests/momentum/event_samples/test_return_table_by_label.py::test_return_table_by_label_03_row_counts_equal_horizons PASSED [ 95%]
tests/momentum/event_samples/test_return_table_by_label.py::test_return_table_by_label_04_same_trigger_all_computable_and_n_adds_up PASSED [ 95%]
tests/momentum/event_samples/test_return_table_by_label.py::test_return_table_by_label_05_platform_same_trigger_rule_is_computable PASSED [ 95%]
tests/momentum/event_samples/test_return_table_by_label.py::test_return_table_by_label_06_user_labeled_other_not_computed PASSED [ 95%]
tests/momentum/event_samples/test_return_table_by_label.py::test_return_table_by_label_07_mixed_control_kind_not_majority PASSED [ 96%]
tests/momentum/event_samples/test_return_table_by_label.py::test_return_table_by_label_08_control_kind_in_manifest_columns PASSED [ 96%]
tests/momentum/event_samples/test_return_table_by_label.py::test_return_table_by_label_09_contract_registers_reasons PASSED [ 96%]
tests/momentum/event_samples/test_return_table_by_label.py::test_return_table_by_label_10_pos_neg_byte_identical_across_control_kinds PASSED [ 97%]
tests/momentum/event_samples/test_return_table_by_label.py::test_return_table_by_label_11_manifest_column_does_not_leak_into_output PASSED [ 97%]
tests/momentum/event_samples/test_return_table_by_label.py::test_return_table_by_label_12_independent_hand_oracle PASSED [ 97%]
tests/momentum/event_samples/test_return_table_by_label.py::test_return_table_by_label_13_g2_golden_byte_frozen PASSED [ 97%]
tests/momentum/event_samples/test_tables.py::test_forward_return_hand_example_exact PASSED [ 98%]
tests/momentum/event_samples/test_tables.py::test_forward_return_ci_deterministic_and_horizon_excluded PASSED [ 98%]
tests/momentum/event_samples/test_tables.py::test_forward_return_single_event_ci_unavailable PASSED [ 98%]
tests/momentum/event_samples/test_tables.py::test_forward_return_bad_horizons_rejected PASSED [ 99%]
tests/momentum/event_samples/test_tables.py::test_discrimination_oos_only_and_kind_strata PASSED [ 99%]
tests/momentum/event_samples/test_tables.py::test_discrimination_shuffled_in_band_and_one_class PASSED [ 99%]
tests/momentum/event_samples/test_tables.py::test_discrimination_kind_layer_zero_unavailable_not_empty PASSED [100%]

============================= 345 passed in 36.70s =============================
rc=0
=== A2 ===
============================= test session starts ==============================
platform darwin -- Python 3.9.6, pytest-8.4.2, pluggy-1.6.0
rootdir: /Users/louis/Desktop/quantitative_trading_system
configfile: pytest.ini
plugins: asyncio-1.2.0, anyio-4.10.0, cov-7.0.0
asyncio: mode=strict, debug=False, asyncio_default_fixture_loop_scope=None, asyncio_default_test_loop_scope=function
collected 17 items

tests/momentum/feature_engineering/test_state_counters.py::test_bars_since_cross_hand_exact PASSED [  5%]
tests/momentum/feature_engineering/test_state_counters.py::test_cross_zero_not_counted_and_nan_breaks_pair PASSED [ 11%]
tests/momentum/feature_engineering/test_state_counters.py::test_cross_window_exclusive_of_older_events PASSED [ 17%]
tests/momentum/feature_engineering/test_state_counters.py::test_consecutive_run_hand_exact PASSED [ 23%]
tests/momentum/feature_engineering/test_state_counters.py::test_bars_since_threshold_hand_exact PASSED [ 29%]
tests/momentum/feature_engineering/test_state_counters.py::test_bars_since_threshold_equal_prev_not_upcross PASSED [ 35%]
tests/momentum/feature_engineering/test_state_counters.py::test_window_max_ratio_hand_exact PASSED [ 41%]
tests/momentum/feature_engineering/test_state_counters.py::test_warmup_prefix_all_nan[1] PASSED [ 47%]
tests/momentum/feature_engineering/test_state_counters.py::test_warmup_prefix_all_nan[2] PASSED [ 52%]
tests/momentum/feature_engineering/test_state_counters.py::test_warmup_prefix_all_nan[5] PASSED [ 58%]
tests/momentum/feature_engineering/test_state_counters.py::test_guards_and_index_preserved PASSED [ 64%]
tests/momentum/feature_engineering/test_state_counters.py::test_causal_truncating_future_does_not_change_past[3] PASSED [ 70%]
tests/momentum/feature_engineering/test_state_counters.py::test_causal_truncating_future_does_not_change_past[10] PASSED [ 76%]
tests/momentum/feature_engineering/test_state_counters.py::test_history_start_invariance_only_window_matters[3] PASSED [ 82%]
tests/momentum/feature_engineering/test_state_counters.py::test_history_start_invariance_only_window_matters[10] PASSED [ 88%]
tests/momentum/feature_engineering/test_state_counters.py::test_no_future_leak_by_design PASSED [ 94%]
tests/momentum/feature_engineering/test_state_counters.py::test_registry_registers_five_and_keeps_existing PASSED [100%]

============================== 17 passed in 0.64s ==============================
rc=0
=== A3 ===
============================= test session starts ==============================
platform darwin -- Python 3.9.6, pytest-8.4.2, pluggy-1.6.0
rootdir: /Users/louis/Desktop/quantitative_trading_system
configfile: pytest.ini
plugins: asyncio-1.2.0, anyio-4.10.0, cov-7.0.0
asyncio: mode=strict, debug=False, asyncio_default_fixture_loop_scope=None, asyncio_default_test_loop_scope=function
collected 272 items

tests/momentum/Analysis/strategy_validation/test_contract.py::test_capability_status_ref_is_really_dereferenced PASSED [  0%]
tests/momentum/Analysis/strategy_validation/test_contract.py::test_six_status_values_do_not_appear_literally_in_strategy_contract PASSED [  0%]
tests/momentum/Analysis/strategy_validation/test_contract.py::test_ref_pointing_to_missing_key_raises PASSED [  1%]
tests/momentum/Analysis/strategy_validation/test_contract.py::test_ref_pointing_to_missing_file_raises PASSED [  1%]
tests/momentum/Analysis/strategy_validation/test_contract.py::test_invalid_json_raises PASSED [  1%]
tests/momentum/Analysis/strategy_validation/test_contract.py::test_no_key_named_n_or_capital_n PASSED [  2%]
tests/momentum/Analysis/strategy_validation/test_contract.py::test_exactly_seventeen_top_level_keys PASSED [  2%]
tests/momentum/Analysis/strategy_validation/test_contract.py::test_enumerations_and_reason_conditions PASSED [  2%]
tests/momentum/Analysis/strategy_validation/test_contract.py::test_report_sections_required_keys_match_a1_13_literally PASSED [  3%]
tests/momentum/Analysis/strategy_validation/test_contract.py::test_ledger_record_keys_schema PASSED [  3%]
tests/momentum/Analysis/strategy_validation/test_contract.py::test_validate_against_contract_accepts_valid_section PASSED [  4%]
tests/momentum/Analysis/strategy_validation/test_contract.py::test_validate_rejects_missing_required_key PASSED [  4%]
tests/momentum/Analysis/strategy_validation/test_contract.py::test_validate_rejects_extra_key PASSED [  4%]
tests/momentum/Analysis/strategy_validation/test_contract.py::test_validate_rejects_wrong_type PASSED [  5%]
tests/momentum/Analysis/strategy_validation/test_contract.py::test_validate_rejects_bool_masquerading_as_int PASSED [  5%]
tests/momentum/Analysis/strategy_validation/test_contract.py::test_validate_rejects_status_outside_capability_enum PASSED [  5%]
tests/momentum/Analysis/strategy_validation/test_contract.py::test_validate_rejects_invented_reason PASSED [  6%]
tests/momentum/Analysis/strategy_validation/test_contract.py::test_validate_rejects_unknown_section PASSED [  6%]
tests/momentum/Analysis/strategy_validation/test_contract.py::test_contract_module_is_importable_without_run_api PASSED [  6%]
tests/momentum/Analysis/strategy_validation/test_contract.py::test_loader_rejects_unknown_top_level_key PASSED [  7%]
tests/momentum/Analysis/strategy_validation/test_contract.py::test_loader_rejects_missing_top_level_key PASSED [  7%]
tests/momentum/Analysis/strategy_validation/test_contract.py::test_loader_rejects_empty_or_non_str_enum PASSED [  8%]
tests/momentum/Analysis/strategy_validation/test_contract.py::test_loader_rejects_reason_conditions_drift PASSED [  8%]
tests/momentum/Analysis/strategy_validation/test_contract.py::test_validate_enforces_enum_membership_mechanically[pbo-universe_scope-everything] PASSED [  8%]
tests/momentum/Analysis/strategy_validation/test_contract.py::test_validate_enforces_enum_membership_mechanically[dsr-variance_source-made_up] PASSED [  9%]
tests/momentum/Analysis/strategy_validation/test_contract.py::test_validate_enforces_enum_membership_mechanically[provenance-n_semantics-made_up] PASSED [  9%]
tests/momentum/Analysis/strategy_validation/test_contract.py::test_validate_enforces_enum_membership_mechanically[provenance-t_semantics-made_up] PASSED [  9%]
tests/momentum/Analysis/strategy_validation/test_contract.py::test_validate_enforces_enum_membership_mechanically[provenance-annualization_source-made_up] PASSED [ 10%]
tests/momentum/Analysis/strategy_validation/test_contract.py::test_validate_enum_check_skips_none PASSED [ 10%]
tests/momentum/Analysis/strategy_validation/test_contract.py::test_returned_contract_is_not_the_cache PASSED [ 11%]
tests/momentum/Analysis/strategy_validation/test_contract.py::test_cache_invalidates_when_default_file_changes PASSED [ 11%]
tests/momentum/Analysis/strategy_validation/test_cscv.py::test_path_count_matches_comb[12-924] PASSED [ 11%]
tests/momentum/Analysis/strategy_validation/test_cscv.py::test_path_count_matches_comb[14-3432] PASSED [ 12%]
tests/momentum/Analysis/strategy_validation/test_cscv.py::test_path_count_matches_comb[16-12870] PASSED [ 12%]
tests/momentum/Analysis/strategy_validation/test_cscv.py::test_all_paths_cover_and_are_disjoint_s12 PASSED [ 12%]
tests/momentum/Analysis/strategy_validation/test_cscv.py::test_block_lengths_with_remainder PASSED [ 13%]
tests/momentum/Analysis/strategy_validation/test_cscv.py::test_odd_or_too_many_blocks_raise PASSED [ 13%]
tests/momentum/Analysis/strategy_validation/test_cscv.py::test_budget_fail_closed PASSED [ 13%]
tests/momentum/Analysis/strategy_validation/test_cscv.py::test_is_lazy_generator PASSED [ 14%]
tests/momentum/Analysis/strategy_validation/test_cscv.py::test_s_equals_two PASSED [ 14%]
tests/momentum/Analysis/strategy_validation/test_deflated_sharpe.py::test_n_one_equals_psr_closed_form_with_exact_skew0_kurt3 PASSED [ 15%]
tests/momentum/Analysis/strategy_validation/test_deflated_sharpe.py::test_n_one_equals_psr_analytic PASSED [ 15%]
tests/momentum/Analysis/strategy_validation/test_deflated_sharpe.py::test_expected_max_sharpe_factor_three_points[10-1.5746] PASSED [ 15%]
tests/momentum/Analysis/strategy_validation/test_deflated_sharpe.py::test_expected_max_sharpe_factor_three_points[100-2.5306] PASSED [ 16%]
tests/momentum/Analysis/strategy_validation/test_deflated_sharpe.py::test_expected_max_sharpe_factor_three_points[1000-3.2551] PASSED [ 16%]
tests/momentum/Analysis/strategy_validation/test_deflated_sharpe.py::test_dsr_monotone_non_increasing_in_n PASSED [ 16%]
tests/momentum/Analysis/strategy_validation/test_deflated_sharpe.py::test_period_returns_not_ok_propagates[kw0] PASSED [ 17%]
tests/momentum/Analysis/strategy_validation/test_deflated_sharpe.py::test_period_returns_not_ok_propagates[kw1] PASSED [ 17%]
tests/momentum/Analysis/strategy_validation/test_deflated_sharpe.py::test_ledger_cross_trial_with_fewer_than_two_values_is_unavailable PASSED [ 18%]
tests/momentum/Analysis/strategy_validation/test_deflated_sharpe.py::test_ledger_and_n_trials_are_mutually_exclusive_and_snapshot_binding PASSED [ 18%]
tests/momentum/Analysis/strategy_validation/test_deflated_sharpe.py::test_explicit_variance_none_vs_degenerate_are_distinct_reasons PASSED [ 18%]
tests/momentum/Analysis/strategy_validation/test_deflated_sharpe.py::test_both_variance_sources_agree_when_variance_equal PASSED [ 19%]
tests/momentum/Analysis/strategy_validation/test_deflated_sharpe.py::test_unit_invariance_across_periods_per_year[ppy_pair0] PASSED [ 19%]
tests/momentum/Analysis/strategy_validation/test_deflated_sharpe.py::test_unit_invariance_across_periods_per_year[ppy_pair1] PASSED [ 19%]
tests/momentum/Analysis/strategy_validation/test_deflated_sharpe.py::test_unit_invariance_across_periods_per_year[ppy_pair2] PASSED [ 20%]
tests/momentum/Analysis/strategy_validation/test_deflated_sharpe.py::test_adaptive_search_marks_independence_unverified PASSED [ 20%]
tests/momentum/Analysis/strategy_validation/test_deflated_sharpe.py::test_enum_violations_raise PASSED [ 20%]
tests/momentum/Analysis/strategy_validation/test_deflated_sharpe.py::test_degenerate_returns_and_unknown_ledger_n PASSED [ 21%]
tests/momentum/Analysis/strategy_validation/test_deflated_sharpe.py::test_expected_max_sharpe_factor_matches_golden_file PASSED [ 21%]
tests/momentum/Analysis/strategy_validation/test_frequency.py::test_resolve_known_timeframes[1h-8760] PASSED [ 22%]
tests/momentum/Analysis/strategy_validation/test_frequency.py::test_resolve_known_timeframes[4h-2190] PASSED [ 22%]
tests/momentum/Analysis/strategy_validation/test_frequency.py::test_resolve_known_timeframes[12h-730] PASSED [ 22%]
tests/momentum/Analysis/strategy_validation/test_frequency.py::test_resolve_known_timeframes[1d-365] PASSED [ 23%]
tests/momentum/Analysis/strategy_validation/test_frequency.py::test_resolve_unknown_raises[7m] PASSED [ 23%]
tests/momentum/Analysis/strategy_validation/test_frequency.py::test_resolve_unknown_raises[] PASSED [ 23%]
tests/momentum/Analysis/strategy_validation/test_frequency.py::test_resolve_unknown_raises[None] PASSED [ 24%]
tests/momentum/Analysis/strategy_validation/test_frequency.py::test_resolve_unknown_raises[1H] PASSED [ 24%]
tests/momentum/Analysis/strategy_validation/test_frequency.py::test_resolve_unknown_raises[3600] PASSED [ 25%]
tests/momentum/Analysis/strategy_validation/test_frequency.py::test_resolve_unknown_raises[bad5] PASSED [ 25%]
tests/momentum/Analysis/strategy_validation/test_frequency.py::test_resolve_unknown_raises[1 h] PASSED [ 25%]
tests/momentum/Analysis/strategy_validation/test_frequency.py::test_available_years_zero_bars PASSED [ 26%]
tests/momentum/Analysis/strategy_validation/test_frequency.py::test_available_years_rejects_bad_n_bars[-1] PASSED [ 26%]
tests/momentum/Analysis/strategy_validation/test_frequency.py::test_available_years_rejects_bad_n_bars[1.5] PASSED [ 26%]
tests/momentum/Analysis/strategy_validation/test_frequency.py::test_available_years_rejects_bad_n_bars[True] PASSED [ 27%]
tests/momentum/Analysis/strategy_validation/test_frequency.py::test_available_years_rejects_bad_n_bars[100] PASSED [ 27%]
tests/momentum/Analysis/strategy_validation/test_frequency.py::test_available_years_propagates_unknown_timeframe PASSED [ 27%]
tests/momentum/Analysis/strategy_validation/test_frequency.py::test_available_years_matches_real_kline_receipt[12h-1696] PASSED [ 28%]
tests/momentum/Analysis/strategy_validation/test_frequency.py::test_available_years_matches_real_kline_receipt[1h-20352] PASSED [ 28%]
tests/momentum/Analysis/strategy_validation/test_frequency.py::test_available_years_matches_real_kline_receipt[4h-5088] PASSED [ 29%]
tests/momentum/Analysis/strategy_validation/test_frequency.py::test_available_years_frequency_invariance PASSED [ 29%]
tests/momentum/Analysis/strategy_validation/test_frequency.py::test_reexport_is_identical_object_to_core_implementation PASSED [ 29%]
tests/momentum/Analysis/strategy_validation/test_ledger.py::test_missing_file_is_n_unknown PASSED [ 30%]
tests/momentum/Analysis/strategy_validation/test_ledger.py::test_empty_file_is_n_unknown PASSED [ 30%]
tests/momentum/Analysis/strategy_validation/test_ledger.py::test_schema_invalid_row_counts_into_rows_rejected PASSED [ 30%]
tests/momentum/Analysis/strategy_validation/test_ledger.py::test_metric_invalid_row_counts_into_failed_and_invariant_holds PASSED [ 31%]
tests/momentum/Analysis/strategy_validation/test_ledger.py::test_n_is_lower_bound_always_true[1] PASSED [ 31%]
tests/momentum/Analysis/strategy_validation/test_ledger.py::test_n_is_lower_bound_always_true[3] PASSED [ 31%]
tests/momentum/Analysis/strategy_validation/test_ledger.py::test_n_is_lower_bound_always_true[5] PASSED [ 32%]
tests/momentum/Analysis/strategy_validation/test_ledger.py::test_valid_sharpe_values_only_per_period PASSED [ 32%]
tests/momentum/Analysis/strategy_validation/test_ledger.py::test_same_candidate_multiple_attempts PASSED [ 33%]
tests/momentum/Analysis/strategy_validation/test_ledger.py::test_snapshot_hash_stable_and_changes_with_new_row PASSED [ 33%]
tests/momentum/Analysis/strategy_validation/test_ledger.py::test_invalid_rows_rejected_with_named_reason[bad_row0] PASSED [ 33%]
tests/momentum/Analysis/strategy_validation/test_ledger.py::test_invalid_rows_rejected_with_named_reason[bad_row1] PASSED [ 34%]
tests/momentum/Analysis/strategy_validation/test_ledger.py::test_invalid_rows_rejected_with_named_reason[bad_row2] PASSED [ 34%]
tests/momentum/Analysis/strategy_validation/test_ledger.py::test_invalid_rows_rejected_with_named_reason[bad_row3] PASSED [ 34%]
tests/momentum/Analysis/strategy_validation/test_ledger.py::test_invalid_rows_rejected_with_named_reason[bad_row4] PASSED [ 35%]
tests/momentum/Analysis/strategy_validation/test_ledger.py::test_non_finite_metric_value_is_schema_invalid[NaN] PASSED [ 35%]
tests/momentum/Analysis/strategy_validation/test_ledger.py::test_non_finite_metric_value_is_schema_invalid[Infinity] PASSED [ 36%]
tests/momentum/Analysis/strategy_validation/test_ledger.py::test_non_finite_metric_value_is_schema_invalid[-Infinity] PASSED [ 36%]
tests/momentum/Analysis/strategy_validation/test_ledger.py::test_row_with_foreign_context_is_rejected PASSED [ 36%]
tests/momentum/Analysis/strategy_validation/test_ledger.py::test_snapshot_hash_has_no_delimiter_collision[left0-right0] PASSED [ 37%]
tests/momentum/Analysis/strategy_validation/test_ledger.py::test_snapshot_hash_has_no_delimiter_collision[left1-right1] PASSED [ 37%]
tests/momentum/Analysis/strategy_validation/test_ledger.py::test_snapshot_hash_has_no_delimiter_collision[left2-right2] PASSED [ 37%]
tests/momentum/Analysis/strategy_validation/test_ledger.py::test_snapshot_hash_has_no_delimiter_collision[left3-right3] PASSED [ 38%]
tests/momentum/Analysis/strategy_validation/test_ledger.py::test_snapshot_hash_at_read_level_distinguishes_delimiter_inputs PASSED [ 38%]
tests/momentum/Analysis/strategy_validation/test_ledger.py::test_unreadable_file_raises_rather_than_silently_ok PASSED [ 38%]
tests/momentum/Analysis/strategy_validation/test_ledger_conformance.py::test_counts_are_self_consistent_including_invalid_metric PASSED [ 39%]
tests/momentum/Analysis/strategy_validation/test_ledger_conformance.py::test_invalid_record_raises_and_leaves_file_untouched[bad0] PASSED [ 39%]
tests/momentum/Analysis/strategy_validation/test_ledger_conformance.py::test_invalid_record_raises_and_leaves_file_untouched[bad1] PASSED [ 40%]
tests/momentum/Analysis/strategy_validation/test_ledger_conformance.py::test_invalid_record_raises_and_leaves_file_untouched[bad2] PASSED [ 40%]
tests/momentum/Analysis/strategy_validation/test_ledger_conformance.py::test_invalid_record_raises_and_leaves_file_untouched[bad3] PASSED [ 40%]
tests/momentum/Analysis/strategy_validation/test_ledger_conformance.py::test_duplicate_evaluation_id_raises PASSED [ 41%]
tests/momentum/Analysis/strategy_validation/test_ledger_conformance.py::test_concurrent_appends_do_not_interleave PASSED [ 41%]
tests/momentum/Analysis/strategy_validation/test_ledger_conformance.py::test_read_after_write_roundtrip_preserves_candidate_set PASSED [ 41%]
tests/momentum/Analysis/strategy_validation/test_ledger_conformance.py::test_non_finite_metric_value_is_rejected_at_write[nan] PASSED [ 42%]
tests/momentum/Analysis/strategy_validation/test_ledger_conformance.py::test_non_finite_metric_value_is_rejected_at_write[inf] PASSED [ 42%]
tests/momentum/Analysis/strategy_validation/test_ledger_conformance.py::test_non_finite_metric_value_is_rejected_at_write[-inf] PASSED [ 43%]
tests/momentum/Analysis/strategy_validation/test_ledger_conformance.py::test_exact_type_check_rejects_lookalikes[metric_unit-per_period-Enum \u5192\u5145 str] PASSED [ 43%]
tests/momentum/Analysis/strategy_validation/test_ledger_conformance.py::test_exact_type_check_rejects_lookalikes[metric_value-1.2-numpy.float64 \u5192\u5145 float] PASSED [ 43%]
tests/momentum/Analysis/strategy_validation/test_ledger_conformance.py::test_exact_type_check_rejects_lookalikes[attempt_index-value2-numpy.int64 \u5192\u5145 int] PASSED [ 44%]
tests/momentum/Analysis/strategy_validation/test_ledger_conformance.py::test_exact_type_check_rejects_lookalikes[metric_valid-true-\u5b57\u4e32\u5192\u5145 bool] PASSED [ 44%]
tests/momentum/Analysis/strategy_validation/test_ledger_conformance.py::test_exact_type_check_rejects_lookalikes[metric_valid-1-int \u5192\u5145 bool] PASSED [ 44%]
tests/momentum/Analysis/strategy_validation/test_ledger_conformance.py::test_exact_type_check_rejects_lookalikes[metric_value-True-bool \u5192\u5145 float] PASSED [ 45%]
tests/momentum/Analysis/strategy_validation/test_ledger_conformance.py::test_error_message_names_missing_and_extra_keys PASSED [ 45%]
tests/momentum/Analysis/strategy_validation/test_ledger_conformance.py::test_record_context_must_match_target_ledger PASSED [ 45%]
tests/momentum/Analysis/strategy_validation/test_ledger_conformance.py::test_duplicate_evaluation_id_race_writes_exactly_one_row PASSED [ 46%]
tests/momentum/Analysis/strategy_validation/test_ledger_conformance.py::test_multi_process_long_lines_do_not_interleave PASSED [ 46%]
tests/momentum/Analysis/strategy_validation/test_ledger_conformance.py::test_unwritable_directory_raises PASSED [ 47%]
tests/momentum/Analysis/strategy_validation/test_ledger_path.py::test_ledger_filename_literal PASSED [ 47%]
tests/momentum/Analysis/strategy_validation/test_ledger_path.py::test_ledger_path_derives_from_config_results_path PASSED [ 47%]
tests/momentum/Analysis/strategy_validation/test_ledger_path.py::test_ledger_path_is_not_patched_in_this_file PASSED [ 48%]
tests/momentum/Analysis/strategy_validation/test_ledger_path.py::test_ledger_path_rejects_unsafe_identifiers[-ds] PASSED [ 48%]
tests/momentum/Analysis/strategy_validation/test_ledger_path.py::test_ledger_path_rejects_unsafe_identifiers[sess-] PASSED [ 48%]
tests/momentum/Analysis/strategy_validation/test_ledger_path.py::test_ledger_path_rejects_unsafe_identifiers[../escape-ds] PASSED [ 49%]
tests/momentum/Analysis/strategy_validation/test_ledger_path.py::test_ledger_path_rejects_unsafe_identifiers[sess-a/b] PASSED [ 49%]
tests/momentum/Analysis/strategy_validation/test_ledger_path.py::test_ledger_path_rejects_unsafe_identifiers[sess-..] PASSED [ 50%]
tests/momentum/Analysis/strategy_validation/test_ledger_path.py::test_ledger_path_rejects_unsafe_identifiers[a__b-ds] PASSED [ 50%]
tests/momentum/Analysis/strategy_validation/test_ledger_path.py::test_ledger_path_rejects_unsafe_identifiers[sess-ds\x00] PASSED [ 50%]
tests/momentum/Analysis/strategy_validation/test_ledger_path.py::test_ledger_path_rejects_non_str PASSED [ 51%]
tests/momentum/Analysis/strategy_validation/test_min_btl.py::test_upper_bound_hand_value PASSED [ 51%]
tests/momentum/Analysis/strategy_validation/test_min_btl.py::test_budget_hand_values PASSED [ 51%]
tests/momentum/Analysis/strategy_validation/test_min_btl.py::test_bound_and_budget_are_inverse_pair[0.5-1.0] PASSED [ 52%]
tests/momentum/Analysis/strategy_validation/test_min_btl.py::test_bound_and_budget_are_inverse_pair[1.0-1.0] PASSED [ 52%]
tests/momentum/Analysis/strategy_validation/test_min_btl.py::test_bound_and_budget_are_inverse_pair[2.0-1.0] PASSED [ 52%]
tests/momentum/Analysis/strategy_validation/test_min_btl.py::test_bound_and_budget_are_inverse_pair[5.0-1.0] PASSED [ 53%]
tests/momentum/Analysis/strategy_validation/test_min_btl.py::test_bound_and_budget_are_inverse_pair[9.0-1.0] PASSED [ 53%]
tests/momentum/Analysis/strategy_validation/test_min_btl.py::test_bound_and_budget_are_inverse_pair[0.5-2.0] PASSED [ 54%]
tests/momentum/Analysis/strategy_validation/test_min_btl.py::test_bound_and_budget_are_inverse_pair[1.5-2.0] PASSED [ 54%]
tests/momentum/Analysis/strategy_validation/test_min_btl.py::test_bound_and_budget_are_inverse_pair[3.0-2.0] PASSED [ 54%]
tests/momentum/Analysis/strategy_validation/test_min_btl.py::test_bound_and_budget_are_inverse_pair[2.3232876712328765-1.5] PASSED [ 55%]
tests/momentum/Analysis/strategy_validation/test_min_btl.py::test_bound_and_budget_are_inverse_pair[7.7-0.8] PASSED [ 55%]
tests/momentum/Analysis/strategy_validation/test_min_btl.py::test_bound_and_budget_are_inverse_pair[12.0-0.5] PASSED [ 55%]
tests/momentum/Analysis/strategy_validation/test_min_btl.py::test_bound_and_budget_are_inverse_pair[0.25-3.0] PASSED [ 56%]
tests/momentum/Analysis/strategy_validation/test_min_btl.py::test_bound_and_budget_are_inverse_pair[4.0-1.25] PASSED [ 56%]
tests/momentum/Analysis/strategy_validation/test_min_btl.py::test_bound_and_budget_are_inverse_pair[6.5-0.9] PASSED [ 56%]
tests/momentum/Analysis/strategy_validation/test_min_btl.py::test_bound_and_budget_are_inverse_pair[10.0-1.1] PASSED [ 57%]
tests/momentum/Analysis/strategy_validation/test_min_btl.py::test_bound_and_budget_are_inverse_pair[2.0-2.5] PASSED [ 57%]
tests/momentum/Analysis/strategy_validation/test_min_btl.py::test_bound_and_budget_are_inverse_pair[1.0-3.0] PASSED [ 58%]
tests/momentum/Analysis/strategy_validation/test_min_btl.py::test_bound_and_budget_are_inverse_pair[3.3-1.7] PASSED [ 58%]
tests/momentum/Analysis/strategy_validation/test_min_btl.py::test_bound_and_budget_are_inverse_pair[8.0-0.75] PASSED [ 58%]
tests/momentum/Analysis/strategy_validation/test_min_btl.py::test_bound_and_budget_are_inverse_pair[2.5-2.2] PASSED [ 59%]
tests/momentum/Analysis/strategy_validation/test_min_btl.py::test_n_equals_one_is_zero_and_invalid_arguments_raise PASSED [ 59%]
tests/momentum/Analysis/strategy_validation/test_min_btl.py::test_c5_oracle_real_kline_years_100_trials_not_eligible PASSED [ 59%]
tests/momentum/Analysis/strategy_validation/test_min_btl.py::test_ledger_not_ok_gives_eligible_none_and_passes_status PASSED [ 60%]
tests/momentum/Analysis/strategy_validation/test_min_btl.py::test_large_n_is_finite PASSED [ 60%]
tests/momentum/Analysis/strategy_validation/test_min_btl.py::test_eligible_true_when_data_long_enough PASSED [ 61%]
tests/momentum/Analysis/strategy_validation/test_min_btl.py::test_exp_overflow_argument_raises_not_capped PASSED [ 61%]
tests/momentum/Analysis/strategy_validation/test_min_btl.py::test_eligibility_result_fields_are_subset_of_contract_eligibility_keys PASSED [ 61%]
tests/momentum/Analysis/strategy_validation/test_min_btl.py::test_minbtl_upper_bound_is_conservative_statistical_oracle PASSED [ 62%]
tests/momentum/Analysis/strategy_validation/test_min_btl.py::test_n_source_values_are_contract_enum_and_validated PASSED [ 62%]
tests/momentum/Analysis/strategy_validation/test_min_btl.py::test_hand_constants_match_golden_file PASSED [ 62%]
tests/momentum/Analysis/strategy_validation/test_pbo.py::test_golden_file_sha256_and_analytic_constants PASSED [ 63%]
tests/momentum/Analysis/strategy_validation/test_pbo.py::test_golden_noise_band PASSED [ 63%]
tests/momentum/Analysis/strategy_validation/test_pbo.py::test_golden_alpha_detectable PASSED [ 63%]
tests/momentum/Analysis/strategy_validation/test_pbo.py::test_golden_alpha_undetectable PASSED [ 64%]
tests/momentum/Analysis/strategy_validation/test_pbo.py::test_vectorized_sharpe_matches_compute_sharpe PASSED [ 64%]
tests/momentum/Analysis/strategy_validation/test_pbo.py::test_transpose_raises_and_short_t_ok PASSED [ 65%]
tests/momentum/Analysis/strategy_validation/test_pbo.py::test_all_tie_gives_r_half_and_zero_logit PASSED [ 65%]
tests/momentum/Analysis/strategy_validation/test_pbo.py::test_double_champion_takes_smallest_index_hand_computed PASSED [ 65%]
tests/momentum/Analysis/strategy_validation/test_pbo.py::test_denominator_is_path_valid_count_plus_one PASSED [ 66%]
tests/momentum/Analysis/strategy_validation/test_pbo.py::test_champion_degenerate_in_oos_is_skipped_not_indexerror PASSED [ 66%]
tests/momentum/Analysis/strategy_validation/test_pbo.py::test_non_champion_oos_degenerate_skips_path_keeps_denominator PASSED [ 66%]
tests/momentum/Analysis/strategy_validation/test_pbo.py::test_rank_uses_compressed_position_not_original_index PASSED [ 67%]
tests/momentum/Analysis/strategy_validation/test_pbo.py::test_nan_candidate_is_invalid_and_denominator_shrinks PASSED [ 67%]
tests/momentum/Analysis/strategy_validation/test_pbo.py::test_single_valid_candidate_is_insufficient PASSED [ 68%]
tests/momentum/Analysis/strategy_validation/test_pbo.py::test_constant_slices_produce_exclusions_and_all_degenerate PASSED [ 68%]
tests/momentum/Analysis/strategy_validation/test_pbo.py::test_universe_scope_none_when_guard_not_ok PASSED [ 68%]
tests/momentum/Analysis/strategy_validation/test_pbo.py::test_selection_metric_enum_enforced PASSED [ 69%]
tests/momentum/Analysis/strategy_validation/test_pbo_universe_guard.py::test_selection_free_false_is_contaminated PASSED [ 69%]
tests/momentum/Analysis/strategy_validation/test_pbo_universe_guard.py::test_unknown_source_and_none_raise PASSED [ 69%]
tests/momentum/Analysis/strategy_validation/test_pbo_universe_guard.py::test_external_declared_and_full_grid_are_unverifiable PASSED [ 70%]
tests/momentum/Analysis/strategy_validation/test_pbo_universe_guard.py::test_ledger_all_candidates_missing_ledger_or_ids_is_unverifiable PASSED [ 70%]
tests/momentum/Analysis/strategy_validation/test_pbo_universe_guard.py::test_top10_subset_with_correct_self_hash_is_rejected PASSED [ 70%]
tests/momentum/Analysis/strategy_validation/test_pbo_universe_guard.py::test_same_count_different_set_is_rejected PASSED [ 71%]
tests/momentum/Analysis/strategy_validation/test_pbo_universe_guard.py::test_wrong_hash_or_wrong_count_is_rejected PASSED [ 71%]
tests/momentum/Analysis/strategy_validation/test_pbo_universe_guard.py::test_all_three_match_is_ok_with_universe_scope_ledger_recorded_only PASSED [ 72%]
tests/momentum/Analysis/strategy_validation/test_pbo_universe_guard.py::test_provenance_post_init_type_checks PASSED [ 72%]
tests/momentum/Analysis/strategy_validation/test_report_section.py::test_downgrade_matrix_24_cases[True-True-True-True] PASSED [ 72%]
tests/momentum/Analysis/strategy_validation/test_report_section.py::test_downgrade_matrix_24_cases[True-True-True-False] PASSED [ 73%]
tests/momentum/Analysis/strategy_validation/test_report_section.py::test_downgrade_matrix_24_cases[True-True-False-True] PASSED [ 73%]
tests/momentum/Analysis/strategy_validation/test_report_section.py::test_downgrade_matrix_24_cases[True-True-False-False] PASSED [ 73%]
tests/momentum/Analysis/strategy_validation/test_report_section.py::test_downgrade_matrix_24_cases[True-False-True-True] PASSED [ 74%]
tests/momentum/Analysis/strategy_validation/test_report_section.py::test_downgrade_matrix_24_cases[True-False-True-False] PASSED [ 74%]
tests/momentum/Analysis/strategy_validation/test_report_section.py::test_downgrade_matrix_24_cases[True-False-False-True] PASSED [ 75%]
tests/momentum/Analysis/strategy_validation/test_report_section.py::test_downgrade_matrix_24_cases[True-False-False-False] PASSED [ 75%]
tests/momentum/Analysis/strategy_validation/test_report_section.py::test_downgrade_matrix_24_cases[False-True-True-True] PASSED [ 75%]
tests/momentum/Analysis/strategy_validation/test_report_section.py::test_downgrade_matrix_24_cases[False-True-True-False] PASSED [ 76%]
tests/momentum/Analysis/strategy_validation/test_report_section.py::test_downgrade_matrix_24_cases[False-True-False-True] PASSED [ 76%]
tests/momentum/Analysis/strategy_validation/test_report_section.py::test_downgrade_matrix_24_cases[False-True-False-False] PASSED [ 76%]
tests/momentum/Analysis/strategy_validation/test_report_section.py::test_downgrade_matrix_24_cases[False-False-True-True] PASSED [ 77%]
tests/momentum/Analysis/strategy_validation/test_report_section.py::test_downgrade_matrix_24_cases[False-False-True-False] PASSED [ 77%]
tests/momentum/Analysis/strategy_validation/test_report_section.py::test_downgrade_matrix_24_cases[False-False-False-True] PASSED [ 77%]
tests/momentum/Analysis/strategy_validation/test_report_section.py::test_downgrade_matrix_24_cases[False-False-False-False] PASSED [ 78%]
tests/momentum/Analysis/strategy_validation/test_report_section.py::test_downgrade_matrix_24_cases[None-True-True-True] PASSED [ 78%]
tests/momentum/Analysis/strategy_validation/test_report_section.py::test_downgrade_matrix_24_cases[None-True-True-False] PASSED [ 79%]
tests/momentum/Analysis/strategy_validation/test_report_section.py::test_downgrade_matrix_24_cases[None-True-False-True] PASSED [ 79%]
tests/momentum/Analysis/strategy_validation/test_report_section.py::test_downgrade_matrix_24_cases[None-True-False-False] PASSED [ 79%]
tests/momentum/Analysis/strategy_validation/test_report_section.py::test_downgrade_matrix_24_cases[None-False-True-True] PASSED [ 80%]
tests/momentum/Analysis/strategy_validation/test_report_section.py::test_downgrade_matrix_24_cases[None-False-True-False] PASSED [ 80%]
tests/momentum/Analysis/strategy_validation/test_report_section.py::test_downgrade_matrix_24_cases[None-False-False-True] PASSED [ 80%]
tests/momentum/Analysis/strategy_validation/test_report_section.py::test_downgrade_matrix_24_cases[None-False-False-False] PASSED [ 81%]
tests/momentum/Analysis/strategy_validation/test_report_section.py::test_only_the_all_ok_case_is_not_downgraded_exactly_once PASSED [ 81%]
tests/momentum/Analysis/strategy_validation/test_report_section.py::test_universe_scope_ledger_recorded_only_forces_downgrade_even_when_all_ok PASSED [ 81%]
tests/momentum/Analysis/strategy_validation/test_report_section.py::test_dsr_and_pbo_none_are_honest_not_computed PASSED [ 82%]
tests/momentum/Analysis/strategy_validation/test_report_section.py::test_assumed_not_ledgered_forces_eligible_none PASSED [ 82%]
tests/momentum/Analysis/strategy_validation/test_report_section.py::test_nan_numeric_fields_become_none_not_nan PASSED [ 83%]
tests/momentum/Analysis/strategy_validation/test_report_section.py::test_no_recommendation_keys_anywhere PASSED [ 83%]
tests/momentum/Analysis/strategy_validation/test_report_section.py::test_provenance_missing_keys_default_and_bad_enum_raises PASSED [ 83%]
tests/momentum/Analysis/strategy_validation/test_returns_contract.py::test_bar_count_has_more_obs_than_trade_level PASSED [ 84%]
tests/momentum/Analysis/strategy_validation/test_returns_contract.py::test_bar_count_is_not_applicable_with_named_reason PASSED [ 84%]
tests/momentum/Analysis/strategy_validation/test_returns_contract.py::test_default_730_is_rejected PASSED [ 84%]
tests/momentum/Analysis/strategy_validation/test_returns_contract.py::test_missing_annualization_field_is_fail_closed_without_kline PASSED [ 85%]
tests/momentum/Analysis/strategy_validation/test_returns_contract.py::test_trade_level_periods_per_year_matches_trades_per_year PASSED [ 85%]
tests/momentum/Analysis/strategy_validation/test_returns_contract.py::test_nonzero_return_bars_is_ok_and_drops_zeros PASSED [ 86%]
tests/momentum/Analysis/strategy_validation/test_returns_contract.py::test_source_artifact_hash_is_stable_and_input_bound PASSED [ 86%]
tests/momentum/Analysis/strategy_validation/test_returns_contract.py::test_unknown_t_semantics_raises PASSED [ 86%]
tests/momentum/Analysis/strategy_validation/test_returns_contract.py::test_unknown_timeframe_propagates PASSED [ 87%]
tests/momentum/Analysis/strategy_validation/test_returns_contract.py::test_no_trades_yields_zero_obs_without_crash_without_kline PASSED [ 87%]
tests/momentum/Analysis/strategy_validation/test_sharpe.py::test_degenerate_returns_nan_and_non_ok_status[series0] PASSED [ 87%]
tests/momentum/Analysis/strategy_validation/test_sharpe.py::test_degenerate_returns_nan_and_non_ok_status[series1] PASSED [ 88%]
tests/momentum/Analysis/strategy_validation/test_sharpe.py::test_degenerate_returns_nan_and_non_ok_status[series2] PASSED [ 88%]
tests/momentum/Analysis/strategy_validation/test_sharpe.py::test_degenerate_returns_nan_and_non_ok_status[series3] PASSED [ 88%]
tests/momentum/Analysis/strategy_validation/test_sharpe.py::test_degenerate_returns_nan_and_non_ok_status[series4] PASSED [ 89%]
tests/momentum/Analysis/strategy_validation/test_sharpe.py::test_degenerate_returns_nan_and_non_ok_status[series5] PASSED [ 89%]
tests/momentum/Analysis/strategy_validation/test_sharpe.py::test_degenerate_returns_nan_and_non_ok_status[series6] PASSED [ 90%]
tests/momentum/Analysis/strategy_validation/test_sharpe.py::test_hand_computed_case PASSED [ 90%]
tests/momentum/Analysis/strategy_validation/test_sharpe.py::test_moments_match_scipy_per_period PASSED [ 90%]
tests/momentum/Analysis/strategy_validation/test_sharpe.py::test_mertens_estimator_variance_hand_formula PASSED [ 91%]
tests/momentum/Analysis/strategy_validation/test_sharpe.py::test_annualization_relation_with_zero_rf PASSED [ 91%]
tests/momentum/Analysis/strategy_validation/test_sharpe.py::test_per_period_moments_are_unit_invariant PASSED [ 91%]
tests/momentum/Analysis/strategy_validation/test_sharpe.py::test_risk_free_rate_shifts_per_period_sharpe PASSED [ 92%]
tests/momentum/Analysis/strategy_validation/test_sharpe.py::test_rejects_non_positive_periods PASSED [ 92%]
tests/momentum/Analysis/strategy_validation/test_sharpe.py::test_non_binary_exact_constant_series_is_degenerate_not_huge_sharpe PASSED [ 93%]
tests/momentum/Analysis/strategy_validation/test_wiring_check.py::test_sh_wrapper_and_default_paths_pass PASSED [ 93%]
tests/momentum/Analysis/strategy_validation/test_wiring_check.py::test_tmp_copies_pass_baseline PASSED [ 93%]
tests/momentum/Analysis/strategy_validation/test_wiring_check.py::test_mutation_1_contract_adds_unassembled_section PASSED [ 94%]
tests/momentum/Analysis/strategy_validation/test_wiring_check.py::test_mutation_2_invented_reason_keyword PASSED [ 94%]
tests/momentum/Analysis/strategy_validation/test_wiring_check.py::test_mutation_3_invented_reason_dict_form PASSED [ 94%]
tests/momentum/Analysis/strategy_validation/test_wiring_check.py::test_mutation_4_section_only_in_docstring_and_comment PASSED [ 95%]
tests/momentum/Analysis/strategy_validation/test_wiring_check.py::test_mutation_5_dynamic_reason_fstring_is_unresolved PASSED [ 95%]
tests/momentum/Analysis/strategy_validation/test_wiring_check.py::test_mutation_5b_variable_holding_fstring_is_unresolved PASSED [ 95%]
tests/momentum/Analysis/strategy_validation/test_wiring_check.py::test_mutation_6_dead_branch_does_not_count PASSED [ 96%]
tests/momentum/Analysis/strategy_validation/test_wiring_check.py::test_dead_enum_reason_is_red PASSED [ 96%]
tests/momentum/Analysis/strategy_validation/test_wiring_check.py::test_rc2_boundaries PASSED [ 97%]
tests/momentum/Analysis/strategy_validation/test_wiring_check.py::test_empty_reasons_is_rc1 PASSED [ 97%]
tests/momentum/Analysis/strategy_validation/test_wiring_check.py::test_mutation_n1_non_whitelisted_passthrough_is_unresolved[data = {"not_reason": "invented_v"}\nx = f(reason=data["not_reason"])\n] PASSED [ 97%]
tests/momentum/Analysis/strategy_validation/test_wiring_check.py::test_mutation_n1_non_whitelisted_passthrough_is_unresolved[class O:\n    other = "invented_w"\nx = f(reason=O().other)\n] PASSED [ 98%]
tests/momentum/Analysis/strategy_validation/test_wiring_check.py::test_mutation_n1_non_whitelisted_passthrough_is_unresolved[d = {"other": "n_unknown"}\nx = f(reason=d.get("other", "n_unknown"))\n] PASSED [ 98%]
tests/momentum/Analysis/strategy_validation/test_wiring_check.py::test_mutation_n1_non_whitelisted_passthrough_is_unresolved[_R = "n_unknown"\ndef g(i):\n    _R = f"x_{i}"\n    return f(reason=_R)\n] PASSED [ 98%]
tests/momentum/Analysis/strategy_validation/test_wiring_check.py::test_mutation_n1_non_whitelisted_passthrough_is_unresolved[def g(v):\n    reason = v + "_x"\n    return f(reason=reason)\n] PASSED [ 99%]
tests/momentum/Analysis/strategy_validation/test_wiring_check.py::test_whitelisted_passthrough_forms_pass PASSED [ 99%]
tests/momentum/Analysis/strategy_validation/test_wiring_check.py::test_mutation_n1_dead_enum_via_unused_constant_or_docstring_is_red PASSED [100%]

============================= 272 passed in 14.17s =============================
rc=0
=== A4 ===
============================= test session starts ==============================
platform darwin -- Python 3.9.6, pytest-8.4.2, pluggy-1.6.0
rootdir: /Users/louis/Desktop/quantitative_trading_system
configfile: pytest.ini
plugins: asyncio-1.2.0, anyio-4.10.0, cov-7.0.0
asyncio: mode=strict, debug=False, asyncio_default_fixture_loop_scope=None, asyncio_default_test_loop_scope=function

----------------------------- live log collection ------------------------------
02:14:56 [INFO] KlineStorageManager initialized: /Users/louis/Desktop/quantitative_trading_system/data_cache/feature_klines/kline_cache.h5
02:14:56 [INFO] Registered adapter: crypto_spot
02:14:56 [INFO] Loaded feature registry with 19 entries
02:14:56 [INFO] CGSA stats (tier=8gb): sync_cap=200 q_sample=1500 warmup_workers=2
02:14:57 [INFO] Restored 14 persisted feature task(s) from disk
02:14:57 [INFO] 所有中間件已設置完成
02:14:57 [INFO] 異常處理器設置完成
02:14:57 [INFO] StandaloneSearchService initialized - momentum modules will be loaded on demand
02:14:57 [INFO] CaseStorageManager initialized (persistent=True, json_path=/Users/louis/Desktop/quantitative_trading_system/data_cache/cases.json, cases=0)
02:14:57 [INFO] Created global CaseStorageManager instance
02:14:57 [INFO] CaseImportService initialized
02:14:57 [INFO] Created global CaseImportService instance with shared storage
02:14:57 [INFO] KlineStorageManager initialized: /Users/louis/Desktop/quantitative_trading_system/data_cache/kline_cache.h5
02:14:57 [INFO] KlineDownloadService initialized
02:14:57 [INFO] Rate limiter initialized: 1000 req/min
02:14:57 [INFO] BinanceProvider initialized
02:14:57 [INFO] Registered provider: binance (rate_limit=1000/min)
02:14:57 [INFO] Registered BinanceProvider to KlineDownloadService
02:14:57 [INFO] BatchDownloadService initialized
02:14:57 [INFO] Created global BatchDownloadService instance with shared storage
02:14:57 [INFO] KlineStorageManager initialized: data_cache/kline_cache.h5
02:14:57 [INFO] KlineDownloadService initialized
02:14:57 [INFO] Rate limiter initialized: 1000 req/min
02:14:57 [INFO] BinanceProvider initialized
02:14:57 [INFO] Registered provider: binance (rate_limit=1000/min)
02:14:57 [INFO] KlineStorageManager initialized: data_cache/kline_cache.h5
02:14:57 [INFO] IndicatorEngine initialized
02:14:57 [INFO] ChartDataService initialized with IndicatorEngine
02:14:57 [INFO] OptimizationTaskService initialized
02:14:58 [INFO] Loaded feature registry with 19 entries
02:14:58 [INFO] Loaded feature registry with 19 entries
02:14:58 [INFO] Loaded feature registry with 19 entries
02:14:58 [INFO] Loaded feature registry with 19 entries
02:14:58 [INFO] Loaded feature registry with 19 entries
02:14:58 [INFO] WebSocketConnectionManager initialized
02:14:58 [INFO] All API routes registered successfully
collected 783 items / 504 deselected / 279 selected

tests/api/test_gap3_contract_reason_registry.py::test_gap3_contract_reason_registry_01_import_failure_added PASSED [  0%]
tests/api/test_gap3_contract_reason_registry.py::test_gap3_contract_reason_registry_02_existing_prefix_unchanged PASSED [  0%]
tests/api/test_gap3_contract_reason_registry.py::test_gap3_contract_reason_registry_03_producer_reason_not_in_import_list PASSED [  1%]
tests/api/test_gap3_contract_reason_registry.py::test_gap3_contract_reason_registry_04_capability_reasons_added PASSED [  1%]
tests/api/test_gap3_contract_reason_registry.py::test_gap3_contract_reason_registry_05_filters_field_registered PASSED [  1%]
tests/api/test_gap3_contract_reason_registry.py::test_gap3_contract_reason_registry_06_baseline_fixture_byte_faithful PASSED [  2%]
tests/api/test_gap3_contract_reason_registry.py::test_gap3_contract_reason_registry_07_new_registered_fields PASSED [  2%]
tests/api/test_gap3_contract_reason_registry.py::test_gap3_contract_reason_registry_08a_flatten_prefix_preserved PASSED [  2%]
tests/api/test_gap3_contract_reason_registry.py::test_gap3_contract_reason_registry_08a2_baseline_side_has_independent_oracle PASSED [  3%]
tests/api/test_gap3_contract_reason_registry.py::test_gap3_contract_reason_registry_08b_namespaces_are_typed_dicts PASSED [  3%]
tests/api/test_gap3_contract_reason_registry.py::test_gap3_contract_reason_registry_08c_validator_rejects[neg] PASSED [  3%]
tests/api/test_gap3_contract_reason_registry.py::test_gap3_contract_reason_registry_08c_validator_rejects[float] PASSED [  4%]
tests/api/test_gap3_contract_reason_registry.py::test_gap3_contract_reason_registry_08c_validator_rejects[root_scalar] PASSED [  4%]
tests/api/test_gap3_contract_reason_registry.py::test_gap3_contract_reason_registry_08c_validator_rejects[str] PASSED [  5%]
tests/api/test_gap3_contract_reason_registry.py::test_gap3_contract_reason_registry_08c_validator_rejects[bool] PASSED [  5%]
tests/api/test_gap3_contract_reason_registry.py::test_gap3_contract_reason_registry_08d_validator_accepts_valid PASSED [  5%]
tests/api/test_gap3_contract_reason_registry.py::test_gap3_contract_reason_registry_08e_same_function_reference PASSED [  6%]
tests/api/test_gap3_contract_reason_registry.py::test_gap3_contract_reason_registry_08e2_validator_actually_calls_the_helper PASSED [  6%]
tests/api/test_gap3_csv_import.py::test_gap3_csv_import_user_column_names_accepted_and_stored 
-------------------------------- live log call ---------------------------------
02:14:59 [INFO] [b4f02777] POST /api/v1/case/import-events/csv - 200 - 0.008s
02:14:59 [INFO] HTTP Request: POST http://testserver/api/v1/case/import-events/csv "HTTP/1.1 200 OK"
02:14:59 [INFO] [6c4d6249] GET /api/v1/case/events/20260828T181459Z-36aec7a8 - 200 - 0.001s
02:14:59 [INFO] HTTP Request: GET http://testserver/api/v1/case/events/20260828T181459Z-36aec7a8 "HTTP/1.1 200 OK"
02:14:59 [INFO] [940b2d0a] GET /api/v1/case/events - 200 - 0.001s
02:14:59 [INFO] HTTP Request: GET http://testserver/api/v1/case/events "HTTP/1.1 200 OK"
PASSED                                                                   [  6%]
tests/api/test_gap3_csv_import.py::test_gap3_csv_import_missing_column_mapping_rejected 
-------------------------------- live log call ---------------------------------
02:14:59 [WARNING] HTTP 422: {'kind': 'contract_violation', 'message': '未提供 column_mapping：CSV 欄名與契約欄名之對應須由使用者顯式指定，不做任何預設對映（A-4′）', 'failures': [{'row': None, 'event_id': None, 'field': None, 'reason': 'column_mapping_missing', 'message': 'column_mapping 為空；請逐項指定 {契約欄名: CSV 欄名}'}], 'migration_hint': None, 'detail': None}
02:14:59 [INFO] [6bc44db9] POST /api/v1/case/import-events/csv - 422 - 0.002s
02:14:59 [INFO] HTTP Request: POST http://testserver/api/v1/case/import-events/csv "HTTP/1.1 422 Unprocessable Entity"
02:14:59 [INFO] [afe3bb79] GET /api/v1/case/events - 200 - 0.000s
02:14:59 [INFO] HTTP Request: GET http://testserver/api/v1/case/events "HTTP/1.1 200 OK"
PASSED                                                                   [  7%]
tests/api/test_gap3_csv_import.py::test_gap3_csv_import_mapping_without_label_rejected 
-------------------------------- live log call ---------------------------------
02:14:59 [WARNING] HTTP 422: {'kind': 'contract_violation', 'message': 'column_mapping 未指定 label 欄：正反例答案欄是本次匯入之核心宣告，不得由平台猜測', 'failures': [{'row': None, 'event_id': None, 'field': 'label', 'reason': 'column_mapping_missing', 'message': "column_mapping 缺 'label'；請指定哪一個 CSV 欄是你標好的正反例"}], 'migration_hint': None, 'detail': None}
02:14:59 [INFO] [24228451] POST /api/v1/case/import-events/csv - 422 - 0.002s
02:14:59 [INFO] HTTP Request: POST http://testserver/api/v1/case/import-events/csv "HTTP/1.1 422 Unprocessable Entity"
02:14:59 [INFO] [885e694c] GET /api/v1/case/events - 200 - 0.000s
02:14:59 [INFO] HTTP Request: GET http://testserver/api/v1/case/events "HTTP/1.1 200 OK"
PASSED                                                                   [  7%]
tests/api/test_gap3_csv_import.py::test_gap3_csv_import_column_not_found_in_file 
-------------------------------- live log call ---------------------------------
02:14:59 [WARNING] HTTP 422: {'kind': 'contract_violation', 'message': "1 個對映指向 CSV 不存在之欄（檔案標頭＝['我的編號', '幣種', 'K線週期', '毫秒時間', '是不是正例', '備註']）", 'failures': [{'row': None, 'event_id': None, 'field': 't0', 'reason': 'column_not_found_in_file', 'message': "契約欄 't0' 對映到 CSV 欄 '不存在的欄'，但檔案標頭沒有這個欄名"}], 'migration_hint': None, 'detail': None}
02:14:59 [INFO] [e21c3784] POST /api/v1/case/import-events/csv - 422 - 0.003s
02:14:59 [INFO] HTTP Request: POST http://testserver/api/v1/case/import-events/csv "HTTP/1.1 422 Unprocessable Entity"
02:14:59 [INFO] [2dbfaf9e] GET /api/v1/case/events - 200 - 0.000s
02:14:59 [INFO] HTTP Request: GET http://testserver/api/v1/case/events "HTTP/1.1 200 OK"
PASSED                                                                   [  7%]
tests/api/test_gap3_csv_import.py::test_gap3_csv_import_label_column_not_binary 
-------------------------------- live log call ---------------------------------
02:14:59 [WARNING] HTTP 422: {'kind': 'contract_violation', 'message': "label 欄 '是不是正例' 非二元 0/1：2 列不是 '0' 或 '1'（不猜、不轉換）", 'failures': [{'row': 1, 'event_id': None, 'field': 'label', 'reason': 'label_column_not_binary', 'message': "列 1 之 label 值 'yes' 不是 '0' 或 '1'"}, {'row': 2, 'event_id': None, 'field': 'label', 'reason': 'label_column_not_binary', 'message': "列 2 之 label 值 'True' 不是 '0' 或 '1'"}], 'migration_hint': None, 'detail': None}
02:14:59 [INFO] [acc7e26f] POST /api/v1/case/import-events/csv - 422 - 0.003s
02:14:59 [INFO] HTTP Request: POST http://testserver/api/v1/case/import-events/csv "HTTP/1.1 422 Unprocessable Entity"
02:14:59 [INFO] [163bb0bd] GET /api/v1/case/events - 200 - 0.000s
02:14:59 [INFO] HTTP Request: GET http://testserver/api/v1/case/events "HTTP/1.1 200 OK"
PASSED                                                                   [  8%]
tests/api/test_gap3_csv_import.py::test_gap3_csv_import_unmapped_columns_ignored_loudly 
-------------------------------- live log call ---------------------------------
02:14:59 [INFO] [38676ac8] POST /api/v1/case/import-events/csv - 200 - 0.004s
02:14:59 [INFO] HTTP Request: POST http://testserver/api/v1/case/import-events/csv "HTTP/1.1 200 OK"
PASSED                                                                   [  8%]
tests/api/test_gap3_csv_import.py::test_gap3_csv_import_batch_defaults_fill_absent_only 
-------------------------------- live log call ---------------------------------
02:14:59 [INFO] [6e716728] POST /api/v1/case/import-events/csv - 200 - 0.005s
02:14:59 [INFO] HTTP Request: POST http://testserver/api/v1/case/import-events/csv "HTTP/1.1 200 OK"
02:14:59 [WARNING] HTTP 422: {'kind': 'contract_violation', 'message': '3 筆契約違規（逐列 reason 見 failures；字面＝event_import_contract.json）', 'failures': [{'row': 1, 'event_id': 'ETHUSDT:12h:1704110400000', 'field': 'scenario', 'reason': 'heterogeneous_rows_in_batch', 'message': "heterogeneous_rows_in_batch: 欄 'scenario' 列間不一致；前 3 個衝突列號＝[1, 2, 3]（共 3 列與首列 0 不同）。不自動分批、不套用第一列之值；請拆批或以 batch_defaults 指定 'scenario'"}, {'row': 2, 'event_id': 'ETHUSDT:12h:1704153600000', 'field': 'scenario', 'reason': 'heterogeneous_rows_in_batch', 'message': "heterogeneous_rows_in_batch: 欄 'scenario' 列間不一致；前 3 個衝突列號＝[1, 2, 3]（共 3 列與首列 0 不同）。不自動分批、不套用第一列之值；請拆批或以 batch_defaults 指定 'scenario'"}, {'row': 3, 'event_id': 'ETHUSDT:12h:1704196800000', 'field': 'scenario', 'reason': 'heterogeneous_rows_in_batch', 'message': "heterogeneous_rows_in_batch: 欄 'scenario' 列間不一致；前 3 個衝突列號＝[1, 2, 3]（共 3 列與首列 0 不同）。不自動分批、不套用第一列之值；請拆批或以 batch_defaults 指定 'scenario'"}], 'migration_hint': {'endpoint': '/api/v1/case/import-events', 'required_fields_absent': ['decision_offset_bars', 'entry_price_semantic', 'direction', 'label_definition', 'control_kind', 'source_file_digest', 'data_snapshot_digest'], 'field_mapping': {'timestamp(秒)': 't0(epoch ms UTC；錨定 TF bar open)', 'Positive_case': 'label(0/1)', 'symbol': 'symbol', 'timeframe': 'timeframe(錨定 TF，必填)'}, 'contract': 'momentum/Analysis/contracts/event_import_contract.json', 'note': '舊 cases.json 不遷移；新 schema 須逐列附 label_definition/control_kind/digest 等欄位'}, 'detail': None}
02:14:59 [INFO] [6a20a78b] POST /api/v1/case/import-events/csv - 422 - 0.004s
02:14:59 [INFO] HTTP Request: POST http://testserver/api/v1/case/import-events/csv "HTTP/1.1 422 Unprocessable Entity"
02:14:59 [INFO] [a80fb32b] GET /api/v1/case/events - 200 - 0.001s
02:14:59 [INFO] HTTP Request: GET http://testserver/api/v1/case/events "HTTP/1.1 200 OK"
PASSED                                                                   [  8%]
tests/api/test_gap3_csv_import.py::test_gap3_csv_import_validate_only_does_not_store 
-------------------------------- live log call ---------------------------------
02:14:59 [INFO] [8c0de6c3] POST /api/v1/case/import-events/csv - 200 - 0.004s
02:14:59 [INFO] HTTP Request: POST http://testserver/api/v1/case/import-events/csv?validate_only=true "HTTP/1.1 200 OK"
02:14:59 [INFO] [356a37e2] GET /api/v1/case/events - 200 - 0.000s
02:14:59 [INFO] HTTP Request: GET http://testserver/api/v1/case/events "HTTP/1.1 200 OK"
PASSED                                                                   [  9%]
tests/api/test_gap3_csv_import.py::test_gap3_csv_import_existing_endpoints_behaviour_unchanged 
-------------------------------- live log call ---------------------------------
02:14:59 [INFO] [5ed06881] POST /api/v1/case/import-events/json - 200 - 0.003s
02:14:59 [INFO] HTTP Request: POST http://testserver/api/v1/case/import-events/json "HTTP/1.1 200 OK"
02:14:59 [INFO] [a97740ba] POST /api/v1/case/import-events - 200 - 0.003s
02:14:59 [INFO] HTTP Request: POST http://testserver/api/v1/case/import-events "HTTP/1.1 200 OK"
PASSED                                                                   [  9%]
tests/api/test_gap3_csv_import.py::test_gap3_csv_import_shared_validator_behaviour[csv] 
-------------------------------- live log call ---------------------------------
02:14:59 [WARNING] HTTP 422: {'kind': 'contract_violation', 'message': '2 筆契約違規（逐列 reason 見 failures；字面＝event_import_contract.json）', 'failures': [{'row': 0, 'event_id': 'ETHUSDT:12h:1704067200000', 'field': 'entry_price_semantic', 'reason': 'enum_violation', 'message': None}, {'row': 1, 'event_id': 'ETHUSDT:12h:1704110400000', 'field': 'entry_price_semantic', 'reason': 'enum_violation', 'message': None}], 'migration_hint': {'endpoint': '/api/v1/case/import-events', 'required_fields_absent': ['decision_offset_bars', 'entry_price_semantic', 'direction', 'scenario', 'label_definition', 'control_kind', 'source_file_digest', 'data_snapshot_digest'], 'field_mapping': {'timestamp(秒)': 't0(epoch ms UTC；錨定 TF bar open)', 'Positive_case': 'label(0/1)', 'symbol': 'symbol', 'timeframe': 'timeframe(錨定 TF，必填)'}, 'contract': 'momentum/Analysis/contracts/event_import_contract.json', 'note': '舊 cases.json 不遷移；新 schema 須逐列附 label_definition/control_kind/digest 等欄位'}, 'detail': None}
02:14:59 [INFO] [6f08f564] POST /api/v1/case/import-events/csv - 422 - 0.004s
02:14:59 [INFO] HTTP Request: POST http://testserver/api/v1/case/import-events/csv "HTTP/1.1 422 Unprocessable Entity"
02:14:59 [INFO] [5a4092d4] GET /api/v1/case/events - 200 - 0.000s
02:14:59 [INFO] HTTP Request: GET http://testserver/api/v1/case/events "HTTP/1.1 200 OK"
PASSED                                                                   [ 10%]
tests/api/test_gap3_csv_import.py::test_gap3_csv_import_shared_validator_behaviour[json] 
-------------------------------- live log call ---------------------------------
02:14:59 [WARNING] HTTP 422: {'kind': 'contract_violation', 'message': '1 筆契約違規（逐列 reason 見 failures；字面＝event_import_contract.json）', 'failures': [{'row': 0, 'event_id': 'ETHUSDT:12h:1704067200000', 'field': 'entry_price_semantic', 'reason': 'enum_violation', 'message': None}], 'migration_hint': None, 'detail': None}
02:14:59 [INFO] [fe9db2f5] POST /api/v1/case/import-events/json - 422 - 0.001s
02:14:59 [INFO] HTTP Request: POST http://testserver/api/v1/case/import-events/json "HTTP/1.1 422 Unprocessable Entity"
02:14:59 [INFO] [c09cc7a6] GET /api/v1/case/events - 200 - 0.000s
02:14:59 [INFO] HTTP Request: GET http://testserver/api/v1/case/events "HTTP/1.1 200 OK"
PASSED                                                                   [ 10%]
tests/api/test_gap3_csv_import.py::test_gap3_csv_import_ast_oracle_shared_entrypoints PASSED [ 10%]
tests/api/test_gap3_csv_import.py::test_gap3_csv_import_ast_oracle_import_records_definition_is_unique PASSED [ 11%]
tests/api/test_gap3_csv_import.py::test_gap3_csv_import_runtime_oracle_factory_returns_the_shared_implementation PASSED [ 11%]
tests/api/test_gap3_csv_import.py::test_gap3_csv_import_ast_oracle_single_validation_and_unit_detection_site PASSED [ 11%]
tests/api/test_gap3_csv_provenance.py::test_gap3_csv_provenance_records_four_items 
-------------------------------- live log call ---------------------------------
02:15:00 [INFO] [f0b25696] POST /api/v1/case/import-events/csv - 200 - 0.005s
02:15:00 [INFO] HTTP Request: POST http://testserver/api/v1/case/import-events/csv "HTTP/1.1 200 OK"
PASSED                                                                   [ 12%]
tests/api/test_gap3_csv_provenance.py::test_gap3_csv_provenance_missing_digest_fail_closed 
-------------------------------- live log call ---------------------------------
02:15:00 [WARNING] HTTP 422: {'kind': 'contract_violation', 'message': '對映 provenance 不合契約（Task 1.6：無法對證『這批是依哪一欄、哪個檔宣告的』）；逐欄 reason 見 failures', 'failures': [{'row': None, 'event_id': None, 'field': 'mapping_provenance.source_file_digest', 'reason': 'missing_required_field', 'message': 'mapping_provenance 之欄位缺值或型別不符'}], 'migration_hint': None, 'detail': None}
02:15:00 [INFO] [404ec819] POST /api/v1/case/import-events/csv - 422 - 0.005s
02:15:00 [INFO] HTTP Request: POST http://testserver/api/v1/case/import-events/csv "HTTP/1.1 422 Unprocessable Entity"
PASSED                                                                   [ 12%]
tests/api/test_gap3_csv_provenance.py::test_gap3_csv_provenance_uniform_digest_accepts 
-------------------------------- live log call ---------------------------------
02:15:00 [INFO] [52a90add] POST /api/v1/case/import-events/csv - 200 - 0.005s
02:15:00 [INFO] HTTP Request: POST http://testserver/api/v1/case/import-events/csv "HTTP/1.1 200 OK"
PASSED                                                                   [ 12%]
tests/api/test_gap3_csv_provenance.py::test_gap3_csv_provenance_does_not_overwrite_existing_receipt_fields 
-------------------------------- live log call ---------------------------------
02:15:00 [INFO] [e14192d6] POST /api/v1/case/import-events/csv - 200 - 0.005s
02:15:00 [INFO] HTTP Request: POST http://testserver/api/v1/case/import-events/csv "HTTP/1.1 200 OK"
PASSED                                                                   [ 13%]
tests/api/test_gap3_csv_provenance.py::test_gap3_csv_provenance_server_fallback_is_disclosed 
-------------------------------- live log call ---------------------------------
02:15:00 [INFO] [9711beec] POST /api/v1/case/import-events/csv - 200 - 0.004s
02:15:00 [INFO] HTTP Request: POST http://testserver/api/v1/case/import-events/csv "HTTP/1.1 200 OK"
PASSED                                                                   [ 13%]
tests/api/test_gap3_csv_provenance.py::test_gap3_csv_provenance_absent_on_json_path 
-------------------------------- live log call ---------------------------------
02:15:00 [INFO] [13d3f9e9] POST /api/v1/case/import-events/json - 200 - 0.002s
02:15:00 [INFO] HTTP Request: POST http://testserver/api/v1/case/import-events/json "HTTP/1.1 200 OK"
PASSED                                                                   [ 13%]
tests/api/test_gap3_csv_provenance.py::test_gap3_csv_provenance_digest_verified_only_with_companion_source 
-------------------------------- live log call ---------------------------------
02:15:00 [INFO] [8d00dd3f] POST /api/v1/case/import-events/csv - 200 - 0.005s
02:15:00 [INFO] HTTP Request: POST http://testserver/api/v1/case/import-events/csv?verify_source_digest=true "HTTP/1.1 200 OK"
02:15:00 [WARNING] HTTP 422: {'kind': 'contract_violation', 'message': '2 筆契約違規（逐列 reason 見 failures；字面＝event_import_contract.json）', 'failures': [{'row': 0, 'event_id': 'ETHUSDT:12h:1704067200000', 'field': 'source_file_digest', 'reason': 'digest_mismatch', 'message': None}, {'row': 1, 'event_id': 'ETHUSDT:12h:1704110400000', 'field': 'source_file_digest', 'reason': 'digest_mismatch', 'message': None}], 'migration_hint': {'endpoint': '/api/v1/case/import-events', 'required_fields_absent': ['decision_offset_bars', 'entry_price_semantic', 'direction', 'scenario', 'label_definition', 'control_kind', 'data_snapshot_digest'], 'field_mapping': {'timestamp(秒)': 't0(epoch ms UTC；錨定 TF bar open)', 'Positive_case': 'label(0/1)', 'symbol': 'symbol', 'timeframe': 'timeframe(錨定 TF，必填)'}, 'contract': 'momentum/Analysis/contracts/event_import_contract.json', 'note': '舊 cases.json 不遷移；新 schema 須逐列附 label_definition/control_kind/digest 等欄位'}, 'detail': None}
02:15:00 [INFO] [952f02cc] POST /api/v1/case/import-events/csv - 422 - 0.004s
02:15:00 [INFO] HTTP Request: POST http://testserver/api/v1/case/import-events/csv?verify_source_digest=true "HTTP/1.1 422 Unprocessable Entity"
PASSED                                                                   [ 14%]
tests/api/test_gap3_csv_provenance.py::test_gap3_csv_provenance_derive_event_id_closes_seconds_friction 
-------------------------------- live log call ---------------------------------
02:15:00 [WARNING] HTTP 422: {'kind': 'contract_violation', 'message': '2 筆契約違規（逐列 reason 見 failures；字面＝event_import_contract.json）', 'failures': [{'row': 0, 'event_id': 'ETHUSDT:12h:1704067200', 'field': 'event_id', 'reason': 'type_error', 'message': "event_id 不符契約公式 '{symbol}:{timeframe}:{t0}'：期望 'ETHUSDT:12h:1704067200000'，實得 'ETHUSDT:12h:1704067200'（D-2：event_id 只由 symbol／timeframe／t0 決定，不得自訂）"}, {'row': 1, 'event_id': 'ETHUSDT:12h:1704110400', 'field': 'event_id', 'reason': 'type_error', 'message': "event_id 不符契約公式 '{symbol}:{timeframe}:{t0}'：期望 'ETHUSDT:12h:1704110400000'，實得 'ETHUSDT:12h:1704110400'（D-2：event_id 只由 symbol／timeframe／t0 決定，不得自訂）"}], 'migration_hint': {'endpoint': '/api/v1/case/import-events', 'required_fields_absent': ['decision_offset_bars', 'entry_price_semantic', 'direction', 'scenario', 'label_definition', 'control_kind', 'data_snapshot_digest'], 'field_mapping': {'timestamp(秒)': 't0(epoch ms UTC；錨定 TF bar open)', 'Positive_case': 'label(0/1)', 'symbol': 'symbol', 'timeframe': 'timeframe(錨定 TF，必填)'}, 'contract': 'momentum/Analysis/contracts/event_import_contract.json', 'note': '舊 cases.json 不遷移；新 schema 須逐列附 label_definition/control_kind/digest 等欄位'}, 'detail': None}
02:15:00 [INFO] [7da8c1b7] POST /api/v1/case/import-events/csv - 422 - 0.004s
02:15:00 [INFO] HTTP Request: POST http://testserver/api/v1/case/import-events/csv "HTTP/1.1 422 Unprocessable Entity"
02:15:00 [INFO] [0b1cc672] POST /api/v1/case/import-events/csv - 200 - 0.005s
02:15:00 [INFO] HTTP Request: POST http://testserver/api/v1/case/import-events/csv "HTTP/1.1 200 OK"
PASSED                                                                   [ 14%]
tests/api/test_gap3_csv_provenance.py::test_gap3_csv_provenance_confirmed_at_must_be_iso_utc 
-------------------------------- live log call ---------------------------------
02:15:00 [WARNING] HTTP 422: {'kind': 'contract_violation', 'message': "mapping_confirmed_at 須為**存在的** UTC 時刻（`…Z` 或 `+00:00` 皆可，如 2026-08-25T09:30:00Z）；收到 'not-a-time'。本欄是使用者聲明之時刻、非可信時鐘，但仍須是可解析的真實時刻", 'failures': [], 'migration_hint': None, 'detail': {'field': 'mapping_provenance.confirmed_at', 'received': 'not-a-time'}}
02:15:00 [INFO] [ee3d58d4] POST /api/v1/case/import-events/csv - 422 - 0.004s
02:15:00 [INFO] HTTP Request: POST http://testserver/api/v1/case/import-events/csv "HTTP/1.1 422 Unprocessable Entity"
02:15:00 [INFO] [75ed6751] POST /api/v1/case/import-events/csv - 200 - 0.005s
02:15:00 [INFO] HTTP Request: POST http://testserver/api/v1/case/import-events/csv "HTTP/1.1 200 OK"
02:15:00 [WARNING] HTTP 422: {'kind': 'contract_violation', 'message': "mapping_confirmed_at 須為**存在的** UTC 時刻（`…Z` 或 `+00:00` 皆可，如 2026-08-25T09:30:00Z）；收到 '2026-02-30T25:61:61Z'。本欄是使用者聲明之時刻、非可信時鐘，但仍須是可解析的真實時刻", 'failures': [], 'migration_hint': None, 'detail': {'field': 'mapping_provenance.confirmed_at', 'received': '2026-02-30T25:61:61Z'}}
02:15:00 [INFO] [1963e624] POST /api/v1/case/import-events/csv - 422 - 0.004s
02:15:00 [INFO] HTTP Request: POST http://testserver/api/v1/case/import-events/csv "HTTP/1.1 422 Unprocessable Entity"
02:15:00 [INFO] [e25fed2b] POST /api/v1/case/import-events/csv - 200 - 0.005s
02:15:00 [INFO] HTTP Request: POST http://testserver/api/v1/case/import-events/csv "HTTP/1.1 200 OK"
02:15:00 [WARNING] HTTP 422: {'kind': 'contract_violation', 'message': "mapping_confirmed_at 須為**存在的** UTC 時刻（`…Z` 或 `+00:00` 皆可，如 2026-08-25T09:30:00Z）；收到 '2026-08-25T09:30:00+08:00'。本欄是使用者聲明之時刻、非可信時鐘，但仍須是可解析的真實時刻", 'failures': [], 'migration_hint': None, 'detail': {'field': 'mapping_provenance.confirmed_at', 'received': '2026-08-25T09:30:00+08:00'}}
02:15:00 [INFO] [18a36e63] POST /api/v1/case/import-events/csv - 422 - 0.004s
02:15:00 [INFO] HTTP Request: POST http://testserver/api/v1/case/import-events/csv "HTTP/1.1 422 Unprocessable Entity"
PASSED                                                                   [ 15%]
tests/api/test_gap3_csv_provenance.py::test_gap3_csv_provenance_keys_match_contract_registration 
-------------------------------- live log call ---------------------------------
02:15:00 [INFO] [2c4e2b2f] POST /api/v1/case/import-events/csv - 200 - 0.005s
02:15:00 [INFO] HTTP Request: POST http://testserver/api/v1/case/import-events/csv "HTTP/1.1 200 OK"
PASSED                                                                   [ 15%]
tests/api/test_gap3_csv_ragged_rows.py::test_gap3_csv_ragged_long_row_rejected 
-------------------------------- live log call ---------------------------------
02:15:00 [WARNING] HTTP 400: {'kind': 'parse_error', 'message': 'CSV 欄數不齊：標頭 6 欄，但 第 1 列（7 欄）、第 2 列（7 欄） 不同。欄數不齊會讓解析結果與你看到的不一致（多出的欄可能被靜默丟棄或整列錯位），故一律拒收；請先修正檔案', 'failures': [], 'migration_hint': None, 'detail': None}
02:15:00 [INFO] [6b9b8416] POST /api/v1/case/import-events/csv - 400 - 0.002s
02:15:00 [INFO] HTTP Request: POST http://testserver/api/v1/case/import-events/csv "HTTP/1.1 400 Bad Request"
PASSED                                                                   [ 15%]
tests/api/test_gap3_csv_ragged_rows.py::test_gap3_csv_ragged_default_pandas_would_shift_left_silently PASSED [ 16%]
tests/api/test_gap3_csv_ragged_rows.py::test_gap3_csv_ragged_even_rows_accepted 
-------------------------------- live log call ---------------------------------
02:15:00 [INFO] [8e5777c1] POST /api/v1/case/import-events/csv - 200 - 0.004s
02:15:00 [INFO] HTTP Request: POST http://testserver/api/v1/case/import-events/csv "HTTP/1.1 200 OK"
PASSED                                                                   [ 16%]
tests/api/test_gap3_csv_ragged_rows.py::test_gap3_csv_ragged_short_row_rejected 
-------------------------------- live log call ---------------------------------
02:15:00 [WARNING] HTTP 400: {'kind': 'parse_error', 'message': 'CSV 欄數不齊：標頭 6 欄，但 第 1 列（4 欄）、第 2 列（4 欄） 不同。欄數不齊會讓解析結果與你看到的不一致（多出的欄可能被靜默丟棄或整列錯位），故一律拒收；請先修正檔案', 'failures': [], 'migration_hint': None, 'detail': None}
02:15:00 [INFO] [620eba74] POST /api/v1/case/import-events/csv - 400 - 0.002s
02:15:00 [INFO] HTTP Request: POST http://testserver/api/v1/case/import-events/csv "HTTP/1.1 400 Bad Request"
PASSED                                                                   [ 16%]
tests/api/test_gap3_csv_ragged_rows.py::test_gap3_csv_ragged_trailing_empty_is_fail_closed 
-------------------------------- live log call ---------------------------------
02:15:00 [WARNING] HTTP 400: {'kind': 'parse_error', 'message': 'CSV 欄數不齊：標頭 6 欄，但 第 1 列（7 欄）、第 2 列（7 欄） 不同。欄數不齊會讓解析結果與你看到的不一致（多出的欄可能被靜默丟棄或整列錯位），故一律拒收；請先修正檔案', 'failures': [], 'migration_hint': None, 'detail': None}
02:15:00 [INFO] [4281221b] POST /api/v1/case/import-events/csv - 400 - 0.002s
02:15:00 [INFO] HTTP Request: POST http://testserver/api/v1/case/import-events/csv "HTTP/1.1 400 Bad Request"
PASSED                                                                   [ 17%]
tests/api/test_gap3_csv_ragged_rows.py::test_gap3_csv_ragged_header_only_not_blocked_by_width_guard 
-------------------------------- live log call ---------------------------------
02:15:00 [WARNING] HTTP 422: {'kind': 'contract_violation', 'message': '1 筆契約違規（逐列 reason 見 failures；字面＝event_import_contract.json）', 'failures': [{'row': None, 'event_id': None, 'field': None, 'reason': 'empty_import', 'message': None}], 'migration_hint': {'endpoint': '/api/v1/case/import-events', 'required_fields_absent': ['event_id', 'symbol', 'timeframe', 't0', 'decision_offset_bars', 'entry_price_semantic', 'direction', 'scenario', 'label', 'label_definition', 'control_kind', 'source_file_digest', 'data_snapshot_digest'], 'field_mapping': {'timestamp(秒)': 't0(epoch ms UTC；錨定 TF bar open)', 'Positive_case': 'label(0/1)', 'symbol': 'symbol', 'timeframe': 'timeframe(錨定 TF，必填)'}, 'contract': 'momentum/Analysis/contracts/event_import_contract.json', 'note': '舊 cases.json 不遷移；新 schema 須逐列附 label_definition/control_kind/digest 等欄位'}, 'detail': None}
02:15:00 [INFO] [78d34991] POST /api/v1/case/import-events/csv - 422 - 0.004s
02:15:00 [INFO] HTTP Request: POST http://testserver/api/v1/case/import-events/csv "HTTP/1.1 422 Unprocessable Entity"
PASSED                                                                   [ 17%]
tests/api/test_gap3_csv_ragged_rows.py::test_gap3_csv_ragged_blank_lines_accepted[blank_middle] 
-------------------------------- live log call ---------------------------------
02:15:00 [INFO] [de31dabc] POST /api/v1/case/import-events/csv - 200 - 0.004s
02:15:00 [INFO] HTTP Request: POST http://testserver/api/v1/case/import-events/csv "HTTP/1.1 200 OK"
PASSED                                                                   [ 17%]
tests/api/test_gap3_csv_ragged_rows.py::test_gap3_csv_ragged_blank_lines_accepted[blank_trailing] 
-------------------------------- live log call ---------------------------------
02:15:00 [INFO] [e13c129e] POST /api/v1/case/import-events/csv - 200 - 0.004s
02:15:00 [INFO] HTTP Request: POST http://testserver/api/v1/case/import-events/csv "HTTP/1.1 200 OK"
PASSED                                                                   [ 18%]
tests/api/test_gap3_csv_ragged_rows.py::test_gap3_csv_ragged_blank_lines_accepted[whitespace_only_line] 
-------------------------------- live log call ---------------------------------
02:15:00 [INFO] [1e7061cf] POST /api/v1/case/import-events/csv - 200 - 0.004s
02:15:00 [INFO] HTTP Request: POST http://testserver/api/v1/case/import-events/csv "HTTP/1.1 200 OK"
PASSED                                                                   [ 18%]
tests/api/test_gap3_csv_ragged_rows.py::test_gap3_csv_ragged_short_all_empty_row_still_counts_as_width_violation 
-------------------------------- live log call ---------------------------------
02:15:00 [WARNING] HTTP 400: {'kind': 'parse_error', 'message': 'CSV 欄數不齊：標頭 6 欄，但 第 3 列（3 欄） 不同。欄數不齊會讓解析結果與你看到的不一致（多出的欄可能被靜默丟棄或整列錯位），故一律拒收；請先修正檔案', 'failures': [], 'migration_hint': None, 'detail': None}
02:15:00 [INFO] [224776a8] POST /api/v1/case/import-events/csv - 400 - 0.002s
02:15:00 [INFO] HTTP Request: POST http://testserver/api/v1/case/import-events/csv "HTTP/1.1 400 Bad Request"
PASSED                                                                   [ 18%]
tests/api/test_gap3_csv_ragged_rows.py::test_gap3_csv_ragged_full_width_all_empty_row_is_a_data_row 
-------------------------------- live log call ---------------------------------
02:15:00 [WARNING] HTTP 422: {'kind': 'contract_violation', 'message': '6 筆契約違規（逐列 reason 見 failures；字面＝event_import_contract.json）', 'failures': [{'row': 2, 'event_id': None, 'field': 'event_id', 'reason': 'missing_required_field', 'message': None}, {'row': 2, 'event_id': None, 'field': 'symbol', 'reason': 'missing_required_field', 'message': None}, {'row': 2, 'event_id': None, 'field': 'timeframe', 'reason': 'missing_required_field', 'message': None}, {'row': 2, 'event_id': None, 'field': 't0', 'reason': 'missing_required_field', 'message': None}, {'row': 2, 'event_id': None, 'field': 'label', 'reason': 'missing_required_field', 'message': None}, {'row': 2, 'event_id': None, 'field': 'source_file_digest', 'reason': 'missing_required_field', 'message': None}], 'migration_hint': {'endpoint': '/api/v1/case/import-events', 'required_fields_absent': ['decision_offset_bars', 'entry_price_semantic', 'direction', 'scenario', 'label_definition', 'control_kind', 'data_snapshot_digest'], 'field_mapping': {'timestamp(秒)': 't0(epoch ms UTC；錨定 TF bar open)', 'Positive_case': 'label(0/1)', 'symbol': 'symbol', 'timeframe': 'timeframe(錨定 TF，必填)'}, 'contract': 'momentum/Analysis/contracts/event_import_contract.json', 'note': '舊 cases.json 不遷移；新 schema 須逐列附 label_definition/control_kind/digest 等欄位'}, 'detail': None}
02:15:00 [INFO] [91038f19] POST /api/v1/case/import-events/csv - 422 - 0.004s
02:15:00 [INFO] HTTP Request: POST http://testserver/api/v1/case/import-events/csv "HTTP/1.1 422 Unprocessable Entity"
PASSED                                                                   [ 19%]
tests/api/test_gap3_csv_ragged_rows.py::test_gap3_csv_ragged_lone_cr_line_endings_rejected_with_reason 
-------------------------------- live log call ---------------------------------
02:15:00 [WARNING] HTTP 400: {'kind': 'parse_error', 'message': 'CSV 含**不成對的 CR 換行**（舊式 Mac 換行，或 LF 檔中混入的裸 CR）。支援的行尾只有 LF 與 CRLF；引號內的 CR 視為資料、不受此限。請另存為一般換行後再上傳', 'failures': [], 'migration_hint': None, 'detail': None}
02:15:00 [INFO] [77d5150c] POST /api/v1/case/import-events/csv - 400 - 0.002s
02:15:00 [INFO] HTTP Request: POST http://testserver/api/v1/case/import-events/csv "HTTP/1.1 400 Bad Request"
PASSED                                                                   [ 19%]
tests/api/test_gap3_csv_ragged_rows.py::test_gap3_csv_ragged_mixed_lf_and_bare_cr_rejected 
-------------------------------- live log call ---------------------------------
02:15:00 [WARNING] HTTP 400: {'kind': 'parse_error', 'message': 'CSV 含**不成對的 CR 換行**（舊式 Mac 換行，或 LF 檔中混入的裸 CR）。支援的行尾只有 LF 與 CRLF；引號內的 CR 視為資料、不受此限。請另存為一般換行後再上傳', 'failures': [], 'migration_hint': None, 'detail': None}
02:15:00 [INFO] [be91a974] POST /api/v1/case/import-events/csv - 400 - 0.002s
02:15:00 [INFO] HTTP Request: POST http://testserver/api/v1/case/import-events/csv "HTTP/1.1 400 Bad Request"
PASSED                                                                   [ 20%]
tests/api/test_gap3_csv_ragged_rows.py::test_gap3_csv_ragged_quoted_cr_and_crlf_not_rejected 
-------------------------------- live log call ---------------------------------
02:15:00 [INFO] [15633865] POST /api/v1/case/import-events/csv - 200 - 0.004s
02:15:00 [INFO] HTTP Request: POST http://testserver/api/v1/case/import-events/csv "HTTP/1.1 200 OK"
PASSED                                                                   [ 20%]
tests/api/test_gap3_csv_ragged_rows.py::test_gap3_csv_ragged_quoted_cr_preserved_by_backend PASSED [ 20%]
tests/api/test_gap3_event_analysis_horizon_purge.py::test_event_analysis_horizon_purge_09a_depth_side_wins PASSED [ 21%]
tests/api/test_gap3_event_analysis_horizon_purge.py::test_event_analysis_horizon_purge_09b_window_side_wins PASSED [ 21%]
tests/api/test_gap3_event_analysis_horizon_purge.py::test_event_analysis_horizon_purge_09c_mixed_tf_converts_per_row PASSED [ 21%]
tests/api/test_gap3_event_analysis_horizon_purge.py::test_event_analysis_horizon_purge_09d_per_symbol_not_batch_scalar PASSED [ 22%]
tests/api/test_gap3_event_analysis_horizon_purge.py::test_event_analysis_horizon_purge_09_missing_key_fail_closed PASSED [ 22%]
tests/api/test_gap3_event_analysis_horizon_purge.py::test_event_analysis_horizon_purge_09_symbol_without_window_kept PASSED [ 22%]
tests/api/test_gap3_event_analysis_horizon_purge.py::test_event_analysis_horizon_purge_09f_duplicate_symbol_raises PASSED [ 23%]
tests/api/test_gap3_event_analysis_horizon_purge.py::test_event_analysis_horizon_purge_09f_exact_projection_non_max_key PASSED [ 23%]
tests/api/test_gap3_event_analysis_horizon_purge.py::test_event_analysis_horizon_purge_09f_returns_readonly_mapping PASSED [ 24%]
tests/api/test_gap3_event_analysis_horizon_purge.py::test_event_analysis_horizon_purge_11_spec_without_import_id_is_400 
-------------------------------- live log call ---------------------------------
02:15:01 [WARNING] Validation error: [{'type': 'value_error', 'loc': ('body',), 'msg': 'Value error, event_label_spec 需搭配 event_import_id（GAP-3 Task 7.0b ③）——只給分析參數而不說對哪一批，會靜默套到預設批上', 'input': {'symbol': 'ETHUSDT', 'timeframe': '12h', 'event_label_spec': {'horizon_bars': 1, 'entry_price_semantic': 'trigger_close', 'label_return_mode': 'close_to_close', 'decision_offset_bars': 0}}, 'ctx': {'error': ValueError('event_label_spec 需搭配 event_import_id（GAP-3 Task 7.0b ③）——只給分析參數而不說對哪一批，會靜默套到預設批上')}}]
02:15:01 [INFO] [73758129] POST /api/v1/ic/analyze - 422 - 0.004s
02:15:01 [INFO] HTTP Request: POST http://testserver/api/v1/ic/analyze "HTTP/1.1 422 Unprocessable Entity"
PASSED                                                                   [ 24%]
tests/api/test_gap3_event_analysis_horizon_purge.py::test_event_analysis_horizon_purge_11b_import_id_with_timestamps_is_rejected 
-------------------------------- live log call ---------------------------------
02:15:01 [WARNING] Validation error: [{'type': 'value_error', 'loc': ('body',), 'msg': 'Value error, event_import_id 與 event_timestamps 不得同時給定（GAP-3 Task 7.0b）——兩者都在指定要分析哪些事件，同時給就有兩個真相源', 'input': {'symbol': 'ETHUSDT', 'timeframe': '12h', 'event_import_id': 'imp-x', 'event_timestamps': [1704067200000]}, 'ctx': {'error': ValueError('event_import_id 與 event_timestamps 不得同時給定（GAP-3 Task 7.0b）——兩者都在指定要分析哪些事件，同時給就有兩個真相源')}}]
02:15:01 [INFO] [64d87eca] POST /api/v1/ic/analyze - 422 - 0.001s
02:15:01 [INFO] HTTP Request: POST http://testserver/api/v1/ic/analyze "HTTP/1.1 422 Unprocessable Entity"
PASSED                                                                   [ 24%]
tests/api/test_gap3_event_analysis_horizon_purge.py::test_event_analysis_horizon_purge_11c_legacy_timestamps_only_still_accepted 
-------------------------------- live log call ---------------------------------
02:15:01 [INFO] IC config loaded
02:15:01 [INFO] IC analysis task started: 8a2f2dca-9359-40f2-8e90-b201a84a6217
02:15:01 [WARNING] 未指定 config_hash，回退最新 run ETHUSDT/12h
02:15:01 [INFO] Loaded features via FeatureReader for ETHUSDT/12h: 1696 rows x 15 cols (run_status=complete)
02:15:01 [INFO] KlineStorageManager initialized: data_cache/feature_klines/kline_cache.h5
02:15:01 [INFO] [9129e61f] POST /api/v1/ic/analyze - 200 - 0.044s
02:15:01 [WARNING] Falling back to configured label horizon because labels_df is unavailable
02:15:01 [WARNING] Falling back to configured label horizon because labels_df is unavailable
02:15:01 [INFO] Data preprocessing complete: columns=15 fit_mode=train_mask oos_guarantees=True
02:15:01 [INFO] Read 1696 klines from ETHUSDT/12h in 0.003s
02:15:01 [WARNING] Falling back to configured label horizon because labels_df is unavailable
02:15:01 [INFO] Read 1696 klines from ETHUSDT/12h in 0.002s
02:15:01 [WARNING] Insufficient events: n=1
02:15:01 [INFO] IC autocorr persistent: count=15
02:15:01 [INFO] Read 1696 klines from ETHUSDT/12h in 0.003s
02:15:01 [INFO] Decay: 4/15 fit warnings summarized (low_r2=4)
02:15:08 [INFO] IC stage6b marginal_ic: status=not_applicable reason=no_survivors survivors=0 removed=0 n_regressions=0 fit_scope=train
02:15:08 [INFO] IC report saved: data_cache/reports/ic_report_ic_gatekeeper.json
02:15:08 [INFO] IC survivor output saved: data_cache/reports/ic_survivors_ic_gatekeeper.json
02:15:08 [INFO] IC report saved: data_cache/reports/ic_report_ic_gatekeeper.json
02:15:08 [INFO] HTTP Request: POST http://testserver/api/v1/ic/analyze "HTTP/1.1 200 OK"
PASSED                                                                   [ 25%]
tests/api/test_gap3_event_analysis_horizon_purge.py::test_event_analysis_horizon_purge_10i_prepare_called_once PASSED [ 25%]
tests/api/test_gap3_event_analysis_horizon_purge.py::test_event_analysis_horizon_purge_r1_full_analysis_rejects_event_batch 
-------------------------------- live log call ---------------------------------
02:15:08 [WARNING] HTTP 400: {'kind': 'event_batch_not_supported_on_full_analysis', 'message': '/full-analysis 本批不支援事件批（event_import_id）——該端點不跑 GAP-3 之五階段編排與 feature-run 涵蓋閘。請改用 POST /api/v1/ic/analyze。'}
02:15:08 [INFO] [154fb189] POST /api/v1/ic/full-analysis - 400 - 0.004s
02:15:08 [INFO] HTTP Request: POST http://testserver/api/v1/ic/full-analysis "HTTP/1.1 400 Bad Request"
PASSED                                                                   [ 25%]
tests/api/test_gap3_event_analysis_horizon_purge.py::test_event_analysis_horizon_purge_r1_cross_sectional_rejects_event_batch 
-------------------------------- live log call ---------------------------------
02:15:08 [WARNING] Validation error: [{'type': 'value_error', 'loc': ('body',), 'msg': 'Value error, cross_sectional 模式本批不支援事件批（event_import_id）——橫截面分支不跑 GAP-3 之五階段編排與 feature-run 涵蓋閘', 'input': {'mode': 'cross_sectional', 'timeframe': '12h', 'symbols': ['ETHUSDT', 'BTCUSDT'], 'event_import_id': 'imp-1'}, 'ctx': {'error': ValueError('cross_sectional 模式本批不支援事件批（event_import_id）——橫截面分支不跑 GAP-3 之五階段編排與 feature-run 涵蓋閘')}}]
02:15:08 [INFO] [405b8a24] POST /api/v1/ic/analyze - 422 - 0.001s
02:15:08 [INFO] HTTP Request: POST http://testserver/api/v1/ic/analyze "HTTP/1.1 422 Unprocessable Entity"
PASSED                                                                   [ 26%]
tests/api/test_gap3_event_analysis_horizon_purge.py::test_event_analysis_horizon_purge_r1_missing_import_is_404_not_500 
-------------------------------- live log call ---------------------------------
02:15:08 [WARNING] HTTP 404: event import 'definitely-not-there' not found
02:15:08 [INFO] [864075b2] POST /api/v1/ic/analyze - 404 - 0.002s
02:15:08 [INFO] HTTP Request: POST http://testserver/api/v1/ic/analyze "HTTP/1.1 404 Not Found"
PASSED                                                                   [ 26%]
tests/api/test_gap3_event_analysis_horizon_purge.py::test_event_analysis_horizon_purge_r1_divergent_purge_is_fail_closed PASSED [ 26%]
tests/api/test_gap3_event_analysis_horizon_purge.py::test_event_analysis_horizon_purge_r1_duplicate_cutoff_is_loud PASSED [ 27%]
tests/api/test_gap3_event_analysis_horizon_purge.py::test_event_analysis_horizon_purge_r2_declaration_from_batch_receipt PASSED [ 27%]
tests/api/test_gap3_event_analysis_horizon_purge.py::test_event_analysis_horizon_purge_r1_all_alignment_failed_is_loud PASSED [ 27%]
tests/api/test_gap3_event_analysis_horizon_purge.py::test_event_analysis_horizon_purge_timeframe_seconds_identity PASSED [ 28%]
tests/api/test_gap3_event_analysis_horizon_purge.py::test_event_analysis_horizon_purge_14abd_coverage_filter_semantics PASSED [ 28%]
tests/api/test_gap3_event_analysis_horizon_purge.py::test_event_analysis_horizon_purge_12_decision_at_mapping_k3_vs_k0 PASSED [ 29%]
tests/api/test_gap3_event_batch_detail_dims.py::test_event_batch_detail_dims_01_fact_keyset_is_exactly_five 
-------------------------------- live log call ---------------------------------
02:15:09 [INFO] [e06f5348] POST /api/v1/case/import-events/json - 200 - 0.002s
02:15:09 [INFO] HTTP Request: POST http://testserver/api/v1/case/import-events/json "HTTP/1.1 200 OK"
02:15:09 [INFO] [b3863746] GET /api/v1/case/events/20260828T181509Z-760db919 - 200 - 0.001s
02:15:09 [INFO] HTTP Request: GET http://testserver/api/v1/case/events/20260828T181509Z-760db919 "HTTP/1.1 200 OK"
PASSED                                                                   [ 29%]
tests/api/test_gap3_event_batch_detail_dims.py::test_event_batch_detail_dims_02_row_arrays_shape_and_order 
-------------------------------- live log call ---------------------------------
02:15:09 [INFO] [08eb4cb9] POST /api/v1/case/import-events/json - 200 - 0.003s
02:15:09 [INFO] HTTP Request: POST http://testserver/api/v1/case/import-events/json "HTTP/1.1 200 OK"
02:15:09 [INFO] [dd429cf8] GET /api/v1/case/events/20260828T181509Z-4bdf21e9 - 200 - 0.001s
02:15:09 [INFO] HTTP Request: GET http://testserver/api/v1/case/events/20260828T181509Z-4bdf21e9 "HTTP/1.1 200 OK"
PASSED                                                                   [ 29%]
tests/api/test_gap3_event_batch_detail_dims.py::test_event_batch_detail_dims_03_no_scalar_impersonating_batch 
-------------------------------- live log call ---------------------------------
02:15:09 [INFO] [238ea6a2] POST /api/v1/case/import-events/json - 200 - 0.002s
02:15:09 [INFO] HTTP Request: POST http://testserver/api/v1/case/import-events/json "HTTP/1.1 200 OK"
02:15:09 [INFO] [96b7f1ba] GET /api/v1/case/events/20260828T181509Z-acb023e0 - 200 - 0.001s
02:15:09 [INFO] HTTP Request: GET http://testserver/api/v1/case/events/20260828T181509Z-acb023e0 "HTTP/1.1 200 OK"
PASSED                                                                   [ 30%]
tests/api/test_gap3_event_batch_detail_dims.py::test_event_batch_detail_dims_04_seeds_present_and_not_counted 
-------------------------------- live log call ---------------------------------
02:15:09 [INFO] [a2398031] POST /api/v1/case/import-events/json - 200 - 0.002s
02:15:09 [INFO] HTTP Request: POST http://testserver/api/v1/case/import-events/json "HTTP/1.1 200 OK"
02:15:09 [INFO] [1c93d2a0] GET /api/v1/case/events/20260828T181509Z-d7d689b3 - 200 - 0.001s
02:15:09 [INFO] HTTP Request: GET http://testserver/api/v1/case/events/20260828T181509Z-d7d689b3 "HTTP/1.1 200 OK"
PASSED                                                                   [ 30%]
tests/api/test_gap3_event_batch_detail_dims.py::test_event_batch_detail_dims_05_values_equal_stored_records 
-------------------------------- live log call ---------------------------------
02:15:09 [INFO] [b0cef83e] POST /api/v1/case/import-events/json - 200 - 0.002s
02:15:09 [INFO] HTTP Request: POST http://testserver/api/v1/case/import-events/json "HTTP/1.1 200 OK"
02:15:09 [INFO] [7e9228bb] GET /api/v1/case/events/20260828T181509Z-648cb725 - 200 - 0.001s
02:15:09 [INFO] HTTP Request: GET http://testserver/api/v1/case/events/20260828T181509Z-648cb725 "HTTP/1.1 200 OK"
PASSED                                                                   [ 30%]
tests/api/test_gap3_event_batch_detail_dims.py::test_event_batch_detail_dims_06_mixed_control_kind_is_null_not_majority 
-------------------------------- live log call ---------------------------------
02:15:09 [INFO] [ffc85a45] POST /api/v1/case/import-events/json - 200 - 0.002s
02:15:09 [INFO] HTTP Request: POST http://testserver/api/v1/case/import-events/json "HTTP/1.1 200 OK"
02:15:09 [INFO] [6c654bba] GET /api/v1/case/events/20260828T181509Z-89636fa7 - 200 - 0.001s
02:15:09 [INFO] HTTP Request: GET http://testserver/api/v1/case/events/20260828T181509Z-89636fa7 "HTTP/1.1 200 OK"
PASSED                                                                   [ 31%]
tests/api/test_gap3_event_batch_detail_dims.py::test_event_batch_detail_dims_07_single_control_kind_is_not_nulled 
-------------------------------- live log call ---------------------------------
02:15:09 [INFO] [7af73262] POST /api/v1/case/import-events/json - 200 - 0.002s
02:15:09 [INFO] HTTP Request: POST http://testserver/api/v1/case/import-events/json "HTTP/1.1 200 OK"
02:15:09 [INFO] [d7ecfa85] GET /api/v1/case/events/20260828T181509Z-68d690c1 - 200 - 0.001s
02:15:09 [INFO] HTTP Request: GET http://testserver/api/v1/case/events/20260828T181509Z-68d690c1 "HTTP/1.1 200 OK"
PASSED                                                                   [ 31%]
tests/api/test_gap3_event_delete.py::test_gap3_event_delete_then_get_returns_404 
-------------------------------- live log call ---------------------------------
02:15:09 [INFO] [c5d44c44] POST /api/v1/case/import-events/json - 200 - 0.002s
02:15:09 [INFO] HTTP Request: POST http://testserver/api/v1/case/import-events/json "HTTP/1.1 200 OK"
02:15:09 [INFO] [18e11ab1] GET /api/v1/case/events/20260828T181509Z-05b3e0a8 - 200 - 0.001s
02:15:09 [INFO] HTTP Request: GET http://testserver/api/v1/case/events/20260828T181509Z-05b3e0a8 "HTTP/1.1 200 OK"
02:15:09 [INFO] event import 已刪除：20260828T181509Z-05b3e0a8
02:15:09 [INFO] [7b1c23c7] DELETE /api/v1/case/events/20260828T181509Z-05b3e0a8 - 204 - 0.001s
02:15:09 [INFO] HTTP Request: DELETE http://testserver/api/v1/case/events/20260828T181509Z-05b3e0a8 "HTTP/1.1 204 No Content"
02:15:09 [WARNING] HTTP 404: event import '20260828T181509Z-05b3e0a8' not found
02:15:09 [INFO] [5020b21c] GET /api/v1/case/events/20260828T181509Z-05b3e0a8 - 404 - 0.001s
02:15:09 [INFO] HTTP Request: GET http://testserver/api/v1/case/events/20260828T181509Z-05b3e0a8 "HTTP/1.1 404 Not Found"
02:15:09 [INFO] [0f7d64a7] GET /api/v1/case/events - 200 - 0.000s
02:15:09 [INFO] HTTP Request: GET http://testserver/api/v1/case/events "HTTP/1.1 200 OK"
PASSED                                                                   [ 31%]
tests/api/test_gap3_event_delete.py::test_gap3_event_delete_leaves_zero_residue_on_disk 
-------------------------------- live log call ---------------------------------
02:15:09 [INFO] [4e11a033] POST /api/v1/case/import-events/json - 200 - 0.002s
02:15:09 [INFO] HTTP Request: POST http://testserver/api/v1/case/import-events/json "HTTP/1.1 200 OK"
02:15:09 [INFO] event import 已刪除：20260828T181509Z-1a0c7427
02:15:09 [INFO] [84f92fe7] DELETE /api/v1/case/events/20260828T181509Z-1a0c7427 - 204 - 0.001s
02:15:09 [INFO] HTTP Request: DELETE http://testserver/api/v1/case/events/20260828T181509Z-1a0c7427 "HTTP/1.1 204 No Content"
PASSED                                                                   [ 32%]
tests/api/test_gap3_event_delete.py::test_gap3_event_delete_scope_expands_with_phase1_and_phase2_artifacts 
-------------------------------- live log call ---------------------------------
02:15:09 [INFO] [7945e672] POST /api/v1/case/import-events/json - 200 - 0.002s
02:15:09 [INFO] HTTP Request: POST http://testserver/api/v1/case/import-events/json "HTTP/1.1 200 OK"
02:15:09 [INFO] event import 已刪除：20260828T181509Z-f04d47dc
02:15:09 [INFO] [4488f936] DELETE /api/v1/case/events/20260828T181509Z-f04d47dc - 204 - 0.001s
02:15:09 [INFO] HTTP Request: DELETE http://testserver/api/v1/case/events/20260828T181509Z-f04d47dc "HTTP/1.1 204 No Content"
PASSED                                                                   [ 32%]
tests/api/test_gap3_event_delete.py::test_gap3_event_delete_removes_stored_phase1_receipt_from_payload 
-------------------------------- live log call ---------------------------------
02:15:09 [INFO] [937f6d87] POST /api/v1/case/import-events/json - 200 - 0.002s
02:15:09 [INFO] HTTP Request: POST http://testserver/api/v1/case/import-events/json "HTTP/1.1 200 OK"
02:15:09 [INFO] event import 已刪除：20260828T181509Z-c41e4e58
02:15:09 [INFO] [59bcc3be] DELETE /api/v1/case/events/20260828T181509Z-c41e4e58 - 204 - 0.001s
02:15:09 [INFO] HTTP Request: DELETE http://testserver/api/v1/case/events/20260828T181509Z-c41e4e58 "HTTP/1.1 204 No Content"
PASSED                                                                   [ 32%]
tests/api/test_gap3_event_delete.py::test_gap3_event_delete_unknown_id_returns_404_not_500 
-------------------------------- live log call ---------------------------------
02:15:09 [WARNING] HTTP 404: event import 'nope' not found
02:15:09 [INFO] [43e385c2] DELETE /api/v1/case/events/nope - 404 - 0.001s
02:15:09 [INFO] HTTP Request: DELETE http://testserver/api/v1/case/events/nope "HTTP/1.1 404 Not Found"
02:15:09 [WARNING] HTTP 404: event import 'does-not-exist-at-all' not found
02:15:09 [INFO] [14a030df] DELETE /api/v1/case/events/does-not-exist-at-all - 404 - 0.001s
02:15:09 [INFO] HTTP Request: DELETE http://testserver/api/v1/case/events/does-not-exist-at-all "HTTP/1.1 404 Not Found"
PASSED                                                                   [ 33%]
tests/api/test_gap3_event_delete.py::test_gap3_event_delete_path_traversal_guard_is_at_service_layer PASSED [ 33%]
tests/api/test_gap3_event_delete.py::test_gap3_event_delete_no_delete_all_endpoint_for_events 
-------------------------------- live log call ---------------------------------
02:15:09 [INFO] [7bec3134] DELETE /api/v1/case/events - 405 - 0.001s
02:15:09 [INFO] HTTP Request: DELETE http://testserver/api/v1/case/events "HTTP/1.1 405 Method Not Allowed"
PASSED                                                                   [ 34%]
tests/api/test_gap3_event_delete.py::test_gap3_event_delete_only_targets_that_batch 
-------------------------------- live log call ---------------------------------
02:15:09 [INFO] [9a85d86e] POST /api/v1/case/import-events/json - 200 - 0.002s
02:15:09 [INFO] HTTP Request: POST http://testserver/api/v1/case/import-events/json "HTTP/1.1 200 OK"
02:15:09 [INFO] [ca24c27d] POST /api/v1/case/import-events/json - 200 - 0.002s
02:15:09 [INFO] HTTP Request: POST http://testserver/api/v1/case/import-events/json "HTTP/1.1 200 OK"
02:15:09 [INFO] event import 已刪除：20260828T181509Z-665fea2b
02:15:09 [INFO] [1e63e714] DELETE /api/v1/case/events/20260828T181509Z-665fea2b - 204 - 0.001s
02:15:09 [INFO] HTTP Request: DELETE http://testserver/api/v1/case/events/20260828T181509Z-665fea2b "HTTP/1.1 204 No Content"
02:15:09 [INFO] [71609399] GET /api/v1/case/events/20260828T181509Z-01bc8335 - 200 - 0.001s
02:15:09 [INFO] HTTP Request: GET http://testserver/api/v1/case/events/20260828T181509Z-01bc8335 "HTTP/1.1 200 OK"
02:15:09 [INFO] [1a2ecfb8] GET /api/v1/case/events - 200 - 0.001s
02:15:09 [INFO] HTTP Request: GET http://testserver/api/v1/case/events "HTTP/1.1 200 OK"
PASSED                                                                   [ 34%]
tests/api/test_gap3_event_delete.py::test_gap3_event_delete_is_not_idempotent_second_call_is_404 
-------------------------------- live log call ---------------------------------
02:15:09 [INFO] [3e942b84] POST /api/v1/case/import-events/json - 200 - 0.002s
02:15:09 [INFO] HTTP Request: POST http://testserver/api/v1/case/import-events/json "HTTP/1.1 200 OK"
02:15:09 [INFO] event import 已刪除：20260828T181509Z-f6ef1d6d
02:15:09 [INFO] [77569516] DELETE /api/v1/case/events/20260828T181509Z-f6ef1d6d - 204 - 0.001s
02:15:09 [INFO] HTTP Request: DELETE http://testserver/api/v1/case/events/20260828T181509Z-f6ef1d6d "HTTP/1.1 204 No Content"
02:15:09 [WARNING] HTTP 404: event import '20260828T181509Z-f6ef1d6d' not found
02:15:09 [INFO] [93c9204e] DELETE /api/v1/case/events/20260828T181509Z-f6ef1d6d - 404 - 0.001s
02:15:09 [INFO] HTTP Request: DELETE http://testserver/api/v1/case/events/20260828T181509Z-f6ef1d6d "HTTP/1.1 404 Not Found"
PASSED                                                                   [ 34%]
tests/api/test_gap3_event_delete.py::test_gap3_event_delete_orphan_artifact_without_payload_is_deletable 
-------------------------------- live log call ---------------------------------
02:15:09 [INFO] [41d86ed7] POST /api/v1/case/import-events/json - 200 - 0.002s
02:15:09 [INFO] HTTP Request: POST http://testserver/api/v1/case/import-events/json "HTTP/1.1 200 OK"
02:15:09 [INFO] event import 已刪除：20260828T181509Z-7f16a54d
02:15:09 [INFO] [4f8edb0b] DELETE /api/v1/case/events/20260828T181509Z-7f16a54d - 204 - 0.001s
02:15:09 [INFO] HTTP Request: DELETE http://testserver/api/v1/case/events/20260828T181509Z-7f16a54d "HTTP/1.1 204 No Content"
PASSED                                                                   [ 35%]
tests/api/test_gap3_event_delete.py::test_gap3_event_delete_symlink_dir_is_unlinked_not_followed 
-------------------------------- live log call ---------------------------------
02:15:09 [INFO] [7400e3ce] POST /api/v1/case/import-events/json - 200 - 0.002s
02:15:09 [INFO] HTTP Request: POST http://testserver/api/v1/case/import-events/json "HTTP/1.1 200 OK"
02:15:09 [INFO] event import 已刪除：20260828T181509Z-31139fdd
02:15:09 [INFO] [b3213c6a] DELETE /api/v1/case/events/20260828T181509Z-31139fdd - 204 - 0.001s
02:15:09 [INFO] HTTP Request: DELETE http://testserver/api/v1/case/events/20260828T181509Z-31139fdd "HTTP/1.1 204 No Content"
PASSED                                                                   [ 35%]
tests/api/test_gap3_event_delete.py::test_gap3_event_delete_broken_symlink_sidecar_is_removed 
-------------------------------- live log call ---------------------------------
02:15:09 [INFO] [374beedc] POST /api/v1/case/import-events/json - 200 - 0.002s
02:15:09 [INFO] HTTP Request: POST http://testserver/api/v1/case/import-events/json "HTTP/1.1 200 OK"
02:15:09 [INFO] event import 已刪除：20260828T181509Z-ac226ddc
02:15:09 [INFO] [2b90b40c] DELETE /api/v1/case/events/20260828T181509Z-ac226ddc - 204 - 0.001s
02:15:09 [INFO] HTTP Request: DELETE http://testserver/api/v1/case/events/20260828T181509Z-ac226ddc "HTTP/1.1 204 No Content"
PASSED                                                                   [ 35%]
tests/api/test_gap3_event_delete.py::test_gap3_event_delete_lone_broken_symlink_is_not_a_permanent_404 
-------------------------------- live log call ---------------------------------
02:15:09 [INFO] event import 已刪除：20260826T000000Z-deadbeef
02:15:09 [INFO] [398ea671] DELETE /api/v1/case/events/20260826T000000Z-deadbeef - 204 - 0.001s
02:15:09 [INFO] HTTP Request: DELETE http://testserver/api/v1/case/events/20260826T000000Z-deadbeef "HTTP/1.1 204 No Content"
PASSED                                                                   [ 36%]
tests/api/test_gap3_event_delete.py::test_gap3_event_delete_symlinked_storage_root_ruled_behavior 
-------------------------------- live log call ---------------------------------
02:15:09 [INFO] [462ea23f] POST /api/v1/case/import-events/json - 200 - 0.002s
02:15:09 [INFO] HTTP Request: POST http://testserver/api/v1/case/import-events/json "HTTP/1.1 200 OK"
02:15:09 [INFO] event import 已刪除：20260828T181509Z-123dc6a0
02:15:09 [INFO] [7d616e0a] DELETE /api/v1/case/events/20260828T181509Z-123dc6a0 - 204 - 0.001s
02:15:09 [INFO] HTTP Request: DELETE http://testserver/api/v1/case/events/20260828T181509Z-123dc6a0 "HTTP/1.1 204 No Content"
PASSED                                                                   [ 36%]
tests/api/test_gap3_event_delete.py::test_gap3_event_delete_residue_predicate_excludes_lookalike_names 
-------------------------------- live log call ---------------------------------
02:15:09 [INFO] [28480ad4] POST /api/v1/case/import-events/json - 200 - 0.002s
02:15:09 [INFO] HTTP Request: POST http://testserver/api/v1/case/import-events/json "HTTP/1.1 200 OK"
02:15:09 [INFO] event import 已刪除：20260828T181509Z-0e510e37
02:15:09 [INFO] [2ac75d64] DELETE /api/v1/case/events/20260828T181509Z-0e510e37 - 204 - 0.001s
02:15:09 [INFO] HTTP Request: DELETE http://testserver/api/v1/case/events/20260828T181509Z-0e510e37 "HTTP/1.1 204 No Content"
PASSED                                                                   [ 36%]
tests/api/test_gap3_export_filter_wiring.py::test_gap3_export_filter_canonical_shape_extracts_exact_columns PASSED [ 37%]
tests/api/test_gap3_export_filter_wiring.py::test_gap3_export_filter_hidden_column_in_extra_key_is_not_silently_ignored PASSED [ 37%]
tests/api/test_gap3_export_filter_wiring.py::test_gap3_export_filter_validator_rejects_bool_impersonating_int[bool_version] PASSED [ 37%]
tests/api/test_gap3_export_filter_wiring.py::test_gap3_export_filter_validator_rejects_bool_impersonating_int[bool_value] PASSED [ 38%]
tests/api/test_gap3_export_filter_wiring.py::test_gap3_export_filter_validator_does_not_raise_on_huge_int 
-------------------------------- live log call ---------------------------------
02:15:09 [INFO] [4a63c787] POST /api/v1/case/lookahead-depth - 200 - 0.002s
02:15:09 [INFO] HTTP Request: POST http://testserver/api/v1/case/lookahead-depth "HTTP/1.1 200 OK"
PASSED                                                                   [ 38%]
tests/api/test_gap3_export_filter_wiring.py::test_gap3_export_filter_canonical_shape_accepts_both_ops PASSED [ 39%]
tests/api/test_gap3_export_filter_wiring.py::test_gap3_export_filter_non_canonical_shape_is_not_trusted[bad_version] PASSED [ 39%]
tests/api/test_gap3_export_filter_wiring.py::test_gap3_export_filter_non_canonical_shape_is_not_trusted[conditions_not_list] PASSED [ 39%]
tests/api/test_gap3_export_filter_wiring.py::test_gap3_export_filter_non_canonical_shape_is_not_trusted[no_column] PASSED [ 40%]
tests/api/test_gap3_export_filter_wiring.py::test_gap3_export_filter_non_canonical_shape_is_not_trusted[empty_column] PASSED [ 40%]
tests/api/test_gap3_export_filter_wiring.py::test_gap3_export_filter_non_canonical_shape_is_not_trusted[opaque_expr] PASSED [ 40%]
tests/api/test_gap3_export_filter_wiring.py::test_gap3_export_filter_non_canonical_shape_is_not_trusted[not_mapping] PASSED [ 41%]
tests/api/test_gap3_export_filter_wiring.py::test_gap3_export_filter_non_canonical_shape_is_not_trusted[combinator_or] PASSED [ 41%]
tests/api/test_gap3_export_filter_wiring.py::test_gap3_export_filter_non_canonical_shape_is_not_trusted[bogus_op] PASSED [ 41%]
tests/api/test_gap3_export_filter_wiring.py::test_gap3_export_filter_non_canonical_shape_is_not_trusted[extra_key_hiding_column] PASSED [ 42%]
tests/api/test_gap3_export_filter_wiring.py::test_gap3_export_filter_non_canonical_shape_is_not_trusted[missing_value] PASSED [ 42%]
tests/api/test_gap3_export_filter_wiring.py::test_gap3_export_filter_non_canonical_shape_is_not_trusted[reversed_range] PASSED [ 43%]
tests/api/test_gap3_export_filter_wiring.py::test_gap3_export_filter_non_canonical_shape_is_not_trusted[nan_value] PASSED [ 43%]
tests/api/test_gap3_export_filter_wiring.py::test_gap3_export_filter_non_canonical_shape_is_not_trusted[top_level_extra_key] PASSED [ 43%]
tests/api/test_gap3_export_filter_wiring.py::test_gap3_export_filter_canonical_empty_conditions_no_longer_forces_declaration PASSED [ 44%]
tests/api/test_gap3_export_filter_wiring.py::test_gap3_export_filter_unextractable_shape_still_forces_declaration PASSED [ 44%]
tests/api/test_gap3_export_filter_wiring.py::test_gap3_export_filter_one_bad_row_makes_whole_batch_fail_closed PASSED [ 44%]
tests/api/test_gap3_export_filter_wiring.py::test_gap3_export_filter_lookahead_depth_endpoint_derives_bound_per_timeframe 
-------------------------------- live log call ---------------------------------
02:15:09 [INFO] [d5a9de52] POST /api/v1/case/lookahead-depth - 200 - 0.001s
02:15:09 [INFO] HTTP Request: POST http://testserver/api/v1/case/lookahead-depth "HTTP/1.1 200 OK"
PASSED                                                                   [ 45%]
tests/api/test_gap3_export_filter_wiring.py::test_gap3_export_filter_lookahead_depth_takes_max_of_declared_and_referenced 
-------------------------------- live log call ---------------------------------
02:15:09 [INFO] [da112bd7] POST /api/v1/case/lookahead-depth - 200 - 0.001s
02:15:09 [INFO] HTTP Request: POST http://testserver/api/v1/case/lookahead-depth "HTTP/1.1 200 OK"
02:15:09 [INFO] [0304c795] POST /api/v1/case/lookahead-depth - 200 - 0.001s
02:15:09 [INFO] HTTP Request: POST http://testserver/api/v1/case/lookahead-depth "HTTP/1.1 200 OK"
PASSED                                                                   [ 45%]
tests/api/test_gap3_export_filter_wiring.py::test_gap3_export_filter_lookahead_depth_fail_closed_on_missing_timeframe_key 
-------------------------------- live log call ---------------------------------
02:15:09 [WARNING] HTTP 422: {'kind': 'lookahead_declaration_invalid', 'message': 'declared_window_bars 缺 timeframe 之鍵："declared_window_bars 缺 timeframe \'12h\'（fail-closed：不得以 1 或其他 tf 之值默認替代）"', 'failures': [], 'migration_hint': None, 'detail': None}
02:15:09 [INFO] [5fc4d3a3] POST /api/v1/case/lookahead-depth - 422 - 0.001s
02:15:09 [INFO] HTTP Request: POST http://testserver/api/v1/case/lookahead-depth "HTTP/1.1 422 Unprocessable Entity"
PASSED                                                                   [ 45%]
tests/api/test_gap3_export_filter_wiring.py::test_gap3_export_filter_unregistered_future_column_is_fail_closed 
-------------------------------- live log call ---------------------------------
02:15:09 [WARNING] HTTP 422: {'kind': 'lookahead_depth_unresolvable', 'message': "timeframe '12h' 之下列引用欄深度不可由 registry 導出: ['future_999bar_return']（依 D-7 走 Task 1.11 之 L2 強制宣告，本函式不猜）", 'failures': [], 'migration_hint': None, 'detail': None}
02:15:09 [INFO] [8eabda5b] POST /api/v1/case/lookahead-depth - 422 - 0.001s
02:15:09 [INFO] HTTP Request: POST http://testserver/api/v1/case/lookahead-depth "HTTP/1.1 422 Unprocessable Entity"
PASSED                                                                   [ 46%]
tests/api/test_gap3_export_filter_wiring.py::test_gap3_export_filter_present_time_column_contributes_zero_depth[price_change] 
-------------------------------- live log call ---------------------------------
02:15:09 [INFO] [4442155a] POST /api/v1/case/lookahead-depth - 200 - 0.001s
02:15:09 [INFO] HTTP Request: POST http://testserver/api/v1/case/lookahead-depth "HTTP/1.1 200 OK"
PASSED                                                                   [ 46%]
tests/api/test_gap3_export_filter_wiring.py::test_gap3_export_filter_present_time_column_contributes_zero_depth[volume_multiplier] 
-------------------------------- live log call ---------------------------------
02:15:09 [INFO] [fe0111ca] POST /api/v1/case/lookahead-depth - 200 - 0.001s
02:15:09 [INFO] HTTP Request: POST http://testserver/api/v1/case/lookahead-depth "HTTP/1.1 200 OK"
PASSED                                                                   [ 46%]
tests/api/test_gap3_export_filter_wiring.py::test_gap3_export_filter_present_time_column_contributes_zero_depth[closing_strength] 
-------------------------------- live log call ---------------------------------
02:15:09 [INFO] [296cd65d] POST /api/v1/case/lookahead-depth - 200 - 0.001s
02:15:09 [INFO] HTTP Request: POST http://testserver/api/v1/case/lookahead-depth "HTTP/1.1 200 OK"
PASSED                                                                   [ 47%]
tests/api/test_gap3_export_filter_wiring.py::test_gap3_export_filter_present_time_column_contributes_zero_depth[my_custom_signal] 
-------------------------------- live log call ---------------------------------
02:15:09 [INFO] [58a29058] POST /api/v1/case/lookahead-depth - 200 - 0.001s
02:15:09 [INFO] HTTP Request: POST http://testserver/api/v1/case/lookahead-depth "HTTP/1.1 200 OK"
PASSED                                                                   [ 47%]
tests/api/test_gap3_export_filter_wiring.py::test_gap3_export_filter_end_to_end_condition_object_to_lower_bound 
-------------------------------- live log call ---------------------------------
02:15:09 [INFO] [16369229] POST /api/v1/case/lookahead-depth - 200 - 0.001s
02:15:09 [INFO] HTTP Request: POST http://testserver/api/v1/case/lookahead-depth "HTTP/1.1 200 OK"
PASSED                                                                   [ 48%]
tests/api/test_gap3_export_filter_wiring.py::test_gap3_export_filter_carry_columns_must_not_raise_the_bound 
-------------------------------- live log call ---------------------------------
02:15:09 [INFO] [340862b0] POST /api/v1/case/lookahead-depth - 200 - 0.001s
02:15:09 [INFO] HTTP Request: POST http://testserver/api/v1/case/lookahead-depth "HTTP/1.1 200 OK"
PASSED                                                                   [ 48%]
tests/api/test_gap3_feature_coverage_gate.py::test_feature_coverage_gate_01_runinfo_declares_time_range PASSED [ 48%]
tests/api/test_gap3_feature_coverage_gate.py::test_feature_coverage_gate_01c_list_runs_actually_carries_time_range 
-------------------------------- live log call ---------------------------------
02:15:09 [INFO] Loaded feature registry with 19 entries
PASSED                                                                   [ 49%]
tests/api/test_gap3_feature_coverage_gate.py::test_feature_coverage_gate_01b_real_manifest_values_are_strings_or_none PASSED [ 49%]
tests/api/test_gap3_feature_coverage_gate.py::test_feature_coverage_gate_02_contract_reasons_final_set PASSED [ 49%]
tests/api/test_gap3_feature_coverage_gate.py::test_feature_coverage_gate_03_fully_covered_passes PASSED [ 50%]
tests/api/test_gap3_feature_coverage_gate.py::test_feature_coverage_gate_04_left_bound_uses_decision_at_not_t0 PASSED [ 50%]
tests/api/test_gap3_feature_coverage_gate.py::test_feature_coverage_gate_05_right_bound_includes_label_window PASSED [ 50%]
tests/api/test_gap3_feature_coverage_gate.py::test_feature_coverage_gate_06_per_row_timeframe_not_batch_scalar PASSED [ 51%]
tests/api/test_gap3_feature_coverage_gate.py::test_feature_coverage_gate_07_mixed_tf_matches_per_row_evaluation PASSED [ 51%]
tests/api/test_gap3_feature_coverage_gate.py::test_feature_coverage_gate_08_unknown_timeframe_uses_injected_keyset PASSED [ 51%]
tests/api/test_gap3_feature_coverage_gate.py::test_feature_coverage_gate_09_legacy_none_pair PASSED [ 52%]
tests/api/test_gap3_feature_coverage_gate.py::test_feature_coverage_gate_09b_missing_key_same_as_legacy[None] PASSED [ 52%]
tests/api/test_gap3_feature_coverage_gate.py::test_feature_coverage_gate_09b_missing_key_same_as_legacy[missing1] PASSED [ 53%]
tests/api/test_gap3_feature_coverage_gate.py::test_feature_coverage_gate_09b_missing_key_same_as_legacy[missing2] PASSED [ 53%]
tests/api/test_gap3_feature_coverage_gate.py::test_feature_coverage_gate_09b_missing_key_same_as_legacy[not-a-dict] PASSED [ 53%]
tests/api/test_gap3_feature_coverage_gate.py::test_feature_coverage_gate_09b_over_present_keys_pass[present0] PASSED [ 54%]
tests/api/test_gap3_feature_coverage_gate.py::test_feature_coverage_gate_09b_over_present_keys_pass[present1] PASSED [ 54%]
tests/api/test_gap3_feature_coverage_gate.py::test_feature_coverage_gate_09c_tz_naive_iso_rejected PASSED [ 54%]
tests/api/test_gap3_feature_coverage_gate.py::test_feature_coverage_gate_10_epoch_second_strings_parse PASSED [ 55%]
tests/api/test_gap3_feature_coverage_gate.py::test_feature_coverage_gate_11_out_of_range_epoch_rejected PASSED [ 55%]
tests/api/test_gap3_feature_coverage_gate.py::test_feature_coverage_gate_12_empty_windows_is_not_an_error PASSED [ 55%]
tests/api/test_gap3_heterogeneous_rows.py::test_gap3_heterogeneous_rows_direction_rejected_with_first_three_rows 
-------------------------------- live log call ---------------------------------
02:15:12 [WARNING] HTTP 422: {'kind': 'contract_violation', 'message': '4 筆契約違規（逐列 reason 見 failures；字面＝event_import_contract.json）', 'failures': [{'row': None, 'event_id': None, 'field': 'direction', 'reason': 'direction_mixed_in_batch', 'message': None}, {'row': 1, 'event_id': 'ETHUSDT:12h:1704110400000', 'field': 'direction', 'reason': 'heterogeneous_rows_in_batch', 'message': "heterogeneous_rows_in_batch: 欄 'direction' 列間不一致；前 3 個衝突列號＝[1, 2, 3]（共 4 列與首列 0 不同）。不自動分批、不套用第一列之值；請拆批或以 batch_defaults 指定 'direction'"}, {'row': 2, 'event_id': 'ETHUSDT:12h:1704153600000', 'field': 'direction', 'reason': 'heterogeneous_rows_in_batch', 'message': "heterogeneous_rows_in_batch: 欄 'direction' 列間不一致；前 3 個衝突列號＝[1, 2, 3]（共 4 列與首列 0 不同）。不自動分批、不套用第一列之值；請拆批或以 batch_defaults 指定 'direction'"}, {'row': 3, 'event_id': 'ETHUSDT:12h:1704196800000', 'field': 'direction', 'reason': 'heterogeneous_rows_in_batch', 'message': "heterogeneous_rows_in_batch: 欄 'direction' 列間不一致；前 3 個衝突列號＝[1, 2, 3]（共 4 列與首列 0 不同）。不自動分批、不套用第一列之值；請拆批或以 batch_defaults 指定 'direction'"}], 'migration_hint': None, 'detail': None}
02:15:12 [INFO] [5d50b1aa] POST /api/v1/case/import-events/json - 422 - 0.002s
02:15:12 [INFO] HTTP Request: POST http://testserver/api/v1/case/import-events/json "HTTP/1.1 422 Unprocessable Entity"
02:15:12 [INFO] [51133ca0] GET /api/v1/case/events - 200 - 0.000s
02:15:12 [INFO] HTTP Request: GET http://testserver/api/v1/case/events "HTTP/1.1 200 OK"
PASSED                                                                   [ 56%]
tests/api/test_gap3_heterogeneous_rows.py::test_gap3_heterogeneous_rows_scenario_mixed_under_batch_defaults 
-------------------------------- live log call ---------------------------------
02:15:12 [WARNING] HTTP 422: {'kind': 'contract_violation', 'message': '3 筆契約違規（逐列 reason 見 failures；字面＝event_import_contract.json）', 'failures': [{'row': 1, 'event_id': 'ETHUSDT:12h:1704110400000', 'field': 'scenario', 'reason': 'heterogeneous_rows_in_batch', 'message': "heterogeneous_rows_in_batch: 欄 'scenario' 列間不一致；前 3 個衝突列號＝[1, 2, 3]（共 3 列與首列 0 不同）。不自動分批、不套用第一列之值；請拆批或以 batch_defaults 指定 'scenario'"}, {'row': 2, 'event_id': 'ETHUSDT:12h:1704153600000', 'field': 'scenario', 'reason': 'heterogeneous_rows_in_batch', 'message': "heterogeneous_rows_in_batch: 欄 'scenario' 列間不一致；前 3 個衝突列號＝[1, 2, 3]（共 3 列與首列 0 不同）。不自動分批、不套用第一列之值；請拆批或以 batch_defaults 指定 'scenario'"}, {'row': 3, 'event_id': 'ETHUSDT:12h:1704196800000', 'field': 'scenario', 'reason': 'heterogeneous_rows_in_batch', 'message': "heterogeneous_rows_in_batch: 欄 'scenario' 列間不一致；前 3 個衝突列號＝[1, 2, 3]（共 3 列與首列 0 不同）。不自動分批、不套用第一列之值；請拆批或以 batch_defaults 指定 'scenario'"}], 'migration_hint': None, 'detail': None}
02:15:12 [INFO] [c4529fc6] POST /api/v1/case/import-events/json - 422 - 0.002s
02:15:12 [INFO] HTTP Request: POST http://testserver/api/v1/case/import-events/json "HTTP/1.1 422 Unprocessable Entity"
02:15:12 [INFO] [a5f10b48] GET /api/v1/case/events - 200 - 0.000s
02:15:12 [INFO] HTTP Request: GET http://testserver/api/v1/case/events "HTTP/1.1 200 OK"
PASSED                                                                   [ 56%]
tests/api/test_gap3_heterogeneous_rows.py::test_gap3_heterogeneous_rows_label_definition_mixed 
-------------------------------- live log call ---------------------------------
02:15:12 [WARNING] HTTP 422: {'kind': 'contract_violation', 'message': '3 筆契約違規（逐列 reason 見 failures；字面＝event_import_contract.json）', 'failures': [{'row': 1, 'event_id': 'ETHUSDT:12h:1704110400000', 'field': 'label_definition', 'reason': 'heterogeneous_rows_in_batch', 'message': "heterogeneous_rows_in_batch: 欄 'label_definition' 列間不一致；前 3 個衝突列號＝[1, 2, 3]（共 3 列與首列 0 不同）。不自動分批、不套用第一列之值；請拆批或以 batch_defaults 指定 'label_definition'"}, {'row': 2, 'event_id': 'ETHUSDT:12h:1704153600000', 'field': 'label_definition', 'reason': 'heterogeneous_rows_in_batch', 'message': "heterogeneous_rows_in_batch: 欄 'label_definition' 列間不一致；前 3 個衝突列號＝[1, 2, 3]（共 3 列與首列 0 不同）。不自動分批、不套用第一列之值；請拆批或以 batch_defaults 指定 'label_definition'"}, {'row': 3, 'event_id': 'ETHUSDT:12h:1704196800000', 'field': 'label_definition', 'reason': 'heterogeneous_rows_in_batch', 'message': "heterogeneous_rows_in_batch: 欄 'label_definition' 列間不一致；前 3 個衝突列號＝[1, 2, 3]（共 3 列與首列 0 不同）。不自動分批、不套用第一列之值；請拆批或以 batch_defaults 指定 'label_definition'"}], 'migration_hint': None, 'detail': None}
02:15:12 [INFO] [fa4dc40c] POST /api/v1/case/import-events/json - 422 - 0.001s
02:15:12 [INFO] HTTP Request: POST http://testserver/api/v1/case/import-events/json "HTTP/1.1 422 Unprocessable Entity"
02:15:12 [INFO] [024be950] GET /api/v1/case/events - 200 - 0.000s
02:15:12 [INFO] HTTP Request: GET http://testserver/api/v1/case/events "HTTP/1.1 200 OK"
PASSED                                                                   [ 56%]
tests/api/test_gap3_heterogeneous_rows.py::test_gap3_heterogeneous_rows_batch_defaults_fill_absent_is_accepted 
-------------------------------- live log call ---------------------------------
02:15:12 [INFO] [e1e470c9] POST /api/v1/case/import-events/json - 200 - 0.002s
02:15:12 [INFO] HTTP Request: POST http://testserver/api/v1/case/import-events/json "HTTP/1.1 200 OK"
02:15:12 [INFO] [abace33a] GET /api/v1/case/events - 200 - 0.001s
02:15:12 [INFO] HTTP Request: GET http://testserver/api/v1/case/events "HTTP/1.1 200 OK"
PASSED                                                                   [ 57%]
tests/api/test_gap3_heterogeneous_rows.py::test_gap3_heterogeneous_rows_no_silent_first_row_broadcast 
-------------------------------- live log call ---------------------------------
02:15:12 [WARNING] HTTP 422: {'kind': 'contract_violation', 'message': '4 筆契約違規（逐列 reason 見 failures；字面＝event_import_contract.json）', 'failures': [{'row': None, 'event_id': None, 'field': 'direction', 'reason': 'direction_mixed_in_batch', 'message': None}, {'row': 1, 'event_id': 'ETHUSDT:12h:1704110400000', 'field': 'direction', 'reason': 'heterogeneous_rows_in_batch', 'message': "heterogeneous_rows_in_batch: 欄 'direction' 列間不一致；前 3 個衝突列號＝[1, 2, 3]（共 3 列與首列 0 不同）。不自動分批、不套用第一列之值；請拆批或以 batch_defaults 指定 'direction'"}, {'row': 2, 'event_id': 'ETHUSDT:12h:1704153600000', 'field': 'direction', 'reason': 'heterogeneous_rows_in_batch', 'message': "heterogeneous_rows_in_batch: 欄 'direction' 列間不一致；前 3 個衝突列號＝[1, 2, 3]（共 3 列與首列 0 不同）。不自動分批、不套用第一列之值；請拆批或以 batch_defaults 指定 'direction'"}, {'row': 3, 'event_id': 'ETHUSDT:12h:1704196800000', 'field': 'direction', 'reason': 'heterogeneous_rows_in_batch', 'message': "heterogeneous_rows_in_batch: 欄 'direction' 列間不一致；前 3 個衝突列號＝[1, 2, 3]（共 3 列與首列 0 不同）。不自動分批、不套用第一列之值；請拆批或以 batch_defaults 指定 'direction'"}], 'migration_hint': None, 'detail': None}
02:15:12 [INFO] [47464d82] POST /api/v1/case/import-events/json - 422 - 0.002s
02:15:12 [INFO] HTTP Request: POST http://testserver/api/v1/case/import-events/json "HTTP/1.1 422 Unprocessable Entity"
02:15:12 [INFO] [1f6293d6] GET /api/v1/case/events - 200 - 0.000s
02:15:12 [INFO] HTTP Request: GET http://testserver/api/v1/case/events "HTTP/1.1 200 OK"
02:15:12 [WARNING] HTTP 422: {'kind': 'contract_violation', 'message': '4 筆契約違規（逐列 reason 見 failures；字面＝event_import_contract.json）', 'failures': [{'row': None, 'event_id': None, 'field': 'direction', 'reason': 'direction_mixed_in_batch', 'message': None}, {'row': 1, 'event_id': 'ETHUSDT:12h:1704110400000', 'field': 'direction', 'reason': 'heterogeneous_rows_in_batch', 'message': "heterogeneous_rows_in_batch: 欄 'direction' 列間不一致；前 3 個衝突列號＝[1, 2, 3]（共 3 列與首列 0 不同）。不自動分批、不套用第一列之值；請拆批或以 batch_defaults 指定 'direction'"}, {'row': 2, 'event_id': 'ETHUSDT:12h:1704153600000', 'field': 'direction', 'reason': 'heterogeneous_rows_in_batch', 'message': "heterogeneous_rows_in_batch: 欄 'direction' 列間不一致；前 3 個衝突列號＝[1, 2, 3]（共 3 列與首列 0 不同）。不自動分批、不套用第一列之值；請拆批或以 batch_defaults 指定 'direction'"}, {'row': 3, 'event_id': 'ETHUSDT:12h:1704196800000', 'field': 'direction', 'reason': 'heterogeneous_rows_in_batch', 'message': "heterogeneous_rows_in_batch: 欄 'direction' 列間不一致；前 3 個衝突列號＝[1, 2, 3]（共 3 列與首列 0 不同）。不自動分批、不套用第一列之值；請拆批或以 batch_defaults 指定 'direction'"}], 'migration_hint': None, 'detail': None}
02:15:12 [INFO] [7ae889f9] POST /api/v1/case/import-events/json - 422 - 0.001s
02:15:12 [INFO] HTTP Request: POST http://testserver/api/v1/case/import-events/json "HTTP/1.1 422 Unprocessable Entity"
02:15:12 [INFO] [615f4296] GET /api/v1/case/events - 200 - 0.000s
02:15:12 [INFO] HTTP Request: GET http://testserver/api/v1/case/events "HTTP/1.1 200 OK"
PASSED                                                                   [ 57%]
tests/api/test_gap3_heterogeneous_rows.py::test_gap3_heterogeneous_rows_homogeneous_batch_unaffected 
-------------------------------- live log call ---------------------------------
02:15:12 [INFO] [e39ffdb6] POST /api/v1/case/import-events/json - 200 - 0.002s
02:15:12 [INFO] HTTP Request: POST http://testserver/api/v1/case/import-events/json "HTTP/1.1 200 OK"
02:15:12 [INFO] [ca630c51] GET /api/v1/case/events - 200 - 0.001s
02:15:12 [INFO] HTTP Request: GET http://testserver/api/v1/case/events "HTTP/1.1 200 OK"
PASSED                                                                   [ 58%]
tests/api/test_gap3_horizon_declaration.py::test_gap3_horizon_declaration_01_default_is_max_available_horizon 
-------------------------------- live log call ---------------------------------
02:15:12 [INFO] [7ca6c75a] POST /api/v1/case/import-events/lookahead-declaration - 200 - 0.003s
02:15:12 [INFO] HTTP Request: POST http://testserver/api/v1/case/import-events/lookahead-declaration "HTTP/1.1 200 OK"
PASSED                                                                   [ 58%]
tests/api/test_gap3_horizon_declaration.py::test_gap3_horizon_declaration_02_lowering_without_acknowledgement_is_fail_closed 
-------------------------------- live log call ---------------------------------
02:15:12 [WARNING] HTTP 400: {'kind': 'lookahead_declaration_unacknowledged_lowering', 'message': "宣告值低於檔內最大可用 horizon（{'12h': 12}），須勾選「我的篩選條件未用到超過第 N 根」之聲明才可調低；該聲明無法由系統驗證，錯報將導致資料洩漏", 'failures': [], 'migration_hint': None, 'detail': {'lowered_timeframes': ['12h'], 'default_window_bars': {'12h': 12}, 'declared_window_bars': {'12h': 4}}}
02:15:12 [INFO] [4d2e0b5a] POST /api/v1/case/import-events/csv - 400 - 0.004s
02:15:12 [INFO] HTTP Request: POST http://testserver/api/v1/case/import-events/csv "HTTP/1.1 400 Bad Request"
02:15:12 [INFO] [26e5aa1e] GET /api/v1/case/events - 200 - 0.000s
02:15:12 [INFO] HTTP Request: GET http://testserver/api/v1/case/events "HTTP/1.1 200 OK"
02:15:12 [INFO] [f657aafb] POST /api/v1/case/import-events/csv - 200 - 0.005s
02:15:12 [INFO] HTTP Request: POST http://testserver/api/v1/case/import-events/csv "HTTP/1.1 200 OK"
02:15:12 [INFO] [0e92b76e] GET /api/v1/case/events - 200 - 0.001s
02:15:12 [INFO] HTTP Request: GET http://testserver/api/v1/case/events "HTTP/1.1 200 OK"
PASSED                                                                   [ 58%]
tests/api/test_gap3_horizon_declaration.py::test_gap3_horizon_declaration_03_embargo_matches_declared_bars_on_1h 
-------------------------------- live log call ---------------------------------
02:15:12 [INFO] [14ac8464] POST /api/v1/case/import-events/csv - 200 - 0.004s
02:15:12 [INFO] HTTP Request: POST http://testserver/api/v1/case/import-events/csv "HTTP/1.1 200 OK"
PASSED                                                                   [ 59%]
tests/api/test_gap3_horizon_declaration.py::test_gap3_horizon_declaration_04_declaration_above_file_max_is_accepted 
-------------------------------- live log call ---------------------------------
02:15:12 [INFO] [7cff1003] POST /api/v1/case/import-events/csv - 200 - 0.005s
02:15:12 [INFO] HTTP Request: POST http://testserver/api/v1/case/import-events/csv "HTTP/1.1 200 OK"
PASSED                                                                   [ 59%]
tests/api/test_gap3_horizon_declaration.py::test_gap3_horizon_declaration_05_depth_formula_is_the_single_exported_function 
-------------------------------- live log call ---------------------------------
02:15:12 [INFO] [e18f51c2] POST /api/v1/case/import-events/csv - 200 - 0.005s
02:15:12 [INFO] HTTP Request: POST http://testserver/api/v1/case/import-events/csv "HTTP/1.1 200 OK"
PASSED                                                                   [ 59%]
tests/api/test_gap3_horizon_declaration.py::test_gap3_horizon_declaration_06_multi_timeframe_keys_are_per_tf 
-------------------------------- live log call ---------------------------------
02:15:12 [INFO] [bd4370e3] POST /api/v1/case/import-events/csv - 200 - 0.005s
02:15:12 [INFO] HTTP Request: POST http://testserver/api/v1/case/import-events/csv "HTTP/1.1 200 OK"
PASSED                                                                   [ 60%]
tests/api/test_gap3_horizon_declaration.py::test_gap3_horizon_declaration_07_declared_depth_reaches_split_embargo 
-------------------------------- live log call ---------------------------------
02:15:12 [INFO] [ff01d5bd] POST /api/v1/case/import-events/csv - 200 - 0.004s
02:15:12 [INFO] HTTP Request: POST http://testserver/api/v1/case/import-events/csv "HTTP/1.1 200 OK"
02:15:12 [INFO] [50afa946] POST /api/v1/case/events/20260828T181512Z-f73ec8fa/analyze - 200 - 0.016s
02:15:12 [INFO] HTTP Request: POST http://testserver/api/v1/case/events/20260828T181512Z-f73ec8fa/analyze "HTTP/1.1 200 OK"
PASSED                                                                   [ 60%]
tests/api/test_gap3_horizon_declaration.py::test_gap3_horizon_declaration_08_divergent_scope_bounds_are_fail_closed 
-------------------------------- live log call ---------------------------------
02:15:12 [INFO] [243274a4] POST /api/v1/case/import-events/csv - 200 - 0.005s
02:15:12 [INFO] HTTP Request: POST http://testserver/api/v1/case/import-events/csv "HTTP/1.1 200 OK"
02:15:12 [WARNING] HTTP 422: {'kind': 'pipeline_rejected', 'message': "本批各標的之答案窗宣告導出**不同**的 purge 下界（{'BTCUSDT': 86400000, 'ETHUSDT': 14400000}），而現行切分只接受單一 embargo：取最大會對窗較小的標的過度 purge、取最小會洩漏，兩者皆為錯誤，故拒絕分析（fail-closed）。逐 symbol 的隔離寬度（EventSplitConfig.embargo_ms_by_symbol）之唯一實作與驗收由 SPEC 鎖在 Task 7.0b；在那之前請將此批依 timeframe 拆成各自同質的批次再分析"}
02:15:12 [INFO] [7f5c2068] POST /api/v1/case/events/20260828T181512Z-7692ede2/analyze - 422 - 0.001s
02:15:12 [INFO] HTTP Request: POST http://testserver/api/v1/case/events/20260828T181512Z-7692ede2/analyze "HTTP/1.1 422 Unprocessable Entity"
PASSED                                                                   [ 60%]
tests/api/test_gap3_horizon_declaration.py::test_gap3_horizon_declaration_08b_equal_scope_bounds_are_accepted 
-------------------------------- live log call ---------------------------------
02:15:12 [INFO] [1594a120] POST /api/v1/case/import-events/csv - 200 - 0.004s
02:15:12 [INFO] HTTP Request: POST http://testserver/api/v1/case/import-events/csv "HTTP/1.1 200 OK"
PASSED                                                                   [ 61%]
tests/api/test_gap3_horizon_declaration.py::test_gap3_horizon_declaration_06b_single_input_applied_to_all_timeframes_is_fail_closed 
-------------------------------- live log call ---------------------------------
02:15:12 [INFO] [f181b44b] GET /api/v1/case/events - 200 - 0.000s
02:15:12 [INFO] HTTP Request: GET http://testserver/api/v1/case/events "HTTP/1.1 200 OK"
02:15:12 [WARNING] HTTP 400: {'kind': 'lookahead_declaration_invalid', 'message': "declared_window_bars 鍵集須恰為批內 timeframe 集合 ['12h', '1h']，實得 ['1h']（fail-closed：缺鍵不以其他 tf 之值默認替代，多鍵不靜默忽略）", 'failures': [], 'migration_hint': None, 'detail': {'expected_timeframes': ['12h', '1h'], 'declared_timeframes': ['1h']}}
02:15:12 [INFO] [8cb2789e] POST /api/v1/case/import-events/csv - 400 - 0.003s
02:15:12 [INFO] HTTP Request: POST http://testserver/api/v1/case/import-events/csv "HTTP/1.1 400 Bad Request"
02:15:12 [WARNING] HTTP 400: {'kind': 'lookahead_declaration_invalid', 'message': 'lookahead_declaration.declared_window_bars 須為 {timeframe: 正整數} 之物件（🔴 逐 tf 各一值；單一輸入框套用全部 tf 不被接受）', 'failures': [], 'migration_hint': None, 'detail': {}}
02:15:12 [INFO] [5125f42e] POST /api/v1/case/import-events/csv - 400 - 0.003s
02:15:12 [INFO] HTTP Request: POST http://testserver/api/v1/case/import-events/csv "HTTP/1.1 400 Bad Request"
02:15:12 [INFO] [b573d877] GET /api/v1/case/events - 200 - 0.000s
02:15:12 [INFO] HTTP Request: GET http://testserver/api/v1/case/events "HTTP/1.1 200 OK"
PASSED                                                                   [ 61%]
tests/api/test_gap3_ic_feature_cap.py::test_gap3_ic_feature_cap_reason_registered_in_ic_side_contract PASSED [ 62%]
tests/api/test_gap3_ic_feature_cap.py::test_gap3_ic_feature_cap_reason_membership_not_equality PASSED [ 62%]
tests/api/test_gap3_ic_feature_cap.py::test_gap3_ic_feature_cap_literal_not_hardcoded_in_api_or_frontend PASSED [ 62%]
tests/api/test_gap3_ic_feature_cap.py::test_gap3_ic_feature_cap_unknown_category_fails_closed PASSED [ 63%]
tests/api/test_gap3_ic_progress_fields.py::test_gap3_ic_progress_fields_exposes_feature_count 
-------------------------------- live log call ---------------------------------
02:15:12 [INFO] [07495242] GET /api/v1/ic/task/gap3-progress-fixture - 200 - 0.001s
02:15:12 [INFO] HTTP Request: GET http://testserver/api/v1/ic/task/gap3-progress-fixture "HTTP/1.1 200 OK"
PASSED                                                                   [ 63%]
tests/api/test_gap3_ic_progress_fields.py::test_gap3_ic_progress_fields_stage_set_is_open_not_fixed_enum 
-------------------------------- live log call ---------------------------------
02:15:12 [INFO] [3651ece5] GET /api/v1/ic/task/gap3-progress-fixture - 200 - 0.001s
02:15:12 [INFO] HTTP Request: GET http://testserver/api/v1/ic/task/gap3-progress-fixture "HTTP/1.1 200 OK"
PASSED                                                                   [ 63%]
tests/api/test_gap3_ic_progress_fields.py::test_gap3_ic_progress_fields_no_fake_value_when_unresolvable 
-------------------------------- live log call ---------------------------------
02:15:12 [INFO] Loaded feature registry with 19 entries
PASSED                                                                   [ 64%]
tests/api/test_gap3_ic_progress_fields.py::test_gap3_ic_progress_fields_populated_for_implicit_latest_and_full_analysis PASSED [ 64%]
tests/api/test_gap3_ic_progress_fields.py::test_gap3_ic_progress_fields_resolver_reads_registry_only 
-------------------------------- live log call ---------------------------------
02:15:12 [INFO] Loaded feature registry with 19 entries
02:15:12 [INFO] Loaded feature registry with 19 entries
02:15:12 [INFO] Loaded feature registry with 19 entries
PASSED                                                                   [ 64%]
tests/api/test_gap3_ic_stop_gate.py::test_gap3_ic_feature_cap_rejects_big_run_without_creating_task 
-------------------------------- live log call ---------------------------------
02:15:13 [WARNING] HTTP 400: {'reason': 'feature_count_exceeds_cap', 'message': '這個 run 有 218369 個特徵，本機一次載得下的上限是 80515；直接分析會把記憶體吃爆，因此在啟動任務之前就擋下來。上限由實跑量測導出（見 handoffs/run_receipts/gap3ux-b9-footprint.receipt.json），綁本機記憶體大小。這個 run 目前無法分析——分塊計算（GAP-6）上線後本限制會取消；在那之前請改用特徵數較少的 run。', 'feature_count': 218369, 'cap': 80515}
02:15:13 [INFO] [28fa2330] POST /api/v1/ic/analyze - 400 - 0.066s
02:15:13 [INFO] HTTP Request: POST http://testserver/api/v1/ic/analyze "HTTP/1.1 400 Bad Request"
PASSED                                                                   [ 65%]
tests/api/test_gap3_ic_stop_gate.py::test_gap3_ic_feature_cap_reason_comes_from_contract_not_hardcoded 
-------------------------------- live log call ---------------------------------
02:15:13 [WARNING] HTTP 400: {'reason': 'feature_count_exceeds_cap', 'message': '這個 run 有 218369 個特徵，本機一次載得下的上限是 80515；直接分析會把記憶體吃爆，因此在啟動任務之前就擋下來。上限由實跑量測導出（見 handoffs/run_receipts/gap3ux-b9-footprint.receipt.json），綁本機記憶體大小。這個 run 目前無法分析——分塊計算（GAP-6）上線後本限制會取消；在那之前請改用特徵數較少的 run。', 'feature_count': 218369, 'cap': 80515}
02:15:13 [INFO] [2ac6d3c0] POST /api/v1/ic/analyze - 400 - 0.063s
02:15:13 [INFO] HTTP Request: POST http://testserver/api/v1/ic/analyze "HTTP/1.1 400 Bad Request"
PASSED                                                                   [ 65%]
tests/api/test_gap3_ic_stop_gate.py::test_gap3_ic_feature_cap_unresolvable_is_allowed_through 
-------------------------------- live log call ---------------------------------
02:15:13 [INFO] [ba6673da] POST /api/v1/ic/analyze - 200 - 0.001s
02:15:13 [INFO] HTTP Request: POST http://testserver/api/v1/ic/analyze "HTTP/1.1 200 OK"
PASSED                                                                   [ 65%]
tests/api/test_gap3_ic_stop_gate.py::test_gap3_ic_feature_cap_reads_features_path_not_just_hash 
-------------------------------- live log call ---------------------------------
02:15:13 [WARNING] HTTP 400: {'reason': 'feature_count_exceeds_cap', 'message': '這個 run 有 999999 個特徵，本機一次載得下的上限是 80515；直接分析會把記憶體吃爆，因此在啟動任務之前就擋下來。上限由實跑量測導出（見 handoffs/run_receipts/gap3ux-b9-footprint.receipt.json），綁本機記憶體大小。這個 run 目前無法分析——分塊計算（GAP-6）上線後本限制會取消；在那之前請改用特徵數較少的 run。', 'feature_count': 999999, 'cap': 80515}
02:15:13 [INFO] [d9c0fea2] POST /api/v1/ic/analyze - 400 - 0.001s
02:15:13 [INFO] HTTP Request: POST http://testserver/api/v1/ic/analyze "HTTP/1.1 400 Bad Request"
PASSED                                                                   [ 66%]
tests/api/test_gap3_ic_stop_gate.py::test_gap3_ic_feature_cap_covers_cross_sectional_runs 
-------------------------------- live log call ---------------------------------
02:15:13 [WARNING] HTTP 400: {'reason': 'feature_count_exceeds_cap', 'message': '這個 run 有 218369 個特徵，本機一次載得下的上限是 80515；直接分析會把記憶體吃爆，因此在啟動任務之前就擋下來。上限由實跑量測導出（見 handoffs/run_receipts/gap3ux-b9-footprint.receipt.json），綁本機記憶體大小。這個 run 目前無法分析——分塊計算（GAP-6）上線後本限制會取消；在那之前請改用特徵數較少的 run。', 'feature_count': 218369, 'cap': 80515}
02:15:13 [INFO] [f9db4d48] POST /api/v1/ic/analyze - 400 - 0.059s
02:15:13 [INFO] HTTP Request: POST http://testserver/api/v1/ic/analyze "HTTP/1.1 400 Bad Request"
PASSED                                                                   [ 66%]
tests/api/test_gap3_ic_stop_gate.py::test_gap3_ic_feature_cap_features_path_can_be_identifier_not_file 
-------------------------------- live log call ---------------------------------
02:15:13 [INFO] Loaded feature registry with 19 entries
02:15:13 [INFO] Loaded feature registry with 19 entries
02:15:13 [WARNING] HTTP 400: {'reason': 'feature_count_exceeds_cap', 'message': '這個 run 有 218369 個特徵，本機一次載得下的上限是 80515；直接分析會把記憶體吃爆，因此在啟動任務之前就擋下來。上限由實跑量測導出（見 handoffs/run_receipts/gap3ux-b9-footprint.receipt.json），綁本機記憶體大小。這個 run 目前無法分析——分塊計算（GAP-6）上線後本限制會取消；在那之前請改用特徵數較少的 run。', 'feature_count': 218369, 'cap': 80515}
02:15:13 [INFO] [8ce4e63d] POST /api/v1/ic/analyze - 400 - 0.060s
02:15:13 [INFO] HTTP Request: POST http://testserver/api/v1/ic/analyze "HTTP/1.1 400 Bad Request"
PASSED                                                                   [ 67%]
tests/api/test_gap3_ic_stop_gate.py::test_gap3_ic_feature_cap_covers_implicit_latest_longitudinal 
-------------------------------- live log call ---------------------------------
02:15:13 [WARNING] HTTP 400: {'reason': 'feature_count_exceeds_cap', 'message': '這個 run 有 85515 個特徵，本機一次載得下的上限是 80515；直接分析會把記憶體吃爆，因此在啟動任務之前就擋下來。上限由實跑量測導出（見 handoffs/run_receipts/gap3ux-b9-footprint.receipt.json），綁本機記憶體大小。這個 run 目前無法分析——分塊計算（GAP-6）上線後本限制會取消；在那之前請改用特徵數較少的 run。', 'feature_count': 85515, 'cap': 80515}
02:15:13 [INFO] [1fdfa28f] POST /api/v1/ic/analyze - 400 - 0.001s
02:15:13 [INFO] HTTP Request: POST http://testserver/api/v1/ic/analyze "HTTP/1.1 400 Bad Request"
PASSED                                                                   [ 67%]
tests/api/test_gap3_ic_stop_gate.py::test_gap3_ic_feature_cap_covers_implicit_latest_cross_sectional 
-------------------------------- live log call ---------------------------------
02:15:13 [WARNING] HTTP 400: {'reason': 'feature_count_exceeds_cap', 'message': '這個 run 有 87515 個特徵，本機一次載得下的上限是 80515；直接分析會把記憶體吃爆，因此在啟動任務之前就擋下來。上限由實跑量測導出（見 handoffs/run_receipts/gap3ux-b9-footprint.receipt.json），綁本機記憶體大小。這個 run 目前無法分析——分塊計算（GAP-6）上線後本限制會取消；在那之前請改用特徵數較少的 run。', 'feature_count': 87515, 'cap': 80515}
02:15:13 [INFO] [c62f280b] POST /api/v1/ic/analyze - 400 - 0.001s
02:15:13 [INFO] HTTP Request: POST http://testserver/api/v1/ic/analyze "HTTP/1.1 400 Bad Request"
PASSED                                                                   [ 67%]
tests/api/test_gap3_ic_stop_gate.py::test_gap3_ic_feature_cap_implicit_latest_under_cap_still_allowed 
-------------------------------- live log call ---------------------------------
02:15:13 [INFO] [2a257a58] POST /api/v1/ic/analyze - 200 - 0.001s
02:15:13 [INFO] HTTP Request: POST http://testserver/api/v1/ic/analyze "HTTP/1.1 200 OK"
PASSED                                                                   [ 68%]
tests/api/test_gap3_ic_stop_gate.py::test_gap3_ic_feature_cap_identifier_keeps_symbol_scope 
-------------------------------- live log call ---------------------------------
02:15:13 [INFO] Loaded feature registry with 19 entries
02:15:13 [INFO] Loaded feature registry with 19 entries
02:15:13 [INFO] Loaded feature registry with 19 entries
PASSED                                                                   [ 68%]
tests/api/test_gap3_ic_stop_gate.py::test_gap3_ic_feature_cap_explicit_features_path_not_false_blocked 
-------------------------------- live log call ---------------------------------
02:15:13 [INFO] [74730cf1] POST /api/v1/ic/analyze - 200 - 0.001s
02:15:13 [INFO] HTTP Request: POST http://testserver/api/v1/ic/analyze "HTTP/1.1 200 OK"
PASSED                                                                   [ 68%]
tests/api/test_gap3_ic_stop_gate.py::test_gap3_ic_feature_cap_cross_sectional_ignores_top_level_features_path 
-------------------------------- live log call ---------------------------------
02:15:13 [INFO] [6878b04e] POST /api/v1/ic/analyze - 200 - 0.001s
02:15:13 [INFO] HTTP Request: POST http://testserver/api/v1/ic/analyze "HTTP/1.1 200 OK"
PASSED                                                                   [ 69%]
tests/api/test_gap3_ic_stop_gate.py::test_gap3_ic_feature_cap_full_analysis_does_not_resolve_latest 
-------------------------------- live log call ---------------------------------
02:15:13 [INFO] [08de7d02] POST /api/v1/ic/full-analysis - 200 - 0.001s
02:15:13 [INFO] HTTP Request: POST http://testserver/api/v1/ic/full-analysis "HTTP/1.1 200 OK"
PASSED                                                                   [ 69%]
tests/api/test_gap3_ic_stop_gate.py::test_gap3_ic_feature_cap_cross_run_empty_hash_means_latest 
-------------------------------- live log call ---------------------------------
02:15:13 [WARNING] HTTP 400: {'reason': 'feature_count_exceeds_cap', 'message': '這個 run 有 89515 個特徵，本機一次載得下的上限是 80515；直接分析會把記憶體吃爆，因此在啟動任務之前就擋下來。上限由實跑量測導出（見 handoffs/run_receipts/gap3ux-b9-footprint.receipt.json），綁本機記憶體大小。這個 run 目前無法分析——分塊計算（GAP-6）上線後本限制會取消；在那之前請改用特徵數較少的 run。', 'feature_count': 89515, 'cap': 80515}
02:15:13 [INFO] [5d24e9e7] POST /api/v1/ic/analyze - 400 - 0.001s
02:15:13 [INFO] HTTP Request: POST http://testserver/api/v1/ic/analyze "HTTP/1.1 400 Bad Request"
PASSED                                                                   [ 69%]
tests/api/test_gap3_ic_stop_gate.py::test_gap3_ic_feature_cap_duplicate_symbol_uses_last_hash_like_loader 
-------------------------------- live log call ---------------------------------
02:15:13 [INFO] [db990c8d] POST /api/v1/ic/analyze - 200 - 0.001s
02:15:13 [INFO] HTTP Request: POST http://testserver/api/v1/ic/analyze "HTTP/1.1 200 OK"
PASSED                                                                   [ 70%]
tests/api/test_gap3_ic_stop_gate.py::test_gap3_matrix_hash_path_conflict_big_hash_small_path_allowed 
-------------------------------- live log call ---------------------------------
02:15:13 [INFO] [c342e886] POST /api/v1/ic/analyze - 200 - 0.001s
02:15:13 [INFO] HTTP Request: POST http://testserver/api/v1/ic/analyze "HTTP/1.1 200 OK"
PASSED                                                                   [ 70%]
tests/api/test_gap3_ic_stop_gate.py::test_gap3_matrix_cross_sectional_runs_all_small_allowed 
-------------------------------- live log call ---------------------------------
02:15:13 [INFO] [8f58a9eb] POST /api/v1/ic/analyze - 200 - 0.001s
02:15:13 [INFO] HTTP Request: POST http://testserver/api/v1/ic/analyze "HTTP/1.1 200 OK"
PASSED                                                                   [ 70%]
tests/api/test_gap3_ic_stop_gate.py::test_gap3_matrix_symbols_only_all_small_allowed 
-------------------------------- live log call ---------------------------------
02:15:13 [INFO] [35cb073b] POST /api/v1/ic/analyze - 200 - 0.001s
02:15:13 [INFO] HTTP Request: POST http://testserver/api/v1/ic/analyze "HTTP/1.1 200 OK"
PASSED                                                                   [ 71%]
tests/api/test_gap3_ic_stop_gate.py::test_gap3_matrix_empty_hash_with_small_latest_allowed 
-------------------------------- live log call ---------------------------------
02:15:13 [INFO] [2981435a] POST /api/v1/ic/analyze - 200 - 0.001s
02:15:13 [INFO] HTTP Request: POST http://testserver/api/v1/ic/analyze "HTTP/1.1 200 OK"
PASSED                                                                   [ 71%]
tests/api/test_gap3_ic_stop_gate.py::test_gap3_matrix_duplicate_symbol_last_is_big_must_block 
-------------------------------- live log call ---------------------------------
02:15:13 [WARNING] HTTP 400: {'reason': 'feature_count_exceeds_cap', 'message': '這個 run 有 84515 個特徵，本機一次載得下的上限是 80515；直接分析會把記憶體吃爆，因此在啟動任務之前就擋下來。上限由實跑量測導出（見 handoffs/run_receipts/gap3ux-b9-footprint.receipt.json），綁本機記憶體大小。這個 run 目前無法分析——分塊計算（GAP-6）上線後本限制會取消；在那之前請改用特徵數較少的 run。', 'feature_count': 84515, 'cap': 80515}
02:15:13 [INFO] [469c2292] POST /api/v1/ic/analyze - 400 - 0.001s
02:15:13 [INFO] HTTP Request: POST http://testserver/api/v1/ic/analyze "HTTP/1.1 400 Bad Request"
PASSED                                                                   [ 72%]
tests/api/test_gap3_ic_stop_gate.py::test_gap3_matrix_full_analysis_big_features_path_must_block 
-------------------------------- live log call ---------------------------------
02:15:13 [WARNING] HTTP 400: {'reason': 'feature_count_exceeds_cap', 'message': '這個 run 有 999999 個特徵，本機一次載得下的上限是 80515；直接分析會把記憶體吃爆，因此在啟動任務之前就擋下來。上限由實跑量測導出（見 handoffs/run_receipts/gap3ux-b9-footprint.receipt.json），綁本機記憶體大小。這個 run 目前無法分析——分塊計算（GAP-6）上線後本限制會取消；在那之前請改用特徵數較少的 run。', 'feature_count': 999999, 'cap': 80515}
02:15:13 [INFO] [c47ac49d] POST /api/v1/ic/full-analysis - 400 - 0.001s
02:15:13 [INFO] HTTP Request: POST http://testserver/api/v1/ic/full-analysis "HTTP/1.1 400 Bad Request"
PASSED                                                                   [ 72%]
tests/api/test_gap3_ic_stop_gate.py::test_gap3_matrix_resolver_equals_loader_plan PASSED [ 72%]
tests/api/test_gap3_ic_stop_gate.py::test_gap3_ic_feature_cap_registry_lowball_is_caught_by_manifest PASSED [ 73%]
tests/api/test_gap3_ic_stop_gate.py::test_gap3_ic_feature_cap_gate_and_service_share_one_registry_snapshot PASSED [ 73%]
tests/api/test_gap3_ic_stop_gate.py::test_gap3_ic_feature_cap_identifier_scopes_by_timeframe 
-------------------------------- live log call ---------------------------------
02:15:13 [INFO] Loaded feature registry with 19 entries
02:15:13 [INFO] Loaded feature registry with 19 entries
02:15:13 [INFO] Loaded feature registry with 19 entries
PASSED                                                                   [ 73%]
tests/api/test_gap3_ic_stop_gate.py::test_gap3_ic_feature_cap_message_does_not_ask_for_impossible_action 
-------------------------------- live log call ---------------------------------
02:15:13 [WARNING] HTTP 400: {'reason': 'feature_count_exceeds_cap', 'message': '這個 run 有 218369 個特徵，本機一次載得下的上限是 80515；直接分析會把記憶體吃爆，因此在啟動任務之前就擋下來。上限由實跑量測導出（見 handoffs/run_receipts/gap3ux-b9-footprint.receipt.json），綁本機記憶體大小。這個 run 目前無法分析——分塊計算（GAP-6）上線後本限制會取消；在那之前請改用特徵數較少的 run。', 'feature_count': 218369, 'cap': 80515}
02:15:13 [INFO] [0d3bf36d] POST /api/v1/ic/analyze - 400 - 0.058s
02:15:13 [INFO] HTTP Request: POST http://testserver/api/v1/ic/analyze "HTTP/1.1 400 Bad Request"
PASSED                                                                   [ 74%]
tests/api/test_gap3_ic_stop_gate.py::test_gap3_ic_feature_cap_features_file_reads_metadata_only 
-------------------------------- live log call ---------------------------------
02:15:13 [INFO] Loaded feature registry with 19 entries
PASSED                                                                   [ 74%]
tests/api/test_gap3_ic_stop_gate.py::test_gap3_ic_feature_cap_value_is_backed_by_measurement_receipt PASSED [ 74%]
tests/api/test_gap3_ic_stop_gate.py::test_gap3_ic_stop_gate_alive_no_big_matrix_loaded 
-------------------------------- live log call ---------------------------------
02:15:13 [WARNING] HTTP 400: {'reason': 'feature_count_exceeds_cap', 'message': '這個 run 有 218369 個特徵，本機一次載得下的上限是 80515；直接分析會把記憶體吃爆，因此在啟動任務之前就擋下來。上限由實跑量測導出（見 handoffs/run_receipts/gap3ux-b9-footprint.receipt.json），綁本機記憶體大小。這個 run 目前無法分析——分塊計算（GAP-6）上線後本限制會取消；在那之前請改用特徵數較少的 run。', 'feature_count': 218369, 'cap': 80515}
02:15:13 [INFO] [58e5373a] POST /api/v1/ic/analyze - 400 - 0.062s
02:15:13 [INFO] HTTP Request: POST http://testserver/api/v1/ic/analyze "HTTP/1.1 400 Bad Request"
PASSED                                                                   [ 75%]
tests/api/test_gap3_ic_stop_gate.py::test_gap3_ic_stop_gate_alive_small_run_still_creates_task 
-------------------------------- live log call ---------------------------------
02:15:13 [INFO] [b446a6d0] POST /api/v1/ic/analyze - 200 - 0.001s
02:15:13 [INFO] HTTP Request: POST http://testserver/api/v1/ic/analyze "HTTP/1.1 200 OK"
PASSED                                                                   [ 75%]
tests/api/test_gap3_import.py::test_gap3_import_json_new_schema_accepted_and_stored 
-------------------------------- live log call ---------------------------------
02:15:13 [INFO] [626a2f45] POST /api/v1/case/import-events/json - 200 - 0.003s
02:15:13 [INFO] HTTP Request: POST http://testserver/api/v1/case/import-events/json "HTTP/1.1 200 OK"
02:15:13 [INFO] [1999e52c] GET /api/v1/case/events - 200 - 0.001s
02:15:13 [INFO] HTTP Request: GET http://testserver/api/v1/case/events "HTTP/1.1 200 OK"
02:15:13 [INFO] [99124b4a] GET /api/v1/case/events/20260828T181513Z-c1798803 - 200 - 0.001s
02:15:13 [INFO] HTTP Request: GET http://testserver/api/v1/case/events/20260828T181513Z-c1798803 "HTTP/1.1 200 OK"
02:15:13 [WARNING] HTTP 404: event import 'nope' not found
02:15:13 [INFO] [e11b0a52] GET /api/v1/case/events/nope - 404 - 0.001s
02:15:13 [INFO] HTTP Request: GET http://testserver/api/v1/case/events/nope "HTTP/1.1 404 Not Found"
PASSED                                                                   [ 75%]
tests/api/test_gap3_import.py::test_gap3_import_validate_only_does_not_store 
-------------------------------- live log call ---------------------------------
02:15:13 [INFO] [e9215f6c] POST /api/v1/case/import-events/json - 200 - 0.002s
02:15:13 [INFO] HTTP Request: POST http://testserver/api/v1/case/import-events/json "HTTP/1.1 200 OK"
02:15:13 [INFO] [ba09c24d] GET /api/v1/case/events - 200 - 0.000s
02:15:13 [INFO] HTTP Request: GET http://testserver/api/v1/case/events "HTTP/1.1 200 OK"
PASSED                                                                   [ 76%]
tests/api/test_gap3_import.py::test_gap3_import_csv_with_nested_json_and_dotted_columns 
-------------------------------- live log call ---------------------------------
02:15:13 [INFO] [5f0462ed] POST /api/v1/case/import-events - 200 - 0.004s
02:15:13 [INFO] HTTP Request: POST http://testserver/api/v1/case/import-events?validate_only=true "HTTP/1.1 200 OK"
PASSED                                                                   [ 76%]
tests/api/test_gap3_import.py::test_gap3_import_legacy_three_columns_rejected_with_migration_hint 
-------------------------------- live log call ---------------------------------
02:15:13 [WARNING] HTTP 400: {'kind': 'legacy_schema_detected', 'message': '偵測到舊三欄格式（symbol/timestamp/Positive_case）；新端點只收 event_import_contract 新 schema，不做靜默轉換', 'failures': [], 'migration_hint': {'endpoint': '/api/v1/case/import-events', 'required_fields_absent': ['event_id', 't0', 'decision_offset_bars', 'entry_price_semantic', 'direction', 'scenario', 'label', 'label_definition', 'control_kind', 'source_file_digest', 'data_snapshot_digest'], 'field_mapping': {'timestamp(秒)': 't0(epoch ms UTC；錨定 TF bar open)', 'Positive_case': 'label(0/1)', 'symbol': 'symbol', 'timeframe': 'timeframe(錨定 TF，必填)'}, 'contract': 'momentum/Analysis/contracts/event_import_contract.json', 'note': '舊 cases.json 不遷移；新 schema 須逐列附 label_definition/control_kind/digest 等欄位'}, 'detail': None}
02:15:13 [INFO] [9b2dc0b9] POST /api/v1/case/import-events - 400 - 0.002s
02:15:13 [INFO] HTTP Request: POST http://testserver/api/v1/case/import-events "HTTP/1.1 400 Bad Request"
02:15:13 [WARNING] HTTP 400: {'kind': 'legacy_schema_detected', 'message': '偵測到舊三欄格式（symbol/timestamp/Positive_case）；新端點只收 event_import_contract 新 schema，不做靜默轉換', 'failures': [], 'migration_hint': {'endpoint': '/api/v1/case/import-events', 'required_fields_absent': ['event_id', 'timeframe', 't0', 'decision_offset_bars', 'entry_price_semantic', 'direction', 'scenario', 'label', 'label_definition', 'control_kind', 'source_file_digest', 'data_snapshot_digest'], 'field_mapping': {'timestamp(秒)': 't0(epoch ms UTC；錨定 TF bar open)', 'Positive_case': 'label(0/1)', 'symbol': 'symbol', 'timeframe': 'timeframe(錨定 TF，必填)'}, 'contract': 'momentum/Analysis/contracts/event_import_contract.json', 'note': '舊 cases.json 不遷移；新 schema 須逐列附 label_definition/control_kind/digest 等欄位'}, 'detail': None}
02:15:13 [INFO] [2f0f995b] POST /api/v1/case/import-events/json - 400 - 0.001s
02:15:13 [INFO] HTTP Request: POST http://testserver/api/v1/case/import-events/json "HTTP/1.1 400 Bad Request"
PASSED                                                                   [ 77%]
tests/api/test_gap3_import.py::test_gap3_import_new_schema_on_legacy_endpoint_rejected_explicitly 
-------------------------------- live log call ---------------------------------
02:15:13 [INFO] Receiving case import request: new.csv (default_timeframe=1h, validate_only=True, force_clear=False)
02:15:13 [WARNING] HTTP 400: {'kind': 'new_schema_on_legacy_endpoint', 'message': '偵測到 GAP-3 新 schema（event_id/t0/label…）；請改投 /api/v1/case/import-events，本端點只收舊三欄格式', 'failures': [], 'migration_hint': None, 'detail': None}
02:15:13 [INFO] [c853e981] POST /api/v1/case/import - 400 - 0.002s
02:15:13 [INFO] HTTP Request: POST http://testserver/api/v1/case/import?validate_only=true "HTTP/1.1 400 Bad Request"
PASSED                                                                   [ 77%]
tests/api/test_gap3_import.py::test_gap3_import_mixed_columns_rejected_listing_missing_fields 
-------------------------------- live log call ---------------------------------
02:15:13 [WARNING] HTTP 422: {'kind': 'contract_violation', 'message': '19 筆契約違規（逐列 reason 見 failures；字面＝event_import_contract.json）', 'failures': [{'row': 0, 'event_id': 'e0', 'field': 'Positive_case', 'reason': 'unknown_field', 'message': None}, {'row': 0, 'event_id': 'e0', 'field': 'decision_offset_bars', 'reason': 'missing_required_field', 'message': None}, {'row': 0, 'event_id': 'e0', 'field': 'entry_price_semantic', 'reason': 'missing_required_field', 'message': None}, {'row': 0, 'event_id': 'e0', 'field': 'direction', 'reason': 'missing_required_field', 'message': None}, {'row': 0, 'event_id': 'e0', 'field': 'scenario', 'reason': 'missing_required_field', 'message': None}, {'row': 0, 'event_id': 'e0', 'field': 'label_definition', 'reason': 'missing_required_field', 'message': None}, {'row': 0, 'event_id': 'e0', 'field': 'control_kind', 'reason': 'missing_required_field', 'message': None}, {'row': 0, 'event_id': 'e0', 'field': 'source_file_digest', 'reason': 'missing_required_field', 'message': None}, {'row': 0, 'event_id': 'e0', 'field': 'data_snapshot_digest', 'reason': 'missing_required_field', 'message': None}, {'row': 0, 'event_id': 'e0', 'field': 'event_id', 'reason': 'type_error', 'message': "event_id 不符契約公式 '{symbol}:{timeframe}:{t0}'：期望 'ETHUSDT:12h:1704067200000'，實得 'e0'（D-2：event_id 只由 symbol／timeframe／t0 決定，不得自訂）"}, {'row': 1, 'event_id': 'e1', 'field': 'decision_offset_bars', 'reason': 'missing_required_field', 'message': None}, {'row': 1, 'event_id': 'e1', 'field': 'entry_price_semantic', 'reason': 'missing_required_field', 'message': None}, {'row': 1, 'event_id': 'e1', 'field': 'direction', 'reason': 'missing_required_field', 'message': None}, {'row': 1, 'event_id': 'e1', 'field': 'scenario', 'reason': 'missing_required_field', 'message': None}, {'row': 1, 'event_id': 'e1', 'field': 'label_definition', 'reason': 'missing_required_field', 'message': None}, {'row': 1, 'event_id': 'e1', 'field': 'control_kind', 'reason': 'missing_required_field', 'message': None}, {'row': 1, 'event_id': 'e1', 'field': 'source_file_digest', 'reason': 'missing_required_field', 'message': None}, {'row': 1, 'event_id': 'e1', 'field': 'data_snapshot_digest', 'reason': 'missing_required_field', 'message': None}, {'row': 1, 'event_id': 'e1', 'field': 'event_id', 'reason': 'type_error', 'message': "event_id 不符契約公式 '{symbol}:{timeframe}:{t0}'：期望 'ETHUSDT:12h:1704110400000'，實得 'e1'（D-2：event_id 只由 symbol／timeframe／t0 決定，不得自訂）"}], 'migration_hint': {'endpoint': '/api/v1/case/import-events', 'required_fields_absent': ['decision_offset_bars', 'entry_price_semantic', 'direction', 'scenario', 'label_definition', 'control_kind', 'source_file_digest', 'data_snapshot_digest'], 'field_mapping': {'timestamp(秒)': 't0(epoch ms UTC；錨定 TF bar open)', 'Positive_case': 'label(0/1)', 'symbol': 'symbol', 'timeframe': 'timeframe(錨定 TF，必填)'}, 'contract': 'momentum/Analysis/contracts/event_import_contract.json', 'note': '舊 cases.json 不遷移；新 schema 須逐列附 label_definition/control_kind/digest 等欄位'}, 'detail': None}
02:15:13 [INFO] [3f29bd82] POST /api/v1/case/import-events/json - 422 - 0.001s
02:15:13 [INFO] HTTP Request: POST http://testserver/api/v1/case/import-events/json "HTTP/1.1 422 Unprocessable Entity"
02:15:13 [INFO] [d9196e08] GET /api/v1/case/events - 200 - 0.000s
02:15:13 [INFO] HTTP Request: GET http://testserver/api/v1/case/events "HTTP/1.1 200 OK"
PASSED                                                                   [ 77%]
tests/api/test_gap3_import.py::test_gap3_import_contract_reasons_passthrough_not_reimplemented 
-------------------------------- live log call ---------------------------------
02:15:13 [WARNING] HTTP 422: {'kind': 'contract_violation', 'message': '2 筆契約違規（逐列 reason 見 failures；字面＝event_import_contract.json）', 'failures': [{'row': 0, 'event_id': 'ETHUSDT:12h:1704067', 'field': 't0', 'reason': 'invalid_timestamp_unit', 'message': None}, {'row': 1, 'event_id': 'ETHUSDT:12h:1704110400000', 'field': 'control_kind', 'reason': 'not_implemented_platform_random_bars', 'message': None}], 'migration_hint': None, 'detail': None}
02:15:13 [INFO] [245783c4] POST /api/v1/case/import-events/json - 422 - 0.001s
02:15:13 [INFO] HTTP Request: POST http://testserver/api/v1/case/import-events/json "HTTP/1.1 422 Unprocessable Entity"
PASSED                                                                   [ 78%]
tests/api/test_gap3_import.py::test_gap3_import_allowed_filtering_params_from_contract PASSED [ 78%]
tests/api/test_gap3_import.py::test_gap3_import_analyze_tables_real_kline 
-------------------------------- live log call ---------------------------------
02:15:13 [INFO] [851c1878] POST /api/v1/case/import-events/json - 200 - 0.002s
02:15:13 [INFO] HTTP Request: POST http://testserver/api/v1/case/import-events/json "HTTP/1.1 200 OK"
02:15:13 [INFO] [68d530cf] POST /api/v1/case/events/20260828T181513Z-1e04d98d/analyze - 200 - 0.115s
02:15:13 [INFO] HTTP Request: POST http://testserver/api/v1/case/events/20260828T181513Z-1e04d98d/analyze "HTTP/1.1 200 OK"
02:15:13 [WARNING] HTTP 404: event import 'nope' not found
02:15:13 [INFO] [d54887e4] POST /api/v1/case/events/nope/analyze - 404 - 0.001s
02:15:13 [INFO] HTTP Request: POST http://testserver/api/v1/case/events/nope/analyze "HTTP/1.1 404 Not Found"
02:15:13 [INFO] [e47b4aad] POST /api/v1/case/import-events/json - 200 - 0.002s
02:15:13 [INFO] HTTP Request: POST http://testserver/api/v1/case/import-events/json "HTTP/1.1 200 OK"
02:15:13 [WARNING] HTTP 409: {'kind': 'bars_unavailable', 'message': "'kline cache 缺 NOPEUSDT/12h/data'"}
02:15:13 [INFO] [a4fa978f] POST /api/v1/case/events/20260828T181513Z-bf57b38a/analyze - 409 - 0.001s
02:15:13 [INFO] HTTP Request: POST http://testserver/api/v1/case/events/20260828T181513Z-bf57b38a/analyze "HTTP/1.1 409 Conflict"
PASSED                                                                   [ 78%]
tests/api/test_gap3_import.py::test_gap3_import_new_schema_case_variants_on_legacy_endpoint 
-------------------------------- live log call ---------------------------------
02:15:13 [INFO] Receiving case import request: v.csv (default_timeframe=1h, validate_only=True, force_clear=False)
02:15:13 [WARNING] HTTP 400: {'kind': 'new_schema_on_legacy_endpoint', 'message': '偵測到 GAP-3 新 schema（event_id/t0/label…）；請改投 /api/v1/case/import-events，本端點只收舊三欄格式', 'failures': [], 'migration_hint': None, 'detail': None}
02:15:13 [INFO] [265c1243] POST /api/v1/case/import - 400 - 0.002s
02:15:13 [INFO] HTTP Request: POST http://testserver/api/v1/case/import?validate_only=true "HTTP/1.1 400 Bad Request"
02:15:13 [INFO] Receiving case import request: v.csv (default_timeframe=1h, validate_only=True, force_clear=False)
02:15:13 [WARNING] HTTP 400: {'kind': 'new_schema_on_legacy_endpoint', 'message': '偵測到 GAP-3 新 schema（event_id/t0/label…）；請改投 /api/v1/case/import-events，本端點只收舊三欄格式', 'failures': [], 'migration_hint': None, 'detail': None}
02:15:13 [INFO] [c080dd6c] POST /api/v1/case/import - 400 - 0.001s
02:15:13 [INFO] HTTP Request: POST http://testserver/api/v1/case/import?validate_only=true "HTTP/1.1 400 Bad Request"
02:15:13 [INFO] Receiving case import request: v.csv (default_timeframe=1h, validate_only=True, force_clear=False)
02:15:13 [WARNING] HTTP 400: {'kind': 'new_schema_on_legacy_endpoint', 'message': '偵測到 GAP-3 新 schema（event_id/t0/label…）；請改投 /api/v1/case/import-events，本端點只收舊三欄格式', 'failures': [], 'migration_hint': None, 'detail': None}
02:15:13 [INFO] [cacf8dbc] POST /api/v1/case/import - 400 - 0.001s
02:15:13 [INFO] HTTP Request: POST http://testserver/api/v1/case/import?validate_only=true "HTTP/1.1 400 Bad Request"
02:15:13 [WARNING] HTTP 400: {'kind': 'legacy_schema_detected', 'message': '偵測到舊三欄格式（symbol/timestamp/Positive_case）；新端點只收 event_import_contract 新 schema，不做靜默轉換', 'failures': [], 'migration_hint': {'endpoint': '/api/v1/case/import-events', 'required_fields_absent': ['event_id', 'symbol', 'timeframe', 't0', 'decision_offset_bars', 'entry_price_semantic', 'direction', 'scenario', 'label', 'label_definition', 'control_kind', 'source_file_digest', 'data_snapshot_digest'], 'field_mapping': {'timestamp(秒)': 't0(epoch ms UTC；錨定 TF bar open)', 'Positive_case': 'label(0/1)', 'symbol': 'symbol', 'timeframe': 'timeframe(錨定 TF，必填)'}, 'contract': 'momentum/Analysis/contracts/event_import_contract.json', 'note': '舊 cases.json 不遷移；新 schema 須逐列附 label_definition/control_kind/digest 等欄位'}, 'detail': None}
02:15:13 [INFO] [8484c2cb] POST /api/v1/case/import-events/json - 400 - 0.001s
02:15:13 [INFO] HTTP Request: POST http://testserver/api/v1/case/import-events/json "HTTP/1.1 400 Bad Request"
PASSED                                                                   [ 79%]
tests/api/test_gap3_import.py::test_gap3_import_ic_timestamps_only_enables_event_filter 
-------------------------------- live log call ---------------------------------
02:15:13 [INFO] Loaded feature registry with 19 entries
PASSED                                                                   [ 79%]
tests/api/test_gap3_import.py::test_gap3_import_analyze_all_bars_and_ic_seconds 
-------------------------------- live log call ---------------------------------
02:15:13 [INFO] [d82224dc] POST /api/v1/case/import-events/json - 200 - 0.002s
02:15:13 [INFO] HTTP Request: POST http://testserver/api/v1/case/import-events/json "HTTP/1.1 200 OK"
02:15:14 [INFO] [eeea0076] POST /api/v1/case/events/20260828T181513Z-544777dc/analyze - 200 - 0.096s
02:15:14 [INFO] HTTP Request: POST http://testserver/api/v1/case/events/20260828T181513Z-544777dc/analyze "HTTP/1.1 200 OK"
PASSED                                                                   [ 79%]
tests/api/test_gap3_import.py::test_gap3_import_json_verify_source_digest_rejected 
-------------------------------- live log call ---------------------------------
02:15:14 [WARNING] HTTP 400: {'kind': 'verify_unsupported_on_json_endpoint', 'message': 'JSON 端點不支援 verify_source_digest：契約 source_file_digest＝使用者原始來源檔 sha256，本端點位元組為 request body，比對必然不符。請改用 /case/import-events 上傳該來源檔並帶 verify_source_digest=true', 'failures': [], 'migration_hint': None, 'detail': None}
02:15:14 [INFO] [70242403] POST /api/v1/case/import-events/json - 400 - 0.001s
02:15:14 [INFO] HTTP Request: POST http://testserver/api/v1/case/import-events/json "HTTP/1.1 400 Bad Request"
02:15:14 [INFO] [40b93d47] GET /api/v1/case/events - 200 - 0.000s
02:15:14 [INFO] HTTP Request: GET http://testserver/api/v1/case/events "HTTP/1.1 200 OK"
02:15:14 [INFO] [8af08d1e] POST /api/v1/case/import-events/json - 200 - 0.002s
02:15:14 [INFO] HTTP Request: POST http://testserver/api/v1/case/import-events/json "HTTP/1.1 200 OK"
PASSED                                                                   [ 80%]
tests/api/test_gap3_import.py::test_gap3_import_file_verify_requires_source_file 
-------------------------------- live log call ---------------------------------
02:15:14 [WARNING] HTTP 400: {'kind': 'source_file_required_for_verify', 'message': 'verify_source_digest=true 需一併上傳 source_file（契約所指來源檔）；事件檔本身含 source_file_digest 欄，對自己取 sha256 必然不符。由 /search 匯出者：同時下載的 *.source.json 即為該來源檔', 'failures': [], 'migration_hint': None, 'detail': None}
02:15:14 [INFO] [067bc143] POST /api/v1/case/import-events - 400 - 0.002s
02:15:14 [INFO] HTTP Request: POST http://testserver/api/v1/case/import-events?validate_only=true&verify_source_digest=true "HTTP/1.1 400 Bad Request"
02:15:14 [INFO] [37c76ea5] POST /api/v1/case/import-events - 200 - 0.002s
02:15:14 [INFO] HTTP Request: POST http://testserver/api/v1/case/import-events?validate_only=true "HTTP/1.1 200 OK"
PASSED                                                                   [ 80%]
tests/api/test_gap3_import.py::test_gap3_import_verify_with_companion_source_file_passes 
-------------------------------- live log call ---------------------------------
02:15:14 [INFO] [7271d51a] POST /api/v1/case/import-events - 200 - 0.003s
02:15:14 [INFO] HTTP Request: POST http://testserver/api/v1/case/import-events?verify_source_digest=true "HTTP/1.1 200 OK"
02:15:14 [WARNING] HTTP 400: {'kind': 'source_file_required_for_verify', 'message': 'verify_source_digest=true 需一併上傳 source_file（契約所指來源檔）；事件檔本身含 source_file_digest 欄，對自己取 sha256 必然不符。由 /search 匯出者：同時下載的 *.source.json 即為該來源檔', 'failures': [], 'migration_hint': None, 'detail': None}
02:15:14 [INFO] [c9b500ad] POST /api/v1/case/import-events - 400 - 0.001s
02:15:14 [INFO] HTTP Request: POST http://testserver/api/v1/case/import-events?verify_source_digest=true "HTTP/1.1 400 Bad Request"
02:15:14 [WARNING] HTTP 422: {'kind': 'contract_violation', 'message': '2 筆契約違規（逐列 reason 見 failures；字面＝event_import_contract.json）', 'failures': [{'row': 0, 'event_id': 'ETHUSDT:12h:1704067200000', 'field': 'source_file_digest', 'reason': 'digest_mismatch', 'message': None}, {'row': 1, 'event_id': 'ETHUSDT:12h:1704110400000', 'field': 'source_file_digest', 'reason': 'digest_mismatch', 'message': None}], 'migration_hint': None, 'detail': None}
02:15:14 [INFO] [f0dc0f47] POST /api/v1/case/import-events - 422 - 0.002s
02:15:14 [INFO] HTTP Request: POST http://testserver/api/v1/case/import-events?verify_source_digest=true&validate_only=true "HTTP/1.1 422 Unprocessable Entity"
PASSED                                                                   [ 81%]
tests/api/test_gap3_import.py::test_gap3_import_verify_same_file_rejected_explicitly 
-------------------------------- live log call ---------------------------------
02:15:14 [WARNING] HTTP 400: {'kind': 'source_file_must_differ_from_event_file', 'message': 'source_file 與事件檔位元組相同：事件檔含 source_file_digest 欄，對自身取 sha256 必不相符（自我指涉）。請附**產生這些事件的來源檔**（/search 匯出者即同時下載的 *.source.json）；若無來源檔可對證，請關閉 verify_source_digest', 'failures': [], 'migration_hint': None, 'detail': None}
02:15:14 [INFO] [6226d595] POST /api/v1/case/import-events - 400 - 0.002s
02:15:14 [INFO] HTTP Request: POST http://testserver/api/v1/case/import-events?verify_source_digest=true&validate_only=true "HTTP/1.1 400 Bad Request"
02:15:14 [INFO] [47dff5f2] POST /api/v1/case/import-events - 200 - 0.003s
02:15:14 [INFO] HTTP Request: POST http://testserver/api/v1/case/import-events?validate_only=true "HTTP/1.1 200 OK"
PASSED                                                                   [ 81%]
tests/api/test_gap3_lookahead_declaration.py::test_lookahead_declaration_01_unresolvable_column_requires_declaration PASSED [ 81%]
tests/api/test_gap3_lookahead_declaration.py::test_lookahead_declaration_01b_endpoint_reports_requires_declaration 
-------------------------------- live log call ---------------------------------
02:15:14 [INFO] [3806b54d] POST /api/v1/case/import-events/lookahead-declaration - 200 - 0.003s
02:15:14 [INFO] HTTP Request: POST http://testserver/api/v1/case/import-events/lookahead-declaration "HTTP/1.1 200 OK"
PASSED                                                                   [ 82%]
tests/api/test_gap3_lookahead_declaration.py::test_lookahead_declaration_02_missing_declaration_is_fail_closed 
-------------------------------- live log call ---------------------------------
02:15:14 [INFO] [91d086a0] GET /api/v1/case/events - 200 - 0.000s
02:15:14 [INFO] HTTP Request: GET http://testserver/api/v1/case/events "HTTP/1.1 200 OK"
02:15:14 [WARNING] HTTP 400: {'kind': 'lookahead_declaration_required', 'message': '本批之篩選條件引用了深度無法由 registry 驗證之欄位 ⇒ 依 D-7 之 L2 必須宣告答案窗（逐 timeframe 各一值）；未宣告一律拒收，不以任何預設深度代替', 'failures': [], 'migration_hint': None, 'detail': {'referenced_columns': ['my_custom_signal'], 'default_window_bars': {'12h': 0}}}
02:15:14 [INFO] [a40911c1] POST /api/v1/case/import-events/csv - 400 - 0.003s
02:15:14 [INFO] HTTP Request: POST http://testserver/api/v1/case/import-events/csv "HTTP/1.1 400 Bad Request"
02:15:14 [INFO] [3c041f22] GET /api/v1/case/events - 200 - 0.001s
02:15:14 [INFO] HTTP Request: GET http://testserver/api/v1/case/events "HTTP/1.1 200 OK"
PASSED                                                                   [ 82%]
tests/api/test_gap3_lookahead_declaration.py::test_lookahead_declaration_02b_declared_batch_is_accepted_and_stored 
-------------------------------- live log call ---------------------------------
02:15:14 [INFO] [03691ee8] POST /api/v1/case/import-events/csv - 200 - 0.005s
02:15:14 [INFO] HTTP Request: POST http://testserver/api/v1/case/import-events/csv "HTTP/1.1 200 OK"
02:15:14 [INFO] [5290c00d] GET /api/v1/case/events - 200 - 0.001s
02:15:14 [INFO] HTTP Request: GET http://testserver/api/v1/case/events "HTTP/1.1 200 OK"
PASSED                                                                   [ 82%]
tests/api/test_gap3_lookahead_declaration.py::test_lookahead_declaration_03_unextractable_filters_are_fail_closed[filters0-\u6b04\u540d\u53ea\u5728\u904b\u7b97\u5f0f\u5b57\u4e32\u5167\u90e8_\u6574\u8a5e\u4e0d\u7b49] 
-------------------------------- live log call ---------------------------------
02:15:14 [INFO] [0376c188] GET /api/v1/case/events - 200 - 0.000s
02:15:14 [INFO] HTTP Request: GET http://testserver/api/v1/case/events "HTTP/1.1 200 OK"
02:15:14 [WARNING] HTTP 400: {'kind': 'lookahead_declaration_required', 'message': '本批之篩選條件引用了深度無法由 registry 驗證之欄位 ⇒ 依 D-7 之 L2 必須宣告答案窗（逐 timeframe 各一值）；未宣告一律拒收，不以任何預設深度代替', 'failures': [], 'migration_hint': None, 'detail': {'referenced_columns': [], 'default_window_bars': {'12h': 0}}}
02:15:14 [INFO] [5d32eb66] POST /api/v1/case/import-events/csv - 400 - 0.003s
02:15:14 [INFO] HTTP Request: POST http://testserver/api/v1/case/import-events/csv "HTTP/1.1 400 Bad Request"
02:15:14 [INFO] [3e553c3c] GET /api/v1/case/events - 200 - 0.000s
02:15:14 [INFO] HTTP Request: GET http://testserver/api/v1/case/events "HTTP/1.1 200 OK"
PASSED                                                                   [ 83%]
tests/api/test_gap3_lookahead_declaration.py::test_lookahead_declaration_03_unextractable_filters_are_fail_closed[filters1-\u4ee5opaque_id\u5f15\u7528_\u6839\u672c\u6c92\u6709\u6b04\u540d] 
-------------------------------- live log call ---------------------------------
02:15:14 [INFO] [e5e9197c] GET /api/v1/case/events - 200 - 0.000s
02:15:14 [INFO] HTTP Request: GET http://testserver/api/v1/case/events "HTTP/1.1 200 OK"
02:15:14 [WARNING] HTTP 400: {'kind': 'lookahead_declaration_required', 'message': '本批之篩選條件引用了深度無法由 registry 驗證之欄位 ⇒ 依 D-7 之 L2 必須宣告答案窗（逐 timeframe 各一值）；未宣告一律拒收，不以任何預設深度代替', 'failures': [], 'migration_hint': None, 'detail': {'referenced_columns': [], 'default_window_bars': {'12h': 0}}}
02:15:14 [INFO] [b7c8d02c] POST /api/v1/case/import-events/csv - 400 - 0.003s
02:15:14 [INFO] HTTP Request: POST http://testserver/api/v1/case/import-events/csv "HTTP/1.1 400 Bad Request"
02:15:14 [INFO] [8a4fe9e8] GET /api/v1/case/events - 200 - 0.000s
02:15:14 [INFO] HTTP Request: GET http://testserver/api/v1/case/events "HTTP/1.1 200 OK"
PASSED                                                                   [ 83%]
tests/api/test_gap3_lookahead_declaration.py::test_lookahead_declaration_03_unextractable_filters_are_fail_closed[filters2-\u6b04\u540d\u662fdotted_path\u7684\u4e00\u6bb5] 
-------------------------------- live log call ---------------------------------
02:15:14 [INFO] [9e4dc21d] GET /api/v1/case/events - 200 - 0.000s
02:15:14 [INFO] HTTP Request: GET http://testserver/api/v1/case/events "HTTP/1.1 200 OK"
02:15:14 [WARNING] HTTP 400: {'kind': 'lookahead_declaration_required', 'message': '本批之篩選條件引用了深度無法由 registry 驗證之欄位 ⇒ 依 D-7 之 L2 必須宣告答案窗（逐 timeframe 各一值）；未宣告一律拒收，不以任何預設深度代替', 'failures': [], 'migration_hint': None, 'detail': {'referenced_columns': [], 'default_window_bars': {'12h': 0}}}
02:15:14 [INFO] [95a7e86f] POST /api/v1/case/import-events/csv - 400 - 0.003s
02:15:14 [INFO] HTTP Request: POST http://testserver/api/v1/case/import-events/csv "HTTP/1.1 400 Bad Request"
02:15:14 [INFO] [875df4b4] GET /api/v1/case/events - 200 - 0.000s
02:15:14 [INFO] HTTP Request: GET http://testserver/api/v1/case/events "HTTP/1.1 200 OK"
PASSED                                                                   [ 83%]
tests/api/test_gap3_lookahead_declaration.py::test_lookahead_declaration_03_unextractable_filters_are_fail_closed[filters3-\u5c0d\u6620\u5f8c\u7528\u5951\u7d04\u6b04\u540d_\u53ef\u898bheader\u662f\u4f7f\u7528\u8005\u6b04\u540d] 
-------------------------------- live log call ---------------------------------
02:15:14 [INFO] [2401e27b] GET /api/v1/case/events - 200 - 0.000s
02:15:14 [INFO] HTTP Request: GET http://testserver/api/v1/case/events "HTTP/1.1 200 OK"
02:15:14 [WARNING] HTTP 400: {'kind': 'lookahead_declaration_required', 'message': '本批之篩選條件引用了深度無法由 registry 驗證之欄位 ⇒ 依 D-7 之 L2 必須宣告答案窗（逐 timeframe 各一值）；未宣告一律拒收，不以任何預設深度代替', 'failures': [], 'migration_hint': None, 'detail': {'referenced_columns': [], 'default_window_bars': {'12h': 0}}}
02:15:14 [INFO] [7602847c] POST /api/v1/case/import-events/csv - 400 - 0.003s
02:15:14 [INFO] HTTP Request: POST http://testserver/api/v1/case/import-events/csv "HTTP/1.1 400 Bad Request"
02:15:14 [INFO] [61a23f52] GET /api/v1/case/events - 200 - 0.000s
02:15:14 [INFO] HTTP Request: GET http://testserver/api/v1/case/events "HTTP/1.1 200 OK"
PASSED                                                                   [ 84%]
tests/api/test_gap3_lookahead_declaration.py::test_lookahead_declaration_03b_no_filters_does_not_require_declaration 
-------------------------------- live log call ---------------------------------
02:15:14 [INFO] [da79adba] POST /api/v1/case/import-events/csv - 200 - 0.004s
02:15:14 [INFO] HTTP Request: POST http://testserver/api/v1/case/import-events/csv "HTTP/1.1 200 OK"
02:15:14 [INFO] [088bfd87] GET /api/v1/case/events - 200 - 0.001s
02:15:14 [INFO] HTTP Request: GET http://testserver/api/v1/case/events "HTTP/1.1 200 OK"
PASSED                                                                   [ 84%]
tests/api/test_gap3_lookahead_declaration.py::test_lookahead_declaration_04_unverifiable_declaration_requires_acknowledgement 
-------------------------------- live log call ---------------------------------
02:15:14 [WARNING] HTTP 400: {'kind': 'lookahead_declaration_unacknowledged_unverifiable', 'message': '本批之深度無法由 registry 驗證（引用了未登記欄，或來源為外部上傳）⇒ 宣告值屬**無法驗證的聲明**，須勾選確認：系統無法驗證此深度，錯報將導致資料洩漏', 'failures': [], 'migration_hint': None, 'detail': {'referenced_columns': ['my_custom_signal'], 'default_window_bars': {'12h': 0}}}
02:15:14 [INFO] [aa7e322a] POST /api/v1/case/import-events/csv - 400 - 0.004s
02:15:14 [INFO] HTTP Request: POST http://testserver/api/v1/case/import-events/csv "HTTP/1.1 400 Bad Request"
02:15:14 [INFO] [64c32bdd] GET /api/v1/case/events - 200 - 0.000s
02:15:14 [INFO] HTTP Request: GET http://testserver/api/v1/case/events "HTTP/1.1 200 OK"
PASSED                                                                   [ 84%]
tests/api/test_gap3_lookahead_depth.py::test_gap3_lookahead_depth_01_bar_named_locks_to_max PASSED [ 85%]
tests/api/test_gap3_lookahead_depth.py::test_gap3_lookahead_depth_02_hour_named_resolves_per_tf PASSED [ 85%]
tests/api/test_gap3_lookahead_depth.py::test_gap3_lookahead_depth_03_hour_named_equal_ms_across_tf PASSED [ 86%]
tests/api/test_gap3_lookahead_depth.py::test_gap3_lookahead_depth_04_single_tf_degenerates_to_one_key PASSED [ 86%]
tests/api/test_gap3_lookahead_depth.py::test_gap3_lookahead_depth_05_attached_columns_not_in_max PASSED [ 86%]
tests/api/test_gap3_lookahead_depth.py::test_gap3_lookahead_depth_06_missing_declared_key_fail_closed PASSED [ 87%]
tests/api/test_gap3_lookahead_depth.py::test_gap3_lookahead_depth_07_unresolvable_column_fail_closed PASSED [ 87%]
tests/api/test_gap3_lookahead_depth.py::test_gap3_lookahead_depth_09_map_not_collapsed_to_scalar PASSED [ 87%]
tests/api/test_gap3_lookahead_depth.py::test_gap3_lookahead_depth_08_declared_type_fail_closed PASSED [ 88%]
tests/api/test_gap3_source_digest.py::test_gap3_source_digest_changes_on_future_column_mutation[deleted] PASSED [ 88%]
tests/api/test_gap3_source_digest.py::test_gap3_source_digest_changes_on_future_column_mutation[renamed] PASSED [ 88%]
tests/api/test_gap3_source_digest.py::test_gap3_source_digest_changes_on_future_column_mutation[changed] PASSED [ 89%]
tests/api/test_gap3_source_digest.py::test_gap3_source_digest_covers_every_own_key PASSED [ 89%]
tests/api/test_gap3_source_digest.py::test_gap3_source_digest_keys_sorted_utf8_ascending PASSED [ 89%]
tests/api/test_gap3_source_digest.py::test_gap3_source_digest_s9_serialization_rules PASSED [ 90%]
tests/api/test_gap3_source_digest.py::test_gap3_source_digest_verify_only_compares_never_recomputes PASSED [ 90%]
tests/api/test_gap3_source_digest.py::test_gap3_source_digest_rule_digest_path_is_separate PASSED [ 91%]
tests/api/test_gap3_source_digest.py::test_gap3_source_digest_attached_to_search_result_response PASSED [ 91%]
tests/api/test_gap3_source_digest.py::test_gap3_source_digest_one_byte_change_flips_digest PASSED [ 91%]
tests/api/test_gap3_source_digest.py::test_gap3_source_digest_event_id_template_is_single_source PASSED [ 92%]
tests/api/test_gap3_source_digest.py::test_gap3_source_digest_non_canonical_event_id_rejected[json] 
-------------------------------- live log call ---------------------------------
02:15:14 [WARNING] HTTP 422: {'kind': 'contract_violation', 'message': '1 筆契約違規（逐列 reason 見 failures；字面＝event_import_contract.json）', 'failures': [{'row': 1, 'event_id': 'my-own-id-001', 'field': 'event_id', 'reason': 'type_error', 'message': "event_id 不符契約公式 '{symbol}:{timeframe}:{t0}'：期望 'ETHUSDT:12h:1704110400000'，實得 'my-own-id-001'（D-2：event_id 只由 symbol／timeframe／t0 決定，不得自訂）"}], 'migration_hint': None, 'detail': None}
02:15:14 [INFO] [094e1dd4] POST /api/v1/case/import-events/json - 422 - 0.001s
02:15:14 [INFO] HTTP Request: POST http://testserver/api/v1/case/import-events/json "HTTP/1.1 422 Unprocessable Entity"
02:15:14 [INFO] [ce93876a] GET /api/v1/case/events - 200 - 0.000s
02:15:14 [INFO] HTTP Request: GET http://testserver/api/v1/case/events "HTTP/1.1 200 OK"
PASSED                                                                   [ 92%]
tests/api/test_gap3_source_digest.py::test_gap3_source_digest_non_canonical_event_id_rejected[csv] 
-------------------------------- live log call ---------------------------------
02:15:14 [WARNING] HTTP 422: {'kind': 'contract_violation', 'message': '1 筆契約違規（逐列 reason 見 failures；字面＝event_import_contract.json）', 'failures': [{'row': 1, 'event_id': 'my-own-id-001', 'field': 'event_id', 'reason': 'type_error', 'message': "event_id 不符契約公式 '{symbol}:{timeframe}:{t0}'：期望 'ETHUSDT:12h:1704110400000'，實得 'my-own-id-001'（D-2：event_id 只由 symbol／timeframe／t0 決定，不得自訂）"}], 'migration_hint': {'endpoint': '/api/v1/case/import-events', 'required_fields_absent': ['decision_offset_bars', 'entry_price_semantic', 'direction', 'scenario', 'label_definition', 'control_kind', 'source_file_digest', 'data_snapshot_digest'], 'field_mapping': {'timestamp(秒)': 't0(epoch ms UTC；錨定 TF bar open)', 'Positive_case': 'label(0/1)', 'symbol': 'symbol', 'timeframe': 'timeframe(錨定 TF，必填)'}, 'contract': 'momentum/Analysis/contracts/event_import_contract.json', 'note': '舊 cases.json 不遷移；新 schema 須逐列附 label_definition/control_kind/digest 等欄位'}, 'detail': None}
02:15:14 [INFO] [3a960fb4] POST /api/v1/case/import-events/csv - 422 - 0.004s
02:15:14 [INFO] HTTP Request: POST http://testserver/api/v1/case/import-events/csv "HTTP/1.1 422 Unprocessable Entity"
02:15:14 [INFO] [9c3d1dc6] GET /api/v1/case/events - 200 - 0.000s
02:15:14 [INFO] HTTP Request: GET http://testserver/api/v1/case/events "HTTP/1.1 200 OK"
PASSED                                                                   [ 92%]
tests/api/test_gap3_source_digest.py::test_gap3_source_digest_canonical_event_id_not_enforced_on_platform_path PASSED [ 93%]
tests/api/test_gap3_source_digest.py::test_gap3_source_digest_event_id_set_equal_json_export_vs_csv_reimport 
-------------------------------- live log call ---------------------------------
02:15:14 [INFO] [8d27c803] POST /api/v1/case/import-events/json - 200 - 0.002s
02:15:14 [INFO] HTTP Request: POST http://testserver/api/v1/case/import-events/json "HTTP/1.1 200 OK"
02:15:14 [INFO] [692ec53a] GET /api/v1/case/events/20260828T181514Z-5c6f1f97 - 200 - 0.001s
02:15:14 [INFO] HTTP Request: GET http://testserver/api/v1/case/events/20260828T181514Z-5c6f1f97 "HTTP/1.1 200 OK"
02:15:14 [INFO] [482fb6b2] POST /api/v1/case/import-events/csv - 200 - 0.004s
02:15:14 [INFO] HTTP Request: POST http://testserver/api/v1/case/import-events/csv "HTTP/1.1 200 OK"
02:15:14 [INFO] [84626453] GET /api/v1/case/events/20260828T181514Z-4ce8db6e - 200 - 0.001s
02:15:14 [INFO] HTTP Request: GET http://testserver/api/v1/case/events/20260828T181514Z-4ce8db6e "HTTP/1.1 200 OK"
PASSED                                                                   [ 93%]
tests/api/test_gap3_source_digest.py::test_gap3_source_digest_regenerates_frontend_golden PASSED [ 93%]
tests/api/test_gap3_source_json_hint.py::test_gap3_source_json_hint_on_event_upload_endpoint 
-------------------------------- live log call ---------------------------------
02:15:14 [WARNING] HTTP 400: {'kind': 'legacy_schema_detected', 'message': '偵測到舊三欄格式（symbol/timestamp/Positive_case）；新端點只收 event_import_contract 新 schema，不做靜默轉換；此為來源對證檔，請改放在 `source_file` 欄並勾選 `verify_source_digest`', 'failures': [], 'migration_hint': {'endpoint': '/api/v1/case/import-events', 'required_fields_absent': ['event_id', 't0', 'decision_offset_bars', 'entry_price_semantic', 'direction', 'scenario', 'label', 'label_definition', 'control_kind', 'source_file_digest', 'data_snapshot_digest'], 'field_mapping': {'timestamp(秒)': 't0(epoch ms UTC；錨定 TF bar open)', 'Positive_case': 'label(0/1)', 'symbol': 'symbol', 'timeframe': 'timeframe(錨定 TF，必填)'}, 'contract': 'momentum/Analysis/contracts/event_import_contract.json', 'note': '舊 cases.json 不遷移；新 schema 須逐列附 label_definition/control_kind/digest 等欄位'}, 'detail': None}
02:15:14 [INFO] [ba37633c] POST /api/v1/case/import-events - 400 - 0.002s
02:15:14 [INFO] HTTP Request: POST http://testserver/api/v1/case/import-events "HTTP/1.1 400 Bad Request"
02:15:14 [INFO] [a2546cd1] GET /api/v1/case/events - 200 - 0.000s
02:15:14 [INFO] HTTP Request: GET http://testserver/api/v1/case/events "HTTP/1.1 200 OK"
PASSED                                                                   [ 94%]
tests/api/test_gap3_source_json_hint.py::test_gap3_source_json_hint_on_csv_endpoint 
-------------------------------- live log call ---------------------------------
02:15:14 [WARNING] HTTP 422: {'kind': 'contract_violation', 'message': '3 個對映指向 CSV 不存在之欄（檔案標頭＝[\'[{"close":1.5\', \'closing_strength:null\', \'day_of_week:null\', \'difficulty_level:null\', \'direction_class:null\', \'future1_close_return:null\', \'future24_close:null\', \'future24_close_return:null\', \'future24_low:null\', \'future2_close_return:null\', \'future48_close_return:null\', \'future4_close_return:null\', \'future6_close_return:null\', \'future72_close_return:null\', \'future72_max_drawdown:null\', \'future72_max_return:null\', \'future_10bar_max_drawdown:null\', \'future_10bar_return:null\', \'future_11bar_max_drawdown:null\', \'future_11bar_return:null\', \'future_12bar_max_drawdown:null\', \'future_12bar_return:null\', \'future_1bar_max_drawdown:null\', \'future_1bar_return:null\', \'future_2bar_max_drawdown:null\', \'future_2bar_return:null\', \'future_3bar_max_drawdown:null\', \'future_3bar_return:null\', \'future_4bar_max_drawdown:null\', \'future_4bar_return:null\', \'future_5bar_max_drawdown:null\', \'future_5bar_return:null\', \'future_6bar_max_drawdown:null\', \'future_6bar_return:null\', \'future_7bar_max_drawdown:null\', \'future_7bar_return:null\', \'future_8bar_max_drawdown:null\', \'future_8bar_return:null\', \'future_9bar_max_drawdown:null\', \'future_9bar_return:null\', \'future_max_drawdown:null\', \'future_max_return:null\', \'high:2.0\', \'hour_of_day:null\', \'low:0.5\', \'market_class:null\', \'market_class_name:null\', \'market_phase:"up"\', \'open:1.0\', \'past_3day_direction:null\', \'past_3day_max_volatility:null\', \'past_3day_volume_cv:null\', \'positive_case:true\', \'price_change:3.2\', \'price_position:null\', \'prior_abs_change_sum:null\', \'prior_range:null\', \'prior_volatility:null\', \'symbol:"ETHUSDT"\', \'taker_buy_ratio:null\', \'time_range:null\', \'timeframe:"12h"\', \'timestamp:"2024-01-01T00:00:00Z"\', \'trigger_idx:10\', \'volatility_class:null\', \'volume:100.0\', \'volume_class:null\', \'volume_multiplier:null}\', \'{"close":2.0\', \'closing_strength:null.1\', \'day_of_week:null.1\', \'difficulty_level:null.1\', \'direction_class:null.1\', \'future1_close_return:null.1\', \'future24_close:null.1\', \'future24_close_return:null.1\', \'future24_low:null.1\', \'future2_close_return:null.1\', \'future48_close_return:null.1\', \'future4_close_return:null.1\', \'future6_close_return:null.1\', \'future72_close_return:null.1\', \'future72_max_drawdown:null.1\', \'future72_max_return:null.1\', \'future_10bar_max_drawdown:null.1\', \'future_10bar_return:null.1\', \'future_11bar_max_drawdown:null.1\', \'future_11bar_return:null.1\', \'future_12bar_max_drawdown:null.1\', \'future_12bar_return:null.1\', \'future_1bar_max_drawdown:null.1\', \'future_1bar_return:null.1\', \'future_2bar_max_drawdown:null.1\', \'future_2bar_return:null.1\', \'future_3bar_max_drawdown:null.1\', \'future_3bar_return:null.1\', \'future_4bar_max_drawdown:null.1\', \'future_4bar_return:null.1\', \'future_5bar_max_drawdown:null.1\', \'future_5bar_return:null.1\', \'future_6bar_max_drawdown:null.1\', \'future_6bar_return:null.1\', \'future_7bar_max_drawdown:null.1\', \'future_7bar_return:null.1\', \'future_8bar_max_drawdown:null.1\', \'future_8bar_return:null.1\', \'future_9bar_max_drawdown:null.1\', \'future_9bar_return:null.1\', \'future_max_drawdown:null.1\', \'future_max_return:null.1\', \'high:2.5\', \'hour_of_day:null.1\', \'low:1.0\', \'market_class:null.1\', \'market_class_name:null.1\', \'market_phase:"down"\', \'open:1.5\', \'past_3day_direction:null.1\', \'past_3day_max_volatility:null.1\', \'past_3day_volume_cv:null.1\', \'positive_case:false\', \'price_change:-1.0\', \'price_position:null.1\', \'prior_abs_change_sum:null.1\', \'prior_range:null.1\', \'prior_volatility:null.1\', \'symbol:"ETHUSDT".1\', \'taker_buy_ratio:null.1\', \'time_range:null.1\', \'timeframe:"12h".1\', \'timestamp:"2024-01-02T00:00:00Z"\', \'trigger_idx:11\', \'volatility_class:null.1\', \'volume:120.0\', \'volume_class:null.1\', \'volume_multiplier:null}]\']）；此為來源對證檔，請改放在 `source_file` 欄並勾選 `verify_source_digest`', 'failures': [{'row': None, 'event_id': None, 'field': 'event_id', 'reason': 'column_not_found_in_file', 'message': "契約欄 'event_id' 對映到 CSV 欄 'event_id'，但檔案標頭沒有這個欄名"}, {'row': None, 'event_id': None, 'field': 't0', 'reason': 'column_not_found_in_file', 'message': "契約欄 't0' 對映到 CSV 欄 'timestamp'，但檔案標頭沒有這個欄名"}, {'row': None, 'event_id': None, 'field': 'label', 'reason': 'column_not_found_in_file', 'message': "契約欄 'label' 對映到 CSV 欄 'positive_case'，但檔案標頭沒有這個欄名"}], 'migration_hint': None, 'detail': None}
02:15:14 [INFO] [9c729536] POST /api/v1/case/import-events/csv - 422 - 0.011s
02:15:14 [INFO] HTTP Request: POST http://testserver/api/v1/case/import-events/csv "HTTP/1.1 422 Unprocessable Entity"
02:15:14 [INFO] [0b3230f5] GET /api/v1/case/events - 200 - 0.000s
02:15:14 [INFO] HTTP Request: GET http://testserver/api/v1/case/events "HTTP/1.1 200 OK"
PASSED                                                                   [ 94%]
tests/api/test_gap3_source_json_hint.py::test_gap3_source_json_hint_two_endpoints_share_one_literal 
-------------------------------- live log call ---------------------------------
02:15:14 [WARNING] HTTP 400: {'kind': 'legacy_schema_detected', 'message': '偵測到舊三欄格式（symbol/timestamp/Positive_case）；新端點只收 event_import_contract 新 schema，不做靜默轉換；此為來源對證檔，請改放在 `source_file` 欄並勾選 `verify_source_digest`', 'failures': [], 'migration_hint': {'endpoint': '/api/v1/case/import-events', 'required_fields_absent': ['event_id', 't0', 'decision_offset_bars', 'entry_price_semantic', 'direction', 'scenario', 'label', 'label_definition', 'control_kind', 'source_file_digest', 'data_snapshot_digest'], 'field_mapping': {'timestamp(秒)': 't0(epoch ms UTC；錨定 TF bar open)', 'Positive_case': 'label(0/1)', 'symbol': 'symbol', 'timeframe': 'timeframe(錨定 TF，必填)'}, 'contract': 'momentum/Analysis/contracts/event_import_contract.json', 'note': '舊 cases.json 不遷移；新 schema 須逐列附 label_definition/control_kind/digest 等欄位'}, 'detail': None}
02:15:14 [INFO] [c4db3d23] POST /api/v1/case/import-events - 400 - 0.002s
02:15:14 [INFO] HTTP Request: POST http://testserver/api/v1/case/import-events "HTTP/1.1 400 Bad Request"
02:15:14 [WARNING] HTTP 422: {'kind': 'contract_violation', 'message': '3 個對映指向 CSV 不存在之欄（檔案標頭＝[\'[{"close":1.5\', \'closing_strength:null\', \'day_of_week:null\', \'difficulty_level:null\', \'direction_class:null\', \'future1_close_return:null\', \'future24_close:null\', \'future24_close_return:null\', \'future24_low:null\', \'future2_close_return:null\', \'future48_close_return:null\', \'future4_close_return:null\', \'future6_close_return:null\', \'future72_close_return:null\', \'future72_max_drawdown:null\', \'future72_max_return:null\', \'future_10bar_max_drawdown:null\', \'future_10bar_return:null\', \'future_11bar_max_drawdown:null\', \'future_11bar_return:null\', \'future_12bar_max_drawdown:null\', \'future_12bar_return:null\', \'future_1bar_max_drawdown:null\', \'future_1bar_return:null\', \'future_2bar_max_drawdown:null\', \'future_2bar_return:null\', \'future_3bar_max_drawdown:null\', \'future_3bar_return:null\', \'future_4bar_max_drawdown:null\', \'future_4bar_return:null\', \'future_5bar_max_drawdown:null\', \'future_5bar_return:null\', \'future_6bar_max_drawdown:null\', \'future_6bar_return:null\', \'future_7bar_max_drawdown:null\', \'future_7bar_return:null\', \'future_8bar_max_drawdown:null\', \'future_8bar_return:null\', \'future_9bar_max_drawdown:null\', \'future_9bar_return:null\', \'future_max_drawdown:null\', \'future_max_return:null\', \'high:2.0\', \'hour_of_day:null\', \'low:0.5\', \'market_class:null\', \'market_class_name:null\', \'market_phase:"up"\', \'open:1.0\', \'past_3day_direction:null\', \'past_3day_max_volatility:null\', \'past_3day_volume_cv:null\', \'positive_case:true\', \'price_change:3.2\', \'price_position:null\', \'prior_abs_change_sum:null\', \'prior_range:null\', \'prior_volatility:null\', \'symbol:"ETHUSDT"\', \'taker_buy_ratio:null\', \'time_range:null\', \'timeframe:"12h"\', \'timestamp:"2024-01-01T00:00:00Z"\', \'trigger_idx:10\', \'volatility_class:null\', \'volume:100.0\', \'volume_class:null\', \'volume_multiplier:null}\', \'{"close":2.0\', \'closing_strength:null.1\', \'day_of_week:null.1\', \'difficulty_level:null.1\', \'direction_class:null.1\', \'future1_close_return:null.1\', \'future24_close:null.1\', \'future24_close_return:null.1\', \'future24_low:null.1\', \'future2_close_return:null.1\', \'future48_close_return:null.1\', \'future4_close_return:null.1\', \'future6_close_return:null.1\', \'future72_close_return:null.1\', \'future72_max_drawdown:null.1\', \'future72_max_return:null.1\', \'future_10bar_max_drawdown:null.1\', \'future_10bar_return:null.1\', \'future_11bar_max_drawdown:null.1\', \'future_11bar_return:null.1\', \'future_12bar_max_drawdown:null.1\', \'future_12bar_return:null.1\', \'future_1bar_max_drawdown:null.1\', \'future_1bar_return:null.1\', \'future_2bar_max_drawdown:null.1\', \'future_2bar_return:null.1\', \'future_3bar_max_drawdown:null.1\', \'future_3bar_return:null.1\', \'future_4bar_max_drawdown:null.1\', \'future_4bar_return:null.1\', \'future_5bar_max_drawdown:null.1\', \'future_5bar_return:null.1\', \'future_6bar_max_drawdown:null.1\', \'future_6bar_return:null.1\', \'future_7bar_max_drawdown:null.1\', \'future_7bar_return:null.1\', \'future_8bar_max_drawdown:null.1\', \'future_8bar_return:null.1\', \'future_9bar_max_drawdown:null.1\', \'future_9bar_return:null.1\', \'future_max_drawdown:null.1\', \'future_max_return:null.1\', \'high:2.5\', \'hour_of_day:null.1\', \'low:1.0\', \'market_class:null.1\', \'market_class_name:null.1\', \'market_phase:"down"\', \'open:1.5\', \'past_3day_direction:null.1\', \'past_3day_max_volatility:null.1\', \'past_3day_volume_cv:null.1\', \'positive_case:false\', \'price_change:-1.0\', \'price_position:null.1\', \'prior_abs_change_sum:null.1\', \'prior_range:null.1\', \'prior_volatility:null.1\', \'symbol:"ETHUSDT".1\', \'taker_buy_ratio:null.1\', \'time_range:null.1\', \'timeframe:"12h".1\', \'timestamp:"2024-01-02T00:00:00Z"\', \'trigger_idx:11\', \'volatility_class:null.1\', \'volume:120.0\', \'volume_class:null.1\', \'volume_multiplier:null}]\']）；此為來源對證檔，請改放在 `source_file` 欄並勾選 `verify_source_digest`', 'failures': [{'row': None, 'event_id': None, 'field': 'event_id', 'reason': 'column_not_found_in_file', 'message': "契約欄 'event_id' 對映到 CSV 欄 'event_id'，但檔案標頭沒有這個欄名"}, {'row': None, 'event_id': None, 'field': 't0', 'reason': 'column_not_found_in_file', 'message': "契約欄 't0' 對映到 CSV 欄 'timestamp'，但檔案標頭沒有這個欄名"}, {'row': None, 'event_id': None, 'field': 'label', 'reason': 'column_not_found_in_file', 'message': "契約欄 'label' 對映到 CSV 欄 'positive_case'，但檔案標頭沒有這個欄名"}], 'migration_hint': None, 'detail': None}
02:15:14 [INFO] [0fca464a] POST /api/v1/case/import-events/csv - 422 - 0.010s
02:15:14 [INFO] HTTP Request: POST http://testserver/api/v1/case/import-events/csv "HTTP/1.1 422 Unprocessable Entity"
PASSED                                                                   [ 94%]
tests/api/test_gap3_source_json_hint.py::test_gap3_source_json_hint_not_shown_for_legacy_three_column_file 
-------------------------------- live log call ---------------------------------
02:15:14 [WARNING] HTTP 400: {'kind': 'legacy_schema_detected', 'message': '偵測到舊三欄格式（symbol/timestamp/Positive_case）；新端點只收 event_import_contract 新 schema，不做靜默轉換', 'failures': [], 'migration_hint': {'endpoint': '/api/v1/case/import-events', 'required_fields_absent': ['event_id', 'timeframe', 't0', 'decision_offset_bars', 'entry_price_semantic', 'direction', 'scenario', 'label', 'label_definition', 'control_kind', 'source_file_digest', 'data_snapshot_digest'], 'field_mapping': {'timestamp(秒)': 't0(epoch ms UTC；錨定 TF bar open)', 'Positive_case': 'label(0/1)', 'symbol': 'symbol', 'timeframe': 'timeframe(錨定 TF，必填)'}, 'contract': 'momentum/Analysis/contracts/event_import_contract.json', 'note': '舊 cases.json 不遷移；新 schema 須逐列附 label_definition/control_kind/digest 等欄位'}, 'detail': None}
02:15:14 [INFO] [8440b346] POST /api/v1/case/import-events - 400 - 0.002s
02:15:14 [INFO] HTTP Request: POST http://testserver/api/v1/case/import-events "HTTP/1.1 400 Bad Request"
PASSED                                                                   [ 95%]
tests/api/test_gap3_source_json_hint.py::test_gap3_source_json_hint_not_shown_for_legacy_json_file 
-------------------------------- live log call ---------------------------------
02:15:14 [WARNING] HTTP 400: {'kind': 'legacy_schema_detected', 'message': '偵測到舊三欄格式（symbol/timestamp/Positive_case）；新端點只收 event_import_contract 新 schema，不做靜默轉換', 'failures': [], 'migration_hint': {'endpoint': '/api/v1/case/import-events', 'required_fields_absent': ['event_id', 'timeframe', 't0', 'decision_offset_bars', 'entry_price_semantic', 'direction', 'scenario', 'label', 'label_definition', 'control_kind', 'source_file_digest', 'data_snapshot_digest'], 'field_mapping': {'timestamp(秒)': 't0(epoch ms UTC；錨定 TF bar open)', 'Positive_case': 'label(0/1)', 'symbol': 'symbol', 'timeframe': 'timeframe(錨定 TF，必填)'}, 'contract': 'momentum/Analysis/contracts/event_import_contract.json', 'note': '舊 cases.json 不遷移；新 schema 須逐列附 label_definition/control_kind/digest 等欄位'}, 'detail': None}
02:15:14 [INFO] [43677d71] POST /api/v1/case/import-events - 400 - 0.002s
02:15:14 [INFO] HTTP Request: POST http://testserver/api/v1/case/import-events "HTTP/1.1 400 Bad Request"
PASSED                                                                   [ 95%]
tests/api/test_gap3_source_json_hint.py::test_gap3_source_json_hint_not_shown_for_contract_violation 
-------------------------------- live log call ---------------------------------
02:15:14 [WARNING] HTTP 422: {'kind': 'contract_violation', 'message': '2 筆契約違規（逐列 reason 見 failures；字面＝event_import_contract.json）', 'failures': [{'row': 0, 'event_id': 'ETHUSDT:12h:1704067', 'field': 't0', 'reason': 'invalid_timestamp_unit', 'message': None}, {'row': None, 'event_id': None, 'field': 'label', 'reason': 'missing_control_group', 'message': None}], 'migration_hint': None, 'detail': None}
02:15:14 [INFO] [df07bfc1] POST /api/v1/case/import-events/json - 422 - 0.001s
02:15:14 [INFO] HTTP Request: POST http://testserver/api/v1/case/import-events/json "HTTP/1.1 422 Unprocessable Entity"
PASSED                                                                   [ 96%]
tests/api/test_gap3_source_json_hint.py::test_gap3_source_json_hint_not_shown_for_new_schema_with_leftover_columns 
-------------------------------- live log call ---------------------------------
02:15:14 [WARNING] HTTP 422: {'kind': 'contract_violation', 'message': '4 筆契約違規（逐列 reason 見 failures；字面＝event_import_contract.json）', 'failures': [{'row': 0, 'event_id': 'ETHUSDT:12h:1704067200000', 'field': 'timestamp', 'reason': 'unknown_field', 'message': None}, {'row': 0, 'event_id': 'ETHUSDT:12h:1704067200000', 'field': 'positive_case', 'reason': 'unknown_field', 'message': None}, {'row': 0, 'event_id': 'ETHUSDT:12h:1704067200000', 'field': 'price_change', 'reason': 'unknown_field', 'message': None}, {'row': None, 'event_id': None, 'field': 'label', 'reason': 'missing_control_group', 'message': None}], 'migration_hint': None, 'detail': None}
02:15:14 [INFO] [e9d60c6e] POST /api/v1/case/import-events - 422 - 0.002s
02:15:14 [INFO] HTTP Request: POST http://testserver/api/v1/case/import-events "HTTP/1.1 422 Unprocessable Entity"
PASSED                                                                   [ 96%]
tests/api/test_gap3_source_json_hint.py::test_gap3_source_json_hint_detector_shape_only PASSED [ 96%]
tests/api/test_gap3_source_json_hint.py::test_gap3_source_json_hint_rejects_wrong_marker_types PASSED [ 97%]
tests/api/test_gap3_source_json_hint.py::test_gap3_source_json_hint_literal_lives_in_contract_module PASSED [ 97%]
tests/api/test_gap3_t0_unit_detect.py::test_gap3_t0_unit_detect_milliseconds_passthrough PASSED [ 97%]
tests/api/test_gap3_t0_unit_detect.py::test_gap3_t0_unit_detect_seconds_scaled_exact PASSED [ 98%]
tests/api/test_gap3_t0_unit_detect.py::test_gap3_t0_unit_detect_undetectable_rejected_without_guessing PASSED [ 98%]
tests/api/test_gap3_t0_unit_detect.py::test_gap3_t0_unit_detect_bands_are_disjoint PASSED [ 98%]
tests/api/test_gap3_t0_unit_detect.py::test_gap3_t0_unit_detect_shared_by_json_path 
-------------------------------- live log call ---------------------------------
02:15:14 [INFO] [9c3a2089] POST /api/v1/case/import-events/json - 200 - 0.002s
02:15:14 [INFO] HTTP Request: POST http://testserver/api/v1/case/import-events/json "HTTP/1.1 200 OK"
02:15:14 [INFO] [23021cc2] GET /api/v1/case/events/20260828T181514Z-ee70d9cf - 200 - 0.001s
02:15:14 [INFO] HTTP Request: GET http://testserver/api/v1/case/events/20260828T181514Z-ee70d9cf "HTTP/1.1 200 OK"
PASSED                                                                   [ 99%]
tests/api/test_gap3_t0_unit_detect.py::test_gap3_t0_unit_detect_shared_by_csv_mapping_path 
-------------------------------- live log call ---------------------------------
02:15:14 [INFO] [d64855ee] POST /api/v1/case/import-events/csv - 200 - 0.004s
02:15:14 [INFO] HTTP Request: POST http://testserver/api/v1/case/import-events/csv "HTTP/1.1 200 OK"
02:15:14 [INFO] [49d3c975] GET /api/v1/case/events/20260828T181514Z-8fa2b05a - 200 - 0.001s
02:15:14 [INFO] HTTP Request: GET http://testserver/api/v1/case/events/20260828T181514Z-8fa2b05a "HTTP/1.1 200 OK"
PASSED                                                                   [ 99%]
tests/api/test_gap3_t0_unit_detect.py::test_gap3_t0_unit_detect_undetectable_still_rejected_end_to_end 
-------------------------------- live log call ---------------------------------
02:15:14 [WARNING] HTTP 422: {'kind': 'contract_violation', 'message': '1 筆契約違規（逐列 reason 見 failures；字面＝event_import_contract.json）', 'failures': [{'row': 0, 'event_id': 'ETHUSDT:12h:1000000', 'field': 't0', 'reason': 'invalid_timestamp_unit', 'message': None}], 'migration_hint': None, 'detail': None}
02:15:14 [INFO] [ea1e587f] POST /api/v1/case/import-events/json - 422 - 0.001s
02:15:14 [INFO] HTTP Request: POST http://testserver/api/v1/case/import-events/json "HTTP/1.1 422 Unprocessable Entity"
02:15:14 [INFO] [88299519] GET /api/v1/case/events - 200 - 0.000s
02:15:14 [INFO] HTTP Request: GET http://testserver/api/v1/case/events "HTTP/1.1 200 OK"
PASSED                                                                   [100%]

=============================== warnings summary ===============================
venv/lib/python3.9/site-packages/fastapi/applications.py:1051
  /Users/louis/Desktop/quantitative_trading_system/venv/lib/python3.9/site-packages/fastapi/applications.py:1051: PytestCollectionWarning: cannot collect 'test_app' because it is not a function.
    async def __call__(self, scope: Scope, receive: Receive, send: Send) -> None:

tests/api/test_gap3_event_analysis_horizon_purge.py::test_event_analysis_horizon_purge_11c_legacy_timestamps_only_still_accepted
  /Users/louis/Desktop/quantitative_trading_system/momentum/Analysis/ic_engine.py:963: OptimizeWarning: Covariance of the parameters could not be estimated
    params, _ = optimize.curve_fit(model, x, y, maxfev=2000)

-- Docs: https://docs.pytest.org/en/stable/how-to/capture-warnings.html
=============== 279 passed, 504 deselected, 2 warnings in 17.72s ===============
rc=0
=== A5 ===

> frontend@0.1.0 build
> next build

   ▲ Next.js 15.3.4
   - Environments: .env.local

   Creating an optimized production build ...
 ✓ Compiled successfully in 2000ms
   Linting and checking validity of types ...

./src/components/feature-factory/FeatureTable.tsx
269:6  Warning: React Hook useEffect has missing dependencies: 'sortBy' and 'sortOrder'. Either include them or remove the dependency array.  react-hooks/exhaustive-deps

./src/components/feature-factory/GenerationProgress.tsx
199:6  Warning: React Hook useEffect has a missing dependency: 'enqueueCompletion'. Either include it or remove the dependency array.  react-hooks/exhaustive-deps

./src/components/ic-analysis/NetICChart.tsx
109:9  Warning: The 'features' conditional could make the dependencies of useMemo Hook (at line 114) change on every render. To fix this, wrap the initialization of 'features' in its own useMemo() Hook.  react-hooks/exhaustive-deps

./src/components/pattern/details/charts/RegimeClusterChart.tsx
66:9  Warning: The 'clusterStats' logical expression could make the dependencies of useMemo Hook (at line 76) change on every render. To fix this, wrap the initialization of 'clusterStats' in its own useMemo() Hook.  react-hooks/exhaustive-deps
66:9  Warning: The 'clusterStats' logical expression could make the dependencies of useMemo Hook (at line 87) change on every render. To fix this, wrap the initialization of 'clusterStats' in its own useMemo() Hook.  react-hooks/exhaustive-deps

./src/test/hashEntrySpy.ts
22:3  Warning: Unused eslint-disable directive (no problems were reported from 'no-var').

info  - Need to disable some ESLint rules? Learn more here: https://nextjs.org/docs/app/api-reference/config/eslint#disabling-rules
   Collecting page data ...
   Generating static pages (0/21) ...
   Generating static pages (5/21) 
   Generating static pages (10/21) 
   Generating static pages (15/21) 
 ✓ Generating static pages (21/21)
   Finalizing page optimization ...
   Collecting build traces ...

Route (app)                                          Size  First Load JS
┌ ○ /                                               176 B         105 kB
├ ○ /_not-found                                     990 B         103 kB
├ ○ /chart                                         4.8 kB         162 kB
├ ○ /charts                                       10.8 kB         173 kB
├ ○ /data-preparation                             16.2 kB         123 kB
├ ○ /feature-factory                              84.7 kB         356 kB
├ ○ /ic-analysis                                    51 kB         389 kB
├ ○ /lstm-model                                   8.06 kB         217 kB
├ ○ /optimization-execution                       4.33 kB         150 kB
├ ƒ /optimization-execution/result/[taskId]       5.67 kB         285 kB
├ ○ /optimization-hyperparameter                  2.16 kB         152 kB
├ ƒ /optimization-hyperparameter/result/[taskId]  2.35 kB         225 kB
├ ƒ /optimization-result/[taskId]                 16.6 kB         276 kB
├ ƒ /optimization-result/[taskId]/pipeline        5.87 kB         167 kB
├ ○ /patterns                                     6.91 kB         230 kB
├ ƒ /patterns/[id]                                3.95 kB         112 kB
├ ƒ /patterns/analysis/[caseId]                   4.62 kB         261 kB
├ ○ /patterns/create                              2.45 kB         110 kB
├ ○ /patterns/xgboost-analysis                    13.1 kB         341 kB
├ ƒ /patterns/xgboost-analysis/[task_id]/details  2.24 kB         291 kB
├ ○ /pending-features                             3.48 kB         113 kB
├ ○ /result                                       7.17 kB         109 kB
├ ○ /search                                       21.7 kB         235 kB
├ ○ /strategy-demo                                7.38 kB         169 kB
└ ○ /strategy-test                                27.9 kB         176 kB
+ First Load JS shared by all                      102 kB
  ├ chunks/1684-344e2bd830439ec7.js               46.4 kB
  ├ chunks/4bd1b696-4a894461da942b84.js           53.2 kB
  └ other shared chunks (total)                    2.1 kB


○  (Static)   prerendered as static content
ƒ  (Dynamic)  server-rendered on demand

rc=0
=== A6 ===

> frontend@0.1.0 test
> vitest run --run


 RUN  v4.1.5 /Users/louis/Desktop/quantitative_trading_system/frontend

Not implemented: navigation to another Document
Not implemented: navigation to another Document
Not implemented: navigation to another Document
Not implemented: navigation to another Document
Not implemented: navigation to another Document
Not implemented: navigation to another Document
Not implemented: navigation to another Document
Not implemented: navigation to another Document
Not implemented: navigation to another Document
Not implemented: navigation to another Document
Not implemented: navigation to another Document
Not implemented: navigation to another Document
Not implemented: navigation to another Document
Not implemented: navigation to another Document
Not implemented: navigation to another Document
Not implemented: navigation to another Document
Not implemented: navigation to another Document
Not implemented: navigation to another Document
Not implemented: navigation to another Document
Not implemented: navigation to another Document
Not implemented: navigation to another Document
Not implemented: navigation to another Document
Not implemented: navigation to another Document
Not implemented: navigation to another Document
Not implemented: navigation to another Document
Not implemented: navigation to another Document
Not implemented: navigation to another Document
Not implemented: navigation to another Document
Not implemented: navigation to another Document
Not implemented: navigation to another Document
Not implemented: navigation to another Document
Not implemented: navigation to another Document
Not implemented: navigation to another Document
Not implemented: navigation to another Document
Not implemented: navigation to another Document
Not implemented: navigation to another Document
Not implemented: navigation to another Document
Not implemented: navigation to another Document
Not implemented: navigation to another Document
Not implemented: navigation to another Document
Not implemented: navigation to another Document
Not implemented: navigation to another Document
Not implemented: navigation to another Document
Not implemented: navigation to another Document
Not implemented: navigation to another Document
Not implemented: navigation to another Document
Not implemented: navigation to another Document
Not implemented: navigation to another Document
Not implemented: navigation to another Document
Not implemented: navigation to another Document
Not implemented: navigation to another Document
Not implemented: navigation to another Document
Not implemented: navigation to another Document
Not implemented: navigation to another Document

 Test Files  68 passed (68)
      Tests  419 passed (419)
   Start at  02:15:32
   Duration  14.70s (transform 3.47s, setup 1.16s, import 19.28s, tests 19.54s, environment 50.65s)

rc=0
=== A7 ===
[plain_docs_sync] ✓ 白話說明 全數同步（受管 13 檔，判準＝說明檔不早於其 WATCHED）
rc=0
=== A8 ===
2026-08-29 02:15:48,898 - momentum.Indicators.indicator_engine - INFO - Registered indicator: ema -> EMAIndicator
[2026-08-29 02:15:49,001] INFO momentum.FeatureEngineering.strategy_registry: ✅ 成功註冊 EMAExtractor
2026-08-29 02:15:49,001 - momentum.FeatureEngineering.strategy_registry - INFO - ✅ 成功註冊 EMAExtractor
[2026-08-29 02:15:50,839] INFO momentum.Analysis.ic_config_schema: IC config loaded
2026-08-29 02:15:50,839 - momentum.Analysis.ic_config_schema - INFO - IC config loaded
2026-08-29 02:15:50,840 - momentum.DataExtraction.kline_storage - INFO - KlineStorageManager initialized: data_cache/feature_klines/kline_cache.h5
2026-08-29 02:15:50,844 - h5py._conv - DEBUG - Creating converter from 3 to 5
[2026-08-29 02:15:50,847] WARNING momentum.Analysis.ic_filter_orchestrator: Falling back to configured label horizon because labels_df is unavailable
2026-08-29 02:15:50,847 - momentum.Analysis.ic_filter_orchestrator - WARNING - Falling back to configured label horizon because labels_df is unavailable
[2026-08-29 02:15:50,847] WARNING momentum.Analysis.ic_filter_orchestrator: Falling back to configured label horizon because labels_df is unavailable
2026-08-29 02:15:50,847 - momentum.Analysis.ic_filter_orchestrator - WARNING - Falling back to configured label horizon because labels_df is unavailable
[2026-08-29 02:15:50,872] INFO momentum.Analysis.data_preprocessor: Data preprocessing complete: columns=14 fit_mode=train_mask oos_guarantees=True
2026-08-29 02:15:50,872 - momentum.Analysis.data_preprocessor - INFO - Data preprocessing complete: columns=14 fit_mode=train_mask oos_guarantees=True
2026-08-29 02:15:50,876 - momentum.DataExtraction.kline_storage - DEBUG - Continuity check passed for ETHUSDT/12h: 1696 bars are continuous
2026-08-29 02:15:50,876 - momentum.DataExtraction.kline_storage - INFO - Read 1696 klines from ETHUSDT/12h in 0.004s
[2026-08-29 02:15:50,877] WARNING momentum.Analysis.ic_filter_orchestrator: Falling back to configured label horizon because labels_df is unavailable
2026-08-29 02:15:50,877 - momentum.Analysis.ic_filter_orchestrator - WARNING - Falling back to configured label horizon because labels_df is unavailable
[2026-08-29 02:15:51,188] INFO momentum.Analysis.ic_engine: IC autocorr persistent: count=14
2026-08-29 02:15:51,188 - momentum.Analysis.ic_engine - INFO - IC autocorr persistent: count=14
2026-08-29 02:15:51,191 - momentum.DataExtraction.kline_storage - DEBUG - Continuity check passed for ETHUSDT/12h: 1696 bars are continuous
2026-08-29 02:15:51,191 - momentum.DataExtraction.kline_storage - INFO - Read 1696 klines from ETHUSDT/12h in 0.003s
[2026-08-29 02:15:51,322] INFO momentum.Analysis.ic_engine: Decay: 4/14 fit warnings summarized (low_r2=4)
2026-08-29 02:15:51,322 - momentum.Analysis.ic_engine - INFO - Decay: 4/14 fit warnings summarized (low_r2=4)
[2026-08-29 02:15:57,410] INFO momentum.Analysis.redundancy_filter: Redundancy filter completed: method=greedy input=2 output=2
2026-08-29 02:15:57,410 - momentum.Analysis.redundancy_filter - INFO - Redundancy filter completed: method=greedy input=2 output=2
[2026-08-29 02:16:00,443] INFO momentum.Analysis.ic_filter_orchestrator: IC stage6b marginal_ic: status=ok reason=None survivors=2 removed=0 n_regressions=4 fit_scope=train
2026-08-29 02:16:00,443 - momentum.Analysis.ic_filter_orchestrator - INFO - IC stage6b marginal_ic: status=ok reason=None survivors=2 removed=0 n_regressions=4 fit_scope=train
2026-08-29 02:16:00,445 - h5py._conv - DEBUG - Creating converter from 5 to 3
[2026-08-29 02:16:00,445] INFO momentum.Analysis.ic_reporter: Filtered features saved: /var/folders/_c/3xdf41hd3tvgxpx63mrml2c00000gn/T/gap3_golden_chk_gnk9dpu5/features/ETHUSDT_12h_filtered.h5
2026-08-29 02:16:00,445 - momentum.Analysis.ic_reporter - INFO - Filtered features saved: /var/folders/_c/3xdf41hd3tvgxpx63mrml2c00000gn/T/gap3_golden_chk_gnk9dpu5/features/ETHUSDT_12h_filtered.h5
[2026-08-29 02:16:00,491] INFO momentum.Analysis.ic_reporter: IC report saved: /var/folders/_c/3xdf41hd3tvgxpx63mrml2c00000gn/T/gap3_golden_chk_gnk9dpu5/reports/ic_report_ic_gatekeeper.json
2026-08-29 02:16:00,491 - momentum.Analysis.ic_reporter - INFO - IC report saved: /var/folders/_c/3xdf41hd3tvgxpx63mrml2c00000gn/T/gap3_golden_chk_gnk9dpu5/reports/ic_report_ic_gatekeeper.json
[2026-08-29 02:16:00,494] INFO momentum.Analysis.ic_reporter: IC survivor output saved: /var/folders/_c/3xdf41hd3tvgxpx63mrml2c00000gn/T/gap3_golden_chk_gnk9dpu5/reports/ic_survivors_ic_gatekeeper.json
2026-08-29 02:16:00,494 - momentum.Analysis.ic_reporter - INFO - IC survivor output saved: /var/folders/_c/3xdf41hd3tvgxpx63mrml2c00000gn/T/gap3_golden_chk_gnk9dpu5/reports/ic_survivors_ic_gatekeeper.json
[2026-08-29 02:16:00,540] INFO momentum.Analysis.ic_reporter: IC report saved: /var/folders/_c/3xdf41hd3tvgxpx63mrml2c00000gn/T/gap3_golden_chk_gnk9dpu5/reports/ic_report_ic_gatekeeper.json
2026-08-29 02:16:00,540 - momentum.Analysis.ic_reporter - INFO - IC report saved: /var/folders/_c/3xdf41hd3tvgxpx63mrml2c00000gn/T/gap3_golden_chk_gnk9dpu5/reports/ic_report_ic_gatekeeper.json
[gap3_freeze_golden] CHECK PASS canonical_sha=163c4cecb1006dc42dea0804acc365d83fe7cdbaf05ba64b1d794168dd67e463
rc=0
=== A9 ===
frontend/src/components/ic-analysis/FactorReturnChart.test.tsx(206,69): error TS2322: Type '"legacy_v0"' is not assignable to type '"fr_full_v1"'.
frontend/src/components/ic-analysis/FactorReturnChart.test.tsx(210,38): error TS2322: Type '"cross_section_ls"' is not assignable to type '"single_asset_factor_timing_ls"'.
frontend/src/components/ic-analysis/FactorReturnChart.test.tsx(215,38): error TS2322: Type '"full_sample"' is not assignable to type '"pit_expanding"'.
frontend/src/components/ic-analysis/FactorReturnChart.test.tsx(223,38): error TS2322: Type '"log"' is not assignable to type '"identity"'.
frontend/src/hooks/useFeatureFactory.batchDate.test.ts(55,62): error TS2493: Tuple type '[]' of length '0' has no element at index '1'.
frontend/src/hooks/useFeatureFactory.batchDate.test.ts(55,66): error TS2339: Property 'body' does not exist on type 'never'.
frontend/src/hooks/useFeatureFactory.batchDate.test.ts(75,62): error TS2493: Tuple type '[]' of length '0' has no element at index '1'.
frontend/src/hooks/useFeatureFactory.batchDate.test.ts(75,66): error TS2339: Property 'body' does not exist on type 'never'.
rc=1
UAT_A_DONE
