============================= test session starts ==============================
platform darwin -- Python 3.9.6, pytest-8.4.2, pluggy-1.6.0
rootdir: /Users/louis/Desktop/quantitative_trading_system
configfile: pytest.ini
plugins: asyncio-1.2.0, anyio-4.10.0, cov-7.0.0
asyncio: mode=strict, debug=False, asyncio_default_fixture_loop_scope=None, asyncio_default_test_loop_scope=function

----------------------------- live log collection ------------------------------
05:38:20 [INFO] Loaded feature registry with 11 entries
collected 1042 items

tests/momentum/Analysis/model_validation/test_combinatorial_purged_cv.py::test_P1_too_few_groups PASSED [  0%]
tests/momentum/Analysis/model_validation/test_combinatorial_purged_cv.py::test_P2_test_groups_exceed PASSED [  0%]
tests/momentum/Analysis/model_validation/test_combinatorial_purged_cv.py::test_P3_path_sampling_coverage PASSED [  0%]
tests/momentum/Analysis/model_validation/test_combinatorial_purged_cv.py::test_P4_small_group 
-------------------------------- live log call ---------------------------------
05:38:21 [WARNING] CombinatorialPurgedCV: group 樣本數 < 20
PASSED                                                                   [  0%]
tests/momentum/Analysis/model_validation/test_combinatorial_purged_cv.py::test_P5_purge_exceeds_group 
-------------------------------- live log call ---------------------------------
05:38:21 [WARNING] CombinatorialPurgedCV: group 樣本數 < 20
PASSED                                                                   [  0%]
tests/momentum/Analysis/model_validation/test_combinatorial_purged_cv.py::test_P6_single_path_failure 
-------------------------------- live log call ---------------------------------
05:38:21 [WARNING] CombinatorialPurgedCV: path 0 訓練失敗，跳過 (failed)
05:38:21 [WARNING] CombinatorialPurgedCV: path 1 訓練失敗，跳過 (failed)
05:38:21 [WARNING] CombinatorialPurgedCV: path 2 訓練失敗，跳過 (failed)
05:38:21 [WARNING] CombinatorialPurgedCV: path 3 訓練失敗，跳過 (failed)
05:38:21 [WARNING] CombinatorialPurgedCV: path 4 訓練失敗，跳過 (failed)
05:38:21 [WARNING] CombinatorialPurgedCV: path 5 訓練失敗，跳過 (failed)
05:38:21 [WARNING] CombinatorialPurgedCV: path 6 訓練失敗，跳過 (failed)
05:38:21 [WARNING] CombinatorialPurgedCV: path 7 訓練失敗，跳過 (failed)
05:38:21 [WARNING] CombinatorialPurgedCV: path 8 訓練失敗，跳過 (failed)
05:38:21 [WARNING] CombinatorialPurgedCV: path 9 訓練失敗，跳過 (failed)
05:38:21 [WARNING] CombinatorialPurgedCV: path 10 訓練失敗，跳過 (failed)
05:38:21 [WARNING] CombinatorialPurgedCV: path 11 訓練失敗，跳過 (failed)
05:38:21 [WARNING] CombinatorialPurgedCV: path 12 訓練失敗，跳過 (failed)
05:38:21 [WARNING] CombinatorialPurgedCV: path 13 訓練失敗，跳過 (failed)
05:38:21 [WARNING] CombinatorialPurgedCV: path 14 訓練失敗，跳過 (failed)
PASSED                                                                   [  0%]
tests/momentum/Analysis/model_validation/test_combinatorial_purged_cv.py::test_P7_all_paths_nan 
-------------------------------- live log call ---------------------------------
05:38:21 [WARNING] CombinatorialPurgedCV: path 0 訓練失敗，跳過 (This solver needs samples of at least 2 classes in the data, but the data contains only one class: 1)
05:38:21 [WARNING] CombinatorialPurgedCV: path 1 訓練失敗，跳過 (This solver needs samples of at least 2 classes in the data, but the data contains only one class: 1)
05:38:21 [WARNING] CombinatorialPurgedCV: path 2 訓練失敗，跳過 (This solver needs samples of at least 2 classes in the data, but the data contains only one class: 1)
05:38:21 [WARNING] CombinatorialPurgedCV: path 3 訓練失敗，跳過 (This solver needs samples of at least 2 classes in the data, but the data contains only one class: 1)
05:38:21 [WARNING] CombinatorialPurgedCV: path 4 訓練失敗，跳過 (This solver needs samples of at least 2 classes in the data, but the data contains only one class: 1)
05:38:21 [WARNING] CombinatorialPurgedCV: path 5 訓練失敗，跳過 (This solver needs samples of at least 2 classes in the data, but the data contains only one class: 1)
05:38:21 [WARNING] CombinatorialPurgedCV: path 6 訓練失敗，跳過 (This solver needs samples of at least 2 classes in the data, but the data contains only one class: 1)
05:38:21 [WARNING] CombinatorialPurgedCV: path 7 訓練失敗，跳過 (This solver needs samples of at least 2 classes in the data, but the data contains only one class: 1)
05:38:21 [WARNING] CombinatorialPurgedCV: path 8 訓練失敗，跳過 (This solver needs samples of at least 2 classes in the data, but the data contains only one class: 1)
05:38:21 [WARNING] CombinatorialPurgedCV: path 9 訓練失敗，跳過 (This solver needs samples of at least 2 classes in the data, but the data contains only one class: 1)
05:38:21 [WARNING] CombinatorialPurgedCV: path 10 訓練失敗，跳過 (This solver needs samples of at least 2 classes in the data, but the data contains only one class: 1)
05:38:21 [WARNING] CombinatorialPurgedCV: path 11 訓練失敗，跳過 (This solver needs samples of at least 2 classes in the data, but the data contains only one class: 1)
05:38:21 [WARNING] CombinatorialPurgedCV: path 12 訓練失敗，跳過 (This solver needs samples of at least 2 classes in the data, but the data contains only one class: 1)
05:38:21 [WARNING] CombinatorialPurgedCV: path 13 訓練失敗，跳過 (This solver needs samples of at least 2 classes in the data, but the data contains only one class: 1)
05:38:21 [WARNING] CombinatorialPurgedCV: path 14 訓練失敗，跳過 (This solver needs samples of at least 2 classes in the data, but the data contains only one class: 1)
PASSED                                                                   [  0%]
tests/momentum/Analysis/model_validation/test_combinatorial_purged_cv.py::test_P8_standard_6_2_cpcv PASSED [  0%]
tests/momentum/Analysis/model_validation/test_combinatorial_purged_cv.py::test_P9_embargo_empties_train PASSED [  0%]
tests/momentum/Analysis/model_validation/test_combinatorial_purged_cv.py::test_validate_schema PASSED [  0%]
tests/momentum/Analysis/model_validation/test_combinatorial_purged_cv.py::test_split_indices_do_not_overlap PASSED [  1%]
tests/momentum/Analysis/model_validation/test_combinatorial_purged_cv.py::test_validate_returns_summary_statistics PASSED [  1%]
tests/momentum/Analysis/model_validation/test_combinatorial_purged_cv.py::test_generate_backtest_paths_schema PASSED [  1%]
tests/momentum/Analysis/model_validation/test_combinatorial_purged_cv.py::test_validate_path_results_lengths_consistent PASSED [  1%]
tests/momentum/Analysis/model_validation/test_combinatorial_purged_cv.py::test_validate_path_aucs_within_valid_range PASSED [  1%]
tests/momentum/Analysis/model_validation/test_walk_forward_validator.py::test_W1_data_too_short PASSED [  1%]
tests/momentum/Analysis/model_validation/test_walk_forward_validator.py::test_W2_small_train_window 
-------------------------------- live log call ---------------------------------
05:38:21 [WARNING] WalkForwardValidator: train_size < 50，結果可能不穩定
PASSED                                                                   [  1%]
tests/momentum/Analysis/model_validation/test_walk_forward_validator.py::test_W3_minimal_periods 
-------------------------------- live log call ---------------------------------
05:38:22 [WARNING] WalkForwardValidator: 可用 period 少於等於 2
PASSED                                                                   [  1%]
tests/momentum/Analysis/model_validation/test_walk_forward_validator.py::test_W4_single_class_test_period PASSED [  1%]
tests/momentum/Analysis/model_validation/test_walk_forward_validator.py::test_W5_step_larger_than_test 
-------------------------------- live log call ---------------------------------
05:38:22 [WARNING] WalkForwardValidator: step_size > test_size，允許但可能跳躍過大
PASSED                                                                   [  1%]
tests/momentum/Analysis/model_validation/test_walk_forward_validator.py::test_W6_purge_exceeds_test PASSED [  2%]
tests/momentum/Analysis/model_validation/test_walk_forward_validator.py::test_W7_training_failure_single_period 
-------------------------------- live log call ---------------------------------
05:38:22 [WARNING] WalkForwardValidator: period 0 訓練失敗，跳過 (boom)
05:38:22 [WARNING] WalkForwardValidator: period 1 訓練失敗，跳過 (boom)
05:38:22 [WARNING] WalkForwardValidator: period 2 訓練失敗，跳過 (boom)
05:38:22 [WARNING] WalkForwardValidator: period 3 訓練失敗，跳過 (boom)
05:38:22 [WARNING] WalkForwardValidator: period 4 訓練失敗，跳過 (boom)
05:38:22 [WARNING] WalkForwardValidator: period 5 訓練失敗，跳過 (boom)
05:38:22 [WARNING] WalkForwardValidator: period 6 訓練失敗，跳過 (boom)
05:38:22 [WARNING] WalkForwardValidator: period 7 訓練失敗，跳過 (boom)
05:38:22 [WARNING] WalkForwardValidator: period 8 訓練失敗，跳過 (boom)
05:38:22 [WARNING] WalkForwardValidator: period 9 訓練失敗，跳過 (boom)
05:38:22 [WARNING] WalkForwardValidator: period 10 訓練失敗，跳過 (boom)
05:38:22 [WARNING] WalkForwardValidator: period 11 訓練失敗，跳過 (boom)
05:38:22 [WARNING] WalkForwardValidator: period 12 訓練失敗，跳過 (boom)
05:38:22 [WARNING] WalkForwardValidator: period 13 訓練失敗，跳過 (boom)
PASSED                                                                   [  2%]
tests/momentum/Analysis/model_validation/test_walk_forward_validator.py::test_W8_both_modes PASSED [  2%]
tests/momentum/Analysis/model_validation/test_walk_forward_validator.py::test_W9_all_periods_below_random PASSED [  2%]
tests/momentum/Analysis/model_validation/test_walk_forward_validator.py::test_W10_expanding_memory_warning PASSED [  2%]
tests/momentum/Analysis/model_validation/test_walk_forward_validator.py::test_rolling_basic_metrics PASSED [  2%]
tests/momentum/Analysis/model_validation/test_walk_forward_validator.py::test_validate_default_returns_rolling_key PASSED [  2%]
tests/momentum/Analysis/model_validation/test_walk_forward_validator.py::test_validate_expanding_returns_expanding_key PASSED [  2%]
tests/momentum/Analysis/model_validation/test_walk_forward_validator.py::test_rolling_report_contains_period_ranges PASSED [  2%]
tests/momentum/Analysis/model_validation/test_walk_forward_validator.py::test_rolling_feature_stability_has_reasonable_ratio PASSED [  2%]
tests/momentum/Analysis/test_adversarial_validator.py::test_A1_feature_name_mismatch PASSED [  2%]
tests/momentum/Analysis/test_adversarial_validator.py::test_A2_tiny_test_set 
-------------------------------- live log call ---------------------------------
05:38:23 [WARNING] AdversarialValidator: X_test < 20，AUC 可能不可靠
PASSED                                                                   [  3%]
tests/momentum/Analysis/test_adversarial_validator.py::test_A3_identical_distributions PASSED [  3%]
tests/momentum/Analysis/test_adversarial_validator.py::test_A4_no_timestamps_skip_leakage PASSED [  3%]
tests/momentum/Analysis/test_adversarial_validator.py::test_A5_extreme_future_window PASSED [  3%]
tests/momentum/Analysis/test_adversarial_validator.py::test_A6_all_features_drifted PASSED [  3%]
tests/momentum/Analysis/test_adversarial_validator.py::test_A7_all_nan_feature 
-------------------------------- live log call ---------------------------------
05:38:25 [WARNING] AdversarialValidator: nan_feature 全 NaN，跳過 KS/PSI
PASSED                                                                   [  3%]
tests/momentum/Analysis/test_adversarial_validator.py::test_A8_empty_dataset PASSED [  3%]
tests/momentum/Analysis/test_adversarial_validator.py::test_distribution_drift_detected PASSED [  3%]
tests/momentum/Analysis/test_adversarial_validator.py::test_full_validation_schema PASSED [  3%]
tests/momentum/Analysis/test_adversarial_validator.py::test_feature_level_tests_returns_expected_schema PASSED [  3%]
tests/momentum/Analysis/test_adversarial_validator.py::test_detect_leakage_schema PASSED [  4%]
tests/momentum/Analysis/test_adversarial_validator.py::test_full_validation_recommendations_type PASSED [  4%]
tests/momentum/Analysis/test_analysis_exporter.py::test_export_model_performance_json_envelope PASSED [  4%]
tests/momentum/Analysis/test_analysis_exporter.py::test_export_feature_importance_csv_contains_header_and_rows PASSED [  4%]
tests/momentum/Analysis/test_analysis_exporter.py::test_export_enhancement_markdown_contains_scope_and_sections PASSED [  4%]
tests/momentum/Analysis/test_analysis_exporter.py::test_export_full_report_json_contains_all_sections PASSED [  4%]
tests/momentum/Analysis/test_analysis_exporter.py::test_export_by_scope_supports_calibration PASSED [  4%]
tests/momentum/Analysis/test_analysis_exporter.py::test_sanitize_nan_and_numpy_types_to_json_serializable PASSED [  4%]
tests/momentum/Analysis/test_analysis_exporter.py::test_export_by_scope_accepts_string_format_json PASSED [  4%]
tests/momentum/Analysis/test_factor_exposure_analyzer.py::test_single_asset_mode PASSED [  4%]
tests/momentum/Analysis/test_factor_exposure_analyzer.py::test_hhi_normalization PASSED [  4%]
tests/momentum/Analysis/test_factor_exposure_analyzer.py::test_unnormalized_weights PASSED [  5%]
tests/momentum/Analysis/test_factor_exposure_analyzer.py::test_nan_factor_returns_exposure PASSED [  5%]
tests/momentum/Analysis/test_factor_exposure_analyzer.py::test_zero_r_squared PASSED [  5%]
tests/momentum/Analysis/test_factor_orthogonalizer.py::test_single_factor_orth PASSED [  5%]
tests/momentum/Analysis/test_factor_orthogonalizer.py::test_already_orthogonal PASSED [  5%]
tests/momentum/Analysis/test_factor_orthogonalizer.py::test_near_zero_residual PASSED [  5%]
tests/momentum/Analysis/test_factor_orthogonalizer.py::test_underdetermined_system PASSED [  5%]
tests/momentum/Analysis/test_factor_orthogonalizer.py::test_default_priority_order PASSED [  5%]
tests/momentum/Analysis/test_factor_orthogonalizer.py::test_nan_factors_orth PASSED [  5%]
tests/momentum/Analysis/test_factor_orthogonalizer.py::test_pca_outputs_components_and_loadings PASSED [  5%]
tests/momentum/Analysis/test_feature_quality_diagnostics.py::test_all_nan_feature_quality PASSED [  6%]
tests/momentum/Analysis/test_feature_quality_diagnostics.py::test_constant_feature_quality PASSED [  6%]
tests/momentum/Analysis/test_feature_quality_diagnostics.py::test_insufficient_adf_samples PASSED [  6%]
tests/momentum/Analysis/test_feature_quality_diagnostics.py::test_no_rolling_ic_for_drift PASSED [  6%]
tests/momentum/Analysis/test_feature_quality_diagnostics.py::test_single_feature_quality PASSED [  6%]
tests/momentum/Analysis/test_feature_quality_diagnostics.py::test_adf_timeout_single PASSED [  6%]
tests/momentum/Analysis/test_feature_toggle_registry.py::test_registry_default_counts PASSED [  6%]
tests/momentum/Analysis/test_feature_toggle_registry.py::test_T1_locked_feature_cannot_disable PASSED [  6%]
tests/momentum/Analysis/test_feature_toggle_registry.py::test_T2_disable_upstream_cascade PASSED [  6%]
tests/momentum/Analysis/test_feature_toggle_registry.py::test_T3_enable_dependency_not_satisfied PASSED [  6%]
tests/momentum/Analysis/test_feature_toggle_registry.py::test_T4_apply_essential_only PASSED [  7%]
tests/momentum/Analysis/test_feature_toggle_registry.py::test_T5_apply_full PASSED [  7%]
tests/momentum/Analysis/test_feature_toggle_registry.py::test_T6_unknown_feature_id PASSED [  7%]
tests/momentum/Analysis/test_feature_toggle_registry.py::test_T7_invalid_yaml_fallback_to_recommended 
-------------------------------- live log call ---------------------------------
05:38:28 [WARNING] Feature toggle yaml 載入失敗，使用硬編碼預設: while parsing a flow node
expected the node content, but found '<stream end>'
  in "/private/var/folders/_c/3xdf41hd3tvgxpx63mrml2c00000gn/T/pytest-of-louis/pytest-188/test_T7_invalid_yaml_fallback_0/broken.yaml", line 1, column 19
PASSED                                                                   [  7%]
tests/momentum/Analysis/test_feature_toggle_registry.py::test_T8_detect_cycle_dependency PASSED [  7%]
tests/momentum/Analysis/test_feature_toggle_registry.py::test_register_duplicate_feature_id PASSED [  7%]
tests/momentum/Analysis/test_feature_toggle_registry.py::test_validate_dependencies_returns_error_when_dependency_disabled PASSED [  7%]
tests/momentum/Analysis/test_feature_toggle_registry.py::test_to_config_dict_contains_presets_and_toggles PASSED [  7%]
tests/momentum/Analysis/test_ic_1a_cut1_golden.py::test_flag_off_deep_equal_baseline SKIPPED [  7%]
tests/momentum/Analysis/test_ic_1a_cut1_golden.py::test_flag_on_matches_new_golden SKIPPED [  7%]
tests/momentum/Analysis/test_ic_1a_cut1_leakage.py::test_winsor_bounds_from_train_only PASSED [  7%]
tests/momentum/Analysis/test_ic_1a_cut1_leakage.py::test_standardize_params_from_train_only PASSED [  8%]
tests/momentum/Analysis/test_ic_1a_cut1_leakage.py::test_coverage_from_train_only PASSED [  8%]
tests/momentum/Analysis/test_ic_1a_cut1_leakage.py::test_constant_from_train_only PASSED [  8%]
tests/momentum/Analysis/test_ic_1a_cut1_leakage.py::test_preprocess_legacy_no_mask_unchanged 
-------------------------------- live log call ---------------------------------
05:38:28 [INFO] Data preprocessing complete: columns=5
05:38:28 [INFO] Data preprocessing complete: columns=5
PASSED                                                                   [  8%]
tests/momentum/Analysis/test_ic_1a_cut1_oos.py::test_oos_ic_rolling_warmup 
-------------------------------- live log call ---------------------------------
05:38:28 [WARNING] Falling back to configured label horizon because labels_df is unavailable
05:38:28 [INFO] IC autocorr persistent: count=2
PASSED                                                                   [  8%]
tests/momentum/Analysis/test_ic_1a_cut1_oos.py::test_min_test_rows_skipped 
-------------------------------- live log call ---------------------------------
05:38:28 [WARNING] Falling back to configured label horizon because labels_df is unavailable
PASSED                                                                   [  8%]
tests/momentum/Analysis/test_ic_1a_cut1_oos.py::test_summary_and_threshold_same_scope 
-------------------------------- live log call ---------------------------------
05:38:28 [WARNING] Falling back to configured label horizon because labels_df is unavailable
PASSED                                                                   [  8%]
tests/momentum/Analysis/test_ic_1a_cut1_oos.py::test_stage5_metrics_all_oos 
-------------------------------- live log call ---------------------------------
05:38:28 [WARNING] Falling back to configured label horizon because labels_df is unavailable
PASSED                                                                   [  8%]
tests/momentum/Analysis/test_ic_1a_cut1_oos.py::test_decay_redundancy_scope_test 
-------------------------------- live log call ---------------------------------
05:38:28 [WARNING] Falling back to configured label horizon because labels_df is unavailable
05:38:28 [INFO] Redundancy filter completed: method=greedy input=1 output=1
PASSED                                                                   [  8%]
tests/momentum/Analysis/test_ic_1a_cut1_oos.py::test_purge_label_mutation_does_not_change_test_rolling_ic 
-------------------------------- live log call ---------------------------------
05:38:28 [WARNING] Falling back to configured label horizon because labels_df is unavailable
05:38:28 [INFO] IC autocorr persistent: count=2
05:38:28 [INFO] IC autocorr persistent: count=2
PASSED                                                                   [  8%]
tests/momentum/Analysis/test_ic_1a_cut1_oos.py::test_winsorize_type_branch_uses_train_slice_only 
-------------------------------- live log call ---------------------------------
05:38:28 [WARNING] Falling back to configured label horizon because labels_df is unavailable
05:38:28 [INFO] Data preprocessing complete: columns=1
05:38:28 [INFO] Data preprocessing complete: columns=1
PASSED                                                                   [  9%]
tests/momentum/Analysis/test_ic_1a_cut1_oos.py::test_holdout_embargo_delays_test_start 
-------------------------------- live log call ---------------------------------
05:38:28 [WARNING] Falling back to configured label horizon because labels_df is unavailable
PASSED                                                                   [  9%]
tests/momentum/Analysis/test_ic_1a_cut1_oos.py::test_flag_toggles_path 
-------------------------------- live log call ---------------------------------
05:38:28 [INFO] Data preprocessing complete: columns=2
05:38:28 [INFO] Resolved label horizon from labels_df column
05:38:28 [INFO] Resolved label horizon from labels_df column
05:38:28 [INFO] Data preprocessing complete: columns=2
PASSED                                                                   [  9%]
tests/momentum/Analysis/test_ic_1a_cut1_oos.py::test_fallback_insufficient_data_marks_applied_false 
-------------------------------- live log call ---------------------------------
05:38:28 [INFO] Resolved label horizon from labels_df column
05:38:28 [INFO] Resolved label horizon from labels_df column
05:38:28 [INFO] Data preprocessing complete: columns=2
05:38:28 [INFO] IC autocorr persistent: count=2
05:38:28 [WARNING] Falling back to configured label horizon because labels_df is unavailable
05:38:28 [INFO] Redundancy filter completed: method=greedy input=2 output=2
05:38:28 [INFO] Filtered features saved: data_cache/features/BTCUSDT_1h_filtered.h5
05:38:28 [INFO] IC report saved: data_cache/reports/ic_report_ic_gatekeeper.json
PASSED                                                                   [  9%]
tests/momentum/Analysis/test_ic_1a_cut1_oos.py::test_irregular_timestamps_still_fail_closed PASSED [  9%]
tests/momentum/Analysis/test_ic_1a_cut1_oos.py::test_oos_applied_true_when_sufficient 
-------------------------------- live log call ---------------------------------
05:38:28 [INFO] Resolved label horizon from labels_df column
05:38:28 [INFO] Resolved label horizon from labels_df column
05:38:28 [INFO] Data preprocessing complete: columns=2
05:38:28 [INFO] IC autocorr persistent: count=2
05:38:28 [INFO] Redundancy filter completed: method=greedy input=2 output=2
05:38:28 [INFO] Filtered features saved: data_cache/features/BTCUSDT_1h_filtered.h5
05:38:28 [INFO] IC report saved: data_cache/reports/ic_report_ic_gatekeeper.json
PASSED                                                                   [  9%]
tests/momentum/Analysis/test_ic_1a_cut1_oos.py::test_flag_via_config_override 
-------------------------------- live log call ---------------------------------
05:38:28 [INFO] Loaded feature registry with 11 entries
PASSED                                                                   [  9%]
tests/momentum/Analysis/test_ic_1a_cut1_split.py::test_resolve_expected_freq PASSED [  9%]
tests/momentum/Analysis/test_ic_1a_cut1_split.py::test_metadata_symbol_required PASSED [  9%]
tests/momentum/Analysis/test_ic_1a_cut1_split.py::test_metadata_symbol_outside_allowlist_blocked PASSED [  9%]
tests/momentum/Analysis/test_ic_1a_cut1_split.py::test_icconfig_new_fields_default_off PASSED [  9%]
tests/momentum/Analysis/test_ic_1a_cut1_split.py::test_analyze_builds_holdout 
-------------------------------- live log call ---------------------------------
05:38:28 [WARNING] Falling back to configured label horizon because labels_df is unavailable
PASSED                                                                   [ 10%]
tests/momentum/Analysis/test_ic_1a_cut1_split.py::test_holdout_purge_covers_horizon 
-------------------------------- live log call ---------------------------------
05:38:28 [INFO] Resolved label horizon from labels_df column
05:38:28 [WARNING] Falling back to configured label horizon because labels_df is unavailable
05:38:28 [WARNING] Falling back to configured label horizon because labels_df is unavailable
PASSED                                                                   [ 10%]
tests/momentum/Analysis/test_ic_1a_cut1_split.py::test_purge_uses_effective_not_default 
-------------------------------- live log call ---------------------------------
05:38:28 [WARNING] Falling back to configured label horizon because labels_df is unavailable
05:38:28 [INFO] Resolved label horizon from labels_df column
PASSED                                                                   [ 10%]
tests/momentum/Analysis/test_ic_1a_cut1_split.py::test_analyze_split_gap_blocked 
-------------------------------- live log call ---------------------------------
05:38:28 [WARNING] Falling back to configured label horizon because labels_df is unavailable
PASSED                                                                   [ 10%]
tests/momentum/Analysis/test_ic_1a_cut1_split.py::test_split_valid_passes 
-------------------------------- live log call ---------------------------------
05:38:28 [WARNING] Falling back to configured label horizon because labels_df is unavailable
PASSED                                                                   [ 10%]
tests/momentum/Analysis/test_ic_1a_cut1_split.py::test_mask_survives_event_filter 
-------------------------------- live log call ---------------------------------
05:38:28 [WARNING] Falling back to configured label horizon because labels_df is unavailable
PASSED                                                                   [ 10%]
tests/momentum/Analysis/test_ic_1a_cut1_split.py::test_pipeline_order_split_before_preprocessing 
-------------------------------- live log call ---------------------------------
05:38:28 [INFO] Resolved label horizon from labels_df column
05:38:28 [INFO] Resolved label horizon from labels_df column
PASSED                                                                   [ 10%]
tests/momentum/Analysis/test_ic_1a_cut1_split.py::test_effective_horizon_resolution 
-------------------------------- live log call ---------------------------------
05:38:28 [WARNING] Falling back to configured label horizon because labels_df is unavailable
PASSED                                                                   [ 10%]
tests/momentum/Analysis/test_ic_1a_cut1_split.py::test_horizon_resolver_uses_return_column_before_default_m7 
-------------------------------- live log call ---------------------------------
05:38:28 [INFO] Resolved label horizon from labels_df column
05:38:28 [INFO] Resolved label horizon from labels_df column
05:38:28 [INFO] Resolved label horizon from labels_df column
PASSED                                                                   [ 10%]
tests/momentum/Analysis/test_ic_1a_cut1_split.py::test_horizon_resolver_rejects_unconvertible_unit_column PASSED [ 10%]
tests/momentum/Analysis/test_ic_artifact.py::test_artifact_roundtrip 
-------------------------------- live log call ---------------------------------
05:38:28 [INFO] IC artifact written: path=/private/var/folders/_c/3xdf41hd3tvgxpx63mrml2c00000gn/T/pytest-of-louis/pytest-188/test_artifact_roundtrip0/ic_artifact.parquet rows=4
PASSED                                                                   [ 11%]
tests/momentum/Analysis/test_ic_artifact.py::test_artifact_filter_no_full_load 
-------------------------------- live log call ---------------------------------
05:38:29 [INFO] IC artifact written: path=/private/var/folders/_c/3xdf41hd3tvgxpx63mrml2c00000gn/T/pytest-of-louis/pytest-188/test_artifact_filter_no_full_l0/small.parquet rows=20000
05:38:30 [INFO] IC artifact written: path=/private/var/folders/_c/3xdf41hd3tvgxpx63mrml2c00000gn/T/pytest-of-louis/pytest-188/test_artifact_filter_no_full_l0/large.parquet rows=40000
PASSED                                                                   [ 11%]
tests/momentum/Analysis/test_ic_artifact.py::test_artifact_atomic PASSED [ 11%]
tests/momentum/Analysis/test_ic_artifact.py::test_build_rows_single_horizon PASSED [ 11%]
tests/momentum/Analysis/test_ic_split_adapter.py::test_adapter_wraps_cpcv PASSED [ 11%]
tests/momentum/Analysis/test_ic_split_adapter.py::test_adapter_wraps_wf PASSED [ 11%]
tests/momentum/Analysis/test_ic_split_adapter.py::test_l5_wf_cross_fold_embargo_violation_raises PASSED [ 11%]
tests/momentum/Analysis/test_ic_split_adapter.py::test_adapter_detects_embargo_relaxation 
-------------------------------- live log call ---------------------------------
05:38:30 [WARNING] CombinatorialPurgedCV: embargo 清空訓練集，自動降低 embargo
05:38:30 [ERROR] CPCV embargo mismatch for BTCUSDT fold 0: returned=2 expected=0 extra=[58, 59]
PASSED                                                                   [ 11%]
tests/momentum/Analysis/test_ic_split_adapter.py::test_l6_cpcv_test_boundaries_rebuilt_independently PASSED [ 11%]
tests/momentum/Analysis/test_learning_curve_analyzer.py::test_L1_invalid_fraction PASSED [ 11%]
tests/momentum/Analysis/test_learning_curve_analyzer.py::test_L2_fraction_too_small 
-------------------------------- live log call ---------------------------------
05:38:30 [WARNING] LearningCurveAnalyzer: n_samples < 200，結果僅供參考
05:38:30 [WARNING] LearningCurveAnalyzer: fraction=0.05 樣本 < 20，跳過
PASSED                                                                   [ 11%]
tests/momentum/Analysis/test_learning_curve_analyzer.py::test_L3_feature_count_exceeds PASSED [ 12%]
tests/momentum/Analysis/test_learning_curve_analyzer.py::test_L4_no_predictive_power PASSED [ 12%]
tests/momentum/Analysis/test_learning_curve_analyzer.py::test_L5_nan_fold PASSED [ 12%]
tests/momentum/Analysis/test_learning_curve_analyzer.py::test_L6_shap_unavailable 
-------------------------------- live log call ---------------------------------
05:38:30 [WARNING] LearningCurveAnalyzer: SHAP 不可用，fallback 到 gain
PASSED                                                                   [ 12%]
tests/momentum/Analysis/test_learning_curve_analyzer.py::test_L7_single_feature PASSED [ 12%]
tests/momentum/Analysis/test_learning_curve_analyzer.py::test_L8_small_dataset 
-------------------------------- live log call ---------------------------------
05:38:30 [WARNING] LearningCurveAnalyzer: n_samples < 200，結果僅供參考
05:38:30 [WARNING] LearningCurveAnalyzer: fraction=0.1 樣本 < 20，跳過
PASSED                                                                   [ 12%]
tests/momentum/Analysis/test_learning_curve_analyzer.py::test_high_variance_diagnosis PASSED [ 12%]
tests/momentum/Analysis/test_learning_curve_analyzer.py::test_full_analysis_schema PASSED [ 12%]
tests/momentum/Analysis/test_learning_curve_analyzer.py::test_data_curve_scores_are_bounded PASSED [ 12%]
tests/momentum/Analysis/test_learning_curve_analyzer.py::test_feature_curve_optimal_in_used_counts PASSED [ 12%]
tests/momentum/Analysis/test_learning_curve_analyzer.py::test_good_fit_diagnosis PASSED [ 13%]
tests/momentum/Analysis/test_learning_curve_analyzer.py::test_high_bias_diagnosis PASSED [ 13%]
tests/momentum/Analysis/test_lightgbm_analyzer.py::test_train_model_returns_model_performance 
-------------------------------- live log call ---------------------------------
05:38:31 [INFO] 開始訓練 LightGBM 模型 - 樣本數: 220, 特徵數: 12
05:38:31 [INFO] 標籤分佈: {0: 110, 1: 110}
05:38:31 [INFO] 訓練集: 176 樣本, 驗證集: 44 樣本
05:38:31 [INFO] 開始交叉驗證 - 3-fold CV
05:38:31 [INFO] Fold 1/3 - AUC: 0.9693, Precision: 0.8974, Recall: 0.9459, F1: 0.9211
05:38:31 [INFO] Fold 2/3 - AUC: 0.9245, Precision: 0.8182, Recall: 0.7297, F1: 0.7714
05:38:31 [INFO] Fold 3/3 - AUC: 0.9388, Precision: 0.9375, Recall: 0.8333, F1: 0.8824
05:38:31 [INFO] 校準指標 - Brier: 0.0982, ECE: 0.2075, 品質: poor
05:38:31 [WARNING] 校準品質偏低，建議重新調整模型或做機率校準
05:38:31 [INFO] 交叉驗證完成 - Train AUC: 0.9839, CV AUC: 0.9442 ± 0.0187, Overfitting: 0.0397
05:38:31 [INFO] 訓練完成 - Train AUC: 0.9839, CV AUC: 0.9442 ± 0.0187
PASSED                                                                   [ 13%]
tests/momentum/Analysis/test_lightgbm_analyzer.py::test_train_with_purged_cv_smoke 
-------------------------------- live log call ---------------------------------
05:38:31 [INFO] 開始訓練 LightGBM 模型 - 樣本數: 220, 特徵數: 12
05:38:31 [INFO] 標籤分佈: {0: 110, 1: 110}
05:38:31 [INFO] 訓練集: 176 樣本, 驗證集: 44 樣本
05:38:31 [INFO] 開始交叉驗證 - 3-fold CV
05:38:31 [INFO] Fold 1/3 - 訓練: 55 → 53 (purge: -2), 驗證: 55 → 55
05:38:31 [INFO] Fold 1/3 - AUC: 0.8700, Precision: 0.8571, Recall: 0.6207, F1: 0.7200
05:38:31 [INFO] Fold 2/3 - 訓練: 110 → 108 (purge: -2), 驗證: 55 → 55
05:38:31 [INFO] Fold 2/3 - AUC: 0.9610, Precision: 0.8696, Recall: 0.8333, F1: 0.8511
05:38:31 [INFO] Fold 3/3 - 訓練: 165 → 163 (purge: -2), 驗證: 55 → 55
05:38:31 [INFO] Fold 3/3 - AUC: 0.9677, Precision: 1.0000, Recall: 0.8065, F1: 0.8929
05:38:31 [INFO] 校準指標 - Brier: 0.1915, ECE: 0.3262, 品質: poor
05:38:31 [WARNING] 校準品質偏低，建議重新調整模型或做機率校準
05:38:31 [INFO] 交叉驗證完成 - Train AUC: 0.9817, CV AUC: 0.9329 ± 0.0446, Overfitting: 0.0488
05:38:31 [INFO] 訓練完成 - Train AUC: 0.9817, CV AUC: 0.9329 ± 0.0446
PASSED                                                                   [ 13%]
tests/momentum/Analysis/test_lightgbm_analyzer.py::test_validate_oot_returns_status 
-------------------------------- live log call ---------------------------------
05:38:31 [INFO] 開始訓練 LightGBM 模型 - 樣本數: 220, 特徵數: 12
05:38:31 [INFO] 標籤分佈: {0: 110, 1: 110}
05:38:31 [INFO] 訓練集: 176 樣本, 驗證集: 44 樣本
05:38:31 [INFO] 開始交叉驗證 - 3-fold CV
05:38:31 [INFO] Fold 1/3 - AUC: 0.9638, Precision: 0.8857, Recall: 0.8378, F1: 0.8611
05:38:31 [INFO] Fold 2/3 - AUC: 0.8855, Precision: 0.8065, Recall: 0.6757, F1: 0.7353
05:38:31 [INFO] Fold 3/3 - AUC: 0.9418, Precision: 0.8333, Recall: 0.8333, F1: 0.8333
05:38:31 [INFO] 校準指標 - Brier: 0.1629, ECE: 0.2778, 品質: poor
05:38:31 [WARNING] 校準品質偏低，建議重新調整模型或做機率校準
05:38:31 [INFO] 交叉驗證完成 - Train AUC: 0.9731, CV AUC: 0.9304 ± 0.0330, Overfitting: 0.0428
05:38:31 [INFO] 訓練完成 - Train AUC: 0.9731, CV AUC: 0.9304 ± 0.0330
PASSED                                                                   [ 13%]
tests/momentum/Analysis/test_lightgbm_analyzer.py::test_validate_oot_single_class_returns_none_auc 
-------------------------------- live log call ---------------------------------
05:38:31 [INFO] 開始訓練 LightGBM 模型 - 樣本數: 220, 特徵數: 12
05:38:31 [INFO] 標籤分佈: {0: 110, 1: 110}
05:38:31 [INFO] 訓練集: 176 樣本, 驗證集: 44 樣本
05:38:31 [INFO] 開始交叉驗證 - 3-fold CV
05:38:31 [INFO] Fold 1/3 - AUC: 0.9638, Precision: 0.8857, Recall: 0.8378, F1: 0.8611
05:38:31 [INFO] Fold 2/3 - AUC: 0.8855, Precision: 0.8065, Recall: 0.6757, F1: 0.7353
05:38:31 [INFO] Fold 3/3 - AUC: 0.9418, Precision: 0.8333, Recall: 0.8333, F1: 0.8333
05:38:31 [INFO] 校準指標 - Brier: 0.1629, ECE: 0.2778, 品質: poor
05:38:31 [WARNING] 校準品質偏低，建議重新調整模型或做機率校準
05:38:31 [INFO] 交叉驗證完成 - Train AUC: 0.9731, CV AUC: 0.9304 ± 0.0330, Overfitting: 0.0428
05:38:31 [INFO] 訓練完成 - Train AUC: 0.9731, CV AUC: 0.9304 ± 0.0330
05:38:31 [WARNING] OOT 樣本數不足 50
05:38:31 [WARNING] OOT 標籤只有單一類別，無法計算 AUC
PASSED                                                                   [ 13%]
tests/momentum/Analysis/test_lightgbm_analyzer.py::test_predict_and_predictions_output 
-------------------------------- live log setup --------------------------------
05:38:31 [INFO] 開始訓練 LightGBM 模型 - 樣本數: 220, 特徵數: 12
05:38:31 [INFO] 標籤分佈: {0: 110, 1: 110}
05:38:31 [INFO] 訓練集: 176 樣本, 驗證集: 44 樣本
05:38:31 [INFO] 開始交叉驗證 - 3-fold CV
05:38:31 [INFO] Fold 1/3 - AUC: 0.9752, Precision: 0.9167, Recall: 0.8919, F1: 0.9041
05:38:31 [INFO] Fold 2/3 - AUC: 0.8968, Precision: 0.8125, Recall: 0.7027, F1: 0.7536
05:38:31 [INFO] Fold 3/3 - AUC: 0.9441, Precision: 0.9091, Recall: 0.8333, F1: 0.8696
05:38:31 [INFO] 校準指標 - Brier: 0.1117, ECE: 0.2241, 品質: poor
05:38:31 [WARNING] 校準品質偏低，建議重新調整模型或做機率校準
05:38:31 [INFO] 交叉驗證完成 - Train AUC: 0.9798, CV AUC: 0.9387 ± 0.0322, Overfitting: 0.0411
05:38:31 [INFO] 訓練完成 - Train AUC: 0.9798, CV AUC: 0.9387 ± 0.0322
PASSED                                                                   [ 13%]
tests/momentum/Analysis/test_lightgbm_analyzer.py::test_feature_importance_methods PASSED [ 13%]
tests/momentum/Analysis/test_lightgbm_analyzer.py::test_permutation_and_fold_stability PASSED [ 13%]
tests/momentum/Analysis/test_lightgbm_analyzer.py::test_precision_at_k_and_pr_metrics PASSED [ 13%]
tests/momentum/Analysis/test_lightgbm_analyzer.py::test_recommend_k_returns_dict PASSED [ 14%]
tests/momentum/Analysis/test_lightgbm_analyzer.py::test_shap_methods_smoke 
-------------------------------- live log call ---------------------------------
05:38:32 [INFO] SHAP 全局分析完成 - 樣本數: 20, 特徵數: 12
05:38:32 [INFO] SHAP 單案例分析完成
PASSED                                                                   [ 14%]
tests/momentum/Analysis/test_lightgbm_analyzer.py::test_save_and_load_roundtrip 
-------------------------------- live log call ---------------------------------
05:38:32 [INFO] LightGBM 模型已儲存: /Users/louis/Desktop/quantitative_trading_system/data_cache/models/test_lightgbm_roundtrip.pkl
PASSED                                                                   [ 14%]
tests/momentum/Analysis/test_lightgbm_analyzer.py::test_train_input_empty_y_and_invalid_eval_size PASSED [ 14%]
tests/momentum/Analysis/test_lightgbm_analyzer.py::test_train_numpy_feature_mismatch_and_missing_names PASSED [ 14%]
tests/momentum/Analysis/test_lightgbm_analyzer.py::test_train_with_custom_params_and_categorical_branch 
-------------------------------- live log call ---------------------------------
05:38:32 [INFO] 開始訓練 LightGBM 模型 - 樣本數: 220, 特徵數: 12
05:38:32 [INFO] 標籤分佈: {0: 110, 1: 110}
05:38:32 [INFO] 訓練集: 176 樣本, 驗證集: 44 樣本
05:38:32 [INFO] 開始交叉驗證 - 3-fold CV
05:38:32 [INFO] Fold 1/3 - AUC: 0.9518, Precision: 0.8421, Recall: 0.8649, F1: 0.8533
05:38:32 [INFO] Fold 2/3 - AUC: 0.8848, Precision: 0.8065, Recall: 0.6757, F1: 0.7353
05:38:32 [INFO] Fold 3/3 - AUC: 0.9253, Precision: 0.9091, Recall: 0.8333, F1: 0.8696
05:38:32 [INFO] 校準指標 - Brier: 0.1629, ECE: 0.2778, 品質: poor
05:38:32 [WARNING] 校準品質偏低，建議重新調整模型或做機率校準
05:38:32 [INFO] 交叉驗證完成 - Train AUC: 0.9731, CV AUC: 0.9206 ± 0.0276, Overfitting: 0.0525
05:38:32 [INFO] 訓練完成 - Train AUC: 0.9731, CV AUC: 0.9206 ± 0.0276
PASSED                                                                   [ 14%]
tests/momentum/Analysis/test_lightgbm_analyzer.py::test_time_series_split_invalid_branches PASSED [ 14%]
tests/momentum/Analysis/test_lightgbm_analyzer.py::test_validate_model_time_series_with_timestamps 
-------------------------------- live log call ---------------------------------
05:38:32 [INFO] 開始訓練 LightGBM 模型 - 樣本數: 220, 特徵數: 12
05:38:32 [INFO] 標籤分佈: {0: 110, 1: 110}
05:38:32 [INFO] 訓練集: 176 樣本, 驗證集: 44 樣本
05:38:32 [INFO] 開始交叉驗證 - 3-fold CV
05:38:32 [INFO] Fold 1/3 - AUC: 0.9719, Precision: 0.8857, Recall: 0.8378, F1: 0.8611
05:38:32 [INFO] Fold 2/3 - AUC: 0.8645, Precision: 0.7931, Recall: 0.6216, F1: 0.6970
05:38:32 [INFO] Fold 3/3 - AUC: 0.9456, Precision: 0.9375, Recall: 0.8333, F1: 0.8824
05:38:32 [INFO] 校準指標 - Brier: 0.1732, ECE: 0.2638, 品質: poor
05:38:32 [WARNING] 校準品質偏低，建議重新調整模型或做機率校準
05:38:32 [INFO] 交叉驗證完成 - Train AUC: 0.9665, CV AUC: 0.9273 ± 0.0457, Overfitting: 0.0392
05:38:32 [INFO] 訓練完成 - Train AUC: 0.9665, CV AUC: 0.9273 ± 0.0457
05:38:32 [INFO] 開始交叉驗證 - 3-fold CV
05:38:32 [INFO] Fold 1/3 - 訓練: 55 → 54 (purge: -1), 驗證: 55 → 55
05:38:32 [INFO] Fold 1/3 - AUC: 0.8694, Precision: 1.0000, Recall: 0.1724, F1: 0.2941
05:38:32 [INFO] Fold 2/3 - 訓練: 110 → 109 (purge: -1), 驗證: 55 → 55
05:38:32 [INFO] Fold 2/3 - AUC: 0.8931, Precision: 0.7407, Recall: 0.8333, F1: 0.7843
05:38:32 [INFO] Fold 3/3 - 訓練: 165 → 164 (purge: -1), 驗證: 55 → 55
05:38:32 [INFO] Fold 3/3 - AUC: 0.9603, Precision: 0.9583, Recall: 0.7419, F1: 0.8364
05:38:32 [INFO] 校準指標 - Brier: 0.1732, ECE: 0.2638, 品質: poor
05:38:32 [WARNING] 校準品質偏低，建議重新調整模型或做機率校準
05:38:32 [INFO] 交叉驗證完成 - Train AUC: 0.9665, CV AUC: 0.9076 ± 0.0385, Overfitting: 0.0589
PASSED                                                                   [ 14%]
tests/momentum/Analysis/test_lightgbm_analyzer.py::test_validate_oot_error_and_severe_branch 
-------------------------------- live log call ---------------------------------
05:38:32 [INFO] 開始訓練 LightGBM 模型 - 樣本數: 220, 特徵數: 12
05:38:32 [INFO] 標籤分佈: {0: 110, 1: 110}
05:38:32 [INFO] 訓練集: 176 樣本, 驗證集: 44 樣本
05:38:32 [INFO] 開始交叉驗證 - 3-fold CV
05:38:32 [INFO] Fold 1/3 - AUC: 0.9719, Precision: 0.8857, Recall: 0.8378, F1: 0.8611
05:38:32 [INFO] Fold 2/3 - AUC: 0.8645, Precision: 0.7931, Recall: 0.6216, F1: 0.6970
05:38:32 [INFO] Fold 3/3 - AUC: 0.9456, Precision: 0.9375, Recall: 0.8333, F1: 0.8824
05:38:32 [INFO] 校準指標 - Brier: 0.1732, ECE: 0.2638, 品質: poor
05:38:32 [WARNING] 校準品質偏低，建議重新調整模型或做機率校準
05:38:32 [INFO] 交叉驗證完成 - Train AUC: 0.9665, CV AUC: 0.9273 ± 0.0457, Overfitting: 0.0392
05:38:32 [INFO] 訓練完成 - Train AUC: 0.9665, CV AUC: 0.9273 ± 0.0457
PASSED                                                                   [ 14%]
tests/momentum/Analysis/test_lightgbm_analyzer.py::test_feature_importance_invalid_method_and_length_mismatch PASSED [ 14%]
tests/momentum/Analysis/test_lightgbm_analyzer.py::test_predict_related_error_branches 
-------------------------------- live log call ---------------------------------
05:38:32 [INFO] 開始訓練 LightGBM 模型 - 樣本數: 220, 特徵數: 12
05:38:32 [INFO] 標籤分佈: {0: 110, 1: 110}
05:38:32 [INFO] 訓練集: 176 樣本, 驗證集: 44 樣本
05:38:32 [INFO] 開始交叉驗證 - 3-fold CV
05:38:32 [INFO] Fold 1/3 - AUC: 0.9719, Precision: 0.8857, Recall: 0.8378, F1: 0.8611
05:38:32 [INFO] Fold 2/3 - AUC: 0.8645, Precision: 0.7931, Recall: 0.6216, F1: 0.6970
05:38:32 [INFO] Fold 3/3 - AUC: 0.9456, Precision: 0.9375, Recall: 0.8333, F1: 0.8824
05:38:32 [INFO] 校準指標 - Brier: 0.1732, ECE: 0.2638, 品質: poor
05:38:32 [WARNING] 校準品質偏低，建議重新調整模型或做機率校準
05:38:32 [INFO] 交叉驗證完成 - Train AUC: 0.9665, CV AUC: 0.9273 ± 0.0457, Overfitting: 0.0392
05:38:32 [INFO] 訓練完成 - Train AUC: 0.9665, CV AUC: 0.9273 ± 0.0457
PASSED                                                                   [ 14%]
tests/momentum/Analysis/test_lightgbm_analyzer.py::test_explain_single_case_without_feature_names_branch 
-------------------------------- live log call ---------------------------------
05:38:32 [INFO] 開始訓練 LightGBM 模型 - 樣本數: 220, 特徵數: 12
05:38:32 [INFO] 標籤分佈: {0: 110, 1: 110}
05:38:32 [INFO] 訓練集: 176 樣本, 驗證集: 44 樣本
05:38:32 [INFO] 開始交叉驗證 - 3-fold CV
05:38:32 [INFO] Fold 1/3 - AUC: 0.9719, Precision: 0.8857, Recall: 0.8378, F1: 0.8611
05:38:32 [INFO] Fold 2/3 - AUC: 0.8645, Precision: 0.7931, Recall: 0.6216, F1: 0.6970
05:38:32 [INFO] Fold 3/3 - AUC: 0.9456, Precision: 0.9375, Recall: 0.8333, F1: 0.8824
05:38:32 [INFO] 校準指標 - Brier: 0.1732, ECE: 0.2638, 品質: poor
05:38:32 [WARNING] 校準品質偏低，建議重新調整模型或做機率校準
05:38:32 [INFO] 交叉驗證完成 - Train AUC: 0.9665, CV AUC: 0.9273 ± 0.0457, Overfitting: 0.0392
05:38:32 [INFO] 訓練完成 - Train AUC: 0.9665, CV AUC: 0.9273 ± 0.0457
PASSED                                                                   [ 15%]
tests/momentum/Analysis/test_lightgbm_analyzer.py::test_save_load_format_error_branches PASSED [ 15%]
tests/momentum/Analysis/test_lightgbm_edge_cases.py::test_d1_empty_x_raises[lightgbm] PASSED [ 15%]
tests/momentum/Analysis/test_lightgbm_edge_cases.py::test_d1_empty_x_raises[xgboost] 
-------------------------------- live log call ---------------------------------
05:38:32 [INFO] 開始訓練 XGBoost 模型 - 樣本數: 0, 特徵數: 0
PASSED                                                                   [ 15%]
tests/momentum/Analysis/test_lightgbm_edge_cases.py::test_d2_d3_single_class_labels_raise[0-lightgbm] PASSED [ 15%]
tests/momentum/Analysis/test_lightgbm_edge_cases.py::test_d2_d3_single_class_labels_raise[0-xgboost] 
-------------------------------- live log call ---------------------------------
05:38:32 [INFO] 開始訓練 XGBoost 模型 - 樣本數: 120, 特徵數: 8
05:38:32 [INFO] 標籤分佈: {0: 120}
PASSED                                                                   [ 15%]
tests/momentum/Analysis/test_lightgbm_edge_cases.py::test_d2_d3_single_class_labels_raise[1-lightgbm] PASSED [ 15%]
tests/momentum/Analysis/test_lightgbm_edge_cases.py::test_d2_d3_single_class_labels_raise[1-xgboost] 
-------------------------------- live log call ---------------------------------
05:38:32 [INFO] 開始訓練 XGBoost 模型 - 樣本數: 120, 特徵數: 8
05:38:32 [INFO] 標籤分佈: {1: 120}
PASSED                                                                   [ 15%]
tests/momentum/Analysis/test_lightgbm_edge_cases.py::test_d4_length_mismatch_raises[lightgbm] PASSED [ 15%]
tests/momentum/Analysis/test_lightgbm_edge_cases.py::test_d4_length_mismatch_raises[xgboost] 
-------------------------------- live log call ---------------------------------
05:38:32 [INFO] 開始訓練 XGBoost 模型 - 樣本數: 119, 特徵數: 8
PASSED                                                                   [ 15%]
tests/momentum/Analysis/test_lightgbm_edge_cases.py::test_d5_nan_input_trainable[lightgbm] 
-------------------------------- live log call ---------------------------------
05:38:32 [INFO] 開始訓練 LightGBM 模型 - 樣本數: 120, 特徵數: 8
05:38:32 [INFO] 標籤分佈: {0: 60, 1: 60}
05:38:32 [INFO] 訓練集: 96 樣本, 驗證集: 24 樣本
05:38:32 [INFO] 開始交叉驗證 - 3-fold CV
05:38:32 [INFO] Fold 1/3 - AUC: 0.9725, Precision: 0.8696, Recall: 1.0000, F1: 0.9302
05:38:32 [INFO] Fold 2/3 - AUC: 0.9763, Precision: 0.9444, Recall: 0.8500, F1: 0.8947
05:38:32 [INFO] Fold 3/3 - AUC: 0.9563, Precision: 0.9000, Recall: 0.9000, F1: 0.9000
05:38:32 [INFO] 校準指標 - Brier: 0.1633, ECE: 0.3720, 品質: poor
05:38:32 [WARNING] 校準品質偏低，建議重新調整模型或做機率校準
05:38:32 [INFO] 交叉驗證完成 - Train AUC: 0.9867, CV AUC: 0.9683 ± 0.0087, Overfitting: 0.0183
05:38:32 [INFO] 訓練完成 - Train AUC: 0.9867, CV AUC: 0.9683 ± 0.0087
PASSED                                                                   [ 16%]
tests/momentum/Analysis/test_lightgbm_edge_cases.py::test_d5_nan_input_trainable[xgboost] 
-------------------------------- live log call ---------------------------------
05:38:32 [INFO] 開始訓練 XGBoost 模型 - 樣本數: 120, 特徵數: 8
05:38:32 [INFO] 標籤分佈: {0: 60, 1: 60}
05:38:32 [INFO] 訓練集: 96 樣本, 驗證集: 24 樣本
05:38:32 [INFO] 開始交叉驗證 - 3-fold CV
05:38:32 [INFO] Fold 1/3 - AUC: 0.9875, Precision: 0.9091, Recall: 1.0000, F1: 0.9524
05:38:32 [INFO] Fold 2/3 - AUC: 0.9925, Precision: 1.0000, Recall: 0.8500, F1: 0.9189
05:38:32 [INFO] Fold 3/3 - AUC: 0.9575, Precision: 0.8636, Recall: 0.9500, F1: 0.9048
05:38:32 [INFO] 校準指標 - Brier: 0.1332, ECE: 0.3011, 品質: poor
05:38:32 [WARNING] 校準品質偏低，建議重新調整模型或做機率校準
05:38:32 [INFO] 交叉驗證完成 - Train AUC: 0.9914, CV AUC: 0.9792 ± 0.0155, Overfitting: 0.0122
05:38:32 [INFO] 訓練完成 - Train AUC: 0.9922, CV AUC: 0.9792 ± 0.0155
PASSED                                                                   [ 16%]
tests/momentum/Analysis/test_lightgbm_edge_cases.py::test_d6_inf_input_raises[lightgbm] PASSED [ 16%]
tests/momentum/Analysis/test_lightgbm_edge_cases.py::test_d6_inf_input_raises[xgboost] 
-------------------------------- live log call ---------------------------------
05:38:32 [INFO] 開始訓練 XGBoost 模型 - 樣本數: 120, 特徵數: 8
05:38:32 [INFO] 標籤分佈: {0: 60, 1: 60}
05:38:32 [INFO] 訓練集: 96 樣本, 驗證集: 24 樣本
PASSED                                                                   [ 16%]
tests/momentum/Analysis/test_lightgbm_edge_cases.py::test_d7_single_feature_trainable[lightgbm] 
-------------------------------- live log call ---------------------------------
05:38:32 [INFO] 開始訓練 LightGBM 模型 - 樣本數: 120, 特徵數: 1
05:38:32 [INFO] 標籤分佈: {0: 60, 1: 60}
05:38:32 [INFO] 訓練集: 96 樣本, 驗證集: 24 樣本
05:38:32 [INFO] 開始交叉驗證 - 3-fold CV
05:38:32 [INFO] Fold 1/3 - AUC: 0.9975, Precision: 0.9524, Recall: 1.0000, F1: 0.9756
05:38:32 [INFO] Fold 2/3 - AUC: 1.0000, Precision: 1.0000, Recall: 1.0000, F1: 1.0000
05:38:32 [INFO] Fold 3/3 - AUC: 1.0000, Precision: 1.0000, Recall: 1.0000, F1: 1.0000
05:38:32 [INFO] 校準指標 - Brier: 0.2291, ECE: 0.4700, 品質: poor
05:38:32 [WARNING] 校準品質偏低，建議重新調整模型或做機率校準
05:38:32 [INFO] 交叉驗證完成 - Train AUC: 0.9917, CV AUC: 0.9992 ± 0.0012, Overfitting: -0.0075
05:38:32 [INFO] 訓練完成 - Train AUC: 0.9917, CV AUC: 0.9992 ± 0.0012
PASSED                                                                   [ 16%]
tests/momentum/Analysis/test_lightgbm_edge_cases.py::test_d7_single_feature_trainable[xgboost] 
-------------------------------- live log call ---------------------------------
05:38:32 [INFO] 開始訓練 XGBoost 模型 - 樣本數: 120, 特徵數: 1
05:38:32 [INFO] 標籤分佈: {0: 60, 1: 60}
05:38:32 [INFO] 訓練集: 96 樣本, 驗證集: 24 樣本
05:38:32 [INFO] 開始交叉驗證 - 3-fold CV
05:38:32 [INFO] Fold 1/3 - AUC: 0.9975, Precision: 1.0000, Recall: 0.9000, F1: 0.9474
05:38:32 [INFO] Fold 2/3 - AUC: 1.0000, Precision: 1.0000, Recall: 1.0000, F1: 1.0000
05:38:32 [INFO] Fold 3/3 - AUC: 1.0000, Precision: 1.0000, Recall: 1.0000, F1: 1.0000
05:38:32 [INFO] 校準指標 - Brier: 0.2280, ECE: 0.4775, 品質: poor
05:38:32 [WARNING] 校準品質偏低，建議重新調整模型或做機率校準
05:38:32 [INFO] 交叉驗證完成 - Train AUC: 1.0000, CV AUC: 0.9992 ± 0.0012, Overfitting: 0.0008
05:38:32 [INFO] 訓練完成 - Train AUC: 1.0000, CV AUC: 0.9992 ± 0.0012
PASSED                                                                   [ 16%]
tests/momentum/Analysis/test_lightgbm_edge_cases.py::test_d9_ndarray_without_feature_names_raises[lightgbm] PASSED [ 16%]
tests/momentum/Analysis/test_lightgbm_edge_cases.py::test_d9_ndarray_without_feature_names_raises[xgboost] PASSED [ 16%]
tests/momentum/Analysis/test_lightgbm_edge_cases.py::test_d10_feature_names_mismatch_raises[lightgbm] PASSED [ 16%]
tests/momentum/Analysis/test_lightgbm_edge_cases.py::test_d10_feature_names_mismatch_raises[xgboost] 
-------------------------------- live log call ---------------------------------
05:38:32 [INFO] 開始訓練 XGBoost 模型 - 樣本數: 120, 特徵數: 2
05:38:32 [INFO] 標籤分佈: {0: 60, 1: 60}
05:38:32 [INFO] 訓練集: 96 樣本, 驗證集: 24 樣本
05:38:32 [INFO] 開始交叉驗證 - 3-fold CV
05:38:32 [INFO] Fold 1/3 - AUC: 0.9850, Precision: 0.9091, Recall: 1.0000, F1: 0.9524
05:38:32 [INFO] Fold 2/3 - AUC: 0.9875, Precision: 0.9474, Recall: 0.9000, F1: 0.9231
05:38:32 [INFO] Fold 3/3 - AUC: 0.9575, Precision: 0.8636, Recall: 0.9500, F1: 0.9048
05:38:32 [INFO] 校準指標 - Brier: 0.1334, ECE: 0.3015, 品質: poor
05:38:32 [WARNING] 校準品質偏低，建議重新調整模型或做機率校準
05:38:32 [INFO] 交叉驗證完成 - Train AUC: 0.9914, CV AUC: 0.9767 ± 0.0136, Overfitting: 0.0147
05:38:32 [INFO] 訓練完成 - Train AUC: 0.9922, CV AUC: 0.9767 ± 0.0136
PASSED                                                                   [ 16%]
tests/momentum/Analysis/test_lightgbm_edge_cases.py::test_p3_p4_eval_size_invalid_raises[0-lightgbm] PASSED [ 16%]
tests/momentum/Analysis/test_lightgbm_edge_cases.py::test_p3_p4_eval_size_invalid_raises[0-xgboost] 
-------------------------------- live log call ---------------------------------
05:38:32 [INFO] 開始訓練 XGBoost 模型 - 樣本數: 120, 特徵數: 8
PASSED                                                                   [ 17%]
tests/momentum/Analysis/test_lightgbm_edge_cases.py::test_p3_p4_eval_size_invalid_raises[1-lightgbm] PASSED [ 17%]
tests/momentum/Analysis/test_lightgbm_edge_cases.py::test_p3_p4_eval_size_invalid_raises[1-xgboost] 
-------------------------------- live log call ---------------------------------
05:38:32 [INFO] 開始訓練 XGBoost 模型 - 樣本數: 120, 特徵數: 8
PASSED                                                                   [ 17%]
tests/momentum/Analysis/test_lightgbm_edge_cases.py::test_p1_cv_folds_less_than_2_raises[lightgbm] 
-------------------------------- live log call ---------------------------------
05:38:32 [INFO] 開始訓練 LightGBM 模型 - 樣本數: 120, 特徵數: 8
05:38:32 [INFO] 標籤分佈: {0: 60, 1: 60}
05:38:32 [INFO] 訓練集: 96 樣本, 驗證集: 24 樣本
05:38:32 [INFO] 開始交叉驗證 - 3-fold CV
05:38:32 [INFO] Fold 1/3 - AUC: 0.9750, Precision: 0.8696, Recall: 1.0000, F1: 0.9302
05:38:32 [INFO] Fold 2/3 - AUC: 0.9763, Precision: 0.9444, Recall: 0.8500, F1: 0.8947
05:38:32 [INFO] Fold 3/3 - AUC: 0.9563, Precision: 0.9000, Recall: 0.9000, F1: 0.9000
05:38:32 [INFO] 校準指標 - Brier: 0.1633, ECE: 0.3720, 品質: poor
05:38:32 [WARNING] 校準品質偏低，建議重新調整模型或做機率校準
05:38:32 [INFO] 交叉驗證完成 - Train AUC: 0.9867, CV AUC: 0.9692 ± 0.0091, Overfitting: 0.0175
05:38:32 [INFO] 訓練完成 - Train AUC: 0.9867, CV AUC: 0.9692 ± 0.0091
05:38:32 [INFO] 開始交叉驗證 - 1-fold CV
PASSED                                                                   [ 17%]
tests/momentum/Analysis/test_lightgbm_edge_cases.py::test_p1_cv_folds_less_than_2_raises[xgboost] 
-------------------------------- live log call ---------------------------------
05:38:32 [INFO] 開始訓練 XGBoost 模型 - 樣本數: 120, 特徵數: 8
05:38:32 [INFO] 標籤分佈: {0: 60, 1: 60}
05:38:32 [INFO] 訓練集: 96 樣本, 驗證集: 24 樣本
05:38:32 [INFO] 開始交叉驗證 - 3-fold CV
05:38:32 [INFO] Fold 1/3 - AUC: 0.9850, Precision: 0.9091, Recall: 1.0000, F1: 0.9524
05:38:32 [INFO] Fold 2/3 - AUC: 0.9875, Precision: 0.9474, Recall: 0.9000, F1: 0.9231
05:38:32 [INFO] Fold 3/3 - AUC: 0.9575, Precision: 0.8636, Recall: 0.9500, F1: 0.9048
05:38:32 [INFO] 校準指標 - Brier: 0.1334, ECE: 0.3015, 品質: poor
05:38:32 [WARNING] 校準品質偏低，建議重新調整模型或做機率校準
05:38:32 [INFO] 交叉驗證完成 - Train AUC: 0.9914, CV AUC: 0.9767 ± 0.0136, Overfitting: 0.0147
05:38:32 [INFO] 訓練完成 - Train AUC: 0.9922, CV AUC: 0.9767 ± 0.0136
05:38:32 [INFO] 開始交叉驗證 - 1-fold CV
PASSED                                                                   [ 17%]
tests/momentum/Analysis/test_lightgbm_edge_cases.py::test_p2_cv_folds_exceeds_samples_raises[lightgbm] 
-------------------------------- live log call ---------------------------------
05:38:32 [INFO] 開始訓練 LightGBM 模型 - 樣本數: 120, 特徵數: 8
05:38:32 [INFO] 標籤分佈: {0: 60, 1: 60}
05:38:32 [INFO] 訓練集: 96 樣本, 驗證集: 24 樣本
05:38:32 [INFO] 開始交叉驗證 - 3-fold CV
05:38:32 [INFO] Fold 1/3 - AUC: 0.9750, Precision: 0.8696, Recall: 1.0000, F1: 0.9302
05:38:32 [INFO] Fold 2/3 - AUC: 0.9763, Precision: 0.9444, Recall: 0.8500, F1: 0.8947
05:38:32 [INFO] Fold 3/3 - AUC: 0.9563, Precision: 0.9000, Recall: 0.9000, F1: 0.9000
05:38:32 [INFO] 校準指標 - Brier: 0.1633, ECE: 0.3720, 品質: poor
05:38:32 [WARNING] 校準品質偏低，建議重新調整模型或做機率校準
05:38:32 [INFO] 交叉驗證完成 - Train AUC: 0.9867, CV AUC: 0.9692 ± 0.0091, Overfitting: 0.0175
05:38:32 [INFO] 訓練完成 - Train AUC: 0.9867, CV AUC: 0.9692 ± 0.0091
05:38:32 [INFO] 開始交叉驗證 - 121-fold CV
PASSED                                                                   [ 17%]
tests/momentum/Analysis/test_lightgbm_edge_cases.py::test_p2_cv_folds_exceeds_samples_raises[xgboost] 
-------------------------------- live log call ---------------------------------
05:38:32 [INFO] 開始訓練 XGBoost 模型 - 樣本數: 120, 特徵數: 8
05:38:32 [INFO] 標籤分佈: {0: 60, 1: 60}
05:38:32 [INFO] 訓練集: 96 樣本, 驗證集: 24 樣本
05:38:32 [INFO] 開始交叉驗證 - 3-fold CV
05:38:32 [INFO] Fold 1/3 - AUC: 0.9850, Precision: 0.9091, Recall: 1.0000, F1: 0.9524
05:38:32 [INFO] Fold 2/3 - AUC: 0.9875, Precision: 0.9474, Recall: 0.9000, F1: 0.9231
05:38:32 [INFO] Fold 3/3 - AUC: 0.9575, Precision: 0.8636, Recall: 0.9500, F1: 0.9048
05:38:32 [INFO] 校準指標 - Brier: 0.1334, ECE: 0.3015, 品質: poor
05:38:32 [WARNING] 校準品質偏低，建議重新調整模型或做機率校準
05:38:32 [INFO] 交叉驗證完成 - Train AUC: 0.9914, CV AUC: 0.9767 ± 0.0136, Overfitting: 0.0147
05:38:32 [INFO] 訓練完成 - Train AUC: 0.9922, CV AUC: 0.9767 ± 0.0136
05:38:32 [INFO] 開始交叉驗證 - 121-fold CV
PASSED                                                                   [ 17%]
tests/momentum/Analysis/test_lightgbm_edge_cases.py::test_p5_purge_gap_too_large_raises[lightgbm] 
-------------------------------- live log call ---------------------------------
05:38:32 [INFO] 開始訓練 LightGBM 模型 - 樣本數: 120, 特徵數: 8
05:38:32 [INFO] 標籤分佈: {0: 60, 1: 60}
05:38:32 [INFO] 訓練集: 96 樣本, 驗證集: 24 樣本
05:38:32 [INFO] 開始交叉驗證 - 3-fold CV
05:38:32 [INFO] Fold 1/3 - AUC: 0.9750, Precision: 0.8696, Recall: 1.0000, F1: 0.9302
05:38:32 [INFO] Fold 2/3 - AUC: 0.9763, Precision: 0.9444, Recall: 0.8500, F1: 0.8947
05:38:32 [INFO] Fold 3/3 - AUC: 0.9563, Precision: 0.9000, Recall: 0.9000, F1: 0.9000
05:38:32 [INFO] 校準指標 - Brier: 0.1633, ECE: 0.3720, 品質: poor
05:38:32 [WARNING] 校準品質偏低，建議重新調整模型或做機率校準
05:38:32 [INFO] 交叉驗證完成 - Train AUC: 0.9867, CV AUC: 0.9692 ± 0.0091, Overfitting: 0.0175
05:38:32 [INFO] 訓練完成 - Train AUC: 0.9867, CV AUC: 0.9692 ± 0.0091
05:38:32 [INFO] 開始交叉驗證 - 3-fold CV
PASSED                                                                   [ 17%]
tests/momentum/Analysis/test_lightgbm_edge_cases.py::test_p5_purge_gap_too_large_raises[xgboost] 
-------------------------------- live log call ---------------------------------
05:38:32 [INFO] 開始訓練 XGBoost 模型 - 樣本數: 120, 特徵數: 8
05:38:32 [INFO] 標籤分佈: {0: 60, 1: 60}
05:38:32 [INFO] 訓練集: 96 樣本, 驗證集: 24 樣本
05:38:32 [INFO] 開始交叉驗證 - 3-fold CV
05:38:32 [INFO] Fold 1/3 - AUC: 0.9850, Precision: 0.9091, Recall: 1.0000, F1: 0.9524
05:38:32 [INFO] Fold 2/3 - AUC: 0.9875, Precision: 0.9474, Recall: 0.9000, F1: 0.9231
05:38:32 [INFO] Fold 3/3 - AUC: 0.9575, Precision: 0.8636, Recall: 0.9500, F1: 0.9048
05:38:32 [INFO] 校準指標 - Brier: 0.1334, ECE: 0.3015, 品質: poor
05:38:32 [WARNING] 校準品質偏低，建議重新調整模型或做機率校準
05:38:32 [INFO] 交叉驗證完成 - Train AUC: 0.9914, CV AUC: 0.9767 ± 0.0136, Overfitting: 0.0147
05:38:32 [INFO] 訓練完成 - Train AUC: 0.9922, CV AUC: 0.9767 ± 0.0136
05:38:32 [INFO] 開始交叉驗證 - 3-fold CV
05:38:32 [INFO] Fold 1/3 - 訓練: 30 → 30 (purge: -120), 驗證: 30 → 30
05:38:32 [INFO] Fold 1/3 - AUC: 0.5000, Precision: 0.4667, Recall: 1.0000, F1: 0.6364
05:38:32 [INFO] Fold 2/3 - 訓練: 60 → 60 (purge: -120), 驗證: 30 → 30
05:38:32 [INFO] Fold 2/3 - AUC: 0.9480, Precision: 1.0000, Recall: 0.7647, F1: 0.8667
05:38:32 [INFO] Fold 3/3 - 訓練: 90 → 90 (purge: -120), 驗證: 30 → 30
05:38:32 [INFO] Fold 3/3 - AUC: 0.9653, Precision: 0.8000, Recall: 1.0000, F1: 0.8889
05:38:32 [INFO] 校準指標 - Brier: 0.1334, ECE: 0.3015, 品質: poor
05:38:32 [WARNING] 校準品質偏低，建議重新調整模型或做機率校準
05:38:32 [INFO] 交叉驗證完成 - Train AUC: 0.9914, CV AUC: 0.8044 ± 0.2154, Overfitting: 0.1870
05:38:32 [WARNING] 檢測到過擬合 (overfitting score > 0.15): 0.1870
PASSED                                                                   [ 17%]
tests/momentum/Analysis/test_lightgbm_edge_cases.py::test_s1_predict_before_train_raises[lightgbm] PASSED [ 17%]
tests/momentum/Analysis/test_lightgbm_edge_cases.py::test_s1_predict_before_train_raises[xgboost] PASSED [ 18%]
tests/momentum/Analysis/test_lightgbm_edge_cases.py::test_s2_feature_importance_before_train_raises[lightgbm] PASSED [ 18%]
tests/momentum/Analysis/test_lightgbm_edge_cases.py::test_s2_feature_importance_before_train_raises[xgboost] PASSED [ 18%]
tests/momentum/Analysis/test_lightgbm_edge_cases.py::test_s3_save_before_train_raises[lightgbm] PASSED [ 18%]
tests/momentum/Analysis/test_lightgbm_edge_cases.py::test_s3_save_before_train_raises[xgboost] PASSED [ 18%]
tests/momentum/Analysis/test_lightgbm_edge_cases.py::test_s4_load_missing_file_raises[lightgbm] PASSED [ 18%]
tests/momentum/Analysis/test_lightgbm_edge_cases.py::test_s4_load_missing_file_raises[xgboost] PASSED [ 18%]
tests/momentum/Analysis/test_lightgbm_edge_cases.py::test_model_path_safety_rejects_outside_cache[lightgbm] 
-------------------------------- live log call ---------------------------------
05:38:32 [INFO] 開始訓練 LightGBM 模型 - 樣本數: 120, 特徵數: 8
05:38:32 [INFO] 標籤分佈: {0: 60, 1: 60}
05:38:32 [INFO] 訓練集: 96 樣本, 驗證集: 24 樣本
05:38:32 [INFO] 開始交叉驗證 - 3-fold CV
05:38:33 [INFO] Fold 1/3 - AUC: 0.9750, Precision: 0.8696, Recall: 1.0000, F1: 0.9302
05:38:33 [INFO] Fold 2/3 - AUC: 0.9763, Precision: 0.9444, Recall: 0.8500, F1: 0.8947
05:38:33 [INFO] Fold 3/3 - AUC: 0.9563, Precision: 0.9000, Recall: 0.9000, F1: 0.9000
05:38:33 [INFO] 校準指標 - Brier: 0.1633, ECE: 0.3720, 品質: poor
05:38:33 [WARNING] 校準品質偏低，建議重新調整模型或做機率校準
05:38:33 [INFO] 交叉驗證完成 - Train AUC: 0.9867, CV AUC: 0.9692 ± 0.0091, Overfitting: 0.0175
05:38:33 [INFO] 訓練完成 - Train AUC: 0.9867, CV AUC: 0.9692 ± 0.0091
PASSED                                                                   [ 18%]
tests/momentum/Analysis/test_lightgbm_edge_cases.py::test_model_path_safety_rejects_outside_cache[xgboost] 
-------------------------------- live log call ---------------------------------
05:38:33 [INFO] 開始訓練 XGBoost 模型 - 樣本數: 120, 特徵數: 8
05:38:33 [INFO] 標籤分佈: {0: 60, 1: 60}
05:38:33 [INFO] 訓練集: 96 樣本, 驗證集: 24 樣本
05:38:33 [INFO] 開始交叉驗證 - 3-fold CV
05:38:33 [INFO] Fold 1/3 - AUC: 0.9850, Precision: 0.9091, Recall: 1.0000, F1: 0.9524
05:38:33 [INFO] Fold 2/3 - AUC: 0.9875, Precision: 0.9474, Recall: 0.9000, F1: 0.9231
05:38:33 [INFO] Fold 3/3 - AUC: 0.9575, Precision: 0.8636, Recall: 0.9500, F1: 0.9048
05:38:33 [INFO] 校準指標 - Brier: 0.1334, ECE: 0.3015, 品質: poor
05:38:33 [WARNING] 校準品質偏低，建議重新調整模型或做機率校準
05:38:33 [INFO] 交叉驗證完成 - Train AUC: 0.9914, CV AUC: 0.9767 ± 0.0136, Overfitting: 0.0147
05:38:33 [INFO] 訓練完成 - Train AUC: 0.9922, CV AUC: 0.9767 ± 0.0136
PASSED                                                                   [ 18%]
tests/momentum/Analysis/test_lightgbm_edge_cases.py::test_s5_type_mismatch_lightgbm_to_xgboost_raises 
-------------------------------- live log call ---------------------------------
05:38:33 [INFO] 開始訓練 LightGBM 模型 - 樣本數: 120, 特徵數: 8
05:38:33 [INFO] 標籤分佈: {0: 60, 1: 60}
05:38:33 [INFO] 訓練集: 96 樣本, 驗證集: 24 樣本
05:38:33 [INFO] 開始交叉驗證 - 3-fold CV
05:38:33 [INFO] Fold 1/3 - AUC: 0.9750, Precision: 0.8696, Recall: 1.0000, F1: 0.9302
05:38:33 [INFO] Fold 2/3 - AUC: 0.9763, Precision: 0.9444, Recall: 0.8500, F1: 0.8947
05:38:33 [INFO] Fold 3/3 - AUC: 0.9563, Precision: 0.9000, Recall: 0.9000, F1: 0.9000
05:38:33 [INFO] 校準指標 - Brier: 0.1633, ECE: 0.3720, 品質: poor
05:38:33 [WARNING] 校準品質偏低，建議重新調整模型或做機率校準
05:38:33 [INFO] 交叉驗證完成 - Train AUC: 0.9867, CV AUC: 0.9692 ± 0.0091, Overfitting: 0.0175
05:38:33 [INFO] 訓練完成 - Train AUC: 0.9867, CV AUC: 0.9692 ± 0.0091
05:38:33 [INFO] LightGBM 模型已儲存: /Users/louis/Desktop/quantitative_trading_system/data_cache/models/type_mismatch_lgb.pkl
PASSED                                                                   [ 18%]
tests/momentum/Analysis/test_lightgbm_edge_cases.py::test_s5_type_mismatch_xgboost_to_lightgbm_raises 
-------------------------------- live log call ---------------------------------
05:38:33 [INFO] 開始訓練 XGBoost 模型 - 樣本數: 120, 特徵數: 8
05:38:33 [INFO] 標籤分佈: {0: 60, 1: 60}
05:38:33 [INFO] 訓練集: 96 樣本, 驗證集: 24 樣本
05:38:33 [INFO] 開始交叉驗證 - 3-fold CV
05:38:33 [INFO] Fold 1/3 - AUC: 0.9850, Precision: 0.9091, Recall: 1.0000, F1: 0.9524
05:38:33 [INFO] Fold 2/3 - AUC: 0.9875, Precision: 0.9474, Recall: 0.9000, F1: 0.9231
05:38:33 [INFO] Fold 3/3 - AUC: 0.9575, Precision: 0.8636, Recall: 0.9500, F1: 0.9048
05:38:33 [INFO] 校準指標 - Brier: 0.1334, ECE: 0.3015, 品質: poor
05:38:33 [WARNING] 校準品質偏低，建議重新調整模型或做機率校準
05:38:33 [INFO] 交叉驗證完成 - Train AUC: 0.9914, CV AUC: 0.9767 ± 0.0136, Overfitting: 0.0147
05:38:33 [INFO] 訓練完成 - Train AUC: 0.9922, CV AUC: 0.9767 ± 0.0136
05:38:33 [INFO] XGBoost 模型已儲存: /Users/louis/Desktop/quantitative_trading_system/data_cache/models/type_mismatch_xgb.pkl
PASSED                                                                   [ 19%]
tests/momentum/Analysis/test_lightgbm_edge_cases.py::test_s6_loaded_model_can_be_retrained[lightgbm] 
-------------------------------- live log call ---------------------------------
05:38:33 [INFO] 開始訓練 LightGBM 模型 - 樣本數: 120, 特徵數: 8
05:38:33 [INFO] 標籤分佈: {0: 60, 1: 60}
05:38:33 [INFO] 訓練集: 96 樣本, 驗證集: 24 樣本
05:38:33 [INFO] 開始交叉驗證 - 3-fold CV
05:38:33 [INFO] Fold 1/3 - AUC: 0.9750, Precision: 0.8696, Recall: 1.0000, F1: 0.9302
05:38:33 [INFO] Fold 2/3 - AUC: 0.9763, Precision: 0.9444, Recall: 0.8500, F1: 0.8947
05:38:33 [INFO] Fold 3/3 - AUC: 0.9563, Precision: 0.9000, Recall: 0.9000, F1: 0.9000
05:38:33 [INFO] 校準指標 - Brier: 0.1633, ECE: 0.3720, 品質: poor
05:38:33 [WARNING] 校準品質偏低，建議重新調整模型或做機率校準
05:38:33 [INFO] 交叉驗證完成 - Train AUC: 0.9867, CV AUC: 0.9692 ± 0.0091, Overfitting: 0.0175
05:38:33 [INFO] 訓練完成 - Train AUC: 0.9867, CV AUC: 0.9692 ± 0.0091
05:38:33 [INFO] LightGBM 模型已儲存: /Users/louis/Desktop/quantitative_trading_system/data_cache/models/retrain_lightgbm.pkl
05:38:33 [INFO] 開始訓練 LightGBM 模型 - 樣本數: 120, 特徵數: 8
05:38:33 [INFO] 標籤分佈: {0: 60, 1: 60}
05:38:33 [INFO] 訓練集: 96 樣本, 驗證集: 24 樣本
05:38:33 [INFO] 開始交叉驗證 - 3-fold CV
05:38:33 [INFO] Fold 1/3 - AUC: 0.9750, Precision: 0.8696, Recall: 1.0000, F1: 0.9302
05:38:33 [INFO] Fold 2/3 - AUC: 0.9763, Precision: 0.9444, Recall: 0.8500, F1: 0.8947
05:38:33 [INFO] Fold 3/3 - AUC: 0.9563, Precision: 0.9000, Recall: 0.9000, F1: 0.9000
05:38:33 [INFO] 校準指標 - Brier: 0.1633, ECE: 0.3720, 品質: poor
05:38:33 [WARNING] 校準品質偏低，建議重新調整模型或做機率校準
05:38:33 [INFO] 交叉驗證完成 - Train AUC: 0.9867, CV AUC: 0.9692 ± 0.0091, Overfitting: 0.0175
05:38:33 [INFO] 訓練完成 - Train AUC: 0.9867, CV AUC: 0.9692 ± 0.0091
PASSED                                                                   [ 19%]
tests/momentum/Analysis/test_lightgbm_edge_cases.py::test_s6_loaded_model_can_be_retrained[xgboost] 
-------------------------------- live log call ---------------------------------
05:38:33 [INFO] 開始訓練 XGBoost 模型 - 樣本數: 120, 特徵數: 8
05:38:33 [INFO] 標籤分佈: {0: 60, 1: 60}
05:38:33 [INFO] 訓練集: 96 樣本, 驗證集: 24 樣本
05:38:33 [INFO] 開始交叉驗證 - 3-fold CV
05:38:33 [INFO] Fold 1/3 - AUC: 0.9850, Precision: 0.9091, Recall: 1.0000, F1: 0.9524
05:38:33 [INFO] Fold 2/3 - AUC: 0.9875, Precision: 0.9474, Recall: 0.9000, F1: 0.9231
05:38:33 [INFO] Fold 3/3 - AUC: 0.9575, Precision: 0.8636, Recall: 0.9500, F1: 0.9048
05:38:33 [INFO] 校準指標 - Brier: 0.1334, ECE: 0.3015, 品質: poor
05:38:33 [WARNING] 校準品質偏低，建議重新調整模型或做機率校準
05:38:33 [INFO] 交叉驗證完成 - Train AUC: 0.9914, CV AUC: 0.9767 ± 0.0136, Overfitting: 0.0147
05:38:33 [INFO] 訓練完成 - Train AUC: 0.9922, CV AUC: 0.9767 ± 0.0136
05:38:33 [INFO] XGBoost 模型已儲存: /Users/louis/Desktop/quantitative_trading_system/data_cache/models/retrain_xgboost.pkl
05:38:33 [INFO] 開始訓練 XGBoost 模型 - 樣本數: 120, 特徵數: 8
05:38:33 [INFO] 標籤分佈: {0: 60, 1: 60}
05:38:33 [INFO] 訓練集: 96 樣本, 驗證集: 24 樣本
05:38:33 [INFO] 開始交叉驗證 - 3-fold CV
05:38:33 [INFO] Fold 1/3 - AUC: 0.9850, Precision: 0.9091, Recall: 1.0000, F1: 0.9524
05:38:33 [INFO] Fold 2/3 - AUC: 0.9875, Precision: 0.9474, Recall: 0.9000, F1: 0.9231
05:38:33 [INFO] Fold 3/3 - AUC: 0.9575, Precision: 0.8636, Recall: 0.9500, F1: 0.9048
05:38:33 [INFO] 校準指標 - Brier: 0.1334, ECE: 0.3015, 品質: poor
05:38:33 [WARNING] 校準品質偏低，建議重新調整模型或做機率校準
05:38:33 [INFO] 交叉驗證完成 - Train AUC: 0.9914, CV AUC: 0.9767 ± 0.0136, Overfitting: 0.0147
05:38:33 [INFO] 訓練完成 - Train AUC: 0.9922, CV AUC: 0.9767 ± 0.0136
PASSED                                                                   [ 19%]
tests/momentum/Analysis/test_lightgbm_edge_cases.py::test_o1_oot_insufficient_samples_returns_result[lightgbm] 
-------------------------------- live log call ---------------------------------
05:38:33 [INFO] 開始訓練 LightGBM 模型 - 樣本數: 120, 特徵數: 8
05:38:33 [INFO] 標籤分佈: {0: 60, 1: 60}
05:38:33 [INFO] 訓練集: 96 樣本, 驗證集: 24 樣本
05:38:33 [INFO] 開始交叉驗證 - 3-fold CV
05:38:33 [INFO] Fold 1/3 - AUC: 0.9750, Precision: 0.8696, Recall: 1.0000, F1: 0.9302
05:38:33 [INFO] Fold 2/3 - AUC: 0.9763, Precision: 0.9444, Recall: 0.8500, F1: 0.8947
05:38:33 [INFO] Fold 3/3 - AUC: 0.9563, Precision: 0.9000, Recall: 0.9000, F1: 0.9000
05:38:33 [INFO] 校準指標 - Brier: 0.1633, ECE: 0.3720, 品質: poor
05:38:33 [WARNING] 校準品質偏低，建議重新調整模型或做機率校準
05:38:33 [INFO] 交叉驗證完成 - Train AUC: 0.9867, CV AUC: 0.9692 ± 0.0091, Overfitting: 0.0175
05:38:33 [INFO] 訓練完成 - Train AUC: 0.9867, CV AUC: 0.9692 ± 0.0091
05:38:33 [WARNING] OOT 樣本數不足 50
PASSED                                                                   [ 19%]
tests/momentum/Analysis/test_lightgbm_edge_cases.py::test_o1_oot_insufficient_samples_returns_result[xgboost] 
-------------------------------- live log call ---------------------------------
05:38:33 [INFO] 開始訓練 XGBoost 模型 - 樣本數: 120, 特徵數: 8
05:38:33 [INFO] 標籤分佈: {0: 60, 1: 60}
05:38:33 [INFO] 訓練集: 96 樣本, 驗證集: 24 樣本
05:38:33 [INFO] 開始交叉驗證 - 3-fold CV
05:38:33 [INFO] Fold 1/3 - AUC: 0.9850, Precision: 0.9091, Recall: 1.0000, F1: 0.9524
05:38:33 [INFO] Fold 2/3 - AUC: 0.9875, Precision: 0.9474, Recall: 0.9000, F1: 0.9231
05:38:33 [INFO] Fold 3/3 - AUC: 0.9575, Precision: 0.8636, Recall: 0.9500, F1: 0.9048
05:38:33 [INFO] 校準指標 - Brier: 0.1334, ECE: 0.3015, 品質: poor
05:38:33 [WARNING] 校準品質偏低，建議重新調整模型或做機率校準
05:38:33 [INFO] 交叉驗證完成 - Train AUC: 0.9914, CV AUC: 0.9767 ± 0.0136, Overfitting: 0.0147
05:38:33 [INFO] 訓練完成 - Train AUC: 0.9922, CV AUC: 0.9767 ± 0.0136
05:38:33 [INFO] 開始 OOT 驗證 - 樣本數: 20, 期間:  ~ 
05:38:33 [INFO] OOT 驗證完成 - AUC: 1.0000, Precision: 0.9091, Recall: 1.0000, 正樣本率: 50.00%
05:38:33 [INFO] CV-OOT Gap: -0.3000 - 狀態: good
PASSED                                                                   [ 19%]
tests/momentum/Analysis/test_lightgbm_edge_cases.py::test_o2_oot_single_class_sets_auc_none[lightgbm] 
-------------------------------- live log call ---------------------------------
05:38:33 [INFO] 開始訓練 LightGBM 模型 - 樣本數: 120, 特徵數: 8
05:38:33 [INFO] 標籤分佈: {0: 60, 1: 60}
05:38:33 [INFO] 訓練集: 96 樣本, 驗證集: 24 樣本
05:38:33 [INFO] 開始交叉驗證 - 3-fold CV
05:38:33 [INFO] Fold 1/3 - AUC: 0.9750, Precision: 0.8696, Recall: 1.0000, F1: 0.9302
05:38:33 [INFO] Fold 2/3 - AUC: 0.9763, Precision: 0.9444, Recall: 0.8500, F1: 0.8947
05:38:33 [INFO] Fold 3/3 - AUC: 0.9563, Precision: 0.9000, Recall: 0.9000, F1: 0.9000
05:38:33 [INFO] 校準指標 - Brier: 0.1633, ECE: 0.3720, 品質: poor
05:38:33 [WARNING] 校準品質偏低，建議重新調整模型或做機率校準
05:38:33 [INFO] 交叉驗證完成 - Train AUC: 0.9867, CV AUC: 0.9692 ± 0.0091, Overfitting: 0.0175
05:38:33 [INFO] 訓練完成 - Train AUC: 0.9867, CV AUC: 0.9692 ± 0.0091
05:38:33 [WARNING] OOT 樣本數不足 50
05:38:33 [WARNING] OOT 標籤只有單一類別，無法計算 AUC
PASSED                                                                   [ 19%]
tests/momentum/Analysis/test_lightgbm_edge_cases.py::test_o2_oot_single_class_sets_auc_none[xgboost] 
-------------------------------- live log call ---------------------------------
05:38:33 [INFO] 開始訓練 XGBoost 模型 - 樣本數: 120, 特徵數: 8
05:38:33 [INFO] 標籤分佈: {0: 60, 1: 60}
05:38:33 [INFO] 訓練集: 96 樣本, 驗證集: 24 樣本
05:38:33 [INFO] 開始交叉驗證 - 3-fold CV
05:38:33 [INFO] Fold 1/3 - AUC: 0.9850, Precision: 0.9091, Recall: 1.0000, F1: 0.9524
05:38:33 [INFO] Fold 2/3 - AUC: 0.9875, Precision: 0.9474, Recall: 0.9000, F1: 0.9231
05:38:33 [INFO] Fold 3/3 - AUC: 0.9575, Precision: 0.8636, Recall: 0.9500, F1: 0.9048
05:38:33 [INFO] 校準指標 - Brier: 0.1334, ECE: 0.3015, 品質: poor
05:38:33 [WARNING] 校準品質偏低，建議重新調整模型或做機率校準
05:38:33 [INFO] 交叉驗證完成 - Train AUC: 0.9914, CV AUC: 0.9767 ± 0.0136, Overfitting: 0.0147
05:38:33 [INFO] 訓練完成 - Train AUC: 0.9922, CV AUC: 0.9767 ± 0.0136
05:38:33 [INFO] 開始 OOT 驗證 - 樣本數: 30, 期間:  ~ 
05:38:33 [WARNING] OOT 標籤只有單一類別 ([0])，AUC 設為 NaN
05:38:33 [INFO] OOT 驗證完成 - AUC: nan, Precision: 0.0000, Recall: 0.0000, 正樣本率: 0.00%
PASSED                                                                   [ 19%]
tests/momentum/Analysis/test_lightgbm_edge_cases.py::test_h1_shap_sample_size_handling[1-lightgbm] 
-------------------------------- live log call ---------------------------------
05:38:33 [INFO] 開始訓練 LightGBM 模型 - 樣本數: 120, 特徵數: 8
05:38:33 [INFO] 標籤分佈: {0: 60, 1: 60}
05:38:33 [INFO] 訓練集: 96 樣本, 驗證集: 24 樣本
05:38:33 [INFO] 開始交叉驗證 - 3-fold CV
05:38:33 [INFO] Fold 1/3 - AUC: 0.9750, Precision: 0.8696, Recall: 1.0000, F1: 0.9302
05:38:33 [INFO] Fold 2/3 - AUC: 0.9763, Precision: 0.9444, Recall: 0.8500, F1: 0.8947
05:38:33 [INFO] Fold 3/3 - AUC: 0.9563, Precision: 0.9000, Recall: 0.9000, F1: 0.9000
05:38:33 [INFO] 校準指標 - Brier: 0.1633, ECE: 0.3720, 品質: poor
05:38:33 [WARNING] 校準品質偏低，建議重新調整模型或做機率校準
05:38:33 [INFO] 交叉驗證完成 - Train AUC: 0.9867, CV AUC: 0.9692 ± 0.0091, Overfitting: 0.0175
05:38:33 [INFO] 訓練完成 - Train AUC: 0.9867, CV AUC: 0.9692 ± 0.0091
05:38:33 [INFO] SHAP 全局分析完成 - 樣本數: 1, 特徵數: 8
PASSED                                                                   [ 19%]
tests/momentum/Analysis/test_lightgbm_edge_cases.py::test_h1_shap_sample_size_handling[1-xgboost] 
-------------------------------- live log call ---------------------------------
05:38:33 [INFO] 開始訓練 XGBoost 模型 - 樣本數: 120, 特徵數: 8
05:38:33 [INFO] 標籤分佈: {0: 60, 1: 60}
05:38:33 [INFO] 訓練集: 96 樣本, 驗證集: 24 樣本
05:38:33 [INFO] 開始交叉驗證 - 3-fold CV
05:38:33 [INFO] Fold 1/3 - AUC: 0.9850, Precision: 0.9091, Recall: 1.0000, F1: 0.9524
05:38:33 [INFO] Fold 2/3 - AUC: 0.9875, Precision: 0.9474, Recall: 0.9000, F1: 0.9231
05:38:33 [INFO] Fold 3/3 - AUC: 0.9575, Precision: 0.8636, Recall: 0.9500, F1: 0.9048
05:38:33 [INFO] 校準指標 - Brier: 0.1334, ECE: 0.3015, 品質: poor
05:38:33 [WARNING] 校準品質偏低，建議重新調整模型或做機率校準
05:38:33 [INFO] 交叉驗證完成 - Train AUC: 0.9914, CV AUC: 0.9767 ± 0.0136, Overfitting: 0.0147
05:38:33 [INFO] 訓練完成 - Train AUC: 0.9922, CV AUC: 0.9767 ± 0.0136
05:38:33 [INFO] SHAP 全局分析完成 - 樣本數: 1, 特徵數: 8
PASSED                                                                   [ 19%]
tests/momentum/Analysis/test_lightgbm_edge_cases.py::test_h1_shap_sample_size_handling[5-lightgbm] 
-------------------------------- live log call ---------------------------------
05:38:33 [INFO] 開始訓練 LightGBM 模型 - 樣本數: 120, 特徵數: 8
05:38:33 [INFO] 標籤分佈: {0: 60, 1: 60}
05:38:33 [INFO] 訓練集: 96 樣本, 驗證集: 24 樣本
05:38:33 [INFO] 開始交叉驗證 - 3-fold CV
05:38:33 [INFO] Fold 1/3 - AUC: 0.9750, Precision: 0.8696, Recall: 1.0000, F1: 0.9302
05:38:33 [INFO] Fold 2/3 - AUC: 0.9763, Precision: 0.9444, Recall: 0.8500, F1: 0.8947
05:38:33 [INFO] Fold 3/3 - AUC: 0.9563, Precision: 0.9000, Recall: 0.9000, F1: 0.9000
05:38:33 [INFO] 校準指標 - Brier: 0.1633, ECE: 0.3720, 品質: poor
05:38:33 [WARNING] 校準品質偏低，建議重新調整模型或做機率校準
05:38:33 [INFO] 交叉驗證完成 - Train AUC: 0.9867, CV AUC: 0.9692 ± 0.0091, Overfitting: 0.0175
05:38:33 [INFO] 訓練完成 - Train AUC: 0.9867, CV AUC: 0.9692 ± 0.0091
05:38:33 [INFO] SHAP 全局分析完成 - 樣本數: 5, 特徵數: 8
PASSED                                                                   [ 19%]
tests/momentum/Analysis/test_lightgbm_edge_cases.py::test_h1_shap_sample_size_handling[5-xgboost] 
-------------------------------- live log call ---------------------------------
05:38:33 [INFO] 開始訓練 XGBoost 模型 - 樣本數: 120, 特徵數: 8
05:38:33 [INFO] 標籤分佈: {0: 60, 1: 60}
05:38:33 [INFO] 訓練集: 96 樣本, 驗證集: 24 樣本
05:38:33 [INFO] 開始交叉驗證 - 3-fold CV
05:38:33 [INFO] Fold 1/3 - AUC: 0.9850, Precision: 0.9091, Recall: 1.0000, F1: 0.9524
05:38:33 [INFO] Fold 2/3 - AUC: 0.9875, Precision: 0.9474, Recall: 0.9000, F1: 0.9231
05:38:33 [INFO] Fold 3/3 - AUC: 0.9575, Precision: 0.8636, Recall: 0.9500, F1: 0.9048
05:38:33 [INFO] 校準指標 - Brier: 0.1334, ECE: 0.3015, 品質: poor
05:38:33 [WARNING] 校準品質偏低，建議重新調整模型或做機率校準
05:38:33 [INFO] 交叉驗證完成 - Train AUC: 0.9914, CV AUC: 0.9767 ± 0.0136, Overfitting: 0.0147
05:38:33 [INFO] 訓練完成 - Train AUC: 0.9922, CV AUC: 0.9767 ± 0.0136
05:38:33 [INFO] SHAP 全局分析完成 - 樣本數: 5, 特徵數: 8
PASSED                                                                   [ 19%]
tests/momentum/Analysis/test_lightgbm_edge_cases.py::test_h1_shap_sample_size_handling[20-lightgbm] 
-------------------------------- live log call ---------------------------------
05:38:33 [INFO] 開始訓練 LightGBM 模型 - 樣本數: 120, 特徵數: 8
05:38:33 [INFO] 標籤分佈: {0: 60, 1: 60}
05:38:33 [INFO] 訓練集: 96 樣本, 驗證集: 24 樣本
05:38:33 [INFO] 開始交叉驗證 - 3-fold CV
05:38:33 [INFO] Fold 1/3 - AUC: 0.9750, Precision: 0.8696, Recall: 1.0000, F1: 0.9302
05:38:33 [INFO] Fold 2/3 - AUC: 0.9763, Precision: 0.9444, Recall: 0.8500, F1: 0.8947
05:38:33 [INFO] Fold 3/3 - AUC: 0.9563, Precision: 0.9000, Recall: 0.9000, F1: 0.9000
05:38:33 [INFO] 校準指標 - Brier: 0.1633, ECE: 0.3720, 品質: poor
05:38:33 [WARNING] 校準品質偏低，建議重新調整模型或做機率校準
05:38:33 [INFO] 交叉驗證完成 - Train AUC: 0.9867, CV AUC: 0.9692 ± 0.0091, Overfitting: 0.0175
05:38:33 [INFO] 訓練完成 - Train AUC: 0.9867, CV AUC: 0.9692 ± 0.0091
05:38:33 [INFO] SHAP 全局分析完成 - 樣本數: 20, 特徵數: 8
PASSED                                                                   [ 20%]
tests/momentum/Analysis/test_lightgbm_edge_cases.py::test_h1_shap_sample_size_handling[20-xgboost] 
-------------------------------- live log call ---------------------------------
05:38:33 [INFO] 開始訓練 XGBoost 模型 - 樣本數: 120, 特徵數: 8
05:38:33 [INFO] 標籤分佈: {0: 60, 1: 60}
05:38:33 [INFO] 訓練集: 96 樣本, 驗證集: 24 樣本
05:38:33 [INFO] 開始交叉驗證 - 3-fold CV
05:38:33 [INFO] Fold 1/3 - AUC: 0.9850, Precision: 0.9091, Recall: 1.0000, F1: 0.9524
05:38:33 [INFO] Fold 2/3 - AUC: 0.9875, Precision: 0.9474, Recall: 0.9000, F1: 0.9231
05:38:33 [INFO] Fold 3/3 - AUC: 0.9575, Precision: 0.8636, Recall: 0.9500, F1: 0.9048
05:38:33 [INFO] 校準指標 - Brier: 0.1334, ECE: 0.3015, 品質: poor
05:38:33 [WARNING] 校準品質偏低，建議重新調整模型或做機率校準
05:38:33 [INFO] 交叉驗證完成 - Train AUC: 0.9914, CV AUC: 0.9767 ± 0.0136, Overfitting: 0.0147
05:38:33 [INFO] 訓練完成 - Train AUC: 0.9922, CV AUC: 0.9767 ± 0.0136
05:38:33 [INFO] SHAP 全局分析完成 - 樣本數: 20, 特徵數: 8
PASSED                                                                   [ 20%]
tests/momentum/Analysis/test_lightgbm_edge_cases.py::test_h1_shap_sample_size_handling[50-lightgbm] 
-------------------------------- live log call ---------------------------------
05:38:33 [INFO] 開始訓練 LightGBM 模型 - 樣本數: 120, 特徵數: 8
05:38:33 [INFO] 標籤分佈: {0: 60, 1: 60}
05:38:33 [INFO] 訓練集: 96 樣本, 驗證集: 24 樣本
05:38:33 [INFO] 開始交叉驗證 - 3-fold CV
05:38:34 [INFO] Fold 1/3 - AUC: 0.9750, Precision: 0.8696, Recall: 1.0000, F1: 0.9302
05:38:34 [INFO] Fold 2/3 - AUC: 0.9763, Precision: 0.9444, Recall: 0.8500, F1: 0.8947
05:38:34 [INFO] Fold 3/3 - AUC: 0.9563, Precision: 0.9000, Recall: 0.9000, F1: 0.9000
05:38:34 [INFO] 校準指標 - Brier: 0.1633, ECE: 0.3720, 品質: poor
05:38:34 [WARNING] 校準品質偏低，建議重新調整模型或做機率校準
05:38:34 [INFO] 交叉驗證完成 - Train AUC: 0.9867, CV AUC: 0.9692 ± 0.0091, Overfitting: 0.0175
05:38:34 [INFO] 訓練完成 - Train AUC: 0.9867, CV AUC: 0.9692 ± 0.0091
05:38:34 [INFO] SHAP 全局分析完成 - 樣本數: 40, 特徵數: 8
PASSED                                                                   [ 20%]
tests/momentum/Analysis/test_lightgbm_edge_cases.py::test_h1_shap_sample_size_handling[50-xgboost] 
-------------------------------- live log call ---------------------------------
05:38:34 [INFO] 開始訓練 XGBoost 模型 - 樣本數: 120, 特徵數: 8
05:38:34 [INFO] 標籤分佈: {0: 60, 1: 60}
05:38:34 [INFO] 訓練集: 96 樣本, 驗證集: 24 樣本
05:38:34 [INFO] 開始交叉驗證 - 3-fold CV
05:38:34 [INFO] Fold 1/3 - AUC: 0.9850, Precision: 0.9091, Recall: 1.0000, F1: 0.9524
05:38:34 [INFO] Fold 2/3 - AUC: 0.9875, Precision: 0.9474, Recall: 0.9000, F1: 0.9231
05:38:34 [INFO] Fold 3/3 - AUC: 0.9575, Precision: 0.8636, Recall: 0.9500, F1: 0.9048
05:38:34 [INFO] 校準指標 - Brier: 0.1334, ECE: 0.3015, 品質: poor
05:38:34 [WARNING] 校準品質偏低，建議重新調整模型或做機率校準
05:38:34 [INFO] 交叉驗證完成 - Train AUC: 0.9914, CV AUC: 0.9767 ± 0.0136, Overfitting: 0.0147
05:38:34 [INFO] 訓練完成 - Train AUC: 0.9922, CV AUC: 0.9767 ± 0.0136
05:38:34 [INFO] SHAP 全局分析完成 - 樣本數: 40, 特徵數: 8
PASSED                                                                   [ 20%]
tests/momentum/Analysis/test_lightgbm_edge_cases.py::test_h1_shap_sample_size_handling[9999-lightgbm] 
-------------------------------- live log call ---------------------------------
05:38:34 [INFO] 開始訓練 LightGBM 模型 - 樣本數: 120, 特徵數: 8
05:38:34 [INFO] 標籤分佈: {0: 60, 1: 60}
05:38:34 [INFO] 訓練集: 96 樣本, 驗證集: 24 樣本
05:38:34 [INFO] 開始交叉驗證 - 3-fold CV
05:38:34 [INFO] Fold 1/3 - AUC: 0.9750, Precision: 0.8696, Recall: 1.0000, F1: 0.9302
05:38:34 [INFO] Fold 2/3 - AUC: 0.9763, Precision: 0.9444, Recall: 0.8500, F1: 0.8947
05:38:34 [INFO] Fold 3/3 - AUC: 0.9563, Precision: 0.9000, Recall: 0.9000, F1: 0.9000
05:38:34 [INFO] 校準指標 - Brier: 0.1633, ECE: 0.3720, 品質: poor
05:38:34 [WARNING] 校準品質偏低，建議重新調整模型或做機率校準
05:38:34 [INFO] 交叉驗證完成 - Train AUC: 0.9867, CV AUC: 0.9692 ± 0.0091, Overfitting: 0.0175
05:38:34 [INFO] 訓練完成 - Train AUC: 0.9867, CV AUC: 0.9692 ± 0.0091
05:38:34 [INFO] SHAP 全局分析完成 - 樣本數: 40, 特徵數: 8
PASSED                                                                   [ 20%]
tests/momentum/Analysis/test_lightgbm_edge_cases.py::test_h1_shap_sample_size_handling[9999-xgboost] 
-------------------------------- live log call ---------------------------------
05:38:34 [INFO] 開始訓練 XGBoost 模型 - 樣本數: 120, 特徵數: 8
05:38:34 [INFO] 標籤分佈: {0: 60, 1: 60}
05:38:34 [INFO] 訓練集: 96 樣本, 驗證集: 24 樣本
05:38:34 [INFO] 開始交叉驗證 - 3-fold CV
05:38:34 [INFO] Fold 1/3 - AUC: 0.9850, Precision: 0.9091, Recall: 1.0000, F1: 0.9524
05:38:34 [INFO] Fold 2/3 - AUC: 0.9875, Precision: 0.9474, Recall: 0.9000, F1: 0.9231
05:38:34 [INFO] Fold 3/3 - AUC: 0.9575, Precision: 0.8636, Recall: 0.9500, F1: 0.9048
05:38:34 [INFO] 校準指標 - Brier: 0.1334, ECE: 0.3015, 品質: poor
05:38:34 [WARNING] 校準品質偏低，建議重新調整模型或做機率校準
05:38:34 [INFO] 交叉驗證完成 - Train AUC: 0.9914, CV AUC: 0.9767 ± 0.0136, Overfitting: 0.0147
05:38:34 [INFO] 訓練完成 - Train AUC: 0.9922, CV AUC: 0.9767 ± 0.0136
05:38:34 [INFO] SHAP 全局分析完成 - 樣本數: 40, 特徵數: 8
PASSED                                                                   [ 20%]
tests/momentum/Analysis/test_lightgbm_edge_cases.py::test_h2_shap_sample_size_zero_raises[lightgbm] 
-------------------------------- live log call ---------------------------------
05:38:34 [INFO] 開始訓練 LightGBM 模型 - 樣本數: 120, 特徵數: 8
05:38:34 [INFO] 標籤分佈: {0: 60, 1: 60}
05:38:34 [INFO] 訓練集: 96 樣本, 驗證集: 24 樣本
05:38:34 [INFO] 開始交叉驗證 - 3-fold CV
05:38:34 [INFO] Fold 1/3 - AUC: 0.9750, Precision: 0.8696, Recall: 1.0000, F1: 0.9302
05:38:34 [INFO] Fold 2/3 - AUC: 0.9763, Precision: 0.9444, Recall: 0.8500, F1: 0.8947
05:38:34 [INFO] Fold 3/3 - AUC: 0.9563, Precision: 0.9000, Recall: 0.9000, F1: 0.9000
05:38:34 [INFO] 校準指標 - Brier: 0.1633, ECE: 0.3720, 品質: poor
05:38:34 [WARNING] 校準品質偏低，建議重新調整模型或做機率校準
05:38:34 [INFO] 交叉驗證完成 - Train AUC: 0.9867, CV AUC: 0.9692 ± 0.0091, Overfitting: 0.0175
05:38:34 [INFO] 訓練完成 - Train AUC: 0.9867, CV AUC: 0.9692 ± 0.0091
PASSED                                                                   [ 20%]
tests/momentum/Analysis/test_lightgbm_edge_cases.py::test_h2_shap_sample_size_zero_raises[xgboost] 
-------------------------------- live log call ---------------------------------
05:38:34 [INFO] 開始訓練 XGBoost 模型 - 樣本數: 120, 特徵數: 8
05:38:34 [INFO] 標籤分佈: {0: 60, 1: 60}
05:38:34 [INFO] 訓練集: 96 樣本, 驗證集: 24 樣本
05:38:34 [INFO] 開始交叉驗證 - 3-fold CV
05:38:34 [INFO] Fold 1/3 - AUC: 0.9850, Precision: 0.9091, Recall: 1.0000, F1: 0.9524
05:38:34 [INFO] Fold 2/3 - AUC: 0.9875, Precision: 0.9474, Recall: 0.9000, F1: 0.9231
05:38:34 [INFO] Fold 3/3 - AUC: 0.9575, Precision: 0.8636, Recall: 0.9500, F1: 0.9048
05:38:34 [INFO] 校準指標 - Brier: 0.1334, ECE: 0.3015, 品質: poor
05:38:34 [WARNING] 校準品質偏低，建議重新調整模型或做機率校準
05:38:34 [INFO] 交叉驗證完成 - Train AUC: 0.9914, CV AUC: 0.9767 ± 0.0136, Overfitting: 0.0147
05:38:34 [INFO] 訓練完成 - Train AUC: 0.9922, CV AUC: 0.9767 ± 0.0136
PASSED                                                                   [ 20%]
tests/momentum/Analysis/test_lightgbm_edge_cases.py::test_h3_explain_single_case_feature_mismatch_raises[lightgbm] 
-------------------------------- live log call ---------------------------------
05:38:34 [INFO] 開始訓練 LightGBM 模型 - 樣本數: 120, 特徵數: 8
05:38:34 [INFO] 標籤分佈: {0: 60, 1: 60}
05:38:34 [INFO] 訓練集: 96 樣本, 驗證集: 24 樣本
05:38:34 [INFO] 開始交叉驗證 - 3-fold CV
05:38:34 [INFO] Fold 1/3 - AUC: 0.9750, Precision: 0.8696, Recall: 1.0000, F1: 0.9302
05:38:34 [INFO] Fold 2/3 - AUC: 0.9763, Precision: 0.9444, Recall: 0.8500, F1: 0.8947
05:38:34 [INFO] Fold 3/3 - AUC: 0.9563, Precision: 0.9000, Recall: 0.9000, F1: 0.9000
05:38:34 [INFO] 校準指標 - Brier: 0.1633, ECE: 0.3720, 品質: poor
05:38:34 [WARNING] 校準品質偏低，建議重新調整模型或做機率校準
05:38:34 [INFO] 交叉驗證完成 - Train AUC: 0.9867, CV AUC: 0.9692 ± 0.0091, Overfitting: 0.0175
05:38:34 [INFO] 訓練完成 - Train AUC: 0.9867, CV AUC: 0.9692 ± 0.0091
PASSED                                                                   [ 20%]
tests/momentum/Analysis/test_lightgbm_edge_cases.py::test_h3_explain_single_case_feature_mismatch_raises[xgboost] 
-------------------------------- live log call ---------------------------------
05:38:34 [INFO] 開始訓練 XGBoost 模型 - 樣本數: 120, 特徵數: 8
05:38:34 [INFO] 標籤分佈: {0: 60, 1: 60}
05:38:34 [INFO] 訓練集: 96 樣本, 驗證集: 24 樣本
05:38:34 [INFO] 開始交叉驗證 - 3-fold CV
05:38:34 [INFO] Fold 1/3 - AUC: 0.9850, Precision: 0.9091, Recall: 1.0000, F1: 0.9524
05:38:34 [INFO] Fold 2/3 - AUC: 0.9875, Precision: 0.9474, Recall: 0.9000, F1: 0.9231
05:38:34 [INFO] Fold 3/3 - AUC: 0.9575, Precision: 0.8636, Recall: 0.9500, F1: 0.9048
05:38:34 [INFO] 校準指標 - Brier: 0.1334, ECE: 0.3015, 品質: poor
05:38:34 [WARNING] 校準品質偏低，建議重新調整模型或做機率校準
05:38:34 [INFO] 交叉驗證完成 - Train AUC: 0.9914, CV AUC: 0.9767 ± 0.0136, Overfitting: 0.0147
05:38:34 [INFO] 訓練完成 - Train AUC: 0.9922, CV AUC: 0.9767 ± 0.0136
PASSED                                                                   [ 20%]
tests/momentum/Analysis/test_lightgbm_edge_cases.py::test_precision_at_k_parameter_sweep[1-lightgbm] 
-------------------------------- live log call ---------------------------------
05:38:34 [INFO] 開始訓練 LightGBM 模型 - 樣本數: 120, 特徵數: 8
05:38:34 [INFO] 標籤分佈: {0: 60, 1: 60}
05:38:34 [INFO] 訓練集: 96 樣本, 驗證集: 24 樣本
05:38:34 [INFO] 開始交叉驗證 - 3-fold CV
05:38:34 [INFO] Fold 1/3 - AUC: 0.9750, Precision: 0.8696, Recall: 1.0000, F1: 0.9302
05:38:34 [INFO] Fold 2/3 - AUC: 0.9763, Precision: 0.9444, Recall: 0.8500, F1: 0.8947
05:38:34 [INFO] Fold 3/3 - AUC: 0.9563, Precision: 0.9000, Recall: 0.9000, F1: 0.9000
05:38:34 [INFO] 校準指標 - Brier: 0.1633, ECE: 0.3720, 品質: poor
05:38:34 [WARNING] 校準品質偏低，建議重新調整模型或做機率校準
05:38:34 [INFO] 交叉驗證完成 - Train AUC: 0.9867, CV AUC: 0.9692 ± 0.0091, Overfitting: 0.0175
05:38:34 [INFO] 訓練完成 - Train AUC: 0.9867, CV AUC: 0.9692 ± 0.0091
PASSED                                                                   [ 21%]
tests/momentum/Analysis/test_lightgbm_edge_cases.py::test_precision_at_k_parameter_sweep[1-xgboost] 
-------------------------------- live log call ---------------------------------
05:38:34 [INFO] 開始訓練 XGBoost 模型 - 樣本數: 120, 特徵數: 8
05:38:34 [INFO] 標籤分佈: {0: 60, 1: 60}
05:38:34 [INFO] 訓練集: 96 樣本, 驗證集: 24 樣本
05:38:34 [INFO] 開始交叉驗證 - 3-fold CV
05:38:34 [INFO] Fold 1/3 - AUC: 0.9850, Precision: 0.9091, Recall: 1.0000, F1: 0.9524
05:38:34 [INFO] Fold 2/3 - AUC: 0.9875, Precision: 0.9474, Recall: 0.9000, F1: 0.9231
05:38:34 [INFO] Fold 3/3 - AUC: 0.9575, Precision: 0.8636, Recall: 0.9500, F1: 0.9048
05:38:34 [INFO] 校準指標 - Brier: 0.1334, ECE: 0.3015, 品質: poor
05:38:34 [WARNING] 校準品質偏低，建議重新調整模型或做機率校準
05:38:34 [INFO] 交叉驗證完成 - Train AUC: 0.9914, CV AUC: 0.9767 ± 0.0136, Overfitting: 0.0147
05:38:34 [INFO] 訓練完成 - Train AUC: 0.9922, CV AUC: 0.9767 ± 0.0136
05:38:34 [INFO] Precision@1% = 1.0000, threshold=0.6888, samples=1
PASSED                                                                   [ 21%]
tests/momentum/Analysis/test_lightgbm_edge_cases.py::test_precision_at_k_parameter_sweep[2-lightgbm] 
-------------------------------- live log call ---------------------------------
05:38:34 [INFO] 開始訓練 LightGBM 模型 - 樣本數: 120, 特徵數: 8
05:38:34 [INFO] 標籤分佈: {0: 60, 1: 60}
05:38:34 [INFO] 訓練集: 96 樣本, 驗證集: 24 樣本
05:38:34 [INFO] 開始交叉驗證 - 3-fold CV
05:38:34 [INFO] Fold 1/3 - AUC: 0.9750, Precision: 0.8696, Recall: 1.0000, F1: 0.9302
05:38:34 [INFO] Fold 2/3 - AUC: 0.9763, Precision: 0.9444, Recall: 0.8500, F1: 0.8947
05:38:34 [INFO] Fold 3/3 - AUC: 0.9563, Precision: 0.9000, Recall: 0.9000, F1: 0.9000
05:38:34 [INFO] 校準指標 - Brier: 0.1633, ECE: 0.3720, 品質: poor
05:38:34 [WARNING] 校準品質偏低，建議重新調整模型或做機率校準
05:38:34 [INFO] 交叉驗證完成 - Train AUC: 0.9867, CV AUC: 0.9692 ± 0.0091, Overfitting: 0.0175
05:38:34 [INFO] 訓練完成 - Train AUC: 0.9867, CV AUC: 0.9692 ± 0.0091
PASSED                                                                   [ 21%]
tests/momentum/Analysis/test_lightgbm_edge_cases.py::test_precision_at_k_parameter_sweep[2-xgboost] 
-------------------------------- live log call ---------------------------------
05:38:34 [INFO] 開始訓練 XGBoost 模型 - 樣本數: 120, 特徵數: 8
05:38:34 [INFO] 標籤分佈: {0: 60, 1: 60}
05:38:34 [INFO] 訓練集: 96 樣本, 驗證集: 24 樣本
05:38:34 [INFO] 開始交叉驗證 - 3-fold CV
05:38:34 [INFO] Fold 1/3 - AUC: 0.9850, Precision: 0.9091, Recall: 1.0000, F1: 0.9524
05:38:34 [INFO] Fold 2/3 - AUC: 0.9875, Precision: 0.9474, Recall: 0.9000, F1: 0.9231
05:38:34 [INFO] Fold 3/3 - AUC: 0.9575, Precision: 0.8636, Recall: 0.9500, F1: 0.9048
05:38:34 [INFO] 校準指標 - Brier: 0.1334, ECE: 0.3015, 品質: poor
05:38:34 [WARNING] 校準品質偏低，建議重新調整模型或做機率校準
05:38:34 [INFO] 交叉驗證完成 - Train AUC: 0.9914, CV AUC: 0.9767 ± 0.0136, Overfitting: 0.0147
05:38:34 [INFO] 訓練完成 - Train AUC: 0.9922, CV AUC: 0.9767 ± 0.0136
05:38:34 [INFO] Precision@2% = 1.0000, threshold=0.6888, samples=2
PASSED                                                                   [ 21%]
tests/momentum/Analysis/test_lightgbm_edge_cases.py::test_precision_at_k_parameter_sweep[3-lightgbm] 
-------------------------------- live log call ---------------------------------
05:38:34 [INFO] 開始訓練 LightGBM 模型 - 樣本數: 120, 特徵數: 8
05:38:34 [INFO] 標籤分佈: {0: 60, 1: 60}
05:38:34 [INFO] 訓練集: 96 樣本, 驗證集: 24 樣本
05:38:34 [INFO] 開始交叉驗證 - 3-fold CV
05:38:34 [INFO] Fold 1/3 - AUC: 0.9750, Precision: 0.8696, Recall: 1.0000, F1: 0.9302
05:38:34 [INFO] Fold 2/3 - AUC: 0.9763, Precision: 0.9444, Recall: 0.8500, F1: 0.8947
05:38:34 [INFO] Fold 3/3 - AUC: 0.9563, Precision: 0.9000, Recall: 0.9000, F1: 0.9000
05:38:34 [INFO] 校準指標 - Brier: 0.1633, ECE: 0.3720, 品質: poor
05:38:34 [WARNING] 校準品質偏低，建議重新調整模型或做機率校準
05:38:34 [INFO] 交叉驗證完成 - Train AUC: 0.9867, CV AUC: 0.9692 ± 0.0091, Overfitting: 0.0175
05:38:34 [INFO] 訓練完成 - Train AUC: 0.9867, CV AUC: 0.9692 ± 0.0091
PASSED                                                                   [ 21%]
tests/momentum/Analysis/test_lightgbm_edge_cases.py::test_precision_at_k_parameter_sweep[3-xgboost] 
-------------------------------- live log call ---------------------------------
05:38:34 [INFO] 開始訓練 XGBoost 模型 - 樣本數: 120, 特徵數: 8
05:38:34 [INFO] 標籤分佈: {0: 60, 1: 60}
05:38:34 [INFO] 訓練集: 96 樣本, 驗證集: 24 樣本
05:38:34 [INFO] 開始交叉驗證 - 3-fold CV
05:38:34 [INFO] Fold 1/3 - AUC: 0.9850, Precision: 0.9091, Recall: 1.0000, F1: 0.9524
05:38:34 [INFO] Fold 2/3 - AUC: 0.9875, Precision: 0.9474, Recall: 0.9000, F1: 0.9231
05:38:34 [INFO] Fold 3/3 - AUC: 0.9575, Precision: 0.8636, Recall: 0.9500, F1: 0.9048
05:38:34 [INFO] 校準指標 - Brier: 0.1334, ECE: 0.3015, 品質: poor
05:38:34 [WARNING] 校準品質偏低，建議重新調整模型或做機率校準
05:38:34 [INFO] 交叉驗證完成 - Train AUC: 0.9914, CV AUC: 0.9767 ± 0.0136, Overfitting: 0.0147
05:38:34 [INFO] 訓練完成 - Train AUC: 0.9922, CV AUC: 0.9767 ± 0.0136
05:38:34 [INFO] Precision@3% = 1.0000, threshold=0.6888, samples=3
PASSED                                                                   [ 21%]
tests/momentum/Analysis/test_lightgbm_edge_cases.py::test_precision_at_k_parameter_sweep[5-lightgbm] 
-------------------------------- live log call ---------------------------------
05:38:34 [INFO] 開始訓練 LightGBM 模型 - 樣本數: 120, 特徵數: 8
05:38:34 [INFO] 標籤分佈: {0: 60, 1: 60}
05:38:34 [INFO] 訓練集: 96 樣本, 驗證集: 24 樣本
05:38:34 [INFO] 開始交叉驗證 - 3-fold CV
05:38:34 [INFO] Fold 1/3 - AUC: 0.9750, Precision: 0.8696, Recall: 1.0000, F1: 0.9302
05:38:34 [INFO] Fold 2/3 - AUC: 0.9763, Precision: 0.9444, Recall: 0.8500, F1: 0.8947
05:38:34 [INFO] Fold 3/3 - AUC: 0.9563, Precision: 0.9000, Recall: 0.9000, F1: 0.9000
05:38:34 [INFO] 校準指標 - Brier: 0.1633, ECE: 0.3720, 品質: poor
05:38:34 [WARNING] 校準品質偏低，建議重新調整模型或做機率校準
05:38:34 [INFO] 交叉驗證完成 - Train AUC: 0.9867, CV AUC: 0.9692 ± 0.0091, Overfitting: 0.0175
05:38:34 [INFO] 訓練完成 - Train AUC: 0.9867, CV AUC: 0.9692 ± 0.0091
PASSED                                                                   [ 21%]
tests/momentum/Analysis/test_lightgbm_edge_cases.py::test_precision_at_k_parameter_sweep[5-xgboost] 
-------------------------------- live log call ---------------------------------
05:38:34 [INFO] 開始訓練 XGBoost 模型 - 樣本數: 120, 特徵數: 8
05:38:34 [INFO] 標籤分佈: {0: 60, 1: 60}
05:38:34 [INFO] 訓練集: 96 樣本, 驗證集: 24 樣本
05:38:34 [INFO] 開始交叉驗證 - 3-fold CV
05:38:34 [INFO] Fold 1/3 - AUC: 0.9850, Precision: 0.9091, Recall: 1.0000, F1: 0.9524
05:38:34 [INFO] Fold 2/3 - AUC: 0.9875, Precision: 0.9474, Recall: 0.9000, F1: 0.9231
05:38:34 [INFO] Fold 3/3 - AUC: 0.9575, Precision: 0.8636, Recall: 0.9500, F1: 0.9048
05:38:34 [INFO] 校準指標 - Brier: 0.1334, ECE: 0.3015, 品質: poor
05:38:34 [WARNING] 校準品質偏低，建議重新調整模型或做機率校準
05:38:34 [INFO] 交叉驗證完成 - Train AUC: 0.9914, CV AUC: 0.9767 ± 0.0136, Overfitting: 0.0147
05:38:34 [INFO] 訓練完成 - Train AUC: 0.9922, CV AUC: 0.9767 ± 0.0136
05:38:34 [INFO] Precision@5% = 1.0000, threshold=0.6827, samples=6
PASSED                                                                   [ 21%]
tests/momentum/Analysis/test_lightgbm_edge_cases.py::test_precision_at_k_parameter_sweep[8-lightgbm] 
-------------------------------- live log call ---------------------------------
05:38:34 [INFO] 開始訓練 LightGBM 模型 - 樣本數: 120, 特徵數: 8
05:38:34 [INFO] 標籤分佈: {0: 60, 1: 60}
05:38:34 [INFO] 訓練集: 96 樣本, 驗證集: 24 樣本
05:38:34 [INFO] 開始交叉驗證 - 3-fold CV
05:38:34 [INFO] Fold 1/3 - AUC: 0.9750, Precision: 0.8696, Recall: 1.0000, F1: 0.9302
05:38:34 [INFO] Fold 2/3 - AUC: 0.9763, Precision: 0.9444, Recall: 0.8500, F1: 0.8947
05:38:34 [INFO] Fold 3/3 - AUC: 0.9563, Precision: 0.9000, Recall: 0.9000, F1: 0.9000
05:38:34 [INFO] 校準指標 - Brier: 0.1633, ECE: 0.3720, 品質: poor
05:38:34 [WARNING] 校準品質偏低，建議重新調整模型或做機率校準
05:38:34 [INFO] 交叉驗證完成 - Train AUC: 0.9867, CV AUC: 0.9692 ± 0.0091, Overfitting: 0.0175
05:38:34 [INFO] 訓練完成 - Train AUC: 0.9867, CV AUC: 0.9692 ± 0.0091
PASSED                                                                   [ 21%]
tests/momentum/Analysis/test_lightgbm_edge_cases.py::test_precision_at_k_parameter_sweep[8-xgboost] 
-------------------------------- live log call ---------------------------------
05:38:34 [INFO] 開始訓練 XGBoost 模型 - 樣本數: 120, 特徵數: 8
05:38:34 [INFO] 標籤分佈: {0: 60, 1: 60}
05:38:34 [INFO] 訓練集: 96 樣本, 驗證集: 24 樣本
05:38:34 [INFO] 開始交叉驗證 - 3-fold CV
05:38:34 [INFO] Fold 1/3 - AUC: 0.9850, Precision: 0.9091, Recall: 1.0000, F1: 0.9524
05:38:34 [INFO] Fold 2/3 - AUC: 0.9875, Precision: 0.9474, Recall: 0.9000, F1: 0.9231
05:38:34 [INFO] Fold 3/3 - AUC: 0.9575, Precision: 0.8636, Recall: 0.9500, F1: 0.9048
05:38:34 [INFO] 校準指標 - Brier: 0.1334, ECE: 0.3015, 品質: poor
05:38:34 [WARNING] 校準品質偏低，建議重新調整模型或做機率校準
05:38:34 [INFO] 交叉驗證完成 - Train AUC: 0.9914, CV AUC: 0.9767 ± 0.0136, Overfitting: 0.0147
05:38:34 [INFO] 訓練完成 - Train AUC: 0.9922, CV AUC: 0.9767 ± 0.0136
05:38:34 [INFO] Precision@8% = 1.0000, threshold=0.6815, samples=9
PASSED                                                                   [ 21%]
tests/momentum/Analysis/test_lightgbm_edge_cases.py::test_precision_at_k_parameter_sweep[10-lightgbm] 
-------------------------------- live log call ---------------------------------
05:38:34 [INFO] 開始訓練 LightGBM 模型 - 樣本數: 120, 特徵數: 8
05:38:34 [INFO] 標籤分佈: {0: 60, 1: 60}
05:38:34 [INFO] 訓練集: 96 樣本, 驗證集: 24 樣本
05:38:35 [INFO] 開始交叉驗證 - 3-fold CV
05:38:35 [INFO] Fold 1/3 - AUC: 0.9750, Precision: 0.8696, Recall: 1.0000, F1: 0.9302
05:38:35 [INFO] Fold 2/3 - AUC: 0.9763, Precision: 0.9444, Recall: 0.8500, F1: 0.8947
05:38:35 [INFO] Fold 3/3 - AUC: 0.9563, Precision: 0.9000, Recall: 0.9000, F1: 0.9000
05:38:35 [INFO] 校準指標 - Brier: 0.1633, ECE: 0.3720, 品質: poor
05:38:35 [WARNING] 校準品質偏低，建議重新調整模型或做機率校準
05:38:35 [INFO] 交叉驗證完成 - Train AUC: 0.9867, CV AUC: 0.9692 ± 0.0091, Overfitting: 0.0175
05:38:35 [INFO] 訓練完成 - Train AUC: 0.9867, CV AUC: 0.9692 ± 0.0091
PASSED                                                                   [ 21%]
tests/momentum/Analysis/test_lightgbm_edge_cases.py::test_precision_at_k_parameter_sweep[10-xgboost] 
-------------------------------- live log call ---------------------------------
05:38:35 [INFO] 開始訓練 XGBoost 模型 - 樣本數: 120, 特徵數: 8
05:38:35 [INFO] 標籤分佈: {0: 60, 1: 60}
05:38:35 [INFO] 訓練集: 96 樣本, 驗證集: 24 樣本
05:38:35 [INFO] 開始交叉驗證 - 3-fold CV
05:38:35 [INFO] Fold 1/3 - AUC: 0.9850, Precision: 0.9091, Recall: 1.0000, F1: 0.9524
05:38:35 [INFO] Fold 2/3 - AUC: 0.9875, Precision: 0.9474, Recall: 0.9000, F1: 0.9231
05:38:35 [INFO] Fold 3/3 - AUC: 0.9575, Precision: 0.8636, Recall: 0.9500, F1: 0.9048
05:38:35 [INFO] 校準指標 - Brier: 0.1334, ECE: 0.3015, 品質: poor
05:38:35 [WARNING] 校準品質偏低，建議重新調整模型或做機率校準
05:38:35 [INFO] 交叉驗證完成 - Train AUC: 0.9914, CV AUC: 0.9767 ± 0.0136, Overfitting: 0.0147
05:38:35 [INFO] 訓練完成 - Train AUC: 0.9922, CV AUC: 0.9767 ± 0.0136
05:38:35 [INFO] Precision@10% = 1.0000, threshold=0.6753, samples=12
PASSED                                                                   [ 22%]
tests/momentum/Analysis/test_lightgbm_edge_cases.py::test_precision_at_k_parameter_sweep[15-lightgbm] 
-------------------------------- live log call ---------------------------------
05:38:35 [INFO] 開始訓練 LightGBM 模型 - 樣本數: 120, 特徵數: 8
05:38:35 [INFO] 標籤分佈: {0: 60, 1: 60}
05:38:35 [INFO] 訓練集: 96 樣本, 驗證集: 24 樣本
05:38:35 [INFO] 開始交叉驗證 - 3-fold CV
05:38:35 [INFO] Fold 1/3 - AUC: 0.9750, Precision: 0.8696, Recall: 1.0000, F1: 0.9302
05:38:35 [INFO] Fold 2/3 - AUC: 0.9763, Precision: 0.9444, Recall: 0.8500, F1: 0.8947
05:38:35 [INFO] Fold 3/3 - AUC: 0.9563, Precision: 0.9000, Recall: 0.9000, F1: 0.9000
05:38:35 [INFO] 校準指標 - Brier: 0.1633, ECE: 0.3720, 品質: poor
05:38:35 [WARNING] 校準品質偏低，建議重新調整模型或做機率校準
05:38:35 [INFO] 交叉驗證完成 - Train AUC: 0.9867, CV AUC: 0.9692 ± 0.0091, Overfitting: 0.0175
05:38:35 [INFO] 訓練完成 - Train AUC: 0.9867, CV AUC: 0.9692 ± 0.0091
PASSED                                                                   [ 22%]
tests/momentum/Analysis/test_lightgbm_edge_cases.py::test_precision_at_k_parameter_sweep[15-xgboost] 
-------------------------------- live log call ---------------------------------
05:38:35 [INFO] 開始訓練 XGBoost 模型 - 樣本數: 120, 特徵數: 8
05:38:35 [INFO] 標籤分佈: {0: 60, 1: 60}
05:38:35 [INFO] 訓練集: 96 樣本, 驗證集: 24 樣本
05:38:35 [INFO] 開始交叉驗證 - 3-fold CV
05:38:35 [INFO] Fold 1/3 - AUC: 0.9850, Precision: 0.9091, Recall: 1.0000, F1: 0.9524
05:38:35 [INFO] Fold 2/3 - AUC: 0.9875, Precision: 0.9474, Recall: 0.9000, F1: 0.9231
05:38:35 [INFO] Fold 3/3 - AUC: 0.9575, Precision: 0.8636, Recall: 0.9500, F1: 0.9048
05:38:35 [INFO] 校準指標 - Brier: 0.1334, ECE: 0.3015, 品質: poor
05:38:35 [WARNING] 校準品質偏低，建議重新調整模型或做機率校準
05:38:35 [INFO] 交叉驗證完成 - Train AUC: 0.9914, CV AUC: 0.9767 ± 0.0136, Overfitting: 0.0147
05:38:35 [INFO] 訓練完成 - Train AUC: 0.9922, CV AUC: 0.9767 ± 0.0136
05:38:35 [INFO] Precision@15% = 1.0000, threshold=0.6734, samples=18
PASSED                                                                   [ 22%]
tests/momentum/Analysis/test_lightgbm_edge_cases.py::test_precision_at_k_parameter_sweep[20-lightgbm] 
-------------------------------- live log call ---------------------------------
05:38:35 [INFO] 開始訓練 LightGBM 模型 - 樣本數: 120, 特徵數: 8
05:38:35 [INFO] 標籤分佈: {0: 60, 1: 60}
05:38:35 [INFO] 訓練集: 96 樣本, 驗證集: 24 樣本
05:38:35 [INFO] 開始交叉驗證 - 3-fold CV
05:38:35 [INFO] Fold 1/3 - AUC: 0.9750, Precision: 0.8696, Recall: 1.0000, F1: 0.9302
05:38:35 [INFO] Fold 2/3 - AUC: 0.9763, Precision: 0.9444, Recall: 0.8500, F1: 0.8947
05:38:35 [INFO] Fold 3/3 - AUC: 0.9563, Precision: 0.9000, Recall: 0.9000, F1: 0.9000
05:38:35 [INFO] 校準指標 - Brier: 0.1633, ECE: 0.3720, 品質: poor
05:38:35 [WARNING] 校準品質偏低，建議重新調整模型或做機率校準
05:38:35 [INFO] 交叉驗證完成 - Train AUC: 0.9867, CV AUC: 0.9692 ± 0.0091, Overfitting: 0.0175
05:38:35 [INFO] 訓練完成 - Train AUC: 0.9867, CV AUC: 0.9692 ± 0.0091
PASSED                                                                   [ 22%]
tests/momentum/Analysis/test_lightgbm_edge_cases.py::test_precision_at_k_parameter_sweep[20-xgboost] 
-------------------------------- live log call ---------------------------------
05:38:35 [INFO] 開始訓練 XGBoost 模型 - 樣本數: 120, 特徵數: 8
05:38:35 [INFO] 標籤分佈: {0: 60, 1: 60}
05:38:35 [INFO] 訓練集: 96 樣本, 驗證集: 24 樣本
05:38:35 [INFO] 開始交叉驗證 - 3-fold CV
05:38:35 [INFO] Fold 1/3 - AUC: 0.9850, Precision: 0.9091, Recall: 1.0000, F1: 0.9524
05:38:35 [INFO] Fold 2/3 - AUC: 0.9875, Precision: 0.9474, Recall: 0.9000, F1: 0.9231
05:38:35 [INFO] Fold 3/3 - AUC: 0.9575, Precision: 0.8636, Recall: 0.9500, F1: 0.9048
05:38:35 [INFO] 校準指標 - Brier: 0.1334, ECE: 0.3015, 品質: poor
05:38:35 [WARNING] 校準品質偏低，建議重新調整模型或做機率校準
05:38:35 [INFO] 交叉驗證完成 - Train AUC: 0.9914, CV AUC: 0.9767 ± 0.0136, Overfitting: 0.0147
05:38:35 [INFO] 訓練完成 - Train AUC: 0.9922, CV AUC: 0.9767 ± 0.0136
05:38:35 [INFO] Precision@20% = 1.0000, threshold=0.6662, samples=24
PASSED                                                                   [ 22%]
tests/momentum/Analysis/test_lightgbm_edge_cases.py::test_precision_at_k_parameter_sweep[30-lightgbm] 
-------------------------------- live log call ---------------------------------
05:38:35 [INFO] 開始訓練 LightGBM 模型 - 樣本數: 120, 特徵數: 8
05:38:35 [INFO] 標籤分佈: {0: 60, 1: 60}
05:38:35 [INFO] 訓練集: 96 樣本, 驗證集: 24 樣本
05:38:35 [INFO] 開始交叉驗證 - 3-fold CV
05:38:35 [INFO] Fold 1/3 - AUC: 0.9750, Precision: 0.8696, Recall: 1.0000, F1: 0.9302
05:38:35 [INFO] Fold 2/3 - AUC: 0.9763, Precision: 0.9444, Recall: 0.8500, F1: 0.8947
05:38:35 [INFO] Fold 3/3 - AUC: 0.9563, Precision: 0.9000, Recall: 0.9000, F1: 0.9000
05:38:35 [INFO] 校準指標 - Brier: 0.1633, ECE: 0.3720, 品質: poor
05:38:35 [WARNING] 校準品質偏低，建議重新調整模型或做機率校準
05:38:35 [INFO] 交叉驗證完成 - Train AUC: 0.9867, CV AUC: 0.9692 ± 0.0091, Overfitting: 0.0175
05:38:35 [INFO] 訓練完成 - Train AUC: 0.9867, CV AUC: 0.9692 ± 0.0091
PASSED                                                                   [ 22%]
tests/momentum/Analysis/test_lightgbm_edge_cases.py::test_precision_at_k_parameter_sweep[30-xgboost] 
-------------------------------- live log call ---------------------------------
05:38:35 [INFO] 開始訓練 XGBoost 模型 - 樣本數: 120, 特徵數: 8
05:38:35 [INFO] 標籤分佈: {0: 60, 1: 60}
05:38:35 [INFO] 訓練集: 96 樣本, 驗證集: 24 樣本
05:38:35 [INFO] 開始交叉驗證 - 3-fold CV
05:38:35 [INFO] Fold 1/3 - AUC: 0.9850, Precision: 0.9091, Recall: 1.0000, F1: 0.9524
05:38:35 [INFO] Fold 2/3 - AUC: 0.9875, Precision: 0.9474, Recall: 0.9000, F1: 0.9231
05:38:35 [INFO] Fold 3/3 - AUC: 0.9575, Precision: 0.8636, Recall: 0.9500, F1: 0.9048
05:38:35 [INFO] 校準指標 - Brier: 0.1334, ECE: 0.3015, 品質: poor
05:38:35 [WARNING] 校準品質偏低，建議重新調整模型或做機率校準
05:38:35 [INFO] 交叉驗證完成 - Train AUC: 0.9914, CV AUC: 0.9767 ± 0.0136, Overfitting: 0.0147
05:38:35 [INFO] 訓練完成 - Train AUC: 0.9922, CV AUC: 0.9767 ± 0.0136
05:38:35 [INFO] Precision@30% = 1.0000, threshold=0.6468, samples=36
PASSED                                                                   [ 22%]
tests/momentum/Analysis/test_lightgbm_edge_cases.py::test_precision_at_k_parameter_sweep[40-lightgbm] 
-------------------------------- live log call ---------------------------------
05:38:35 [INFO] 開始訓練 LightGBM 模型 - 樣本數: 120, 特徵數: 8
05:38:35 [INFO] 標籤分佈: {0: 60, 1: 60}
05:38:35 [INFO] 訓練集: 96 樣本, 驗證集: 24 樣本
05:38:35 [INFO] 開始交叉驗證 - 3-fold CV
05:38:35 [INFO] Fold 1/3 - AUC: 0.9750, Precision: 0.8696, Recall: 1.0000, F1: 0.9302
05:38:35 [INFO] Fold 2/3 - AUC: 0.9763, Precision: 0.9444, Recall: 0.8500, F1: 0.8947
05:38:35 [INFO] Fold 3/3 - AUC: 0.9563, Precision: 0.9000, Recall: 0.9000, F1: 0.9000
05:38:35 [INFO] 校準指標 - Brier: 0.1633, ECE: 0.3720, 品質: poor
05:38:35 [WARNING] 校準品質偏低，建議重新調整模型或做機率校準
05:38:35 [INFO] 交叉驗證完成 - Train AUC: 0.9867, CV AUC: 0.9692 ± 0.0091, Overfitting: 0.0175
05:38:35 [INFO] 訓練完成 - Train AUC: 0.9867, CV AUC: 0.9692 ± 0.0091
PASSED                                                                   [ 22%]
tests/momentum/Analysis/test_lightgbm_edge_cases.py::test_precision_at_k_parameter_sweep[40-xgboost] 
-------------------------------- live log call ---------------------------------
05:38:35 [INFO] 開始訓練 XGBoost 模型 - 樣本數: 120, 特徵數: 8
05:38:35 [INFO] 標籤分佈: {0: 60, 1: 60}
05:38:35 [INFO] 訓練集: 96 樣本, 驗證集: 24 樣本
05:38:35 [INFO] 開始交叉驗證 - 3-fold CV
05:38:35 [INFO] Fold 1/3 - AUC: 0.9850, Precision: 0.9091, Recall: 1.0000, F1: 0.9524
05:38:35 [INFO] Fold 2/3 - AUC: 0.9875, Precision: 0.9474, Recall: 0.9000, F1: 0.9231
05:38:35 [INFO] Fold 3/3 - AUC: 0.9575, Precision: 0.8636, Recall: 0.9500, F1: 0.9048
05:38:35 [INFO] 校準指標 - Brier: 0.1334, ECE: 0.3015, 品質: poor
05:38:35 [WARNING] 校準品質偏低，建議重新調整模型或做機率校準
05:38:35 [INFO] 交叉驗證完成 - Train AUC: 0.9914, CV AUC: 0.9767 ± 0.0136, Overfitting: 0.0147
05:38:35 [INFO] 訓練完成 - Train AUC: 0.9922, CV AUC: 0.9767 ± 0.0136
05:38:35 [INFO] Precision@40% = 1.0000, threshold=0.6350, samples=48
PASSED                                                                   [ 22%]
tests/momentum/Analysis/test_lightgbm_edge_cases.py::test_precision_at_k_parameter_sweep[50-lightgbm] 
-------------------------------- live log call ---------------------------------
05:38:35 [INFO] 開始訓練 LightGBM 模型 - 樣本數: 120, 特徵數: 8
05:38:35 [INFO] 標籤分佈: {0: 60, 1: 60}
05:38:35 [INFO] 訓練集: 96 樣本, 驗證集: 24 樣本
05:38:35 [INFO] 開始交叉驗證 - 3-fold CV
05:38:35 [INFO] Fold 1/3 - AUC: 0.9750, Precision: 0.8696, Recall: 1.0000, F1: 0.9302
05:38:35 [INFO] Fold 2/3 - AUC: 0.9763, Precision: 0.9444, Recall: 0.8500, F1: 0.8947
05:38:35 [INFO] Fold 3/3 - AUC: 0.9563, Precision: 0.9000, Recall: 0.9000, F1: 0.9000
05:38:35 [INFO] 校準指標 - Brier: 0.1633, ECE: 0.3720, 品質: poor
05:38:35 [WARNING] 校準品質偏低，建議重新調整模型或做機率校準
05:38:35 [INFO] 交叉驗證完成 - Train AUC: 0.9867, CV AUC: 0.9692 ± 0.0091, Overfitting: 0.0175
05:38:35 [INFO] 訓練完成 - Train AUC: 0.9867, CV AUC: 0.9692 ± 0.0091
PASSED                                                                   [ 22%]
tests/momentum/Analysis/test_lightgbm_edge_cases.py::test_precision_at_k_parameter_sweep[50-xgboost] 
-------------------------------- live log call ---------------------------------
05:38:35 [INFO] 開始訓練 XGBoost 模型 - 樣本數: 120, 特徵數: 8
05:38:35 [INFO] 標籤分佈: {0: 60, 1: 60}
05:38:35 [INFO] 訓練集: 96 樣本, 驗證集: 24 樣本
05:38:35 [INFO] 開始交叉驗證 - 3-fold CV
05:38:35 [INFO] Fold 1/3 - AUC: 0.9850, Precision: 0.9091, Recall: 1.0000, F1: 0.9524
05:38:35 [INFO] Fold 2/3 - AUC: 0.9875, Precision: 0.9474, Recall: 0.9000, F1: 0.9231
05:38:35 [INFO] Fold 3/3 - AUC: 0.9575, Precision: 0.8636, Recall: 0.9500, F1: 0.9048
05:38:35 [INFO] 校準指標 - Brier: 0.1334, ECE: 0.3015, 品質: poor
05:38:35 [WARNING] 校準品質偏低，建議重新調整模型或做機率校準
05:38:35 [INFO] 交叉驗證完成 - Train AUC: 0.9914, CV AUC: 0.9767 ± 0.0136, Overfitting: 0.0147
05:38:35 [INFO] 訓練完成 - Train AUC: 0.9922, CV AUC: 0.9767 ± 0.0136
05:38:35 [INFO] Precision@50% = 0.9333, threshold=0.5915, samples=60
PASSED                                                                   [ 23%]
tests/momentum/Analysis/test_lightgbm_edge_cases.py::test_precision_at_k_parameter_sweep[60-lightgbm] 
-------------------------------- live log call ---------------------------------
05:38:35 [INFO] 開始訓練 LightGBM 模型 - 樣本數: 120, 特徵數: 8
05:38:35 [INFO] 標籤分佈: {0: 60, 1: 60}
05:38:35 [INFO] 訓練集: 96 樣本, 驗證集: 24 樣本
05:38:35 [INFO] 開始交叉驗證 - 3-fold CV
05:38:35 [INFO] Fold 1/3 - AUC: 0.9750, Precision: 0.8696, Recall: 1.0000, F1: 0.9302
05:38:35 [INFO] Fold 2/3 - AUC: 0.9763, Precision: 0.9444, Recall: 0.8500, F1: 0.8947
05:38:35 [INFO] Fold 3/3 - AUC: 0.9563, Precision: 0.9000, Recall: 0.9000, F1: 0.9000
05:38:35 [INFO] 校準指標 - Brier: 0.1633, ECE: 0.3720, 品質: poor
05:38:35 [WARNING] 校準品質偏低，建議重新調整模型或做機率校準
05:38:35 [INFO] 交叉驗證完成 - Train AUC: 0.9867, CV AUC: 0.9692 ± 0.0091, Overfitting: 0.0175
05:38:35 [INFO] 訓練完成 - Train AUC: 0.9867, CV AUC: 0.9692 ± 0.0091
PASSED                                                                   [ 23%]
tests/momentum/Analysis/test_lightgbm_edge_cases.py::test_precision_at_k_parameter_sweep[60-xgboost] 
-------------------------------- live log call ---------------------------------
05:38:35 [INFO] 開始訓練 XGBoost 模型 - 樣本數: 120, 特徵數: 8
05:38:35 [INFO] 標籤分佈: {0: 60, 1: 60}
05:38:35 [INFO] 訓練集: 96 樣本, 驗證集: 24 樣本
05:38:35 [INFO] 開始交叉驗證 - 3-fold CV
05:38:35 [INFO] Fold 1/3 - AUC: 0.9850, Precision: 0.9091, Recall: 1.0000, F1: 0.9524
05:38:35 [INFO] Fold 2/3 - AUC: 0.9875, Precision: 0.9474, Recall: 0.9000, F1: 0.9231
05:38:35 [INFO] Fold 3/3 - AUC: 0.9575, Precision: 0.8636, Recall: 0.9500, F1: 0.9048
05:38:35 [INFO] 校準指標 - Brier: 0.1334, ECE: 0.3015, 品質: poor
05:38:35 [WARNING] 校準品質偏低，建議重新調整模型或做機率校準
05:38:35 [INFO] 交叉驗證完成 - Train AUC: 0.9914, CV AUC: 0.9767 ± 0.0136, Overfitting: 0.0147
05:38:35 [INFO] 訓練完成 - Train AUC: 0.9922, CV AUC: 0.9767 ± 0.0136
05:38:35 [INFO] Precision@60% = 0.8194, threshold=0.3609, samples=72
PASSED                                                                   [ 23%]
tests/momentum/Analysis/test_lightgbm_edge_cases.py::test_validate_oot_sample_size_sweep[10-lightgbm] 
-------------------------------- live log call ---------------------------------
05:38:35 [INFO] 開始訓練 LightGBM 模型 - 樣本數: 120, 特徵數: 8
05:38:35 [INFO] 標籤分佈: {0: 60, 1: 60}
05:38:35 [INFO] 訓練集: 96 樣本, 驗證集: 24 樣本
05:38:35 [INFO] 開始交叉驗證 - 3-fold CV
05:38:35 [INFO] Fold 1/3 - AUC: 0.9750, Precision: 0.8696, Recall: 1.0000, F1: 0.9302
05:38:35 [INFO] Fold 2/3 - AUC: 0.9763, Precision: 0.9444, Recall: 0.8500, F1: 0.8947
05:38:35 [INFO] Fold 3/3 - AUC: 0.9563, Precision: 0.9000, Recall: 0.9000, F1: 0.9000
05:38:35 [INFO] 校準指標 - Brier: 0.1633, ECE: 0.3720, 品質: poor
05:38:35 [WARNING] 校準品質偏低，建議重新調整模型或做機率校準
05:38:35 [INFO] 交叉驗證完成 - Train AUC: 0.9867, CV AUC: 0.9692 ± 0.0091, Overfitting: 0.0175
05:38:35 [INFO] 訓練完成 - Train AUC: 0.9867, CV AUC: 0.9692 ± 0.0091
05:38:35 [WARNING] OOT 樣本數不足 50
PASSED                                                                   [ 23%]
tests/momentum/Analysis/test_lightgbm_edge_cases.py::test_validate_oot_sample_size_sweep[10-xgboost] 
-------------------------------- live log call ---------------------------------
05:38:35 [INFO] 開始訓練 XGBoost 模型 - 樣本數: 120, 特徵數: 8
05:38:35 [INFO] 標籤分佈: {0: 60, 1: 60}
05:38:35 [INFO] 訓練集: 96 樣本, 驗證集: 24 樣本
05:38:35 [INFO] 開始交叉驗證 - 3-fold CV
05:38:35 [INFO] Fold 1/3 - AUC: 0.9850, Precision: 0.9091, Recall: 1.0000, F1: 0.9524
05:38:35 [INFO] Fold 2/3 - AUC: 0.9875, Precision: 0.9474, Recall: 0.9000, F1: 0.9231
05:38:35 [INFO] Fold 3/3 - AUC: 0.9575, Precision: 0.8636, Recall: 0.9500, F1: 0.9048
05:38:35 [INFO] 校準指標 - Brier: 0.1334, ECE: 0.3015, 品質: poor
05:38:35 [WARNING] 校準品質偏低，建議重新調整模型或做機率校準
05:38:35 [INFO] 交叉驗證完成 - Train AUC: 0.9914, CV AUC: 0.9767 ± 0.0136, Overfitting: 0.0147
05:38:35 [INFO] 訓練完成 - Train AUC: 0.9922, CV AUC: 0.9767 ± 0.0136
05:38:35 [INFO] 開始 OOT 驗證 - 樣本數: 10, 期間:  ~ 
05:38:35 [INFO] OOT 驗證完成 - AUC: 1.0000, Precision: 0.8333, Recall: 1.0000, 正樣本率: 50.00%
05:38:35 [INFO] CV-OOT Gap: -0.2500 - 狀態: good
PASSED                                                                   [ 23%]
tests/momentum/Analysis/test_lightgbm_edge_cases.py::test_validate_oot_sample_size_sweep[15-lightgbm] 
-------------------------------- live log call ---------------------------------
05:38:35 [INFO] 開始訓練 LightGBM 模型 - 樣本數: 120, 特徵數: 8
05:38:35 [INFO] 標籤分佈: {0: 60, 1: 60}
05:38:35 [INFO] 訓練集: 96 樣本, 驗證集: 24 樣本
05:38:35 [INFO] 開始交叉驗證 - 3-fold CV
05:38:35 [INFO] Fold 1/3 - AUC: 0.9750, Precision: 0.8696, Recall: 1.0000, F1: 0.9302
05:38:35 [INFO] Fold 2/3 - AUC: 0.9763, Precision: 0.9444, Recall: 0.8500, F1: 0.8947
05:38:35 [INFO] Fold 3/3 - AUC: 0.9563, Precision: 0.9000, Recall: 0.9000, F1: 0.9000
05:38:35 [INFO] 校準指標 - Brier: 0.1633, ECE: 0.3720, 品質: poor
05:38:35 [WARNING] 校準品質偏低，建議重新調整模型或做機率校準
05:38:35 [INFO] 交叉驗證完成 - Train AUC: 0.9867, CV AUC: 0.9692 ± 0.0091, Overfitting: 0.0175
05:38:35 [INFO] 訓練完成 - Train AUC: 0.9867, CV AUC: 0.9692 ± 0.0091
05:38:35 [WARNING] OOT 樣本數不足 50
PASSED                                                                   [ 23%]
tests/momentum/Analysis/test_lightgbm_edge_cases.py::test_validate_oot_sample_size_sweep[15-xgboost] 
-------------------------------- live log call ---------------------------------
05:38:35 [INFO] 開始訓練 XGBoost 模型 - 樣本數: 120, 特徵數: 8
05:38:35 [INFO] 標籤分佈: {0: 60, 1: 60}
05:38:35 [INFO] 訓練集: 96 樣本, 驗證集: 24 樣本
05:38:35 [INFO] 開始交叉驗證 - 3-fold CV
05:38:35 [INFO] Fold 1/3 - AUC: 0.9850, Precision: 0.9091, Recall: 1.0000, F1: 0.9524
05:38:35 [INFO] Fold 2/3 - AUC: 0.9875, Precision: 0.9474, Recall: 0.9000, F1: 0.9231
05:38:35 [INFO] Fold 3/3 - AUC: 0.9575, Precision: 0.8636, Recall: 0.9500, F1: 0.9048
05:38:35 [INFO] 校準指標 - Brier: 0.1334, ECE: 0.3015, 品質: poor
05:38:35 [WARNING] 校準品質偏低，建議重新調整模型或做機率校準
05:38:35 [INFO] 交叉驗證完成 - Train AUC: 0.9914, CV AUC: 0.9767 ± 0.0136, Overfitting: 0.0147
05:38:35 [INFO] 訓練完成 - Train AUC: 0.9922, CV AUC: 0.9767 ± 0.0136
05:38:35 [INFO] 開始 OOT 驗證 - 樣本數: 15, 期間:  ~ 
05:38:35 [INFO] OOT 驗證完成 - AUC: 1.0000, Precision: 0.8750, Recall: 1.0000, 正樣本率: 46.67%
05:38:35 [INFO] CV-OOT Gap: -0.2500 - 狀態: good
PASSED                                                                   [ 23%]
tests/momentum/Analysis/test_lightgbm_edge_cases.py::test_validate_oot_sample_size_sweep[20-lightgbm] 
-------------------------------- live log call ---------------------------------
05:38:35 [INFO] 開始訓練 LightGBM 模型 - 樣本數: 120, 特徵數: 8
05:38:35 [INFO] 標籤分佈: {0: 60, 1: 60}
05:38:35 [INFO] 訓練集: 96 樣本, 驗證集: 24 樣本
05:38:35 [INFO] 開始交叉驗證 - 3-fold CV
05:38:36 [INFO] Fold 1/3 - AUC: 0.9750, Precision: 0.8696, Recall: 1.0000, F1: 0.9302
05:38:36 [INFO] Fold 2/3 - AUC: 0.9763, Precision: 0.9444, Recall: 0.8500, F1: 0.8947
05:38:36 [INFO] Fold 3/3 - AUC: 0.9563, Precision: 0.9000, Recall: 0.9000, F1: 0.9000
05:38:36 [INFO] 校準指標 - Brier: 0.1633, ECE: 0.3720, 品質: poor
05:38:36 [WARNING] 校準品質偏低，建議重新調整模型或做機率校準
05:38:36 [INFO] 交叉驗證完成 - Train AUC: 0.9867, CV AUC: 0.9692 ± 0.0091, Overfitting: 0.0175
05:38:36 [INFO] 訓練完成 - Train AUC: 0.9867, CV AUC: 0.9692 ± 0.0091
05:38:36 [WARNING] OOT 樣本數不足 50
PASSED                                                                   [ 23%]
tests/momentum/Analysis/test_lightgbm_edge_cases.py::test_validate_oot_sample_size_sweep[20-xgboost] 
-------------------------------- live log call ---------------------------------
05:38:36 [INFO] 開始訓練 XGBoost 模型 - 樣本數: 120, 特徵數: 8
05:38:36 [INFO] 標籤分佈: {0: 60, 1: 60}
05:38:36 [INFO] 訓練集: 96 樣本, 驗證集: 24 樣本
05:38:36 [INFO] 開始交叉驗證 - 3-fold CV
05:38:36 [INFO] Fold 1/3 - AUC: 0.9850, Precision: 0.9091, Recall: 1.0000, F1: 0.9524
05:38:36 [INFO] Fold 2/3 - AUC: 0.9875, Precision: 0.9474, Recall: 0.9000, F1: 0.9231
05:38:36 [INFO] Fold 3/3 - AUC: 0.9575, Precision: 0.8636, Recall: 0.9500, F1: 0.9048
05:38:36 [INFO] 校準指標 - Brier: 0.1334, ECE: 0.3015, 品質: poor
05:38:36 [WARNING] 校準品質偏低，建議重新調整模型或做機率校準
05:38:36 [INFO] 交叉驗證完成 - Train AUC: 0.9914, CV AUC: 0.9767 ± 0.0136, Overfitting: 0.0147
05:38:36 [INFO] 訓練完成 - Train AUC: 0.9922, CV AUC: 0.9767 ± 0.0136
05:38:36 [INFO] 開始 OOT 驗證 - 樣本數: 20, 期間:  ~ 
05:38:36 [INFO] OOT 驗證完成 - AUC: 1.0000, Precision: 0.9091, Recall: 1.0000, 正樣本率: 50.00%
05:38:36 [INFO] CV-OOT Gap: -0.2500 - 狀態: good
PASSED                                                                   [ 23%]
tests/momentum/Analysis/test_lightgbm_edge_cases.py::test_validate_oot_sample_size_sweep[25-lightgbm] 
-------------------------------- live log call ---------------------------------
05:38:36 [INFO] 開始訓練 LightGBM 模型 - 樣本數: 120, 特徵數: 8
05:38:36 [INFO] 標籤分佈: {0: 60, 1: 60}
05:38:36 [INFO] 訓練集: 96 樣本, 驗證集: 24 樣本
05:38:36 [INFO] 開始交叉驗證 - 3-fold CV
05:38:36 [INFO] Fold 1/3 - AUC: 0.9750, Precision: 0.8696, Recall: 1.0000, F1: 0.9302
05:38:36 [INFO] Fold 2/3 - AUC: 0.9763, Precision: 0.9444, Recall: 0.8500, F1: 0.8947
05:38:36 [INFO] Fold 3/3 - AUC: 0.9563, Precision: 0.9000, Recall: 0.9000, F1: 0.9000
05:38:36 [INFO] 校準指標 - Brier: 0.1633, ECE: 0.3720, 品質: poor
05:38:36 [WARNING] 校準品質偏低，建議重新調整模型或做機率校準
05:38:36 [INFO] 交叉驗證完成 - Train AUC: 0.9867, CV AUC: 0.9692 ± 0.0091, Overfitting: 0.0175
05:38:36 [INFO] 訓練完成 - Train AUC: 0.9867, CV AUC: 0.9692 ± 0.0091
05:38:36 [WARNING] OOT 樣本數不足 50
PASSED                                                                   [ 23%]
tests/momentum/Analysis/test_lightgbm_edge_cases.py::test_validate_oot_sample_size_sweep[25-xgboost] 
-------------------------------- live log call ---------------------------------
05:38:36 [INFO] 開始訓練 XGBoost 模型 - 樣本數: 120, 特徵數: 8
05:38:36 [INFO] 標籤分佈: {0: 60, 1: 60}
05:38:36 [INFO] 訓練集: 96 樣本, 驗證集: 24 樣本
05:38:36 [INFO] 開始交叉驗證 - 3-fold CV
05:38:36 [INFO] Fold 1/3 - AUC: 0.9850, Precision: 0.9091, Recall: 1.0000, F1: 0.9524
05:38:36 [INFO] Fold 2/3 - AUC: 0.9875, Precision: 0.9474, Recall: 0.9000, F1: 0.9231
05:38:36 [INFO] Fold 3/3 - AUC: 0.9575, Precision: 0.8636, Recall: 0.9500, F1: 0.9048
05:38:36 [INFO] 校準指標 - Brier: 0.1334, ECE: 0.3015, 品質: poor
05:38:36 [WARNING] 校準品質偏低，建議重新調整模型或做機率校準
05:38:36 [INFO] 交叉驗證完成 - Train AUC: 0.9914, CV AUC: 0.9767 ± 0.0136, Overfitting: 0.0147
05:38:36 [INFO] 訓練完成 - Train AUC: 0.9922, CV AUC: 0.9767 ± 0.0136
05:38:36 [INFO] 開始 OOT 驗證 - 樣本數: 25, 期間:  ~ 
05:38:36 [INFO] OOT 驗證完成 - AUC: 1.0000, Precision: 0.9286, Recall: 1.0000, 正樣本率: 52.00%
05:38:36 [INFO] CV-OOT Gap: -0.2500 - 狀態: good
PASSED                                                                   [ 23%]
tests/momentum/Analysis/test_lightgbm_edge_cases.py::test_validate_oot_sample_size_sweep[30-lightgbm] 
-------------------------------- live log call ---------------------------------
05:38:36 [INFO] 開始訓練 LightGBM 模型 - 樣本數: 120, 特徵數: 8
05:38:36 [INFO] 標籤分佈: {0: 60, 1: 60}
05:38:36 [INFO] 訓練集: 96 樣本, 驗證集: 24 樣本
05:38:36 [INFO] 開始交叉驗證 - 3-fold CV
05:38:36 [INFO] Fold 1/3 - AUC: 0.9750, Precision: 0.8696, Recall: 1.0000, F1: 0.9302
05:38:36 [INFO] Fold 2/3 - AUC: 0.9763, Precision: 0.9444, Recall: 0.8500, F1: 0.8947
05:38:36 [INFO] Fold 3/3 - AUC: 0.9563, Precision: 0.9000, Recall: 0.9000, F1: 0.9000
05:38:36 [INFO] 校準指標 - Brier: 0.1633, ECE: 0.3720, 品質: poor
05:38:36 [WARNING] 校準品質偏低，建議重新調整模型或做機率校準
05:38:36 [INFO] 交叉驗證完成 - Train AUC: 0.9867, CV AUC: 0.9692 ± 0.0091, Overfitting: 0.0175
05:38:36 [INFO] 訓練完成 - Train AUC: 0.9867, CV AUC: 0.9692 ± 0.0091
05:38:36 [WARNING] OOT 樣本數不足 50
PASSED                                                                   [ 24%]
tests/momentum/Analysis/test_lightgbm_edge_cases.py::test_validate_oot_sample_size_sweep[30-xgboost] 
-------------------------------- live log call ---------------------------------
05:38:36 [INFO] 開始訓練 XGBoost 模型 - 樣本數: 120, 特徵數: 8
05:38:36 [INFO] 標籤分佈: {0: 60, 1: 60}
05:38:36 [INFO] 訓練集: 96 樣本, 驗證集: 24 樣本
05:38:36 [INFO] 開始交叉驗證 - 3-fold CV
05:38:36 [INFO] Fold 1/3 - AUC: 0.9850, Precision: 0.9091, Recall: 1.0000, F1: 0.9524
05:38:36 [INFO] Fold 2/3 - AUC: 0.9875, Precision: 0.9474, Recall: 0.9000, F1: 0.9231
05:38:36 [INFO] Fold 3/3 - AUC: 0.9575, Precision: 0.8636, Recall: 0.9500, F1: 0.9048
05:38:36 [INFO] 校準指標 - Brier: 0.1334, ECE: 0.3015, 品質: poor
05:38:36 [WARNING] 校準品質偏低，建議重新調整模型或做機率校準
05:38:36 [INFO] 交叉驗證完成 - Train AUC: 0.9914, CV AUC: 0.9767 ± 0.0136, Overfitting: 0.0147
05:38:36 [INFO] 訓練完成 - Train AUC: 0.9922, CV AUC: 0.9767 ± 0.0136
05:38:36 [INFO] 開始 OOT 驗證 - 樣本數: 30, 期間:  ~ 
05:38:36 [INFO] OOT 驗證完成 - AUC: 1.0000, Precision: 0.9444, Recall: 1.0000, 正樣本率: 56.67%
05:38:36 [INFO] CV-OOT Gap: -0.2500 - 狀態: good
PASSED                                                                   [ 24%]
tests/momentum/Analysis/test_lightgbm_edge_cases.py::test_validate_oot_sample_size_sweep[35-lightgbm] 
-------------------------------- live log call ---------------------------------
05:38:36 [INFO] 開始訓練 LightGBM 模型 - 樣本數: 120, 特徵數: 8
05:38:36 [INFO] 標籤分佈: {0: 60, 1: 60}
05:38:36 [INFO] 訓練集: 96 樣本, 驗證集: 24 樣本
05:38:36 [INFO] 開始交叉驗證 - 3-fold CV
05:38:36 [INFO] Fold 1/3 - AUC: 0.9750, Precision: 0.8696, Recall: 1.0000, F1: 0.9302
05:38:36 [INFO] Fold 2/3 - AUC: 0.9763, Precision: 0.9444, Recall: 0.8500, F1: 0.8947
05:38:36 [INFO] Fold 3/3 - AUC: 0.9563, Precision: 0.9000, Recall: 0.9000, F1: 0.9000
05:38:36 [INFO] 校準指標 - Brier: 0.1633, ECE: 0.3720, 品質: poor
05:38:36 [WARNING] 校準品質偏低，建議重新調整模型或做機率校準
05:38:36 [INFO] 交叉驗證完成 - Train AUC: 0.9867, CV AUC: 0.9692 ± 0.0091, Overfitting: 0.0175
05:38:36 [INFO] 訓練完成 - Train AUC: 0.9867, CV AUC: 0.9692 ± 0.0091
05:38:36 [WARNING] OOT 樣本數不足 50
PASSED                                                                   [ 24%]
tests/momentum/Analysis/test_lightgbm_edge_cases.py::test_validate_oot_sample_size_sweep[35-xgboost] 
-------------------------------- live log call ---------------------------------
05:38:36 [INFO] 開始訓練 XGBoost 模型 - 樣本數: 120, 特徵數: 8
05:38:36 [INFO] 標籤分佈: {0: 60, 1: 60}
05:38:36 [INFO] 訓練集: 96 樣本, 驗證集: 24 樣本
05:38:36 [INFO] 開始交叉驗證 - 3-fold CV
05:38:36 [INFO] Fold 1/3 - AUC: 0.9850, Precision: 0.9091, Recall: 1.0000, F1: 0.9524
05:38:36 [INFO] Fold 2/3 - AUC: 0.9875, Precision: 0.9474, Recall: 0.9000, F1: 0.9231
05:38:36 [INFO] Fold 3/3 - AUC: 0.9575, Precision: 0.8636, Recall: 0.9500, F1: 0.9048
05:38:36 [INFO] 校準指標 - Brier: 0.1334, ECE: 0.3015, 品質: poor
05:38:36 [WARNING] 校準品質偏低，建議重新調整模型或做機率校準
05:38:36 [INFO] 交叉驗證完成 - Train AUC: 0.9914, CV AUC: 0.9767 ± 0.0136, Overfitting: 0.0147
05:38:36 [INFO] 訓練完成 - Train AUC: 0.9922, CV AUC: 0.9767 ± 0.0136
05:38:36 [INFO] 開始 OOT 驗證 - 樣本數: 35, 期間:  ~ 
05:38:36 [INFO] OOT 驗證完成 - AUC: 0.9967, Precision: 0.9524, Recall: 1.0000, 正樣本率: 57.14%
05:38:36 [INFO] CV-OOT Gap: -0.2467 - 狀態: good
PASSED                                                                   [ 24%]
tests/momentum/Analysis/test_lightgbm_edge_cases.py::test_validate_oot_sample_size_sweep[40-lightgbm] 
-------------------------------- live log call ---------------------------------
05:38:36 [INFO] 開始訓練 LightGBM 模型 - 樣本數: 120, 特徵數: 8
05:38:36 [INFO] 標籤分佈: {0: 60, 1: 60}
05:38:36 [INFO] 訓練集: 96 樣本, 驗證集: 24 樣本
05:38:36 [INFO] 開始交叉驗證 - 3-fold CV
05:38:36 [INFO] Fold 1/3 - AUC: 0.9750, Precision: 0.8696, Recall: 1.0000, F1: 0.9302
05:38:36 [INFO] Fold 2/3 - AUC: 0.9763, Precision: 0.9444, Recall: 0.8500, F1: 0.8947
05:38:36 [INFO] Fold 3/3 - AUC: 0.9563, Precision: 0.9000, Recall: 0.9000, F1: 0.9000
05:38:36 [INFO] 校準指標 - Brier: 0.1633, ECE: 0.3720, 品質: poor
05:38:36 [WARNING] 校準品質偏低，建議重新調整模型或做機率校準
05:38:36 [INFO] 交叉驗證完成 - Train AUC: 0.9867, CV AUC: 0.9692 ± 0.0091, Overfitting: 0.0175
05:38:36 [INFO] 訓練完成 - Train AUC: 0.9867, CV AUC: 0.9692 ± 0.0091
05:38:36 [WARNING] OOT 樣本數不足 50
PASSED                                                                   [ 24%]
tests/momentum/Analysis/test_lightgbm_edge_cases.py::test_validate_oot_sample_size_sweep[40-xgboost] 
-------------------------------- live log call ---------------------------------
05:38:36 [INFO] 開始訓練 XGBoost 模型 - 樣本數: 120, 特徵數: 8
05:38:36 [INFO] 標籤分佈: {0: 60, 1: 60}
05:38:36 [INFO] 訓練集: 96 樣本, 驗證集: 24 樣本
05:38:36 [INFO] 開始交叉驗證 - 3-fold CV
05:38:36 [INFO] Fold 1/3 - AUC: 0.9850, Precision: 0.9091, Recall: 1.0000, F1: 0.9524
05:38:36 [INFO] Fold 2/3 - AUC: 0.9875, Precision: 0.9474, Recall: 0.9000, F1: 0.9231
05:38:36 [INFO] Fold 3/3 - AUC: 0.9575, Precision: 0.8636, Recall: 0.9500, F1: 0.9048
05:38:36 [INFO] 校準指標 - Brier: 0.1334, ECE: 0.3015, 品質: poor
05:38:36 [WARNING] 校準品質偏低，建議重新調整模型或做機率校準
05:38:36 [INFO] 交叉驗證完成 - Train AUC: 0.9914, CV AUC: 0.9767 ± 0.0136, Overfitting: 0.0147
05:38:36 [INFO] 訓練完成 - Train AUC: 0.9922, CV AUC: 0.9767 ± 0.0136
05:38:36 [INFO] 開始 OOT 驗證 - 樣本數: 40, 期間:  ~ 
05:38:36 [INFO] OOT 驗證完成 - AUC: 0.9950, Precision: 0.9091, Recall: 1.0000, 正樣本率: 50.00%
05:38:36 [INFO] CV-OOT Gap: -0.2450 - 狀態: good
PASSED                                                                   [ 24%]
tests/momentum/Analysis/test_lightgbm_edge_cases.py::test_validate_oot_sample_size_sweep[45-lightgbm] 
-------------------------------- live log call ---------------------------------
05:38:36 [INFO] 開始訓練 LightGBM 模型 - 樣本數: 120, 特徵數: 8
05:38:36 [INFO] 標籤分佈: {0: 60, 1: 60}
05:38:36 [INFO] 訓練集: 96 樣本, 驗證集: 24 樣本
05:38:36 [INFO] 開始交叉驗證 - 3-fold CV
05:38:36 [INFO] Fold 1/3 - AUC: 0.9750, Precision: 0.8696, Recall: 1.0000, F1: 0.9302
05:38:36 [INFO] Fold 2/3 - AUC: 0.9763, Precision: 0.9444, Recall: 0.8500, F1: 0.8947
05:38:36 [INFO] Fold 3/3 - AUC: 0.9563, Precision: 0.9000, Recall: 0.9000, F1: 0.9000
05:38:36 [INFO] 校準指標 - Brier: 0.1633, ECE: 0.3720, 品質: poor
05:38:36 [WARNING] 校準品質偏低，建議重新調整模型或做機率校準
05:38:36 [INFO] 交叉驗證完成 - Train AUC: 0.9867, CV AUC: 0.9692 ± 0.0091, Overfitting: 0.0175
05:38:36 [INFO] 訓練完成 - Train AUC: 0.9867, CV AUC: 0.9692 ± 0.0091
05:38:36 [WARNING] OOT 樣本數不足 50
PASSED                                                                   [ 24%]
tests/momentum/Analysis/test_lightgbm_edge_cases.py::test_validate_oot_sample_size_sweep[45-xgboost] 
-------------------------------- live log call ---------------------------------
05:38:36 [INFO] 開始訓練 XGBoost 模型 - 樣本數: 120, 特徵數: 8
05:38:36 [INFO] 標籤分佈: {0: 60, 1: 60}
05:38:36 [INFO] 訓練集: 96 樣本, 驗證集: 24 樣本
05:38:36 [INFO] 開始交叉驗證 - 3-fold CV
05:38:36 [INFO] Fold 1/3 - AUC: 0.9850, Precision: 0.9091, Recall: 1.0000, F1: 0.9524
05:38:36 [INFO] Fold 2/3 - AUC: 0.9875, Precision: 0.9474, Recall: 0.9000, F1: 0.9231
05:38:36 [INFO] Fold 3/3 - AUC: 0.9575, Precision: 0.8636, Recall: 0.9500, F1: 0.9048
05:38:36 [INFO] 校準指標 - Brier: 0.1334, ECE: 0.3015, 品質: poor
05:38:36 [WARNING] 校準品質偏低，建議重新調整模型或做機率校準
05:38:36 [INFO] 交叉驗證完成 - Train AUC: 0.9914, CV AUC: 0.9767 ± 0.0136, Overfitting: 0.0147
05:38:36 [INFO] 訓練完成 - Train AUC: 0.9922, CV AUC: 0.9767 ± 0.0136
05:38:36 [INFO] 開始 OOT 驗證 - 樣本數: 45, 期間:  ~ 
05:38:36 [INFO] OOT 驗證完成 - AUC: 0.9960, Precision: 0.9091, Recall: 1.0000, 正樣本率: 44.44%
05:38:36 [INFO] CV-OOT Gap: -0.2460 - 狀態: good
PASSED                                                                   [ 24%]
tests/momentum/Analysis/test_lightgbm_edge_cases.py::test_validate_oot_sample_size_sweep[50-lightgbm] 
-------------------------------- live log call ---------------------------------
05:38:36 [INFO] 開始訓練 LightGBM 模型 - 樣本數: 120, 特徵數: 8
05:38:36 [INFO] 標籤分佈: {0: 60, 1: 60}
05:38:36 [INFO] 訓練集: 96 樣本, 驗證集: 24 樣本
05:38:36 [INFO] 開始交叉驗證 - 3-fold CV
05:38:36 [INFO] Fold 1/3 - AUC: 0.9750, Precision: 0.8696, Recall: 1.0000, F1: 0.9302
05:38:36 [INFO] Fold 2/3 - AUC: 0.9763, Precision: 0.9444, Recall: 0.8500, F1: 0.8947
05:38:36 [INFO] Fold 3/3 - AUC: 0.9563, Precision: 0.9000, Recall: 0.9000, F1: 0.9000
05:38:36 [INFO] 校準指標 - Brier: 0.1633, ECE: 0.3720, 品質: poor
05:38:36 [WARNING] 校準品質偏低，建議重新調整模型或做機率校準
05:38:36 [INFO] 交叉驗證完成 - Train AUC: 0.9867, CV AUC: 0.9692 ± 0.0091, Overfitting: 0.0175
05:38:36 [INFO] 訓練完成 - Train AUC: 0.9867, CV AUC: 0.9692 ± 0.0091
PASSED                                                                   [ 24%]
tests/momentum/Analysis/test_lightgbm_edge_cases.py::test_validate_oot_sample_size_sweep[50-xgboost] 
-------------------------------- live log call ---------------------------------
05:38:36 [INFO] 開始訓練 XGBoost 模型 - 樣本數: 120, 特徵數: 8
05:38:36 [INFO] 標籤分佈: {0: 60, 1: 60}
05:38:36 [INFO] 訓練集: 96 樣本, 驗證集: 24 樣本
05:38:36 [INFO] 開始交叉驗證 - 3-fold CV
05:38:36 [INFO] Fold 1/3 - AUC: 0.9850, Precision: 0.9091, Recall: 1.0000, F1: 0.9524
05:38:36 [INFO] Fold 2/3 - AUC: 0.9875, Precision: 0.9474, Recall: 0.9000, F1: 0.9231
05:38:36 [INFO] Fold 3/3 - AUC: 0.9575, Precision: 0.8636, Recall: 0.9500, F1: 0.9048
05:38:36 [INFO] 校準指標 - Brier: 0.1334, ECE: 0.3015, 品質: poor
05:38:36 [WARNING] 校準品質偏低，建議重新調整模型或做機率校準
05:38:36 [INFO] 交叉驗證完成 - Train AUC: 0.9914, CV AUC: 0.9767 ± 0.0136, Overfitting: 0.0147
05:38:36 [INFO] 訓練完成 - Train AUC: 0.9922, CV AUC: 0.9767 ± 0.0136
05:38:36 [INFO] 開始 OOT 驗證 - 樣本數: 50, 期間:  ~ 
05:38:36 [INFO] OOT 驗證完成 - AUC: 0.9952, Precision: 0.8846, Recall: 1.0000, 正樣本率: 46.00%
05:38:36 [INFO] CV-OOT Gap: -0.2452 - 狀態: good
PASSED                                                                   [ 24%]
tests/momentum/Analysis/test_lightgbm_edge_cases.py::test_validate_oot_sample_size_sweep[60-lightgbm] 
-------------------------------- live log call ---------------------------------
05:38:36 [INFO] 開始訓練 LightGBM 模型 - 樣本數: 120, 特徵數: 8
05:38:36 [INFO] 標籤分佈: {0: 60, 1: 60}
05:38:36 [INFO] 訓練集: 96 樣本, 驗證集: 24 樣本
05:38:36 [INFO] 開始交叉驗證 - 3-fold CV
05:38:36 [INFO] Fold 1/3 - AUC: 0.9750, Precision: 0.8696, Recall: 1.0000, F1: 0.9302
05:38:36 [INFO] Fold 2/3 - AUC: 0.9763, Precision: 0.9444, Recall: 0.8500, F1: 0.8947
05:38:36 [INFO] Fold 3/3 - AUC: 0.9563, Precision: 0.9000, Recall: 0.9000, F1: 0.9000
05:38:36 [INFO] 校準指標 - Brier: 0.1633, ECE: 0.3720, 品質: poor
05:38:36 [WARNING] 校準品質偏低，建議重新調整模型或做機率校準
05:38:36 [INFO] 交叉驗證完成 - Train AUC: 0.9867, CV AUC: 0.9692 ± 0.0091, Overfitting: 0.0175
05:38:36 [INFO] 訓練完成 - Train AUC: 0.9867, CV AUC: 0.9692 ± 0.0091
PASSED                                                                   [ 25%]
tests/momentum/Analysis/test_lightgbm_edge_cases.py::test_validate_oot_sample_size_sweep[60-xgboost] 
-------------------------------- live log call ---------------------------------
05:38:36 [INFO] 開始訓練 XGBoost 模型 - 樣本數: 120, 特徵數: 8
05:38:36 [INFO] 標籤分佈: {0: 60, 1: 60}
05:38:36 [INFO] 訓練集: 96 樣本, 驗證集: 24 樣本
05:38:36 [INFO] 開始交叉驗證 - 3-fold CV
05:38:36 [INFO] Fold 1/3 - AUC: 0.9850, Precision: 0.9091, Recall: 1.0000, F1: 0.9524
05:38:36 [INFO] Fold 2/3 - AUC: 0.9875, Precision: 0.9474, Recall: 0.9000, F1: 0.9231
05:38:36 [INFO] Fold 3/3 - AUC: 0.9575, Precision: 0.8636, Recall: 0.9500, F1: 0.9048
05:38:36 [INFO] 校準指標 - Brier: 0.1334, ECE: 0.3015, 品質: poor
05:38:36 [WARNING] 校準品質偏低，建議重新調整模型或做機率校準
05:38:36 [INFO] 交叉驗證完成 - Train AUC: 0.9914, CV AUC: 0.9767 ± 0.0136, Overfitting: 0.0147
05:38:36 [INFO] 訓練完成 - Train AUC: 0.9922, CV AUC: 0.9767 ± 0.0136
05:38:36 [INFO] 開始 OOT 驗證 - 樣本數: 60, 期間:  ~ 
05:38:36 [INFO] OOT 驗證完成 - AUC: 0.9967, Precision: 0.9118, Recall: 1.0000, 正樣本率: 51.67%
05:38:36 [INFO] CV-OOT Gap: -0.2467 - 狀態: good
PASSED                                                                   [ 25%]
tests/momentum/Analysis/test_long_short_analyzer.py::test_insufficient_ls_samples PASSED [ 25%]
tests/momentum/Analysis/test_long_short_analyzer.py::test_quantile_exceeds_samples PASSED [ 25%]
tests/momentum/Analysis/test_long_short_analyzer.py::test_both_sides_negative_ic PASSED [ 25%]
tests/momentum/Analysis/test_long_short_analyzer.py::test_empty_side PASSED [ 25%]
tests/momentum/Analysis/test_long_short_analyzer.py::test_asymmetric_quantile_def PASSED [ 25%]
tests/momentum/Analysis/test_model_comparison.py::test_model_comparison_train_all_and_compare_report 
-------------------------------- live log call ---------------------------------
05:38:36 [INFO] 開始訓練引擎: lightgbm
05:38:36 [INFO] 開始訓練引擎: xgboost
PASSED                                                                   [ 25%]
tests/momentum/Analysis/test_model_comparison.py::test_model_comparison_single_engine_report_still_valid 
-------------------------------- live log call ---------------------------------
05:38:36 [INFO] 開始訓練引擎: lightgbm
PASSED                                                                   [ 25%]
tests/momentum/Analysis/test_model_comparison.py::test_consensus_predictions_min_confidence_filters_conflicts 
-------------------------------- live log call ---------------------------------
05:38:36 [INFO] 開始訓練引擎: lightgbm
05:38:36 [INFO] 開始訓練引擎: xgboost
PASSED                                                                   [ 25%]
tests/momentum/Analysis/test_model_comparison.py::test_consensus_predictions_soft_and_hard_voting 
-------------------------------- live log call ---------------------------------
05:38:36 [INFO] 開始訓練引擎: lightgbm
05:38:36 [INFO] 開始訓練引擎: xgboost
PASSED                                                                   [ 26%]
tests/momentum/Analysis/test_model_comparison.py::test_consensus_predictions_invalid_method_raises 
-------------------------------- live log call ---------------------------------
05:38:36 [INFO] 開始訓練引擎: lightgbm
05:38:36 [INFO] 開始訓練引擎: xgboost
PASSED                                                                   [ 26%]
tests/momentum/Analysis/test_model_comparison.py::test_model_comparison_requires_trainers PASSED [ 26%]
tests/momentum/Analysis/test_model_config_manager.py::test_from_natural_language_overfitting_and_validation 
-------------------------------- live log call ---------------------------------
05:38:36 [INFO] 成功載入 YAML 配置: config/model_config.yaml
PASSED                                                                   [ 26%]
tests/momentum/Analysis/test_model_config_manager.py::test_from_natural_language_no_match_returns_empty_dict 
-------------------------------- live log call ---------------------------------
05:38:36 [INFO] 成功載入 YAML 配置: config/model_config.yaml
PASSED                                                                   [ 26%]
tests/momentum/Analysis/test_model_config_manager.py::test_to_optuna_space_lightgbm_contains_10_parameters 
-------------------------------- live log call ---------------------------------
05:38:36 [INFO] 成功載入 YAML 配置: config/model_config.yaml
PASSED                                                                   [ 26%]
tests/momentum/Analysis/test_model_config_manager.py::test_validate_config_boundary_and_combination_warning 
-------------------------------- live log call ---------------------------------
05:38:36 [INFO] 成功載入 YAML 配置: config/model_config.yaml
PASSED                                                                   [ 26%]
tests/momentum/Analysis/test_model_config_manager.py::test_validate_config_legal_params_returns_empty_errors 
-------------------------------- live log call ---------------------------------
05:38:36 [INFO] 成功載入 YAML 配置: config/model_config.yaml
PASSED                                                                   [ 26%]
tests/momentum/Analysis/test_model_config_manager.py::test_from_dict_raises_value_error_for_invalid_config 
-------------------------------- live log call ---------------------------------
05:38:36 [INFO] 成功載入 YAML 配置: config/model_config.yaml
PASSED                                                                   [ 26%]
tests/momentum/Analysis/test_model_enhancement_performance.py::test_phase5_performance_targets 
-------------------------------- live log call ---------------------------------
05:38:37 [WARNING] ProbabilityCalibrator: venn_abers 樣本過大，將降採樣
05:38:37 [WARNING] ProbabilityCalibrator: venn_abers 校準失敗，略過 (y_true 與 y_pred_proba 長度不一致)
05:38:43 [INFO] ModelEnhancement full task started, modules=['calibration', 'walk_forward', 'sample_weight', 'adversarial', 'cpcv', 'learning_curve']
05:38:43 [INFO] ModelEnhancement task=3bdfd89b-a8ff-4d09-a2c7-42fea537c76e module=sample_weight finished status=completed
05:38:43 [INFO] ModelEnhancement task=674b3d98-cbd0-476e-919c-629a1801f7ef module=calibration finished status=completed
05:38:43 [INFO] ModelEnhancement task=f3338f5e-7f79-4721-89eb-45c9e353b098 module=walk_forward finished status=completed
05:38:44 [INFO] ModelEnhancement task=8b57e876-9118-48ae-bd3c-d5a9d727ec98 module=cpcv finished status=completed
05:38:45 [INFO] ModelEnhancement task=e28b1811-17bb-41a2-93c6-f77c2153979a module=learning_curve finished status=completed
05:38:45 [INFO] ModelEnhancement task=d724e24c-e076-4f34-8374-e0eef8dce6fc module=adversarial finished status=completed
PASSED                                                                   [ 26%]
tests/momentum/Analysis/test_model_factories_phase3.py::test_create_model_trainer_supports_lightgbm_and_xgboost PASSED [ 26%]
tests/momentum/Analysis/test_model_factories_phase3.py::test_create_model_trainer_unknown_engine_raises_error PASSED [ 27%]
tests/momentum/Analysis/test_model_factories_phase3.py::test_create_model_comparison_uses_default_dual_engines PASSED [ 27%]
tests/momentum/Analysis/test_model_factories_phase3.py::test_create_model_config_manager_returns_instance 
-------------------------------- live log call ---------------------------------
05:38:45 [INFO] 成功載入 YAML 配置: config/model_config.yaml
PASSED                                                                   [ 27%]
tests/momentum/Analysis/test_model_trainer_protocol.py::test_lightgbm_and_xgboost_are_model_trainer_protocol PASSED [ 27%]
tests/momentum/Analysis/test_model_trainer_protocol.py::test_lightgbm_protocol_methods_smoke 
-------------------------------- live log call ---------------------------------
05:38:45 [INFO] 開始訓練 LightGBM 模型 - 樣本數: 120, 特徵數: 10
05:38:45 [INFO] 標籤分佈: {0: 65, 1: 55}
05:38:45 [INFO] 訓練集: 96 樣本, 驗證集: 24 樣本
05:38:45 [INFO] 開始交叉驗證 - 3-fold CV
05:38:45 [INFO] Fold 1/3 - AUC: 0.9558, Precision: 0.9000, Recall: 1.0000, F1: 0.9474
05:38:45 [INFO] Fold 2/3 - AUC: 0.9924, Precision: 0.8571, Recall: 1.0000, F1: 0.9231
05:38:45 [INFO] Fold 3/3 - AUC: 0.9599, Precision: 0.9474, Recall: 0.9474, F1: 0.9474
05:38:45 [INFO] 校準指標 - Brier: 0.1023, ECE: 0.2251, 品質: poor
05:38:45 [WARNING] 校準品質偏低，建議重新調整模型或做機率校準
05:38:45 [INFO] 交叉驗證完成 - Train AUC: 0.9775, CV AUC: 0.9694 ± 0.0164, Overfitting: 0.0081
05:38:45 [INFO] 訓練完成 - Train AUC: 0.9775, CV AUC: 0.9694 ± 0.0164
PASSED                                                                   [ 27%]
tests/momentum/Analysis/test_model_trainer_protocol.py::test_xgboost_protocol_methods_smoke 
-------------------------------- live log call ---------------------------------
05:38:45 [INFO] 開始訓練 XGBoost 模型 - 樣本數: 120, 特徵數: 10
05:38:45 [INFO] 標籤分佈: {0: 65, 1: 55}
05:38:45 [INFO] 訓練集: 96 樣本, 驗證集: 24 樣本
05:38:45 [INFO] 開始交叉驗證 - 3-fold CV
05:38:45 [INFO] Fold 1/3 - AUC: 0.9482, Precision: 0.8947, Recall: 0.9444, F1: 0.9189
05:38:45 [INFO] Fold 2/3 - AUC: 0.9949, Precision: 0.8571, Recall: 1.0000, F1: 0.9231
05:38:45 [INFO] Fold 3/3 - AUC: 0.9373, Precision: 0.9412, Recall: 0.8421, F1: 0.8889
05:38:45 [INFO] 校準指標 - Brier: 0.1144, ECE: 0.2745, 品質: poor
05:38:45 [WARNING] 校準品質偏低，建議重新調整模型或做機率校準
05:38:45 [INFO] 交叉驗證完成 - Train AUC: 0.9901, CV AUC: 0.9602 ± 0.0250, Overfitting: 0.0299
05:38:45 [INFO] 訓練完成 - Train AUC: 0.9921, CV AUC: 0.9602 ± 0.0250
05:38:45 [INFO] 特徵重要性計算完成 - 方法: gain, 前 3 名: ['feature_0', 'feature_3', 'feature_7']
PASSED                                                                   [ 27%]
tests/momentum/Analysis/test_net_ic_analyzer.py::test_no_turnover_data PASSED [ 27%]
tests/momentum/Analysis/test_net_ic_analyzer.py::test_partial_turnover_data PASSED [ 27%]
tests/momentum/Analysis/test_net_ic_analyzer.py::test_zero_turnover PASSED [ 27%]
tests/momentum/Analysis/test_net_ic_analyzer.py::test_extreme_turnover PASSED [ 27%]
tests/momentum/Analysis/test_net_ic_analyzer.py::test_negative_gross_ic PASSED [ 28%]
tests/momentum/Analysis/test_net_ic_analyzer.py::test_zero_cost PASSED   [ 28%]
tests/momentum/Analysis/test_net_ic_analyzer.py::test_no_volume_for_capacity PASSED [ 28%]
tests/momentum/Analysis/test_net_ic_analyzer.py::test_all_unprofitable PASSED [ 28%]
tests/momentum/Analysis/test_probability_calibrator.py::test_C1_single_class 
-------------------------------- live log call ---------------------------------
05:38:45 [WARNING] ProbabilityCalibrator skipped: y_cal 僅單一類別
PASSED                                                                   [ 28%]
tests/momentum/Analysis/test_probability_calibrator.py::test_C2_zero_variance_proba 
-------------------------------- live log call ---------------------------------
05:38:45 [WARNING] ProbabilityCalibrator skipped: 預測機率無變化
PASSED                                                                   [ 28%]
tests/momentum/Analysis/test_probability_calibrator.py::test_C3_small_sample_auto_fallback 
-------------------------------- live log call ---------------------------------
05:38:45 [WARNING] ProbabilityCalibrator: 樣本數 < 50，將限制為 Platt
05:38:45 [WARNING] 校準樣本數偏少 (40 < 50)，ECE 可能不穩定
05:38:45 [WARNING] 校準樣本數偏少 (40 < 50)，ECE 可能不穩定
05:38:45 [WARNING] 校準樣本數偏少 (40 < 50)，ECE 可能不穩定
05:38:45 [WARNING] 校準樣本數偏少 (40 < 50)，ECE 可能不穩定
05:38:45 [WARNING] 校準樣本數偏少 (40 < 50)，ECE 可能不穩定
05:38:45 [WARNING] 校準樣本數偏少 (40 < 50)，ECE 可能不穩定
PASSED                                                                   [ 28%]
tests/momentum/Analysis/test_probability_calibrator.py::test_C4_isotonic_small_sample_fallback 
-------------------------------- live log call ---------------------------------
05:38:45 [WARNING] ProbabilityCalibrator: isotonic 樣本不足，回退 platt
PASSED                                                                   [ 28%]
tests/momentum/Analysis/test_probability_calibrator.py::test_C5_venn_abers_downsampling 
-------------------------------- live log call ---------------------------------
05:38:45 [WARNING] ProbabilityCalibrator: venn_abers 樣本過大，將降採樣
05:38:45 [WARNING] ProbabilityCalibrator: venn_abers 校準失敗，略過 (y_true 與 y_pred_proba 長度不一致)
05:38:45 [WARNING] ProbabilityCalibrator skipped: 所有校準方法失敗
PASSED                                                                   [ 28%]
tests/momentum/Analysis/test_probability_calibrator.py::test_C6_cv_exceeds_half_samples 
-------------------------------- live log call ---------------------------------
05:38:45 [WARNING] ProbabilityCalibrator: cv 過大，自動降低
PASSED                                                                   [ 28%]
tests/momentum/Analysis/test_probability_calibrator.py::test_C7_calibration_degradation_fallback PASSED [ 28%]
tests/momentum/Analysis/test_probability_calibrator.py::test_C8_predict_before_fit PASSED [ 29%]
tests/momentum/Analysis/test_probability_calibrator.py::test_C9_nan_in_predictions 
-------------------------------- live log call ---------------------------------
05:38:45 [WARNING] ProbabilityCalibrator: 偵測到 NaN，將自動移除後校準
PASSED                                                                   [ 29%]
tests/momentum/Analysis/test_probability_calibrator.py::test_C10_beta_package_missing_fallback 
-------------------------------- live log call ---------------------------------
05:38:45 [WARNING] ProbabilityCalibrator: betacal 不可用，回退 platt
PASSED                                                                   [ 29%]
tests/momentum/Analysis/test_probability_calibrator.py::test_C11_feature_mismatch PASSED [ 29%]
tests/momentum/Analysis/test_probability_calibrator.py::test_fit_from_predictions_improves_or_keeps_ece PASSED [ 29%]
tests/momentum/Analysis/test_probability_calibrator.py::test_fit_and_predict_calibrated PASSED [ 29%]
tests/momentum/Analysis/test_probability_calibrator.py::test_platt_scaling_schema PASSED [ 29%]
tests/momentum/Analysis/test_probability_calibrator.py::test_auto_selects_best_method_exists PASSED [ 29%]
tests/momentum/Analysis/test_probability_calibrator.py::test_transform_proba_after_fit_from_predictions PASSED [ 29%]
tests/momentum/Analysis/test_probability_calibrator.py::test_get_calibration_comparison_returns_selected_method PASSED [ 29%]
tests/momentum/Analysis/test_probability_calibrator.py::test_venn_abers_intervals_valid_bounds PASSED [ 30%]
tests/momentum/Analysis/test_sample_weight_calculator.py::test_S1_invalid_half_life PASSED [ 30%]
tests/momentum/Analysis/test_sample_weight_calculator.py::test_S2_unsorted_timestamps 
-------------------------------- live log call ---------------------------------
05:38:46 [WARNING] SampleWeightCalculator: timestamps 非遞增，將排序後計算
PASSED                                                                   [ 30%]
tests/momentum/Analysis/test_sample_weight_calculator.py::test_S3_zero_returns 
-------------------------------- live log call ---------------------------------
05:38:46 [WARNING] SampleWeightCalculator: returns 全為 0，回傳等權重
PASSED                                                                   [ 30%]
tests/momentum/Analysis/test_sample_weight_calculator.py::test_S4_single_class_weight 
-------------------------------- live log call ---------------------------------
05:38:46 [WARNING] SampleWeightCalculator: y 單一類別，回傳等權重
PASSED                                                                   [ 30%]
tests/momentum/Analysis/test_sample_weight_calculator.py::test_S5_invalid_min_weight PASSED [ 30%]
tests/momentum/Analysis/test_sample_weight_calculator.py::test_S6_tiny_sample 
-------------------------------- live log call ---------------------------------
05:38:46 [WARNING] SampleWeightCalculator: 樣本數 < 10，權重可能不穩定
PASSED                                                                   [ 30%]
tests/momentum/Analysis/test_sample_weight_calculator.py::test_S7_no_strategies 
-------------------------------- live log call ---------------------------------
05:38:46 [WARNING] SampleWeightCalculator: 樣本數 < 10，權重可能不穩定
PASSED                                                                   [ 30%]
tests/momentum/Analysis/test_sample_weight_calculator.py::test_S8_extreme_label_overlap 
-------------------------------- live log call ---------------------------------
05:38:46 [WARNING] SampleWeightCalculator: label_spans 重疊過高，建議切換 time_decay
PASSED                                                                   [ 30%]
tests/momentum/Analysis/test_sample_weight_calculator.py::test_S9_additive_default_coeffs 
-------------------------------- live log call ---------------------------------
05:38:46 [WARNING] SampleWeightCalculator: additive 無係數，採等權平均
PASSED                                                                   [ 30%]
tests/momentum/Analysis/test_sample_weight_calculator.py::test_S10_nan_timestamps 
-------------------------------- live log call ---------------------------------
05:38:46 [WARNING] SampleWeightCalculator: timestamps 含 NaN，將移除 NaN 後計算
PASSED                                                                   [ 30%]
tests/momentum/Analysis/test_sample_weight_calculator.py::test_time_decay_recent_higher PASSED [ 31%]
tests/momentum/Analysis/test_sample_weight_calculator.py::test_class_balance_minority_higher PASSED [ 31%]
tests/momentum/Analysis/test_sample_weight_calculator.py::test_weight_summary_effective_n PASSED [ 31%]
tests/momentum/Analysis/test_sample_weight_calculator.py::test_return_based_weights_mean_is_one PASSED [ 31%]
tests/momentum/Analysis/test_sample_weight_calculator.py::test_combined_multiply_weights_mean_is_one PASSED [ 31%]
tests/momentum/Analysis/test_sample_weight_calculator.py::test_uniqueness_weights_mean_is_one PASSED [ 31%]
tests/momentum/Analysis/test_shared_analyzers_lightgbm.py::test_lightgbm_shap_global_and_single_case 
-------------------------------- live log call ---------------------------------
05:38:46 [INFO] SHAP 全局分析完成 - 樣本數: 20, 特徵數: 12
05:38:46 [INFO] SHAP 單案例分析完成
PASSED                                                                   [ 31%]
tests/momentum/Analysis/test_shared_analyzers_lightgbm.py::test_calibration_analyzer_with_lightgbm_prediction PASSED [ 31%]
tests/momentum/Analysis/test_shared_analyzers_lightgbm.py::test_drift_analyzer_with_lightgbm_features PASSED [ 31%]
tests/momentum/Analysis/test_shared_analyzers_lightgbm.py::test_drift_report_and_feature_list PASSED [ 31%]
tests/momentum/Analysis/test_shared_analyzers_lightgbm.py::test_lightgbm_predict_output_compatible_with_shared_analyzers PASSED [ 32%]
tests/momentum/Analysis/test_xgboost_protocol_methods.py::test_xgboost_protocol_methods_added 
-------------------------------- live log call ---------------------------------
05:38:46 [INFO] 開始訓練 XGBoost 模型 - 樣本數: 180, 特徵數: 8
05:38:46 [INFO] 標籤分佈: {0: 83, 1: 97}
05:38:46 [INFO] 訓練集: 144 樣本, 驗證集: 36 樣本
05:38:46 [INFO] 開始交叉驗證 - 3-fold CV
05:38:46 [INFO] Fold 1/3 - AUC: 0.9475, Precision: 0.8421, Recall: 1.0000, F1: 0.9143
05:38:46 [INFO] Fold 2/3 - AUC: 0.9503, Precision: 0.6596, Recall: 0.9688, F1: 0.7848
05:38:46 [INFO] Fold 3/3 - AUC: 0.9658, Precision: 0.7674, Recall: 1.0000, F1: 0.8684
05:38:46 [INFO] 校準指標 - Brier: 0.2109, ECE: 0.2831, 品質: poor
05:38:46 [WARNING] 校準品質偏低，建議重新調整模型或做機率校準
05:38:46 [INFO] 交叉驗證完成 - Train AUC: 0.9676, CV AUC: 0.9545 ± 0.0080, Overfitting: 0.0131
05:38:46 [INFO] 訓練完成 - Train AUC: 0.9783, CV AUC: 0.9545 ± 0.0080
05:38:46 [INFO] 特徵重要性計算完成 - 方法: gain, 前 3 名: ['feature_0', 'feature_1', 'feature_4']
PASSED                                                                   [ 32%]
tests/momentum/Analysis/test_xgboost_protocol_methods.py::test_xgboost_model_path_safety_and_type_mismatch 
-------------------------------- live log call ---------------------------------
05:38:46 [INFO] 開始訓練 XGBoost 模型 - 樣本數: 180, 特徵數: 8
05:38:46 [INFO] 標籤分佈: {0: 83, 1: 97}
05:38:46 [INFO] 訓練集: 144 樣本, 驗證集: 36 樣本
05:38:46 [INFO] 開始交叉驗證 - 3-fold CV
05:38:46 [INFO] Fold 1/3 - AUC: 0.9475, Precision: 0.8421, Recall: 1.0000, F1: 0.9143
05:38:46 [INFO] Fold 2/3 - AUC: 0.9503, Precision: 0.6596, Recall: 0.9688, F1: 0.7848
05:38:46 [INFO] Fold 3/3 - AUC: 0.9658, Precision: 0.7674, Recall: 1.0000, F1: 0.8684
05:38:46 [INFO] 校準指標 - Brier: 0.2109, ECE: 0.2831, 品質: poor
05:38:46 [WARNING] 校準品質偏低，建議重新調整模型或做機率校準
05:38:46 [INFO] 交叉驗證完成 - Train AUC: 0.9676, CV AUC: 0.9545 ± 0.0080, Overfitting: 0.0131
05:38:46 [INFO] 訓練完成 - Train AUC: 0.9783, CV AUC: 0.9545 ± 0.0080
05:38:46 [INFO] XGBoost 模型已儲存: /Users/louis/Desktop/quantitative_trading_system/data_cache/models/phase3_xgb_protocol.pkl
PASSED                                                                   [ 32%]
tests/momentum/Analysis/test_xgboost_protocol_methods.py::test_xgboost_load_and_predict_roundtrip 
-------------------------------- live log call ---------------------------------
05:38:46 [INFO] 開始訓練 XGBoost 模型 - 樣本數: 180, 特徵數: 8
05:38:46 [INFO] 標籤分佈: {0: 83, 1: 97}
05:38:46 [INFO] 訓練集: 144 樣本, 驗證集: 36 樣本
05:38:46 [INFO] 開始交叉驗證 - 3-fold CV
05:38:46 [INFO] Fold 1/3 - AUC: 0.9475, Precision: 0.8421, Recall: 1.0000, F1: 0.9143
05:38:46 [INFO] Fold 2/3 - AUC: 0.9503, Precision: 0.6596, Recall: 0.9688, F1: 0.7848
05:38:46 [INFO] Fold 3/3 - AUC: 0.9658, Precision: 0.7674, Recall: 1.0000, F1: 0.8684
05:38:46 [INFO] 校準指標 - Brier: 0.2109, ECE: 0.2831, 品質: poor
05:38:46 [WARNING] 校準品質偏低，建議重新調整模型或做機率校準
05:38:46 [INFO] 交叉驗證完成 - Train AUC: 0.9676, CV AUC: 0.9545 ± 0.0080, Overfitting: 0.0131
05:38:46 [INFO] 訓練完成 - Train AUC: 0.9783, CV AUC: 0.9545 ± 0.0080
05:38:46 [INFO] XGBoost 模型已儲存: /Users/louis/Desktop/quantitative_trading_system/data_cache/models/xgb_roundtrip_protocol.pkl
PASSED                                                                   [ 32%]
tests/momentum/Optimization/test_model_hyperparam_enhanced.py::test_evaluate_returns_auc 
-------------------------------- live log call ---------------------------------
05:38:46 [INFO] 成功載入 YAML 配置: config/model_config.yaml
05:38:46 [INFO] ModelHyperparamObjective score=0.720000, train_auc=0.780000, gap=0.060000, engine=lightgbm
PASSED                                                                   [ 32%]
tests/momentum/Optimization/test_model_hyperparam_enhanced.py::test_overfitting_detection_pruned 
-------------------------------- live log call ---------------------------------
05:38:46 [INFO] 成功載入 YAML 配置: config/model_config.yaml
PASSED                                                                   [ 32%]
tests/momentum/Optimization/test_model_hyperparam_enhanced.py::test_search_space_min_gt_max_error 
-------------------------------- live log call ---------------------------------
05:38:46 [INFO] 成功載入 YAML 配置: config/model_config.yaml
PASSED                                                                   [ 32%]
tests/momentum/Optimization/test_model_hyperparam_enhanced.py::test_model_training_failure_fatal 
-------------------------------- live log call ---------------------------------
05:38:46 [INFO] 成功載入 YAML 配置: config/model_config.yaml
05:38:46 [ERROR] ModelHyperparamObjective evaluate 失敗: train failed
Traceback (most recent call last):
  File "/Users/louis/Desktop/quantitative_trading_system/momentum/Optimization/objectives/model_hyperparam.py", line 105, in evaluate
    perf = self.trainer.train_model(
  File "/Users/louis/Desktop/quantitative_trading_system/tests/momentum/Optimization/test_model_hyperparam_enhanced.py", line 24, in train_model
    raise self.error
RuntimeError: train failed
PASSED                                                                   [ 32%]
tests/momentum/Optimization/test_model_hyperparam_enhanced.py::test_auc_below_random 
-------------------------------- live log call ---------------------------------
05:38:46 [INFO] 成功載入 YAML 配置: config/model_config.yaml
05:38:46 [WARNING] Validation AUC below random baseline: 0.4900
05:38:46 [INFO] ModelHyperparamObjective score=0.490000, train_auc=0.520000, gap=0.030000, engine=lightgbm
PASSED                                                                   [ 32%]
tests/momentum/Optimization/test_model_hyperparam_enhanced.py::test_zero_features_error 
-------------------------------- live log call ---------------------------------
05:38:46 [INFO] 成功載入 YAML 配置: config/model_config.yaml
PASSED                                                                   [ 32%]
tests/momentum/Optimization/test_model_hyperparam_enhanced.py::test_small_training_set_warning 
-------------------------------- live log call ---------------------------------
05:38:46 [INFO] 成功載入 YAML 配置: config/model_config.yaml
05:38:46 [WARNING] 訓練樣本數過少: 50 < 100
PASSED                                                                   [ 33%]
tests/momentum/Optimization/test_model_hyperparam_enhanced.py::test_invalid_model_type 
-------------------------------- live log call ---------------------------------
05:38:46 [INFO] 成功載入 YAML 配置: config/model_config.yaml
PASSED                                                                   [ 33%]
tests/momentum/Optimization/test_model_hyperparam_enhanced.py::test_lightgbm_search_space_ranges 
-------------------------------- live log call ---------------------------------
05:38:46 [INFO] 成功載入 YAML 配置: config/model_config.yaml
PASSED                                                                   [ 33%]
tests/momentum/Optimization/test_model_hyperparam_enhanced.py::test_xgboost_search_space_ranges 
-------------------------------- live log call ---------------------------------
05:38:46 [INFO] 成功載入 YAML 配置: config/model_config.yaml
PASSED                                                                   [ 33%]
tests/momentum/Optimization/test_model_hyperparam_enhanced.py::test_trial_user_attrs_recorded 
-------------------------------- live log call ---------------------------------
05:38:46 [INFO] 成功載入 YAML 配置: config/model_config.yaml
05:38:46 [INFO] ModelHyperparamObjective score=0.720000, train_auc=0.780000, gap=0.060000, engine=lightgbm
PASSED                                                                   [ 33%]
tests/momentum/Optimization/test_model_hyperparam_enhanced.py::test_cv_folds_parameter 
-------------------------------- live log call ---------------------------------
05:38:46 [INFO] 成功載入 YAML 配置: config/model_config.yaml
05:38:46 [INFO] ModelHyperparamObjective score=0.720000, train_auc=0.780000, gap=0.060000, engine=lightgbm
PASSED                                                                   [ 33%]
tests/momentum/Optimization/test_model_hyperparam_enhanced.py::test_custom_train_kwargs 
-------------------------------- live log call ---------------------------------
05:38:46 [INFO] 成功載入 YAML 配置: config/model_config.yaml
05:38:46 [INFO] ModelHyperparamObjective score=0.720000, train_auc=0.780000, gap=0.060000, engine=lightgbm
PASSED                                                                   [ 33%]
tests/momentum/Optimization/test_model_hyperparam_enhanced.py::test_name_property 
-------------------------------- live log call ---------------------------------
05:38:46 [INFO] 成功載入 YAML 配置: config/model_config.yaml
PASSED                                                                   [ 33%]
tests/momentum/Optimization/test_model_hyperparam_enhanced.py::test_direction_property 
-------------------------------- live log call ---------------------------------
05:38:46 [INFO] 成功載入 YAML 配置: config/model_config.yaml
PASSED                                                                   [ 33%]
tests/momentum/Optimization/test_model_hyperparam_enhanced.py::test_directions_property_none_and_pruning_callback 
-------------------------------- live log call ---------------------------------
05:38:46 [INFO] 成功載入 YAML 配置: config/model_config.yaml
PASSED                                                                   [ 33%]
tests/momentum/Optimization/test_model_hyperparam_enhanced.py::test_numpy_features_path_and_small_sample_warning 
-------------------------------- live log call ---------------------------------
05:38:46 [INFO] 成功載入 YAML 配置: config/model_config.yaml
05:38:46 [WARNING] 訓練樣本數過少: 80 < 100
PASSED                                                                   [ 33%]
tests/momentum/Optimization/test_model_hyperparam_enhanced.py::test_numpy_features_zero_columns_error 
-------------------------------- live log call ---------------------------------
05:38:46 [INFO] 成功載入 YAML 配置: config/model_config.yaml
PASSED                                                                   [ 34%]
tests/momentum/Optimization/test_model_hyperparam_enhanced.py::test_empty_labels_error 
-------------------------------- live log call ---------------------------------
05:38:46 [INFO] 成功載入 YAML 配置: config/model_config.yaml
PASSED                                                                   [ 34%]
tests/momentum/Optimization/test_model_hyperparam_enhanced.py::test_create_search_space_unsupported_type_error 
-------------------------------- live log call ---------------------------------
05:38:46 [INFO] 成功載入 YAML 配置: config/model_config.yaml
PASSED                                                                   [ 34%]
tests/momentum/Optimization/test_model_hyperparam_enhanced.py::test_create_search_space_missing_low_high_error 
-------------------------------- live log call ---------------------------------
05:38:46 [INFO] 成功載入 YAML 配置: config/model_config.yaml
PASSED                                                                   [ 34%]
tests/momentum/Optimization/test_model_hyperparam_enhanced.py::test_create_search_space_empty_categorical_choices_error 
-------------------------------- live log call ---------------------------------
05:38:46 [INFO] 成功載入 YAML 配置: config/model_config.yaml
PASSED                                                                   [ 34%]
tests/momentum/Optimization/test_model_hyperparam_enhanced.py::test_create_search_space_categorical_branch_success 
-------------------------------- live log call ---------------------------------
05:38:46 [INFO] 成功載入 YAML 配置: config/model_config.yaml
PASSED                                                                   [ 34%]
tests/momentum/Optimization/test_model_hyperparam_enhanced.py::test_lightgbm_learning_rate_lower_bound_error 
-------------------------------- live log call ---------------------------------
05:38:46 [INFO] 成功載入 YAML 配置: config/model_config.yaml
PASSED                                                                   [ 34%]
tests/momentum/Optimization/test_model_hyperparam_enhanced.py::test_lightgbm_num_leaves_upper_bound_error 
-------------------------------- live log call ---------------------------------
05:38:46 [INFO] 成功載入 YAML 配置: config/model_config.yaml
PASSED                                                                   [ 34%]
tests/momentum/Optimization/test_model_hyperparam_enhanced.py::test_xgboost_max_depth_upper_bound_error 
-------------------------------- live log call ---------------------------------
05:38:46 [INFO] 成功載入 YAML 配置: config/model_config.yaml
PASSED                                                                   [ 34%]
tests/momentum/Optimization/test_model_hyperparam_enhanced.py::test_evaluate_xgboost_path 
-------------------------------- live log call ---------------------------------
05:38:46 [INFO] 成功載入 YAML 配置: config/model_config.yaml
05:38:46 [INFO] ModelHyperparamObjective score=0.740000, train_auc=0.770000, gap=0.030000, engine=xgboost
PASSED                                                                   [ 34%]
tests/momentum/Optimization/test_model_hyperparam_enhanced.py::test_extract_metric_default_and_raise 
-------------------------------- live log call ---------------------------------
05:38:46 [INFO] 成功載入 YAML 配置: config/model_config.yaml
PASSED                                                                   [ 35%]
tests/momentum/Optimization/test_model_hyperparam_enhanced.py::test_set_trial_user_attrs_without_trial_no_error 
-------------------------------- live log call ---------------------------------
05:38:46 [INFO] 成功載入 YAML 配置: config/model_config.yaml
PASSED                                                                   [ 35%]
tests/momentum/Optimization/test_model_hyperparam_enhanced.py::test_validate_search_space_non_dict_rule_is_ignored 
-------------------------------- live log call ---------------------------------
05:38:46 [INFO] 成功載入 YAML 配置: config/model_config.yaml
PASSED                                                                   [ 35%]
tests/momentum/Optimization/test_model_hyperparam_enhanced.py::test_evaluate_engine_else_branch_raises_value_error 
-------------------------------- live log call ---------------------------------
05:38:46 [INFO] 成功載入 YAML 配置: config/model_config.yaml
PASSED                                                                   [ 35%]
tests/momentum/Optimization/test_model_hyperparam_enhanced.py::test_get_search_space_schema_for_frontend 
-------------------------------- live log call ---------------------------------
05:38:46 [INFO] 成功載入 YAML 配置: config/model_config.yaml
PASSED                                                                   [ 35%]
tests/momentum/Optimization/test_optuna_objectives.py::test_optuna_optimizer_pluggable_objective_runs_trials 
-------------------------------- live log call ---------------------------------
05:38:46 [INFO] CheckpointManager initialized: dir=data/checkpoints, interval=50, max=10, compression=False
05:38:46 [INFO] OptunaOptimizer initialized: study_name=task39_pluggable, sampler=TPE, n_trials=5, n_startup_trials=10, param_ranges=ParameterRanges(ema_short_range=(5, 200), ema_mid_range=(10, 200), ema_long_range=(20, 200), data_sources=['close', 'open', 'high', 'low', 'volume', 'taker_buy_volume', 'taker_ratio'], strategy_logics=['three_line', 'short_long_cross', 'mid_long_cross'], indicator_types=['ema']), checkpoint_interval=50, max_retries=3
05:38:47 [INFO] Study created/loaded: task39_pluggable, previous trials: 0
05:38:47 [INFO] Pluggable objective optimization completed: objective=dummy, completed_trials=5
PASSED                                                                   [ 35%]
tests/momentum/Optimization/test_optuna_objectives.py::test_model_hyperparam_objective_search_space_and_evaluate 
-------------------------------- live log call ---------------------------------
05:38:47 [INFO] 成功載入 YAML 配置: config/model_config.yaml
05:38:47 [WARNING] 訓練樣本數過少: 40 < 100
05:38:47 [INFO] ModelHyperparamObjective score=0.605000, train_auc=0.605000, gap=0.000000, engine=lightgbm
PASSED                                                                   [ 35%]
tests/momentum/Optimization/test_optuna_objectives.py::test_strategy_backtest_objective_single_and_multi PASSED [ 35%]
tests/momentum/Optimization/test_optuna_objectives.py::test_multi_objective_auto_nsga2_sampler 
-------------------------------- live log call ---------------------------------
05:38:47 [INFO] CheckpointManager initialized: dir=data/checkpoints, interval=50, max=10, compression=False
05:38:47 [INFO] OptunaOptimizer initialized: study_name=task310_multi, sampler=TPE, n_trials=3, n_startup_trials=10, param_ranges=ParameterRanges(ema_short_range=(5, 200), ema_mid_range=(10, 200), ema_long_range=(20, 200), data_sources=['close', 'open', 'high', 'low', 'volume', 'taker_buy_volume', 'taker_ratio'], strategy_logics=['three_line', 'short_long_cross', 'mid_long_cross'], indicator_types=['ema']), checkpoint_interval=50, max_retries=3
05:38:47 [INFO] Multi-objective detected, auto-switch sampler to NSGA-II
05:38:47 [INFO] Objective-driven multi-objective study created/loaded: task310_multi, previous trials: 0
05:38:47 [INFO] Pluggable objective optimization completed: objective=strategy_backtest, completed_trials=3
PASSED                                                                   [ 35%]
tests/momentum/Optimization/test_strategy_backtest_enhanced.py::test_evaluate_returns_target_metric PASSED [ 35%]
tests/momentum/Optimization/test_strategy_backtest_enhanced.py::test_evaluate_with_constraints_pass PASSED [ 35%]
tests/momentum/Optimization/test_strategy_backtest_enhanced.py::test_evaluate_maxdd_constraint_pruned PASSED [ 36%]
tests/momentum/Optimization/test_strategy_backtest_enhanced.py::test_evaluate_winrate_constraint_pruned PASSED [ 36%]
tests/momentum/Optimization/test_strategy_backtest_enhanced.py::test_evaluate_min_trades_pruned PASSED [ 36%]
tests/momentum/Optimization/test_strategy_backtest_enhanced.py::test_all_trials_pruned_handling PASSED [ 36%]
tests/momentum/Optimization/test_strategy_backtest_enhanced.py::test_invalid_target_metric PASSED [ 36%]
tests/momentum/Optimization/test_strategy_backtest_enhanced.py::test_nan_proba_input 
-------------------------------- live log call ---------------------------------
05:38:47 [WARNING] predicted_proba contains NaN, filling with 0.5
PASSED                                                                   [ 36%]
tests/momentum/Optimization/test_strategy_backtest_enhanced.py::test_non_continuous_timestamps 
-------------------------------- live log call ---------------------------------
05:38:47 [WARNING] timestamp is not monotonic increasing
PASSED                                                                   [ 36%]
tests/momentum/Optimization/test_strategy_backtest_enhanced.py::test_multi_objective_mode PASSED [ 36%]
tests/momentum/Optimization/test_strategy_backtest_enhanced.py::test_create_search_space_params PASSED [ 36%]
tests/momentum/Optimization/test_strategy_backtest_enhanced.py::test_backtest_engine_protocol_injection PASSED [ 36%]
tests/momentum/Optimization/test_strategy_backtest_enhanced.py::test_target_metric_variants[expectancy] PASSED [ 37%]
tests/momentum/Optimization/test_strategy_backtest_enhanced.py::test_target_metric_variants[sortino_ratio] PASSED [ 37%]
tests/momentum/Optimization/test_strategy_backtest_enhanced.py::test_target_metric_variants[calmar_ratio] PASSED [ 37%]
tests/momentum/Optimization/test_strategy_backtest_enhanced.py::test_target_metric_variants[sqn] PASSED [ 37%]
tests/momentum/Optimization/test_strategy_backtest_enhanced.py::test_evaluate_stores_trial_user_attrs PASSED [ 37%]
tests/momentum/Optimization/test_strategy_backtest_enhanced.py::test_evaluate_with_empty_backtest_result PASSED [ 37%]
tests/momentum/Optimization/test_strategy_backtest_enhanced.py::test_directions_property_multi_objective PASSED [ 37%]
tests/momentum/Optimization/test_strategy_backtest_enhanced.py::test_name_property PASSED [ 37%]
tests/momentum/Optimization/test_strategy_backtest_enhanced.py::test_length_mismatch_predicted_proba_error PASSED [ 37%]
tests/momentum/Optimization/test_strategy_backtest_enhanced.py::test_length_mismatch_atr_error PASSED [ 37%]
tests/momentum/Optimization/test_strategy_backtest_enhanced.py::test_direction_and_directions_defaults PASSED [ 38%]
tests/momentum/Optimization/test_strategy_backtest_enhanced.py::test_get_pruning_callback_none PASSED [ 38%]
tests/momentum/Optimization/test_strategy_backtest_enhanced.py::test_evaluate_without_create_search_space PASSED [ 38%]
tests/momentum/Optimization/test_strategy_backtest_enhanced.py::test_record_trial_metrics_non_float_value_fallback PASSED [ 38%]
tests/momentum/Strategy/test_performance_metrics.py::test_all_metrics_return_numeric[total_return] PASSED [ 38%]
tests/momentum/Strategy/test_performance_metrics.py::test_all_metrics_return_numeric[cagr] PASSED [ 38%]
tests/momentum/Strategy/test_performance_metrics.py::test_all_metrics_return_numeric[sharpe_ratio] PASSED [ 38%]
tests/momentum/Strategy/test_performance_metrics.py::test_all_metrics_return_numeric[sortino_ratio] PASSED [ 38%]
tests/momentum/Strategy/test_performance_metrics.py::test_all_metrics_return_numeric[calmar_ratio] PASSED [ 38%]
tests/momentum/Strategy/test_performance_metrics.py::test_all_metrics_return_numeric[max_drawdown] PASSED [ 38%]
tests/momentum/Strategy/test_performance_metrics.py::test_all_metrics_return_numeric[max_drawdown_duration] PASSED [ 38%]
tests/momentum/Strategy/test_performance_metrics.py::test_all_metrics_return_numeric[expectancy] PASSED [ 39%]
tests/momentum/Strategy/test_performance_metrics.py::test_all_metrics_return_numeric[system_quality_number] PASSED [ 39%]
tests/momentum/Strategy/test_performance_metrics.py::test_all_metrics_return_numeric[win_rate] PASSED [ 39%]
tests/momentum/Strategy/test_performance_metrics.py::test_all_metrics_return_numeric[profit_factor] PASSED [ 39%]
tests/momentum/Strategy/test_performance_metrics.py::test_all_metrics_return_numeric[avg_win] PASSED [ 39%]
tests/momentum/Strategy/test_performance_metrics.py::test_all_metrics_return_numeric[avg_loss] PASSED [ 39%]
tests/momentum/Strategy/test_performance_metrics.py::test_empty_inputs_return_default_zero[total_return-0.0] PASSED [ 39%]
tests/momentum/Strategy/test_performance_metrics.py::test_empty_inputs_return_default_zero[cagr-0.0] PASSED [ 39%]
tests/momentum/Strategy/test_performance_metrics.py::test_empty_inputs_return_default_zero[sharpe_ratio-0.0] PASSED [ 39%]
tests/momentum/Strategy/test_performance_metrics.py::test_empty_inputs_return_default_zero[sortino_ratio-0.0] PASSED [ 39%]
tests/momentum/Strategy/test_performance_metrics.py::test_empty_inputs_return_default_zero[calmar_ratio-0.0] PASSED [ 40%]
tests/momentum/Strategy/test_performance_metrics.py::test_empty_inputs_return_default_zero[max_drawdown-0.0] PASSED [ 40%]
tests/momentum/Strategy/test_performance_metrics.py::test_empty_inputs_return_default_zero[max_drawdown_duration-0] PASSED [ 40%]
tests/momentum/Strategy/test_performance_metrics.py::test_empty_inputs_return_default_zero[expectancy-0.0] PASSED [ 40%]
tests/momentum/Strategy/test_performance_metrics.py::test_empty_inputs_return_default_zero[system_quality_number-0.0] PASSED [ 40%]
tests/momentum/Strategy/test_performance_metrics.py::test_empty_inputs_return_default_zero[win_rate-0.0] PASSED [ 40%]
tests/momentum/Strategy/test_performance_metrics.py::test_empty_inputs_return_default_zero[profit_factor-0.0] PASSED [ 40%]
tests/momentum/Strategy/test_performance_metrics.py::test_empty_inputs_return_default_zero[avg_win-0.0] PASSED [ 40%]
tests/momentum/Strategy/test_performance_metrics.py::test_empty_inputs_return_default_zero[avg_loss-0.0] PASSED [ 40%]
tests/momentum/Strategy/test_performance_metrics.py::test_invalid_periods_per_year_raise[0] PASSED [ 40%]
tests/momentum/Strategy/test_performance_metrics.py::test_invalid_periods_per_year_raise[-1] PASSED [ 40%]
tests/momentum/Strategy/test_performance_metrics.py::test_invalid_periods_per_year_raise[-730] PASSED [ 41%]
tests/momentum/Strategy/test_performance_metrics.py::test_total_return[equity_curve0-0.1] PASSED [ 41%]
tests/momentum/Strategy/test_performance_metrics.py::test_total_return[equity_curve1--0.1] PASSED [ 41%]
tests/momentum/Strategy/test_performance_metrics.py::test_total_return[equity_curve2-0.0] PASSED [ 41%]
tests/momentum/Strategy/test_performance_metrics.py::test_max_drawdown_negative_value PASSED [ 41%]
tests/momentum/Strategy/test_performance_metrics.py::test_max_drawdown_duration_non_negative PASSED [ 41%]
tests/momentum/Strategy/test_performance_metrics.py::test_win_rate_calculation[trade_pnls0-0.5] PASSED [ 41%]
tests/momentum/Strategy/test_performance_metrics.py::test_win_rate_calculation[trade_pnls1-1.0] PASSED [ 41%]
tests/momentum/Strategy/test_performance_metrics.py::test_win_rate_calculation[trade_pnls2-0.0] PASSED [ 41%]
tests/momentum/Strategy/test_performance_metrics.py::test_profit_factor[trade_pnls0-2.0] PASSED [ 41%]
tests/momentum/Strategy/test_performance_metrics.py::test_profit_factor[trade_pnls1-1.0] PASSED [ 42%]
tests/momentum/Strategy/test_performance_metrics.py::test_profit_factor[trade_pnls2-0.0] PASSED [ 42%]
tests/momentum/Strategy/test_performance_metrics.py::test_profit_factor[trade_pnls3-0.0] PASSED [ 42%]
tests/momentum/Strategy/test_performance_metrics.py::test_calculate_all_contains_required_keys PASSED [ 42%]
tests/momentum/Strategy/test_performance_metrics.py::test_ratio_metrics_handle_boundary_data[equity_curve0] PASSED [ 42%]
tests/momentum/Strategy/test_performance_metrics.py::test_ratio_metrics_handle_boundary_data[equity_curve1] PASSED [ 42%]
tests/momentum/Strategy/test_performance_metrics.py::test_ratio_metrics_handle_boundary_data[equity_curve2] PASSED [ 42%]
tests/momentum/Strategy/test_performance_metrics.py::test_sqn_denominator_zero_returns_zero PASSED [ 42%]
tests/momentum/Strategy/test_performance_metrics.py::test_expectancy_with_mixed_trades PASSED [ 42%]
tests/momentum/Strategy/test_performance_metrics.py::test_avg_win_and_avg_loss_sign PASSED [ 42%]
tests/momentum/Strategy/test_performance_metrics.py::test_cagr_on_short_series_returns_zero PASSED [ 42%]
tests/momentum/Strategy/test_performance_metrics.py::test_total_return_start_non_positive_returns_zero PASSED [ 43%]
tests/momentum/Strategy/test_performance_metrics.py::test_max_drawdown_no_drawdown_returns_zero PASSED [ 43%]
tests/momentum/Strategy/test_performance_metrics.py::test_max_drawdown_duration_no_drawdown_returns_zero PASSED [ 43%]
tests/momentum/Strategy/test_performance_metrics.py::test_safe_float_type_error_returns_default PASSED [ 43%]
tests/momentum/Strategy/test_performance_metrics.py::test_init_with_none_equity_curve PASSED [ 43%]
tests/momentum/Strategy/test_performance_metrics.py::test_trade_dict_fields_path_covered PASSED [ 43%]
tests/momentum/Strategy/test_performance_metrics.py::test_cagr_end_non_positive_returns_zero PASSED [ 43%]
tests/momentum/Strategy/test_position_sizing.py::test_kelly_position_size_range[0.0-0.0] PASSED [ 43%]
tests/momentum/Strategy/test_position_sizing.py::test_kelly_position_size_range[0.2-0.0] PASSED [ 43%]
tests/momentum/Strategy/test_position_sizing.py::test_kelly_position_size_range[0.5-0.0] PASSED [ 43%]
tests/momentum/Strategy/test_position_sizing.py::test_kelly_position_size_range[0.8-0.25] PASSED [ 44%]
tests/momentum/Strategy/test_position_sizing.py::test_kelly_position_size_range[1.0-0.25] PASSED [ 44%]
tests/momentum/Strategy/test_position_sizing.py::test_kelly_proba_one_hits_max_position PASSED [ 44%]
tests/momentum/Strategy/test_position_sizing.py::test_kelly_equity_zero_returns_zero 
-------------------------------- live log call ---------------------------------
05:38:47 [WARNING] equity <= 0, fallback to position size 0.0
PASSED                                                                   [ 44%]
tests/momentum/Strategy/test_position_sizing.py::test_kelly_nan_proba_returns_zero PASSED [ 44%]
tests/momentum/Strategy/test_position_sizing.py::test_kelly_win_loss_ratio_zero_error PASSED [ 44%]
tests/momentum/Strategy/test_position_sizing.py::test_kelly_invalid_fraction_error[-0.1] PASSED [ 44%]
tests/momentum/Strategy/test_position_sizing.py::test_kelly_invalid_fraction_error[1.1] PASSED [ 44%]
tests/momentum/Strategy/test_position_sizing.py::test_kelly_invalid_max_position_error PASSED [ 44%]
tests/momentum/Strategy/test_position_sizing.py::test_fixed_position_always_same PASSED [ 44%]
tests/momentum/Strategy/test_position_sizing.py::test_fixed_negative_size_error PASSED [ 45%]
tests/momentum/Strategy/test_position_sizing.py::test_probability_scaled_size[0.1-0.0] PASSED [ 45%]
tests/momentum/Strategy/test_position_sizing.py::test_probability_scaled_size[0.5-0.0] PASSED [ 45%]
tests/momentum/Strategy/test_position_sizing.py::test_probability_scaled_size[0.75-0.125] PASSED [ 45%]
tests/momentum/Strategy/test_position_sizing.py::test_probability_scaled_size[1.0-0.25] PASSED [ 45%]
tests/momentum/Strategy/test_position_sizing.py::test_probability_scaled_equity_zero_returns_zero 
-------------------------------- live log call ---------------------------------
05:38:47 [WARNING] equity <= 0, fallback to position size 0.0
PASSED                                                                   [ 45%]
tests/momentum/Strategy/test_position_sizing.py::test_probability_scaled_nan_proba_returns_zero PASSED [ 45%]
tests/momentum/Strategy/test_position_sizing.py::test_probability_scaled_invalid_threshold_error[-0.1] PASSED [ 45%]
tests/momentum/Strategy/test_position_sizing.py::test_probability_scaled_invalid_threshold_error[1.0] PASSED [ 45%]
tests/momentum/Strategy/test_position_sizing.py::test_probability_scaled_invalid_threshold_error[1.2] PASSED [ 45%]
tests/momentum/Strategy/test_position_sizing.py::test_probability_scaled_invalid_max_position_error PASSED [ 45%]
tests/momentum/Strategy/test_position_sizing.py::test_all_sizers_protocol_methods_exist PASSED [ 46%]
tests/momentum/Strategy/test_risk_manager.py::test_calculate_stop_loss_normal[100.0-2.0-2.0-96.0] PASSED [ 46%]
tests/momentum/Strategy/test_risk_manager.py::test_calculate_stop_loss_normal[100.0-1.0-1.0-99.0] PASSED [ 46%]
tests/momentum/Strategy/test_risk_manager.py::test_calculate_stop_loss_normal[30000.0-100.0-3.0-29700.0] PASSED [ 46%]
tests/momentum/Strategy/test_risk_manager.py::test_calculate_stop_loss_atr_zero_fallback 
-------------------------------- live log call ---------------------------------
05:38:47 [WARNING] atr==0 or multiplier==0 in calculate_stop_loss, fallback to entry_price
PASSED                                                                   [ 46%]
tests/momentum/Strategy/test_risk_manager.py::test_calculate_stop_loss_multiplier_zero_fallback 
-------------------------------- live log call ---------------------------------
05:38:47 [WARNING] atr==0 or multiplier==0 in calculate_stop_loss, fallback to entry_price
PASSED                                                                   [ 46%]
tests/momentum/Strategy/test_risk_manager.py::test_calculate_stop_loss_invalid_inputs[0.0-1.0-1.0] PASSED [ 46%]
tests/momentum/Strategy/test_risk_manager.py::test_calculate_stop_loss_invalid_inputs[-1.0-1.0-1.0] PASSED [ 46%]
tests/momentum/Strategy/test_risk_manager.py::test_calculate_stop_loss_invalid_inputs[100.0--1.0-1.0] PASSED [ 46%]
tests/momentum/Strategy/test_risk_manager.py::test_calculate_stop_loss_invalid_inputs[100.0-1.0--1.0] PASSED [ 46%]
tests/momentum/Strategy/test_risk_manager.py::test_calculate_take_profit_normal[100.0-2.0-2.0-3.0-112.0] PASSED [ 47%]
tests/momentum/Strategy/test_risk_manager.py::test_calculate_take_profit_normal[100.0-1.0-1.0-2.0-102.0] PASSED [ 47%]
tests/momentum/Strategy/test_risk_manager.py::test_calculate_take_profit_atr_zero_fallback 
-------------------------------- live log call ---------------------------------
05:38:47 [WARNING] atr==0 in calculate_take_profit, fallback to entry_price
PASSED                                                                   [ 47%]
tests/momentum/Strategy/test_risk_manager.py::test_calculate_take_profit_invalid_inputs[0.0-1.0-1.0-1.0] PASSED [ 47%]
tests/momentum/Strategy/test_risk_manager.py::test_calculate_take_profit_invalid_inputs[100.0--1.0-1.0-1.0] PASSED [ 47%]
tests/momentum/Strategy/test_risk_manager.py::test_calculate_take_profit_invalid_inputs[100.0-1.0--1.0-1.0] PASSED [ 47%]
tests/momentum/Strategy/test_risk_manager.py::test_calculate_take_profit_invalid_inputs[100.0-1.0-1.0--1.0] PASSED [ 47%]
tests/momentum/Strategy/test_risk_manager.py::test_trailing_stop_not_activated_returns_none PASSED [ 47%]
tests/momentum/Strategy/test_risk_manager.py::test_trailing_stop_activated_returns_value PASSED [ 47%]
tests/momentum/Strategy/test_risk_manager.py::test_trailing_stop_atr_zero_returns_none PASSED [ 47%]
tests/momentum/Strategy/test_risk_manager.py::test_trailing_stop_invalid_inputs[0.0-101.0-2.0-1.0] PASSED [ 47%]
tests/momentum/Strategy/test_risk_manager.py::test_trailing_stop_invalid_inputs[100.0-0.0-2.0-1.0] PASSED [ 48%]
tests/momentum/Strategy/test_risk_manager.py::test_trailing_stop_invalid_inputs[100.0-101.0--1.0-1.0] PASSED [ 48%]
tests/momentum/Strategy/test_risk_manager.py::test_trailing_stop_invalid_inputs[100.0-101.0-2.0--1.0] PASSED [ 48%]
tests/momentum/Strategy/test_vectorized_backtest.py::test_normal_backtest_with_trades PASSED [ 48%]
tests/momentum/Strategy/test_vectorized_backtest.py::test_normal_backtest_metrics_calculated PASSED [ 48%]
tests/momentum/Strategy/test_vectorized_backtest.py::test_empty_prices PASSED [ 48%]
tests/momentum/Strategy/test_vectorized_backtest.py::test_single_bar_prices PASSED [ 48%]
tests/momentum/Strategy/test_vectorized_backtest.py::test_zero_proba_no_signals PASSED [ 48%]
tests/momentum/Strategy/test_vectorized_backtest.py::test_all_proba_one_with_cooldown PASSED [ 48%]
tests/momentum/Strategy/test_vectorized_backtest.py::test_threshold_above_one_no_trades PASSED [ 48%]
tests/momentum/Strategy/test_vectorized_backtest.py::test_entry_le_exit_threshold_error PASSED [ 49%]
tests/momentum/Strategy/test_vectorized_backtest.py::test_atr_contains_nan_fallback PASSED [ 49%]
tests/momentum/Strategy/test_vectorized_backtest.py::test_atr_all_zero_signal_exit_only PASSED [ 49%]
tests/momentum/Strategy/test_vectorized_backtest.py::test_high_commission_warning 
-------------------------------- live log call ---------------------------------
05:38:47 [WARNING] High cost: commission=0.08, slippage=0.03
PASSED                                                                   [ 49%]
tests/momentum/Strategy/test_vectorized_backtest.py::test_unclosed_position_at_data_end PASSED [ 49%]
tests/momentum/Strategy/test_vectorized_backtest.py::test_cooldown_exceeds_data_length PASSED [ 49%]
tests/momentum/Strategy/test_vectorized_backtest.py::test_consecutive_stop_losses PASSED [ 49%]
tests/momentum/Strategy/test_vectorized_backtest.py::test_zero_price_error PASSED [ 49%]
tests/momentum/Strategy/test_vectorized_backtest.py::test_mismatched_lengths_error PASSED [ 49%]
tests/momentum/Strategy/test_vectorized_backtest.py::test_position_sizing_integration[kelly] PASSED [ 49%]
tests/momentum/Strategy/test_vectorized_backtest.py::test_position_sizing_integration[fixed] PASSED [ 50%]
tests/momentum/Strategy/test_vectorized_backtest.py::test_position_sizing_integration[probability_scaled] PASSED [ 50%]
tests/momentum/Strategy/test_vectorized_backtest.py::test_take_profit_triggered PASSED [ 50%]
tests/momentum/Strategy/test_vectorized_backtest.py::test_stop_loss_triggered PASSED [ 50%]
tests/momentum/Strategy/test_vectorized_backtest.py::test_trailing_stop_triggered PASSED [ 50%]
tests/momentum/Strategy/test_vectorized_backtest.py::test_signal_exit_triggered PASSED [ 50%]
tests/momentum/Strategy/test_vectorized_backtest.py::test_commission_slippage_deduction PASSED [ 50%]
tests/momentum/Strategy/test_vectorized_backtest.py::test_backtest_performance_benchmark PASSED [ 50%]
tests/momentum/Strategy/test_vectorized_backtest.py::test_negative_commission_or_slippage_error PASSED [ 50%]
tests/momentum/Strategy/test_vectorized_backtest.py::test_apply_cooldown_single_signal_branch PASSED [ 50%]
tests/momentum/Strategy/test_vectorized_backtest.py::test_validate_inputs_missing_columns_error PASSED [ 50%]
tests/momentum/Strategy/test_vectorized_backtest.py::test_validate_inputs_atr_length_mismatch_error PASSED [ 51%]
tests/momentum/Strategy/test_vectorized_backtest.py::test_calculate_equity_curve_without_timestamp_column PASSED [ 51%]
tests/momentum/Strategy/test_vectorized_backtest.py::test_calculate_equity_curve_skip_unknown_timestamp_exit PASSED [ 51%]
tests/momentum/core/test_alignment_contract.py::test_alignment_spec_fields PASSED [ 51%]
tests/momentum/core/test_alignment_contract.py::test_validate_alignment_passes_datetime_axis_with_bar_ordinal_oracle PASSED [ 51%]
tests/momentum/core/test_alignment_contract.py::test_validate_alignment_accepts_int64_epoch_seconds PASSED [ 51%]
tests/momentum/core/test_alignment_contract.py::test_validate_alignment_gap_counts_but_passes_cadence PASSED [ 51%]
tests/momentum/core/test_alignment_contract.py::test_validate_alignment_gap_boundary_single_point_mismatch_raises PASSED [ 51%]
tests/momentum/core/test_alignment_contract.py::test_validate_alignment_m1_shifted_label_raises PASSED [ 51%]
tests/momentum/core/test_alignment_contract.py::test_validate_alignment_m1_single_point_misalignment_raises PASSED [ 51%]
tests/momentum/core/test_alignment_contract.py::test_validate_alignment_low_label_coverage_raises PASSED [ 52%]
tests/momentum/core/test_alignment_contract.py::test_validate_alignment_missing_close_positions_skip_oracle PASSED [ 52%]
tests/momentum/core/test_alignment_contract.py::test_validate_alignment_m3_rangeindex_raises PASSED [ 52%]
tests/momentum/core/test_alignment_contract.py::test_validate_alignment_m4_wrong_frequency_raises PASSED [ 52%]
tests/momentum/core/test_alignment_contract.py::test_validate_alignment_lag_zero_passes_without_trailing_nan PASSED [ 52%]
tests/momentum/core/test_alignment_contract.py::test_validate_alignment_millisecond_index_raises PASSED [ 52%]
tests/momentum/core/test_alignment_contract.py::test_alignment_spec_rejects_negative_lag PASSED [ 52%]
tests/momentum/core/test_alignment_contract.py::test_alignment_spec_rejects_invalid_freq PASSED [ 52%]
tests/momentum/core/test_alignment_contract.py::test_validate_alignment_simple_return_oracle_passes PASSED [ 52%]
tests/momentum/core/test_alignment_contract.py::test_validate_alignment_simple_return_shifted_raises PASSED [ 52%]
tests/momentum/core/test_alignment_contract.py::test_validate_alignment_cross_kind_mismatch_raises PASSED [ 52%]
tests/momentum/core/test_alignment_contract.py::test_validate_alignment_unsupported_return_kind_fail_closed PASSED [ 53%]
tests/momentum/core/test_eval_status.py::test_only_explicit_evaluated_ranked PASSED [ 53%]
tests/momentum/core/test_eval_status.py::test_legacy_not_counted PASSED  [ 53%]
tests/momentum/core/test_rowmask_contract.py::test_rowmask_roundtrip PASSED [ 53%]
tests/momentum/core/test_rowmask_contract.py::test_rowmask_requires_index_kind PASSED [ 53%]
tests/momentum/core/test_rowmask_contract.py::test_rowmask_all_false_has_zero_selected PASSED [ 53%]
tests/momentum/core/test_rowmask_contract.py::test_rowmask_length_mismatch_raises PASSED [ 53%]
tests/momentum/core/test_scope_contract.py::test_selection_scope_fields PASSED [ 53%]
tests/momentum/core/test_scope_contract.py::test_scope_n_tests_matches_evaluated PASSED [ 53%]
tests/momentum/core/test_scope_contract.py::test_scope_rejects_evaluated_outside_universe PASSED [ 53%]
tests/momentum/core/test_scope_contract.py::test_scope_rejects_n_tests_mismatch PASSED [ 54%]
tests/momentum/core/test_scope_contract.py::test_scope_accepts_full_split_label PASSED [ 54%]
tests/momentum/core/test_scope_contract.py::test_scope_rejects_unknown_split_label PASSED [ 54%]
tests/momentum/core/test_split_contract.py::test_splitplan_fields PASSED [ 54%]
tests/momentum/core/test_split_contract.py::test_splitplan_requires_base_universe_hash PASSED [ 54%]
tests/momentum/core/test_split_contract.py::test_splitplan_allows_empty_row_index PASSED [ 54%]
tests/momentum/core/test_split_contract.py::test_splitplan_rejects_purge_gap_covering_segment PASSED [ 54%]
tests/momentum/core/test_split_contract.py::test_splitplan_rejects_invalid_index_kind PASSED [ 54%]
tests/momentum/core/test_split_contract.py::test_cross_symbol_purge_blocked PASSED [ 54%]
tests/momentum/core/test_split_contract.py::test_sorted_grouped_but_multi_symbol_blocked PASSED [ 54%]
tests/momentum/core/test_split_contract.py::test_single_symbol_gap_blocked PASSED [ 54%]
tests/momentum/core/test_split_contract.py::test_unsorted_dup_ts_blocked PASSED [ 55%]
tests/momentum/core/test_split_contract.py::test_single_symbol_positive_symbol_purity_is_one PASSED [ 55%]
tests/momentum/core/test_split_contract.py::test_l1_rows_purge_requires_expected_freq PASSED [ 55%]
tests/momentum/core/test_split_contract.py::test_l2_pair_integrity_blocks_train_inside_test_embargo PASSED [ 55%]
tests/momentum/core/test_split_contract.py::test_l2_interleaved_multisymbol_local_ordinal PASSED [ 55%]
tests/momentum/core/test_split_contract.py::test_l2_interleaved_multisymbol_far_train_passes PASSED [ 55%]
tests/momentum/core/test_split_contract.py::test_l3_empty_row_index_still_requires_symbol PASSED [ 55%]
tests/momentum/core/test_split_contract.py::test_l4_nan_symbol_group_fails_closed PASSED [ 55%]
tests/momentum/core/test_split_contract.py::test_l4_pandas_na_repr_fails_closed PASSED [ 55%]
tests/momentum/core/test_split_contract.py::test_l4_bytes_symbol_decodes_before_purity_check PASSED [ 55%]
tests/momentum/core/test_split_contract.py::test_l4_string_sentinel_symbols_fail_closed[nan] PASSED [ 56%]
tests/momentum/core/test_split_contract.py::test_l4_string_sentinel_symbols_fail_closed[NaN] PASSED [ 56%]
tests/momentum/core/test_split_contract.py::test_l4_string_sentinel_symbols_fail_closed[null] PASSED [ 56%]
tests/momentum/core/test_split_contract.py::test_l4_string_sentinel_symbols_fail_closed[None] PASSED [ 56%]
tests/momentum/core/test_split_contract.py::test_l4_string_sentinel_symbols_fail_closed[na] PASSED [ 56%]
tests/momentum/core/test_split_contract.py::test_l4_string_sentinel_symbols_fail_closed[n/a] PASSED [ 56%]
tests/momentum/core/test_split_contract.py::test_l4_string_sentinel_symbols_fail_closed[   ] PASSED [ 56%]
tests/momentum/core/test_split_contract.py::test_l4_normal_symbol_with_whitespace_normalizes PASSED [ 56%]
tests/momentum/core/test_split_contract.py::test_l4_allowlist_rejects_unknown_symbol PASSED [ 56%]
tests/momentum/core/test_split_contract.py::test_l4_allowlist_accepts_known PASSED [ 56%]
tests/momentum/test_case_shap.py::test_case_shap_explain_single_and_batch PASSED [ 57%]
tests/momentum/test_case_shap.py::test_case_shap_input_errors PASSED     [ 57%]
tests/momentum/test_case_shap.py::test_case_shap_predict_scores_branches PASSED [ 57%]
tests/momentum/test_case_shap.py::test_case_shap_load_shap_error PASSED  [ 57%]
tests/momentum/test_coverage_analyzer.py::test_time_coverage_and_effective_start PASSED [ 57%]
tests/momentum/test_coverage_analyzer.py::test_empty_series_outputs_nan_and_negative_start PASSED [ 57%]
tests/momentum/test_coverage_analyzer.py::test_effective_start_all_nan PASSED [ 57%]
tests/momentum/test_coverage_analyzer.py::test_compute_all_and_flag_low_coverage PASSED [ 57%]
tests/momentum/test_coverage_analyzer.py::test_flag_low_coverage_skips_nan PASSED [ 57%]
tests/momentum/test_coverage_analyzer.py::test_compute_symbol_coverage_matrix PASSED [ 57%]
tests/momentum/test_coverage_analyzer.py::test_compute_symbol_coverage_matrix_missing_symbol_file 
-------------------------------- live log call ---------------------------------
05:38:48 [WARNING] Coverage matrix feature file not found: /private/var/folders/_c/3xdf41hd3tvgxpx63mrml2c00000gn/T/pytest-of-louis/pytest-188/test_compute_symbol_coverage_m1/features/SOLUSDT_12h_factory.h5
PASSED                                                                   [ 57%]
tests/momentum/test_cv_validator.py::test_time_series_split_order PASSED [ 58%]
tests/momentum/test_cv_validator.py::test_cv_validate_outputs PASSED     [ 58%]
tests/momentum/test_cv_validator.py::test_cv_validator_input_errors PASSED [ 58%]
tests/momentum/test_cv_validator.py::test_time_series_split_errors PASSED [ 58%]
tests/momentum/test_cv_validator.py::test_sort_by_index_and_get_oot_result PASSED [ 58%]
tests/momentum/test_cv_validator.py::test_predict_scores_and_auc_branches 
-------------------------------- live log call ---------------------------------
05:38:48 [WARNING] AUC 計算失敗: fail
PASSED                                                                   [ 58%]
tests/momentum/test_cv_validator.py::test_validate_single_class_outputs 
-------------------------------- live log call ---------------------------------
05:38:48 [WARNING] AUC 計算跳過: y 僅單一類別
05:38:48 [WARNING] AUC 計算跳過: y 僅單一類別
05:38:48 [WARNING] AUC 計算跳過: y 僅單一類別
PASSED                                                                   [ 58%]
tests/momentum/test_data_preprocessor.py::test_preprocess_handles_winsorize_missing_and_constant 
-------------------------------- live log call ---------------------------------
05:38:48 [INFO] Data preprocessing complete: columns=2
PASSED                                                                   [ 58%]
tests/momentum/test_data_preprocessor.py::test_preprocess_empty_df_raises PASSED [ 58%]
tests/momentum/test_data_preprocessor.py::test_winsorize_methods_and_type_feature_skip PASSED [ 58%]
tests/momentum/test_data_preprocessor.py::test_standardize_methods_and_unknown PASSED [ 59%]
tests/momentum/test_data_preprocessor.py::test_clip_series_unknown_method_raises PASSED [ 59%]
tests/momentum/test_data_preprocessor.py::test_is_type_feature_empty_false PASSED [ 59%]
tests/momentum/test_entropy_indicators.py::test_entropy_compute_all_feature_count_and_prefix PASSED [ 59%]
tests/momentum/test_entropy_indicators.py::test_entropy_metadata_complete PASSED [ 59%]
tests/momentum/test_entropy_indicators.py::test_entropy_insufficient_data PASSED [ 59%]
tests/momentum/test_entropy_indicators.py::test_entropy_constant_returns PASSED [ 59%]
tests/momentum/test_entropy_indicators.py::test_entropy_zero_variance PASSED [ 59%]
tests/momentum/test_entropy_indicators.py::test_entropy_many_nans 
-------------------------------- live log call ---------------------------------
05:38:49 [WARNING] Entropy source close_return has >50% NaN
PASSED                                                                   [ 59%]
tests/momentum/test_entropy_indicators.py::test_entropy_extreme_returns PASSED [ 59%]
tests/momentum/test_entropy_indicators.py::test_hurst_low_r_squared PASSED [ 59%]
tests/momentum/test_entropy_indicators.py::test_entropy_missing_column 
-------------------------------- live log call ---------------------------------
05:38:51 [WARNING] Entropy source missing: not_exist
PASSED                                                                   [ 60%]
tests/momentum/test_entropy_indicators.py::test_perm_entropy_m_exceeds_window PASSED [ 60%]
tests/momentum/test_entropy_indicators.py::test_perm_entropy_constant_values PASSED [ 60%]
tests/momentum/test_entropy_indicators.py::test_perm_entropy_invalid_m PASSED [ 60%]
tests/momentum/test_event_filter.py::test_apply_filter_query_simple PASSED [ 60%]
tests/momentum/test_event_filter.py::test_apply_filter_query_complex 
-------------------------------- live log call ---------------------------------
05:38:52 [WARNING] Insufficient events: n=2
PASSED                                                                   [ 60%]
tests/momentum/test_event_filter.py::test_validate_query_rejects_exec_and_unknown_column PASSED [ 60%]
tests/momentum/test_event_filter.py::test_timestamps_mode_and_insufficient_tier 
-------------------------------- live log call ---------------------------------
05:38:52 [WARNING] Insufficient events: n=2
PASSED                                                                   [ 60%]
tests/momentum/test_event_filter.py::test_apply_filter_requires_df PASSED [ 60%]
tests/momentum/test_event_filter.py::test_apply_filter_invalid_query_eval_error 
-------------------------------- live log call ---------------------------------
05:38:52 [ERROR] Query evaluation failed: boom
Traceback (most recent call last):
  File "/Users/louis/Desktop/quantitative_trading_system/momentum/Analysis/event_filter.py", line 76, in apply_filter
    mask = df.eval(query, engine="python")
  File "/Users/louis/Desktop/quantitative_trading_system/tests/momentum/test_event_filter.py", line 86, in _raise
    raise ValueError("boom")
ValueError: boom
PASSED                                                                   [ 60%]
tests/momentum/test_event_filter.py::test_apply_filter_invalid_query_mask PASSED [ 61%]
tests/momentum/test_event_filter.py::test_timestamps_mode_uses_index_when_no_column PASSED [ 61%]
tests/momentum/test_event_filter.py::test_check_sample_size_tiers PASSED [ 61%]
tests/momentum/test_event_filter.py::test_timestamps_mode_uses_timestamp_column PASSED [ 61%]
tests/momentum/test_event_filter.py::test_validate_query_length_limit PASSED [ 61%]
tests/momentum/test_event_filter.py::test_validate_query_rejects_dunder_column PASSED [ 61%]
tests/momentum/test_event_filter.py::test_validate_query_allows_keywords_and_columns PASSED [ 61%]
tests/momentum/test_event_filter.py::test_validate_query_allows_uppercase_keywords_and_columns PASSED [ 61%]
tests/momentum/test_event_filter.py::test_validate_query_column_continue_branch PASSED [ 61%]
tests/momentum/test_event_filter.py::test_validate_query_columns_contains_called PASSED [ 61%]
tests/momentum/test_event_filter.py::test_validate_query_columns_always_true_branch PASSED [ 61%]
tests/momentum/test_export_formats.py::test_summary_csv_columns_match_spec PASSED [ 62%]
tests/momentum/test_export_formats.py::test_summary_csv_utf8_bom PASSED  [ 62%]
tests/momentum/test_export_formats.py::test_detailed_csv_factor_return_format PASSED [ 62%]
tests/momentum/test_export_formats.py::test_detailed_csv_all_modules PASSED [ 62%]
tests/momentum/test_export_formats.py::test_ai_json_has_interpretation_guide PASSED [ 62%]
tests/momentum/test_export_formats.py::test_ai_json_key_findings_auto_generated PASSED [ 62%]
tests/momentum/test_export_formats.py::test_ai_json_token_count_under_4k PASSED [ 62%]
tests/momentum/test_export_formats.py::test_enhanced_markdown_has_top10_table PASSED [ 62%]
tests/momentum/test_export_formats.py::test_enhanced_markdown_risk_warnings PASSED [ 62%]
tests/momentum/test_export_formats.py::test_export_all_creates_all_files PASSED [ 62%]
tests/momentum/test_export_formats.py::test_deep_analysis_disabled_csv_basic_only PASSED [ 63%]
tests/momentum/test_factories.py::test_create_ic_split_adapter_forwards_allowed_symbols PASSED [ 63%]
tests/momentum/test_factories.py::test_create_ic_split_adapter_preserves_empty_allowed_symbols PASSED [ 63%]
tests/momentum/test_feature_extractor.py::test_feature_extraction_ema_strategy 
-------------------------------- live log call ---------------------------------
05:38:52 [INFO] 開始提取特徵 - 策略: ema_three_line, 數據行數: 322
05:38:52 [INFO] 提取價格特徵: 8 個
05:38:52 [INFO] 提取成交量特徵: 6 個
05:38:52 [INFO] 使用數據源 'close' 計算 EMA 特徵
05:38:52 [INFO] 提取 ema_three_line 策略特徵: 14 個 (數據源: close)
05:38:52 [INFO] 提取信號特徵: 3 個
05:38:52 [INFO] 特徵提取完成 - 總共 31 個特徵
PASSED                                                                   [ 63%]
tests/momentum/test_feature_extractor.py::test_feature_no_nan_inf 
-------------------------------- live log call ---------------------------------
05:38:52 [INFO] 開始提取特徵 - 策略: ema_three_line, 數據行數: 322
05:38:52 [INFO] 提取價格特徵: 8 個
05:38:52 [INFO] 提取成交量特徵: 6 個
05:38:52 [INFO] 使用數據源 'close' 計算 EMA 特徵
05:38:52 [INFO] 提取 ema_three_line 策略特徵: 14 個 (數據源: close)
05:38:52 [INFO] 提取信號特徵: 3 個
05:38:52 [INFO] 特徵提取完成 - 總共 31 個特徵
PASSED                                                                   [ 63%]
tests/momentum/test_feature_extractor.py::test_dynamic_feature_generation 
-------------------------------- live log call ---------------------------------
05:38:52 [INFO] 開始提取特徵 - 策略: ema_three_line, 數據行數: 322
05:38:52 [INFO] 使用數據源 'close' 計算 EMA 特徵
05:38:52 [INFO] 提取 ema_three_line 策略特徵: 14 個 (數據源: close)
05:38:52 [INFO] 提取信號特徵: 3 個
05:38:52 [INFO] 特徵提取完成 - 總共 17 個特徵
05:38:52 [INFO] 開始提取特徵 - 策略: ema_three_line, 數據行數: 322
05:38:52 [INFO] 使用數據源 'close' 計算 EMA 特徵
05:38:52 [INFO] 提取 ema_three_line 策略特徵: 14 個 (數據源: close)
05:38:52 [INFO] 提取信號特徵: 3 個
05:38:52 [INFO] 特徵提取完成 - 總共 17 個特徵
05:38:52 [INFO] 開始提取特徵 - 策略: ema_three_line, 數據行數: 322
05:38:52 [INFO] 使用數據源 'volume' 計算 EMA 特徵
05:38:52 [INFO] 提取 ema_three_line 策略特徵: 14 個 (數據源: volume)
05:38:52 [INFO] 提取信號特徵: 3 個
05:38:52 [INFO] 特徵提取完成 - 總共 17 個特徵
PASSED                                                                   [ 63%]
tests/momentum/test_feature_extractor.py::test_edge_case_empty_data PASSED [ 63%]
tests/momentum/test_feature_extractor.py::test_edge_case_missing_columns PASSED [ 63%]
tests/momentum/test_feature_extractor.py::test_edge_case_invalid_strategy_params PASSED [ 63%]
tests/momentum/test_feature_extractor.py::test_multi_indicator_strategy 
-------------------------------- live log call ---------------------------------
05:38:52 [INFO] 開始提取特徵 - 策略: ema_three_line, 數據行數: 322
05:38:52 [INFO] 使用數據源 'close' 計算 EMA 特徵
05:38:52 [INFO] 提取 ema_three_line 策略特徵: 14 個 (數據源: close)
05:38:52 [INFO] 提取信號特徵: 3 個
05:38:52 [INFO] 特徵提取完成 - 總共 17 個特徵
05:38:52 [INFO] 開始提取特徵 - 策略: rsi, 數據行數: 322
05:38:52 [INFO] 使用數據源 'close' 計算 RSI 特徵
05:38:52 [INFO] 提取 rsi 策略特徵: 4 個 (數據源: close)
05:38:52 [INFO] 特徵提取完成 - 總共 4 個特徵
05:38:52 [INFO] 開始提取特徵 - 策略: macd, 數據行數: 322
05:38:52 [INFO] 使用數據源 'close' 計算 MACD 特徵
05:38:52 [INFO] 提取 macd 策略特徵: 4 個 (數據源: close)
05:38:52 [INFO] 特徵提取完成 - 總共 4 個特徵
PASSED                                                                   [ 63%]
tests/momentum/test_feature_factory_optimization_e2e.py::test_pipeline_with_microstructure 
-------------------------------- live log call ---------------------------------
05:38:52 [INFO] KlineStorageManager initialized: data_cache/feature_klines/kline_cache.h5
05:38:52 [INFO] Registered adapter: crypto_spot
05:38:52 [INFO] KlineStorageManager initialized: data_cache/feature_klines/kline_cache.h5
05:38:52 [INFO] Read 1696 klines from BTCUSDT/12h in 0.004s
05:38:52 [INFO] [CGSA] Initialized ColumnGroupRegistry at /private/var/folders/_c/3xdf41hd3tvgxpx63mrml2c00000gn/T/pytest-of-louis/pytest-188/test_pipeline_with_microstruct0/cgsa (tier=8gb, buffer_groups=0)
05:38:52 [INFO] Fetching spot data: BTCUSDT/12h
05:38:52 [INFO] Read 1696 klines from BTCUSDT/12h in 0.003s
05:38:52 [INFO] Aligned data for BTCUSDT/12h: 1696 rows, 10 columns
05:38:52 [INFO] [Layer 1] 0% - Starting Layer 1...
05:38:52 [INFO] Layer 1 starting, rss=537MB
05:38:52 [WARNING] trades missing, large trade ratio set to NaN
05:38:52 [INFO] [Layer 1] 100% - Layer 1 completed: 25 features
05:38:52 [INFO] Layer 1 done: 25 cols, status=ok, rss=537MB
05:38:52 [INFO] [Layer 2] 0% - Starting Layer 2...
05:38:52 [INFO] Layer 2 starting, rss=537MB
05:38:52 [INFO] [L2] Starting derived features: 25 L1 cols
05:38:52 [INFO] [L2] Completed: 0 cols in 0.04s
05:38:52 [INFO] [Layer 2] 100% - Layer 2 completed: 0 features
05:38:52 [INFO] Layer 2 done: 0 cols, status=empty_not_applicable, rss=544MB
05:38:52 [INFO] [Layer 3] 0% - Starting Layer 3...
05:38:52 [INFO] Layer 3 starting, rss=544MB
05:38:52 [INFO] [L3] streaming persist (mode=streaming) complete: 0 cols persisted in 0 groups
05:38:52 [INFO] [Layer 3] 100% - Layer 3 completed: 0 features
05:38:52 [INFO] Layer 3 done: 0 cols, status=offloaded_to_registry, rss=544MB
05:38:52 [INFO] [Layer 4] 0% - Starting Layer 4...
05:38:52 [INFO] Layer 4 starting, rss=544MB
05:38:52 [INFO] [Layer 4] 100% - Layer 4 completed: 0 features
05:38:52 [INFO] Layer 4 done: 0 cols, status=empty_not_applicable, rss=544MB
05:38:52 [INFO] [Layer 5] 0% - Starting Layer 5...
05:38:52 [INFO] Layer 5 starting, rss=544MB
05:38:52 [INFO] [Layer 5] 100% - Layer 5 completed: 0 features
05:38:52 [INFO] Layer 5 done: 0 cols, status=empty_disabled, rss=544MB
05:38:52 [INFO] [Layer 6] 0% - Starting Layer 6...
05:38:52 [INFO] Layer 6 starting, rss=544MB
05:38:52 [INFO] [Layer 6] 100% - Layer 6 completed: 0 features
05:38:52 [INFO] Layer 6 done: 0 cols, status=empty_disabled, rss=544MB
05:38:52 [WARNING] [L7][CGSA] Group 12h_L1_large_trade_ratio NaN ratio=1.0000 exceeds 0.90
05:38:52 [INFO] [L7][CGSA] Quality summary: inf_count=0, coverage=0.8707, non_nan=36918/42400
PASSED                                                                   [ 64%]
tests/momentum/test_feature_factory_optimization_e2e.py::test_pipeline_with_entropy 
-------------------------------- live log call ---------------------------------
05:38:52 [INFO] KlineStorageManager initialized: data_cache/feature_klines/kline_cache.h5
05:38:52 [INFO] Registered adapter: crypto_spot
05:38:53 [INFO] [CGSA] Initialized ColumnGroupRegistry at /private/var/folders/_c/3xdf41hd3tvgxpx63mrml2c00000gn/T/pytest-of-louis/pytest-188/test_pipeline_with_entropy0/cgsa (tier=8gb, buffer_groups=0)
05:38:53 [INFO] Fetching spot data: BTCUSDT/12h
05:38:53 [INFO] Read 1696 klines from BTCUSDT/12h in 0.003s
05:38:53 [INFO] Aligned data for BTCUSDT/12h: 1696 rows, 10 columns
05:38:53 [INFO] [Layer 1] 0% - Starting Layer 1...
05:38:53 [INFO] Layer 1 starting, rss=544MB
05:38:58 [INFO] [Layer 1] 100% - Layer 1 completed: 21 features
05:38:58 [INFO] Layer 1 done: 21 cols, status=ok, rss=544MB
05:38:58 [INFO] [Layer 2] 0% - Starting Layer 2...
05:38:58 [INFO] Layer 2 starting, rss=544MB
05:38:58 [INFO] [L2] Starting derived features: 21 L1 cols
05:38:58 [INFO] [L2] Completed: 0 cols in 0.00s
05:38:58 [INFO] [Layer 2] 100% - Layer 2 completed: 0 features
05:38:58 [INFO] Layer 2 done: 0 cols, status=empty_not_applicable, rss=545MB
05:38:58 [INFO] [Layer 3] 0% - Starting Layer 3...
05:38:58 [INFO] Layer 3 starting, rss=545MB
05:38:58 [INFO] [L3] streaming persist (mode=streaming) complete: 0 cols persisted in 0 groups
05:38:58 [INFO] [Layer 3] 100% - Layer 3 completed: 0 features
05:38:58 [INFO] Layer 3 done: 0 cols, status=offloaded_to_registry, rss=545MB
05:38:58 [INFO] [Layer 4] 0% - Starting Layer 4...
05:38:58 [INFO] Layer 4 starting, rss=545MB
05:38:58 [INFO] [Layer 4] 100% - Layer 4 completed: 0 features
05:38:58 [INFO] Layer 4 done: 0 cols, status=empty_not_applicable, rss=545MB
05:38:58 [INFO] [Layer 5] 0% - Starting Layer 5...
05:38:58 [INFO] Layer 5 starting, rss=545MB
05:38:58 [INFO] [Layer 5] 100% - Layer 5 completed: 0 features
05:38:58 [INFO] Layer 5 done: 0 cols, status=empty_disabled, rss=545MB
05:38:58 [INFO] [Layer 6] 0% - Starting Layer 6...
05:38:58 [INFO] Layer 6 starting, rss=545MB
05:38:58 [INFO] [Layer 6] 100% - Layer 6 completed: 0 features
05:38:58 [INFO] Layer 6 done: 0 cols, status=empty_disabled, rss=545MB
05:38:58 [INFO] [L7][CGSA] Quality summary: inf_count=0, coverage=0.9543, non_nan=33987/35616
PASSED                                                                   [ 64%]
tests/momentum/test_feature_factory_optimization_e2e.py::test_pipeline_with_tail_risk 
-------------------------------- live log call ---------------------------------
05:38:58 [INFO] KlineStorageManager initialized: data_cache/feature_klines/kline_cache.h5
05:38:58 [INFO] Registered adapter: crypto_spot
05:38:58 [INFO] [CGSA] Initialized ColumnGroupRegistry at /private/var/folders/_c/3xdf41hd3tvgxpx63mrml2c00000gn/T/pytest-of-louis/pytest-188/test_pipeline_with_tail_risk0/cgsa (tier=8gb, buffer_groups=0)
05:38:58 [INFO] Fetching spot data: BTCUSDT/12h
05:38:58 [INFO] Read 1696 klines from BTCUSDT/12h in 0.003s
05:38:58 [INFO] Aligned data for BTCUSDT/12h: 1696 rows, 10 columns
05:38:58 [INFO] [Layer 1] 0% - Starting Layer 1...
05:38:58 [INFO] Layer 1 starting, rss=545MB
05:38:59 [INFO] [Layer 1] 100% - Layer 1 completed: 26 features
05:38:59 [INFO] Layer 1 done: 26 cols, status=ok, rss=545MB
05:38:59 [INFO] [Layer 2] 0% - Starting Layer 2...
05:38:59 [INFO] Layer 2 starting, rss=545MB
05:38:59 [INFO] [L2] Starting derived features: 26 L1 cols
05:38:59 [INFO] [L2] Completed: 0 cols in 0.00s
05:38:59 [INFO] [Layer 2] 100% - Layer 2 completed: 0 features
05:38:59 [INFO] Layer 2 done: 0 cols, status=empty_not_applicable, rss=545MB
05:38:59 [INFO] [Layer 3] 0% - Starting Layer 3...
05:38:59 [INFO] Layer 3 starting, rss=545MB
05:38:59 [INFO] [L3] streaming persist (mode=streaming) complete: 0 cols persisted in 0 groups
05:38:59 [INFO] [Layer 3] 100% - Layer 3 completed: 0 features
05:38:59 [INFO] Layer 3 done: 0 cols, status=offloaded_to_registry, rss=545MB
05:38:59 [INFO] [Layer 4] 0% - Starting Layer 4...
05:38:59 [INFO] Layer 4 starting, rss=545MB
05:38:59 [INFO] [Layer 4] 100% - Layer 4 completed: 0 features
05:38:59 [INFO] Layer 4 done: 0 cols, status=empty_not_applicable, rss=545MB
05:38:59 [INFO] [Layer 5] 0% - Starting Layer 5...
05:38:59 [INFO] Layer 5 starting, rss=545MB
05:38:59 [INFO] [Layer 5] 100% - Layer 5 completed: 0 features
05:38:59 [INFO] Layer 5 done: 0 cols, status=empty_disabled, rss=545MB
05:38:59 [INFO] [Layer 6] 0% - Starting Layer 6...
05:38:59 [INFO] Layer 6 starting, rss=545MB
05:38:59 [INFO] [Layer 6] 100% - Layer 6 completed: 0 features
05:38:59 [INFO] Layer 6 done: 0 cols, status=empty_disabled, rss=545MB
05:38:59 [INFO] [L7][CGSA] Quality summary: inf_count=0, coverage=0.9689, non_nan=42726/44096
PASSED                                                                   [ 64%]
tests/momentum/test_feature_factory_optimization_e2e.py::test_pipeline_with_preprocessing 
-------------------------------- live log call ---------------------------------
05:38:59 [INFO] KlineStorageManager initialized: data_cache/feature_klines/kline_cache.h5
05:38:59 [INFO] Registered adapter: crypto_spot
05:38:59 [INFO] [CGSA] Initialized ColumnGroupRegistry at /private/var/folders/_c/3xdf41hd3tvgxpx63mrml2c00000gn/T/pytest-of-louis/pytest-188/test_pipeline_with_preprocessi0/cgsa (tier=8gb, buffer_groups=0)
05:38:59 [INFO] Fetching spot data: BTCUSDT/12h
05:38:59 [INFO] Read 1696 klines from BTCUSDT/12h in 0.003s
05:38:59 [INFO] Aligned data for BTCUSDT/12h: 1696 rows, 10 columns
05:38:59 [INFO] [Layer 1] 0% - Starting Layer 1...
05:38:59 [INFO] Layer 1 starting, rss=545MB
05:38:59 [WARNING] trades missing, large trade ratio set to NaN
05:38:59 [INFO] [Layer 1] 100% - Layer 1 completed: 25 features
05:38:59 [INFO] Layer 1 done: 25 cols, status=ok, rss=545MB
05:38:59 [INFO] [Layer 2] 0% - Starting Layer 2...
05:38:59 [INFO] Layer 2 starting, rss=545MB
05:38:59 [INFO] [L2] Starting derived features: 25 L1 cols
05:38:59 [INFO] [L2] Completed: 0 cols in 0.00s
05:38:59 [INFO] [Layer 2] 100% - Layer 2 completed: 0 features
05:38:59 [INFO] Layer 2 done: 0 cols, status=empty_not_applicable, rss=545MB
05:38:59 [INFO] [Layer 3] 0% - Starting Layer 3...
05:38:59 [INFO] Layer 3 starting, rss=545MB
05:38:59 [INFO] [L3] streaming persist (mode=streaming) complete: 0 cols persisted in 0 groups
05:38:59 [INFO] [Layer 3] 100% - Layer 3 completed: 0 features
05:38:59 [INFO] Layer 3 done: 0 cols, status=offloaded_to_registry, rss=545MB
05:38:59 [INFO] [Layer 4] 0% - Starting Layer 4...
05:38:59 [INFO] Layer 4 starting, rss=545MB
05:38:59 [INFO] [Layer 4] 100% - Layer 4 completed: 0 features
05:38:59 [INFO] Layer 4 done: 0 cols, status=empty_not_applicable, rss=545MB
05:38:59 [INFO] [Layer 5] 0% - Starting Layer 5...
05:38:59 [INFO] Layer 5 starting, rss=545MB
05:38:59 [INFO] [Layer 5] 100% - Layer 5 completed: 0 features
05:38:59 [INFO] Layer 5 done: 0 cols, status=empty_disabled, rss=545MB
05:38:59 [INFO] [Layer 6] 0% - Starting Layer 6...
05:38:59 [INFO] Layer 6 starting, rss=545MB
05:38:59 [INFO] [Layer 6] 100% - Layer 6 completed: 0 features
05:38:59 [INFO] Layer 6 done: 0 cols, status=empty_disabled, rss=545MB
05:38:59 [WARNING] [L7][CGSA] Group 12h_L1_large_trade_ratio NaN ratio=1.0000 exceeds 0.90
05:38:59 [INFO] [L7][CGSA] Quality summary: inf_count=0, coverage=0.8707, non_nan=36918/42400
05:38:59 [INFO] [L7_raw] Disk pre-check OK: required=2.00 GiB (safety x1.50), estimated_final=0.00 GiB, reclaimable_npy=0.00 GiB, net_growth=0.00 GiB, max_inflight_part=0.00 GiB, largest_part_source=12h_L1_amihud_illiq, reserve_floor=2.00 GiB, free=58.88 GiB, groups=10
05:38:59 [INFO] [L6.5] raw-sink path uses serial group streaming for disk safety (requested_workers=2)
05:38:59 [INFO] [L6.5] Registry raw-sink config: groups=10 requested_workers=2 effective_workers=1 mode=append use_fast=False can_use_numba_fast=False winsor=True rank=False zscore=False fracdiff=False fracdiff_apply_to=non_stationary fracdiff_layers=['L1', 'L2'] adf=False gaussian=False
05:38:59 [INFO] [L6.5] Raw-sink start: 10 full groups (fast=0, slow=10) + 0 big-group splits → 10 sub-tasks (requested_workers=2, effective_workers=1, split_threshold=2000, slow_chunked=0, max_group_cols=4, schedule=largest_first, rss=545MB)
05:39:00 [INFO] [L6.5] raw-sink heartbeat: tasks 1/10 (10.0%), groups 1/10, elapsed=0.2s, rate=4.63/s, ETA=2s, rss=565MB, last=12h_L1_amihud_illiq (full)
05:39:00 [INFO] [L6.5] raw-sink heartbeat: tasks 2/10 (20.0%), groups 2/10, elapsed=0.3s, rate=6.54/s, ETA=1s, rss=565MB, last=12h_L1_ofi_zscore (full)
05:39:00 [INFO] [L6.5] raw-sink heartbeat: tasks 3/10 (30.0%), groups 3/10, elapsed=0.4s, rate=7.59/s, ETA=1s, rss=565MB, last=12h_L1_cs_spread (full)
05:39:00 [INFO] [L6.5] raw-sink heartbeat: tasks 4/10 (40.0%), groups 4/10, elapsed=0.5s, rate=8.24/s, ETA=1s, rss=565MB, last=12h_L1_kyle_lambda (full)
05:39:00 [INFO] [L6.5] raw-sink heartbeat: tasks 5/10 (50.0%), groups 5/10, elapsed=0.6s, rate=8.75/s, ETA=1s, rss=565MB, last=12h_L1_large_trade_ratio (full)
05:39:00 [INFO] [L6.5] raw-sink heartbeat: tasks 6/10 (60.0%), groups 6/10, elapsed=0.7s, rate=9.09/s, ETA=0s, rss=565MB, last=12h_L1_roll_spread (full)
05:39:00 [INFO] [L6.5] raw-sink heartbeat: tasks 7/10 (70.0%), groups 7/10, elapsed=0.7s, rate=9.35/s, ETA=0s, rss=565MB, last=12h_L1_vpin_zscore (full)
05:39:00 [INFO] [L6.5] raw-sink heartbeat: tasks 8/10 (80.0%), groups 8/10, elapsed=0.8s, rate=9.52/s, ETA=0s, rss=565MB, last=12h_L1_ofi_raw (full)
05:39:00 [INFO] [L6.5] raw-sink heartbeat: tasks 9/10 (90.0%), groups 9/10, elapsed=0.9s, rate=9.69/s, ETA=0s, rss=565MB, last=12h_L1_vpin_30 (full)
05:39:00 [INFO] [L6.5] raw-sink heartbeat: tasks 10/10 (100.0%), groups 10/10, elapsed=1.0s, rate=9.83/s, ETA=0s, rss=565MB, last=12h_L1_vpin_50 (full)
05:39:00 [INFO] [L6.5] raw-sink complete: 10/10 groups in 1.10s rss=565MB
05:39:00 [INFO] [L7 Dead Drop][CGSA] dropped 3 cols across 1 groups (min_valid=100); final features=22
05:39:00 [INFO] [Layer B Sanitize][CGSA] nulled 5482 non-finite/over-cap values (finite_cap=1e+18) across all streamed features
05:39:00 [INFO] [L7_raw] registry stream persist done: symbol=BTCUSDT tf=12h groups=9 features=22 npy_freed=0.00 GiB dtype=mixed
PASSED                                                                   [ 64%]
tests/momentum/test_feature_factory_optimization_e2e.py::test_pipeline_all_new_features 
-------------------------------- live log call ---------------------------------
05:39:00 [INFO] KlineStorageManager initialized: data_cache/feature_klines/kline_cache.h5
05:39:00 [INFO] Registered adapter: crypto_spot
05:39:01 [INFO] [CGSA] Initialized ColumnGroupRegistry at /private/var/folders/_c/3xdf41hd3tvgxpx63mrml2c00000gn/T/pytest-of-louis/pytest-188/test_pipeline_all_new_features0/cgsa (tier=8gb, buffer_groups=0)
05:39:01 [INFO] Fetching spot data: BTCUSDT/12h
05:39:01 [INFO] Read 1696 klines from BTCUSDT/12h in 0.003s
05:39:01 [INFO] Aligned data for BTCUSDT/12h: 1696 rows, 10 columns
05:39:01 [INFO] [Layer 1] 0% - Starting Layer 1...
05:39:01 [INFO] Layer 1 starting, rss=566MB
05:39:01 [WARNING] trades missing, large trade ratio set to NaN
05:39:07 [INFO] [Layer 1] 100% - Layer 1 completed: 72 features
05:39:07 [INFO] Layer 1 done: 72 cols, status=ok, rss=567MB
05:39:07 [INFO] [Layer 2] 0% - Starting Layer 2...
05:39:07 [INFO] Layer 2 starting, rss=567MB
05:39:07 [INFO] [L2] Starting derived features: 72 L1 cols
05:39:07 [INFO] [L2] Completed: 0 cols in 0.00s
05:39:07 [INFO] [Layer 2] 100% - Layer 2 completed: 0 features
05:39:07 [INFO] Layer 2 done: 0 cols, status=empty_not_applicable, rss=567MB
05:39:07 [INFO] [Layer 3] 0% - Starting Layer 3...
05:39:07 [INFO] Layer 3 starting, rss=567MB
05:39:07 [INFO] [L3] streaming persist (mode=streaming) complete: 0 cols persisted in 0 groups
05:39:07 [INFO] [Layer 3] 100% - Layer 3 completed: 0 features
05:39:07 [INFO] Layer 3 done: 0 cols, status=offloaded_to_registry, rss=567MB
05:39:07 [INFO] [Layer 4] 0% - Starting Layer 4...
05:39:07 [INFO] Layer 4 starting, rss=567MB
05:39:07 [INFO] [Layer 4] 100% - Layer 4 completed: 0 features
05:39:07 [INFO] Layer 4 done: 0 cols, status=empty_not_applicable, rss=567MB
05:39:07 [INFO] [Layer 5] 0% - Starting Layer 5...
05:39:07 [INFO] Layer 5 starting, rss=567MB
05:39:07 [INFO] [Layer 5] 100% - Layer 5 completed: 0 features
05:39:07 [INFO] Layer 5 done: 0 cols, status=empty_disabled, rss=567MB
05:39:07 [INFO] [Layer 6] 0% - Starting Layer 6...
05:39:07 [INFO] Layer 6 starting, rss=567MB
05:39:07 [INFO] [Layer 6] 100% - Layer 6 completed: 0 features
05:39:07 [INFO] Layer 6 done: 0 cols, status=empty_disabled, rss=567MB
05:39:07 [WARNING] [L7][CGSA] Group 12h_L1_large_trade_ratio NaN ratio=1.0000 exceeds 0.90
05:39:07 [INFO] [L7][CGSA] Quality summary: inf_count=0, coverage=0.9305, non_nan=113631/122112
05:39:07 [INFO] [L7_raw] Disk pre-check OK: required=2.00 GiB (safety x1.50), estimated_final=0.00 GiB, reclaimable_npy=0.00 GiB, net_growth=0.00 GiB, max_inflight_part=0.00 GiB, largest_part_source=12h_L1_amihud_illiq, reserve_floor=2.00 GiB, free=58.87 GiB, groups=40
05:39:07 [INFO] [L6.5] raw-sink path uses serial group streaming for disk safety (requested_workers=2)
05:39:07 [INFO] [L6.5] Registry raw-sink config: groups=40 requested_workers=2 effective_workers=1 mode=append use_fast=False can_use_numba_fast=False winsor=True rank=False zscore=False fracdiff=False fracdiff_apply_to=non_stationary fracdiff_layers=['L1', 'L2'] adf=False gaussian=False
05:39:07 [INFO] [L6.5] Raw-sink start: 40 full groups (fast=0, slow=40) + 0 big-group splits → 40 sub-tasks (requested_workers=2, effective_workers=1, split_threshold=2000, slow_chunked=0, max_group_cols=4, schedule=largest_first, rss=567MB)
05:39:07 [INFO] [L6.5] raw-sink heartbeat: tasks 2/40 (5.0%), groups 2/40, elapsed=0.1s, rate=20.42/s, ETA=2s, rss=567MB, last=12h_L1_ofi_zscore (full)
05:39:07 [INFO] [L6.5] raw-sink heartbeat: tasks 4/40 (10.0%), groups 4/40, elapsed=0.3s, rate=14.56/s, ETA=2s, rss=567MB, last=12h_L1_cvar_1pct (full)
05:39:08 [INFO] [L6.5] raw-sink heartbeat: tasks 6/40 (15.0%), groups 6/40, elapsed=0.5s, rate=13.25/s, ETA=3s, rss=567MB, last=12h_L1_kyle_lambda (full)
05:39:08 [INFO] [L6.5] raw-sink heartbeat: tasks 8/40 (20.0%), groups 8/40, elapsed=0.6s, rate=12.79/s, ETA=3s, rss=567MB, last=12h_L1_roll_spread (full)
05:39:08 [INFO] [L6.5] raw-sink heartbeat: tasks 10/40 (25.0%), groups 10/40, elapsed=0.8s, rate=12.47/s, ETA=2s, rss=567MB, last=12h_L1_rv_up (full)
05:39:08 [INFO] [L6.5] raw-sink heartbeat: tasks 12/40 (30.0%), groups 12/40, elapsed=1.0s, rate=12.28/s, ETA=2s, rss=567MB, last=12h_L1_shannon_taker_ratio (full)
05:39:08 [INFO] [L6.5] raw-sink heartbeat: tasks 14/40 (35.0%), groups 14/40, elapsed=1.2s, rate=12.11/s, ETA=2s, rss=567MB, last=12h_L1_ud_vol_ratio (full)
05:39:08 [INFO] [L6.5] raw-sink heartbeat: tasks 16/40 (40.0%), groups 16/40, elapsed=1.3s, rate=12.01/s, ETA=2s, rss=567MB, last=12h_L1_vpin_zscore (full)
05:39:09 [INFO] [L6.5] raw-sink heartbeat: tasks 18/40 (45.0%), groups 18/40, elapsed=1.5s, rate=11.95/s, ETA=2s, rss=567MB, last=12h_L1_apen_55 (full)
05:39:09 [INFO] [L6.5] raw-sink heartbeat: tasks 20/40 (50.0%), groups 20/40, elapsed=1.7s, rate=11.89/s, ETA=2s, rss=567MB, last=12h_L1_gpr_21 (full)
05:39:09 [INFO] [L6.5] raw-sink heartbeat: tasks 22/40 (55.0%), groups 22/40, elapsed=1.9s, rate=11.86/s, ETA=2s, rss=567MB, last=12h_L1_hurst_100 (full)
05:39:09 [INFO] [L6.5] raw-sink heartbeat: tasks 24/40 (60.0%), groups 24/40, elapsed=2.0s, rate=11.84/s, ETA=1s, rss=567MB, last=12h_L1_hurst_55 (full)
05:39:09 [INFO] [L6.5] raw-sink heartbeat: tasks 26/40 (65.0%), groups 26/40, elapsed=2.2s, rate=11.81/s, ETA=1s, rss=567MB, last=12h_L1_jb_55 (full)
05:39:09 [INFO] [L6.5] raw-sink heartbeat: tasks 28/40 (70.0%), groups 28/40, elapsed=2.4s, rate=11.79/s, ETA=1s, rss=567MB, last=12h_L1_mdd_21 (full)
05:39:10 [INFO] [L6.5] raw-sink heartbeat: tasks 30/40 (75.0%), groups 30/40, elapsed=2.5s, rate=11.77/s, ETA=1s, rss=567MB, last=12h_L1_ofi_raw (full)
05:39:10 [INFO] [L6.5] raw-sink heartbeat: tasks 32/40 (80.0%), groups 32/40, elapsed=2.7s, rate=11.74/s, ETA=1s, rss=567MB, last=12h_L1_perm_21 (full)
05:39:10 [INFO] [L6.5] raw-sink heartbeat: tasks 34/40 (85.0%), groups 34/40, elapsed=2.9s, rate=11.72/s, ETA=1s, rss=567MB, last=12h_L1_rsj_13 (full)
05:39:10 [INFO] [L6.5] raw-sink heartbeat: tasks 36/40 (90.0%), groups 36/40, elapsed=3.1s, rate=11.70/s, ETA=0s, rss=567MB, last=12h_L1_rsj_55 (full)
05:39:10 [INFO] [L6.5] raw-sink heartbeat: tasks 38/40 (95.0%), groups 38/40, elapsed=3.3s, rate=11.69/s, ETA=0s, rss=567MB, last=12h_L1_sampen_55 (full)
05:39:10 [INFO] [L6.5] raw-sink heartbeat: tasks 40/40 (100.0%), groups 40/40, elapsed=3.4s, rate=11.67/s, ETA=0s, rss=567MB, last=12h_L1_vpin_50 (full)
05:39:11 [INFO] [L6.5] raw-sink complete: 40/40 groups in 3.51s rss=567MB
05:39:11 [INFO] [L7 Dead Drop][CGSA] dropped 3 cols across 1 groups (min_valid=100); final features=69
05:39:11 [INFO] [Layer B Sanitize][CGSA] nulled 8481 non-finite/over-cap values (finite_cap=1e+18) across all streamed features
05:39:11 [INFO] [L7_raw] registry stream persist done: symbol=BTCUSDT tf=12h groups=39 features=69 npy_freed=0.00 GiB dtype=mixed
PASSED                                                                   [ 64%]
tests/momentum/test_feature_factory_optimization_e2e.py::test_pipeline_backward_compatible 
-------------------------------- live log call ---------------------------------
05:39:11 [INFO] KlineStorageManager initialized: data_cache/feature_klines/kline_cache.h5
05:39:11 [INFO] Registered adapter: crypto_spot
05:39:11 [INFO] [CGSA] Initialized ColumnGroupRegistry at /private/var/folders/_c/3xdf41hd3tvgxpx63mrml2c00000gn/T/pytest-of-louis/pytest-188/test_pipeline_backward_compati0/a/cgsa (tier=8gb, buffer_groups=0)
05:39:11 [INFO] Fetching spot data: BTCUSDT/12h
05:39:11 [INFO] Read 1696 klines from BTCUSDT/12h in 0.003s
05:39:11 [INFO] Aligned data for BTCUSDT/12h: 1696 rows, 10 columns
05:39:11 [INFO] [Layer 1] 0% - Starting Layer 1...
05:39:11 [INFO] Layer 1 starting, rss=567MB
05:39:11 [INFO] [Layer 1] 100% - Layer 1 completed: 0 features
05:39:11 [INFO] Layer 1 done: 0 cols, status=empty_disabled, rss=567MB
05:39:11 [INFO] [Layer 2] 0% - Starting Layer 2...
05:39:11 [INFO] Layer 2 starting, rss=567MB
05:39:11 [INFO] [L2] Starting derived features: 0 L1 cols
05:39:11 [INFO] [L2] Completed: 0 cols in 0.00s
05:39:11 [INFO] [Layer 2] 100% - Layer 2 completed: 0 features
05:39:11 [INFO] Layer 2 done: 0 cols, status=empty_not_applicable, rss=567MB
05:39:11 [INFO] [Layer 3] 0% - Starting Layer 3...
05:39:11 [INFO] Layer 3 starting, rss=567MB
05:39:11 [INFO] [Layer 3] 100% - Layer 3 completed: 0 features
05:39:11 [INFO] Layer 3 done: 0 cols, status=empty_not_applicable, rss=567MB
05:39:11 [INFO] [Layer 4] 0% - Starting Layer 4...
05:39:11 [INFO] Layer 4 starting, rss=567MB
05:39:11 [INFO] [Layer 4] 100% - Layer 4 completed: 0 features
05:39:11 [INFO] Layer 4 done: 0 cols, status=empty_not_applicable, rss=567MB
05:39:11 [INFO] [Layer 5] 0% - Starting Layer 5...
05:39:11 [INFO] Layer 5 starting, rss=567MB
05:39:11 [INFO] [Layer 5] 100% - Layer 5 completed: 0 features
05:39:11 [INFO] Layer 5 done: 0 cols, status=empty_disabled, rss=567MB
05:39:11 [INFO] [Layer 6] 0% - Starting Layer 6...
05:39:11 [INFO] Layer 6 starting, rss=567MB
05:39:11 [INFO] [Layer 6] 100% - Layer 6 completed: 0 features
05:39:11 [INFO] Layer 6 done: 0 cols, status=empty_disabled, rss=567MB
05:39:11 [INFO] [L7][CGSA] Quality summary: inf_count=0, coverage=0.0000, non_nan=0/0
05:39:11 [INFO] KlineStorageManager initialized: data_cache/feature_klines/kline_cache.h5
05:39:11 [INFO] Registered adapter: crypto_spot
05:39:11 [INFO] [CGSA] Initialized ColumnGroupRegistry at /private/var/folders/_c/3xdf41hd3tvgxpx63mrml2c00000gn/T/pytest-of-louis/pytest-188/test_pipeline_backward_compati0/b/cgsa (tier=8gb, buffer_groups=0)
05:39:11 [INFO] Fetching spot data: BTCUSDT/12h
05:39:11 [INFO] Read 1696 klines from BTCUSDT/12h in 0.003s
05:39:11 [INFO] Aligned data for BTCUSDT/12h: 1696 rows, 10 columns
05:39:11 [INFO] [Layer 1] 0% - Starting Layer 1...
05:39:11 [INFO] Layer 1 starting, rss=568MB
05:39:11 [INFO] [Layer 1] 100% - Layer 1 completed: 0 features
05:39:11 [INFO] Layer 1 done: 0 cols, status=empty_disabled, rss=568MB
05:39:11 [INFO] [Layer 2] 0% - Starting Layer 2...
05:39:11 [INFO] Layer 2 starting, rss=568MB
05:39:11 [INFO] [L2] Starting derived features: 0 L1 cols
05:39:11 [INFO] [L2] Completed: 0 cols in 0.00s
05:39:11 [INFO] [Layer 2] 100% - Layer 2 completed: 0 features
05:39:11 [INFO] Layer 2 done: 0 cols, status=empty_not_applicable, rss=568MB
05:39:11 [INFO] [Layer 3] 0% - Starting Layer 3...
05:39:11 [INFO] Layer 3 starting, rss=568MB
05:39:11 [INFO] [Layer 3] 100% - Layer 3 completed: 0 features
05:39:11 [INFO] Layer 3 done: 0 cols, status=empty_not_applicable, rss=568MB
05:39:11 [INFO] [Layer 4] 0% - Starting Layer 4...
05:39:11 [INFO] Layer 4 starting, rss=568MB
05:39:11 [INFO] [Layer 4] 100% - Layer 4 completed: 0 features
05:39:11 [INFO] Layer 4 done: 0 cols, status=empty_not_applicable, rss=568MB
05:39:11 [INFO] [Layer 5] 0% - Starting Layer 5...
05:39:11 [INFO] Layer 5 starting, rss=568MB
05:39:11 [INFO] [Layer 5] 100% - Layer 5 completed: 0 features
05:39:11 [INFO] Layer 5 done: 0 cols, status=empty_disabled, rss=568MB
05:39:11 [INFO] [Layer 6] 0% - Starting Layer 6...
05:39:11 [INFO] Layer 6 starting, rss=568MB
05:39:11 [INFO] [Layer 6] 100% - Layer 6 completed: 0 features
05:39:11 [INFO] Layer 6 done: 0 cols, status=empty_disabled, rss=568MB
05:39:11 [INFO] [L7][CGSA] Quality summary: inf_count=0, coverage=0.0000, non_nan=0/0
PASSED                                                                   [ 64%]
tests/momentum/test_feature_factory_optimization_e2e.py::test_pipeline_partial_engine_failure 
-------------------------------- live log call ---------------------------------
05:39:11 [INFO] KlineStorageManager initialized: data_cache/feature_klines/kline_cache.h5
05:39:11 [INFO] Registered adapter: crypto_spot
05:39:11 [INFO] [CGSA] Initialized ColumnGroupRegistry at /private/var/folders/_c/3xdf41hd3tvgxpx63mrml2c00000gn/T/pytest-of-louis/pytest-188/test_pipeline_partial_engine_f0/cgsa (tier=8gb, buffer_groups=0)
05:39:11 [INFO] Fetching spot data: BTCUSDT/12h
05:39:11 [INFO] Read 1696 klines from BTCUSDT/12h in 0.003s
05:39:11 [INFO] Aligned data for BTCUSDT/12h: 1696 rows, 10 columns
05:39:11 [INFO] [Layer 1] 0% - Starting Layer 1...
05:39:11 [INFO] Layer 1 starting, rss=568MB
05:39:11 [WARNING] Microstructure engine failed: forced microstructure failure
05:39:12 [INFO] [Layer 1] 100% - Layer 1 completed: 26 features
05:39:12 [INFO] Layer 1 done: 26 cols, status=engine_partial, rss=568MB
05:39:12 [INFO] [Layer 2] 0% - Starting Layer 2...
05:39:12 [INFO] Layer 2 starting, rss=568MB
05:39:12 [INFO] [L2] Starting derived features: 26 L1 cols
05:39:12 [INFO] [L2] Completed: 0 cols in 0.00s
05:39:12 [INFO] [Layer 2] 100% - Layer 2 completed: 0 features
05:39:12 [INFO] Layer 2 done: 0 cols, status=empty_not_applicable, rss=568MB
05:39:12 [INFO] [Layer 3] 0% - Starting Layer 3...
05:39:12 [INFO] Layer 3 starting, rss=568MB
05:39:12 [INFO] [L3] streaming persist (mode=streaming) complete: 0 cols persisted in 0 groups
05:39:12 [INFO] [Layer 3] 100% - Layer 3 completed: 0 features
05:39:12 [INFO] Layer 3 done: 0 cols, status=offloaded_to_registry, rss=568MB
05:39:12 [INFO] [Layer 4] 0% - Starting Layer 4...
05:39:12 [INFO] Layer 4 starting, rss=568MB
05:39:12 [INFO] [Layer 4] 100% - Layer 4 completed: 0 features
05:39:12 [INFO] Layer 4 done: 0 cols, status=empty_not_applicable, rss=568MB
05:39:12 [INFO] [Layer 5] 0% - Starting Layer 5...
05:39:12 [INFO] Layer 5 starting, rss=568MB
05:39:12 [INFO] [Layer 5] 100% - Layer 5 completed: 0 features
05:39:12 [INFO] Layer 5 done: 0 cols, status=empty_disabled, rss=568MB
05:39:12 [INFO] [Layer 6] 0% - Starting Layer 6...
05:39:12 [INFO] Layer 6 starting, rss=568MB
05:39:12 [INFO] [Layer 6] 100% - Layer 6 completed: 0 features
05:39:12 [INFO] Layer 6 done: 0 cols, status=empty_disabled, rss=568MB
05:39:12 [INFO] [L7][CGSA] Quality summary: inf_count=0, coverage=0.9689, non_nan=42726/44096
PASSED                                                                   [ 64%]
tests/momentum/test_feature_factory_optimization_perf.py::test_microstructure_performance 
-------------------------------- live log call ---------------------------------
05:39:12 [INFO] KlineStorageManager initialized: data_cache/feature_klines/kline_cache.h5
05:39:12 [INFO] Read 1696 klines from BTCUSDT/12h in 0.003s
05:39:12 [INFO] KlineStorageManager initialized: data_cache/feature_klines/kline_cache.h5
05:39:12 [INFO] Read 1696 klines from BTCUSDT/12h in 0.003s
05:39:12 [WARNING] trades missing, large trade ratio set to NaN
PASSED                                                                   [ 64%]
tests/momentum/test_feature_factory_optimization_perf.py::test_entropy_performance 
-------------------------------- live log call ---------------------------------
05:39:12 [INFO] KlineStorageManager initialized: data_cache/feature_klines/kline_cache.h5
05:39:12 [INFO] Read 1696 klines from BTCUSDT/12h in 0.003s
PASSED                                                                   [ 64%]
tests/momentum/test_feature_factory_optimization_perf.py::test_tail_risk_performance 
-------------------------------- live log call ---------------------------------
05:39:12 [INFO] KlineStorageManager initialized: data_cache/feature_klines/kline_cache.h5
05:39:12 [INFO] Read 1696 klines from BTCUSDT/12h in 0.003s
PASSED                                                                   [ 64%]
tests/momentum/test_feature_factory_optimization_perf.py::test_preprocessing_performance PASSED [ 64%]
tests/momentum/test_feature_factory_optimization_perf.py::test_full_pipeline_overhead 
-------------------------------- live log call ---------------------------------
05:39:13 [INFO] KlineStorageManager initialized: data_cache/feature_klines/kline_cache.h5
05:39:13 [INFO] Registered adapter: crypto_spot
05:39:13 [INFO] Loaded feature registry with 11 entries
05:39:13 [INFO] [CGSA] Initialized ColumnGroupRegistry at /Users/louis/Desktop/quantitative_trading_system/data_cache/cgsa_work/BTCUSDT_12h_bfab70d8 (tier=8gb, buffer_groups=0)
05:39:13 [INFO] Fetching spot data: BTCUSDT/12h
05:39:13 [INFO] Read 1696 klines from BTCUSDT/12h in 0.003s
05:39:13 [INFO] Aligned data for BTCUSDT/12h: 1696 rows, 10 columns
05:39:13 [INFO] [Layer 1] 0% - Starting Layer 1...
05:39:13 [INFO] Layer 1 starting, rss=592MB
05:39:13 [INFO] Loaded 134 TA-Lib indicators
05:39:13 [WARNING] STOCH combo [5, 3, 3] is missing 2 parameter(s); using defaults slowk=3 slowd=3 slowk_matype=0 slowd_matype=0
05:39:13 [WARNING] STOCH combo [8, 3, 3] is missing 2 parameter(s); using defaults slowk=3 slowd=3 slowk_matype=0 slowd_matype=0
05:39:13 [WARNING] STOCH combo [13, 3, 3] is missing 2 parameter(s); using defaults slowk=3 slowd=3 slowk_matype=0 slowd_matype=0
05:39:13 [WARNING] STOCH combo [13, 5, 3] is missing 2 parameter(s); using defaults slowk=5 slowd=3 slowk_matype=0 slowd_matype=0
05:39:13 [WARNING] STOCH combo [21, 3, 3] is missing 2 parameter(s); using defaults slowk=3 slowd=3 slowk_matype=0 slowd_matype=0
05:39:13 [WARNING] STOCH combo [21, 5, 3] is missing 2 parameter(s); using defaults slowk=5 slowd=3 slowk_matype=0 slowd_matype=0
05:39:13 [WARNING] STOCH combo [21, 5, 5] is missing 2 parameter(s); using defaults slowk=5 slowd=5 slowk_matype=0 slowd_matype=0
05:39:13 [WARNING] STOCH combo [34, 5, 3] is missing 2 parameter(s); using defaults slowk=5 slowd=3 slowk_matype=0 slowd_matype=0
05:39:13 [WARNING] STOCH combo [34, 5, 5] is missing 2 parameter(s); using defaults slowk=5 slowd=5 slowk_matype=0 slowd_matype=0
05:39:13 [WARNING] STOCH combo [55, 5, 5] is missing 2 parameter(s); using defaults slowk=5 slowd=5 slowk_matype=0 slowd_matype=0
05:39:13 [WARNING] STOCH combo [55, 8, 5] is missing 2 parameter(s); using defaults slowk=8 slowd=5 slowk_matype=0 slowd_matype=0
05:39:13 [WARNING] STOCH combo [89, 8, 5] is missing 2 parameter(s); using defaults slowk=8 slowd=5 slowk_matype=0 slowd_matype=0
05:39:13 [WARNING] STOCHF combo [5, 3] is missing 1 parameter(s); using defaults fastd_period=3 fastd_matype=0
05:39:13 [WARNING] STOCHF combo [8, 3] is missing 1 parameter(s); using defaults fastd_period=3 fastd_matype=0
05:39:13 [WARNING] STOCHF combo [13, 3] is missing 1 parameter(s); using defaults fastd_period=3 fastd_matype=0
05:39:13 [WARNING] STOCHF combo [21, 3] is missing 1 parameter(s); using defaults fastd_period=3 fastd_matype=0
05:39:13 [WARNING] STOCHF combo [21, 5] is missing 1 parameter(s); using defaults fastd_period=5 fastd_matype=0
05:39:13 [WARNING] STOCHF combo [34, 5] is missing 1 parameter(s); using defaults fastd_period=5 fastd_matype=0
05:39:13 [WARNING] STOCHF combo [55, 5] is missing 1 parameter(s); using defaults fastd_period=5 fastd_matype=0
05:39:13 [WARNING] STOCHF combo [89, 8] is missing 1 parameter(s); using defaults fastd_period=8 fastd_matype=0
05:39:13 [WARNING] STOCHRSI combo [9, 5, 3] is missing 1 parameter(s); using defaults fastk_period=5 fastd_period=3 fastd_matype=0
05:39:13 [WARNING] STOCHRSI combo [14, 5, 3] is missing 1 parameter(s); using defaults fastk_period=5 fastd_period=3 fastd_matype=0
05:39:13 [WARNING] STOCHRSI combo [14, 3, 3] is missing 1 parameter(s); using defaults fastk_period=3 fastd_period=3 fastd_matype=0
05:39:13 [WARNING] STOCHRSI combo [21, 5, 3] is missing 1 parameter(s); using defaults fastk_period=5 fastd_period=3 fastd_matype=0
05:39:13 [WARNING] STOCHRSI combo [21, 8, 5] is missing 1 parameter(s); using defaults fastk_period=8 fastd_period=5 fastd_matype=0
05:39:13 [WARNING] STOCHRSI combo [34, 8, 5] is missing 1 parameter(s); using defaults fastk_period=8 fastd_period=5 fastd_matype=0
05:39:13 [WARNING] STOCHRSI combo [55, 8, 5] is missing 1 parameter(s); using defaults fastk_period=8 fastd_period=5 fastd_matype=0
05:39:15 [INFO] [Layer 1] 100% - Layer 1 completed: 1324 features
05:39:15 [INFO] Layer 1 done: 1324 cols, status=ok, rss=634MB
05:39:15 [INFO] [Layer 2] 0% - Starting Layer 2...
05:39:15 [INFO] Layer 2 starting, rss=634MB
05:39:15 [INFO] [L2] Starting derived features: 1324 L1 cols
05:39:15 [INFO] [NaN Blacklist][L2_input] stripped 61 cols (e.g. ['ohlc_pattern_CDLHAMMER', 'ohlc_pattern_CDLLONGLINE', 'ohlc_pattern_CDLSHORTLINE'])
05:39:15 [WARNING] STOCH combo [5, 3, 3] is missing 2 parameter(s); using defaults slowk=3 slowd=3 slowk_matype=0 slowd_matype=0
05:39:15 [WARNING] STOCH combo [8, 3, 3] is missing 2 parameter(s); using defaults slowk=3 slowd=3 slowk_matype=0 slowd_matype=0
05:39:15 [WARNING] STOCH combo [13, 3, 3] is missing 2 parameter(s); using defaults slowk=3 slowd=3 slowk_matype=0 slowd_matype=0
05:39:15 [WARNING] STOCH combo [13, 5, 3] is missing 2 parameter(s); using defaults slowk=5 slowd=3 slowk_matype=0 slowd_matype=0
05:39:15 [WARNING] STOCH combo [21, 3, 3] is missing 2 parameter(s); using defaults slowk=3 slowd=3 slowk_matype=0 slowd_matype=0
05:39:15 [WARNING] STOCH combo [21, 5, 3] is missing 2 parameter(s); using defaults slowk=5 slowd=3 slowk_matype=0 slowd_matype=0
05:39:15 [WARNING] STOCH combo [21, 5, 5] is missing 2 parameter(s); using defaults slowk=5 slowd=5 slowk_matype=0 slowd_matype=0
05:39:15 [WARNING] STOCH combo [34, 5, 3] is missing 2 parameter(s); using defaults slowk=5 slowd=3 slowk_matype=0 slowd_matype=0
05:39:15 [WARNING] STOCH combo [34, 5, 5] is missing 2 parameter(s); using defaults slowk=5 slowd=5 slowk_matype=0 slowd_matype=0
05:39:15 [WARNING] STOCH combo [55, 5, 5] is missing 2 parameter(s); using defaults slowk=5 slowd=5 slowk_matype=0 slowd_matype=0
05:39:15 [WARNING] STOCH combo [55, 8, 5] is missing 2 parameter(s); using defaults slowk=8 slowd=5 slowk_matype=0 slowd_matype=0
05:39:15 [WARNING] STOCH combo [89, 8, 5] is missing 2 parameter(s); using defaults slowk=8 slowd=5 slowk_matype=0 slowd_matype=0
05:39:15 [WARNING] STOCHF combo [5, 3] is missing 1 parameter(s); using defaults fastd_period=3 fastd_matype=0
05:39:15 [WARNING] STOCHF combo [8, 3] is missing 1 parameter(s); using defaults fastd_period=3 fastd_matype=0
05:39:15 [WARNING] STOCHF combo [13, 3] is missing 1 parameter(s); using defaults fastd_period=3 fastd_matype=0
05:39:15 [WARNING] STOCHF combo [21, 3] is missing 1 parameter(s); using defaults fastd_period=3 fastd_matype=0
05:39:15 [WARNING] STOCHF combo [21, 5] is missing 1 parameter(s); using defaults fastd_period=5 fastd_matype=0
05:39:15 [WARNING] STOCHF combo [34, 5] is missing 1 parameter(s); using defaults fastd_period=5 fastd_matype=0
05:39:15 [WARNING] STOCHF combo [55, 5] is missing 1 parameter(s); using defaults fastd_period=5 fastd_matype=0
05:39:15 [WARNING] STOCHF combo [89, 8] is missing 1 parameter(s); using defaults fastd_period=8 fastd_matype=0
05:39:15 [WARNING] STOCHRSI combo [9, 5, 3] is missing 1 parameter(s); using defaults fastk_period=5 fastd_period=3 fastd_matype=0
05:39:15 [WARNING] STOCHRSI combo [14, 5, 3] is missing 1 parameter(s); using defaults fastk_period=5 fastd_period=3 fastd_matype=0
05:39:15 [WARNING] STOCHRSI combo [14, 3, 3] is missing 1 parameter(s); using defaults fastk_period=3 fastd_period=3 fastd_matype=0
05:39:15 [WARNING] STOCHRSI combo [21, 5, 3] is missing 1 parameter(s); using defaults fastk_period=5 fastd_period=3 fastd_matype=0
05:39:15 [WARNING] STOCHRSI combo [21, 8, 5] is missing 1 parameter(s); using defaults fastk_period=8 fastd_period=5 fastd_matype=0
05:39:15 [WARNING] STOCHRSI combo [34, 8, 5] is missing 1 parameter(s); using defaults fastk_period=8 fastd_period=5 fastd_matype=0
05:39:15 [WARNING] STOCHRSI combo [55, 8, 5] is missing 1 parameter(s); using defaults fastk_period=8 fastd_period=5 fastd_matype=0
05:39:15 [INFO] [L2] Completed: 0 cols in 0.05s
05:39:15 [INFO] [Layer 2] 100% - Layer 2 completed: 0 features
05:39:15 [INFO] Layer 2 done: 0 cols, status=empty_not_applicable, rss=644MB
05:39:15 [INFO] [Layer 3] 0% - Starting Layer 3...
05:39:15 [INFO] Layer 3 starting, rss=644MB
05:39:15 [INFO] [NaN Blacklist][L3_input] stripped 61 cols (e.g. ['ohlc_pattern_CDLHAMMER', 'ohlc_pattern_CDLLONGLINE', 'ohlc_pattern_CDLSHORTLINE'])
05:39:15 [INFO] [L3] streaming persist (mode=streaming) complete: 0 cols persisted in 0 groups
05:39:15 [INFO] [Layer 3] 100% - Layer 3 completed: 0 features
05:39:15 [INFO] Layer 3 done: 0 cols, status=offloaded_to_registry, rss=644MB
05:39:15 [INFO] [Layer 4] 0% - Starting Layer 4...
05:39:15 [INFO] Layer 4 starting, rss=644MB
05:39:15 [INFO] [NaN Blacklist][L4_input[layer1_and_raw]] stripped 61 cols (e.g. ['ohlc_pattern_CDLHAMMER', 'ohlc_pattern_CDLLONGLINE', 'ohlc_pattern_CDLSHORTLINE'])
05:39:15 [INFO] [Layer 4] 100% - Layer 4 completed: 0 features
05:39:15 [INFO] Layer 4 done: 0 cols, status=empty_not_applicable, rss=644MB
05:39:15 [INFO] [Layer 5] 0% - Starting Layer 5...
05:39:15 [INFO] Layer 5 starting, rss=644MB
05:39:15 [INFO] [Layer 5] 100% - Layer 5 completed: 0 features
05:39:15 [INFO] Layer 5 done: 0 cols, status=empty_disabled, rss=644MB
05:39:15 [INFO] [Layer 6] 0% - Starting Layer 6...
05:39:15 [INFO] Layer 6 starting, rss=644MB
05:39:15 [INFO] [Layer 6] 100% - Layer 6 completed: 0 features
05:39:15 [INFO] Layer 6 done: 0 cols, status=empty_disabled, rss=644MB
05:39:17 [INFO] [L7][CGSA] Quality summary: inf_count=0, coverage=0.9554, non_nan=2145262/2245504
05:39:17 [INFO] Loaded feature registry with 11 entries
05:39:17 [INFO] [CGSA] Initialized ColumnGroupRegistry at /Users/louis/Desktop/quantitative_trading_system/data_cache/cgsa_work/BTCUSDT_12h_0ddd1fce (tier=8gb, buffer_groups=0)
05:39:17 [INFO] Fetching spot data: BTCUSDT/12h
05:39:17 [INFO] Read 1696 klines from BTCUSDT/12h in 0.003s
05:39:17 [INFO] Aligned data for BTCUSDT/12h: 1696 rows, 10 columns
05:39:17 [INFO] [Layer 1] 0% - Starting Layer 1...
05:39:17 [INFO] Layer 1 starting, rss=644MB
05:39:17 [WARNING] STOCH combo [5, 3, 3] is missing 2 parameter(s); using defaults slowk=3 slowd=3 slowk_matype=0 slowd_matype=0
05:39:17 [WARNING] STOCH combo [8, 3, 3] is missing 2 parameter(s); using defaults slowk=3 slowd=3 slowk_matype=0 slowd_matype=0
05:39:17 [WARNING] STOCH combo [13, 3, 3] is missing 2 parameter(s); using defaults slowk=3 slowd=3 slowk_matype=0 slowd_matype=0
05:39:17 [WARNING] STOCH combo [13, 5, 3] is missing 2 parameter(s); using defaults slowk=5 slowd=3 slowk_matype=0 slowd_matype=0
05:39:17 [WARNING] STOCH combo [21, 3, 3] is missing 2 parameter(s); using defaults slowk=3 slowd=3 slowk_matype=0 slowd_matype=0
05:39:17 [WARNING] STOCH combo [21, 5, 3] is missing 2 parameter(s); using defaults slowk=5 slowd=3 slowk_matype=0 slowd_matype=0
05:39:17 [WARNING] STOCH combo [21, 5, 5] is missing 2 parameter(s); using defaults slowk=5 slowd=5 slowk_matype=0 slowd_matype=0
05:39:17 [WARNING] STOCH combo [34, 5, 3] is missing 2 parameter(s); using defaults slowk=5 slowd=3 slowk_matype=0 slowd_matype=0
05:39:17 [WARNING] STOCH combo [34, 5, 5] is missing 2 parameter(s); using defaults slowk=5 slowd=5 slowk_matype=0 slowd_matype=0
05:39:17 [WARNING] STOCH combo [55, 5, 5] is missing 2 parameter(s); using defaults slowk=5 slowd=5 slowk_matype=0 slowd_matype=0
05:39:17 [WARNING] STOCH combo [55, 8, 5] is missing 2 parameter(s); using defaults slowk=8 slowd=5 slowk_matype=0 slowd_matype=0
05:39:17 [WARNING] STOCH combo [89, 8, 5] is missing 2 parameter(s); using defaults slowk=8 slowd=5 slowk_matype=0 slowd_matype=0
05:39:17 [WARNING] STOCHF combo [5, 3] is missing 1 parameter(s); using defaults fastd_period=3 fastd_matype=0
05:39:17 [WARNING] STOCHF combo [8, 3] is missing 1 parameter(s); using defaults fastd_period=3 fastd_matype=0
05:39:17 [WARNING] STOCHF combo [13, 3] is missing 1 parameter(s); using defaults fastd_period=3 fastd_matype=0
05:39:17 [WARNING] STOCHF combo [21, 3] is missing 1 parameter(s); using defaults fastd_period=3 fastd_matype=0
05:39:17 [WARNING] STOCHF combo [21, 5] is missing 1 parameter(s); using defaults fastd_period=5 fastd_matype=0
05:39:17 [WARNING] STOCHF combo [34, 5] is missing 1 parameter(s); using defaults fastd_period=5 fastd_matype=0
05:39:17 [WARNING] STOCHF combo [55, 5] is missing 1 parameter(s); using defaults fastd_period=5 fastd_matype=0
05:39:17 [WARNING] STOCHF combo [89, 8] is missing 1 parameter(s); using defaults fastd_period=8 fastd_matype=0
05:39:17 [WARNING] STOCHRSI combo [9, 5, 3] is missing 1 parameter(s); using defaults fastk_period=5 fastd_period=3 fastd_matype=0
05:39:17 [WARNING] STOCHRSI combo [14, 5, 3] is missing 1 parameter(s); using defaults fastk_period=5 fastd_period=3 fastd_matype=0
05:39:17 [WARNING] STOCHRSI combo [14, 3, 3] is missing 1 parameter(s); using defaults fastk_period=3 fastd_period=3 fastd_matype=0
05:39:17 [WARNING] STOCHRSI combo [21, 5, 3] is missing 1 parameter(s); using defaults fastk_period=5 fastd_period=3 fastd_matype=0
05:39:17 [WARNING] STOCHRSI combo [21, 8, 5] is missing 1 parameter(s); using defaults fastk_period=8 fastd_period=5 fastd_matype=0
05:39:17 [WARNING] STOCHRSI combo [34, 8, 5] is missing 1 parameter(s); using defaults fastk_period=8 fastd_period=5 fastd_matype=0
05:39:17 [WARNING] STOCHRSI combo [55, 8, 5] is missing 1 parameter(s); using defaults fastk_period=8 fastd_period=5 fastd_matype=0
05:39:19 [WARNING] trades missing, large trade ratio set to NaN
05:39:21 [INFO] [Layer 1] 100% - Layer 1 completed: 1348 features
05:39:21 [INFO] Layer 1 done: 1348 cols, status=ok, rss=642MB
05:39:21 [INFO] [Layer 2] 0% - Starting Layer 2...
05:39:21 [INFO] Layer 2 starting, rss=642MB
05:39:21 [INFO] [L2] Starting derived features: 1348 L1 cols
05:39:21 [INFO] [NaN Blacklist][L2_input] stripped 61 cols (e.g. ['ohlc_pattern_CDLHAMMER', 'ohlc_pattern_CDLLONGLINE', 'ohlc_pattern_CDLSHORTLINE'])
05:39:21 [WARNING] STOCH combo [5, 3, 3] is missing 2 parameter(s); using defaults slowk=3 slowd=3 slowk_matype=0 slowd_matype=0
05:39:21 [WARNING] STOCH combo [8, 3, 3] is missing 2 parameter(s); using defaults slowk=3 slowd=3 slowk_matype=0 slowd_matype=0
05:39:21 [WARNING] STOCH combo [13, 3, 3] is missing 2 parameter(s); using defaults slowk=3 slowd=3 slowk_matype=0 slowd_matype=0
05:39:21 [WARNING] STOCH combo [13, 5, 3] is missing 2 parameter(s); using defaults slowk=5 slowd=3 slowk_matype=0 slowd_matype=0
05:39:21 [WARNING] STOCH combo [21, 3, 3] is missing 2 parameter(s); using defaults slowk=3 slowd=3 slowk_matype=0 slowd_matype=0
05:39:21 [WARNING] STOCH combo [21, 5, 3] is missing 2 parameter(s); using defaults slowk=5 slowd=3 slowk_matype=0 slowd_matype=0
05:39:21 [WARNING] STOCH combo [21, 5, 5] is missing 2 parameter(s); using defaults slowk=5 slowd=5 slowk_matype=0 slowd_matype=0
05:39:21 [WARNING] STOCH combo [34, 5, 3] is missing 2 parameter(s); using defaults slowk=5 slowd=3 slowk_matype=0 slowd_matype=0
05:39:21 [WARNING] STOCH combo [34, 5, 5] is missing 2 parameter(s); using defaults slowk=5 slowd=5 slowk_matype=0 slowd_matype=0
05:39:21 [WARNING] STOCH combo [55, 5, 5] is missing 2 parameter(s); using defaults slowk=5 slowd=5 slowk_matype=0 slowd_matype=0
05:39:21 [WARNING] STOCH combo [55, 8, 5] is missing 2 parameter(s); using defaults slowk=8 slowd=5 slowk_matype=0 slowd_matype=0
05:39:21 [WARNING] STOCH combo [89, 8, 5] is missing 2 parameter(s); using defaults slowk=8 slowd=5 slowk_matype=0 slowd_matype=0
05:39:21 [WARNING] STOCHF combo [5, 3] is missing 1 parameter(s); using defaults fastd_period=3 fastd_matype=0
05:39:21 [WARNING] STOCHF combo [8, 3] is missing 1 parameter(s); using defaults fastd_period=3 fastd_matype=0
05:39:21 [WARNING] STOCHF combo [13, 3] is missing 1 parameter(s); using defaults fastd_period=3 fastd_matype=0
05:39:21 [WARNING] STOCHF combo [21, 3] is missing 1 parameter(s); using defaults fastd_period=3 fastd_matype=0
05:39:21 [WARNING] STOCHF combo [21, 5] is missing 1 parameter(s); using defaults fastd_period=5 fastd_matype=0
05:39:21 [WARNING] STOCHF combo [34, 5] is missing 1 parameter(s); using defaults fastd_period=5 fastd_matype=0
05:39:21 [WARNING] STOCHF combo [55, 5] is missing 1 parameter(s); using defaults fastd_period=5 fastd_matype=0
05:39:21 [WARNING] STOCHF combo [89, 8] is missing 1 parameter(s); using defaults fastd_period=8 fastd_matype=0
05:39:21 [WARNING] STOCHRSI combo [9, 5, 3] is missing 1 parameter(s); using defaults fastk_period=5 fastd_period=3 fastd_matype=0
05:39:21 [WARNING] STOCHRSI combo [14, 5, 3] is missing 1 parameter(s); using defaults fastk_period=5 fastd_period=3 fastd_matype=0
05:39:21 [WARNING] STOCHRSI combo [14, 3, 3] is missing 1 parameter(s); using defaults fastk_period=3 fastd_period=3 fastd_matype=0
05:39:21 [WARNING] STOCHRSI combo [21, 5, 3] is missing 1 parameter(s); using defaults fastk_period=5 fastd_period=3 fastd_matype=0
05:39:21 [WARNING] STOCHRSI combo [21, 8, 5] is missing 1 parameter(s); using defaults fastk_period=8 fastd_period=5 fastd_matype=0
05:39:21 [WARNING] STOCHRSI combo [34, 8, 5] is missing 1 parameter(s); using defaults fastk_period=8 fastd_period=5 fastd_matype=0
05:39:21 [WARNING] STOCHRSI combo [55, 8, 5] is missing 1 parameter(s); using defaults fastk_period=8 fastd_period=5 fastd_matype=0
05:39:21 [INFO] [L2] Completed: 0 cols in 0.04s
05:39:21 [INFO] [Layer 2] 100% - Layer 2 completed: 0 features
05:39:21 [INFO] Layer 2 done: 0 cols, status=empty_not_applicable, rss=643MB
05:39:21 [INFO] [Layer 3] 0% - Starting Layer 3...
05:39:21 [INFO] Layer 3 starting, rss=643MB
05:39:21 [INFO] [NaN Blacklist][L3_input] stripped 61 cols (e.g. ['ohlc_pattern_CDLHAMMER', 'ohlc_pattern_CDLLONGLINE', 'ohlc_pattern_CDLSHORTLINE'])
05:39:21 [INFO] [L3] streaming persist (mode=streaming) complete: 0 cols persisted in 0 groups
05:39:21 [INFO] [Layer 3] 100% - Layer 3 completed: 0 features
05:39:21 [INFO] Layer 3 done: 0 cols, status=offloaded_to_registry, rss=643MB
05:39:21 [INFO] [Layer 4] 0% - Starting Layer 4...
05:39:21 [INFO] Layer 4 starting, rss=643MB
05:39:21 [INFO] [NaN Blacklist][L4_input[layer1_and_raw]] stripped 61 cols (e.g. ['ohlc_pattern_CDLHAMMER', 'ohlc_pattern_CDLLONGLINE', 'ohlc_pattern_CDLSHORTLINE'])
05:39:21 [INFO] [Layer 4] 100% - Layer 4 completed: 0 features
05:39:21 [INFO] Layer 4 done: 0 cols, status=empty_not_applicable, rss=643MB
05:39:21 [INFO] [Layer 5] 0% - Starting Layer 5...
05:39:21 [INFO] Layer 5 starting, rss=643MB
05:39:21 [INFO] [Layer 5] 100% - Layer 5 completed: 0 features
05:39:21 [INFO] Layer 5 done: 0 cols, status=empty_disabled, rss=643MB
05:39:21 [INFO] [Layer 6] 0% - Starting Layer 6...
05:39:21 [INFO] Layer 6 starting, rss=643MB
05:39:21 [INFO] [Layer 6] 100% - Layer 6 completed: 0 features
05:39:21 [INFO] Layer 6 done: 0 cols, status=empty_disabled, rss=643MB
05:39:21 [WARNING] [L7][CGSA] Group 12h_L1_large_trade_ratio NaN ratio=1.0000 exceeds 0.90
05:39:23 [INFO] [L7][CGSA] Quality summary: inf_count=0, coverage=0.9551, non_nan=2183462/2286208
05:39:23 [INFO] Loaded feature registry with 11 entries
05:39:23 [INFO] [CGSA] Initialized ColumnGroupRegistry at /Users/louis/Desktop/quantitative_trading_system/data_cache/cgsa_work/BTCUSDT_12h_0ddd1fce (tier=8gb, buffer_groups=0)
05:39:23 [INFO] Fetching spot data: BTCUSDT/12h
05:39:23 [INFO] Read 1696 klines from BTCUSDT/12h in 0.003s
05:39:23 [INFO] Aligned data for BTCUSDT/12h: 1696 rows, 10 columns
05:39:23 [INFO] [Layer 1] 0% - Starting Layer 1...
05:39:23 [INFO] Layer 1 starting, rss=642MB
05:39:23 [WARNING] STOCH combo [5, 3, 3] is missing 2 parameter(s); using defaults slowk=3 slowd=3 slowk_matype=0 slowd_matype=0
05:39:23 [WARNING] STOCH combo [8, 3, 3] is missing 2 parameter(s); using defaults slowk=3 slowd=3 slowk_matype=0 slowd_matype=0
05:39:23 [WARNING] STOCH combo [13, 3, 3] is missing 2 parameter(s); using defaults slowk=3 slowd=3 slowk_matype=0 slowd_matype=0
05:39:23 [WARNING] STOCH combo [13, 5, 3] is missing 2 parameter(s); using defaults slowk=5 slowd=3 slowk_matype=0 slowd_matype=0
05:39:23 [WARNING] STOCH combo [21, 3, 3] is missing 2 parameter(s); using defaults slowk=3 slowd=3 slowk_matype=0 slowd_matype=0
05:39:23 [WARNING] STOCH combo [21, 5, 3] is missing 2 parameter(s); using defaults slowk=5 slowd=3 slowk_matype=0 slowd_matype=0
05:39:23 [WARNING] STOCH combo [21, 5, 5] is missing 2 parameter(s); using defaults slowk=5 slowd=5 slowk_matype=0 slowd_matype=0
05:39:23 [WARNING] STOCH combo [34, 5, 3] is missing 2 parameter(s); using defaults slowk=5 slowd=3 slowk_matype=0 slowd_matype=0
05:39:23 [WARNING] STOCH combo [34, 5, 5] is missing 2 parameter(s); using defaults slowk=5 slowd=5 slowk_matype=0 slowd_matype=0
05:39:23 [WARNING] STOCH combo [55, 5, 5] is missing 2 parameter(s); using defaults slowk=5 slowd=5 slowk_matype=0 slowd_matype=0
05:39:23 [WARNING] STOCH combo [55, 8, 5] is missing 2 parameter(s); using defaults slowk=8 slowd=5 slowk_matype=0 slowd_matype=0
05:39:23 [WARNING] STOCH combo [89, 8, 5] is missing 2 parameter(s); using defaults slowk=8 slowd=5 slowk_matype=0 slowd_matype=0
05:39:23 [WARNING] STOCHF combo [5, 3] is missing 1 parameter(s); using defaults fastd_period=3 fastd_matype=0
05:39:23 [WARNING] STOCHF combo [8, 3] is missing 1 parameter(s); using defaults fastd_period=3 fastd_matype=0
05:39:23 [WARNING] STOCHF combo [13, 3] is missing 1 parameter(s); using defaults fastd_period=3 fastd_matype=0
05:39:23 [WARNING] STOCHF combo [21, 3] is missing 1 parameter(s); using defaults fastd_period=3 fastd_matype=0
05:39:23 [WARNING] STOCHF combo [21, 5] is missing 1 parameter(s); using defaults fastd_period=5 fastd_matype=0
05:39:23 [WARNING] STOCHF combo [34, 5] is missing 1 parameter(s); using defaults fastd_period=5 fastd_matype=0
05:39:23 [WARNING] STOCHF combo [55, 5] is missing 1 parameter(s); using defaults fastd_period=5 fastd_matype=0
05:39:23 [WARNING] STOCHF combo [89, 8] is missing 1 parameter(s); using defaults fastd_period=8 fastd_matype=0
05:39:23 [WARNING] STOCHRSI combo [9, 5, 3] is missing 1 parameter(s); using defaults fastk_period=5 fastd_period=3 fastd_matype=0
05:39:23 [WARNING] STOCHRSI combo [14, 5, 3] is missing 1 parameter(s); using defaults fastk_period=5 fastd_period=3 fastd_matype=0
05:39:23 [WARNING] STOCHRSI combo [14, 3, 3] is missing 1 parameter(s); using defaults fastk_period=3 fastd_period=3 fastd_matype=0
05:39:23 [WARNING] STOCHRSI combo [21, 5, 3] is missing 1 parameter(s); using defaults fastk_period=5 fastd_period=3 fastd_matype=0
05:39:23 [WARNING] STOCHRSI combo [21, 8, 5] is missing 1 parameter(s); using defaults fastk_period=8 fastd_period=5 fastd_matype=0
05:39:23 [WARNING] STOCHRSI combo [34, 8, 5] is missing 1 parameter(s); using defaults fastk_period=8 fastd_period=5 fastd_matype=0
05:39:23 [WARNING] STOCHRSI combo [55, 8, 5] is missing 1 parameter(s); using defaults fastk_period=8 fastd_period=5 fastd_matype=0
05:39:25 [WARNING] trades missing, large trade ratio set to NaN
05:39:27 [INFO] [Layer 1] 100% - Layer 1 completed: 1348 features
05:39:27 [INFO] Layer 1 done: 1348 cols, status=ok, rss=643MB
05:39:27 [INFO] [Layer 2] 0% - Starting Layer 2...
05:39:27 [INFO] Layer 2 starting, rss=643MB
05:39:27 [INFO] [L2] Starting derived features: 1348 L1 cols
05:39:27 [INFO] [NaN Blacklist][L2_input] stripped 61 cols (e.g. ['ohlc_pattern_CDLHAMMER', 'ohlc_pattern_CDLLONGLINE', 'ohlc_pattern_CDLSHORTLINE'])
05:39:27 [WARNING] STOCH combo [5, 3, 3] is missing 2 parameter(s); using defaults slowk=3 slowd=3 slowk_matype=0 slowd_matype=0
05:39:27 [WARNING] STOCH combo [8, 3, 3] is missing 2 parameter(s); using defaults slowk=3 slowd=3 slowk_matype=0 slowd_matype=0
05:39:27 [WARNING] STOCH combo [13, 3, 3] is missing 2 parameter(s); using defaults slowk=3 slowd=3 slowk_matype=0 slowd_matype=0
05:39:27 [WARNING] STOCH combo [13, 5, 3] is missing 2 parameter(s); using defaults slowk=5 slowd=3 slowk_matype=0 slowd_matype=0
05:39:27 [WARNING] STOCH combo [21, 3, 3] is missing 2 parameter(s); using defaults slowk=3 slowd=3 slowk_matype=0 slowd_matype=0
05:39:27 [WARNING] STOCH combo [21, 5, 3] is missing 2 parameter(s); using defaults slowk=5 slowd=3 slowk_matype=0 slowd_matype=0
05:39:27 [WARNING] STOCH combo [21, 5, 5] is missing 2 parameter(s); using defaults slowk=5 slowd=5 slowk_matype=0 slowd_matype=0
05:39:27 [WARNING] STOCH combo [34, 5, 3] is missing 2 parameter(s); using defaults slowk=5 slowd=3 slowk_matype=0 slowd_matype=0
05:39:27 [WARNING] STOCH combo [34, 5, 5] is missing 2 parameter(s); using defaults slowk=5 slowd=5 slowk_matype=0 slowd_matype=0
05:39:27 [WARNING] STOCH combo [55, 5, 5] is missing 2 parameter(s); using defaults slowk=5 slowd=5 slowk_matype=0 slowd_matype=0
05:39:27 [WARNING] STOCH combo [55, 8, 5] is missing 2 parameter(s); using defaults slowk=8 slowd=5 slowk_matype=0 slowd_matype=0
05:39:27 [WARNING] STOCH combo [89, 8, 5] is missing 2 parameter(s); using defaults slowk=8 slowd=5 slowk_matype=0 slowd_matype=0
05:39:27 [WARNING] STOCHF combo [5, 3] is missing 1 parameter(s); using defaults fastd_period=3 fastd_matype=0
05:39:27 [WARNING] STOCHF combo [8, 3] is missing 1 parameter(s); using defaults fastd_period=3 fastd_matype=0
05:39:27 [WARNING] STOCHF combo [13, 3] is missing 1 parameter(s); using defaults fastd_period=3 fastd_matype=0
05:39:27 [WARNING] STOCHF combo [21, 3] is missing 1 parameter(s); using defaults fastd_period=3 fastd_matype=0
05:39:27 [WARNING] STOCHF combo [21, 5] is missing 1 parameter(s); using defaults fastd_period=5 fastd_matype=0
05:39:27 [WARNING] STOCHF combo [34, 5] is missing 1 parameter(s); using defaults fastd_period=5 fastd_matype=0
05:39:27 [WARNING] STOCHF combo [55, 5] is missing 1 parameter(s); using defaults fastd_period=5 fastd_matype=0
05:39:27 [WARNING] STOCHF combo [89, 8] is missing 1 parameter(s); using defaults fastd_period=8 fastd_matype=0
05:39:27 [WARNING] STOCHRSI combo [9, 5, 3] is missing 1 parameter(s); using defaults fastk_period=5 fastd_period=3 fastd_matype=0
05:39:27 [WARNING] STOCHRSI combo [14, 5, 3] is missing 1 parameter(s); using defaults fastk_period=5 fastd_period=3 fastd_matype=0
05:39:27 [WARNING] STOCHRSI combo [14, 3, 3] is missing 1 parameter(s); using defaults fastk_period=3 fastd_period=3 fastd_matype=0
05:39:27 [WARNING] STOCHRSI combo [21, 5, 3] is missing 1 parameter(s); using defaults fastk_period=5 fastd_period=3 fastd_matype=0
05:39:27 [WARNING] STOCHRSI combo [21, 8, 5] is missing 1 parameter(s); using defaults fastk_period=8 fastd_period=5 fastd_matype=0
05:39:27 [WARNING] STOCHRSI combo [34, 8, 5] is missing 1 parameter(s); using defaults fastk_period=8 fastd_period=5 fastd_matype=0
05:39:27 [WARNING] STOCHRSI combo [55, 8, 5] is missing 1 parameter(s); using defaults fastk_period=8 fastd_period=5 fastd_matype=0
05:39:27 [INFO] [L2] Completed: 0 cols in 0.05s
05:39:27 [INFO] [Layer 2] 100% - Layer 2 completed: 0 features
05:39:27 [INFO] Layer 2 done: 0 cols, status=empty_not_applicable, rss=643MB
05:39:27 [INFO] [Layer 3] 0% - Starting Layer 3...
05:39:27 [INFO] Layer 3 starting, rss=643MB
05:39:27 [INFO] [NaN Blacklist][L3_input] stripped 61 cols (e.g. ['ohlc_pattern_CDLHAMMER', 'ohlc_pattern_CDLLONGLINE', 'ohlc_pattern_CDLSHORTLINE'])
05:39:27 [INFO] [L3] streaming persist (mode=streaming) complete: 0 cols persisted in 0 groups
05:39:27 [INFO] [Layer 3] 100% - Layer 3 completed: 0 features
05:39:27 [INFO] Layer 3 done: 0 cols, status=offloaded_to_registry, rss=643MB
05:39:27 [INFO] [Layer 4] 0% - Starting Layer 4...
05:39:27 [INFO] Layer 4 starting, rss=643MB
05:39:27 [INFO] [NaN Blacklist][L4_input[layer1_and_raw]] stripped 61 cols (e.g. ['ohlc_pattern_CDLHAMMER', 'ohlc_pattern_CDLLONGLINE', 'ohlc_pattern_CDLSHORTLINE'])
05:39:27 [INFO] [Layer 4] 100% - Layer 4 completed: 0 features
05:39:27 [INFO] Layer 4 done: 0 cols, status=empty_not_applicable, rss=643MB
05:39:27 [INFO] [Layer 5] 0% - Starting Layer 5...
05:39:27 [INFO] Layer 5 starting, rss=643MB
05:39:27 [INFO] [Layer 5] 100% - Layer 5 completed: 0 features
05:39:27 [INFO] Layer 5 done: 0 cols, status=empty_disabled, rss=643MB
05:39:27 [INFO] [Layer 6] 0% - Starting Layer 6...
05:39:27 [INFO] Layer 6 starting, rss=643MB
05:39:27 [INFO] [Layer 6] 100% - Layer 6 completed: 0 features
05:39:27 [INFO] Layer 6 done: 0 cols, status=empty_disabled, rss=643MB
05:39:27 [WARNING] [L7][CGSA] Group 12h_L1_large_trade_ratio NaN ratio=1.0000 exceeds 0.90
05:39:28 [INFO] [L7][CGSA] Quality summary: inf_count=0, coverage=0.9551, non_nan=2183462/2286208
05:39:28 [INFO] Loaded feature registry with 11 entries
PASSED                                                                   [ 65%]
tests/momentum/test_feature_factory_timestamp_filter.py::test_layer0_date_filter_keeps_second_epoch_rows PASSED [ 65%]
tests/momentum/test_feature_factory_timestamp_filter.py::test_data_range_uses_inferred_seconds_unit PASSED [ 65%]
tests/momentum/test_feature_library_config_hash.py::test_load_with_config_hash_disambig 
-------------------------------- live log call ---------------------------------
05:39:28 [INFO] Loaded feature registry with 6 entries
05:39:28 [INFO] Loaded feature registry with 6 entries
05:39:38 [INFO] Loaded features via FeatureReader for BTCUSDT/12h: 1696 rows x 218369 cols (run_status=complete)
05:39:45 [INFO] Loaded features via FeatureReader for BTCUSDT/12h: 1696 rows x 161031 cols (run_status=complete)
PASSED                                                                   [ 65%]
tests/momentum/test_feature_library_config_hash.py::test_load_without_config_hash_matches_find_latest_materialized 
-------------------------------- live log call ---------------------------------
05:39:45 [INFO] Loaded feature registry with 6 entries
05:39:45 [INFO] Loaded feature registry with 6 entries
05:39:52 [INFO] Loaded features via FeatureReader for BTCUSDT/12h: 1696 rows x 161031 cols (run_status=complete)
05:39:59 [INFO] Loaded features via FeatureReader for BTCUSDT/12h: 1696 rows x 161031 cols (run_status=complete)
PASSED                                                                   [ 65%]
tests/momentum/test_feature_library_config_hash.py::test_load_multi_without_config_hashes_byte_stable 
-------------------------------- live log call ---------------------------------
05:39:59 [INFO] Loaded feature registry with 6 entries
05:39:59 [INFO] Loaded feature registry with 6 entries
05:40:06 [INFO] Loaded features via FeatureReader for BTCUSDT/12h: 1696 rows x 161031 cols (run_status=complete)
05:40:13 [INFO] Loaded features via FeatureReader for ETHUSDT/12h: 1696 rows x 161055 cols (run_status=complete)
PASSED                                                                   [ 65%]
tests/momentum/test_feature_library_config_hash.py::test_explicit_config_hash_missing_artifacts_fail_closed 
-------------------------------- live log call ---------------------------------
05:40:13 [INFO] Loaded feature registry with 6 entries
05:40:13 [INFO] Loaded feature registry with 6 entries
PASSED                                                                   [ 65%]
tests/momentum/test_feature_library_row_index.py::test_attach_sets_datetime_index 
-------------------------------- live log call ---------------------------------
05:40:13 [INFO] Loaded feature registry with 11 entries
PASSED                                                                   [ 65%]
tests/momentum/test_feature_library_row_index.py::test_attach_noop_when_row_index_missing 
-------------------------------- live log call ---------------------------------
05:40:13 [INFO] Loaded feature registry with 11 entries
PASSED                                                                   [ 65%]
tests/momentum/test_feature_library_row_index.py::test_attach_length_mismatch_raises 
-------------------------------- live log call ---------------------------------
05:40:13 [INFO] Loaded feature registry with 11 entries
PASSED                                                                   [ 65%]
tests/momentum/test_feature_library_row_index.py::test_load_real_run_attaches_persisted_axis 
-------------------------------- live log call ---------------------------------
05:40:13 [INFO] Loaded feature registry with 6 entries
05:40:23 [INFO] Loaded features via FeatureReader for BTCUSDT/12h: 1696 rows x 218369 cols (run_status=complete)
PASSED                                                                   [ 66%]
tests/momentum/test_feature_library_row_index.py::test_load_real_run_value_conservation 
-------------------------------- live log call ---------------------------------
05:40:23 [INFO] Loaded feature registry with 6 entries
05:40:32 [INFO] Loaded features via FeatureReader for BTCUSDT/12h: 1696 rows x 218369 cols (run_status=complete)
PASSED                                                                   [ 66%]
tests/momentum/test_feature_preprocessor.py::test_preprocess_empty_df PASSED [ 66%]
tests/momentum/test_feature_preprocessor.py::test_preprocess_all_nan_column PASSED [ 66%]
tests/momentum/test_feature_preprocessor.py::test_preprocess_constant_column PASSED [ 66%]
tests/momentum/test_feature_preprocessor.py::test_adf_nan_heavy 
-------------------------------- live log call ---------------------------------
05:40:34 [WARNING] ADF differencing skipped for 1 columns due to too many NaN. Sample: ['f1']
PASSED                                                                   [ 66%]
tests/momentum/test_feature_preprocessor.py::test_gaussian_boundary PASSED [ 66%]
tests/momentum/test_feature_preprocessor.py::test_winsor_then_zscore PASSED [ 66%]
tests/momentum/test_feature_preprocessor.py::test_external_false_matches_causal_true_core_transforms 
-------------------------------- live log call ---------------------------------
05:40:34 [WARNING] ⚠️ causal_preprocessing=False 被忽略,強制 True(防 look-ahead 洩漏,變更需委員會)
PASSED                                                                   [ 66%]
tests/momentum/test_feature_preprocessor.py::test_preprocess_replace_mode PASSED [ 66%]
tests/momentum/test_feature_preprocessor.py::test_preprocess_append_mode PASSED [ 66%]
tests/momentum/test_feature_preprocessor.py::test_preprocess_performance PASSED [ 67%]
tests/momentum/test_feature_preprocessor.py::test_fracdiff_convergence_failure 
-------------------------------- live log call ---------------------------------
05:40:34 [WARNING] FracDiff d* search failed for L1_f2: forced fail; fallback to d=1.0
PASSED                                                                   [ 67%]
tests/momentum/test_feature_preprocessor.py::test_fracdiff_short_data PASSED [ 67%]
tests/momentum/test_feature_preprocessor.py::test_fracdiff_adf_coexist PASSED [ 67%]
tests/momentum/test_feature_preprocessor.py::test_transform_fixed_order PASSED [ 67%]
tests/momentum/test_feature_storage.py::test_feature_storage_hdf5 
-------------------------------- live log setup --------------------------------
05:40:34 [INFO] 開始提取特徵 - 策略: ema_three_line, 數據行數: 322
05:40:34 [INFO] 提取價格特徵: 8 個
05:40:34 [INFO] 提取成交量特徵: 6 個
05:40:34 [INFO] 使用數據源 'close' 計算 EMA 特徵
05:40:34 [INFO] 提取 ema_three_line 策略特徵: 14 個 (數據源: close)
05:40:34 [INFO] 提取信號特徵: 3 個
05:40:34 [INFO] 特徵提取完成 - 總共 31 個特徵
-------------------------------- live log call ---------------------------------
05:40:34 [INFO] 開始儲存特徵 - 案例: TEST_ETHUSDT_1735905600_1, 檔案: /private/var/folders/_c/3xdf41hd3tvgxpx63mrml2c00000gn/T/pytest-of-louis/pytest-188/test_feature_storage_hdf50/test_features/TEST_ETHUSDT_1735905600_1.h5
05:40:34 [INFO] 特徵儲存完成 - 樣本數: 322, 特徵數: 31, 檔案大小: 45.88 KB
05:40:34 [INFO] 開始讀取特徵 - 案例: TEST_ETHUSDT_1735905600_1, 檔案: /private/var/folders/_c/3xdf41hd3tvgxpx63mrml2c00000gn/T/pytest-of-louis/pytest-188/test_feature_storage_hdf50/test_features/TEST_ETHUSDT_1735905600_1.h5
05:40:34 [INFO] 特徵讀取完成 - 樣本數: 322, 特徵數: 31
PASSED                                                                   [ 67%]
tests/momentum/test_feature_storage.py::test_feature_summary 
-------------------------------- live log setup --------------------------------
05:40:34 [INFO] 開始提取特徵 - 策略: ema_three_line, 數據行數: 322
05:40:34 [INFO] 提取價格特徵: 8 個
05:40:34 [INFO] 提取成交量特徵: 6 個
05:40:34 [INFO] 使用數據源 'close' 計算 EMA 特徵
05:40:34 [INFO] 提取 ema_three_line 策略特徵: 14 個 (數據源: close)
05:40:34 [INFO] 提取信號特徵: 3 個
05:40:34 [INFO] 特徵提取完成 - 總共 31 個特徵
-------------------------------- live log call ---------------------------------
05:40:34 [INFO] 開始儲存特徵 - 案例: TEST_ETHUSDT_1735905600_2, 檔案: /private/var/folders/_c/3xdf41hd3tvgxpx63mrml2c00000gn/T/pytest-of-louis/pytest-188/test_feature_summary0/test_features/TEST_ETHUSDT_1735905600_2.h5
05:40:34 [INFO] 特徵儲存完成 - 樣本數: 322, 特徵數: 31, 檔案大小: 45.88 KB
05:40:34 [INFO] 開始讀取特徵 - 案例: TEST_ETHUSDT_1735905600_2, 檔案: /private/var/folders/_c/3xdf41hd3tvgxpx63mrml2c00000gn/T/pytest-of-louis/pytest-188/test_feature_summary0/test_features/TEST_ETHUSDT_1735905600_2.h5
05:40:34 [INFO] 特徵讀取完成 - 樣本數: 322, 特徵數: 31
PASSED                                                                   [ 67%]
tests/momentum/test_feature_storage.py::test_feature_file_operations 
-------------------------------- live log setup --------------------------------
05:40:35 [INFO] 開始提取特徵 - 策略: ema_three_line, 數據行數: 322
05:40:35 [INFO] 提取價格特徵: 8 個
05:40:35 [INFO] 提取成交量特徵: 6 個
05:40:35 [INFO] 使用數據源 'close' 計算 EMA 特徵
05:40:35 [INFO] 提取 ema_three_line 策略特徵: 14 個 (數據源: close)
05:40:35 [INFO] 提取信號特徵: 3 個
05:40:35 [INFO] 特徵提取完成 - 總共 31 個特徵
-------------------------------- live log call ---------------------------------
05:40:35 [INFO] 開始儲存特徵 - 案例: TEST_ETHUSDT_1735905600_3, 檔案: /private/var/folders/_c/3xdf41hd3tvgxpx63mrml2c00000gn/T/pytest-of-louis/pytest-188/test_feature_file_operations0/test_features/TEST_ETHUSDT_1735905600_3.h5
05:40:35 [INFO] 特徵儲存完成 - 樣本數: 322, 特徵數: 31, 檔案大小: 45.88 KB
05:40:35 [INFO] 特徵檔案已刪除: /private/var/folders/_c/3xdf41hd3tvgxpx63mrml2c00000gn/T/pytest-of-louis/pytest-188/test_feature_file_operations0/test_features/TEST_ETHUSDT_1735905600_3.h5
PASSED                                                                   [ 67%]
tests/momentum/test_feature_storage.py::test_edge_case_file_not_found PASSED [ 67%]
tests/momentum/test_feature_storage.py::test_cgsa_registry_reports_insufficient_disk PASSED [ 67%]
tests/momentum/test_feature_storage.py::test_cgsa_parquet_uses_float32_when_values_exceed_float16 
-------------------------------- live log call ---------------------------------
05:40:35 [INFO] [L7] Disk pre-check OK: required=0.00 GiB (safety x1.50), estimated_final=0.00 GiB, reclaimable_npy=0.00 GiB, net_growth=0.00 GiB, max_inflight_staging=0.00 GiB, largest_group=test_high_price:0.00 GiB, free=58.88 GiB, groups=1
05:40:35 [INFO] [L7] Persisted 1/1 groups (0 .npy freed)
05:40:35 [INFO] [L7] Parallel persist: 1 parts in 0.01s, 4 workers
05:40:35 [INFO] CGSA per-group parquet persist completed: symbol=BTCUSDT config_hash=hash groups=1 npy_freed=1 total_features=2 dtype=mixed
PASSED                                                                   [ 68%]
tests/momentum/test_feature_storage.py::test_cgsa_parquet_uses_float32_when_float16_underflows_tiny_values 
-------------------------------- live log call ---------------------------------
05:40:35 [INFO] [L7] Disk pre-check OK: required=0.00 GiB (safety x1.50), estimated_final=0.00 GiB, reclaimable_npy=0.00 GiB, net_growth=0.00 GiB, max_inflight_staging=0.00 GiB, largest_group=test_tiny_price:0.00 GiB, free=58.88 GiB, groups=1
05:40:35 [INFO] [L7] Persisted 1/1 groups (0 .npy freed)
05:40:35 [INFO] [L7] Parallel persist: 1 parts in 0.00s, 4 workers
05:40:35 [INFO] CGSA per-group parquet persist completed: symbol=TINYUSDT config_hash=hash groups=1 npy_freed=1 total_features=2 dtype=float32
PASSED                                                                   [ 68%]
tests/momentum/test_feature_storage.py::test_cgsa_parquet_keeps_float16_when_safe 
-------------------------------- live log call ---------------------------------
05:40:35 [INFO] [L7] Disk pre-check OK: required=0.00 GiB (safety x1.50), estimated_final=0.00 GiB, reclaimable_npy=0.00 GiB, net_growth=0.00 GiB, max_inflight_staging=0.00 GiB, largest_group=test_small:0.00 GiB, free=58.88 GiB, groups=1
05:40:35 [INFO] [L7] Persisted 1/1 groups (0 .npy freed)
05:40:35 [INFO] [L7] Parallel persist: 1 parts in 0.00s, 4 workers
05:40:35 [INFO] CGSA per-group parquet persist completed: symbol=ETHUSDT config_hash=hash groups=1 npy_freed=1 total_features=2 dtype=float16
PASSED                                                                   [ 68%]
tests/momentum/test_feature_storage.py::test_cgsa_manifest_dtype_summary_records_mixed_dtype 
-------------------------------- live log call ---------------------------------
05:40:35 [INFO] [L7] Disk pre-check OK: required=0.00 GiB (safety x1.50), estimated_final=0.00 GiB, reclaimable_npy=0.00 GiB, net_growth=0.00 GiB, max_inflight_staging=0.00 GiB, largest_group=grp_overflow:0.00 GiB, free=58.88 GiB, groups=2
05:40:35 [INFO] [L7] Persisted 2/2 groups (0 .npy freed)
05:40:35 [INFO] [L7] Parallel persist: 2 parts in 0.00s, 4 workers
05:40:35 [INFO] [L7] Compactor merged 2 parts into merged_0001.parquet in 0.00s
05:40:35 [INFO] CGSA per-group parquet persist completed: symbol=MIXEDUSDT config_hash=hash groups=1 npy_freed=2 total_features=4 dtype=mixed
PASSED                                                                   [ 68%]
tests/momentum/test_feature_storage.py::test_cgsa_parquet_mixed_part_falls_back_per_column 
-------------------------------- live log call ---------------------------------
05:40:35 [INFO] [L7] Disk pre-check OK: required=0.00 GiB (safety x1.50), estimated_final=0.00 GiB, reclaimable_npy=0.00 GiB, net_growth=0.00 GiB, max_inflight_staging=0.00 GiB, largest_group=grp_mixed_columns:0.00 GiB, free=58.88 GiB, groups=1
05:40:35 [INFO] [L7] Persisted 1/1 groups (0 .npy freed)
05:40:35 [INFO] [L7] Parallel persist: 1 parts in 0.00s, 4 workers
05:40:35 [INFO] CGSA per-group parquet persist completed: symbol=MIXCOLUSDT config_hash=hash groups=1 npy_freed=1 total_features=2 dtype=mixed
PASSED                                                                   [ 68%]
tests/momentum/test_feature_storage.py::test_l7_disk_precheck_raises_when_estimate_exceeds_free_space 
-------------------------------- live log call ---------------------------------
05:40:35 [ERROR] CGSA per-group parquet persist failed: symbol=DISKFULL config_hash=hash failure_type=io_error error=Insufficient disk space for L7 persist: need ~0.00 GiB (safety_factor=1.50, estimated_final=0.00 GiB, reclaimable_npy=0.00 GiB, net_growth=0.00 GiB, max_inflight_staging=0.00 GiB, largest_group=grp_one:0.00 GiB), available 0.00 GiB at /private/var/folders/_c/3xdf41hd3tvgxpx63mrml2c00000gn/T/pytest-of-louis/pytest-188/test_l7_disk_precheck_raises_w0/features/DISKFULL/hash; groups=1; clear data_cache/cgsa_work/* or lower FFACT_L7_DISK_SAFETY_FACTOR if you accept the risk.
Traceback (most recent call last):
  File "/Users/louis/Desktop/quantitative_trading_system/momentum/FeatureEngineering/feature_storage.py", line 2357, in persist_registry_to_parquet
    self._precheck_l7_disk_space(
  File "/Users/louis/Desktop/quantitative_trading_system/momentum/FeatureEngineering/feature_storage.py", line 2702, in _precheck_l7_disk_space
    raise OSError(
OSError: Insufficient disk space for L7 persist: need ~0.00 GiB (safety_factor=1.50, estimated_final=0.00 GiB, reclaimable_npy=0.00 GiB, net_growth=0.00 GiB, max_inflight_staging=0.00 GiB, largest_group=grp_one:0.00 GiB), available 0.00 GiB at /private/var/folders/_c/3xdf41hd3tvgxpx63mrml2c00000gn/T/pytest-of-louis/pytest-188/test_l7_disk_precheck_raises_w0/features/DISKFULL/hash; groups=1; clear data_cache/cgsa_work/* or lower FFACT_L7_DISK_SAFETY_FACTOR if you accept the risk.
PASSED                                                                   [ 68%]
tests/momentum/test_feature_storage.py::test_l7_disk_precheck_accounts_for_reclaimable_npy 
-------------------------------- live log call ---------------------------------
05:40:35 [INFO] [L7] Disk pre-check OK: required=0.01 GiB (safety x1.50), estimated_final=1.86 GiB, reclaimable_npy=3.73 GiB, net_growth=0.00 GiB, max_inflight_staging=0.01 GiB, largest_group=grp_0:0.00 GiB, free=1.00 GiB, groups=1000
PASSED                                                                   [ 68%]
tests/momentum/test_feature_storage.py::test_edge_case_corrupted_metadata 
-------------------------------- live log setup --------------------------------
05:40:35 [INFO] 開始提取特徵 - 策略: ema_three_line, 數據行數: 322
05:40:35 [INFO] 提取價格特徵: 8 個
05:40:35 [INFO] 提取成交量特徵: 6 個
05:40:35 [INFO] 使用數據源 'close' 計算 EMA 特徵
05:40:35 [INFO] 提取 ema_three_line 策略特徵: 14 個 (數據源: close)
05:40:35 [INFO] 提取信號特徵: 3 個
05:40:35 [INFO] 特徵提取完成 - 總共 31 個特徵
-------------------------------- live log call ---------------------------------
05:40:35 [INFO] 開始儲存特徵 - 案例: TEST_CORRUPTED, 檔案: /private/var/folders/_c/3xdf41hd3tvgxpx63mrml2c00000gn/T/pytest-of-louis/pytest-188/test_edge_case_corrupted_metad0/test_features/TEST_CORRUPTED.h5
05:40:35 [INFO] 特徵儲存完成 - 樣本數: 322, 特徵數: 31, 檔案大小: 45.88 KB
05:40:35 [INFO] 開始讀取特徵 - 案例: TEST_CORRUPTED, 檔案: /private/var/folders/_c/3xdf41hd3tvgxpx63mrml2c00000gn/T/pytest-of-louis/pytest-188/test_edge_case_corrupted_metad0/test_features/TEST_CORRUPTED.h5
05:40:35 [INFO] 特徵讀取完成 - 樣本數: 322, 特徵數: 31
PASSED                                                                   [ 68%]
tests/momentum/test_feature_validator.py::test_feature_validation 
-------------------------------- live log setup --------------------------------
05:40:35 [INFO] 開始提取特徵 - 策略: ema_three_line, 數據行數: 322
05:40:35 [INFO] 提取價格特徵: 8 個
05:40:35 [INFO] 提取成交量特徵: 6 個
05:40:35 [INFO] 使用數據源 'close' 計算 EMA 特徵
05:40:35 [INFO] 提取 ema_three_line 策略特徵: 14 個 (數據源: close)
05:40:35 [INFO] 提取信號特徵: 3 個
05:40:35 [INFO] 特徵提取完成 - 總共 31 個特徵
-------------------------------- live log call ---------------------------------
05:40:35 [INFO] 開始驗證特徵 - 特徵數量: 31, 樣本數量: 322
05:40:35 [WARNING] 發現 7 對高相關性特徵:
05:40:35 [WARNING]   taker_buy_ratio <-> taker_buy_value_ratio: 0.9996
05:40:35 [WARNING]   taker_buy_ratio <-> taker_ratio_distance_60: 1.0000
05:40:35 [WARNING]   taker_buy_value_ratio <-> taker_ratio_distance_60: 0.9996
05:40:35 [WARNING]   close_ema5_value <-> close_ema20_value: 0.9680
05:40:35 [WARNING]   close_ema20_value <-> close_ema60_value: 0.9617
05:40:35 [INFO] 驗證完成 - 通過: True, 警告數: 1
PASSED                                                                   [ 68%]
tests/momentum/test_feature_validator.py::test_validate_correlation_threshold 
-------------------------------- live log setup --------------------------------
05:40:35 [INFO] 開始提取特徵 - 策略: ema_three_line, 數據行數: 322
05:40:35 [INFO] 提取價格特徵: 8 個
05:40:35 [INFO] 提取成交量特徵: 6 個
05:40:35 [INFO] 使用數據源 'close' 計算 EMA 特徵
05:40:35 [INFO] 提取 ema_three_line 策略特徵: 14 個 (數據源: close)
05:40:35 [INFO] 提取信號特徵: 3 個
05:40:35 [INFO] 特徵提取完成 - 總共 31 個特徵
-------------------------------- live log call ---------------------------------
05:40:35 [WARNING] 發現 7 對高相關性特徵:
05:40:35 [WARNING]   taker_buy_ratio <-> taker_buy_value_ratio: 0.9996
05:40:35 [WARNING]   taker_buy_ratio <-> taker_ratio_distance_60: 1.0000
05:40:35 [WARNING]   taker_buy_value_ratio <-> taker_ratio_distance_60: 0.9996
05:40:35 [WARNING]   close_ema5_value <-> close_ema20_value: 0.9680
05:40:35 [WARNING]   close_ema20_value <-> close_ema60_value: 0.9617
PASSED                                                                   [ 68%]
tests/momentum/test_feature_validator.py::test_validate_no_future_leak 
-------------------------------- live log setup --------------------------------
05:40:35 [INFO] 開始提取特徵 - 策略: ema_three_line, 數據行數: 322
05:40:35 [INFO] 提取價格特徵: 8 個
05:40:35 [INFO] 提取成交量特徵: 6 個
05:40:35 [INFO] 使用數據源 'close' 計算 EMA 特徵
05:40:35 [INFO] 提取 ema_three_line 策略特徵: 14 個 (數據源: close)
05:40:35 [INFO] 提取信號特徵: 3 個
05:40:35 [INFO] 特徵提取完成 - 總共 31 個特徵
-------------------------------- live log call ---------------------------------
05:40:35 [INFO] 未來函數檢查通過 (基於時間序列遞增)
PASSED                                                                   [ 69%]
tests/momentum/test_feature_validator.py::test_fill_nan_values 
-------------------------------- live log call ---------------------------------
05:40:35 [INFO] NaN 值填補完成 - 方法: forward
PASSED                                                                   [ 69%]
tests/momentum/test_feature_validator.py::test_edge_case_constant_features 
-------------------------------- live log call ---------------------------------
05:40:35 [INFO] 開始驗證特徵 - 特徵數量: 3, 樣本數量: 5
05:40:35 [INFO] 驗證完成 - 通過: True, 警告數: 1
PASSED                                                                   [ 69%]
tests/momentum/test_feature_validator.py::test_edge_case_all_nan 
-------------------------------- live log call ---------------------------------
05:40:35 [INFO] NaN 值填補完成 - 方法: forward
PASSED                                                                   [ 69%]
tests/momentum/test_ic_1eb_b2_wiring.py::test_t21a_stage5_p_matches_kernel_direct 
-------------------------------- live log call ---------------------------------
05:40:35 [INFO] IC config loaded
05:40:35 [WARNING] Falling back to configured label horizon because labels_df is unavailable
PASSED                                                                   [ 69%]
tests/momentum/test_ic_1eb_b2_wiring.py::test_t21b_mf_leg_a_hac_pass_leg_b_pooled_fails 
-------------------------------- live log call ---------------------------------
05:40:35 [INFO] IC config loaded
05:40:35 [WARNING] Falling back to configured label horizon because labels_df is unavailable
05:40:35 [WARNING] Falling back to configured label horizon because labels_df is unavailable
PASSED                                                                   [ 69%]
tests/momentum/test_ic_1eb_b2_wiring.py::test_t21c_mh_structure_no_pooled_in_production PASSED [ 69%]
tests/momentum/test_ic_1eb_b2_wiring.py::test_t22a_mb_fdr_control_independent_and_correlated 
-------------------------------- live log call ---------------------------------
05:40:35 [INFO] IC config loaded
05:40:35 [WARNING] Falling back to configured label horizon because labels_df is unavailable
05:40:35 [INFO] IC config loaded
05:40:35 [WARNING] Falling back to configured label horizon because labels_df is unavailable
05:40:36 [INFO] IC config loaded
05:40:36 [WARNING] Falling back to configured label horizon because labels_df is unavailable
05:40:36 [INFO] IC config loaded
05:40:36 [WARNING] Falling back to configured label horizon because labels_df is unavailable
05:40:37 [INFO] IC config loaded
05:40:37 [WARNING] Falling back to configured label horizon because labels_df is unavailable
05:40:37 [INFO] IC config loaded
05:40:37 [WARNING] Falling back to configured label horizon because labels_df is unavailable
05:40:37 [INFO] IC config loaded
05:40:37 [WARNING] Falling back to configured label horizon because labels_df is unavailable
05:40:38 [INFO] IC config loaded
05:40:38 [WARNING] Falling back to configured label horizon because labels_df is unavailable
05:40:38 [INFO] IC config loaded
05:40:38 [WARNING] Falling back to configured label horizon because labels_df is unavailable
05:40:39 [INFO] IC config loaded
05:40:39 [WARNING] Falling back to configured label horizon because labels_df is unavailable
05:40:39 [INFO] IC config loaded
05:40:39 [WARNING] Falling back to configured label horizon because labels_df is unavailable
05:40:39 [INFO] IC config loaded
05:40:39 [WARNING] Falling back to configured label horizon because labels_df is unavailable
05:40:40 [INFO] IC config loaded
05:40:40 [WARNING] Falling back to configured label horizon because labels_df is unavailable
05:40:40 [INFO] IC config loaded
05:40:40 [WARNING] Falling back to configured label horizon because labels_df is unavailable
05:40:41 [INFO] IC config loaded
05:40:41 [WARNING] Falling back to configured label horizon because labels_df is unavailable
05:40:41 [INFO] IC config loaded
05:40:41 [WARNING] Falling back to configured label horizon because labels_df is unavailable
05:40:41 [INFO] IC config loaded
05:40:41 [WARNING] Falling back to configured label horizon because labels_df is unavailable
05:40:42 [INFO] IC config loaded
05:40:42 [WARNING] Falling back to configured label horizon because labels_df is unavailable
05:40:42 [INFO] IC config loaded
05:40:42 [WARNING] Falling back to configured label horizon because labels_df is unavailable
05:40:43 [INFO] IC config loaded
05:40:43 [WARNING] Falling back to configured label horizon because labels_df is unavailable
05:40:43 [INFO] IC config loaded
05:40:43 [WARNING] Falling back to configured label horizon because labels_df is unavailable
05:40:44 [INFO] IC config loaded
05:40:44 [WARNING] Falling back to configured label horizon because labels_df is unavailable
05:40:44 [INFO] IC config loaded
05:40:44 [WARNING] Falling back to configured label horizon because labels_df is unavailable
05:40:44 [INFO] IC config loaded
05:40:44 [WARNING] Falling back to configured label horizon because labels_df is unavailable
05:40:45 [INFO] IC config loaded
05:40:45 [WARNING] Falling back to configured label horizon because labels_df is unavailable
05:40:45 [INFO] IC config loaded
05:40:45 [WARNING] Falling back to configured label horizon because labels_df is unavailable
05:40:46 [INFO] IC config loaded
05:40:46 [WARNING] Falling back to configured label horizon because labels_df is unavailable
05:40:46 [INFO] IC config loaded
05:40:46 [WARNING] Falling back to configured label horizon because labels_df is unavailable
05:40:46 [INFO] IC config loaded
05:40:46 [WARNING] Falling back to configured label horizon because labels_df is unavailable
05:40:47 [INFO] IC config loaded
05:40:47 [WARNING] Falling back to configured label horizon because labels_df is unavailable
05:40:47 [INFO] IC config loaded
05:40:47 [WARNING] Falling back to configured label horizon because labels_df is unavailable
05:40:48 [INFO] IC config loaded
05:40:48 [WARNING] Falling back to configured label horizon because labels_df is unavailable
05:40:48 [INFO] IC config loaded
05:40:48 [WARNING] Falling back to configured label horizon because labels_df is unavailable
05:40:48 [INFO] IC config loaded
05:40:48 [WARNING] Falling back to configured label horizon because labels_df is unavailable
05:40:49 [INFO] IC config loaded
05:40:49 [WARNING] Falling back to configured label horizon because labels_df is unavailable
05:40:49 [INFO] IC config loaded
05:40:49 [WARNING] Falling back to configured label horizon because labels_df is unavailable
05:40:50 [INFO] IC config loaded
05:40:50 [WARNING] Falling back to configured label horizon because labels_df is unavailable
05:40:50 [INFO] IC config loaded
05:40:50 [WARNING] Falling back to configured label horizon because labels_df is unavailable
05:40:50 [INFO] IC config loaded
05:40:50 [WARNING] Falling back to configured label horizon because labels_df is unavailable
05:40:51 [INFO] IC config loaded
05:40:51 [WARNING] Falling back to configured label horizon because labels_df is unavailable
05:40:51 [INFO] IC config loaded
05:40:51 [WARNING] Falling back to configured label horizon because labels_df is unavailable
05:40:52 [INFO] IC config loaded
05:40:52 [WARNING] Falling back to configured label horizon because labels_df is unavailable
05:40:52 [INFO] IC config loaded
05:40:52 [WARNING] Falling back to configured label horizon because labels_df is unavailable
05:40:53 [INFO] IC config loaded
05:40:53 [WARNING] Falling back to configured label horizon because labels_df is unavailable
05:40:53 [INFO] IC config loaded
05:40:53 [WARNING] Falling back to configured label horizon because labels_df is unavailable
05:40:54 [INFO] IC config loaded
05:40:54 [WARNING] Falling back to configured label horizon because labels_df is unavailable
05:40:54 [INFO] IC config loaded
05:40:54 [WARNING] Falling back to configured label horizon because labels_df is unavailable
05:40:55 [INFO] IC config loaded
05:40:55 [WARNING] Falling back to configured label horizon because labels_df is unavailable
05:40:55 [INFO] IC config loaded
05:40:55 [WARNING] Falling back to configured label horizon because labels_df is unavailable
05:40:56 [INFO] IC config loaded
05:40:56 [WARNING] Falling back to configured label horizon because labels_df is unavailable
05:40:56 [INFO] IC config loaded
05:40:56 [WARNING] Falling back to configured label horizon because labels_df is unavailable
05:40:57 [INFO] IC config loaded
05:40:57 [WARNING] Falling back to configured label horizon because labels_df is unavailable
05:40:57 [INFO] IC config loaded
05:40:57 [WARNING] Falling back to configured label horizon because labels_df is unavailable
05:40:58 [INFO] IC config loaded
05:40:58 [WARNING] Falling back to configured label horizon because labels_df is unavailable
05:40:58 [INFO] IC config loaded
05:40:58 [WARNING] Falling back to configured label horizon because labels_df is unavailable
05:40:59 [INFO] IC config loaded
05:40:59 [WARNING] Falling back to configured label horizon because labels_df is unavailable
05:40:59 [INFO] IC config loaded
05:40:59 [WARNING] Falling back to configured label horizon because labels_df is unavailable
05:41:00 [INFO] IC config loaded
05:41:00 [WARNING] Falling back to configured label horizon because labels_df is unavailable
05:41:00 [INFO] IC config loaded
05:41:00 [WARNING] Falling back to configured label horizon because labels_df is unavailable
05:41:01 [INFO] IC config loaded
05:41:01 [WARNING] Falling back to configured label horizon because labels_df is unavailable
05:41:01 [INFO] IC config loaded
05:41:01 [WARNING] Falling back to configured label horizon because labels_df is unavailable
05:41:02 [INFO] IC config loaded
05:41:02 [WARNING] Falling back to configured label horizon because labels_df is unavailable
05:41:02 [INFO] IC config loaded
05:41:02 [WARNING] Falling back to configured label horizon because labels_df is unavailable
05:41:03 [INFO] IC config loaded
05:41:03 [WARNING] Falling back to configured label horizon because labels_df is unavailable
05:41:03 [INFO] IC config loaded
05:41:03 [WARNING] Falling back to configured label horizon because labels_df is unavailable
05:41:04 [INFO] IC config loaded
05:41:04 [WARNING] Falling back to configured label horizon because labels_df is unavailable
05:41:04 [INFO] IC config loaded
05:41:04 [WARNING] Falling back to configured label horizon because labels_df is unavailable
05:41:05 [INFO] IC config loaded
05:41:05 [WARNING] Falling back to configured label horizon because labels_df is unavailable
05:41:05 [INFO] IC config loaded
05:41:05 [WARNING] Falling back to configured label horizon because labels_df is unavailable
05:41:06 [INFO] IC config loaded
05:41:06 [WARNING] Falling back to configured label horizon because labels_df is unavailable
05:41:06 [INFO] IC config loaded
05:41:06 [WARNING] Falling back to configured label horizon because labels_df is unavailable
05:41:07 [INFO] IC config loaded
05:41:07 [WARNING] Falling back to configured label horizon because labels_df is unavailable
05:41:07 [INFO] IC config loaded
05:41:07 [WARNING] Falling back to configured label horizon because labels_df is unavailable
05:41:08 [INFO] IC config loaded
05:41:08 [WARNING] Falling back to configured label horizon because labels_df is unavailable
05:41:08 [INFO] IC config loaded
05:41:08 [WARNING] Falling back to configured label horizon because labels_df is unavailable
05:41:09 [INFO] IC config loaded
05:41:09 [WARNING] Falling back to configured label horizon because labels_df is unavailable
05:41:09 [INFO] IC config loaded
05:41:09 [WARNING] Falling back to configured label horizon because labels_df is unavailable
05:41:10 [INFO] IC config loaded
05:41:10 [WARNING] Falling back to configured label horizon because labels_df is unavailable
05:41:10 [INFO] IC config loaded
05:41:10 [WARNING] Falling back to configured label horizon because labels_df is unavailable
05:41:11 [INFO] IC config loaded
05:41:11 [WARNING] Falling back to configured label horizon because labels_df is unavailable
PASSED                                                                   [ 69%]
tests/momentum/test_ic_1eb_b2_wiring.py::test_t22a_production_fdr_uses_full_universe_n_tests 
-------------------------------- live log call ---------------------------------
05:41:11 [INFO] IC config loaded
05:41:11 [WARNING] Falling back to configured label horizon because labels_df is unavailable
PASSED                                                                   [ 69%]
tests/momentum/test_ic_1eb_b2_wiring.py::test_t22b_md_scope_mismatch_turns_red 
-------------------------------- live log call ---------------------------------
05:41:11 [INFO] IC config loaded
PASSED                                                                   [ 69%]
tests/momentum/test_ic_1eb_b2_wiring.py::test_t22c_alpha_policy_six_cells 
-------------------------------- live log call ---------------------------------
05:41:11 [INFO] IC config loaded
05:41:11 [WARNING] Falling back to configured label horizon because labels_df is unavailable
05:41:11 [WARNING] Falling back to configured label horizon because labels_df is unavailable
05:41:11 [WARNING] Falling back to configured label horizon because labels_df is unavailable
05:41:11 [WARNING] Falling back to configured label horizon because labels_df is unavailable
05:41:11 [WARNING] Falling back to configured label horizon because labels_df is unavailable
05:41:11 [WARNING] Falling back to configured label horizon because labels_df is unavailable
PASSED                                                                   [ 69%]
tests/momentum/test_ic_1eb_b2_wiring.py::test_t22d_threshold_log_fields 
-------------------------------- live log call ---------------------------------
05:41:11 [INFO] IC config loaded
05:41:11 [WARNING] Falling back to configured label horizon because labels_df is unavailable
PASSED                                                                   [ 70%]
tests/momentum/test_ic_1eb_b2_wiring.py::test_t23b_selection_scope_in_stage5_and_mutation_raises 
-------------------------------- live log call ---------------------------------
05:41:11 [INFO] IC config loaded
05:41:11 [WARNING] Falling back to configured label horizon because labels_df is unavailable
PASSED                                                                   [ 70%]
tests/momentum/test_ic_1eb_b2_wiring.py::test_t23b_report_metadata_contains_selection_scope 
-------------------------------- live log call ---------------------------------
05:41:11 [INFO] IC config loaded
05:41:11 [WARNING] Falling back to configured label horizon because labels_df is unavailable
PASSED                                                                   [ 70%]
tests/momentum/test_ic_1eb_b2_wiring.py::test_t23_full_scope_refuses_fabricated_unknown_symbol 
-------------------------------- live log call ---------------------------------
05:41:11 [INFO] IC config loaded
05:41:11 [WARNING] Falling back to configured label horizon because labels_df is unavailable
05:41:11 [WARNING] Falling back to configured label horizon because labels_df is unavailable
05:41:11 [WARNING] Falling back to configured label horizon because labels_df is unavailable
PASSED                                                                   [ 70%]
tests/momentum/test_ic_1eb_b2_wiring.py::test_t22_refilter_oos_scope_remains_test 
-------------------------------- live log call ---------------------------------
05:41:12 [INFO] IC config loaded
PASSED                                                                   [ 70%]
tests/momentum/test_ic_1eb_b2_wiring.py::test_t24_reporter_new_columns_and_old_order_byte PASSED [ 70%]
tests/momentum/test_ic_1eb_b2_wiring.py::test_t25_ghost_significance_filter_absent_in_tree PASSED [ 70%]
tests/momentum/test_ic_1eb_b3_xsec.py::test_t31a_xsec_p_not_none_matches_kernel_and_separates_iid 
-------------------------------- live log call ---------------------------------
05:41:12 [INFO] IC config loaded
PASSED                                                                   [ 70%]
tests/momentum/test_ic_1eb_b3_xsec.py::test_t31a_iid_mutation_would_fail_separation 
-------------------------------- live log call ---------------------------------
05:41:12 [INFO] IC config loaded
PASSED                                                                   [ 70%]
tests/momentum/test_ic_1eb_b3_xsec.py::test_t31b_labels_path_return_5_maxlags_floor 
-------------------------------- live log call ---------------------------------
05:41:12 [INFO] IC config loaded
PASSED                                                                   [ 70%]
tests/momentum/test_ic_1eb_b3_xsec.py::test_t31b_resolve_on_label_renamed_is_none PASSED [ 71%]
tests/momentum/test_ic_1eb_b3_xsec.py::test_t31b_mutation_resolve_after_rename_loses_horizon 
-------------------------------- live log call ---------------------------------
05:41:12 [INFO] IC config loaded
PASSED                                                                   [ 71%]
tests/momentum/test_ic_1eb_b3_xsec.py::test_t31c_horizon_unresolved_p_all_nan 
-------------------------------- live log call ---------------------------------
05:41:12 [INFO] IC config loaded
PASSED                                                                   [ 71%]
tests/momentum/test_ic_1eb_b3_xsec.py::test_t31_inframe_return_5_no_labels_path 
-------------------------------- live log call ---------------------------------
05:41:12 [INFO] IC config loaded
PASSED                                                                   [ 71%]
tests/momentum/test_ic_1eb_b3_xsec.py::test_t31_inframe_multi_return_n_picks_min_n 
-------------------------------- live log call ---------------------------------
05:41:12 [INFO] IC config loaded
PASSED                                                                   [ 71%]
tests/momentum/test_ic_1eb_b3_xsec.py::test_t31_inframe_label_beats_return_n 
-------------------------------- live log call ---------------------------------
05:41:13 [INFO] IC config loaded
PASSED                                                                   [ 71%]
tests/momentum/test_ic_1eb_b3_xsec.py::test_t31_sort_still_by_icir_no_threshold 
-------------------------------- live log call ---------------------------------
05:41:13 [INFO] IC config loaded
PASSED                                                                   [ 71%]
tests/momentum/test_ic_1eb_b3_xsec.py::test_t31_fdr_q_matches_apply_fdr 
-------------------------------- live log call ---------------------------------
05:41:13 [INFO] IC config loaded
PASSED                                                                   [ 71%]
tests/momentum/test_ic_1eb_b4_fullstack.py::test_t41_schema_default_fdr_on 
-------------------------------- live log call ---------------------------------
05:41:13 [INFO] IC config loaded
PASSED                                                                   [ 71%]
tests/momentum/test_ic_1eb_b4_fullstack.py::test_t41_no_flat_fdr_enabled_alias PASSED [ 71%]
tests/momentum/test_ic_1eb_b4_fullstack.py::test_t41_preset_intermediate_maps_fdr_on 
-------------------------------- live log call ---------------------------------
05:41:13 [INFO] IC config loaded
05:41:13 [INFO] IC config loaded
PASSED                                                                   [ 71%]
tests/momentum/test_ic_1eb_b4_fullstack.py::test_t41_hop_chain_fdr_false_to_report_metadata 
-------------------------------- live log call ---------------------------------
05:41:13 [INFO] IC config loaded
05:41:13 [WARNING] Falling back to configured label horizon because labels_df is unavailable
05:41:13 [INFO] IC config loaded
PASSED                                                                   [ 72%]
tests/momentum/test_ic_1eb_b4_fullstack.py::test_t41_hop_chain_fdr_true 
-------------------------------- live log call ---------------------------------
05:41:13 [INFO] IC config loaded
05:41:13 [WARNING] Falling back to configured label horizon because labels_df is unavailable
PASSED                                                                   [ 72%]
tests/momentum/test_ic_1eb_b4_fullstack.py::test_t41_stage5_consumes_maxlags_from_schema 
-------------------------------- live log call ---------------------------------
05:41:13 [INFO] IC config loaded
05:41:13 [WARNING] Falling back to configured label horizon because labels_df is unavailable
PASSED                                                                   [ 72%]
tests/momentum/test_ic_1eb_b4_fullstack.py::test_t41_stage5_consumes_fdr_method_from_schema 
-------------------------------- live log call ---------------------------------
05:41:13 [INFO] IC config loaded
05:41:13 [WARNING] Falling back to configured label horizon because labels_df is unavailable
PASSED                                                                   [ 72%]
tests/momentum/test_ic_1eb_b4_fullstack.py::test_t43_mg_two_state_fdr_gate_full_e2e 
-------------------------------- live log call ---------------------------------
05:41:13 [INFO] IC config loaded
05:41:13 [INFO] IC config loaded
05:41:13 [INFO] Data preprocessing complete: columns=16
05:41:13 [INFO] IC autocorr persistent: count=16
05:41:13 [WARNING] Falling back to configured label horizon because labels_df is unavailable
05:41:13 [INFO] Redundancy filter completed: method=greedy input=3 output=3
05:41:13 [INFO] IC config loaded
05:41:13 [INFO] IC config loaded
05:41:13 [INFO] Data preprocessing complete: columns=16
05:41:13 [INFO] IC autocorr persistent: count=16
05:41:13 [WARNING] Falling back to configured label horizon because labels_df is unavailable
05:41:13 [INFO] Redundancy filter completed: method=greedy input=3 output=3
05:41:13 [INFO] IC config loaded
05:41:13 [INFO] IC config loaded
05:41:14 [INFO] Data preprocessing complete: columns=16
05:41:14 [INFO] IC autocorr persistent: count=16
05:41:14 [WARNING] Falling back to configured label horizon because labels_df is unavailable
05:41:14 [INFO] Redundancy filter completed: method=greedy input=3 output=3
05:41:14 [INFO] IC config loaded
05:41:14 [INFO] IC config loaded
05:41:14 [INFO] Data preprocessing complete: columns=16
05:41:14 [INFO] IC autocorr persistent: count=16
05:41:14 [WARNING] Falling back to configured label horizon because labels_df is unavailable
05:41:14 [INFO] Redundancy filter completed: method=greedy input=3 output=3
05:41:14 [INFO] IC config loaded
05:41:14 [INFO] IC config loaded
05:41:14 [INFO] Data preprocessing complete: columns=16
05:41:14 [INFO] IC autocorr persistent: count=16
05:41:14 [WARNING] Falling back to configured label horizon because labels_df is unavailable
05:41:14 [INFO] Redundancy filter completed: method=greedy input=5 output=5
05:41:14 [INFO] IC config loaded
05:41:14 [INFO] IC config loaded
05:41:14 [INFO] Data preprocessing complete: columns=16
05:41:14 [INFO] IC autocorr persistent: count=16
05:41:14 [WARNING] Falling back to configured label horizon because labels_df is unavailable
05:41:14 [INFO] Redundancy filter completed: method=greedy input=4 output=4
PASSED                                                                   [ 72%]
tests/momentum/test_ic_1eb_b4_fullstack.py::test_t43_legacy_report_null_p_compat_fields_present PASSED [ 72%]
tests/momentum/test_ic_1eb_b4_fullstack.py::test_t41_off_method_never_none 
-------------------------------- live log call ---------------------------------
05:41:14 [INFO] IC config loaded
05:41:14 [WARNING] Falling back to configured label horizon because labels_df is unavailable
PASSED                                                                   [ 72%]
tests/momentum/test_ic_1eb_b4_fullstack.py::test_t41_xsec_metadata_has_alpha_effective_and_canonical_method 
-------------------------------- live log call ---------------------------------
05:41:14 [INFO] IC config loaded
PASSED                                                                   [ 72%]
tests/momentum/test_ic_config.py::test_load_ic_config_defaults 
-------------------------------- live log call ---------------------------------
05:41:15 [INFO] IC config loaded
PASSED                                                                   [ 72%]
tests/momentum/test_ic_config.py::test_load_ic_config_merge 
-------------------------------- live log call ---------------------------------
05:41:15 [INFO] IC config loaded
PASSED                                                                   [ 72%]
tests/momentum/test_ic_config.py::test_read_yaml_missing_required PASSED [ 73%]
tests/momentum/test_ic_config.py::test_read_yaml_invalid_format PASSED   [ 73%]
tests/momentum/test_ic_config.py::test_load_ic_config_rejects_invalid_override PASSED [ 73%]
tests/momentum/test_ic_config.py::test_load_ic_config_missing_user_file 
-------------------------------- live log call ---------------------------------
05:41:15 [INFO] IC config loaded
PASSED                                                                   [ 73%]
tests/momentum/test_ic_crash_real_config.py::test_stage4_grouped_uses_real_pydantic_config 
-------------------------------- live log call ---------------------------------
05:41:15 [INFO] IC config loaded
PASSED                                                                   [ 73%]
tests/momentum/test_ic_crash_real_config.py::test_default_grouped_config_does_not_raise_with_kline 
-------------------------------- live log call ---------------------------------
05:41:15 [INFO] IC config loaded
05:41:15 [INFO] Decay: 2/2 fit warnings summarized (low_variance=2)
PASSED                                                                   [ 73%]
tests/momentum/test_ic_cross_sectional_cut2.py::test_cross_sectional_labels_path_single_axis_raises 
-------------------------------- live log call ---------------------------------
05:41:15 [INFO] IC config loaded
PASSED                                                                   [ 73%]
tests/momentum/test_ic_cross_sectional_cut2.py::test_cross_sectional_labels_path_absent_uses_column 
-------------------------------- live log call ---------------------------------
05:41:15 [INFO] IC config loaded
PASSED                                                                   [ 73%]
tests/momentum/test_ic_cross_sectional_cut2.py::test_cross_sectional_oos_split_gap_and_test_only 
-------------------------------- live log call ---------------------------------
05:41:15 [INFO] IC config loaded
05:41:15 [INFO] IC config loaded
PASSED                                                                   [ 73%]
tests/momentum/test_ic_cross_sectional_cut2.py::test_cross_sectional_oos_train_pollution_does_not_change_output 
-------------------------------- live log call ---------------------------------
05:41:15 [INFO] IC config loaded
PASSED                                                                   [ 73%]
tests/momentum/test_ic_cross_sectional_cut2.py::test_cross_sectional_oos_split_mutation_shrunk_purge_fails 
-------------------------------- live log call ---------------------------------
05:41:15 [INFO] IC config loaded
PASSED                                                                   [ 73%]
tests/momentum/test_ic_cross_sectional_cut2.py::test_cross_sectional_coverage_guard_mutation_disabled_allows_bad_data 
-------------------------------- live log call ---------------------------------
05:41:15 [INFO] IC config loaded
05:41:15 [INFO] IC config loaded
PASSED                                                                   [ 74%]
tests/momentum/test_ic_cross_sectional_cut2.py::test_cross_sectional_e2e_real_path_append_and_analyze 
-------------------------------- live log call ---------------------------------
05:41:15 [INFO] Loaded feature registry with 6 entries
05:41:15 [INFO] Loaded feature registry with 6 entries
05:41:15 [INFO] KlineStorageManager initialized: data_cache/feature_klines/kline_cache.h5
05:41:15 [INFO] Read 1696 klines from BTCUSDT/12h in 0.005s
05:41:15 [INFO] Read 1696 klines from ETHUSDT/12h in 0.004s
05:41:15 [INFO] Read 1696 klines from BCHUSDT/12h in 0.003s
05:41:15 [INFO] IC config loaded
PASSED                                                                   [ 74%]
tests/momentum/test_ic_decay_log.py::test_compute_ic_decay_aggregates_fit_warnings 
-------------------------------- live log call ---------------------------------
05:41:16 [INFO] Decay: 1/2 fit warnings summarized (low_variance=1)
PASSED                                                                   [ 74%]
tests/momentum/test_ic_decay_log.py::test_compute_ic_decay_logs_summary_when_all_fits_succeed 
-------------------------------- live log call ---------------------------------
05:41:16 [INFO] Decay: 0/1 fit warnings summarized (none)
PASSED                                                                   [ 74%]
tests/momentum/test_ic_e2e.py::TestICGatekeeperE2E::test_full_pipeline_global_mode 
-------------------------------- live log call ---------------------------------
05:41:16 [INFO] IC config loaded
05:41:16 [INFO] Resolved label horizon from labels_df column
05:41:16 [INFO] Resolved label horizon from labels_df column
05:41:16 [INFO] Data preprocessing complete: columns=8
05:41:16 [INFO] IC autocorr persistent: count=8
05:41:16 [WARNING] Falling back to configured label horizon because labels_df is unavailable
05:41:16 [INFO] Redundancy filter completed: method=greedy input=5 output=5
05:41:16 [INFO] Filtered features saved: data_cache/features/BTCUSDT_12h_filtered.h5
05:41:16 [INFO] IC report saved: data_cache/reports/ic_report_ic_e2e_test.json
PASSED                                                                   [ 74%]
tests/momentum/test_ic_e2e.py::TestICGatekeeperE2E::test_refilter_uses_cache 
-------------------------------- live log call ---------------------------------
05:41:16 [INFO] IC config loaded
05:41:16 [INFO] Resolved label horizon from labels_df column
05:41:16 [INFO] Resolved label horizon from labels_df column
05:41:16 [INFO] Data preprocessing complete: columns=6
05:41:16 [INFO] IC autocorr persistent: count=6
05:41:16 [WARNING] Falling back to configured label horizon because labels_df is unavailable
05:41:16 [INFO] Redundancy filter completed: method=greedy input=5 output=5
05:41:16 [INFO] Filtered features saved: data_cache/features/BTCUSDT_12h_filtered.h5
05:41:16 [INFO] IC report saved: data_cache/reports/ic_report_ic_e2e_test.json
05:41:16 [WARNING] Falling back to configured label horizon because labels_df is unavailable
05:41:16 [INFO] Redundancy filter completed: method=greedy input=5 output=5
05:41:16 [INFO] Filtered features saved: data_cache/features/BTCUSDT_12h_filtered.h5
05:41:16 [INFO] IC report saved: data_cache/reports/ic_report_ic_e2e_test.json
PASSED                                                                   [ 74%]
tests/momentum/test_ic_e2e.py::TestICGatekeeperE2E::test_event_mode_with_query 
-------------------------------- live log call ---------------------------------
05:41:16 [INFO] IC config loaded
05:41:16 [INFO] Resolved label horizon from labels_df column
05:41:16 [INFO] Resolved label horizon from labels_df column
05:41:16 [INFO] Data preprocessing complete: columns=6
05:41:16 [INFO] IC autocorr persistent: count=4
05:41:16 [WARNING] Falling back to configured label horizon because labels_df is unavailable
05:41:16 [INFO] Redundancy filter completed: method=greedy input=5 output=5
05:41:16 [INFO] Filtered features saved: data_cache/features/BTCUSDT_12h_filtered.h5
05:41:16 [INFO] IC report saved: data_cache/reports/ic_report_ic_e2e_test.json
PASSED                                                                   [ 74%]
tests/momentum/test_ic_e2e.py::TestICGatekeeperE2E::test_report_json_structure 
-------------------------------- live log call ---------------------------------
05:41:16 [INFO] IC config loaded
05:41:16 [INFO] Resolved label horizon from labels_df column
05:41:16 [INFO] Resolved label horizon from labels_df column
05:41:16 [INFO] Data preprocessing complete: columns=5
05:41:16 [INFO] IC autocorr persistent: count=5
05:41:16 [WARNING] Falling back to configured label horizon because labels_df is unavailable
05:41:16 [INFO] Redundancy filter completed: method=greedy input=4 output=4
05:41:16 [INFO] Filtered features saved: data_cache/features/BTCUSDT_12h_filtered.h5
05:41:16 [INFO] IC report saved: data_cache/reports/ic_report_ic_e2e_test.json
PASSED                                                                   [ 74%]
tests/momentum/test_ic_e2e.py::TestICGatekeeperE2E::test_performance_800_features SKIPPED [ 74%]
tests/momentum/test_ic_engine.py::test_compute_ic_matches_scipy PASSED   [ 74%]
tests/momentum/test_ic_engine.py::test_compute_rolling_ic_and_icir PASSED [ 75%]
tests/momentum/test_ic_engine.py::test_rolling_window_adjustment_by_timeframe PASSED [ 75%]
tests/momentum/test_ic_engine.py::test_compute_ic_decay_outputs_peak_horizon 
-------------------------------- live log call ---------------------------------
05:41:16 [INFO] Decay: 0/3 fit warnings summarized (none)
PASSED                                                                   [ 75%]
tests/momentum/test_ic_engine.py::test_fit_exponential_decay_identifies_exponential PASSED [ 75%]
tests/momentum/test_ic_engine.py::test_grouped_ic_by_year_and_category PASSED [ 75%]
tests/momentum/test_ic_engine.py::test_grouped_ic_by_regime PASSED       [ 75%]
tests/momentum/test_ic_engine.py::test_align_label_to_group_rejects_equal_length_misalignment PASSED [ 75%]
tests/momentum/test_ic_engine.py::test_align_label_to_group_reindexes_subset_labels PASSED [ 75%]
tests/momentum/test_ic_engine.py::test_ic_autocorrelation_high_for_stable_series 
-------------------------------- live log call ---------------------------------
05:41:16 [INFO] IC autocorr persistent: count=1
PASSED                                                                   [ 75%]
tests/momentum/test_ic_engine.py::test_ic_autocorrelation_zero_std_branch PASSED [ 75%]
tests/momentum/test_ic_engine.py::test_compute_ic_empty_and_short_inputs PASSED [ 76%]
tests/momentum/test_ic_engine.py::test_compute_ic_kendall_and_unknown_method 
-------------------------------- live log call ---------------------------------
05:41:16 [WARNING] Unknown IC method=unknown, fallback to spearman
05:41:16 [WARNING] Unknown IC method=unknown, fallback to spearman
05:41:16 [WARNING] Unknown IC method=unknown, fallback to spearman
PASSED                                                                   [ 76%]
tests/momentum/test_ic_engine.py::test_compute_rolling_ic_empty_alignment PASSED [ 76%]
tests/momentum/test_ic_engine.py::test_compute_rolling_ic_pearson_short_window PASSED [ 76%]
tests/momentum/test_ic_engine.py::test_compute_returns_fallback 
-------------------------------- live log call ---------------------------------
05:41:16 [WARNING] Unsupported return_type=unknown, fallback to simple
PASSED                                                                   [ 76%]
tests/momentum/test_ic_engine.py::test_select_icir_series_fallbacks PASSED [ 76%]
tests/momentum/test_ic_engine.py::test_time_index_parsing_and_alignment PASSED [ 76%]
tests/momentum/test_ic_engine.py::test_regime_groups_empty_and_missing_close PASSED [ 76%]
tests/momentum/test_ic_engine.py::test_metadata_groups_empty_metadata PASSED [ 76%]
tests/momentum/test_ic_engine.py::test_rolling_corr_matrix_edges PASSED  [ 76%]
tests/momentum/test_ic_engine.py::test_compute_icir_empty_values PASSED  [ 76%]
tests/momentum/test_ic_engine.py::test_grouped_ic_quarter_and_metadata_groups PASSED [ 77%]
tests/momentum/test_ic_engine.py::test_ic_autocorrelation_edge_cases PASSED [ 77%]
tests/momentum/test_ic_engine.py::test_fit_exponential_decay_edge_cases PASSED [ 77%]
tests/momentum/test_ic_engine.py::test_pairwise_corr_edge_cases PASSED   [ 77%]
tests/momentum/test_ic_engine.py::test_timeframe_parsing_and_adjustment 
-------------------------------- live log call ---------------------------------
05:41:16 [WARNING] Invalid timeframe for rolling windows: bad
PASSED                                                                   [ 77%]
tests/momentum/test_ic_engine.py::test_iter_time_groups_quarter PASSED   [ 77%]
tests/momentum/test_ic_engine.py::test_compute_vectorized_ic_single_feature PASSED [ 77%]
tests/momentum/test_ic_engine.py::test_rolling_spearman_branches PASSED  [ 77%]
tests/momentum/test_ic_engine.py::test_select_peak_horizon_all_nan PASSED [ 77%]
tests/momentum/test_ic_engine.py::test_compute_returns_log_branch PASSED [ 77%]
tests/momentum/test_ic_engine.py::test_select_icir_series_weird_dict PASSED [ 78%]
tests/momentum/test_ic_engine.py::test_iter_time_groups_missing_time_index PASSED [ 78%]
tests/momentum/test_ic_engine.py::test_get_time_index_non_numeric_column PASSED [ 78%]
tests/momentum/test_ic_engine.py::test_regime_groups_empty_vol_values PASSED [ 78%]
tests/momentum/test_ic_engine.py::test_metadata_groups_skip_none_values PASSED [ 78%]
tests/momentum/test_ic_engine.py::test_align_with_raw_data_empty_and_reindex PASSED [ 78%]
tests/momentum/test_ic_engine.py::test_compute_vectorized_ic_short_rows PASSED [ 78%]
tests/momentum/test_ic_engine.py::test_parse_timeframe_hours_unknown_unit PASSED [ 78%]
tests/momentum/test_ic_engine.py::test_rolling_spearman_nan_and_valid PASSED [ 78%]
tests/momentum/test_ic_engine.py::test_rolling_spearman_nan_label_branch PASSED [ 78%]
tests/momentum/test_ic_engine.py::test_fit_exponential_decay_low_r2_warning PASSED [ 78%]
tests/momentum/test_ic_engine_performance.py::test_ic_engine_performance_targets_200x10k SKIPPED [ 79%]
tests/momentum/test_ic_engine_performance.py::test_ic_engine_stress_800x10k SKIPPED [ 79%]
tests/momentum/test_ic_feature_filter.py::test_load_ic_config_keeps_feature_filter_override 
-------------------------------- live log call ---------------------------------
05:41:17 [INFO] IC config loaded
PASSED                                                                   [ 79%]
tests/momentum/test_ic_feature_filter.py::test_feature_filter_none_keeps_all_features 
-------------------------------- live log call ---------------------------------
05:41:17 [INFO] IC config loaded
PASSED                                                                   [ 79%]
tests/momentum/test_ic_feature_filter.py::test_feature_filter_max_features_uses_sorted_stable_subset 
-------------------------------- live log call ---------------------------------
05:41:17 [INFO] IC config loaded
05:41:17 [INFO] IC config loaded
PASSED                                                                   [ 79%]
tests/momentum/test_ic_feature_filter.py::test_feature_filter_metadata_dimensions_do_not_preview_truncate 
-------------------------------- live log call ---------------------------------
05:41:17 [INFO] IC config loaded
PASSED                                                                   [ 79%]
tests/momentum/test_ic_feature_filter.py::test_feature_filter_empty_result_fails_closed 
-------------------------------- live log call ---------------------------------
05:41:17 [INFO] IC config loaded
PASSED                                                                   [ 79%]
tests/momentum/test_ic_feature_filter.py::test_analyze_applies_feature_filter_metadata_and_summary_limit 
-------------------------------- live log call ---------------------------------
05:41:17 [INFO] IC config loaded
05:41:17 [INFO] Resolved label horizon from labels_df column
05:41:17 [INFO] Resolved label horizon from labels_df column
05:41:17 [INFO] Data preprocessing complete: columns=8
05:41:17 [INFO] IC autocorr persistent: count=3
05:41:17 [WARNING] Falling back to configured label horizon because labels_df is unavailable
05:41:17 [INFO] IC report saved: data_cache/reports/ic_report_ic_gatekeeper.json
PASSED                                                                   [ 79%]
tests/momentum/test_ic_feature_filter.py::test_feature_filter_45000_columns_stable_sorted_subset 
-------------------------------- live log call ---------------------------------
05:41:17 [INFO] IC config loaded
05:41:17 [WARNING] feature_filter received 45000 features; no implicit truncation applied
05:41:17 [INFO] IC config loaded
05:41:17 [WARNING] feature_filter received 45000 features; no implicit truncation applied
PASSED                                                                   [ 79%]
tests/momentum/test_ic_filter_orchestrator.py::test_ic_filter_orchestrator_analyze 
-------------------------------- live log call ---------------------------------
05:41:17 [INFO] IC config loaded
05:41:17 [INFO] Resolved label horizon from labels_df column
05:41:17 [INFO] Resolved label horizon from labels_df column
05:41:17 [INFO] Data preprocessing complete: columns=8
05:41:17 [INFO] IC autocorr persistent: count=8
05:41:17 [WARNING] Falling back to configured label horizon because labels_df is unavailable
05:41:17 [WARNING] Falling back to configured label horizon because labels_df is unavailable
PASSED                                                                   [ 79%]
tests/momentum/test_ic_filter_orchestrator.py::test_event_filter_fallback 
-------------------------------- live log call ---------------------------------
05:41:17 [INFO] IC config loaded
05:41:17 [INFO] IC config loaded
05:41:17 [INFO] Resolved label horizon from labels_df column
05:41:17 [INFO] Resolved label horizon from labels_df column
05:41:17 [INFO] Data preprocessing complete: columns=5
05:41:17 [WARNING] Insufficient events: n=0
05:41:17 [INFO] IC autocorr persistent: count=5
05:41:17 [WARNING] Falling back to configured label horizon because labels_df is unavailable
PASSED                                                                   [ 80%]
tests/momentum/test_ic_filter_orchestrator.py::test_analyze_cross_sectional_includes_symbol_matrix_and_validation 
-------------------------------- live log call ---------------------------------
05:41:17 [INFO] IC config loaded
PASSED                                                                   [ 80%]
tests/momentum/test_ic_filter_orchestrator.py::test_cross_sectional_labels_path_accepts_epoch_seconds_index 
-------------------------------- live log call ---------------------------------
05:41:17 [INFO] IC config loaded
PASSED                                                                   [ 80%]
tests/momentum/test_ic_filter_orchestrator.py::test_cross_sectional_labels_path_rejects_unsorted_index 
-------------------------------- live log call ---------------------------------
05:41:17 [INFO] IC config loaded
PASSED                                                                   [ 80%]
tests/momentum/test_ic_filter_orchestrator.py::test_build_cross_symbol_validation_skips_when_symbol_insufficient 
-------------------------------- live log call ---------------------------------
05:41:17 [INFO] IC config loaded
PASSED                                                                   [ 80%]
tests/momentum/test_ic_filter_orchestrator.py::test_refilter_without_cache_raises 
-------------------------------- live log call ---------------------------------
05:41:17 [INFO] IC config loaded
PASSED                                                                   [ 80%]
tests/momentum/test_ic_filter_orchestrator.py::test_get_top_features_empty_report 
-------------------------------- live log call ---------------------------------
05:41:17 [INFO] IC config loaded
PASSED                                                                   [ 80%]
tests/momentum/test_ic_filter_orchestrator.py::test_get_top_features_empty_summary_table 
-------------------------------- live log call ---------------------------------
05:41:17 [INFO] IC config loaded
PASSED                                                                   [ 80%]
tests/momentum/test_ic_filter_orchestrator.py::test_validate_input_errors 
-------------------------------- live log call ---------------------------------
05:41:17 [INFO] IC config loaded
PASSED                                                                   [ 80%]
tests/momentum/test_ic_filter_orchestrator.py::test_select_label_series_branches 
-------------------------------- live log call ---------------------------------
05:41:17 [INFO] IC config loaded
05:41:17 [INFO] IC config loaded
PASSED                                                                   [ 80%]
tests/momentum/test_ic_filter_orchestrator.py::test_build_correlation_payload_empty 
-------------------------------- live log call ---------------------------------
05:41:17 [INFO] IC config loaded
PASSED                                                                   [ 80%]
tests/momentum/test_ic_filter_orchestrator.py::test_collect_ic_decay_warnings_and_metadata 
-------------------------------- live log call ---------------------------------
05:41:17 [INFO] IC config loaded
PASSED                                                                   [ 81%]
tests/momentum/test_ic_filter_orchestrator.py::test_stage5_statistical_validation_adjusted_p_threshold 
-------------------------------- live log call ---------------------------------
05:41:17 [INFO] IC config loaded
05:41:17 [INFO] IC config loaded
05:41:17 [WARNING] Falling back to configured label horizon because labels_df is unavailable
PASSED                                                                   [ 81%]
tests/momentum/test_ic_filter_orchestrator.py::test_apply_config_override_rejects_non_dict 
-------------------------------- live log call ---------------------------------
05:41:17 [INFO] IC config loaded
PASSED                                                                   [ 81%]
tests/momentum/test_ic_filter_orchestrator.py::test_passes_threshold_inverse_and_nan PASSED [ 81%]
tests/momentum/test_ic_filter_orchestrator.py::test_load_hdf5_and_meta_errors 
-------------------------------- live log call ---------------------------------
05:41:17 [INFO] IC config loaded
PASSED                                                                   [ 81%]
tests/momentum/test_ic_filter_orchestrator.py::test_report_progress_callback_errors 
-------------------------------- live log call ---------------------------------
05:41:17 [INFO] IC config loaded
05:41:17 [WARNING] Progress callback failed: boom
PASSED                                                                   [ 81%]
tests/momentum/test_ic_filter_orchestrator.py::test_get_top_features_sorted_and_report_access 
-------------------------------- live log call ---------------------------------
05:41:17 [INFO] IC config loaded
PASSED                                                                   [ 81%]
tests/momentum/test_ic_filter_orchestrator.py::test_get_filtered_features_returns_copy 
-------------------------------- live log call ---------------------------------
05:41:17 [INFO] IC config loaded
PASSED                                                                   [ 81%]
tests/momentum/test_ic_filter_orchestrator.py::test_stage0_ingestion_uses_meta_and_reindexes_labels 
-------------------------------- live log call ---------------------------------
05:41:17 [INFO] IC config loaded
PASSED                                                                   [ 81%]
tests/momentum/test_ic_filter_orchestrator.py::test_validate_input_missing_metadata_feature 
-------------------------------- live log call ---------------------------------
05:41:17 [INFO] IC config loaded
PASSED                                                                   [ 81%]
tests/momentum/test_ic_filter_orchestrator.py::test_stage2_label_generation_with_kline_reader 
-------------------------------- live log call ---------------------------------
05:41:17 [INFO] IC config loaded
05:41:18 [INFO] IC config loaded
05:41:18 [WARNING] Falling back to configured label horizon because labels_df is unavailable
PASSED                                                                   [ 82%]
tests/momentum/test_ic_filter_orchestrator.py::test_stage2_label_generation_missing_reader_raises 
-------------------------------- live log call ---------------------------------
05:41:18 [INFO] IC config loaded
05:41:18 [INFO] IC config loaded
PASSED                                                                   [ 82%]
tests/momentum/test_ic_filter_orchestrator.py::test_stage2_label_generation_missing_close_raises 
-------------------------------- live log call ---------------------------------
05:41:18 [INFO] IC config loaded
05:41:18 [INFO] IC config loaded
PASSED                                                                   [ 82%]
tests/momentum/test_ic_filter_orchestrator.py::test_alignment_gate_stage2_normalizes_kline_axis_and_preserves_values 
-------------------------------- live log call ---------------------------------
05:41:18 [INFO] IC config loaded
05:41:18 [WARNING] Falling back to configured label horizon because labels_df is unavailable
PASSED                                                                   [ 82%]
tests/momentum/test_ic_filter_orchestrator.py::test_alignment_gate_stage0_external_labels_reject_rangeindex 
-------------------------------- live log call ---------------------------------
05:41:18 [INFO] IC config loaded
PASSED                                                                   [ 82%]
tests/momentum/test_ic_filter_orchestrator.py::test_alignment_gate_stage0_wrong_tf_raises 
-------------------------------- live log call ---------------------------------
05:41:18 [INFO] IC config loaded
PASSED                                                                   [ 82%]
tests/momentum/test_ic_filter_orchestrator.py::test_alignment_gate_m5_dual_leg 
-------------------------------- live log call ---------------------------------
05:41:18 [INFO] IC config loaded
05:41:18 [INFO] IC config loaded
PASSED                                                                   [ 82%]
tests/momentum/test_ic_filter_orchestrator.py::test_alignment_gate_stage0_and_stage2_close_preserve_raw_dtype 
-------------------------------- live log call ---------------------------------
05:41:18 [INFO] IC config loaded
05:41:18 [WARNING] Falling back to configured label horizon because labels_df is unavailable
PASSED                                                                   [ 82%]
tests/momentum/test_ic_filter_orchestrator.py::test_alignment_gate_m6_noop_validate_keeps_ic_output_sha 
-------------------------------- live log call ---------------------------------
05:41:18 [INFO] IC config loaded
05:41:18 [INFO] Resolved label horizon from labels_df column
05:41:18 [INFO] Resolved label horizon from labels_df column
05:41:18 [INFO] Data preprocessing complete: columns=2
05:41:18 [INFO] IC autocorr persistent: count=1
05:41:18 [WARNING] Falling back to configured label horizon because labels_df is unavailable
05:41:18 [INFO] Redundancy filter completed: method=greedy input=1 output=1
05:41:18 [INFO] Resolved label horizon from labels_df column
05:41:18 [INFO] Resolved label horizon from labels_df column
05:41:18 [INFO] Data preprocessing complete: columns=2
05:41:18 [INFO] IC autocorr persistent: count=1
05:41:18 [WARNING] Falling back to configured label horizon because labels_df is unavailable
05:41:18 [INFO] Redundancy filter completed: method=greedy input=1 output=1
PASSED                                                                   [ 82%]
tests/momentum/test_ic_filter_orchestrator.py::test_slice_alignment_same_length_misaligned_label_raises PASSED [ 82%]
tests/momentum/test_ic_filter_orchestrator.py::test_slice_alignment_raw_data_misaligned_same_length_raises PASSED [ 83%]
tests/momentum/test_ic_filter_orchestrator.py::test_stage3_event_filter_uses_raw_data 
-------------------------------- live log call ---------------------------------
05:41:18 [INFO] IC config loaded
05:41:18 [INFO] IC config loaded
PASSED                                                                   [ 83%]
tests/momentum/test_ic_filter_orchestrator.py::test_stage4_ic_calculation_with_kline_reader 
-------------------------------- live log call ---------------------------------
05:41:18 [INFO] IC config loaded
05:41:18 [INFO] IC autocorr persistent: count=2
05:41:18 [INFO] Decay: 2/2 fit warnings summarized (insufficient_points=2)
PASSED                                                                   [ 83%]
tests/momentum/test_ic_filter_orchestrator.py::test_select_label_series_single_and_fallback 
-------------------------------- live log call ---------------------------------
05:41:18 [INFO] IC config loaded
PASSED                                                                   [ 83%]
tests/momentum/test_ic_filter_orchestrator.py::test_apply_thresholds_missing_and_long_short 
-------------------------------- live log call ---------------------------------
05:41:18 [INFO] IC config loaded
PASSED                                                                   [ 83%]
tests/momentum/test_ic_filter_orchestrator.py::test_collect_ic_decay_warnings_empty_and_non_dict 
-------------------------------- live log call ---------------------------------
05:41:18 [INFO] IC config loaded
PASSED                                                                   [ 83%]
tests/momentum/test_ic_filter_orchestrator.py::test_filter_feature_metadata_empty 
-------------------------------- live log call ---------------------------------
05:41:18 [INFO] IC config loaded
PASSED                                                                   [ 83%]
tests/momentum/test_ic_filter_orchestrator.py::test_resolve_case_id_and_filtered_path_default 
-------------------------------- live log call ---------------------------------
05:41:18 [INFO] IC config loaded
PASSED                                                                   [ 83%]
tests/momentum/test_ic_filter_orchestrator.py::test_load_features_hdf5_edge_cases 
-------------------------------- live log call ---------------------------------
05:41:18 [INFO] IC config loaded
PASSED                                                                   [ 83%]
tests/momentum/test_ic_filter_orchestrator.py::test_load_labels_hdf5_edge_cases 
-------------------------------- live log call ---------------------------------
05:41:18 [INFO] IC config loaded
PASSED                                                                   [ 83%]
tests/momentum/test_ic_filter_orchestrator.py::test_load_meta_json_empty_path 
-------------------------------- live log call ---------------------------------
05:41:18 [INFO] IC config loaded
PASSED                                                                   [ 83%]
tests/momentum/test_ic_filter_orchestrator.py::test_select_first_group_and_read_names 
-------------------------------- live log call ---------------------------------
05:41:18 [INFO] IC config loaded
PASSED                                                                   [ 84%]
tests/momentum/test_ic_phase0_golden.py::test_grouped_baseline PASSED    [ 84%]
tests/momentum/test_ic_phase0_golden.py::test_feature_filter_baseline 
-------------------------------- live log call ---------------------------------
05:41:18 [INFO] IC config loaded
PASSED                                                                   [ 84%]
tests/momentum/test_ic_phase0_golden.py::test_decay_baseline 
-------------------------------- live log call ---------------------------------
05:41:18 [INFO] Decay: 1/2 fit warnings summarized (low_variance=1)
PASSED                                                                   [ 84%]
tests/momentum/test_ic_reporter.py::test_report_generation_and_persistence 
-------------------------------- live log call ---------------------------------
05:41:18 [INFO] IC report saved: /private/var/folders/_c/3xdf41hd3tvgxpx63mrml2c00000gn/T/pytest-of-louis/pytest-188/test_report_generation_and_per0/reports/ic_report_case_1.json
PASSED                                                                   [ 84%]
tests/momentum/test_ic_reporter.py::test_save_filtered_features 
-------------------------------- live log call ---------------------------------
05:41:18 [INFO] Filtered features saved: /private/var/folders/_c/3xdf41hd3tvgxpx63mrml2c00000gn/T/pytest-of-louis/pytest-188/test_save_filtered_features0/filtered.h5
PASSED                                                                   [ 84%]
tests/momentum/test_ic_reporter.py::test_generate_ai_summary_empty_table PASSED [ 84%]
tests/momentum/test_ic_reporter.py::test_save_filtered_features_errors PASSED [ 84%]
tests/momentum/test_ic_reporter.py::test_sample_rolling_series_non_dict PASSED [ 84%]
tests/momentum/test_ic_reporter.py::test_generate_filter_log_skips_none PASSED [ 84%]
tests/momentum/test_ic_reporter.py::test_extract_timestamps_branches PASSED [ 85%]
tests/momentum/test_ic_reporter.py::test_sample_rolling_series_limits_and_windows PASSED [ 85%]
tests/momentum/test_ic_timeaxis.py::test_get_time_index_parses_second_epoch_as_datetime_index PASSED [ 85%]
tests/momentum/test_ic_timeaxis.py::test_iter_time_groups_handles_second_epoch_kline_shape PASSED [ 85%]
tests/momentum/test_ic_timeaxis.py::test_get_time_index_rejects_implausible_numeric_timestamps PASSED [ 85%]
tests/momentum/test_ic_timeaxis.py::test_get_time_index_parses_millisecond_epoch PASSED [ 85%]
tests/momentum/test_ic_timeaxis.py::test_get_time_index_rejects_nan_timestamp PASSED [ 85%]
tests/momentum/test_ic_timeaxis.py::test_get_time_index_rejects_exact_unsupported_magnitude PASSED [ 85%]
tests/momentum/test_ic_timeaxis.py::test_compute_grouped_ic_rejects_explicit_by_volatility PASSED [ 85%]
tests/momentum/test_label_generator_extended.py::test_generate_log_return PASSED [ 85%]
tests/momentum/test_label_generator_extended.py::test_generate_excess_return PASSED [ 85%]
tests/momentum/test_label_generator_extended.py::test_generate_risk_adjusted_return_handles_zero_vol PASSED [ 86%]
tests/momentum/test_label_generator_extended.py::test_generate_winsorized_return PASSED [ 86%]
tests/momentum/test_label_generator_extended.py::test_generate_returns_by_type_dispatch 
-------------------------------- live log call ---------------------------------
05:41:18 [ERROR] Unsupported return_type: unknown
PASSED                                                                   [ 86%]
tests/momentum/test_label_generator_extended.py::test_horizon_to_bars 
-------------------------------- live log call ---------------------------------
05:41:18 [ERROR] time_duration 10h is not aligned with timeframe 12h
PASSED                                                                   [ 86%]
tests/momentum/test_lightgbm_analyzer_phase3.py::test_lightgbm_protocol_and_train_predict 
-------------------------------- live log call ---------------------------------
05:41:18 [INFO] 開始訓練 LightGBM 模型 - 樣本數: 160, 特徵數: 8
05:41:18 [INFO] 標籤分佈: {0: 87, 1: 73}
05:41:18 [INFO] 訓練集: 128 樣本, 驗證集: 32 樣本
05:41:18 [INFO] 開始交叉驗證 - 3-fold CV
05:41:18 [INFO] Fold 1/3 - AUC: 0.9655, Precision: 0.9130, Recall: 0.8400, F1: 0.8750
05:41:18 [INFO] Fold 2/3 - AUC: 0.9626, Precision: 0.9130, Recall: 0.8750, F1: 0.8936
05:41:18 [INFO] Fold 3/3 - AUC: 0.9612, Precision: 0.8696, Recall: 0.8333, F1: 0.8511
05:41:18 [INFO] 校準指標 - Brier: 0.1708, ECE: 0.2984, 品質: poor
05:41:18 [WARNING] 校準品質偏低，建議重新調整模型或做機率校準
05:41:18 [INFO] 交叉驗證完成 - Train AUC: 0.9785, CV AUC: 0.9631 ± 0.0018, Overfitting: 0.0154
05:41:18 [INFO] 訓練完成 - Train AUC: 0.9785, CV AUC: 0.9631 ± 0.0018
PASSED                                                                   [ 86%]
tests/momentum/test_lightgbm_analyzer_phase3.py::test_lightgbm_required_errors_and_path_safety PASSED [ 86%]
tests/momentum/test_lightgbm_analyzer_phase3.py::test_lightgbm_save_load_and_type_mismatch 
-------------------------------- live log call ---------------------------------
05:41:18 [INFO] 開始訓練 LightGBM 模型 - 樣本數: 160, 特徵數: 8
05:41:18 [INFO] 標籤分佈: {0: 87, 1: 73}
05:41:18 [INFO] 訓練集: 128 樣本, 驗證集: 32 樣本
05:41:18 [INFO] 開始交叉驗證 - 3-fold CV
05:41:18 [INFO] Fold 1/3 - AUC: 0.9669, Precision: 0.9130, Recall: 0.8400, F1: 0.8750
05:41:18 [INFO] Fold 2/3 - AUC: 0.9605, Precision: 0.9130, Recall: 0.8750, F1: 0.8936
05:41:18 [INFO] Fold 3/3 - AUC: 0.9483, Precision: 0.8750, Recall: 0.8750, F1: 0.8750
05:41:18 [INFO] 校準指標 - Brier: 0.1708, ECE: 0.2984, 品質: poor
05:41:18 [WARNING] 校準品質偏低，建議重新調整模型或做機率校準
05:41:18 [INFO] 交叉驗證完成 - Train AUC: 0.9785, CV AUC: 0.9586 ± 0.0077, Overfitting: 0.0200
05:41:18 [INFO] 訓練完成 - Train AUC: 0.9785, CV AUC: 0.9586 ± 0.0077
05:41:18 [INFO] LightGBM 模型已儲存: /Users/louis/Desktop/quantitative_trading_system/data_cache/models/phase3_lgb_test.pkl
05:41:18 [INFO] 開始訓練 XGBoost 模型 - 樣本數: 160, 特徵數: 8
05:41:18 [INFO] 標籤分佈: {0: 87, 1: 73}
05:41:18 [INFO] 訓練集: 128 樣本, 驗證集: 32 樣本
05:41:18 [INFO] 開始交叉驗證 - 3-fold CV
05:41:18 [INFO] Fold 1/3 - AUC: 0.9545, Precision: 0.9130, Recall: 0.8400, F1: 0.8750
05:41:18 [INFO] Fold 2/3 - AUC: 0.9555, Precision: 0.9130, Recall: 0.8750, F1: 0.8936
05:41:18 [INFO] Fold 3/3 - AUC: 0.9591, Precision: 0.8571, Recall: 0.7500, F1: 0.8000
05:41:18 [INFO] 校準指標 - Brier: 0.1914, ECE: 0.3329, 品質: poor
05:41:18 [WARNING] 校準品質偏低，建議重新調整模型或做機率校準
05:41:18 [INFO] 交叉驗證完成 - Train AUC: 0.9850, CV AUC: 0.9563 ± 0.0020, Overfitting: 0.0287
05:41:18 [INFO] 訓練完成 - Train AUC: 0.9846, CV AUC: 0.9563 ± 0.0020
05:41:18 [INFO] XGBoost 模型已儲存: /Users/louis/Desktop/quantitative_trading_system/data_cache/models/phase3_xgb_test.pkl
PASSED                                                                   [ 86%]
tests/momentum/test_memory_chunking.py::TestL65ColumnChunking::test_chunked_matches_non_chunked PASSED [ 86%]
tests/momentum/test_memory_chunking.py::TestL65ColumnChunking::test_empty_dataframe PASSED [ 86%]
tests/momentum/test_memory_chunking.py::TestL65ColumnChunking::test_single_column PASSED [ 86%]
tests/momentum/test_memory_chunking.py::TestL65ColumnChunking::test_all_nan_columns PASSED [ 87%]
tests/momentum/test_memory_chunking.py::TestL65ColumnChunking::test_constant_columns PASSED [ 87%]
tests/momentum/test_memory_chunking.py::TestL65ColumnChunking::test_chunk_size_env_var PASSED [ 87%]
tests/momentum/test_memory_chunking.py::TestL3StreamingVarianceFilter::test_streaming_output_matches_normal 
-------------------------------- live log call ---------------------------------
05:41:19 [INFO] [L3 streaming][numba][multi] step 2/2 (W5_std): 5→5 cols (-0 dead)
05:41:19 [INFO] [L3 streaming][numba][multi] complete: 10 total generated, 0 dead dropped, 10 survivors
PASSED                                                                   [ 87%]
tests/momentum/test_memory_chunking.py::TestL3StreamingVarianceFilter::test_variance_filter_removes_dead_columns 
-------------------------------- live log call ---------------------------------
05:41:19 [INFO] [L3 streaming][numba][multi] step 2/2 (W5_std): 7→5 cols (-2 dead)
05:41:19 [INFO] [L3 streaming][numba][multi] complete: 14 total generated, 4 dead dropped, 10 survivors
PASSED                                                                   [ 87%]
tests/momentum/test_memory_chunking.py::TestL3StreamingVarianceFilter::test_streaming_empty_input PASSED [ 87%]
tests/momentum/test_memory_chunking.py::TestL3StreamingVarianceFilter::test_variance_filter_standalone PASSED [ 87%]
tests/momentum/test_memory_chunking.py::TestMultiTFColumnBatchMerge::test_chunked_merge_matches_single 
-------------------------------- live log call ---------------------------------
05:41:19 [INFO] [MultiTF] Column-batch merge: 20 cols → 4 chunks of ≤5
05:41:20 [INFO] [MultiTF] Merged chunk 4/4
PASSED                                                                   [ 87%]
tests/momentum/test_memory_chunking.py::TestMultiTFColumnBatchMerge::test_chunked_merge_preserves_source_timestamps 
-------------------------------- live log call ---------------------------------
05:41:20 [INFO] [MultiTF] Column-batch merge: 10 cols → 4 chunks of ≤3
05:41:20 [INFO] [MultiTF] Merged chunk 4/4
PASSED                                                                   [ 87%]
tests/momentum/test_memory_chunking.py::TestMultiTFColumnBatchMerge::test_future_leak_validation_with_chunked_merge 
-------------------------------- live log call ---------------------------------
05:41:20 [INFO] [MultiTF] Column-batch merge: 10 cols → 4 chunks of ≤3
05:41:20 [INFO] [MultiTF] Merged chunk 4/4
PASSED                                                                   [ 87%]
tests/momentum/test_memory_chunking.py::TestMultiTFColumnBatchMerge::test_empty_source PASSED [ 88%]
tests/momentum/test_memory_chunking.py::TestMultiTFColumnBatchMerge::test_single_column_merge PASSED [ 88%]
tests/momentum/test_microstructure_indicators.py::test_micro_compute_all_feature_count_and_prefix PASSED [ 88%]
tests/momentum/test_microstructure_indicators.py::test_micro_feature_name_unique PASSED [ 88%]
tests/momentum/test_microstructure_indicators.py::test_micro_metadata_complete PASSED [ 88%]
tests/momentum/test_microstructure_indicators.py::test_amihud_zero_volume PASSED [ 88%]
tests/momentum/test_microstructure_indicators.py::test_ltr_zero_trades PASSED [ 88%]
tests/momentum/test_microstructure_indicators.py::test_micro_insufficient_data PASSED [ 88%]
tests/momentum/test_microstructure_indicators.py::test_constant_price PASSED [ 88%]
tests/momentum/test_microstructure_indicators.py::test_ofi_fallback 
-------------------------------- live log call ---------------------------------
05:41:20 [WARNING] taker_ratio missing, fallback to taker_buy_volume / volume
PASSED                                                                   [ 88%]
tests/momentum/test_microstructure_indicators.py::test_volume_spike PASSED [ 88%]
tests/momentum/test_microstructure_indicators.py::test_zero_range_bar PASSED [ 89%]
tests/momentum/test_microstructure_indicators.py::test_roll_positive_autocov PASSED [ 89%]
tests/momentum/test_microstructure_indicators.py::test_vpin_zero_volume PASSED [ 89%]
tests/momentum/test_microstructure_indicators.py::test_vpin_zero_sigma PASSED [ 89%]
tests/momentum/test_monotonicity_tester.py::test_quantile_returns_and_spread PASSED [ 89%]
tests/momentum/test_monotonicity_tester.py::test_monotonicity_score_perfect PASSED [ 89%]
tests/momentum/test_monotonicity_tester.py::test_quantile_downgrade_to_three PASSED [ 89%]
tests/momentum/test_monotonicity_tester.py::test_long_short_tstat_matches_scipy PASSED [ 89%]
tests/momentum/test_monotonicity_tester.py::test_empty_data_returns_nan_results PASSED [ 89%]
tests/momentum/test_monotonicity_tester.py::test_quantile_assign_failure_fallbacks PASSED [ 89%]
tests/momentum/test_monotonicity_tester.py::test_pooled_sharpe_edge_cases PASSED [ 90%]
tests/momentum/test_monotonicity_tester.py::test_monotonicity_score_empty_and_single PASSED [ 90%]
tests/momentum/test_monotonicity_tester.py::test_quantile_returns_handles_empty_bin PASSED [ 90%]
tests/momentum/test_monotonicity_tester.py::test_long_short_spread_quantile_bins_none PASSED [ 90%]
tests/momentum/test_monotonicity_tester.py::test_long_short_spread_empty_groups PASSED [ 90%]
tests/momentum/test_monotonicity_tester.py::test_assign_quantiles_error_paths 
-------------------------------- live log call ---------------------------------
05:41:20 [WARNING] qcut failed: bad
05:41:20 [WARNING] qcut failed: bad
PASSED                                                                   [ 90%]
tests/momentum/test_monotonicity_tester.py::test_assign_quantiles_actual_bins_less PASSED [ 90%]
tests/momentum/test_monotonicity_tester.py::test_pooled_sharpe_zero_variance PASSED [ 90%]
tests/momentum/test_oot_validator.py::test_split_and_evaluate PASSED     [ 90%]
tests/momentum/test_oot_validator.py::test_gap_severity PASSED           [ 90%]
tests/momentum/test_oot_validator.py::test_oot_split_errors_and_sorting PASSED [ 90%]
tests/momentum/test_oot_validator.py::test_predict_scores_and_auc_branches 
-------------------------------- live log call ---------------------------------
05:41:20 [WARNING] AUC 計算失敗: fail
PASSED                                                                   [ 91%]
tests/momentum/test_oot_validator.py::test_auc_single_class 
-------------------------------- live log call ---------------------------------
05:41:20 [WARNING] AUC 計算跳過: y 僅單一類別
PASSED                                                                   [ 91%]
tests/momentum/test_psi_calculator.py::test_compute_psi_and_classify PASSED [ 91%]
tests/momentum/test_psi_calculator.py::test_compute_all_features PASSED  [ 91%]
tests/momentum/test_psi_calculator.py::test_compute_psi_edge_cases 
-------------------------------- live log call ---------------------------------
05:41:20 [WARNING] PSI 分箱失敗: bad quantile
PASSED                                                                   [ 91%]
tests/momentum/test_psi_calculator.py::test_classify_psi_unknown PASSED  [ 91%]
tests/momentum/test_redundancy_filter.py::test_compute_correlation_matrix_values PASSED [ 91%]
tests/momentum/test_redundancy_filter.py::test_greedy_dedup_prefers_higher_icir PASSED [ 91%]
tests/momentum/test_redundancy_filter.py::test_hierarchical_clustering_selects_top_per_cluster PASSED [ 91%]
tests/momentum/test_redundancy_filter.py::test_vif_filter_removes_collinear PASSED [ 91%]
tests/momentum/test_redundancy_filter.py::test_diversification_metrics_coverages PASSED [ 92%]
tests/momentum/test_redundancy_filter.py::test_filter_empty_and_invalid_method PASSED [ 92%]
tests/momentum/test_redundancy_filter.py::test_correlation_matrix_with_nan PASSED [ 92%]
tests/momentum/test_redundancy_filter.py::test_vif_filter_handles_empty_and_single_feature PASSED [ 92%]
tests/momentum/test_redundancy_filter.py::test_compute_vif_scores_edge_cases PASSED [ 92%]
tests/momentum/test_redundancy_filter.py::test_diversification_metrics_empty_inputs PASSED [ 92%]
tests/momentum/test_redundancy_filter.py::test_filter_none_features_raises PASSED [ 92%]
tests/momentum/test_redundancy_filter.py::test_filter_hierarchical_and_vif_paths 
-------------------------------- live log call ---------------------------------
05:41:20 [INFO] Redundancy filter completed: method=hierarchical input=2 output=1
05:41:20 [INFO] Redundancy filter completed: method=vif input=2 output=1
PASSED                                                                   [ 92%]
tests/momentum/test_redundancy_filter.py::test_compute_correlation_matrix_empty PASSED [ 92%]
tests/momentum/test_redundancy_filter.py::test_greedy_dedup_empty_and_nan_correlations PASSED [ 92%]
tests/momentum/test_redundancy_filter.py::test_hierarchical_empty_and_single_feature PASSED [ 92%]
tests/momentum/test_redundancy_filter.py::test_vif_filter_breaks_and_tiebreaker PASSED [ 93%]
tests/momentum/test_redundancy_filter.py::test_vif_filter_breaks_on_max_vif_threshold PASSED [ 93%]
tests/momentum/test_redundancy_filter.py::test_vif_filter_breaks_on_low_vif_values PASSED [ 93%]
tests/momentum/test_redundancy_filter.py::test_vif_filter_breaks_when_max_vif_met PASSED [ 93%]
tests/momentum/test_redundancy_filter.py::test_vif_filter_breaks_when_max_vif_not_exceeded PASSED [ 93%]
tests/momentum/test_redundancy_filter.py::test_compute_vif_scores_single_feature PASSED [ 93%]
tests/momentum/test_redundancy_filter.py::test_compute_vif_scores_regression_exception 
-------------------------------- live log call ---------------------------------
05:41:20 [WARNING] VIF regression failed for a: boom
05:41:20 [WARNING] VIF regression failed for b: boom
PASSED                                                                   [ 93%]
tests/momentum/test_redundancy_filter.py::test_score_value_branches PASSED [ 93%]
tests/momentum/test_redundancy_filter.py::test_compute_coverage_no_total_values PASSED [ 93%]
tests/momentum/test_rolling_auc.py::test_rolling_auc_compute PASSED      [ 93%]
tests/momentum/test_rolling_auc.py::test_rolling_auc_input_errors PASSED [ 94%]
tests/momentum/test_rolling_auc.py::test_rolling_auc_branches PASSED     [ 94%]
tests/momentum/test_rolling_auc.py::test_rolling_auc_helpers PASSED      [ 94%]
tests/momentum/test_statistical_validator.py::test_compute_pooled_ic_statistics_deprecated_matches_ttest PASSED [ 94%]
tests/momentum/test_statistical_validator.py::test_adjust_multiple_comparisons PASSED [ 94%]
tests/momentum/test_statistical_validator.py::test_adjust_multiple_comparisons_empty_and_unknown 
-------------------------------- live log call ---------------------------------
05:41:20 [WARNING] Unknown adjustment method=unknown, return raw p-values
PASSED                                                                   [ 94%]
tests/momentum/test_statistical_validator.py::test_compute_stats_edge_cases PASSED [ 94%]
tests/momentum/test_statistical_validator.py::test_collect_values_and_to_list_branches PASSED [ 94%]
tests/momentum/test_statistical_validator.py::test_confidence_interval_edge_cases PASSED [ 94%]
tests/momentum/test_statistical_validator.py::test_t11a_hac_matches_statsmodels_oracle PASSED [ 94%]
tests/momentum/test_statistical_validator.py::test_t11a_explicit_maxlags_floor_raises PASSED [ 95%]
tests/momentum/test_statistical_validator.py::test_t11a_explicit_maxlags_legal_override PASSED [ 95%]
tests/momentum/test_statistical_validator.py::test_t11b_ma_ar1_false_positive_size PASSED [ 95%]
tests/momentum/test_statistical_validator.py::test_t11c_boundary_table PASSED [ 95%]
tests/momentum/test_statistical_validator.py::test_t11d_mi_use_t_not_normal_default PASSED [ 95%]
tests/momentum/test_statistical_validator.py::test_t12a_apply_fdr_matches_multipletests PASSED [ 95%]
tests/momentum/test_statistical_validator.py::test_t12b_apply_fdr_nan_preserve_and_n_tests PASSED [ 95%]
tests/momentum/test_statistical_validator.py::test_t13_block_bootstrap_agrees_with_kernel PASSED [ 95%]
tests/momentum/test_statistical_validator.py::test_t13_boundary_n_lt_2block_skips PASSED [ 95%]
tests/momentum/test_statistical_validator.py::test_t13_boundary_all_equal_rank_degenerate PASSED [ 95%]
tests/momentum/test_statistical_validator.py::test_t13_mutation_kernel_t_times_two_breaks_agreement PASSED [ 95%]
tests/momentum/test_tail_risk_indicators.py::test_tail_risk_compute_all_feature_count_and_prefix PASSED [ 96%]
tests/momentum/test_tail_risk_indicators.py::test_tail_risk_metadata_complete PASSED [ 96%]
tests/momentum/test_tail_risk_indicators.py::test_tail_risk_insufficient_data PASSED [ 96%]
tests/momentum/test_tail_risk_indicators.py::test_tail_risk_zero_returns PASSED [ 96%]
tests/momentum/test_tail_risk_indicators.py::test_tail_risk_one_sided PASSED [ 96%]
tests/momentum/test_tail_risk_indicators.py::test_tail_risk_rare_negative PASSED [ 96%]
tests/momentum/test_tail_risk_indicators.py::test_udvr_zero_downside PASSED [ 96%]
tests/momentum/test_tail_risk_indicators.py::test_tail_risk_extreme PASSED [ 96%]
tests/momentum/test_tail_risk_indicators.py::test_cvar_invalid_alpha PASSED [ 96%]
tests/momentum/test_tail_risk_indicators.py::test_tail_risk_many_nans PASSED [ 96%]
tests/momentum/test_tail_risk_indicators.py::test_mdd_monotonic_up PASSED [ 97%]
tests/momentum/test_tail_risk_indicators.py::test_mdd_monotonic_down PASSED [ 97%]
tests/momentum/test_tail_risk_indicators.py::test_mdd_invalid_price 
-------------------------------- live log call ---------------------------------
05:41:23 [WARNING] close has non-positive values, MDD set to NaN on invalid windows
PASSED                                                                   [ 97%]
tests/momentum/test_tier_config.py::test_default_tier_is_intermediate PASSED [ 97%]
tests/momentum/test_tier_config.py::test_foundation_preset_content PASSED [ 97%]
tests/momentum/test_tier_config.py::test_intermediate_preset_disabled_modules PASSED [ 97%]
tests/momentum/test_tier_config.py::test_advanced_preset_enables_all PASSED [ 97%]
tests/momentum/test_tier_config.py::test_custom_overrides_merge PASSED   [ 97%]
tests/momentum/test_tier_config.py::test_locked_features_cannot_disable PASSED [ 97%]
tests/momentum/test_tier_config.py::test_apply_tier_foundation_skips_deep PASSED [ 97%]
tests/momentum/test_tier_config.py::test_apply_tier_intermediate PASSED  [ 97%]
tests/momentum/test_tier_config.py::test_invalid_preset_rejected PASSED  [ 98%]
tests/momentum/test_tier_config.py::test_yaml_tier_config_merge 
-------------------------------- live log call ---------------------------------
05:41:23 [INFO] IC config loaded
PASSED                                                                   [ 98%]
tests/momentum/test_turnover_analyzer.py::test_quantile_turnover_matches_expected PASSED [ 98%]
tests/momentum/test_turnover_analyzer.py::test_rank_change_rate_for_increasing_series PASSED [ 98%]
tests/momentum/test_turnover_analyzer.py::test_factor_autocorrelation_matches_pandas PASSED [ 98%]
tests/momentum/test_turnover_analyzer.py::test_compute_all_outputs_metrics PASSED [ 98%]
tests/momentum/test_turnover_analyzer.py::test_net_ic_proxy PASSED       [ 98%]
tests/momentum/test_turnover_analyzer.py::test_turnover_handles_empty_and_qcut_failure 
-------------------------------- live log call ---------------------------------
05:41:23 [WARNING] qcut failed for turnover: qcut fail
PASSED                                                                   [ 98%]
tests/momentum/test_turnover_analyzer.py::test_rank_change_and_autocorr_empty PASSED [ 98%]
tests/momentum/test_turnover_analyzer.py::test_net_ic_proxy_nan_turnover PASSED [ 98%]
tests/momentum/test_turnover_analyzer.py::test_compute_all_defaults_num_quantiles PASSED [ 99%]
tests/momentum/test_turnover_analyzer.py::test_quantile_turnover_empty_changes PASSED [ 99%]
tests/momentum/test_turnover_analyzer.py::test_rank_change_rate_empty_diffs PASSED [ 99%]
tests/momentum/test_turnover_analyzer.py::test_compute_turnover_time_series_structure PASSED [ 99%]
tests/momentum/test_turnover_analyzer.py::test_compute_turnover_time_series_qcut_failure 
-------------------------------- live log call ---------------------------------
05:41:23 [WARNING] qcut failed for turnover time series: qcut fail
PASSED                                                                   [ 99%]
tests/momentum/test_xgboost_analyzer_purged_cv.py::test_train_with_purged_cv 
-------------------------------- live log call ---------------------------------
05:41:23 [INFO] 開始訓練 XGBoost 模型 - 樣本數: 150, 特徵數: 6
05:41:23 [INFO] 標籤分佈: {0: 83, 1: 67}
05:41:23 [INFO] 訓練集: 120 樣本, 驗證集: 30 樣本
05:41:23 [INFO] 開始交叉驗證 - 3-fold CV
05:41:23 [INFO] Fold 1/3 - 訓練: 39 → 37 (purge: -2), 驗證: 37 → 34
05:41:23 [INFO] Fold 1/3 - AUC: 0.5000, Precision: 0.0000, Recall: 0.0000, F1: 0.0000
05:41:23 [INFO] Fold 2/3 - 訓練: 76 → 74 (purge: -2), 驗證: 37 → 34
05:41:23 [INFO] Fold 2/3 - AUC: 0.9321, Precision: 0.8000, Recall: 0.5714, F1: 0.6667
05:41:23 [INFO] Fold 3/3 - 訓練: 113 → 111 (purge: -2), 驗證: 37 → 34
05:41:23 [INFO] Fold 3/3 - AUC: 0.9618, Precision: 0.9286, Recall: 0.8125, F1: 0.8667
05:41:23 [INFO] 校準指標 - Brier: 0.1371, ECE: 0.2917, 品質: poor
05:41:23 [WARNING] 校準品質偏低，建議重新調整模型或做機率校準
05:41:23 [INFO] 交叉驗證完成 - Train AUC: 0.9832, CV AUC: 0.7980 ± 0.2111, Overfitting: 0.1852
05:41:23 [WARNING] 檢測到過擬合 (overfitting score > 0.15): 0.1852
05:41:23 [INFO] 訓練完成 - Train AUC: 0.9901, CV AUC: 0.7980 ± 0.2111
PASSED                                                                   [ 99%]
tests/momentum/test_xgboost_analyzer_time_series.py::test_train_model_time_series_split 
-------------------------------- live log call ---------------------------------
05:41:23 [INFO] 開始訓練 XGBoost 模型 - 樣本數: 120, 特徵數: 6
05:41:23 [INFO] 標籤分佈: {0: 60, 1: 60}
05:41:23 [INFO] 訓練集: 96 樣本, 驗證集: 24 樣本
05:41:23 [INFO] 開始交叉驗證 - 3-fold CV
05:41:23 [INFO] Fold 1/3 - AUC: 0.5000, Precision: 0.5000, Recall: 1.0000, F1: 0.6667
05:41:23 [INFO] Fold 2/3 - AUC: 0.4444, Precision: 0.3846, Recall: 0.3333, F1: 0.3571
05:41:23 [INFO] Fold 3/3 - AUC: 0.4089, Precision: 0.3750, Recall: 0.2000, F1: 0.2609
05:41:23 [INFO] 校準指標 - Brier: 0.2445, ECE: 0.1233, 品質: poor
05:41:23 [WARNING] 校準品質偏低，建議重新調整模型或做機率校準
05:41:23 [INFO] 交叉驗證完成 - Train AUC: 0.6596, CV AUC: 0.4511 ± 0.0375, Overfitting: 0.2085
05:41:23 [WARNING] 檢測到過擬合 (overfitting score > 0.15): 0.2085
05:41:23 [INFO] 訓練完成 - Train AUC: 0.6947, CV AUC: 0.4511 ± 0.0375
PASSED                                                                   [ 99%]
tests/momentum/test_xgboost_calibration_pr_predictions.py::test_calibration_metrics_match_sklearn PASSED [ 99%]
tests/momentum/test_xgboost_calibration_pr_predictions.py::test_pr_auc_and_predictions_output 
-------------------------------- live log call ---------------------------------
05:41:23 [INFO] 開始訓練 XGBoost 模型 - 樣本數: 300, 特徵數: 8
05:41:23 [INFO] 標籤分佈: {0: 211, 1: 89}
05:41:23 [INFO] 訓練集: 240 樣本, 驗證集: 60 樣本
05:41:23 [INFO] 開始交叉驗證 - 3-fold CV
05:41:23 [INFO] Fold 1/3 - AUC: 0.9951, Precision: 1.0000, Recall: 0.8966, F1: 0.9455
05:41:23 [INFO] Fold 2/3 - AUC: 1.0000, Precision: 1.0000, Recall: 0.9333, F1: 0.9655
05:41:23 [INFO] Fold 3/3 - AUC: 1.0000, Precision: 1.0000, Recall: 0.9333, F1: 0.9655
05:41:23 [INFO] 校準指標 - Brier: 0.1834, ECE: 0.2889, 品質: poor
05:41:23 [WARNING] 校準品質偏低，建議重新調整模型或做機率校準
05:41:23 [INFO] 交叉驗證完成 - Train AUC: 1.0000, CV AUC: 0.9984 ± 0.0023, Overfitting: 0.0016
05:41:23 [INFO] 訓練完成 - Train AUC: 1.0000, CV AUC: 0.9984 ± 0.0023
PASSED                                                                   [ 99%]
tests/momentum/test_xgboost_protocol_methods_phase3.py::test_xgboost_protocol_methods_added 
-------------------------------- live log call ---------------------------------
05:41:23 [INFO] 開始訓練 XGBoost 模型 - 樣本數: 180, 特徵數: 8
05:41:23 [INFO] 標籤分佈: {0: 83, 1: 97}
05:41:23 [INFO] 訓練集: 144 樣本, 驗證集: 36 樣本
05:41:23 [INFO] 開始交叉驗證 - 3-fold CV
05:41:23 [INFO] Fold 1/3 - AUC: 0.9475, Precision: 0.8421, Recall: 1.0000, F1: 0.9143
05:41:23 [INFO] Fold 2/3 - AUC: 0.9503, Precision: 0.6596, Recall: 0.9688, F1: 0.7848
05:41:23 [INFO] Fold 3/3 - AUC: 0.9658, Precision: 0.7674, Recall: 1.0000, F1: 0.8684
05:41:23 [INFO] 校準指標 - Brier: 0.2109, ECE: 0.2831, 品質: poor
05:41:23 [WARNING] 校準品質偏低，建議重新調整模型或做機率校準
05:41:23 [INFO] 交叉驗證完成 - Train AUC: 0.9676, CV AUC: 0.9545 ± 0.0080, Overfitting: 0.0131
05:41:23 [INFO] 訓練完成 - Train AUC: 0.9783, CV AUC: 0.9545 ± 0.0080
05:41:23 [INFO] 特徵重要性計算完成 - 方法: gain, 前 3 名: ['feature_0', 'feature_1', 'feature_4']
PASSED                                                                   [ 99%]
tests/momentum/test_xgboost_protocol_methods_phase3.py::test_xgboost_model_path_safety_and_type_mismatch 
-------------------------------- live log call ---------------------------------
05:41:23 [INFO] 開始訓練 XGBoost 模型 - 樣本數: 180, 特徵數: 8
05:41:23 [INFO] 標籤分佈: {0: 83, 1: 97}
05:41:23 [INFO] 訓練集: 144 樣本, 驗證集: 36 樣本
05:41:23 [INFO] 開始交叉驗證 - 3-fold CV
05:41:23 [INFO] Fold 1/3 - AUC: 0.9475, Precision: 0.8421, Recall: 1.0000, F1: 0.9143
05:41:23 [INFO] Fold 2/3 - AUC: 0.9503, Precision: 0.6596, Recall: 0.9688, F1: 0.7848
05:41:23 [INFO] Fold 3/3 - AUC: 0.9658, Precision: 0.7674, Recall: 1.0000, F1: 0.8684
05:41:23 [INFO] 校準指標 - Brier: 0.2109, ECE: 0.2831, 品質: poor
05:41:23 [WARNING] 校準品質偏低，建議重新調整模型或做機率校準
05:41:23 [INFO] 交叉驗證完成 - Train AUC: 0.9676, CV AUC: 0.9545 ± 0.0080, Overfitting: 0.0131
05:41:23 [INFO] 訓練完成 - Train AUC: 0.9783, CV AUC: 0.9545 ± 0.0080
05:41:23 [INFO] XGBoost 模型已儲存: /Users/louis/Desktop/quantitative_trading_system/data_cache/models/phase3_xgb_protocol.pkl
PASSED                                                                   [100%]

=============================== warnings summary ===============================
tests/momentum/Analysis/test_lightgbm_analyzer.py: 55 warnings
tests/momentum/Analysis/test_lightgbm_edge_cases.py: 200 warnings
tests/momentum/Analysis/test_model_trainer_protocol.py: 5 warnings
tests/momentum/test_lightgbm_analyzer_phase3.py: 10 warnings
  /Users/louis/Desktop/quantitative_trading_system/venv/lib/python3.9/site-packages/sklearn/utils/validation.py:2739: UserWarning: X does not have valid feature names, but LGBMClassifier was fitted with feature names
    warnings.warn(

tests/momentum/Analysis/test_lightgbm_analyzer.py::test_shap_methods_smoke
tests/momentum/Analysis/test_lightgbm_analyzer.py::test_shap_methods_smoke
tests/momentum/Analysis/test_lightgbm_edge_cases.py::test_h1_shap_sample_size_handling[1-lightgbm]
tests/momentum/Analysis/test_lightgbm_edge_cases.py::test_h1_shap_sample_size_handling[5-lightgbm]
tests/momentum/Analysis/test_lightgbm_edge_cases.py::test_h1_shap_sample_size_handling[20-lightgbm]
tests/momentum/Analysis/test_lightgbm_edge_cases.py::test_h1_shap_sample_size_handling[50-lightgbm]
tests/momentum/Analysis/test_lightgbm_edge_cases.py::test_h1_shap_sample_size_handling[9999-lightgbm]
tests/momentum/Analysis/test_shared_analyzers_lightgbm.py::test_lightgbm_shap_global_and_single_case
tests/momentum/Analysis/test_shared_analyzers_lightgbm.py::test_lightgbm_shap_global_and_single_case
  /Users/louis/Desktop/quantitative_trading_system/venv/lib/python3.9/site-packages/shap/explainers/_tree.py:586: UserWarning: LightGBM binary classifier with TreeExplainer shap values output has changed to a list of ndarray
    warnings.warn(

tests/momentum/Optimization/test_optuna_objectives.py::test_optuna_optimizer_pluggable_objective_runs_trials
tests/momentum/Optimization/test_optuna_objectives.py::test_multi_objective_auto_nsga2_sampler
  /Users/louis/Desktop/quantitative_trading_system/venv/lib/python3.9/site-packages/optuna/_experimental.py:32: ExperimentalWarning: Argument ``multivariate`` is an experimental feature. The interface can change in the future.
    warnings.warn(

tests/momentum/Optimization/test_optuna_objectives.py::test_optuna_optimizer_pluggable_objective_runs_trials
tests/momentum/Optimization/test_optuna_objectives.py::test_multi_objective_auto_nsga2_sampler
  /Users/louis/Desktop/quantitative_trading_system/venv/lib/python3.9/site-packages/optuna/_experimental.py:32: ExperimentalWarning: Argument ``constant_liar`` is an experimental feature. The interface can change in the future.
    warnings.warn(

tests/momentum/Optimization/test_optuna_objectives.py::test_strategy_backtest_objective_single_and_multi
tests/momentum/Optimization/test_optuna_objectives.py::test_strategy_backtest_objective_single_and_multi
  /Users/louis/Desktop/quantitative_trading_system/venv/lib/python3.9/site-packages/optuna/trial/_fixed.py:152: UserWarning: The value 1 of the parameter 'cooldown_bars' is out of the range of the distribution IntDistribution(high=20, log=False, low=0, step=5).
    warnings.warn(

tests/momentum/test_cv_validator.py::test_validate_single_class_outputs
  /Users/louis/Desktop/quantitative_trading_system/momentum/Analysis/model_validation/cv_validator.py:87: RuntimeWarning: Mean of empty slice
    cv_auc_mean = float(np.nanmean(fold_aucs)) if fold_aucs else np.nan

tests/momentum/test_cv_validator.py::test_validate_single_class_outputs
  /Users/louis/Desktop/quantitative_trading_system/venv/lib/python3.9/site-packages/numpy/lib/nanfunctions.py:1879: RuntimeWarning: Degrees of freedom <= 0 for slice.
    var = nanvar(a, axis=axis, dtype=dtype, out=out, ddof=ddof,

tests/momentum/test_feature_extractor.py: 6 warnings
tests/momentum/test_feature_storage.py: 4 warnings
tests/momentum/test_feature_validator.py: 3 warnings
  /Users/louis/Desktop/quantitative_trading_system/momentum/FeatureEngineering/indicators/ema_extractor.py:167: FutureWarning: Downcasting object dtype arrays on .fillna, .ffill, .bfill is deprecated and will change in a future version. Call result.infer_objects(copy=False) instead. To opt-in to the future behavior, set `pd.set_option('future.no_silent_downcasting', True)`
    ema_short_above_prev = ema_short_above.shift(1).fillna(False)

tests/momentum/test_feature_extractor.py::test_feature_no_nan_inf
  /Users/louis/Desktop/quantitative_trading_system/tests/momentum/test_feature_extractor.py:90: FutureWarning: DataFrame.fillna with 'method' is deprecated and will raise in a future version. Use obj.ffill() or obj.bfill() instead.
    features_df[feature_names] = features_df[feature_names].fillna(method='ffill')

tests/momentum/test_feature_extractor.py::test_multi_indicator_strategy
  /Users/louis/Desktop/quantitative_trading_system/momentum/FeatureEngineering/indicators/macd_extractor.py:109: FutureWarning: Downcasting object dtype arrays on .fillna, .ffill, .bfill is deprecated and will change in a future version. Call result.infer_objects(copy=False) instead. To opt-in to the future behavior, set `pd.set_option('future.no_silent_downcasting', True)`
    macd_above_prev = macd_above.shift(1).fillna(False)

tests/momentum/test_feature_storage.py::test_feature_storage_hdf5
tests/momentum/test_feature_storage.py::test_feature_summary
tests/momentum/test_feature_storage.py::test_feature_file_operations
tests/momentum/test_feature_storage.py::test_edge_case_corrupted_metadata
  /Users/louis/Desktop/quantitative_trading_system/tests/momentum/test_feature_storage.py:61: FutureWarning: DataFrame.fillna with 'method' is deprecated and will raise in a future version. Use obj.ffill() or obj.bfill() instead.
    features_df[feature_names] = features_df[feature_names].fillna(method='ffill')

tests/momentum/test_feature_validator.py::test_feature_validation
  /Users/louis/Desktop/quantitative_trading_system/tests/momentum/test_feature_validator.py:52: FutureWarning: DataFrame.fillna with 'method' is deprecated and will raise in a future version. Use obj.ffill() or obj.bfill() instead.
    features_df[feature_names] = features_df[feature_names].fillna(method='ffill')

tests/momentum/test_feature_validator.py::test_validate_correlation_threshold
  /Users/louis/Desktop/quantitative_trading_system/tests/momentum/test_feature_validator.py:75: FutureWarning: DataFrame.fillna with 'method' is deprecated and will raise in a future version. Use obj.ffill() or obj.bfill() instead.
    features_df[feature_names] = features_df[feature_names].fillna(method='ffill')

tests/momentum/test_feature_validator.py::test_fill_nan_values
tests/momentum/test_feature_validator.py::test_edge_case_all_nan
  /Users/louis/Desktop/quantitative_trading_system/momentum/FeatureEngineering/feature_validator.py:402: FutureWarning: DataFrame.fillna with 'method' is deprecated and will raise in a future version. Use obj.ffill() or obj.bfill() instead.
    df[feature_names] = df[feature_names].fillna(method='ffill')

tests/momentum/test_ic_1eb_b2_wiring.py: 1 warning
tests/momentum/test_ic_cross_sectional_cut2.py: 678 warnings
tests/momentum/test_ic_engine.py: 1 warning
tests/momentum/test_ic_filter_orchestrator.py: 48 warnings
  /Users/louis/Desktop/quantitative_trading_system/venv/lib/python3.9/site-packages/numpy/lib/function_base.py:2897: RuntimeWarning: invalid value encountered in divide
    c /= stddev[:, None]

tests/momentum/test_ic_cross_sectional_cut2.py::test_cross_sectional_coverage_guard_mutation_disabled_allows_bad_data
  /Users/louis/Desktop/quantitative_trading_system/venv/lib/python3.9/site-packages/numpy/core/fromnumeric.py:3504: RuntimeWarning: Mean of empty slice.
    return _methods._mean(a, axis=axis, dtype=dtype,

tests/momentum/test_ic_cross_sectional_cut2.py::test_cross_sectional_coverage_guard_mutation_disabled_allows_bad_data
  /Users/louis/Desktop/quantitative_trading_system/venv/lib/python3.9/site-packages/numpy/core/_methods.py:129: RuntimeWarning: invalid value encountered in scalar divide
    ret = ret.dtype.type(ret / rcount)

tests/momentum/test_ic_cross_sectional_cut2.py: 678 warnings
tests/momentum/test_ic_filter_orchestrator.py: 48 warnings
  /Users/louis/Desktop/quantitative_trading_system/venv/lib/python3.9/site-packages/numpy/lib/function_base.py:2898: RuntimeWarning: invalid value encountered in divide
    c /= stddev[None, :]

tests/momentum/test_ic_decay_log.py::test_compute_ic_decay_aggregates_fit_warnings
tests/momentum/test_ic_engine.py::test_compute_ic_decay_outputs_peak_horizon
tests/momentum/test_ic_phase0_golden.py::test_decay_baseline
  /Users/louis/Desktop/quantitative_trading_system/momentum/Analysis/ic_engine.py:950: OptimizeWarning: Covariance of the parameters could not be estimated
    params, _ = optimize.curve_fit(model, x, y, maxfev=2000)

-- Docs: https://docs.pytest.org/en/stable/how-to/capture-warnings.html
========== 1037 passed, 5 skipped, 1769 warnings in 184.24s (0:03:04) ==========
