Fri Oct  2 09:23:22 CST 2026
============================= test session starts ==============================
platform darwin -- Python 3.9.6, pytest-8.4.2, pluggy-1.6.0 -- /Users/louis/Desktop/quantitative_trading_system/venv/bin/python
rootdir: /Users/louis/Desktop/quantitative_trading_system
configfile: pytest.ini
plugins: asyncio-1.2.0, anyio-4.10.0, cov-7.0.0
asyncio: mode=strict, debug=False, asyncio_default_fixture_loop_scope=None, asyncio_default_test_loop_scope=function
collecting ... collected 6 items

tests/feature_engineering/test_ff_fullchain_truncation_small_mr.py::test_small_mutation_fracdiff_maxlag_len_coupling_parallel_fails 
-------------------------------- live log setup --------------------------------
09:23:25 [INFO] KlineStorageManager initialized: data_cache/feature_klines/kline_cache.h5
09:23:25 [INFO] Read 20352 klines from BTCUSDT/1h in 0.011s
-------------------------------- live log call ---------------------------------
09:23:25 [INFO] KlineStorageManager initialized: data_cache/feature_klines/kline_cache.h5
09:23:25 [INFO] Registered adapter: crypto_spot
09:23:25 [INFO] Loaded 134 TA-Lib indicators
09:23:25 [WARNING] STOCH combo [5, 3, 3] is missing 2 parameter(s); using defaults slowk=3 slowd=3 slowk_matype=0 slowd_matype=0
09:23:25 [WARNING] STOCH combo [8, 3, 3] is missing 2 parameter(s); using defaults slowk=3 slowd=3 slowk_matype=0 slowd_matype=0
09:23:25 [WARNING] STOCH combo [13, 3, 3] is missing 2 parameter(s); using defaults slowk=3 slowd=3 slowk_matype=0 slowd_matype=0
09:23:25 [WARNING] STOCH combo [13, 5, 3] is missing 2 parameter(s); using defaults slowk=5 slowd=3 slowk_matype=0 slowd_matype=0
09:23:25 [WARNING] STOCH combo [21, 3, 3] is missing 2 parameter(s); using defaults slowk=3 slowd=3 slowk_matype=0 slowd_matype=0
09:23:25 [WARNING] STOCH combo [21, 5, 3] is missing 2 parameter(s); using defaults slowk=5 slowd=3 slowk_matype=0 slowd_matype=0
09:23:25 [WARNING] STOCH combo [21, 5, 5] is missing 2 parameter(s); using defaults slowk=5 slowd=5 slowk_matype=0 slowd_matype=0
09:23:25 [WARNING] STOCH combo [34, 5, 3] is missing 2 parameter(s); using defaults slowk=5 slowd=3 slowk_matype=0 slowd_matype=0
09:23:25 [WARNING] STOCH combo [34, 5, 5] is missing 2 parameter(s); using defaults slowk=5 slowd=5 slowk_matype=0 slowd_matype=0
09:23:25 [WARNING] STOCH combo [55, 5, 5] is missing 2 parameter(s); using defaults slowk=5 slowd=5 slowk_matype=0 slowd_matype=0
09:23:25 [WARNING] STOCH combo [55, 8, 5] is missing 2 parameter(s); using defaults slowk=8 slowd=5 slowk_matype=0 slowd_matype=0
09:23:25 [WARNING] STOCH combo [89, 8, 5] is missing 2 parameter(s); using defaults slowk=8 slowd=5 slowk_matype=0 slowd_matype=0
09:23:25 [WARNING] STOCHF combo [5, 3] is missing 1 parameter(s); using defaults fastd_period=3 fastd_matype=0
09:23:25 [WARNING] STOCHF combo [8, 3] is missing 1 parameter(s); using defaults fastd_period=3 fastd_matype=0
09:23:25 [WARNING] STOCHF combo [13, 3] is missing 1 parameter(s); using defaults fastd_period=3 fastd_matype=0
09:23:25 [WARNING] STOCHF combo [21, 3] is missing 1 parameter(s); using defaults fastd_period=3 fastd_matype=0
09:23:25 [WARNING] STOCHF combo [21, 5] is missing 1 parameter(s); using defaults fastd_period=5 fastd_matype=0
09:23:25 [WARNING] STOCHF combo [34, 5] is missing 1 parameter(s); using defaults fastd_period=5 fastd_matype=0
09:23:25 [WARNING] STOCHF combo [55, 5] is missing 1 parameter(s); using defaults fastd_period=5 fastd_matype=0
09:23:25 [WARNING] STOCHF combo [89, 8] is missing 1 parameter(s); using defaults fastd_period=8 fastd_matype=0
09:23:25 [WARNING] STOCHRSI combo [9, 5, 3] is missing 1 parameter(s); using defaults fastk_period=5 fastd_period=3 fastd_matype=0
09:23:25 [WARNING] STOCHRSI combo [14, 5, 3] is missing 1 parameter(s); using defaults fastk_period=5 fastd_period=3 fastd_matype=0
09:23:25 [WARNING] STOCHRSI combo [14, 3, 3] is missing 1 parameter(s); using defaults fastk_period=3 fastd_period=3 fastd_matype=0
09:23:25 [WARNING] STOCHRSI combo [21, 5, 3] is missing 1 parameter(s); using defaults fastk_period=5 fastd_period=3 fastd_matype=0
09:23:25 [WARNING] STOCHRSI combo [21, 8, 5] is missing 1 parameter(s); using defaults fastk_period=8 fastd_period=5 fastd_matype=0
09:23:25 [WARNING] STOCHRSI combo [34, 8, 5] is missing 1 parameter(s); using defaults fastk_period=8 fastd_period=5 fastd_matype=0
09:23:25 [WARNING] STOCHRSI combo [55, 8, 5] is missing 1 parameter(s); using defaults fastk_period=8 fastd_period=5 fastd_matype=0
09:23:25 [INFO] KlineStorageManager initialized: data_cache/feature_klines/kline_cache.h5
09:23:25 [INFO] Registered adapter: crypto_spot
09:23:25 [WARNING] STOCH combo [5, 3, 3] is missing 2 parameter(s); using defaults slowk=3 slowd=3 slowk_matype=0 slowd_matype=0
09:23:25 [WARNING] STOCH combo [8, 3, 3] is missing 2 parameter(s); using defaults slowk=3 slowd=3 slowk_matype=0 slowd_matype=0
09:23:25 [WARNING] STOCH combo [13, 3, 3] is missing 2 parameter(s); using defaults slowk=3 slowd=3 slowk_matype=0 slowd_matype=0
09:23:25 [WARNING] STOCH combo [13, 5, 3] is missing 2 parameter(s); using defaults slowk=5 slowd=3 slowk_matype=0 slowd_matype=0
09:23:25 [WARNING] STOCH combo [21, 3, 3] is missing 2 parameter(s); using defaults slowk=3 slowd=3 slowk_matype=0 slowd_matype=0
09:23:25 [WARNING] STOCH combo [21, 5, 3] is missing 2 parameter(s); using defaults slowk=5 slowd=3 slowk_matype=0 slowd_matype=0
09:23:25 [WARNING] STOCH combo [21, 5, 5] is missing 2 parameter(s); using defaults slowk=5 slowd=5 slowk_matype=0 slowd_matype=0
09:23:25 [WARNING] STOCH combo [34, 5, 3] is missing 2 parameter(s); using defaults slowk=5 slowd=3 slowk_matype=0 slowd_matype=0
09:23:25 [WARNING] STOCH combo [34, 5, 5] is missing 2 parameter(s); using defaults slowk=5 slowd=5 slowk_matype=0 slowd_matype=0
09:23:25 [WARNING] STOCH combo [55, 5, 5] is missing 2 parameter(s); using defaults slowk=5 slowd=5 slowk_matype=0 slowd_matype=0
09:23:25 [WARNING] STOCH combo [55, 8, 5] is missing 2 parameter(s); using defaults slowk=8 slowd=5 slowk_matype=0 slowd_matype=0
09:23:25 [WARNING] STOCH combo [89, 8, 5] is missing 2 parameter(s); using defaults slowk=8 slowd=5 slowk_matype=0 slowd_matype=0
09:23:25 [WARNING] STOCHF combo [5, 3] is missing 1 parameter(s); using defaults fastd_period=3 fastd_matype=0
09:23:25 [WARNING] STOCHF combo [8, 3] is missing 1 parameter(s); using defaults fastd_period=3 fastd_matype=0
09:23:25 [WARNING] STOCHF combo [13, 3] is missing 1 parameter(s); using defaults fastd_period=3 fastd_matype=0
09:23:25 [WARNING] STOCHF combo [21, 3] is missing 1 parameter(s); using defaults fastd_period=3 fastd_matype=0
09:23:25 [WARNING] STOCHF combo [21, 5] is missing 1 parameter(s); using defaults fastd_period=5 fastd_matype=0
09:23:25 [WARNING] STOCHF combo [34, 5] is missing 1 parameter(s); using defaults fastd_period=5 fastd_matype=0
09:23:25 [WARNING] STOCHF combo [55, 5] is missing 1 parameter(s); using defaults fastd_period=5 fastd_matype=0
09:23:25 [WARNING] STOCHF combo [89, 8] is missing 1 parameter(s); using defaults fastd_period=8 fastd_matype=0
09:23:25 [WARNING] STOCHRSI combo [9, 5, 3] is missing 1 parameter(s); using defaults fastk_period=5 fastd_period=3 fastd_matype=0
09:23:25 [WARNING] STOCHRSI combo [14, 5, 3] is missing 1 parameter(s); using defaults fastk_period=5 fastd_period=3 fastd_matype=0
09:23:25 [WARNING] STOCHRSI combo [14, 3, 3] is missing 1 parameter(s); using defaults fastk_period=3 fastd_period=3 fastd_matype=0
09:23:25 [WARNING] STOCHRSI combo [21, 5, 3] is missing 1 parameter(s); using defaults fastk_period=5 fastd_period=3 fastd_matype=0
09:23:25 [WARNING] STOCHRSI combo [21, 8, 5] is missing 1 parameter(s); using defaults fastk_period=8 fastd_period=5 fastd_matype=0
09:23:25 [WARNING] STOCHRSI combo [34, 8, 5] is missing 1 parameter(s); using defaults fastk_period=8 fastd_period=5 fastd_matype=0
09:23:25 [WARNING] STOCHRSI combo [55, 8, 5] is missing 1 parameter(s); using defaults fastk_period=8 fastd_period=5 fastd_matype=0
09:23:25 [WARNING] STOCH combo [5, 3, 3] is missing 2 parameter(s); using defaults slowk=3 slowd=3 slowk_matype=0 slowd_matype=0
09:23:25 [WARNING] STOCH combo [8, 3, 3] is missing 2 parameter(s); using defaults slowk=3 slowd=3 slowk_matype=0 slowd_matype=0
09:23:25 [WARNING] STOCH combo [13, 3, 3] is missing 2 parameter(s); using defaults slowk=3 slowd=3 slowk_matype=0 slowd_matype=0
09:23:25 [WARNING] STOCH combo [13, 5, 3] is missing 2 parameter(s); using defaults slowk=5 slowd=3 slowk_matype=0 slowd_matype=0
09:23:25 [WARNING] STOCH combo [21, 3, 3] is missing 2 parameter(s); using defaults slowk=3 slowd=3 slowk_matype=0 slowd_matype=0
09:23:25 [WARNING] STOCH combo [21, 5, 3] is missing 2 parameter(s); using defaults slowk=5 slowd=3 slowk_matype=0 slowd_matype=0
09:23:25 [WARNING] STOCH combo [21, 5, 5] is missing 2 parameter(s); using defaults slowk=5 slowd=5 slowk_matype=0 slowd_matype=0
09:23:25 [WARNING] STOCH combo [34, 5, 3] is missing 2 parameter(s); using defaults slowk=5 slowd=3 slowk_matype=0 slowd_matype=0
09:23:25 [WARNING] STOCH combo [34, 5, 5] is missing 2 parameter(s); using defaults slowk=5 slowd=5 slowk_matype=0 slowd_matype=0
09:23:25 [WARNING] STOCH combo [55, 5, 5] is missing 2 parameter(s); using defaults slowk=5 slowd=5 slowk_matype=0 slowd_matype=0
09:23:25 [WARNING] STOCH combo [55, 8, 5] is missing 2 parameter(s); using defaults slowk=8 slowd=5 slowk_matype=0 slowd_matype=0
09:23:25 [WARNING] STOCH combo [89, 8, 5] is missing 2 parameter(s); using defaults slowk=8 slowd=5 slowk_matype=0 slowd_matype=0
09:23:25 [WARNING] STOCHF combo [5, 3] is missing 1 parameter(s); using defaults fastd_period=3 fastd_matype=0
09:23:25 [WARNING] STOCHF combo [8, 3] is missing 1 parameter(s); using defaults fastd_period=3 fastd_matype=0
09:23:25 [WARNING] STOCHF combo [13, 3] is missing 1 parameter(s); using defaults fastd_period=3 fastd_matype=0
09:23:25 [WARNING] STOCHF combo [21, 3] is missing 1 parameter(s); using defaults fastd_period=3 fastd_matype=0
09:23:25 [WARNING] STOCHF combo [21, 5] is missing 1 parameter(s); using defaults fastd_period=5 fastd_matype=0
09:23:25 [WARNING] STOCHF combo [34, 5] is missing 1 parameter(s); using defaults fastd_period=5 fastd_matype=0
09:23:25 [WARNING] STOCHF combo [55, 5] is missing 1 parameter(s); using defaults fastd_period=5 fastd_matype=0
09:23:25 [WARNING] STOCHF combo [89, 8] is missing 1 parameter(s); using defaults fastd_period=8 fastd_matype=0
09:23:25 [WARNING] STOCHRSI combo [9, 5, 3] is missing 1 parameter(s); using defaults fastk_period=5 fastd_period=3 fastd_matype=0
09:23:25 [WARNING] STOCHRSI combo [14, 5, 3] is missing 1 parameter(s); using defaults fastk_period=5 fastd_period=3 fastd_matype=0
09:23:25 [WARNING] STOCHRSI combo [14, 3, 3] is missing 1 parameter(s); using defaults fastk_period=3 fastd_period=3 fastd_matype=0
09:23:25 [WARNING] STOCHRSI combo [21, 5, 3] is missing 1 parameter(s); using defaults fastk_period=5 fastd_period=3 fastd_matype=0
09:23:25 [WARNING] STOCHRSI combo [21, 8, 5] is missing 1 parameter(s); using defaults fastk_period=8 fastd_period=5 fastd_matype=0
09:23:25 [WARNING] STOCHRSI combo [34, 8, 5] is missing 1 parameter(s); using defaults fastk_period=8 fastd_period=5 fastd_matype=0
09:23:25 [WARNING] STOCHRSI combo [55, 8, 5] is missing 1 parameter(s); using defaults fastk_period=8 fastd_period=5 fastd_matype=0
09:23:25 [INFO] Fetching spot data: BTCUSDT/1h
09:23:25 [INFO] Read 20352 klines from BTCUSDT/1h in 0.006s
09:23:25 [INFO] Aligned data for BTCUSDT/1h: 20352 rows, 5 columns
09:23:25 [INFO] Fetching spot data: BTCUSDT/1h
09:23:25 [INFO] Read 20352 klines from BTCUSDT/1h in 0.006s
09:23:25 [INFO] Aligned data for BTCUSDT/1h: 20352 rows, 5 columns
09:23:25 [WARNING] STOCH combo [5, 3, 3] is missing 2 parameter(s); using defaults slowk=3 slowd=3 slowk_matype=0 slowd_matype=0
09:23:25 [WARNING] STOCH combo [8, 3, 3] is missing 2 parameter(s); using defaults slowk=3 slowd=3 slowk_matype=0 slowd_matype=0
09:23:25 [WARNING] STOCH combo [13, 3, 3] is missing 2 parameter(s); using defaults slowk=3 slowd=3 slowk_matype=0 slowd_matype=0
09:23:25 [WARNING] STOCH combo [13, 5, 3] is missing 2 parameter(s); using defaults slowk=5 slowd=3 slowk_matype=0 slowd_matype=0
09:23:25 [WARNING] STOCH combo [21, 3, 3] is missing 2 parameter(s); using defaults slowk=3 slowd=3 slowk_matype=0 slowd_matype=0
09:23:25 [WARNING] STOCH combo [21, 5, 3] is missing 2 parameter(s); using defaults slowk=5 slowd=3 slowk_matype=0 slowd_matype=0
09:23:25 [WARNING] STOCH combo [21, 5, 5] is missing 2 parameter(s); using defaults slowk=5 slowd=5 slowk_matype=0 slowd_matype=0
09:23:25 [WARNING] STOCH combo [34, 5, 3] is missing 2 parameter(s); using defaults slowk=5 slowd=3 slowk_matype=0 slowd_matype=0
09:23:25 [WARNING] STOCH combo [34, 5, 5] is missing 2 parameter(s); using defaults slowk=5 slowd=5 slowk_matype=0 slowd_matype=0
09:23:25 [WARNING] STOCH combo [55, 5, 5] is missing 2 parameter(s); using defaults slowk=5 slowd=5 slowk_matype=0 slowd_matype=0
09:23:25 [WARNING] STOCH combo [55, 8, 5] is missing 2 parameter(s); using defaults slowk=8 slowd=5 slowk_matype=0 slowd_matype=0
09:23:25 [WARNING] STOCH combo [89, 8, 5] is missing 2 parameter(s); using defaults slowk=8 slowd=5 slowk_matype=0 slowd_matype=0
09:23:25 [WARNING] STOCHF combo [5, 3] is missing 1 parameter(s); using defaults fastd_period=3 fastd_matype=0
09:23:25 [WARNING] STOCHF combo [8, 3] is missing 1 parameter(s); using defaults fastd_period=3 fastd_matype=0
09:23:25 [WARNING] STOCHF combo [13, 3] is missing 1 parameter(s); using defaults fastd_period=3 fastd_matype=0
09:23:25 [WARNING] STOCHF combo [21, 3] is missing 1 parameter(s); using defaults fastd_period=3 fastd_matype=0
09:23:25 [WARNING] STOCHF combo [21, 5] is missing 1 parameter(s); using defaults fastd_period=5 fastd_matype=0
09:23:25 [WARNING] STOCHF combo [34, 5] is missing 1 parameter(s); using defaults fastd_period=5 fastd_matype=0
09:23:25 [WARNING] STOCHF combo [55, 5] is missing 1 parameter(s); using defaults fastd_period=5 fastd_matype=0
09:23:25 [WARNING] STOCHF combo [89, 8] is missing 1 parameter(s); using defaults fastd_period=8 fastd_matype=0
09:23:25 [WARNING] STOCHRSI combo [9, 5, 3] is missing 1 parameter(s); using defaults fastk_period=5 fastd_period=3 fastd_matype=0
09:23:25 [WARNING] STOCHRSI combo [14, 5, 3] is missing 1 parameter(s); using defaults fastk_period=5 fastd_period=3 fastd_matype=0
09:23:25 [WARNING] STOCHRSI combo [14, 3, 3] is missing 1 parameter(s); using defaults fastk_period=3 fastd_period=3 fastd_matype=0
09:23:25 [WARNING] STOCHRSI combo [21, 5, 3] is missing 1 parameter(s); using defaults fastk_period=5 fastd_period=3 fastd_matype=0
09:23:25 [WARNING] STOCHRSI combo [21, 8, 5] is missing 1 parameter(s); using defaults fastk_period=8 fastd_period=5 fastd_matype=0
09:23:25 [WARNING] STOCHRSI combo [34, 8, 5] is missing 1 parameter(s); using defaults fastk_period=8 fastd_period=5 fastd_matype=0
09:23:25 [WARNING] STOCHRSI combo [55, 8, 5] is missing 1 parameter(s); using defaults fastk_period=8 fastd_period=5 fastd_matype=0
09:23:25 [INFO] [Layer 1] 0% - Starting Layer 1...
09:23:25 [INFO] Layer 1 starting, rss=283MB
09:23:25 [WARNING] STOCH combo [5, 3, 3] is missing 2 parameter(s); using defaults slowk=3 slowd=3 slowk_matype=0 slowd_matype=0
09:23:25 [WARNING] STOCH combo [8, 3, 3] is missing 2 parameter(s); using defaults slowk=3 slowd=3 slowk_matype=0 slowd_matype=0
09:23:25 [WARNING] STOCH combo [13, 3, 3] is missing 2 parameter(s); using defaults slowk=3 slowd=3 slowk_matype=0 slowd_matype=0
09:23:25 [WARNING] STOCH combo [13, 5, 3] is missing 2 parameter(s); using defaults slowk=5 slowd=3 slowk_matype=0 slowd_matype=0
09:23:25 [WARNING] STOCH combo [21, 3, 3] is missing 2 parameter(s); using defaults slowk=3 slowd=3 slowk_matype=0 slowd_matype=0
09:23:25 [WARNING] STOCH combo [21, 5, 3] is missing 2 parameter(s); using defaults slowk=5 slowd=3 slowk_matype=0 slowd_matype=0
09:23:25 [WARNING] STOCH combo [21, 5, 5] is missing 2 parameter(s); using defaults slowk=5 slowd=5 slowk_matype=0 slowd_matype=0
09:23:25 [WARNING] STOCH combo [34, 5, 3] is missing 2 parameter(s); using defaults slowk=5 slowd=3 slowk_matype=0 slowd_matype=0
09:23:25 [WARNING] STOCH combo [34, 5, 5] is missing 2 parameter(s); using defaults slowk=5 slowd=5 slowk_matype=0 slowd_matype=0
09:23:25 [WARNING] STOCH combo [55, 5, 5] is missing 2 parameter(s); using defaults slowk=5 slowd=5 slowk_matype=0 slowd_matype=0
09:23:25 [WARNING] STOCH combo [55, 8, 5] is missing 2 parameter(s); using defaults slowk=8 slowd=5 slowk_matype=0 slowd_matype=0
09:23:25 [WARNING] STOCH combo [89, 8, 5] is missing 2 parameter(s); using defaults slowk=8 slowd=5 slowk_matype=0 slowd_matype=0
09:23:25 [WARNING] STOCHF combo [5, 3] is missing 1 parameter(s); using defaults fastd_period=3 fastd_matype=0
09:23:25 [WARNING] STOCHF combo [8, 3] is missing 1 parameter(s); using defaults fastd_period=3 fastd_matype=0
09:23:25 [WARNING] STOCHF combo [13, 3] is missing 1 parameter(s); using defaults fastd_period=3 fastd_matype=0
09:23:25 [WARNING] STOCHF combo [21, 3] is missing 1 parameter(s); using defaults fastd_period=3 fastd_matype=0
09:23:25 [WARNING] STOCHF combo [21, 5] is missing 1 parameter(s); using defaults fastd_period=5 fastd_matype=0
09:23:25 [WARNING] STOCHF combo [34, 5] is missing 1 parameter(s); using defaults fastd_period=5 fastd_matype=0
09:23:25 [WARNING] STOCHF combo [55, 5] is missing 1 parameter(s); using defaults fastd_period=5 fastd_matype=0
09:23:25 [WARNING] STOCHF combo [89, 8] is missing 1 parameter(s); using defaults fastd_period=8 fastd_matype=0
09:23:25 [WARNING] STOCHRSI combo [9, 5, 3] is missing 1 parameter(s); using defaults fastk_period=5 fastd_period=3 fastd_matype=0
09:23:25 [WARNING] STOCHRSI combo [14, 5, 3] is missing 1 parameter(s); using defaults fastk_period=5 fastd_period=3 fastd_matype=0
09:23:25 [WARNING] STOCHRSI combo [14, 3, 3] is missing 1 parameter(s); using defaults fastk_period=3 fastd_period=3 fastd_matype=0
09:23:25 [WARNING] STOCHRSI combo [21, 5, 3] is missing 1 parameter(s); using defaults fastk_period=5 fastd_period=3 fastd_matype=0
09:23:25 [WARNING] STOCHRSI combo [21, 8, 5] is missing 1 parameter(s); using defaults fastk_period=8 fastd_period=5 fastd_matype=0
09:23:25 [WARNING] STOCHRSI combo [34, 8, 5] is missing 1 parameter(s); using defaults fastk_period=8 fastd_period=5 fastd_matype=0
09:23:25 [WARNING] STOCHRSI combo [55, 8, 5] is missing 1 parameter(s); using defaults fastk_period=8 fastd_period=5 fastd_matype=0
09:23:25 [INFO] [Layer 1] 100% - Layer 1 completed: 898 features
09:23:25 [INFO] Layer 1 done: 898 cols, status=ok, rss=403MB
09:23:25 [INFO] [Layer 2] 0% - Starting Layer 2...
09:23:25 [INFO] Layer 2 starting, rss=403MB
09:23:25 [INFO] [L2] Starting derived features: 898 L1 cols
09:23:25 [WARNING] STOCH combo [5, 3, 3] is missing 2 parameter(s); using defaults slowk=3 slowd=3 slowk_matype=0 slowd_matype=0
09:23:25 [WARNING] STOCH combo [8, 3, 3] is missing 2 parameter(s); using defaults slowk=3 slowd=3 slowk_matype=0 slowd_matype=0
09:23:25 [WARNING] STOCH combo [13, 3, 3] is missing 2 parameter(s); using defaults slowk=3 slowd=3 slowk_matype=0 slowd_matype=0
09:23:25 [WARNING] STOCH combo [13, 5, 3] is missing 2 parameter(s); using defaults slowk=5 slowd=3 slowk_matype=0 slowd_matype=0
09:23:25 [WARNING] STOCH combo [21, 3, 3] is missing 2 parameter(s); using defaults slowk=3 slowd=3 slowk_matype=0 slowd_matype=0
09:23:25 [WARNING] STOCH combo [21, 5, 3] is missing 2 parameter(s); using defaults slowk=5 slowd=3 slowk_matype=0 slowd_matype=0
09:23:25 [WARNING] STOCH combo [21, 5, 5] is missing 2 parameter(s); using defaults slowk=5 slowd=5 slowk_matype=0 slowd_matype=0
09:23:25 [WARNING] STOCH combo [34, 5, 3] is missing 2 parameter(s); using defaults slowk=5 slowd=3 slowk_matype=0 slowd_matype=0
09:23:25 [WARNING] STOCH combo [34, 5, 5] is missing 2 parameter(s); using defaults slowk=5 slowd=5 slowk_matype=0 slowd_matype=0
09:23:25 [WARNING] STOCH combo [55, 5, 5] is missing 2 parameter(s); using defaults slowk=5 slowd=5 slowk_matype=0 slowd_matype=0
09:23:25 [WARNING] STOCH combo [55, 8, 5] is missing 2 parameter(s); using defaults slowk=8 slowd=5 slowk_matype=0 slowd_matype=0
09:23:25 [WARNING] STOCH combo [89, 8, 5] is missing 2 parameter(s); using defaults slowk=8 slowd=5 slowk_matype=0 slowd_matype=0
09:23:25 [WARNING] STOCHF combo [5, 3] is missing 1 parameter(s); using defaults fastd_period=3 fastd_matype=0
09:23:25 [WARNING] STOCHF combo [8, 3] is missing 1 parameter(s); using defaults fastd_period=3 fastd_matype=0
09:23:25 [WARNING] STOCHF combo [13, 3] is missing 1 parameter(s); using defaults fastd_period=3 fastd_matype=0
09:23:25 [WARNING] STOCHF combo [21, 3] is missing 1 parameter(s); using defaults fastd_period=3 fastd_matype=0
09:23:25 [WARNING] STOCHF combo [21, 5] is missing 1 parameter(s); using defaults fastd_period=5 fastd_matype=0
09:23:25 [WARNING] STOCHF combo [34, 5] is missing 1 parameter(s); using defaults fastd_period=5 fastd_matype=0
09:23:25 [WARNING] STOCHF combo [55, 5] is missing 1 parameter(s); using defaults fastd_period=5 fastd_matype=0
09:23:25 [WARNING] STOCHF combo [89, 8] is missing 1 parameter(s); using defaults fastd_period=8 fastd_matype=0
09:23:25 [WARNING] STOCHRSI combo [9, 5, 3] is missing 1 parameter(s); using defaults fastk_period=5 fastd_period=3 fastd_matype=0
09:23:25 [WARNING] STOCHRSI combo [14, 5, 3] is missing 1 parameter(s); using defaults fastk_period=5 fastd_period=3 fastd_matype=0
09:23:25 [WARNING] STOCHRSI combo [14, 3, 3] is missing 1 parameter(s); using defaults fastk_period=3 fastd_period=3 fastd_matype=0
09:23:25 [WARNING] STOCHRSI combo [21, 5, 3] is missing 1 parameter(s); using defaults fastk_period=5 fastd_period=3 fastd_matype=0
09:23:25 [WARNING] STOCHRSI combo [21, 8, 5] is missing 1 parameter(s); using defaults fastk_period=8 fastd_period=5 fastd_matype=0
09:23:25 [WARNING] STOCHRSI combo [34, 8, 5] is missing 1 parameter(s); using defaults fastk_period=8 fastd_period=5 fastd_matype=0
09:23:25 [WARNING] STOCHRSI combo [55, 8, 5] is missing 1 parameter(s); using defaults fastk_period=8 fastd_period=5 fastd_matype=0
09:23:29 [INFO] [L2] Completed: 11621 cols in 3.53s
09:23:30 [INFO] [Layer 2] 100% - Layer 2 completed: 11621 features
09:23:30 [INFO] Layer 2 done: 11621 cols, status=ok, rss=1209MB
09:23:30 [INFO] [Layer 3] 0% - Starting Layer 3...
09:23:30 [INFO] Layer 3 starting, rss=1209MB
09:23:31 [INFO] [L3 streaming][numba][multi] step 10/20 (W5_range): 898→898 cols (-0 dead)
09:23:31 [INFO] [L3 streaming][numba][multi] step 20/20 (W13_range): 898→898 cols (-0 dead)
09:23:32 [INFO] [L3 streaming][numba][multi] complete: 17960 total generated, 0 dead dropped, 17960 survivors
09:23:32 [INFO] [Layer 3] 100% - Layer 3 completed: 17960 features
09:23:32 [INFO] Layer 3 done: 17960 cols, status=ok, rss=1900MB
09:23:32 [INFO] [Layer 4] 0% - Starting Layer 4...
09:23:32 [INFO] Layer 4 starting, rss=1900MB
09:23:32 [INFO] [Layer 4] 100% - Layer 4 completed: 7224 features
09:23:32 [INFO] Layer 4 done: 7224 cols, status=ok, rss=1091MB
09:23:32 [INFO] [Layer 5] 0% - Starting Layer 5...
09:23:32 [INFO] Layer 5 starting, rss=1091MB
09:23:32 [INFO] [Layer 5] 100% - Layer 5 completed: 0 features
09:23:32 [INFO] Layer 5 done: 0 cols, status=empty_disabled, rss=1093MB
09:23:32 [INFO] [Layer 6] 0% - Starting Layer 6...
09:23:32 [INFO] Layer 6 starting, rss=1093MB
09:23:32 [INFO] [Layer 6] 100% - Layer 6 completed: 10 features
09:23:32 [INFO] Layer 6 done: 10 cols, status=ok, rss=1102MB
09:23:32 [INFO] [memmap concat] 5 DFs → 37713 cols × 3812 rows ≈ 0.58 GB → disk-backed
09:23:32 [INFO] [memmap] created: shape=(3812, 37713), dtype=<class 'numpy.float32'>, est=0.58 GB  (file auto-unlinked)
09:23:32 [INFO] [memmap concat] copying DF 1/5 (898 cols)
09:23:33 [INFO] [memmap concat] copying DF 2/5 (11621 cols)
09:23:33 [INFO] [memmap concat] copying DF 3/5 (17960 cols)
09:23:34 [INFO] [memmap concat] copying DF 4/5 (7224 cols)
09:23:34 [INFO] [memmap concat] copying DF 5/5 (10 cols)
09:23:43 [WARNING] STOCH combo [5, 3, 3] is missing 2 parameter(s); using defaults slowk=3 slowd=3 slowk_matype=0 slowd_matype=0
09:23:43 [WARNING] STOCH combo [8, 3, 3] is missing 2 parameter(s); using defaults slowk=3 slowd=3 slowk_matype=0 slowd_matype=0
09:23:43 [WARNING] STOCH combo [13, 3, 3] is missing 2 parameter(s); using defaults slowk=3 slowd=3 slowk_matype=0 slowd_matype=0
09:23:43 [WARNING] STOCH combo [13, 5, 3] is missing 2 parameter(s); using defaults slowk=5 slowd=3 slowk_matype=0 slowd_matype=0
09:23:43 [WARNING] STOCH combo [21, 3, 3] is missing 2 parameter(s); using defaults slowk=3 slowd=3 slowk_matype=0 slowd_matype=0
09:23:43 [WARNING] STOCH combo [21, 5, 3] is missing 2 parameter(s); using defaults slowk=5 slowd=3 slowk_matype=0 slowd_matype=0
09:23:43 [WARNING] STOCH combo [21, 5, 5] is missing 2 parameter(s); using defaults slowk=5 slowd=5 slowk_matype=0 slowd_matype=0
09:23:43 [WARNING] STOCH combo [34, 5, 3] is missing 2 parameter(s); using defaults slowk=5 slowd=3 slowk_matype=0 slowd_matype=0
09:23:43 [WARNING] STOCH combo [34, 5, 5] is missing 2 parameter(s); using defaults slowk=5 slowd=5 slowk_matype=0 slowd_matype=0
09:23:43 [WARNING] STOCH combo [55, 5, 5] is missing 2 parameter(s); using defaults slowk=5 slowd=5 slowk_matype=0 slowd_matype=0
09:23:43 [WARNING] STOCH combo [55, 8, 5] is missing 2 parameter(s); using defaults slowk=8 slowd=5 slowk_matype=0 slowd_matype=0
09:23:43 [WARNING] STOCH combo [89, 8, 5] is missing 2 parameter(s); using defaults slowk=8 slowd=5 slowk_matype=0 slowd_matype=0
09:23:43 [WARNING] STOCHF combo [5, 3] is missing 1 parameter(s); using defaults fastd_period=3 fastd_matype=0
09:23:43 [WARNING] STOCHF combo [8, 3] is missing 1 parameter(s); using defaults fastd_period=3 fastd_matype=0
09:23:43 [WARNING] STOCHF combo [13, 3] is missing 1 parameter(s); using defaults fastd_period=3 fastd_matype=0
09:23:43 [WARNING] STOCHF combo [21, 3] is missing 1 parameter(s); using defaults fastd_period=3 fastd_matype=0
09:23:43 [WARNING] STOCHF combo [21, 5] is missing 1 parameter(s); using defaults fastd_period=5 fastd_matype=0
09:23:43 [WARNING] STOCHF combo [34, 5] is missing 1 parameter(s); using defaults fastd_period=5 fastd_matype=0
09:23:43 [WARNING] STOCHF combo [55, 5] is missing 1 parameter(s); using defaults fastd_period=5 fastd_matype=0
09:23:43 [WARNING] STOCHF combo [89, 8] is missing 1 parameter(s); using defaults fastd_period=8 fastd_matype=0
09:23:43 [WARNING] STOCHRSI combo [9, 5, 3] is missing 1 parameter(s); using defaults fastk_period=5 fastd_period=3 fastd_matype=0
09:23:43 [WARNING] STOCHRSI combo [14, 5, 3] is missing 1 parameter(s); using defaults fastk_period=5 fastd_period=3 fastd_matype=0
09:23:43 [WARNING] STOCHRSI combo [14, 3, 3] is missing 1 parameter(s); using defaults fastk_period=3 fastd_period=3 fastd_matype=0
09:23:43 [WARNING] STOCHRSI combo [21, 5, 3] is missing 1 parameter(s); using defaults fastk_period=5 fastd_period=3 fastd_matype=0
09:23:43 [WARNING] STOCHRSI combo [21, 8, 5] is missing 1 parameter(s); using defaults fastk_period=8 fastd_period=5 fastd_matype=0
09:23:43 [WARNING] STOCHRSI combo [34, 8, 5] is missing 1 parameter(s); using defaults fastk_period=8 fastd_period=5 fastd_matype=0
09:23:43 [WARNING] STOCHRSI combo [55, 8, 5] is missing 1 parameter(s); using defaults fastk_period=8 fastd_period=5 fastd_matype=0
09:23:43 [WARNING] STOCH combo [5, 3, 3] is missing 2 parameter(s); using defaults slowk=3 slowd=3 slowk_matype=0 slowd_matype=0
09:23:43 [WARNING] STOCH combo [8, 3, 3] is missing 2 parameter(s); using defaults slowk=3 slowd=3 slowk_matype=0 slowd_matype=0
09:23:43 [WARNING] STOCH combo [13, 3, 3] is missing 2 parameter(s); using defaults slowk=3 slowd=3 slowk_matype=0 slowd_matype=0
09:23:43 [WARNING] STOCH combo [13, 5, 3] is missing 2 parameter(s); using defaults slowk=5 slowd=3 slowk_matype=0 slowd_matype=0
09:23:43 [WARNING] STOCH combo [21, 3, 3] is missing 2 parameter(s); using defaults slowk=3 slowd=3 slowk_matype=0 slowd_matype=0
09:23:43 [WARNING] STOCH combo [21, 5, 3] is missing 2 parameter(s); using defaults slowk=5 slowd=3 slowk_matype=0 slowd_matype=0
09:23:43 [WARNING] STOCH combo [21, 5, 5] is missing 2 parameter(s); using defaults slowk=5 slowd=5 slowk_matype=0 slowd_matype=0
09:23:43 [WARNING] STOCH combo [34, 5, 3] is missing 2 parameter(s); using defaults slowk=5 slowd=3 slowk_matype=0 slowd_matype=0
09:23:43 [WARNING] STOCH combo [34, 5, 5] is missing 2 parameter(s); using defaults slowk=5 slowd=5 slowk_matype=0 slowd_matype=0
09:23:43 [WARNING] STOCH combo [55, 5, 5] is missing 2 parameter(s); using defaults slowk=5 slowd=5 slowk_matype=0 slowd_matype=0
09:23:43 [WARNING] STOCH combo [55, 8, 5] is missing 2 parameter(s); using defaults slowk=8 slowd=5 slowk_matype=0 slowd_matype=0
09:23:43 [WARNING] STOCH combo [89, 8, 5] is missing 2 parameter(s); using defaults slowk=8 slowd=5 slowk_matype=0 slowd_matype=0
09:23:43 [WARNING] STOCHF combo [5, 3] is missing 1 parameter(s); using defaults fastd_period=3 fastd_matype=0
09:23:43 [WARNING] STOCHF combo [8, 3] is missing 1 parameter(s); using defaults fastd_period=3 fastd_matype=0
09:23:43 [WARNING] STOCHF combo [13, 3] is missing 1 parameter(s); using defaults fastd_period=3 fastd_matype=0
09:23:43 [WARNING] STOCHF combo [21, 3] is missing 1 parameter(s); using defaults fastd_period=3 fastd_matype=0
09:23:43 [WARNING] STOCHF combo [21, 5] is missing 1 parameter(s); using defaults fastd_period=5 fastd_matype=0
09:23:43 [WARNING] STOCHF combo [34, 5] is missing 1 parameter(s); using defaults fastd_period=5 fastd_matype=0
09:23:43 [WARNING] STOCHF combo [55, 5] is missing 1 parameter(s); using defaults fastd_period=5 fastd_matype=0
09:23:43 [WARNING] STOCHF combo [89, 8] is missing 1 parameter(s); using defaults fastd_period=8 fastd_matype=0
09:23:43 [WARNING] STOCHRSI combo [9, 5, 3] is missing 1 parameter(s); using defaults fastk_period=5 fastd_period=3 fastd_matype=0
09:23:43 [WARNING] STOCHRSI combo [14, 5, 3] is missing 1 parameter(s); using defaults fastk_period=5 fastd_period=3 fastd_matype=0
09:23:43 [WARNING] STOCHRSI combo [14, 3, 3] is missing 1 parameter(s); using defaults fastk_period=3 fastd_period=3 fastd_matype=0
09:23:43 [WARNING] STOCHRSI combo [21, 5, 3] is missing 1 parameter(s); using defaults fastk_period=5 fastd_period=3 fastd_matype=0
09:23:43 [WARNING] STOCHRSI combo [21, 8, 5] is missing 1 parameter(s); using defaults fastk_period=8 fastd_period=5 fastd_matype=0
09:23:43 [WARNING] STOCHRSI combo [34, 8, 5] is missing 1 parameter(s); using defaults fastk_period=8 fastd_period=5 fastd_matype=0
09:23:43 [WARNING] STOCHRSI combo [55, 8, 5] is missing 1 parameter(s); using defaults fastk_period=8 fastd_period=5 fastd_matype=0
09:23:43 [INFO] Fetching spot data: BTCUSDT/1h
09:23:43 [INFO] Read 20352 klines from BTCUSDT/1h in 0.007s
09:23:43 [INFO] Aligned data for BTCUSDT/1h: 20352 rows, 5 columns
09:23:43 [INFO] [Layer 1] 0% - Starting Layer 1...
09:23:43 [INFO] Layer 1 starting, rss=1649MB
09:23:44 [WARNING] STOCH combo [5, 3, 3] is missing 2 parameter(s); using defaults slowk=3 slowd=3 slowk_matype=0 slowd_matype=0
09:23:44 [WARNING] STOCH combo [8, 3, 3] is missing 2 parameter(s); using defaults slowk=3 slowd=3 slowk_matype=0 slowd_matype=0
09:23:44 [WARNING] STOCH combo [13, 3, 3] is missing 2 parameter(s); using defaults slowk=3 slowd=3 slowk_matype=0 slowd_matype=0
09:23:44 [WARNING] STOCH combo [13, 5, 3] is missing 2 parameter(s); using defaults slowk=5 slowd=3 slowk_matype=0 slowd_matype=0
09:23:44 [WARNING] STOCH combo [21, 3, 3] is missing 2 parameter(s); using defaults slowk=3 slowd=3 slowk_matype=0 slowd_matype=0
09:23:44 [WARNING] STOCH combo [21, 5, 3] is missing 2 parameter(s); using defaults slowk=5 slowd=3 slowk_matype=0 slowd_matype=0
09:23:44 [WARNING] STOCH combo [21, 5, 5] is missing 2 parameter(s); using defaults slowk=5 slowd=5 slowk_matype=0 slowd_matype=0
09:23:44 [WARNING] STOCH combo [34, 5, 3] is missing 2 parameter(s); using defaults slowk=5 slowd=3 slowk_matype=0 slowd_matype=0
09:23:44 [WARNING] STOCH combo [34, 5, 5] is missing 2 parameter(s); using defaults slowk=5 slowd=5 slowk_matype=0 slowd_matype=0
09:23:44 [WARNING] STOCH combo [55, 5, 5] is missing 2 parameter(s); using defaults slowk=5 slowd=5 slowk_matype=0 slowd_matype=0
09:23:44 [WARNING] STOCH combo [55, 8, 5] is missing 2 parameter(s); using defaults slowk=8 slowd=5 slowk_matype=0 slowd_matype=0
09:23:44 [WARNING] STOCH combo [89, 8, 5] is missing 2 parameter(s); using defaults slowk=8 slowd=5 slowk_matype=0 slowd_matype=0
09:23:44 [WARNING] STOCHF combo [5, 3] is missing 1 parameter(s); using defaults fastd_period=3 fastd_matype=0
09:23:44 [WARNING] STOCHF combo [8, 3] is missing 1 parameter(s); using defaults fastd_period=3 fastd_matype=0
09:23:44 [WARNING] STOCHF combo [13, 3] is missing 1 parameter(s); using defaults fastd_period=3 fastd_matype=0
09:23:44 [WARNING] STOCHF combo [21, 3] is missing 1 parameter(s); using defaults fastd_period=3 fastd_matype=0
09:23:44 [WARNING] STOCHF combo [21, 5] is missing 1 parameter(s); using defaults fastd_period=5 fastd_matype=0
09:23:44 [WARNING] STOCHF combo [34, 5] is missing 1 parameter(s); using defaults fastd_period=5 fastd_matype=0
09:23:44 [WARNING] STOCHF combo [55, 5] is missing 1 parameter(s); using defaults fastd_period=5 fastd_matype=0
09:23:44 [WARNING] STOCHF combo [89, 8] is missing 1 parameter(s); using defaults fastd_period=8 fastd_matype=0
09:23:44 [WARNING] STOCHRSI combo [9, 5, 3] is missing 1 parameter(s); using defaults fastk_period=5 fastd_period=3 fastd_matype=0
09:23:44 [WARNING] STOCHRSI combo [14, 5, 3] is missing 1 parameter(s); using defaults fastk_period=5 fastd_period=3 fastd_matype=0
09:23:44 [WARNING] STOCHRSI combo [14, 3, 3] is missing 1 parameter(s); using defaults fastk_period=3 fastd_period=3 fastd_matype=0
09:23:44 [WARNING] STOCHRSI combo [21, 5, 3] is missing 1 parameter(s); using defaults fastk_period=5 fastd_period=3 fastd_matype=0
09:23:44 [WARNING] STOCHRSI combo [21, 8, 5] is missing 1 parameter(s); using defaults fastk_period=8 fastd_period=5 fastd_matype=0
09:23:44 [WARNING] STOCHRSI combo [34, 8, 5] is missing 1 parameter(s); using defaults fastk_period=8 fastd_period=5 fastd_matype=0
09:23:44 [WARNING] STOCHRSI combo [55, 8, 5] is missing 1 parameter(s); using defaults fastk_period=8 fastd_period=5 fastd_matype=0
09:23:44 [INFO] [Layer 1] 100% - Layer 1 completed: 898 features
09:23:44 [INFO] Layer 1 done: 898 cols, status=ok, rss=1136MB
09:23:44 [INFO] [Layer 2] 0% - Starting Layer 2...
09:23:44 [INFO] Layer 2 starting, rss=1136MB
09:23:44 [INFO] [L2] Starting derived features: 898 L1 cols
09:23:44 [WARNING] STOCH combo [5, 3, 3] is missing 2 parameter(s); using defaults slowk=3 slowd=3 slowk_matype=0 slowd_matype=0
09:23:44 [WARNING] STOCH combo [8, 3, 3] is missing 2 parameter(s); using defaults slowk=3 slowd=3 slowk_matype=0 slowd_matype=0
09:23:44 [WARNING] STOCH combo [13, 3, 3] is missing 2 parameter(s); using defaults slowk=3 slowd=3 slowk_matype=0 slowd_matype=0
09:23:44 [WARNING] STOCH combo [13, 5, 3] is missing 2 parameter(s); using defaults slowk=5 slowd=3 slowk_matype=0 slowd_matype=0
09:23:44 [WARNING] STOCH combo [21, 3, 3] is missing 2 parameter(s); using defaults slowk=3 slowd=3 slowk_matype=0 slowd_matype=0
09:23:44 [WARNING] STOCH combo [21, 5, 3] is missing 2 parameter(s); using defaults slowk=5 slowd=3 slowk_matype=0 slowd_matype=0
09:23:44 [WARNING] STOCH combo [21, 5, 5] is missing 2 parameter(s); using defaults slowk=5 slowd=5 slowk_matype=0 slowd_matype=0
09:23:44 [WARNING] STOCH combo [34, 5, 3] is missing 2 parameter(s); using defaults slowk=5 slowd=3 slowk_matype=0 slowd_matype=0
09:23:44 [WARNING] STOCH combo [34, 5, 5] is missing 2 parameter(s); using defaults slowk=5 slowd=5 slowk_matype=0 slowd_matype=0
09:23:44 [WARNING] STOCH combo [55, 5, 5] is missing 2 parameter(s); using defaults slowk=5 slowd=5 slowk_matype=0 slowd_matype=0
09:23:44 [WARNING] STOCH combo [55, 8, 5] is missing 2 parameter(s); using defaults slowk=8 slowd=5 slowk_matype=0 slowd_matype=0
09:23:44 [WARNING] STOCH combo [89, 8, 5] is missing 2 parameter(s); using defaults slowk=8 slowd=5 slowk_matype=0 slowd_matype=0
09:23:44 [WARNING] STOCHF combo [5, 3] is missing 1 parameter(s); using defaults fastd_period=3 fastd_matype=0
09:23:44 [WARNING] STOCHF combo [8, 3] is missing 1 parameter(s); using defaults fastd_period=3 fastd_matype=0
09:23:44 [WARNING] STOCHF combo [13, 3] is missing 1 parameter(s); using defaults fastd_period=3 fastd_matype=0
09:23:44 [WARNING] STOCHF combo [21, 3] is missing 1 parameter(s); using defaults fastd_period=3 fastd_matype=0
09:23:44 [WARNING] STOCHF combo [21, 5] is missing 1 parameter(s); using defaults fastd_period=5 fastd_matype=0
09:23:44 [WARNING] STOCHF combo [34, 5] is missing 1 parameter(s); using defaults fastd_period=5 fastd_matype=0
09:23:44 [WARNING] STOCHF combo [55, 5] is missing 1 parameter(s); using defaults fastd_period=5 fastd_matype=0
09:23:44 [WARNING] STOCHF combo [89, 8] is missing 1 parameter(s); using defaults fastd_period=8 fastd_matype=0
09:23:44 [WARNING] STOCHRSI combo [9, 5, 3] is missing 1 parameter(s); using defaults fastk_period=5 fastd_period=3 fastd_matype=0
09:23:44 [WARNING] STOCHRSI combo [14, 5, 3] is missing 1 parameter(s); using defaults fastk_period=5 fastd_period=3 fastd_matype=0
09:23:44 [WARNING] STOCHRSI combo [14, 3, 3] is missing 1 parameter(s); using defaults fastk_period=3 fastd_period=3 fastd_matype=0
09:23:44 [WARNING] STOCHRSI combo [21, 5, 3] is missing 1 parameter(s); using defaults fastk_period=5 fastd_period=3 fastd_matype=0
09:23:44 [WARNING] STOCHRSI combo [21, 8, 5] is missing 1 parameter(s); using defaults fastk_period=8 fastd_period=5 fastd_matype=0
09:23:44 [WARNING] STOCHRSI combo [34, 8, 5] is missing 1 parameter(s); using defaults fastk_period=8 fastd_period=5 fastd_matype=0
09:23:44 [WARNING] STOCHRSI combo [55, 8, 5] is missing 1 parameter(s); using defaults fastk_period=8 fastd_period=5 fastd_matype=0
09:23:48 [INFO] [L2] Completed: 11621 cols in 3.77s
09:23:48 [INFO] [Layer 2] 100% - Layer 2 completed: 11621 features
09:23:48 [INFO] Layer 2 done: 11621 cols, status=ok, rss=1323MB
09:23:48 [INFO] [Layer 3] 0% - Starting Layer 3...
09:23:48 [INFO] Layer 3 starting, rss=1323MB
09:23:50 [INFO] [L3 streaming][numba][multi] step 10/20 (W5_range): 898→898 cols (-0 dead)
09:23:50 [INFO] [L3 streaming][numba][multi] step 20/20 (W13_range): 898→898 cols (-0 dead)
09:23:50 [INFO] [L3 streaming][numba][multi] complete: 17960 total generated, 0 dead dropped, 17960 survivors
09:23:51 [INFO] [Layer 3] 100% - Layer 3 completed: 17960 features
09:23:51 [INFO] Layer 3 done: 17960 cols, status=ok, rss=1145MB
09:23:51 [INFO] [Layer 4] 0% - Starting Layer 4...
09:23:51 [INFO] Layer 4 starting, rss=1145MB
09:23:52 [INFO] [Layer 4] 100% - Layer 4 completed: 7224 features
09:23:52 [INFO] Layer 4 done: 7224 cols, status=ok, rss=1364MB
09:23:52 [INFO] [Layer 5] 0% - Starting Layer 5...
09:23:52 [INFO] Layer 5 starting, rss=1364MB
09:23:52 [INFO] [Layer 5] 100% - Layer 5 completed: 0 features
09:23:52 [INFO] Layer 5 done: 0 cols, status=empty_disabled, rss=1364MB
09:23:52 [INFO] [Layer 6] 0% - Starting Layer 6...
09:23:52 [INFO] Layer 6 starting, rss=1364MB
09:23:52 [INFO] [Layer 6] 100% - Layer 6 completed: 10 features
09:23:52 [INFO] Layer 6 done: 10 cols, status=ok, rss=1366MB
09:23:52 [INFO] [memmap concat] 5 DFs → 37713 cols × 4471 rows ≈ 0.67 GB → disk-backed
09:23:52 [INFO] [memmap] created: shape=(4471, 37713), dtype=<class 'numpy.float32'>, est=0.67 GB  (file auto-unlinked)
09:23:52 [INFO] [memmap concat] copying DF 1/5 (898 cols)
09:23:52 [INFO] [memmap concat] copying DF 2/5 (11621 cols)
09:23:53 [INFO] [memmap concat] copying DF 3/5 (17960 cols)
09:23:53 [INFO] [memmap concat] copying DF 4/5 (7224 cols)
09:23:54 [INFO] [memmap concat] copying DF 5/5 (10 cols)
09:23:56 [INFO] [CGSA] Initialized ColumnGroupRegistry at /private/var/folders/_c/3xdf41hd3tvgxpx63mrml2c00000gn/T/pytest-of-louis/pytest-9/test_small_mutation_fracdiff_m0/cgsa_work (tier=8gb, buffer_groups=0)
09:23:56 [INFO] Fetching spot data: BTCUSDT/1h
09:23:56 [INFO] Read 20352 klines from BTCUSDT/1h in 0.013s
09:23:56 [INFO] Aligned data for BTCUSDT/1h: 20352 rows, 5 columns
09:23:56 [INFO] [Layer 1] 0% - Starting Layer 1...
09:23:56 [INFO] Layer 1 starting, rss=2256MB
09:23:56 [WARNING] STOCH combo [5, 3, 3] is missing 2 parameter(s); using defaults slowk=3 slowd=3 slowk_matype=0 slowd_matype=0
09:23:56 [WARNING] STOCH combo [8, 3, 3] is missing 2 parameter(s); using defaults slowk=3 slowd=3 slowk_matype=0 slowd_matype=0
09:23:56 [WARNING] STOCH combo [13, 3, 3] is missing 2 parameter(s); using defaults slowk=3 slowd=3 slowk_matype=0 slowd_matype=0
09:23:56 [WARNING] STOCH combo [13, 5, 3] is missing 2 parameter(s); using defaults slowk=5 slowd=3 slowk_matype=0 slowd_matype=0
09:23:56 [WARNING] STOCH combo [21, 3, 3] is missing 2 parameter(s); using defaults slowk=3 slowd=3 slowk_matype=0 slowd_matype=0
09:23:56 [WARNING] STOCH combo [21, 5, 3] is missing 2 parameter(s); using defaults slowk=5 slowd=3 slowk_matype=0 slowd_matype=0
09:23:56 [WARNING] STOCH combo [21, 5, 5] is missing 2 parameter(s); using defaults slowk=5 slowd=5 slowk_matype=0 slowd_matype=0
09:23:56 [WARNING] STOCH combo [34, 5, 3] is missing 2 parameter(s); using defaults slowk=5 slowd=3 slowk_matype=0 slowd_matype=0
09:23:56 [WARNING] STOCH combo [34, 5, 5] is missing 2 parameter(s); using defaults slowk=5 slowd=5 slowk_matype=0 slowd_matype=0
09:23:56 [WARNING] STOCH combo [55, 5, 5] is missing 2 parameter(s); using defaults slowk=5 slowd=5 slowk_matype=0 slowd_matype=0
09:23:56 [WARNING] STOCH combo [55, 8, 5] is missing 2 parameter(s); using defaults slowk=8 slowd=5 slowk_matype=0 slowd_matype=0
09:23:56 [WARNING] STOCH combo [89, 8, 5] is missing 2 parameter(s); using defaults slowk=8 slowd=5 slowk_matype=0 slowd_matype=0
09:23:56 [WARNING] STOCHF combo [5, 3] is missing 1 parameter(s); using defaults fastd_period=3 fastd_matype=0
09:23:56 [WARNING] STOCHF combo [8, 3] is missing 1 parameter(s); using defaults fastd_period=3 fastd_matype=0
09:23:56 [WARNING] STOCHF combo [13, 3] is missing 1 parameter(s); using defaults fastd_period=3 fastd_matype=0
09:23:56 [WARNING] STOCHF combo [21, 3] is missing 1 parameter(s); using defaults fastd_period=3 fastd_matype=0
09:23:56 [WARNING] STOCHF combo [21, 5] is missing 1 parameter(s); using defaults fastd_period=5 fastd_matype=0
09:23:56 [WARNING] STOCHF combo [34, 5] is missing 1 parameter(s); using defaults fastd_period=5 fastd_matype=0
09:23:56 [WARNING] STOCHF combo [55, 5] is missing 1 parameter(s); using defaults fastd_period=5 fastd_matype=0
09:23:56 [WARNING] STOCHF combo [89, 8] is missing 1 parameter(s); using defaults fastd_period=8 fastd_matype=0
09:23:56 [WARNING] STOCHRSI combo [9, 5, 3] is missing 1 parameter(s); using defaults fastk_period=5 fastd_period=3 fastd_matype=0
09:23:56 [WARNING] STOCHRSI combo [14, 5, 3] is missing 1 parameter(s); using defaults fastk_period=5 fastd_period=3 fastd_matype=0
09:23:56 [WARNING] STOCHRSI combo [14, 3, 3] is missing 1 parameter(s); using defaults fastk_period=3 fastd_period=3 fastd_matype=0
09:23:56 [WARNING] STOCHRSI combo [21, 5, 3] is missing 1 parameter(s); using defaults fastk_period=5 fastd_period=3 fastd_matype=0
09:23:56 [WARNING] STOCHRSI combo [21, 8, 5] is missing 1 parameter(s); using defaults fastk_period=8 fastd_period=5 fastd_matype=0
09:23:56 [WARNING] STOCHRSI combo [34, 8, 5] is missing 1 parameter(s); using defaults fastk_period=8 fastd_period=5 fastd_matype=0
09:23:56 [WARNING] STOCHRSI combo [55, 8, 5] is missing 1 parameter(s); using defaults fastk_period=8 fastd_period=5 fastd_matype=0
09:23:57 [INFO] [Layer 1] 100% - Layer 1 completed: 898 features
09:23:57 [INFO] Layer 1 done: 898 cols, status=ok, rss=319MB
09:23:57 [INFO] [Layer 2] 0% - Starting Layer 2...
09:23:57 [INFO] Layer 2 starting, rss=319MB
09:23:57 [INFO] [L2] Starting derived features: 898 L1 cols
09:23:57 [WARNING] STOCH combo [5, 3, 3] is missing 2 parameter(s); using defaults slowk=3 slowd=3 slowk_matype=0 slowd_matype=0
09:23:57 [WARNING] STOCH combo [8, 3, 3] is missing 2 parameter(s); using defaults slowk=3 slowd=3 slowk_matype=0 slowd_matype=0
09:23:57 [WARNING] STOCH combo [13, 3, 3] is missing 2 parameter(s); using defaults slowk=3 slowd=3 slowk_matype=0 slowd_matype=0
09:23:57 [WARNING] STOCH combo [13, 5, 3] is missing 2 parameter(s); using defaults slowk=5 slowd=3 slowk_matype=0 slowd_matype=0
09:23:57 [WARNING] STOCH combo [21, 3, 3] is missing 2 parameter(s); using defaults slowk=3 slowd=3 slowk_matype=0 slowd_matype=0
09:23:57 [WARNING] STOCH combo [21, 5, 3] is missing 2 parameter(s); using defaults slowk=5 slowd=3 slowk_matype=0 slowd_matype=0
09:23:57 [WARNING] STOCH combo [21, 5, 5] is missing 2 parameter(s); using defaults slowk=5 slowd=5 slowk_matype=0 slowd_matype=0
09:23:57 [WARNING] STOCH combo [34, 5, 3] is missing 2 parameter(s); using defaults slowk=5 slowd=3 slowk_matype=0 slowd_matype=0
09:23:57 [WARNING] STOCH combo [34, 5, 5] is missing 2 parameter(s); using defaults slowk=5 slowd=5 slowk_matype=0 slowd_matype=0
09:23:57 [WARNING] STOCH combo [55, 5, 5] is missing 2 parameter(s); using defaults slowk=5 slowd=5 slowk_matype=0 slowd_matype=0
09:23:57 [WARNING] STOCH combo [55, 8, 5] is missing 2 parameter(s); using defaults slowk=8 slowd=5 slowk_matype=0 slowd_matype=0
09:23:57 [WARNING] STOCH combo [89, 8, 5] is missing 2 parameter(s); using defaults slowk=8 slowd=5 slowk_matype=0 slowd_matype=0
09:23:57 [WARNING] STOCHF combo [5, 3] is missing 1 parameter(s); using defaults fastd_period=3 fastd_matype=0
09:23:57 [WARNING] STOCHF combo [8, 3] is missing 1 parameter(s); using defaults fastd_period=3 fastd_matype=0
09:23:57 [WARNING] STOCHF combo [13, 3] is missing 1 parameter(s); using defaults fastd_period=3 fastd_matype=0
09:23:57 [WARNING] STOCHF combo [21, 3] is missing 1 parameter(s); using defaults fastd_period=3 fastd_matype=0
09:23:57 [WARNING] STOCHF combo [21, 5] is missing 1 parameter(s); using defaults fastd_period=5 fastd_matype=0
09:23:57 [WARNING] STOCHF combo [34, 5] is missing 1 parameter(s); using defaults fastd_period=5 fastd_matype=0
09:23:57 [WARNING] STOCHF combo [55, 5] is missing 1 parameter(s); using defaults fastd_period=5 fastd_matype=0
09:23:57 [WARNING] STOCHF combo [89, 8] is missing 1 parameter(s); using defaults fastd_period=8 fastd_matype=0
09:23:57 [WARNING] STOCHRSI combo [9, 5, 3] is missing 1 parameter(s); using defaults fastk_period=5 fastd_period=3 fastd_matype=0
09:23:57 [WARNING] STOCHRSI combo [14, 5, 3] is missing 1 parameter(s); using defaults fastk_period=5 fastd_period=3 fastd_matype=0
09:23:57 [WARNING] STOCHRSI combo [14, 3, 3] is missing 1 parameter(s); using defaults fastk_period=3 fastd_period=3 fastd_matype=0
09:23:57 [WARNING] STOCHRSI combo [21, 5, 3] is missing 1 parameter(s); using defaults fastk_period=5 fastd_period=3 fastd_matype=0
09:23:57 [WARNING] STOCHRSI combo [21, 8, 5] is missing 1 parameter(s); using defaults fastk_period=8 fastd_period=5 fastd_matype=0
09:23:57 [WARNING] STOCHRSI combo [34, 8, 5] is missing 1 parameter(s); using defaults fastk_period=8 fastd_period=5 fastd_matype=0
09:23:57 [WARNING] STOCHRSI combo [55, 8, 5] is missing 1 parameter(s); using defaults fastk_period=8 fastd_period=5 fastd_matype=0
09:24:20 [INFO] [CGSA] L2 persisted group=1h_L2_Momentum shards=3 total_bytes=239.3 MiB
09:24:20 [INFO] [L2] Completed: 11621 cols in 23.13s
09:24:21 [INFO] [Layer 2] 100% - Layer 2 completed: 11621 features
09:24:21 [INFO] Layer 2 done: 11621 cols, status=ok, rss=2724MB
09:24:21 [INFO] [memmap] created: shape=(6985, 11621), dtype=<class 'numpy.float32'>, est=0.32 GB  (file auto-unlinked)
09:24:22 [INFO] [spill] layer2: 6985×11621 → float32 memmap in 0.7s (freed ~0.6 GB float64)
09:24:22 [INFO] [Layer 3] 0% - Starting Layer 3...
09:24:22 [INFO] Layer 3 starting, rss=1654MB
09:24:26 [INFO] [L3 streaming][numba][multi][persist] step 10/20 (W5_range): 898→898 cols (-0 dead)
09:24:26 [INFO] [L3 streaming][numba][multi][persist] step 20/20 (W13_range): 898→898 cols (-0 dead)
09:24:26 [INFO] [L3 streaming][numba][multi][persist] complete: 17960 generated, 4 dropped, 17956 survivors persisted via callback
09:24:28 [INFO] [L3] streaming persist (mode=streaming) complete: 17956 cols persisted in 20 groups
09:24:28 [INFO] [Layer 3] 100% - Layer 3 completed: 0 features
09:24:28 [INFO] Layer 3 done: 0 cols, status=offloaded_to_registry, rss=1717MB
09:24:28 [INFO] [Layer 4] 0% - Starting Layer 4...
09:24:28 [INFO] Layer 4 starting, rss=1717MB
09:24:29 [INFO] [Layer 4] 100% - Layer 4 completed: 7224 features
09:24:29 [INFO] Layer 4 done: 7224 cols, status=ok, rss=2068MB
09:24:29 [INFO] [Layer 5] 0% - Starting Layer 5...
09:24:29 [INFO] Layer 5 starting, rss=2068MB
09:24:29 [INFO] [Layer 5] 100% - Layer 5 completed: 0 features
09:24:29 [INFO] Layer 5 done: 0 cols, status=empty_disabled, rss=2068MB
09:24:29 [INFO] [Layer 6] 0% - Starting Layer 6...
09:24:29 [INFO] Layer 6 starting, rss=2068MB
09:24:29 [INFO] [Layer 6] 100% - Layer 6 completed: 10 features
09:24:29 [INFO] Layer 6 done: 10 cols, status=ok, rss=2069MB
09:24:29 [INFO] [CGSA] Disk pre-check OK: layer=L4_lag symbol=BTCUSDT tf=1h need=2.38 GiB (planned_new=0.19 GiB, max_inflight_tmp×2=0.19 GiB, reserve=2.00 GiB) free=34.85 GiB shape=(6985, 7224)
09:24:29 [INFO] [CGSA] L4_lag persisted group=1h_L4_lag_1 shards=2 total_bytes=133.2 MiB
09:24:29 [INFO] [CGSA] Persisted L4_lag: 7224 cols → 2 groups (tf=1h)
09:24:29 [INFO] [CGSA] Disk pre-check OK: layer=L6_meta symbol=BTCUSDT tf=1h need=2.00 GiB (planned_new=0.00 GiB, max_inflight_tmp×2=0.00 GiB, reserve=2.00 GiB) free=34.66 GiB shape=(6985, 10)
09:24:29 [INFO] [CGSA] Persisted L6_meta: 10 cols → 1 groups (tf=1h)
09:24:32 [INFO] [L7][CGSA] Quality summary: inf_count=0, coverage=0.9478, non_nan=249660275/263397365
09:24:32 [INFO] [L7_raw] Disk pre-check OK: required=2.00 GiB (safety x1.50), estimated_final=0.49 GiB, reclaimable_npy=0.98 GiB, net_growth=0.00 GiB, max_inflight_part=0.13 GiB, largest_part_source=1h_L2_Momentum, reserve_floor=2.00 GiB, free=34.36 GiB, groups=241
09:24:34 [INFO] [L6.5] raw-sink path uses serial group streaming for disk safety (requested_workers=2)
09:24:34 [INFO] [L6.5] Registry raw-sink config: groups=241 requested_workers=2 effective_workers=1 mode=append use_fast=False can_use_numba_fast=False winsor=False rank=False zscore=False fracdiff=True fracdiff_apply_to=non_stationary fracdiff_layers=['L1', 'L2'] adf=False gaussian=False
09:24:34 [INFO] [L6.5] Raw-sink start: 238 full groups (fast=0, slow=238) + 3 big-group splits → 248 sub-tasks (requested_workers=2, effective_workers=1, split_threshold=2000, slow_chunked=3, max_group_cols=8980, schedule=largest_first, rss=1473MB)
09:24:34 [INFO] [L6.5] raw-sink chunk stream start: group=1h_L2_Momentum cols=8980 chunks=5 chunk_size=2000 rss=1532MB
09:24:53 [INFO] [L6.5] FracDiff joblib slow path complete: columns=724 n_jobs=2
09:24:53 [INFO] [L6.5] symbol=BTCUSDT tf=1h d_star_cache_hit=0/724 path=/private/var/folders/_c/3xdf41hd3tvgxpx63mrml2c00000gn/T/pytest-of-louis/pytest-9/test_small_mutation_fracdiff_m0/dstar/full/d_star_BTCUSDT_1h_c0fcbdf76c70.json
09:25:02 [INFO] [L6.5] FracDiff joblib slow path complete: columns=287 n_jobs=2
09:25:02 [INFO] [L6.5] symbol=BTCUSDT tf=1h d_star_cache_hit=163/1011 path=/private/var/folders/_c/3xdf41hd3tvgxpx63mrml2c00000gn/T/pytest-of-louis/pytest-9/test_small_mutation_fracdiff_m0/dstar/full/d_star_BTCUSDT_1h_c0fcbdf76c70.json
09:25:09 [INFO] [L6.5] FracDiff joblib slow path complete: columns=127 n_jobs=2
09:25:09 [INFO] [L6.5] symbol=BTCUSDT tf=1h d_star_cache_hit=163/1138 path=/private/var/folders/_c/3xdf41hd3tvgxpx63mrml2c00000gn/T/pytest-of-louis/pytest-9/test_small_mutation_fracdiff_m0/dstar/full/d_star_BTCUSDT_1h_c0fcbdf76c70.json
09:25:16 [INFO] [L6.5] FracDiff joblib slow path complete: columns=74 n_jobs=2
09:25:16 [INFO] [L6.5] symbol=BTCUSDT tf=1h d_star_cache_hit=165/1212 path=/private/var/folders/_c/3xdf41hd3tvgxpx63mrml2c00000gn/T/pytest-of-louis/pytest-9/test_small_mutation_fracdiff_m0/dstar/full/d_star_BTCUSDT_1h_c0fcbdf76c70.json
09:25:20 [INFO] [L6.5] FracDiff joblib slow path complete: columns=11 n_jobs=2
09:25:20 [INFO] [L6.5] symbol=BTCUSDT tf=1h d_star_cache_hit=165/1223 path=/private/var/folders/_c/3xdf41hd3tvgxpx63mrml2c00000gn/T/pytest-of-louis/pytest-9/test_small_mutation_fracdiff_m0/dstar/full/d_star_BTCUSDT_1h_c0fcbdf76c70.json
09:25:20 [INFO] [L6.5] raw-sink chunk stream complete: group=1h_L2_Momentum chunks=5 outputs=10 rss=694MB
09:25:20 [INFO] [L6.5] raw-sink heartbeat: tasks 10/248 (4.0%), groups 1/241, elapsed=45.9s, rate=0.22/s, ETA=1094s, rss=694MB, last=1h_L2_Momentum (slow-chunked, parts=10)
09:25:20 [INFO] [L6.5] raw-sink chunk stream start: group=1h_L4_lag_1 cols=5000 chunks=3 chunk_size=2000 rss=743MB
09:25:22 [INFO] [L6.5] raw-sink chunk stream complete: group=1h_L4_lag_1 chunks=3 outputs=3 rss=853MB
09:25:22 [INFO] [L6.5] raw-sink chunk stream start: group=1h_L4_lag_2 cols=2224 chunks=2 chunk_size=2000 rss=853MB
09:25:23 [INFO] [L6.5] raw-sink chunk stream complete: group=1h_L4_lag_2 chunks=2 outputs=2 rss=853MB
09:25:30 [INFO] [L6.5] FracDiff joblib slow path complete: columns=291 n_jobs=2
09:25:30 [INFO] [L6.5] symbol=BTCUSDT tf=1h d_star_cache_hit=0/291 path=/private/var/folders/_c/3xdf41hd3tvgxpx63mrml2c00000gn/T/pytest-of-louis/pytest-9/test_small_mutation_fracdiff_m0/dstar/full/d_star_BTCUSDT_1h_c0fcbdf76c70.json
09:25:36 [INFO] [L6.5] FracDiff joblib slow path complete: columns=222 n_jobs=2
09:25:36 [INFO] [L6.5] symbol=BTCUSDT tf=1h d_star_cache_hit=0/222 path=/private/var/folders/_c/3xdf41hd3tvgxpx63mrml2c00000gn/T/pytest-of-louis/pytest-9/test_small_mutation_fracdiff_m0/dstar/full/d_star_BTCUSDT_1h_c0fcbdf76c70.json
09:25:38 [INFO] [L6.5] raw-sink heartbeat: tasks 22/248 (8.9%), groups 8/241, elapsed=63.5s, rate=0.35/s, ETA=653s, rss=760MB, last=1h_L3_rolling_W13_Mean_1 (full)
09:25:41 [INFO] [L6.5] raw-sink heartbeat: tasks 34/248 (13.7%), groups 20/241, elapsed=66.9s, rate=0.51/s, ETA=421s, rss=549MB, last=1h_L3_rolling_W5_Slope_1 (full)
09:25:44 [INFO] [L6.5] FracDiff joblib slow path complete: columns=26 n_jobs=2
09:25:44 [INFO] [L6.5] symbol=BTCUSDT tf=1h d_star_cache_hit=0/26 path=/private/var/folders/_c/3xdf41hd3tvgxpx63mrml2c00000gn/T/pytest-of-louis/pytest-9/test_small_mutation_fracdiff_m0/dstar/full/d_star_BTCUSDT_1h_c0fcbdf76c70.json
09:25:44 [INFO] [L6.5] FracDiff joblib slow path complete: columns=35 n_jobs=2
09:25:44 [INFO] [L6.5] symbol=BTCUSDT tf=1h d_star_cache_hit=33/35 path=/private/var/folders/_c/3xdf41hd3tvgxpx63mrml2c00000gn/T/pytest-of-louis/pytest-9/test_small_mutation_fracdiff_m0/dstar/full/d_star_BTCUSDT_1h_c0fcbdf76c70.json
09:25:44 [INFO] [L6.5] FracDiff joblib slow path complete: columns=3 n_jobs=2
09:25:44 [INFO] [L6.5] symbol=BTCUSDT tf=1h d_star_cache_hit=0/3 path=/private/var/folders/_c/3xdf41hd3tvgxpx63mrml2c00000gn/T/pytest-of-louis/pytest-9/test_small_mutation_fracdiff_m0/dstar/full/d_star_BTCUSDT_1h_c0fcbdf76c70.json
09:25:45 [INFO] [L6.5] FracDiff joblib slow path complete: columns=12 n_jobs=2
09:25:45 [INFO] [L6.5] symbol=BTCUSDT tf=1h d_star_cache_hit=0/12 path=/private/var/folders/_c/3xdf41hd3tvgxpx63mrml2c00000gn/T/pytest-of-louis/pytest-9/test_small_mutation_fracdiff_m0/dstar/full/d_star_BTCUSDT_1h_c0fcbdf76c70.json
09:25:45 [INFO] [L6.5] raw-sink heartbeat: tasks 47/248 (19.0%), groups 29/241, elapsed=71.0s, rate=0.66/s, ETA=304s, rss=543MB, last=1h_L1_trend_EMA (full)
09:25:46 [INFO] [L6.5] FracDiff joblib slow path complete: columns=9 n_jobs=2
09:25:46 [INFO] [L6.5] symbol=BTCUSDT tf=1h d_star_cache_hit=0/9 path=/private/var/folders/_c/3xdf41hd3tvgxpx63mrml2c00000gn/T/pytest-of-louis/pytest-9/test_small_mutation_fracdiff_m0/dstar/full/d_star_BTCUSDT_1h_c0fcbdf76c70.json
09:25:46 [INFO] [L6.5] FracDiff joblib slow path complete: columns=4 n_jobs=2
09:25:46 [INFO] [L6.5] symbol=BTCUSDT tf=1h d_star_cache_hit=0/4 path=/private/var/folders/_c/3xdf41hd3tvgxpx63mrml2c00000gn/T/pytest-of-louis/pytest-9/test_small_mutation_fracdiff_m0/dstar/full/d_star_BTCUSDT_1h_c0fcbdf76c70.json
09:25:46 [INFO] [L6.5] FracDiff joblib slow path complete: columns=4 n_jobs=2
09:25:46 [INFO] [L6.5] symbol=BTCUSDT tf=1h d_star_cache_hit=0/4 path=/private/var/folders/_c/3xdf41hd3tvgxpx63mrml2c00000gn/T/pytest-of-louis/pytest-9/test_small_mutation_fracdiff_m0/dstar/full/d_star_BTCUSDT_1h_c0fcbdf76c70.json
09:25:46 [INFO] [L6.5] FracDiff joblib slow path complete: columns=4 n_jobs=2
09:25:46 [INFO] [L6.5] symbol=BTCUSDT tf=1h d_star_cache_hit=0/4 path=/private/var/folders/_c/3xdf41hd3tvgxpx63mrml2c00000gn/T/pytest-of-louis/pytest-9/test_small_mutation_fracdiff_m0/dstar/full/d_star_BTCUSDT_1h_c0fcbdf76c70.json
09:25:46 [INFO] [L6.5] FracDiff joblib slow path complete: columns=4 n_jobs=2
09:25:46 [INFO] [L6.5] symbol=BTCUSDT tf=1h d_star_cache_hit=0/4 path=/private/var/folders/_c/3xdf41hd3tvgxpx63mrml2c00000gn/T/pytest-of-louis/pytest-9/test_small_mutation_fracdiff_m0/dstar/full/d_star_BTCUSDT_1h_c0fcbdf76c70.json
09:25:47 [INFO] [L6.5] FracDiff joblib slow path complete: columns=3 n_jobs=2
09:25:47 [INFO] [L6.5] symbol=BTCUSDT tf=1h d_star_cache_hit=0/3 path=/private/var/folders/_c/3xdf41hd3tvgxpx63mrml2c00000gn/T/pytest-of-louis/pytest-9/test_small_mutation_fracdiff_m0/dstar/full/d_star_BTCUSDT_1h_c0fcbdf76c70.json
09:25:47 [INFO] [L6.5] raw-sink heartbeat: tasks 59/248 (23.8%), groups 35/241, elapsed=72.6s, rate=0.81/s, ETA=233s, rss=546MB, last=1h_L1_momentum_CMO (full)
09:25:47 [INFO] [L6.5] FracDiff joblib slow path complete: columns=3 n_jobs=2
09:25:47 [INFO] [L6.5] symbol=BTCUSDT tf=1h d_star_cache_hit=0/3 path=/private/var/folders/_c/3xdf41hd3tvgxpx63mrml2c00000gn/T/pytest-of-louis/pytest-9/test_small_mutation_fracdiff_m0/dstar/full/d_star_BTCUSDT_1h_c0fcbdf76c70.json
09:25:47 [INFO] [L6.5] FracDiff joblib slow path complete: columns=7 n_jobs=2
09:25:47 [INFO] [L6.5] symbol=BTCUSDT tf=1h d_star_cache_hit=0/7 path=/private/var/folders/_c/3xdf41hd3tvgxpx63mrml2c00000gn/T/pytest-of-louis/pytest-9/test_small_mutation_fracdiff_m0/dstar/full/d_star_BTCUSDT_1h_c0fcbdf76c70.json
09:25:48 [INFO] [L6.5] FracDiff joblib slow path complete: columns=5 n_jobs=2
09:25:48 [INFO] [L6.5] symbol=BTCUSDT tf=1h d_star_cache_hit=0/5 path=/private/var/folders/_c/3xdf41hd3tvgxpx63mrml2c00000gn/T/pytest-of-louis/pytest-9/test_small_mutation_fracdiff_m0/dstar/full/d_star_BTCUSDT_1h_c0fcbdf76c70.json
09:25:48 [INFO] [L6.5] FracDiff joblib slow path complete: columns=12 n_jobs=2
09:25:48 [INFO] [L6.5] symbol=BTCUSDT tf=1h d_star_cache_hit=0/12 path=/private/var/folders/_c/3xdf41hd3tvgxpx63mrml2c00000gn/T/pytest-of-louis/pytest-9/test_small_mutation_fracdiff_m0/dstar/full/d_star_BTCUSDT_1h_c0fcbdf76c70.json
09:25:49 [INFO] [L6.5] FracDiff joblib slow path complete: columns=6 n_jobs=2
09:25:49 [INFO] [L6.5] symbol=BTCUSDT tf=1h d_star_cache_hit=6/6 path=/private/var/folders/_c/3xdf41hd3tvgxpx63mrml2c00000gn/T/pytest-of-louis/pytest-9/test_small_mutation_fracdiff_m0/dstar/full/d_star_BTCUSDT_1h_c0fcbdf76c70.json
09:25:49 [INFO] [L6.5] FracDiff joblib slow path complete: columns=2 n_jobs=2
09:25:49 [INFO] [L6.5] symbol=BTCUSDT tf=1h d_star_cache_hit=2/2 path=/private/var/folders/_c/3xdf41hd3tvgxpx63mrml2c00000gn/T/pytest-of-louis/pytest-9/test_small_mutation_fracdiff_m0/dstar/full/d_star_BTCUSDT_1h_c0fcbdf76c70.json
09:25:49 [INFO] [L6.5] raw-sink heartbeat: tasks 71/248 (28.6%), groups 41/241, elapsed=74.8s, rate=0.95/s, ETA=186s, rss=548MB, last=1h_L1_trend_MAVP (full)
09:25:49 [INFO] [L6.5] FracDiff joblib slow path complete: columns=9 n_jobs=2
09:25:49 [INFO] [L6.5] symbol=BTCUSDT tf=1h d_star_cache_hit=0/9 path=/private/var/folders/_c/3xdf41hd3tvgxpx63mrml2c00000gn/T/pytest-of-louis/pytest-9/test_small_mutation_fracdiff_m0/dstar/full/d_star_BTCUSDT_1h_c0fcbdf76c70.json
09:25:50 [INFO] [L6.5] FracDiff joblib slow path complete: columns=10 n_jobs=2
09:25:50 [INFO] [L6.5] symbol=BTCUSDT tf=1h d_star_cache_hit=0/10 path=/private/var/folders/_c/3xdf41hd3tvgxpx63mrml2c00000gn/T/pytest-of-louis/pytest-9/test_small_mutation_fracdiff_m0/dstar/full/d_star_BTCUSDT_1h_c0fcbdf76c70.json
09:25:50 [INFO] [L6.5] FracDiff joblib slow path complete: columns=4 n_jobs=2
09:25:50 [INFO] [L6.5] symbol=BTCUSDT tf=1h d_star_cache_hit=0/4 path=/private/var/folders/_c/3xdf41hd3tvgxpx63mrml2c00000gn/T/pytest-of-louis/pytest-9/test_small_mutation_fracdiff_m0/dstar/full/d_star_BTCUSDT_1h_c0fcbdf76c70.json
09:25:51 [INFO] [L6.5] FracDiff joblib slow path complete: columns=11 n_jobs=2
09:25:51 [INFO] [L6.5] symbol=BTCUSDT tf=1h d_star_cache_hit=0/11 path=/private/var/folders/_c/3xdf41hd3tvgxpx63mrml2c00000gn/T/pytest-of-louis/pytest-9/test_small_mutation_fracdiff_m0/dstar/full/d_star_BTCUSDT_1h_c0fcbdf76c70.json
09:25:51 [INFO] [L6.5] FracDiff joblib slow path complete: columns=7 n_jobs=2
09:25:51 [INFO] [L6.5] symbol=BTCUSDT tf=1h d_star_cache_hit=0/7 path=/private/var/folders/_c/3xdf41hd3tvgxpx63mrml2c00000gn/T/pytest-of-louis/pytest-9/test_small_mutation_fracdiff_m0/dstar/full/d_star_BTCUSDT_1h_c0fcbdf76c70.json
09:25:52 [INFO] [L6.5] FracDiff joblib slow path complete: columns=5 n_jobs=2
09:25:52 [INFO] [L6.5] symbol=BTCUSDT tf=1h d_star_cache_hit=0/5 path=/private/var/folders/_c/3xdf41hd3tvgxpx63mrml2c00000gn/T/pytest-of-louis/pytest-9/test_small_mutation_fracdiff_m0/dstar/full/d_star_BTCUSDT_1h_c0fcbdf76c70.json
09:25:52 [INFO] [L6.5] raw-sink heartbeat: tasks 83/248 (33.5%), groups 47/241, elapsed=77.8s, rate=1.07/s, ETA=155s, rss=550MB, last=1h_L1_trend_BBANDS-Lower (full)
09:25:52 [INFO] [L6.5] FracDiff joblib slow path complete: columns=5 n_jobs=2
09:25:52 [INFO] [L6.5] symbol=BTCUSDT tf=1h d_star_cache_hit=5/5 path=/private/var/folders/_c/3xdf41hd3tvgxpx63mrml2c00000gn/T/pytest-of-louis/pytest-9/test_small_mutation_fracdiff_m0/dstar/full/d_star_BTCUSDT_1h_c0fcbdf76c70.json
09:25:53 [INFO] [L6.5] FracDiff joblib slow path complete: columns=6 n_jobs=2
09:25:53 [INFO] [L6.5] symbol=BTCUSDT tf=1h d_star_cache_hit=0/6 path=/private/var/folders/_c/3xdf41hd3tvgxpx63mrml2c00000gn/T/pytest-of-louis/pytest-9/test_small_mutation_fracdiff_m0/dstar/full/d_star_BTCUSDT_1h_c0fcbdf76c70.json
09:25:53 [INFO] [L6.5] symbol=BTCUSDT tf=1h d_star_cache_hit=0/1 path=/private/var/folders/_c/3xdf41hd3tvgxpx63mrml2c00000gn/T/pytest-of-louis/pytest-9/test_small_mutation_fracdiff_m0/dstar/full/d_star_BTCUSDT_1h_c0fcbdf76c70.json
09:25:53 [INFO] [L6.5] FracDiff joblib slow path complete: columns=2 n_jobs=2
09:25:53 [INFO] [L6.5] symbol=BTCUSDT tf=1h d_star_cache_hit=0/2 path=/private/var/folders/_c/3xdf41hd3tvgxpx63mrml2c00000gn/T/pytest-of-louis/pytest-9/test_small_mutation_fracdiff_m0/dstar/full/d_star_BTCUSDT_1h_c0fcbdf76c70.json
09:25:54 [INFO] [L6.5] raw-sink heartbeat: tasks 95/248 (38.3%), groups 55/241, elapsed=79.7s, rate=1.19/s, ETA=128s, rss=552MB, last=1h_L6_meta (full)
09:25:54 [INFO] [L6.5] FracDiff joblib slow path complete: columns=4 n_jobs=2
09:25:54 [INFO] [L6.5] symbol=BTCUSDT tf=1h d_star_cache_hit=0/4 path=/private/var/folders/_c/3xdf41hd3tvgxpx63mrml2c00000gn/T/pytest-of-louis/pytest-9/test_small_mutation_fracdiff_m0/dstar/full/d_star_BTCUSDT_1h_c0fcbdf76c70.json
09:25:54 [INFO] [L6.5] FracDiff joblib slow path complete: columns=5 n_jobs=2
09:25:54 [INFO] [L6.5] symbol=BTCUSDT tf=1h d_star_cache_hit=0/5 path=/private/var/folders/_c/3xdf41hd3tvgxpx63mrml2c00000gn/T/pytest-of-louis/pytest-9/test_small_mutation_fracdiff_m0/dstar/full/d_star_BTCUSDT_1h_c0fcbdf76c70.json
09:25:54 [INFO] [L6.5] FracDiff joblib slow path complete: columns=3 n_jobs=2
09:25:54 [INFO] [L6.5] symbol=BTCUSDT tf=1h d_star_cache_hit=0/3 path=/private/var/folders/_c/3xdf41hd3tvgxpx63mrml2c00000gn/T/pytest-of-louis/pytest-9/test_small_mutation_fracdiff_m0/dstar/full/d_star_BTCUSDT_1h_c0fcbdf76c70.json
09:25:55 [INFO] [L6.5] FracDiff joblib slow path complete: columns=3 n_jobs=2
09:25:55 [INFO] [L6.5] symbol=BTCUSDT tf=1h d_star_cache_hit=0/3 path=/private/var/folders/_c/3xdf41hd3tvgxpx63mrml2c00000gn/T/pytest-of-louis/pytest-9/test_small_mutation_fracdiff_m0/dstar/full/d_star_BTCUSDT_1h_c0fcbdf76c70.json
09:25:55 [INFO] [L6.5] FracDiff joblib slow path complete: columns=4 n_jobs=2
09:25:55 [INFO] [L6.5] symbol=BTCUSDT tf=1h d_star_cache_hit=0/4 path=/private/var/folders/_c/3xdf41hd3tvgxpx63mrml2c00000gn/T/pytest-of-louis/pytest-9/test_small_mutation_fracdiff_m0/dstar/full/d_star_BTCUSDT_1h_c0fcbdf76c70.json
09:25:55 [INFO] [L6.5] FracDiff joblib slow path complete: columns=3 n_jobs=2
09:25:55 [INFO] [L6.5] symbol=BTCUSDT tf=1h d_star_cache_hit=0/3 path=/private/var/folders/_c/3xdf41hd3tvgxpx63mrml2c00000gn/T/pytest-of-louis/pytest-9/test_small_mutation_fracdiff_m0/dstar/full/d_star_BTCUSDT_1h_c0fcbdf76c70.json
09:25:55 [INFO] [L6.5] raw-sink heartbeat: tasks 107/248 (43.1%), groups 61/241, elapsed=81.0s, rate=1.32/s, ETA=107s, rss=553MB, last=1h_L1_momentum_DX (full)
09:25:55 [INFO] [L6.5] FracDiff joblib slow path complete: columns=2 n_jobs=2
09:25:55 [INFO] [L6.5] symbol=BTCUSDT tf=1h d_star_cache_hit=0/2 path=/private/var/folders/_c/3xdf41hd3tvgxpx63mrml2c00000gn/T/pytest-of-louis/pytest-9/test_small_mutation_fracdiff_m0/dstar/full/d_star_BTCUSDT_1h_c0fcbdf76c70.json
09:25:56 [INFO] [L6.5] FracDiff joblib slow path complete: columns=4 n_jobs=2
09:25:56 [INFO] [L6.5] symbol=BTCUSDT tf=1h d_star_cache_hit=0/4 path=/private/var/folders/_c/3xdf41hd3tvgxpx63mrml2c00000gn/T/pytest-of-louis/pytest-9/test_small_mutation_fracdiff_m0/dstar/full/d_star_BTCUSDT_1h_c0fcbdf76c70.json
09:25:56 [INFO] [L6.5] FracDiff joblib slow path complete: columns=3 n_jobs=2
09:25:56 [INFO] [L6.5] symbol=BTCUSDT tf=1h d_star_cache_hit=0/3 path=/private/var/folders/_c/3xdf41hd3tvgxpx63mrml2c00000gn/T/pytest-of-louis/pytest-9/test_small_mutation_fracdiff_m0/dstar/full/d_star_BTCUSDT_1h_c0fcbdf76c70.json
09:25:57 [INFO] [L6.5] FracDiff joblib slow path complete: columns=6 n_jobs=2
09:25:57 [INFO] [L6.5] symbol=BTCUSDT tf=1h d_star_cache_hit=0/6 path=/private/var/folders/_c/3xdf41hd3tvgxpx63mrml2c00000gn/T/pytest-of-louis/pytest-9/test_small_mutation_fracdiff_m0/dstar/full/d_star_BTCUSDT_1h_c0fcbdf76c70.json
09:25:57 [INFO] [L6.5] symbol=BTCUSDT tf=1h d_star_cache_hit=0/1 path=/private/var/folders/_c/3xdf41hd3tvgxpx63mrml2c00000gn/T/pytest-of-louis/pytest-9/test_small_mutation_fracdiff_m0/dstar/full/d_star_BTCUSDT_1h_c0fcbdf76c70.json
09:25:57 [INFO] [L6.5] raw-sink heartbeat: tasks 119/248 (48.0%), groups 68/241, elapsed=82.9s, rate=1.44/s, ETA=90s, rss=554MB, last=1h_L1_momentum_APO_12-26-0 (full)
09:25:58 [INFO] [L6.5] symbol=BTCUSDT tf=1h d_star_cache_hit=0/1 path=/private/var/folders/_c/3xdf41hd3tvgxpx63mrml2c00000gn/T/pytest-of-louis/pytest-9/test_small_mutation_fracdiff_m0/dstar/full/d_star_BTCUSDT_1h_c0fcbdf76c70.json
09:25:58 [INFO] [L6.5] symbol=BTCUSDT tf=1h d_star_cache_hit=0/1 path=/private/var/folders/_c/3xdf41hd3tvgxpx63mrml2c00000gn/T/pytest-of-louis/pytest-9/test_small_mutation_fracdiff_m0/dstar/full/d_star_BTCUSDT_1h_c0fcbdf76c70.json
09:25:58 [INFO] [L6.5] FracDiff joblib slow path complete: columns=2 n_jobs=2
09:25:58 [INFO] [L6.5] symbol=BTCUSDT tf=1h d_star_cache_hit=0/2 path=/private/var/folders/_c/3xdf41hd3tvgxpx63mrml2c00000gn/T/pytest-of-louis/pytest-9/test_small_mutation_fracdiff_m0/dstar/full/d_star_BTCUSDT_1h_c0fcbdf76c70.json
09:25:58 [INFO] [L6.5] raw-sink heartbeat: tasks 132/248 (53.2%), groups 78/241, elapsed=84.3s, rate=1.57/s, ETA=74s, rss=555MB, last=1h_L1_momentum_APO_55-233-0 (full)
09:26:00 [INFO] [L6.5] raw-sink heartbeat: tasks 144/248 (58.1%), groups 90/241, elapsed=85.6s, rate=1.68/s, ETA=62s, rss=539MB, last=1h_L1_momentum_MACD-Hist_55-144-21 (full)
09:26:00 [INFO] [L6.5] symbol=BTCUSDT tf=1h d_star_cache_hit=0/1 path=/private/var/folders/_c/3xdf41hd3tvgxpx63mrml2c00000gn/T/pytest-of-louis/pytest-9/test_small_mutation_fracdiff_m0/dstar/full/d_star_BTCUSDT_1h_c0fcbdf76c70.json
09:26:01 [INFO] [L6.5] symbol=BTCUSDT tf=1h d_star_cache_hit=0/1 path=/private/var/folders/_c/3xdf41hd3tvgxpx63mrml2c00000gn/T/pytest-of-louis/pytest-9/test_small_mutation_fracdiff_m0/dstar/full/d_star_BTCUSDT_1h_c0fcbdf76c70.json
09:26:01 [INFO] [L6.5] symbol=BTCUSDT tf=1h d_star_cache_hit=0/1 path=/private/var/folders/_c/3xdf41hd3tvgxpx63mrml2c00000gn/T/pytest-of-louis/pytest-9/test_small_mutation_fracdiff_m0/dstar/full/d_star_BTCUSDT_1h_c0fcbdf76c70.json
09:26:01 [INFO] [L6.5] raw-sink heartbeat: tasks 157/248 (63.3%), groups 100/241, elapsed=86.8s, rate=1.81/s, ETA=50s, rss=525MB, last=1h_L1_momentum_MACD-Line_34-89-13 (full)
09:26:01 [INFO] [L6.5] symbol=BTCUSDT tf=1h d_star_cache_hit=0/1 path=/private/var/folders/_c/3xdf41hd3tvgxpx63mrml2c00000gn/T/pytest-of-louis/pytest-9/test_small_mutation_fracdiff_m0/dstar/full/d_star_BTCUSDT_1h_c0fcbdf76c70.json
09:26:01 [INFO] [L6.5] FracDiff joblib slow path complete: columns=2 n_jobs=2
09:26:01 [INFO] [L6.5] symbol=BTCUSDT tf=1h d_star_cache_hit=0/2 path=/private/var/folders/_c/3xdf41hd3tvgxpx63mrml2c00000gn/T/pytest-of-louis/pytest-9/test_small_mutation_fracdiff_m0/dstar/full/d_star_BTCUSDT_1h_c0fcbdf76c70.json
09:26:02 [INFO] [L6.5] raw-sink heartbeat: tasks 169/248 (68.1%), groups 110/241, elapsed=88.0s, rate=1.92/s, ETA=41s, rss=513MB, last=1h_L1_momentum_MACD-Signal_21-55-9 (full)
09:26:02 [INFO] [L6.5] symbol=BTCUSDT tf=1h d_star_cache_hit=0/1 path=/private/var/folders/_c/3xdf41hd3tvgxpx63mrml2c00000gn/T/pytest-of-louis/pytest-9/test_small_mutation_fracdiff_m0/dstar/full/d_star_BTCUSDT_1h_c0fcbdf76c70.json
09:26:02 [INFO] [L6.5] symbol=BTCUSDT tf=1h d_star_cache_hit=0/1 path=/private/var/folders/_c/3xdf41hd3tvgxpx63mrml2c00000gn/T/pytest-of-louis/pytest-9/test_small_mutation_fracdiff_m0/dstar/full/d_star_BTCUSDT_1h_c0fcbdf76c70.json
09:26:02 [INFO] [L6.5] symbol=BTCUSDT tf=1h d_star_cache_hit=0/1 path=/private/var/folders/_c/3xdf41hd3tvgxpx63mrml2c00000gn/T/pytest-of-louis/pytest-9/test_small_mutation_fracdiff_m0/dstar/full/d_star_BTCUSDT_1h_c0fcbdf76c70.json
09:26:03 [INFO] [L6.5] symbol=BTCUSDT tf=1h d_star_cache_hit=0/1 path=/private/var/folders/_c/3xdf41hd3tvgxpx63mrml2c00000gn/T/pytest-of-louis/pytest-9/test_small_mutation_fracdiff_m0/dstar/full/d_star_BTCUSDT_1h_c0fcbdf76c70.json
09:26:03 [INFO] [L6.5] FracDiff joblib slow path complete: columns=2 n_jobs=2
09:26:03 [INFO] [L6.5] symbol=BTCUSDT tf=1h d_star_cache_hit=0/2 path=/private/var/folders/_c/3xdf41hd3tvgxpx63mrml2c00000gn/T/pytest-of-louis/pytest-9/test_small_mutation_fracdiff_m0/dstar/full/d_star_BTCUSDT_1h_c0fcbdf76c70.json
09:26:03 [INFO] [L6.5] raw-sink heartbeat: tasks 181/248 (73.0%), groups 117/241, elapsed=89.0s, rate=2.03/s, ETA=33s, rss=514MB, last=1h_L1_momentum_MACD-Signal_55-233-34 (full)
09:26:04 [INFO] [L6.5] raw-sink heartbeat: tasks 193/248 (77.8%), groups 129/241, elapsed=90.3s, rate=2.14/s, ETA=26s, rss=509MB, last=1h_L1_momentum_MACDEXT-Hist_55-144-21 (full)
09:26:05 [INFO] [L6.5] symbol=BTCUSDT tf=1h d_star_cache_hit=1/1 path=/private/var/folders/_c/3xdf41hd3tvgxpx63mrml2c00000gn/T/pytest-of-louis/pytest-9/test_small_mutation_fracdiff_m0/dstar/full/d_star_BTCUSDT_1h_c0fcbdf76c70.json
09:26:06 [INFO] [L6.5] raw-sink heartbeat: tasks 205/248 (82.7%), groups 140/241, elapsed=91.7s, rate=2.24/s, ETA=19s, rss=509MB, last=1h_L1_momentum_MACDEXT-Line_5-13-3 (full)
09:26:06 [INFO] [L6.5] symbol=BTCUSDT tf=1h d_star_cache_hit=1/1 path=/private/var/folders/_c/3xdf41hd3tvgxpx63mrml2c00000gn/T/pytest-of-louis/pytest-9/test_small_mutation_fracdiff_m0/dstar/full/d_star_BTCUSDT_1h_c0fcbdf76c70.json
09:26:06 [INFO] [L6.5] FracDiff joblib slow path complete: columns=2 n_jobs=2
09:26:06 [INFO] [L6.5] symbol=BTCUSDT tf=1h d_star_cache_hit=2/2 path=/private/var/folders/_c/3xdf41hd3tvgxpx63mrml2c00000gn/T/pytest-of-louis/pytest-9/test_small_mutation_fracdiff_m0/dstar/full/d_star_BTCUSDT_1h_c0fcbdf76c70.json
09:26:07 [INFO] [L6.5] raw-sink heartbeat: tasks 217/248 (87.5%), groups 150/241, elapsed=92.9s, rate=2.34/s, ETA=13s, rss=510MB, last=1h_L1_momentum_MACDEXT-Signal_21-89-13 (full)
09:26:07 [INFO] [L6.5] FracDiff joblib slow path complete: columns=2 n_jobs=2
09:26:07 [INFO] [L6.5] symbol=BTCUSDT tf=1h d_star_cache_hit=0/2 path=/private/var/folders/_c/3xdf41hd3tvgxpx63mrml2c00000gn/T/pytest-of-louis/pytest-9/test_small_mutation_fracdiff_m0/dstar/full/d_star_BTCUSDT_1h_c0fcbdf76c70.json
09:26:07 [INFO] [L6.5] symbol=BTCUSDT tf=1h d_star_cache_hit=0/1 path=/private/var/folders/_c/3xdf41hd3tvgxpx63mrml2c00000gn/T/pytest-of-louis/pytest-9/test_small_mutation_fracdiff_m0/dstar/full/d_star_BTCUSDT_1h_c0fcbdf76c70.json
09:26:08 [INFO] [L6.5] symbol=BTCUSDT tf=1h d_star_cache_hit=0/1 path=/private/var/folders/_c/3xdf41hd3tvgxpx63mrml2c00000gn/T/pytest-of-louis/pytest-9/test_small_mutation_fracdiff_m0/dstar/full/d_star_BTCUSDT_1h_c0fcbdf76c70.json
09:26:08 [INFO] [L6.5] FracDiff joblib slow path complete: columns=2 n_jobs=2
09:26:08 [INFO] [L6.5] symbol=BTCUSDT tf=1h d_star_cache_hit=0/2 path=/private/var/folders/_c/3xdf41hd3tvgxpx63mrml2c00000gn/T/pytest-of-louis/pytest-9/test_small_mutation_fracdiff_m0/dstar/full/d_star_BTCUSDT_1h_c0fcbdf76c70.json
09:26:08 [INFO] [L6.5] raw-sink heartbeat: tasks 229/248 (92.3%), groups 158/241, elapsed=94.1s, rate=2.43/s, ETA=8s, rss=323MB, last=1h_L1_momentum_MACDEXT-Signal_8-34-9 (full)
09:26:09 [INFO] [L6.5] symbol=BTCUSDT tf=1h d_star_cache_hit=0/1 path=/private/var/folders/_c/3xdf41hd3tvgxpx63mrml2c00000gn/T/pytest-of-louis/pytest-9/test_small_mutation_fracdiff_m0/dstar/full/d_star_BTCUSDT_1h_c0fcbdf76c70.json
09:26:09 [INFO] [L6.5] symbol=BTCUSDT tf=1h d_star_cache_hit=0/1 path=/private/var/folders/_c/3xdf41hd3tvgxpx63mrml2c00000gn/T/pytest-of-louis/pytest-9/test_small_mutation_fracdiff_m0/dstar/full/d_star_BTCUSDT_1h_c0fcbdf76c70.json
09:26:09 [INFO] [L6.5] raw-sink heartbeat: tasks 241/248 (97.2%), groups 168/241, elapsed=95.3s, rate=2.53/s, ETA=3s, rss=315MB, last=1h_L1_momentum_PPO_55-144-0 (full)
09:26:10 [INFO] [L6.5] FracDiff joblib slow path complete: columns=2 n_jobs=2
09:26:10 [INFO] [L6.5] symbol=BTCUSDT tf=1h d_star_cache_hit=0/2 path=/private/var/folders/_c/3xdf41hd3tvgxpx63mrml2c00000gn/T/pytest-of-louis/pytest-9/test_small_mutation_fracdiff_m0/dstar/full/d_star_BTCUSDT_1h_c0fcbdf76c70.json
09:26:11 [INFO] [L6.5] raw-sink heartbeat: tasks 253/248 (102.0%), groups 179/241, elapsed=96.6s, rate=2.62/s, ETA=-2s, rss=314MB, last=1h_L1_momentum_STOCHRSI-fastk_14-3-3-0 (full)
09:26:12 [INFO] [L6.5] symbol=BTCUSDT tf=1h d_star_cache_hit=0/1 path=/private/var/folders/_c/3xdf41hd3tvgxpx63mrml2c00000gn/T/pytest-of-louis/pytest-9/test_small_mutation_fracdiff_m0/dstar/full/d_star_BTCUSDT_1h_c0fcbdf76c70.json
09:26:12 [INFO] [L6.5] raw-sink heartbeat: tasks 265/248 (106.9%), groups 190/241, elapsed=98.0s, rate=2.70/s, ETA=-6s, rss=314MB, last=1h_L1_momentum_STOCH-slowd_13-3-0-3-0 (full)
09:26:13 [INFO] [L6.5] symbol=BTCUSDT tf=1h d_star_cache_hit=0/1 path=/private/var/folders/_c/3xdf41hd3tvgxpx63mrml2c00000gn/T/pytest-of-louis/pytest-9/test_small_mutation_fracdiff_m0/dstar/full/d_star_BTCUSDT_1h_c0fcbdf76c70.json
09:26:13 [INFO] [L6.5] symbol=BTCUSDT tf=1h d_star_cache_hit=0/1 path=/private/var/folders/_c/3xdf41hd3tvgxpx63mrml2c00000gn/T/pytest-of-louis/pytest-9/test_small_mutation_fracdiff_m0/dstar/full/d_star_BTCUSDT_1h_c0fcbdf76c70.json
09:26:13 [INFO] [L6.5] raw-sink heartbeat: tasks 278/248 (112.1%), groups 201/241, elapsed=99.4s, rate=2.80/s, ETA=-11s, rss=311MB, last=1h_L1_momentum_STOCH-slowd_89-8-0-5-0 (full)
09:26:15 [INFO] [L6.5] raw-sink heartbeat: tasks 290/248 (116.9%), groups 213/241, elapsed=100.7s, rate=2.88/s, ETA=-15s, rss=310MB, last=1h_L1_momentum_STOCH-slowk_89-8-0-5-0 (full)
09:26:16 [INFO] [L6.5] raw-sink heartbeat: tasks 302/248 (121.8%), groups 225/241, elapsed=102.0s, rate=2.96/s, ETA=-18s, rss=303MB, last=1h_L1_momentum_STOCHF-fastk_34-5-0 (full)
09:26:17 [INFO] [L6.5] raw-sink heartbeat: tasks 314/248 (126.6%), groups 237/241, elapsed=103.4s, rate=3.04/s, ETA=-22s, rss=295MB, last=1h_L1_momentum_ULTOSC_5-13-26 (full)
09:26:18 [INFO] [L6.5] raw-sink heartbeat: tasks 318/248 (128.2%), groups 241/241, elapsed=103.8s, rate=3.06/s, ETA=-23s, rss=296MB, last=1h_L1_trend_SAR_0.02-0.2 (full)
09:26:18 [INFO] [L6.5] raw-sink complete: 241/241 groups in 103.97s rss=296MB
09:26:18 [INFO] [Layer B Sanitize][CGSA] nulled 412166 non-finite/over-cap values (finite_cap=1e+18) across all streamed features
09:26:19 [INFO] [L7_raw] registry stream persist done: symbol=BTCUSDT tf=1h groups=318 features=39715 npy_freed=0.98 GiB dtype=mixed
09:26:19 [WARNING] STOCH combo [5, 3, 3] is missing 2 parameter(s); using defaults slowk=3 slowd=3 slowk_matype=0 slowd_matype=0
09:26:19 [WARNING] STOCH combo [8, 3, 3] is missing 2 parameter(s); using defaults slowk=3 slowd=3 slowk_matype=0 slowd_matype=0
09:26:19 [WARNING] STOCH combo [13, 3, 3] is missing 2 parameter(s); using defaults slowk=3 slowd=3 slowk_matype=0 slowd_matype=0
09:26:19 [WARNING] STOCH combo [13, 5, 3] is missing 2 parameter(s); using defaults slowk=5 slowd=3 slowk_matype=0 slowd_matype=0
09:26:19 [WARNING] STOCH combo [21, 3, 3] is missing 2 parameter(s); using defaults slowk=3 slowd=3 slowk_matype=0 slowd_matype=0
09:26:19 [WARNING] STOCH combo [21, 5, 3] is missing 2 parameter(s); using defaults slowk=5 slowd=3 slowk_matype=0 slowd_matype=0
09:26:19 [WARNING] STOCH combo [21, 5, 5] is missing 2 parameter(s); using defaults slowk=5 slowd=5 slowk_matype=0 slowd_matype=0
09:26:19 [WARNING] STOCH combo [34, 5, 3] is missing 2 parameter(s); using defaults slowk=5 slowd=3 slowk_matype=0 slowd_matype=0
09:26:19 [WARNING] STOCH combo [34, 5, 5] is missing 2 parameter(s); using defaults slowk=5 slowd=5 slowk_matype=0 slowd_matype=0
09:26:19 [WARNING] STOCH combo [55, 5, 5] is missing 2 parameter(s); using defaults slowk=5 slowd=5 slowk_matype=0 slowd_matype=0
09:26:19 [WARNING] STOCH combo [55, 8, 5] is missing 2 parameter(s); using defaults slowk=8 slowd=5 slowk_matype=0 slowd_matype=0
09:26:19 [WARNING] STOCH combo [89, 8, 5] is missing 2 parameter(s); using defaults slowk=8 slowd=5 slowk_matype=0 slowd_matype=0
09:26:19 [WARNING] STOCHF combo [5, 3] is missing 1 parameter(s); using defaults fastd_period=3 fastd_matype=0
09:26:19 [WARNING] STOCHF combo [8, 3] is missing 1 parameter(s); using defaults fastd_period=3 fastd_matype=0
09:26:19 [WARNING] STOCHF combo [13, 3] is missing 1 parameter(s); using defaults fastd_period=3 fastd_matype=0
09:26:19 [WARNING] STOCHF combo [21, 3] is missing 1 parameter(s); using defaults fastd_period=3 fastd_matype=0
09:26:19 [WARNING] STOCHF combo [21, 5] is missing 1 parameter(s); using defaults fastd_period=5 fastd_matype=0
09:26:19 [WARNING] STOCHF combo [34, 5] is missing 1 parameter(s); using defaults fastd_period=5 fastd_matype=0
09:26:19 [WARNING] STOCHF combo [55, 5] is missing 1 parameter(s); using defaults fastd_period=5 fastd_matype=0
09:26:19 [WARNING] STOCHF combo [89, 8] is missing 1 parameter(s); using defaults fastd_period=8 fastd_matype=0
09:26:19 [WARNING] STOCHRSI combo [9, 5, 3] is missing 1 parameter(s); using defaults fastk_period=5 fastd_period=3 fastd_matype=0
09:26:19 [WARNING] STOCHRSI combo [14, 5, 3] is missing 1 parameter(s); using defaults fastk_period=5 fastd_period=3 fastd_matype=0
09:26:19 [WARNING] STOCHRSI combo [14, 3, 3] is missing 1 parameter(s); using defaults fastk_period=3 fastd_period=3 fastd_matype=0
09:26:19 [WARNING] STOCHRSI combo [21, 5, 3] is missing 1 parameter(s); using defaults fastk_period=5 fastd_period=3 fastd_matype=0
09:26:19 [WARNING] STOCHRSI combo [21, 8, 5] is missing 1 parameter(s); using defaults fastk_period=8 fastd_period=5 fastd_matype=0
09:26:19 [WARNING] STOCHRSI combo [34, 8, 5] is missing 1 parameter(s); using defaults fastk_period=8 fastd_period=5 fastd_matype=0
09:26:19 [WARNING] STOCHRSI combo [55, 8, 5] is missing 1 parameter(s); using defaults fastk_period=8 fastd_period=5 fastd_matype=0
09:26:19 [INFO] Fetching spot data: BTCUSDT/1h
09:26:19 [INFO] Read 20352 klines from BTCUSDT/1h in 0.007s
09:26:19 [INFO] Aligned data for BTCUSDT/1h: 20352 rows, 5 columns
09:26:19 [INFO] Fetching spot data: BTCUSDT/1h
09:26:19 [INFO] Read 20352 klines from BTCUSDT/1h in 0.006s
09:26:19 [INFO] Aligned data for BTCUSDT/1h: 20352 rows, 5 columns
09:26:19 [WARNING] STOCH combo [5, 3, 3] is missing 2 parameter(s); using defaults slowk=3 slowd=3 slowk_matype=0 slowd_matype=0
09:26:19 [WARNING] STOCH combo [8, 3, 3] is missing 2 parameter(s); using defaults slowk=3 slowd=3 slowk_matype=0 slowd_matype=0
09:26:19 [WARNING] STOCH combo [13, 3, 3] is missing 2 parameter(s); using defaults slowk=3 slowd=3 slowk_matype=0 slowd_matype=0
09:26:19 [WARNING] STOCH combo [13, 5, 3] is missing 2 parameter(s); using defaults slowk=5 slowd=3 slowk_matype=0 slowd_matype=0
09:26:19 [WARNING] STOCH combo [21, 3, 3] is missing 2 parameter(s); using defaults slowk=3 slowd=3 slowk_matype=0 slowd_matype=0
09:26:19 [WARNING] STOCH combo [21, 5, 3] is missing 2 parameter(s); using defaults slowk=5 slowd=3 slowk_matype=0 slowd_matype=0
09:26:19 [WARNING] STOCH combo [21, 5, 5] is missing 2 parameter(s); using defaults slowk=5 slowd=5 slowk_matype=0 slowd_matype=0
09:26:19 [WARNING] STOCH combo [34, 5, 3] is missing 2 parameter(s); using defaults slowk=5 slowd=3 slowk_matype=0 slowd_matype=0
09:26:19 [WARNING] STOCH combo [34, 5, 5] is missing 2 parameter(s); using defaults slowk=5 slowd=5 slowk_matype=0 slowd_matype=0
09:26:19 [WARNING] STOCH combo [55, 5, 5] is missing 2 parameter(s); using defaults slowk=5 slowd=5 slowk_matype=0 slowd_matype=0
09:26:19 [WARNING] STOCH combo [55, 8, 5] is missing 2 parameter(s); using defaults slowk=8 slowd=5 slowk_matype=0 slowd_matype=0
09:26:19 [WARNING] STOCH combo [89, 8, 5] is missing 2 parameter(s); using defaults slowk=8 slowd=5 slowk_matype=0 slowd_matype=0
09:26:19 [WARNING] STOCHF combo [5, 3] is missing 1 parameter(s); using defaults fastd_period=3 fastd_matype=0
09:26:19 [WARNING] STOCHF combo [8, 3] is missing 1 parameter(s); using defaults fastd_period=3 fastd_matype=0
09:26:19 [WARNING] STOCHF combo [13, 3] is missing 1 parameter(s); using defaults fastd_period=3 fastd_matype=0
09:26:19 [WARNING] STOCHF combo [21, 3] is missing 1 parameter(s); using defaults fastd_period=3 fastd_matype=0
09:26:19 [WARNING] STOCHF combo [21, 5] is missing 1 parameter(s); using defaults fastd_period=5 fastd_matype=0
09:26:19 [WARNING] STOCHF combo [34, 5] is missing 1 parameter(s); using defaults fastd_period=5 fastd_matype=0
09:26:19 [WARNING] STOCHF combo [55, 5] is missing 1 parameter(s); using defaults fastd_period=5 fastd_matype=0
09:26:19 [WARNING] STOCHF combo [89, 8] is missing 1 parameter(s); using defaults fastd_period=8 fastd_matype=0
09:26:19 [WARNING] STOCHRSI combo [9, 5, 3] is missing 1 parameter(s); using defaults fastk_period=5 fastd_period=3 fastd_matype=0
09:26:19 [WARNING] STOCHRSI combo [14, 5, 3] is missing 1 parameter(s); using defaults fastk_period=5 fastd_period=3 fastd_matype=0
09:26:19 [WARNING] STOCHRSI combo [14, 3, 3] is missing 1 parameter(s); using defaults fastk_period=3 fastd_period=3 fastd_matype=0
09:26:19 [WARNING] STOCHRSI combo [21, 5, 3] is missing 1 parameter(s); using defaults fastk_period=5 fastd_period=3 fastd_matype=0
09:26:19 [WARNING] STOCHRSI combo [21, 8, 5] is missing 1 parameter(s); using defaults fastk_period=8 fastd_period=5 fastd_matype=0
09:26:19 [WARNING] STOCHRSI combo [34, 8, 5] is missing 1 parameter(s); using defaults fastk_period=8 fastd_period=5 fastd_matype=0
09:26:19 [WARNING] STOCHRSI combo [55, 8, 5] is missing 1 parameter(s); using defaults fastk_period=8 fastd_period=5 fastd_matype=0
09:26:19 [INFO] Loaded feature registry with 1 entries
09:26:19 [INFO] [Layer 1] 0% - Starting Layer 1...
09:26:19 [INFO] Layer 1 starting, rss=360MB
09:26:19 [WARNING] STOCH combo [5, 3, 3] is missing 2 parameter(s); using defaults slowk=3 slowd=3 slowk_matype=0 slowd_matype=0
09:26:19 [WARNING] STOCH combo [8, 3, 3] is missing 2 parameter(s); using defaults slowk=3 slowd=3 slowk_matype=0 slowd_matype=0
09:26:19 [WARNING] STOCH combo [13, 3, 3] is missing 2 parameter(s); using defaults slowk=3 slowd=3 slowk_matype=0 slowd_matype=0
09:26:19 [WARNING] STOCH combo [13, 5, 3] is missing 2 parameter(s); using defaults slowk=5 slowd=3 slowk_matype=0 slowd_matype=0
09:26:19 [WARNING] STOCH combo [21, 3, 3] is missing 2 parameter(s); using defaults slowk=3 slowd=3 slowk_matype=0 slowd_matype=0
09:26:19 [WARNING] STOCH combo [21, 5, 3] is missing 2 parameter(s); using defaults slowk=5 slowd=3 slowk_matype=0 slowd_matype=0
09:26:19 [WARNING] STOCH combo [21, 5, 5] is missing 2 parameter(s); using defaults slowk=5 slowd=5 slowk_matype=0 slowd_matype=0
09:26:19 [WARNING] STOCH combo [34, 5, 3] is missing 2 parameter(s); using defaults slowk=5 slowd=3 slowk_matype=0 slowd_matype=0
09:26:19 [WARNING] STOCH combo [34, 5, 5] is missing 2 parameter(s); using defaults slowk=5 slowd=5 slowk_matype=0 slowd_matype=0
09:26:19 [WARNING] STOCH combo [55, 5, 5] is missing 2 parameter(s); using defaults slowk=5 slowd=5 slowk_matype=0 slowd_matype=0
09:26:19 [WARNING] STOCH combo [55, 8, 5] is missing 2 parameter(s); using defaults slowk=8 slowd=5 slowk_matype=0 slowd_matype=0
09:26:19 [WARNING] STOCH combo [89, 8, 5] is missing 2 parameter(s); using defaults slowk=8 slowd=5 slowk_matype=0 slowd_matype=0
09:26:19 [WARNING] STOCHF combo [5, 3] is missing 1 parameter(s); using defaults fastd_period=3 fastd_matype=0
09:26:19 [WARNING] STOCHF combo [8, 3] is missing 1 parameter(s); using defaults fastd_period=3 fastd_matype=0
09:26:19 [WARNING] STOCHF combo [13, 3] is missing 1 parameter(s); using defaults fastd_period=3 fastd_matype=0
09:26:19 [WARNING] STOCHF combo [21, 3] is missing 1 parameter(s); using defaults fastd_period=3 fastd_matype=0
09:26:19 [WARNING] STOCHF combo [21, 5] is missing 1 parameter(s); using defaults fastd_period=5 fastd_matype=0
09:26:19 [WARNING] STOCHF combo [34, 5] is missing 1 parameter(s); using defaults fastd_period=5 fastd_matype=0
09:26:19 [WARNING] STOCHF combo [55, 5] is missing 1 parameter(s); using defaults fastd_period=5 fastd_matype=0
09:26:19 [WARNING] STOCHF combo [89, 8] is missing 1 parameter(s); using defaults fastd_period=8 fastd_matype=0
09:26:19 [WARNING] STOCHRSI combo [9, 5, 3] is missing 1 parameter(s); using defaults fastk_period=5 fastd_period=3 fastd_matype=0
09:26:19 [WARNING] STOCHRSI combo [14, 5, 3] is missing 1 parameter(s); using defaults fastk_period=5 fastd_period=3 fastd_matype=0
09:26:19 [WARNING] STOCHRSI combo [14, 3, 3] is missing 1 parameter(s); using defaults fastk_period=3 fastd_period=3 fastd_matype=0
09:26:19 [WARNING] STOCHRSI combo [21, 5, 3] is missing 1 parameter(s); using defaults fastk_period=5 fastd_period=3 fastd_matype=0
09:26:19 [WARNING] STOCHRSI combo [21, 8, 5] is missing 1 parameter(s); using defaults fastk_period=8 fastd_period=5 fastd_matype=0
09:26:19 [WARNING] STOCHRSI combo [34, 8, 5] is missing 1 parameter(s); using defaults fastk_period=8 fastd_period=5 fastd_matype=0
09:26:19 [WARNING] STOCHRSI combo [55, 8, 5] is missing 1 parameter(s); using defaults fastk_period=8 fastd_period=5 fastd_matype=0
09:26:19 [INFO] [Layer 1] 100% - Layer 1 completed: 898 features
09:26:19 [INFO] Layer 1 done: 898 cols, status=ok, rss=463MB
09:26:19 [INFO] [Layer 2] 0% - Starting Layer 2...
09:26:19 [INFO] Layer 2 starting, rss=463MB
09:26:19 [INFO] [L2] Starting derived features: 898 L1 cols
09:26:19 [WARNING] STOCH combo [5, 3, 3] is missing 2 parameter(s); using defaults slowk=3 slowd=3 slowk_matype=0 slowd_matype=0
09:26:19 [WARNING] STOCH combo [8, 3, 3] is missing 2 parameter(s); using defaults slowk=3 slowd=3 slowk_matype=0 slowd_matype=0
09:26:19 [WARNING] STOCH combo [13, 3, 3] is missing 2 parameter(s); using defaults slowk=3 slowd=3 slowk_matype=0 slowd_matype=0
09:26:19 [WARNING] STOCH combo [13, 5, 3] is missing 2 parameter(s); using defaults slowk=5 slowd=3 slowk_matype=0 slowd_matype=0
09:26:19 [WARNING] STOCH combo [21, 3, 3] is missing 2 parameter(s); using defaults slowk=3 slowd=3 slowk_matype=0 slowd_matype=0
09:26:19 [WARNING] STOCH combo [21, 5, 3] is missing 2 parameter(s); using defaults slowk=5 slowd=3 slowk_matype=0 slowd_matype=0
09:26:19 [WARNING] STOCH combo [21, 5, 5] is missing 2 parameter(s); using defaults slowk=5 slowd=5 slowk_matype=0 slowd_matype=0
09:26:19 [WARNING] STOCH combo [34, 5, 3] is missing 2 parameter(s); using defaults slowk=5 slowd=3 slowk_matype=0 slowd_matype=0
09:26:19 [WARNING] STOCH combo [34, 5, 5] is missing 2 parameter(s); using defaults slowk=5 slowd=5 slowk_matype=0 slowd_matype=0
09:26:19 [WARNING] STOCH combo [55, 5, 5] is missing 2 parameter(s); using defaults slowk=5 slowd=5 slowk_matype=0 slowd_matype=0
09:26:19 [WARNING] STOCH combo [55, 8, 5] is missing 2 parameter(s); using defaults slowk=8 slowd=5 slowk_matype=0 slowd_matype=0
09:26:19 [WARNING] STOCH combo [89, 8, 5] is missing 2 parameter(s); using defaults slowk=8 slowd=5 slowk_matype=0 slowd_matype=0
09:26:19 [WARNING] STOCHF combo [5, 3] is missing 1 parameter(s); using defaults fastd_period=3 fastd_matype=0
09:26:19 [WARNING] STOCHF combo [8, 3] is missing 1 parameter(s); using defaults fastd_period=3 fastd_matype=0
09:26:19 [WARNING] STOCHF combo [13, 3] is missing 1 parameter(s); using defaults fastd_period=3 fastd_matype=0
09:26:19 [WARNING] STOCHF combo [21, 3] is missing 1 parameter(s); using defaults fastd_period=3 fastd_matype=0
09:26:19 [WARNING] STOCHF combo [21, 5] is missing 1 parameter(s); using defaults fastd_period=5 fastd_matype=0
09:26:19 [WARNING] STOCHF combo [34, 5] is missing 1 parameter(s); using defaults fastd_period=5 fastd_matype=0
09:26:19 [WARNING] STOCHF combo [55, 5] is missing 1 parameter(s); using defaults fastd_period=5 fastd_matype=0
09:26:19 [WARNING] STOCHF combo [89, 8] is missing 1 parameter(s); using defaults fastd_period=8 fastd_matype=0
09:26:19 [WARNING] STOCHRSI combo [9, 5, 3] is missing 1 parameter(s); using defaults fastk_period=5 fastd_period=3 fastd_matype=0
09:26:19 [WARNING] STOCHRSI combo [14, 5, 3] is missing 1 parameter(s); using defaults fastk_period=5 fastd_period=3 fastd_matype=0
09:26:19 [WARNING] STOCHRSI combo [14, 3, 3] is missing 1 parameter(s); using defaults fastk_period=3 fastd_period=3 fastd_matype=0
09:26:19 [WARNING] STOCHRSI combo [21, 5, 3] is missing 1 parameter(s); using defaults fastk_period=5 fastd_period=3 fastd_matype=0
09:26:19 [WARNING] STOCHRSI combo [21, 8, 5] is missing 1 parameter(s); using defaults fastk_period=8 fastd_period=5 fastd_matype=0
09:26:19 [WARNING] STOCHRSI combo [34, 8, 5] is missing 1 parameter(s); using defaults fastk_period=8 fastd_period=5 fastd_matype=0
09:26:19 [WARNING] STOCHRSI combo [55, 8, 5] is missing 1 parameter(s); using defaults fastk_period=8 fastd_period=5 fastd_matype=0
09:26:23 [INFO] [L2] Completed: 11621 cols in 3.47s
09:26:24 [INFO] [Layer 2] 100% - Layer 2 completed: 11621 features
09:26:24 [INFO] Layer 2 done: 11621 cols, status=ok, rss=1062MB
09:26:24 [INFO] [Layer 3] 0% - Starting Layer 3...
09:26:24 [INFO] Layer 3 starting, rss=1062MB
09:26:26 [INFO] [L3 streaming][numba][multi] step 10/20 (W5_range): 898→898 cols (-0 dead)
09:26:26 [INFO] [L3 streaming][numba][multi] step 20/20 (W13_range): 898→898 cols (-0 dead)
09:26:26 [INFO] [L3 streaming][numba][multi] complete: 17960 total generated, 0 dead dropped, 17960 survivors
09:26:27 [INFO] [Layer 3] 100% - Layer 3 completed: 17960 features
09:26:27 [INFO] Layer 3 done: 17960 cols, status=ok, rss=1159MB
09:26:27 [INFO] [Layer 4] 0% - Starting Layer 4...
09:26:27 [INFO] Layer 4 starting, rss=1159MB
09:26:27 [INFO] [Layer 4] 100% - Layer 4 completed: 7224 features
09:26:27 [INFO] Layer 4 done: 7224 cols, status=ok, rss=1302MB
09:26:27 [INFO] [Layer 5] 0% - Starting Layer 5...
09:26:27 [INFO] Layer 5 starting, rss=1302MB
09:26:27 [INFO] [Layer 5] 100% - Layer 5 completed: 0 features
09:26:27 [INFO] Layer 5 done: 0 cols, status=empty_disabled, rss=1303MB
09:26:27 [INFO] [Layer 6] 0% - Starting Layer 6...
09:26:27 [INFO] Layer 6 starting, rss=1303MB
09:26:27 [INFO] [Layer 6] 100% - Layer 6 completed: 10 features
09:26:27 [INFO] Layer 6 done: 10 cols, status=ok, rss=1306MB
09:26:27 [INFO] [memmap concat] 5 DFs → 37713 cols × 3812 rows ≈ 0.58 GB → disk-backed
09:26:27 [INFO] [memmap] created: shape=(3812, 37713), dtype=<class 'numpy.float32'>, est=0.58 GB  (file auto-unlinked)
09:26:27 [INFO] [memmap concat] copying DF 1/5 (898 cols)
09:26:27 [INFO] [memmap concat] copying DF 2/5 (11621 cols)
09:26:28 [INFO] [memmap concat] copying DF 3/5 (17960 cols)
09:26:29 [INFO] [memmap concat] copying DF 4/5 (7224 cols)
09:26:29 [INFO] [memmap concat] copying DF 5/5 (10 cols)
09:26:39 [WARNING] STOCH combo [5, 3, 3] is missing 2 parameter(s); using defaults slowk=3 slowd=3 slowk_matype=0 slowd_matype=0
09:26:39 [WARNING] STOCH combo [8, 3, 3] is missing 2 parameter(s); using defaults slowk=3 slowd=3 slowk_matype=0 slowd_matype=0
09:26:39 [WARNING] STOCH combo [13, 3, 3] is missing 2 parameter(s); using defaults slowk=3 slowd=3 slowk_matype=0 slowd_matype=0
09:26:39 [WARNING] STOCH combo [13, 5, 3] is missing 2 parameter(s); using defaults slowk=5 slowd=3 slowk_matype=0 slowd_matype=0
09:26:39 [WARNING] STOCH combo [21, 3, 3] is missing 2 parameter(s); using defaults slowk=3 slowd=3 slowk_matype=0 slowd_matype=0
09:26:39 [WARNING] STOCH combo [21, 5, 3] is missing 2 parameter(s); using defaults slowk=5 slowd=3 slowk_matype=0 slowd_matype=0
09:26:39 [WARNING] STOCH combo [21, 5, 5] is missing 2 parameter(s); using defaults slowk=5 slowd=5 slowk_matype=0 slowd_matype=0
09:26:39 [WARNING] STOCH combo [34, 5, 3] is missing 2 parameter(s); using defaults slowk=5 slowd=3 slowk_matype=0 slowd_matype=0
09:26:39 [WARNING] STOCH combo [34, 5, 5] is missing 2 parameter(s); using defaults slowk=5 slowd=5 slowk_matype=0 slowd_matype=0
09:26:39 [WARNING] STOCH combo [55, 5, 5] is missing 2 parameter(s); using defaults slowk=5 slowd=5 slowk_matype=0 slowd_matype=0
09:26:39 [WARNING] STOCH combo [55, 8, 5] is missing 2 parameter(s); using defaults slowk=8 slowd=5 slowk_matype=0 slowd_matype=0
09:26:39 [WARNING] STOCH combo [89, 8, 5] is missing 2 parameter(s); using defaults slowk=8 slowd=5 slowk_matype=0 slowd_matype=0
09:26:39 [WARNING] STOCHF combo [5, 3] is missing 1 parameter(s); using defaults fastd_period=3 fastd_matype=0
09:26:39 [WARNING] STOCHF combo [8, 3] is missing 1 parameter(s); using defaults fastd_period=3 fastd_matype=0
09:26:39 [WARNING] STOCHF combo [13, 3] is missing 1 parameter(s); using defaults fastd_period=3 fastd_matype=0
09:26:39 [WARNING] STOCHF combo [21, 3] is missing 1 parameter(s); using defaults fastd_period=3 fastd_matype=0
09:26:39 [WARNING] STOCHF combo [21, 5] is missing 1 parameter(s); using defaults fastd_period=5 fastd_matype=0
09:26:39 [WARNING] STOCHF combo [34, 5] is missing 1 parameter(s); using defaults fastd_period=5 fastd_matype=0
09:26:39 [WARNING] STOCHF combo [55, 5] is missing 1 parameter(s); using defaults fastd_period=5 fastd_matype=0
09:26:39 [WARNING] STOCHF combo [89, 8] is missing 1 parameter(s); using defaults fastd_period=8 fastd_matype=0
09:26:39 [WARNING] STOCHRSI combo [9, 5, 3] is missing 1 parameter(s); using defaults fastk_period=5 fastd_period=3 fastd_matype=0
09:26:39 [WARNING] STOCHRSI combo [14, 5, 3] is missing 1 parameter(s); using defaults fastk_period=5 fastd_period=3 fastd_matype=0
09:26:39 [WARNING] STOCHRSI combo [14, 3, 3] is missing 1 parameter(s); using defaults fastk_period=3 fastd_period=3 fastd_matype=0
09:26:39 [WARNING] STOCHRSI combo [21, 5, 3] is missing 1 parameter(s); using defaults fastk_period=5 fastd_period=3 fastd_matype=0
09:26:39 [WARNING] STOCHRSI combo [21, 8, 5] is missing 1 parameter(s); using defaults fastk_period=8 fastd_period=5 fastd_matype=0
09:26:39 [WARNING] STOCHRSI combo [34, 8, 5] is missing 1 parameter(s); using defaults fastk_period=8 fastd_period=5 fastd_matype=0
09:26:39 [WARNING] STOCHRSI combo [55, 8, 5] is missing 1 parameter(s); using defaults fastk_period=8 fastd_period=5 fastd_matype=0
09:26:39 [WARNING] STOCH combo [5, 3, 3] is missing 2 parameter(s); using defaults slowk=3 slowd=3 slowk_matype=0 slowd_matype=0
09:26:39 [WARNING] STOCH combo [8, 3, 3] is missing 2 parameter(s); using defaults slowk=3 slowd=3 slowk_matype=0 slowd_matype=0
09:26:39 [WARNING] STOCH combo [13, 3, 3] is missing 2 parameter(s); using defaults slowk=3 slowd=3 slowk_matype=0 slowd_matype=0
09:26:39 [WARNING] STOCH combo [13, 5, 3] is missing 2 parameter(s); using defaults slowk=5 slowd=3 slowk_matype=0 slowd_matype=0
09:26:39 [WARNING] STOCH combo [21, 3, 3] is missing 2 parameter(s); using defaults slowk=3 slowd=3 slowk_matype=0 slowd_matype=0
09:26:39 [WARNING] STOCH combo [21, 5, 3] is missing 2 parameter(s); using defaults slowk=5 slowd=3 slowk_matype=0 slowd_matype=0
09:26:39 [WARNING] STOCH combo [21, 5, 5] is missing 2 parameter(s); using defaults slowk=5 slowd=5 slowk_matype=0 slowd_matype=0
09:26:39 [WARNING] STOCH combo [34, 5, 3] is missing 2 parameter(s); using defaults slowk=5 slowd=3 slowk_matype=0 slowd_matype=0
09:26:39 [WARNING] STOCH combo [34, 5, 5] is missing 2 parameter(s); using defaults slowk=5 slowd=5 slowk_matype=0 slowd_matype=0
09:26:39 [WARNING] STOCH combo [55, 5, 5] is missing 2 parameter(s); using defaults slowk=5 slowd=5 slowk_matype=0 slowd_matype=0
09:26:39 [WARNING] STOCH combo [55, 8, 5] is missing 2 parameter(s); using defaults slowk=8 slowd=5 slowk_matype=0 slowd_matype=0
09:26:39 [WARNING] STOCH combo [89, 8, 5] is missing 2 parameter(s); using defaults slowk=8 slowd=5 slowk_matype=0 slowd_matype=0
09:26:39 [WARNING] STOCHF combo [5, 3] is missing 1 parameter(s); using defaults fastd_period=3 fastd_matype=0
09:26:39 [WARNING] STOCHF combo [8, 3] is missing 1 parameter(s); using defaults fastd_period=3 fastd_matype=0
09:26:39 [WARNING] STOCHF combo [13, 3] is missing 1 parameter(s); using defaults fastd_period=3 fastd_matype=0
09:26:39 [WARNING] STOCHF combo [21, 3] is missing 1 parameter(s); using defaults fastd_period=3 fastd_matype=0
09:26:39 [WARNING] STOCHF combo [21, 5] is missing 1 parameter(s); using defaults fastd_period=5 fastd_matype=0
09:26:39 [WARNING] STOCHF combo [34, 5] is missing 1 parameter(s); using defaults fastd_period=5 fastd_matype=0
09:26:39 [WARNING] STOCHF combo [55, 5] is missing 1 parameter(s); using defaults fastd_period=5 fastd_matype=0
09:26:39 [WARNING] STOCHF combo [89, 8] is missing 1 parameter(s); using defaults fastd_period=8 fastd_matype=0
09:26:39 [WARNING] STOCHRSI combo [9, 5, 3] is missing 1 parameter(s); using defaults fastk_period=5 fastd_period=3 fastd_matype=0
09:26:39 [WARNING] STOCHRSI combo [14, 5, 3] is missing 1 parameter(s); using defaults fastk_period=5 fastd_period=3 fastd_matype=0
09:26:39 [WARNING] STOCHRSI combo [14, 3, 3] is missing 1 parameter(s); using defaults fastk_period=3 fastd_period=3 fastd_matype=0
09:26:39 [WARNING] STOCHRSI combo [21, 5, 3] is missing 1 parameter(s); using defaults fastk_period=5 fastd_period=3 fastd_matype=0
09:26:39 [WARNING] STOCHRSI combo [21, 8, 5] is missing 1 parameter(s); using defaults fastk_period=8 fastd_period=5 fastd_matype=0
09:26:39 [WARNING] STOCHRSI combo [34, 8, 5] is missing 1 parameter(s); using defaults fastk_period=8 fastd_period=5 fastd_matype=0
09:26:39 [WARNING] STOCHRSI combo [55, 8, 5] is missing 1 parameter(s); using defaults fastk_period=8 fastd_period=5 fastd_matype=0
09:26:39 [INFO] Fetching spot data: BTCUSDT/1h
09:26:39 [INFO] Read 20352 klines from BTCUSDT/1h in 0.017s
09:26:39 [INFO] Aligned data for BTCUSDT/1h: 20352 rows, 5 columns
09:26:39 [INFO] Loaded feature registry with 1 entries
09:26:39 [INFO] [Layer 1] 0% - Starting Layer 1...
09:26:39 [INFO] Layer 1 starting, rss=1698MB
09:26:39 [WARNING] STOCH combo [5, 3, 3] is missing 2 parameter(s); using defaults slowk=3 slowd=3 slowk_matype=0 slowd_matype=0
09:26:39 [WARNING] STOCH combo [8, 3, 3] is missing 2 parameter(s); using defaults slowk=3 slowd=3 slowk_matype=0 slowd_matype=0
09:26:39 [WARNING] STOCH combo [13, 3, 3] is missing 2 parameter(s); using defaults slowk=3 slowd=3 slowk_matype=0 slowd_matype=0
09:26:39 [WARNING] STOCH combo [13, 5, 3] is missing 2 parameter(s); using defaults slowk=5 slowd=3 slowk_matype=0 slowd_matype=0
09:26:39 [WARNING] STOCH combo [21, 3, 3] is missing 2 parameter(s); using defaults slowk=3 slowd=3 slowk_matype=0 slowd_matype=0
09:26:39 [WARNING] STOCH combo [21, 5, 3] is missing 2 parameter(s); using defaults slowk=5 slowd=3 slowk_matype=0 slowd_matype=0
09:26:39 [WARNING] STOCH combo [21, 5, 5] is missing 2 parameter(s); using defaults slowk=5 slowd=5 slowk_matype=0 slowd_matype=0
09:26:39 [WARNING] STOCH combo [34, 5, 3] is missing 2 parameter(s); using defaults slowk=5 slowd=3 slowk_matype=0 slowd_matype=0
09:26:39 [WARNING] STOCH combo [34, 5, 5] is missing 2 parameter(s); using defaults slowk=5 slowd=5 slowk_matype=0 slowd_matype=0
09:26:39 [WARNING] STOCH combo [55, 5, 5] is missing 2 parameter(s); using defaults slowk=5 slowd=5 slowk_matype=0 slowd_matype=0
09:26:39 [WARNING] STOCH combo [55, 8, 5] is missing 2 parameter(s); using defaults slowk=8 slowd=5 slowk_matype=0 slowd_matype=0
09:26:39 [WARNING] STOCH combo [89, 8, 5] is missing 2 parameter(s); using defaults slowk=8 slowd=5 slowk_matype=0 slowd_matype=0
09:26:39 [WARNING] STOCHF combo [5, 3] is missing 1 parameter(s); using defaults fastd_period=3 fastd_matype=0
09:26:39 [WARNING] STOCHF combo [8, 3] is missing 1 parameter(s); using defaults fastd_period=3 fastd_matype=0
09:26:39 [WARNING] STOCHF combo [13, 3] is missing 1 parameter(s); using defaults fastd_period=3 fastd_matype=0
09:26:39 [WARNING] STOCHF combo [21, 3] is missing 1 parameter(s); using defaults fastd_period=3 fastd_matype=0
09:26:39 [WARNING] STOCHF combo [21, 5] is missing 1 parameter(s); using defaults fastd_period=5 fastd_matype=0
09:26:39 [WARNING] STOCHF combo [34, 5] is missing 1 parameter(s); using defaults fastd_period=5 fastd_matype=0
09:26:39 [WARNING] STOCHF combo [55, 5] is missing 1 parameter(s); using defaults fastd_period=5 fastd_matype=0
09:26:39 [WARNING] STOCHF combo [89, 8] is missing 1 parameter(s); using defaults fastd_period=8 fastd_matype=0
09:26:39 [WARNING] STOCHRSI combo [9, 5, 3] is missing 1 parameter(s); using defaults fastk_period=5 fastd_period=3 fastd_matype=0
09:26:39 [WARNING] STOCHRSI combo [14, 5, 3] is missing 1 parameter(s); using defaults fastk_period=5 fastd_period=3 fastd_matype=0
09:26:39 [WARNING] STOCHRSI combo [14, 3, 3] is missing 1 parameter(s); using defaults fastk_period=3 fastd_period=3 fastd_matype=0
09:26:39 [WARNING] STOCHRSI combo [21, 5, 3] is missing 1 parameter(s); using defaults fastk_period=5 fastd_period=3 fastd_matype=0
09:26:39 [WARNING] STOCHRSI combo [21, 8, 5] is missing 1 parameter(s); using defaults fastk_period=8 fastd_period=5 fastd_matype=0
09:26:39 [WARNING] STOCHRSI combo [34, 8, 5] is missing 1 parameter(s); using defaults fastk_period=8 fastd_period=5 fastd_matype=0
09:26:39 [WARNING] STOCHRSI combo [55, 8, 5] is missing 1 parameter(s); using defaults fastk_period=8 fastd_period=5 fastd_matype=0
09:26:39 [INFO] [Layer 1] 100% - Layer 1 completed: 898 features
09:26:39 [INFO] Layer 1 done: 898 cols, status=ok, rss=1022MB
09:26:39 [INFO] [Layer 2] 0% - Starting Layer 2...
09:26:39 [INFO] Layer 2 starting, rss=1022MB
09:26:39 [INFO] [L2] Starting derived features: 898 L1 cols
09:26:39 [WARNING] STOCH combo [5, 3, 3] is missing 2 parameter(s); using defaults slowk=3 slowd=3 slowk_matype=0 slowd_matype=0
09:26:39 [WARNING] STOCH combo [8, 3, 3] is missing 2 parameter(s); using defaults slowk=3 slowd=3 slowk_matype=0 slowd_matype=0
09:26:39 [WARNING] STOCH combo [13, 3, 3] is missing 2 parameter(s); using defaults slowk=3 slowd=3 slowk_matype=0 slowd_matype=0
09:26:39 [WARNING] STOCH combo [13, 5, 3] is missing 2 parameter(s); using defaults slowk=5 slowd=3 slowk_matype=0 slowd_matype=0
09:26:39 [WARNING] STOCH combo [21, 3, 3] is missing 2 parameter(s); using defaults slowk=3 slowd=3 slowk_matype=0 slowd_matype=0
09:26:39 [WARNING] STOCH combo [21, 5, 3] is missing 2 parameter(s); using defaults slowk=5 slowd=3 slowk_matype=0 slowd_matype=0
09:26:39 [WARNING] STOCH combo [21, 5, 5] is missing 2 parameter(s); using defaults slowk=5 slowd=5 slowk_matype=0 slowd_matype=0
09:26:39 [WARNING] STOCH combo [34, 5, 3] is missing 2 parameter(s); using defaults slowk=5 slowd=3 slowk_matype=0 slowd_matype=0
09:26:39 [WARNING] STOCH combo [34, 5, 5] is missing 2 parameter(s); using defaults slowk=5 slowd=5 slowk_matype=0 slowd_matype=0
09:26:39 [WARNING] STOCH combo [55, 5, 5] is missing 2 parameter(s); using defaults slowk=5 slowd=5 slowk_matype=0 slowd_matype=0
09:26:39 [WARNING] STOCH combo [55, 8, 5] is missing 2 parameter(s); using defaults slowk=8 slowd=5 slowk_matype=0 slowd_matype=0
09:26:39 [WARNING] STOCH combo [89, 8, 5] is missing 2 parameter(s); using defaults slowk=8 slowd=5 slowk_matype=0 slowd_matype=0
09:26:39 [WARNING] STOCHF combo [5, 3] is missing 1 parameter(s); using defaults fastd_period=3 fastd_matype=0
09:26:39 [WARNING] STOCHF combo [8, 3] is missing 1 parameter(s); using defaults fastd_period=3 fastd_matype=0
09:26:39 [WARNING] STOCHF combo [13, 3] is missing 1 parameter(s); using defaults fastd_period=3 fastd_matype=0
09:26:39 [WARNING] STOCHF combo [21, 3] is missing 1 parameter(s); using defaults fastd_period=3 fastd_matype=0
09:26:39 [WARNING] STOCHF combo [21, 5] is missing 1 parameter(s); using defaults fastd_period=5 fastd_matype=0
09:26:39 [WARNING] STOCHF combo [34, 5] is missing 1 parameter(s); using defaults fastd_period=5 fastd_matype=0
09:26:39 [WARNING] STOCHF combo [55, 5] is missing 1 parameter(s); using defaults fastd_period=5 fastd_matype=0
09:26:39 [WARNING] STOCHF combo [89, 8] is missing 1 parameter(s); using defaults fastd_period=8 fastd_matype=0
09:26:39 [WARNING] STOCHRSI combo [9, 5, 3] is missing 1 parameter(s); using defaults fastk_period=5 fastd_period=3 fastd_matype=0
09:26:39 [WARNING] STOCHRSI combo [14, 5, 3] is missing 1 parameter(s); using defaults fastk_period=5 fastd_period=3 fastd_matype=0
09:26:39 [WARNING] STOCHRSI combo [14, 3, 3] is missing 1 parameter(s); using defaults fastk_period=3 fastd_period=3 fastd_matype=0
09:26:39 [WARNING] STOCHRSI combo [21, 5, 3] is missing 1 parameter(s); using defaults fastk_period=5 fastd_period=3 fastd_matype=0
09:26:39 [WARNING] STOCHRSI combo [21, 8, 5] is missing 1 parameter(s); using defaults fastk_period=8 fastd_period=5 fastd_matype=0
09:26:39 [WARNING] STOCHRSI combo [34, 8, 5] is missing 1 parameter(s); using defaults fastk_period=8 fastd_period=5 fastd_matype=0
09:26:39 [WARNING] STOCHRSI combo [55, 8, 5] is missing 1 parameter(s); using defaults fastk_period=8 fastd_period=5 fastd_matype=0
09:26:43 [INFO] [L2] Completed: 11621 cols in 3.89s
09:26:44 [INFO] [Layer 2] 100% - Layer 2 completed: 11621 features
09:26:44 [INFO] Layer 2 done: 11621 cols, status=ok, rss=1428MB
09:26:44 [INFO] [Layer 3] 0% - Starting Layer 3...
09:26:44 [INFO] Layer 3 starting, rss=1428MB
09:26:46 [INFO] [L3 streaming][numba][multi] step 10/20 (W5_range): 898→898 cols (-0 dead)
09:26:46 [INFO] [L3 streaming][numba][multi] step 20/20 (W13_range): 898→898 cols (-0 dead)
09:26:46 [INFO] [L3 streaming][numba][multi] complete: 17960 total generated, 0 dead dropped, 17960 survivors
09:26:47 [INFO] [Layer 3] 100% - Layer 3 completed: 17960 features
09:26:47 [INFO] Layer 3 done: 17960 cols, status=ok, rss=1157MB
09:26:47 [INFO] [Layer 4] 0% - Starting Layer 4...
09:26:47 [INFO] Layer 4 starting, rss=1157MB
09:26:47 [INFO] [Layer 4] 100% - Layer 4 completed: 7224 features
09:26:47 [INFO] Layer 4 done: 7224 cols, status=ok, rss=1601MB
09:26:47 [INFO] [Layer 5] 0% - Starting Layer 5...
09:26:47 [INFO] Layer 5 starting, rss=1601MB
09:26:47 [INFO] [Layer 5] 100% - Layer 5 completed: 0 features
09:26:47 [INFO] Layer 5 done: 0 cols, status=empty_disabled, rss=1601MB
09:26:47 [INFO] [Layer 6] 0% - Starting Layer 6...
09:26:47 [INFO] Layer 6 starting, rss=1601MB
09:26:47 [INFO] [Layer 6] 100% - Layer 6 completed: 10 features
09:26:47 [INFO] Layer 6 done: 10 cols, status=ok, rss=1602MB
09:26:47 [INFO] [memmap concat] 5 DFs → 37713 cols × 4471 rows ≈ 0.67 GB → disk-backed
09:26:47 [INFO] [memmap] created: shape=(4471, 37713), dtype=<class 'numpy.float32'>, est=0.67 GB  (file auto-unlinked)
09:26:47 [INFO] [memmap concat] copying DF 1/5 (898 cols)
09:26:47 [INFO] [memmap concat] copying DF 2/5 (11621 cols)
09:26:48 [INFO] [memmap concat] copying DF 3/5 (17960 cols)
09:26:49 [INFO] [memmap concat] copying DF 4/5 (7224 cols)
09:26:49 [INFO] [memmap concat] copying DF 5/5 (10 cols)
09:26:51 [INFO] [CGSA] Initialized ColumnGroupRegistry at /private/var/folders/_c/3xdf41hd3tvgxpx63mrml2c00000gn/T/pytest-of-louis/pytest-9/test_small_mutation_fracdiff_m0/cgsa_work (tier=8gb, buffer_groups=0)
09:26:51 [INFO] Fetching spot data: BTCUSDT/1h
09:26:51 [INFO] Read 20352 klines from BTCUSDT/1h in 0.011s
09:26:51 [INFO] Aligned data for BTCUSDT/1h: 20352 rows, 5 columns
09:26:51 [INFO] [Layer 1] 0% - Starting Layer 1...
09:26:51 [INFO] Layer 1 starting, rss=2180MB
09:26:51 [WARNING] STOCH combo [5, 3, 3] is missing 2 parameter(s); using defaults slowk=3 slowd=3 slowk_matype=0 slowd_matype=0
09:26:51 [WARNING] STOCH combo [8, 3, 3] is missing 2 parameter(s); using defaults slowk=3 slowd=3 slowk_matype=0 slowd_matype=0
09:26:51 [WARNING] STOCH combo [13, 3, 3] is missing 2 parameter(s); using defaults slowk=3 slowd=3 slowk_matype=0 slowd_matype=0
09:26:51 [WARNING] STOCH combo [13, 5, 3] is missing 2 parameter(s); using defaults slowk=5 slowd=3 slowk_matype=0 slowd_matype=0
09:26:51 [WARNING] STOCH combo [21, 3, 3] is missing 2 parameter(s); using defaults slowk=3 slowd=3 slowk_matype=0 slowd_matype=0
09:26:51 [WARNING] STOCH combo [21, 5, 3] is missing 2 parameter(s); using defaults slowk=5 slowd=3 slowk_matype=0 slowd_matype=0
09:26:51 [WARNING] STOCH combo [21, 5, 5] is missing 2 parameter(s); using defaults slowk=5 slowd=5 slowk_matype=0 slowd_matype=0
09:26:51 [WARNING] STOCH combo [34, 5, 3] is missing 2 parameter(s); using defaults slowk=5 slowd=3 slowk_matype=0 slowd_matype=0
09:26:51 [WARNING] STOCH combo [34, 5, 5] is missing 2 parameter(s); using defaults slowk=5 slowd=5 slowk_matype=0 slowd_matype=0
09:26:51 [WARNING] STOCH combo [55, 5, 5] is missing 2 parameter(s); using defaults slowk=5 slowd=5 slowk_matype=0 slowd_matype=0
09:26:51 [WARNING] STOCH combo [55, 8, 5] is missing 2 parameter(s); using defaults slowk=8 slowd=5 slowk_matype=0 slowd_matype=0
09:26:51 [WARNING] STOCH combo [89, 8, 5] is missing 2 parameter(s); using defaults slowk=8 slowd=5 slowk_matype=0 slowd_matype=0
09:26:51 [WARNING] STOCHF combo [5, 3] is missing 1 parameter(s); using defaults fastd_period=3 fastd_matype=0
09:26:51 [WARNING] STOCHF combo [8, 3] is missing 1 parameter(s); using defaults fastd_period=3 fastd_matype=0
09:26:51 [WARNING] STOCHF combo [13, 3] is missing 1 parameter(s); using defaults fastd_period=3 fastd_matype=0
09:26:51 [WARNING] STOCHF combo [21, 3] is missing 1 parameter(s); using defaults fastd_period=3 fastd_matype=0
09:26:51 [WARNING] STOCHF combo [21, 5] is missing 1 parameter(s); using defaults fastd_period=5 fastd_matype=0
09:26:51 [WARNING] STOCHF combo [34, 5] is missing 1 parameter(s); using defaults fastd_period=5 fastd_matype=0
09:26:51 [WARNING] STOCHF combo [55, 5] is missing 1 parameter(s); using defaults fastd_period=5 fastd_matype=0
09:26:51 [WARNING] STOCHF combo [89, 8] is missing 1 parameter(s); using defaults fastd_period=8 fastd_matype=0
09:26:51 [WARNING] STOCHRSI combo [9, 5, 3] is missing 1 parameter(s); using defaults fastk_period=5 fastd_period=3 fastd_matype=0
09:26:51 [WARNING] STOCHRSI combo [14, 5, 3] is missing 1 parameter(s); using defaults fastk_period=5 fastd_period=3 fastd_matype=0
09:26:51 [WARNING] STOCHRSI combo [14, 3, 3] is missing 1 parameter(s); using defaults fastk_period=3 fastd_period=3 fastd_matype=0
09:26:51 [WARNING] STOCHRSI combo [21, 5, 3] is missing 1 parameter(s); using defaults fastk_period=5 fastd_period=3 fastd_matype=0
09:26:51 [WARNING] STOCHRSI combo [21, 8, 5] is missing 1 parameter(s); using defaults fastk_period=8 fastd_period=5 fastd_matype=0
09:26:51 [WARNING] STOCHRSI combo [34, 8, 5] is missing 1 parameter(s); using defaults fastk_period=8 fastd_period=5 fastd_matype=0
09:26:51 [WARNING] STOCHRSI combo [55, 8, 5] is missing 1 parameter(s); using defaults fastk_period=8 fastd_period=5 fastd_matype=0
09:26:52 [INFO] [Layer 1] 100% - Layer 1 completed: 898 features
09:26:52 [INFO] Layer 1 done: 898 cols, status=ok, rss=2409MB
09:26:52 [INFO] [Layer 2] 0% - Starting Layer 2...
09:26:52 [INFO] Layer 2 starting, rss=2409MB
09:26:52 [INFO] [L2] Starting derived features: 898 L1 cols
09:26:52 [WARNING] STOCH combo [5, 3, 3] is missing 2 parameter(s); using defaults slowk=3 slowd=3 slowk_matype=0 slowd_matype=0
09:26:52 [WARNING] STOCH combo [8, 3, 3] is missing 2 parameter(s); using defaults slowk=3 slowd=3 slowk_matype=0 slowd_matype=0
09:26:52 [WARNING] STOCH combo [13, 3, 3] is missing 2 parameter(s); using defaults slowk=3 slowd=3 slowk_matype=0 slowd_matype=0
09:26:52 [WARNING] STOCH combo [13, 5, 3] is missing 2 parameter(s); using defaults slowk=5 slowd=3 slowk_matype=0 slowd_matype=0
09:26:52 [WARNING] STOCH combo [21, 3, 3] is missing 2 parameter(s); using defaults slowk=3 slowd=3 slowk_matype=0 slowd_matype=0
09:26:52 [WARNING] STOCH combo [21, 5, 3] is missing 2 parameter(s); using defaults slowk=5 slowd=3 slowk_matype=0 slowd_matype=0
09:26:52 [WARNING] STOCH combo [21, 5, 5] is missing 2 parameter(s); using defaults slowk=5 slowd=5 slowk_matype=0 slowd_matype=0
09:26:52 [WARNING] STOCH combo [34, 5, 3] is missing 2 parameter(s); using defaults slowk=5 slowd=3 slowk_matype=0 slowd_matype=0
09:26:52 [WARNING] STOCH combo [34, 5, 5] is missing 2 parameter(s); using defaults slowk=5 slowd=5 slowk_matype=0 slowd_matype=0
09:26:52 [WARNING] STOCH combo [55, 5, 5] is missing 2 parameter(s); using defaults slowk=5 slowd=5 slowk_matype=0 slowd_matype=0
09:26:52 [WARNING] STOCH combo [55, 8, 5] is missing 2 parameter(s); using defaults slowk=8 slowd=5 slowk_matype=0 slowd_matype=0
09:26:52 [WARNING] STOCH combo [89, 8, 5] is missing 2 parameter(s); using defaults slowk=8 slowd=5 slowk_matype=0 slowd_matype=0
09:26:52 [WARNING] STOCHF combo [5, 3] is missing 1 parameter(s); using defaults fastd_period=3 fastd_matype=0
09:26:52 [WARNING] STOCHF combo [8, 3] is missing 1 parameter(s); using defaults fastd_period=3 fastd_matype=0
09:26:52 [WARNING] STOCHF combo [13, 3] is missing 1 parameter(s); using defaults fastd_period=3 fastd_matype=0
09:26:52 [WARNING] STOCHF combo [21, 3] is missing 1 parameter(s); using defaults fastd_period=3 fastd_matype=0
09:26:52 [WARNING] STOCHF combo [21, 5] is missing 1 parameter(s); using defaults fastd_period=5 fastd_matype=0
09:26:52 [WARNING] STOCHF combo [34, 5] is missing 1 parameter(s); using defaults fastd_period=5 fastd_matype=0
09:26:52 [WARNING] STOCHF combo [55, 5] is missing 1 parameter(s); using defaults fastd_period=5 fastd_matype=0
09:26:52 [WARNING] STOCHF combo [89, 8] is missing 1 parameter(s); using defaults fastd_period=8 fastd_matype=0
09:26:52 [WARNING] STOCHRSI combo [9, 5, 3] is missing 1 parameter(s); using defaults fastk_period=5 fastd_period=3 fastd_matype=0
09:26:52 [WARNING] STOCHRSI combo [14, 5, 3] is missing 1 parameter(s); using defaults fastk_period=5 fastd_period=3 fastd_matype=0
09:26:52 [WARNING] STOCHRSI combo [14, 3, 3] is missing 1 parameter(s); using defaults fastk_period=3 fastd_period=3 fastd_matype=0
09:26:52 [WARNING] STOCHRSI combo [21, 5, 3] is missing 1 parameter(s); using defaults fastk_period=5 fastd_period=3 fastd_matype=0
09:26:52 [WARNING] STOCHRSI combo [21, 8, 5] is missing 1 parameter(s); using defaults fastk_period=8 fastd_period=5 fastd_matype=0
09:26:52 [WARNING] STOCHRSI combo [34, 8, 5] is missing 1 parameter(s); using defaults fastk_period=8 fastd_period=5 fastd_matype=0
09:26:52 [WARNING] STOCHRSI combo [55, 8, 5] is missing 1 parameter(s); using defaults fastk_period=8 fastd_period=5 fastd_matype=0
09:27:16 [INFO] [CGSA] L2 persisted group=1h_L2_Momentum shards=3 total_bytes=238.9 MiB
09:27:16 [INFO] [L2] Completed: 11621 cols in 23.67s
09:27:17 [INFO] [Layer 2] 100% - Layer 2 completed: 11621 features
09:27:17 [INFO] Layer 2 done: 11621 cols, status=ok, rss=1372MB
09:27:17 [INFO] [memmap] created: shape=(6975, 11621), dtype=<class 'numpy.float32'>, est=0.32 GB  (file auto-unlinked)
09:27:18 [INFO] [spill] layer2: 6975×11621 → float32 memmap in 0.7s (freed ~0.6 GB float64)
09:27:18 [INFO] [Layer 3] 0% - Starting Layer 3...
09:27:18 [INFO] Layer 3 starting, rss=1659MB
09:27:22 [INFO] [L3 streaming][numba][multi][persist] step 10/20 (W5_range): 898→898 cols (-0 dead)
09:27:22 [INFO] [L3 streaming][numba][multi][persist] step 20/20 (W13_range): 898→898 cols (-0 dead)
09:27:22 [INFO] [L3 streaming][numba][multi][persist] complete: 17960 generated, 4 dropped, 17956 survivors persisted via callback
09:27:25 [INFO] [L3] streaming persist (mode=streaming) complete: 17956 cols persisted in 20 groups
09:27:25 [INFO] [Layer 3] 100% - Layer 3 completed: 0 features
09:27:25 [INFO] Layer 3 done: 0 cols, status=offloaded_to_registry, rss=1549MB
09:27:25 [INFO] [Layer 4] 0% - Starting Layer 4...
09:27:25 [INFO] Layer 4 starting, rss=1549MB
09:27:26 [INFO] [Layer 4] 100% - Layer 4 completed: 7224 features
09:27:26 [INFO] Layer 4 done: 7224 cols, status=ok, rss=1166MB
09:27:26 [INFO] [Layer 5] 0% - Starting Layer 5...
09:27:26 [INFO] Layer 5 starting, rss=1166MB
09:27:26 [INFO] [Layer 5] 100% - Layer 5 completed: 0 features
09:27:26 [INFO] Layer 5 done: 0 cols, status=empty_disabled, rss=1167MB
09:27:26 [INFO] [Layer 6] 0% - Starting Layer 6...
09:27:26 [INFO] Layer 6 starting, rss=1167MB
09:27:26 [INFO] [Layer 6] 100% - Layer 6 completed: 10 features
09:27:26 [INFO] Layer 6 done: 10 cols, status=ok, rss=1168MB
09:27:26 [INFO] [CGSA] Disk pre-check OK: layer=L4_lag symbol=BTCUSDT tf=1h need=2.38 GiB (planned_new=0.19 GiB, max_inflight_tmp×2=0.19 GiB, reserve=2.00 GiB) free=33.59 GiB shape=(6975, 7224)
09:27:26 [INFO] [CGSA] L4_lag persisted group=1h_L4_lag_1 shards=2 total_bytes=133.0 MiB
09:27:26 [INFO] [CGSA] Persisted L4_lag: 7224 cols → 2 groups (tf=1h)
09:27:26 [INFO] [CGSA] Disk pre-check OK: layer=L6_meta symbol=BTCUSDT tf=1h need=2.00 GiB (planned_new=0.00 GiB, max_inflight_tmp×2=0.00 GiB, reserve=2.00 GiB) free=33.40 GiB shape=(6975, 10)
09:27:26 [INFO] [CGSA] Persisted L6_meta: 10 cols → 1 groups (tf=1h)
09:27:29 [INFO] [L7][CGSA] Quality summary: inf_count=0, coverage=0.9478, non_nan=249284256/263020275
09:27:29 [INFO] [L7_raw] Disk pre-check OK: required=2.00 GiB (safety x1.50), estimated_final=0.49 GiB, reclaimable_npy=0.98 GiB, net_growth=0.00 GiB, max_inflight_part=0.13 GiB, largest_part_source=1h_L2_Momentum, reserve_floor=2.00 GiB, free=33.40 GiB, groups=241
09:27:30 [INFO] [L6.5] raw-sink path uses serial group streaming for disk safety (requested_workers=2)
09:27:30 [INFO] [L6.5] Registry raw-sink config: groups=241 requested_workers=2 effective_workers=1 mode=append use_fast=False can_use_numba_fast=False winsor=False rank=False zscore=False fracdiff=True fracdiff_apply_to=non_stationary fracdiff_layers=['L1', 'L2'] adf=False gaussian=False
09:27:30 [INFO] [L6.5] Raw-sink start: 238 full groups (fast=0, slow=238) + 3 big-group splits → 248 sub-tasks (requested_workers=2, effective_workers=1, split_threshold=2000, slow_chunked=3, max_group_cols=8980, schedule=largest_first, rss=1855MB)
09:27:30 [INFO] [L6.5] raw-sink chunk stream start: group=1h_L2_Momentum cols=8980 chunks=5 chunk_size=2000 rss=1948MB
09:27:46 [INFO] [L6.5] FracDiff joblib slow path complete: columns=724 n_jobs=2
09:27:46 [INFO] [L6.5] symbol=BTCUSDT tf=1h d_star_cache_hit=0/724 path=/private/var/folders/_c/3xdf41hd3tvgxpx63mrml2c00000gn/T/pytest-of-louis/pytest-9/test_small_mutation_fracdiff_m0/dstar/trunc/d_star_BTCUSDT_1h_fb219a055184.json
09:27:55 [INFO] [L6.5] FracDiff joblib slow path complete: columns=287 n_jobs=2
09:27:55 [INFO] [L6.5] symbol=BTCUSDT tf=1h d_star_cache_hit=163/1011 path=/private/var/folders/_c/3xdf41hd3tvgxpx63mrml2c00000gn/T/pytest-of-louis/pytest-9/test_small_mutation_fracdiff_m0/dstar/trunc/d_star_BTCUSDT_1h_fb219a055184.json
09:28:02 [INFO] [L6.5] FracDiff joblib slow path complete: columns=127 n_jobs=2
09:28:02 [INFO] [L6.5] symbol=BTCUSDT tf=1h d_star_cache_hit=163/1138 path=/private/var/folders/_c/3xdf41hd3tvgxpx63mrml2c00000gn/T/pytest-of-louis/pytest-9/test_small_mutation_fracdiff_m0/dstar/trunc/d_star_BTCUSDT_1h_fb219a055184.json
09:28:09 [INFO] [L6.5] FracDiff joblib slow path complete: columns=74 n_jobs=2
09:28:09 [INFO] [L6.5] symbol=BTCUSDT tf=1h d_star_cache_hit=165/1212 path=/private/var/folders/_c/3xdf41hd3tvgxpx63mrml2c00000gn/T/pytest-of-louis/pytest-9/test_small_mutation_fracdiff_m0/dstar/trunc/d_star_BTCUSDT_1h_fb219a055184.json
09:28:12 [INFO] [L6.5] FracDiff joblib slow path complete: columns=11 n_jobs=2
09:28:12 [INFO] [L6.5] symbol=BTCUSDT tf=1h d_star_cache_hit=165/1223 path=/private/var/folders/_c/3xdf41hd3tvgxpx63mrml2c00000gn/T/pytest-of-louis/pytest-9/test_small_mutation_fracdiff_m0/dstar/trunc/d_star_BTCUSDT_1h_fb219a055184.json
09:28:13 [INFO] [L6.5] raw-sink chunk stream complete: group=1h_L2_Momentum chunks=5 outputs=10 rss=1552MB
09:28:13 [INFO] [L6.5] raw-sink heartbeat: tasks 10/248 (4.0%), groups 1/241, elapsed=42.8s, rate=0.23/s, ETA=1019s, rss=1552MB, last=1h_L2_Momentum (slow-chunked, parts=10)
09:28:13 [INFO] [L6.5] raw-sink chunk stream start: group=1h_L4_lag_1 cols=5000 chunks=3 chunk_size=2000 rss=1386MB
09:28:15 [INFO] [L6.5] raw-sink chunk stream complete: group=1h_L4_lag_1 chunks=3 outputs=3 rss=1381MB
09:28:15 [INFO] [L6.5] raw-sink chunk stream start: group=1h_L4_lag_2 cols=2224 chunks=2 chunk_size=2000 rss=1381MB
09:28:16 [INFO] [L6.5] raw-sink chunk stream complete: group=1h_L4_lag_2 chunks=2 outputs=2 rss=1387MB
09:28:24 [INFO] [L6.5] FracDiff joblib slow path complete: columns=291 n_jobs=2
09:28:24 [INFO] [L6.5] symbol=BTCUSDT tf=1h d_star_cache_hit=0/291 path=/private/var/folders/_c/3xdf41hd3tvgxpx63mrml2c00000gn/T/pytest-of-louis/pytest-9/test_small_mutation_fracdiff_m0/dstar/trunc/d_star_BTCUSDT_1h_fb219a055184.json
09:28:31 [INFO] [L6.5] FracDiff joblib slow path complete: columns=222 n_jobs=2
09:28:31 [INFO] [L6.5] symbol=BTCUSDT tf=1h d_star_cache_hit=0/222 path=/private/var/folders/_c/3xdf41hd3tvgxpx63mrml2c00000gn/T/pytest-of-louis/pytest-9/test_small_mutation_fracdiff_m0/dstar/trunc/d_star_BTCUSDT_1h_fb219a055184.json
09:28:32 [INFO] [L6.5] raw-sink heartbeat: tasks 22/248 (8.9%), groups 8/241, elapsed=62.2s, rate=0.35/s, ETA=639s, rss=904MB, last=1h_L3_rolling_W13_Mean_1 (full)
09:28:36 [INFO] [L6.5] raw-sink heartbeat: tasks 34/248 (13.7%), groups 20/241, elapsed=66.0s, rate=0.52/s, ETA=415s, rss=823MB, last=1h_L3_rolling_W5_Slope_1 (full)
09:28:39 [INFO] [L6.5] FracDiff joblib slow path complete: columns=26 n_jobs=2
09:28:39 [INFO] [L6.5] symbol=BTCUSDT tf=1h d_star_cache_hit=0/26 path=/private/var/folders/_c/3xdf41hd3tvgxpx63mrml2c00000gn/T/pytest-of-louis/pytest-9/test_small_mutation_fracdiff_m0/dstar/trunc/d_star_BTCUSDT_1h_fb219a055184.json
09:28:40 [INFO] [L6.5] FracDiff joblib slow path complete: columns=35 n_jobs=2
09:28:40 [INFO] [L6.5] symbol=BTCUSDT tf=1h d_star_cache_hit=33/35 path=/private/var/folders/_c/3xdf41hd3tvgxpx63mrml2c00000gn/T/pytest-of-louis/pytest-9/test_small_mutation_fracdiff_m0/dstar/trunc/d_star_BTCUSDT_1h_fb219a055184.json
09:28:40 [INFO] [L6.5] FracDiff joblib slow path complete: columns=3 n_jobs=2
09:28:40 [INFO] [L6.5] symbol=BTCUSDT tf=1h d_star_cache_hit=0/3 path=/private/var/folders/_c/3xdf41hd3tvgxpx63mrml2c00000gn/T/pytest-of-louis/pytest-9/test_small_mutation_fracdiff_m0/dstar/trunc/d_star_BTCUSDT_1h_fb219a055184.json
09:28:41 [INFO] [L6.5] FracDiff joblib slow path complete: columns=12 n_jobs=2
09:28:41 [INFO] [L6.5] symbol=BTCUSDT tf=1h d_star_cache_hit=0/12 path=/private/var/folders/_c/3xdf41hd3tvgxpx63mrml2c00000gn/T/pytest-of-louis/pytest-9/test_small_mutation_fracdiff_m0/dstar/trunc/d_star_BTCUSDT_1h_fb219a055184.json
09:28:41 [INFO] [L6.5] raw-sink heartbeat: tasks 47/248 (19.0%), groups 29/241, elapsed=70.7s, rate=0.66/s, ETA=302s, rss=778MB, last=1h_L1_trend_EMA (full)
09:28:41 [INFO] [L6.5] FracDiff joblib slow path complete: columns=9 n_jobs=2
09:28:41 [INFO] [L6.5] symbol=BTCUSDT tf=1h d_star_cache_hit=0/9 path=/private/var/folders/_c/3xdf41hd3tvgxpx63mrml2c00000gn/T/pytest-of-louis/pytest-9/test_small_mutation_fracdiff_m0/dstar/trunc/d_star_BTCUSDT_1h_fb219a055184.json
09:28:41 [INFO] [L6.5] FracDiff joblib slow path complete: columns=4 n_jobs=2
09:28:41 [INFO] [L6.5] symbol=BTCUSDT tf=1h d_star_cache_hit=0/4 path=/private/var/folders/_c/3xdf41hd3tvgxpx63mrml2c00000gn/T/pytest-of-louis/pytest-9/test_small_mutation_fracdiff_m0/dstar/trunc/d_star_BTCUSDT_1h_fb219a055184.json
09:28:42 [INFO] [L6.5] FracDiff joblib slow path complete: columns=4 n_jobs=2
09:28:42 [INFO] [L6.5] symbol=BTCUSDT tf=1h d_star_cache_hit=0/4 path=/private/var/folders/_c/3xdf41hd3tvgxpx63mrml2c00000gn/T/pytest-of-louis/pytest-9/test_small_mutation_fracdiff_m0/dstar/trunc/d_star_BTCUSDT_1h_fb219a055184.json
09:28:42 [INFO] [L6.5] FracDiff joblib slow path complete: columns=4 n_jobs=2
09:28:42 [INFO] [L6.5] symbol=BTCUSDT tf=1h d_star_cache_hit=0/4 path=/private/var/folders/_c/3xdf41hd3tvgxpx63mrml2c00000gn/T/pytest-of-louis/pytest-9/test_small_mutation_fracdiff_m0/dstar/trunc/d_star_BTCUSDT_1h_fb219a055184.json
09:28:42 [INFO] [L6.5] FracDiff joblib slow path complete: columns=4 n_jobs=2
09:28:42 [INFO] [L6.5] symbol=BTCUSDT tf=1h d_star_cache_hit=0/4 path=/private/var/folders/_c/3xdf41hd3tvgxpx63mrml2c00000gn/T/pytest-of-louis/pytest-9/test_small_mutation_fracdiff_m0/dstar/trunc/d_star_BTCUSDT_1h_fb219a055184.json
09:28:43 [INFO] [L6.5] FracDiff joblib slow path complete: columns=3 n_jobs=2
09:28:43 [INFO] [L6.5] symbol=BTCUSDT tf=1h d_star_cache_hit=0/3 path=/private/var/folders/_c/3xdf41hd3tvgxpx63mrml2c00000gn/T/pytest-of-louis/pytest-9/test_small_mutation_fracdiff_m0/dstar/trunc/d_star_BTCUSDT_1h_fb219a055184.json
09:28:43 [INFO] [L6.5] raw-sink heartbeat: tasks 59/248 (23.8%), groups 35/241, elapsed=72.6s, rate=0.81/s, ETA=233s, rss=715MB, last=1h_L1_momentum_CMO (full)
09:28:43 [INFO] [L6.5] FracDiff joblib slow path complete: columns=3 n_jobs=2
09:28:43 [INFO] [L6.5] symbol=BTCUSDT tf=1h d_star_cache_hit=0/3 path=/private/var/folders/_c/3xdf41hd3tvgxpx63mrml2c00000gn/T/pytest-of-louis/pytest-9/test_small_mutation_fracdiff_m0/dstar/trunc/d_star_BTCUSDT_1h_fb219a055184.json
09:28:43 [INFO] [L6.5] FracDiff joblib slow path complete: columns=7 n_jobs=2
09:28:43 [INFO] [L6.5] symbol=BTCUSDT tf=1h d_star_cache_hit=0/7 path=/private/var/folders/_c/3xdf41hd3tvgxpx63mrml2c00000gn/T/pytest-of-louis/pytest-9/test_small_mutation_fracdiff_m0/dstar/trunc/d_star_BTCUSDT_1h_fb219a055184.json
09:28:44 [INFO] [L6.5] FracDiff joblib slow path complete: columns=5 n_jobs=2
09:28:44 [INFO] [L6.5] symbol=BTCUSDT tf=1h d_star_cache_hit=0/5 path=/private/var/folders/_c/3xdf41hd3tvgxpx63mrml2c00000gn/T/pytest-of-louis/pytest-9/test_small_mutation_fracdiff_m0/dstar/trunc/d_star_BTCUSDT_1h_fb219a055184.json
09:28:44 [INFO] [L6.5] FracDiff joblib slow path complete: columns=12 n_jobs=2
09:28:44 [INFO] [L6.5] symbol=BTCUSDT tf=1h d_star_cache_hit=0/12 path=/private/var/folders/_c/3xdf41hd3tvgxpx63mrml2c00000gn/T/pytest-of-louis/pytest-9/test_small_mutation_fracdiff_m0/dstar/trunc/d_star_BTCUSDT_1h_fb219a055184.json
09:28:45 [INFO] [L6.5] FracDiff joblib slow path complete: columns=6 n_jobs=2
09:28:45 [INFO] [L6.5] symbol=BTCUSDT tf=1h d_star_cache_hit=6/6 path=/private/var/folders/_c/3xdf41hd3tvgxpx63mrml2c00000gn/T/pytest-of-louis/pytest-9/test_small_mutation_fracdiff_m0/dstar/trunc/d_star_BTCUSDT_1h_fb219a055184.json
09:28:45 [INFO] [L6.5] FracDiff joblib slow path complete: columns=2 n_jobs=2
09:28:45 [INFO] [L6.5] symbol=BTCUSDT tf=1h d_star_cache_hit=2/2 path=/private/var/folders/_c/3xdf41hd3tvgxpx63mrml2c00000gn/T/pytest-of-louis/pytest-9/test_small_mutation_fracdiff_m0/dstar/trunc/d_star_BTCUSDT_1h_fb219a055184.json
09:28:45 [INFO] [L6.5] raw-sink heartbeat: tasks 71/248 (28.6%), groups 41/241, elapsed=75.1s, rate=0.95/s, ETA=187s, rss=713MB, last=1h_L1_trend_MAVP (full)
09:28:46 [INFO] [L6.5] FracDiff joblib slow path complete: columns=9 n_jobs=2
09:28:46 [INFO] [L6.5] symbol=BTCUSDT tf=1h d_star_cache_hit=0/9 path=/private/var/folders/_c/3xdf41hd3tvgxpx63mrml2c00000gn/T/pytest-of-louis/pytest-9/test_small_mutation_fracdiff_m0/dstar/trunc/d_star_BTCUSDT_1h_fb219a055184.json
09:28:46 [INFO] [L6.5] FracDiff joblib slow path complete: columns=10 n_jobs=2
09:28:46 [INFO] [L6.5] symbol=BTCUSDT tf=1h d_star_cache_hit=0/10 path=/private/var/folders/_c/3xdf41hd3tvgxpx63mrml2c00000gn/T/pytest-of-louis/pytest-9/test_small_mutation_fracdiff_m0/dstar/trunc/d_star_BTCUSDT_1h_fb219a055184.json
09:28:47 [INFO] [L6.5] FracDiff joblib slow path complete: columns=4 n_jobs=2
09:28:47 [INFO] [L6.5] symbol=BTCUSDT tf=1h d_star_cache_hit=0/4 path=/private/var/folders/_c/3xdf41hd3tvgxpx63mrml2c00000gn/T/pytest-of-louis/pytest-9/test_small_mutation_fracdiff_m0/dstar/trunc/d_star_BTCUSDT_1h_fb219a055184.json
09:28:47 [INFO] [L6.5] FracDiff joblib slow path complete: columns=11 n_jobs=2
09:28:47 [INFO] [L6.5] symbol=BTCUSDT tf=1h d_star_cache_hit=0/11 path=/private/var/folders/_c/3xdf41hd3tvgxpx63mrml2c00000gn/T/pytest-of-louis/pytest-9/test_small_mutation_fracdiff_m0/dstar/trunc/d_star_BTCUSDT_1h_fb219a055184.json
09:28:48 [INFO] [L6.5] FracDiff joblib slow path complete: columns=7 n_jobs=2
09:28:48 [INFO] [L6.5] symbol=BTCUSDT tf=1h d_star_cache_hit=0/7 path=/private/var/folders/_c/3xdf41hd3tvgxpx63mrml2c00000gn/T/pytest-of-louis/pytest-9/test_small_mutation_fracdiff_m0/dstar/trunc/d_star_BTCUSDT_1h_fb219a055184.json
09:28:48 [INFO] [L6.5] FracDiff joblib slow path complete: columns=5 n_jobs=2
09:28:48 [INFO] [L6.5] symbol=BTCUSDT tf=1h d_star_cache_hit=0/5 path=/private/var/folders/_c/3xdf41hd3tvgxpx63mrml2c00000gn/T/pytest-of-louis/pytest-9/test_small_mutation_fracdiff_m0/dstar/trunc/d_star_BTCUSDT_1h_fb219a055184.json
09:28:48 [INFO] [L6.5] raw-sink heartbeat: tasks 83/248 (33.5%), groups 47/241, elapsed=78.4s, rate=1.06/s, ETA=156s, rss=626MB, last=1h_L1_trend_BBANDS-Lower (full)
09:28:49 [INFO] [L6.5] FracDiff joblib slow path complete: columns=5 n_jobs=2
09:28:49 [INFO] [L6.5] symbol=BTCUSDT tf=1h d_star_cache_hit=5/5 path=/private/var/folders/_c/3xdf41hd3tvgxpx63mrml2c00000gn/T/pytest-of-louis/pytest-9/test_small_mutation_fracdiff_m0/dstar/trunc/d_star_BTCUSDT_1h_fb219a055184.json
09:28:49 [INFO] [L6.5] FracDiff joblib slow path complete: columns=6 n_jobs=2
09:28:49 [INFO] [L6.5] symbol=BTCUSDT tf=1h d_star_cache_hit=0/6 path=/private/var/folders/_c/3xdf41hd3tvgxpx63mrml2c00000gn/T/pytest-of-louis/pytest-9/test_small_mutation_fracdiff_m0/dstar/trunc/d_star_BTCUSDT_1h_fb219a055184.json
09:28:50 [INFO] [L6.5] symbol=BTCUSDT tf=1h d_star_cache_hit=0/1 path=/private/var/folders/_c/3xdf41hd3tvgxpx63mrml2c00000gn/T/pytest-of-louis/pytest-9/test_small_mutation_fracdiff_m0/dstar/trunc/d_star_BTCUSDT_1h_fb219a055184.json
09:28:50 [INFO] [L6.5] FracDiff joblib slow path complete: columns=2 n_jobs=2
09:28:50 [INFO] [L6.5] symbol=BTCUSDT tf=1h d_star_cache_hit=0/2 path=/private/var/folders/_c/3xdf41hd3tvgxpx63mrml2c00000gn/T/pytest-of-louis/pytest-9/test_small_mutation_fracdiff_m0/dstar/trunc/d_star_BTCUSDT_1h_fb219a055184.json
09:28:50 [INFO] [L6.5] raw-sink heartbeat: tasks 95/248 (38.3%), groups 55/241, elapsed=80.5s, rate=1.18/s, ETA=130s, rss=534MB, last=1h_L6_meta (full)
09:28:51 [INFO] [L6.5] FracDiff joblib slow path complete: columns=4 n_jobs=2
09:28:51 [INFO] [L6.5] symbol=BTCUSDT tf=1h d_star_cache_hit=0/4 path=/private/var/folders/_c/3xdf41hd3tvgxpx63mrml2c00000gn/T/pytest-of-louis/pytest-9/test_small_mutation_fracdiff_m0/dstar/trunc/d_star_BTCUSDT_1h_fb219a055184.json
09:28:51 [INFO] [L6.5] FracDiff joblib slow path complete: columns=5 n_jobs=2
09:28:51 [INFO] [L6.5] symbol=BTCUSDT tf=1h d_star_cache_hit=0/5 path=/private/var/folders/_c/3xdf41hd3tvgxpx63mrml2c00000gn/T/pytest-of-louis/pytest-9/test_small_mutation_fracdiff_m0/dstar/trunc/d_star_BTCUSDT_1h_fb219a055184.json
09:28:51 [INFO] [L6.5] FracDiff joblib slow path complete: columns=3 n_jobs=2
09:28:51 [INFO] [L6.5] symbol=BTCUSDT tf=1h d_star_cache_hit=0/3 path=/private/var/folders/_c/3xdf41hd3tvgxpx63mrml2c00000gn/T/pytest-of-louis/pytest-9/test_small_mutation_fracdiff_m0/dstar/trunc/d_star_BTCUSDT_1h_fb219a055184.json
09:28:51 [INFO] [L6.5] FracDiff joblib slow path complete: columns=3 n_jobs=2
09:28:51 [INFO] [L6.5] symbol=BTCUSDT tf=1h d_star_cache_hit=0/3 path=/private/var/folders/_c/3xdf41hd3tvgxpx63mrml2c00000gn/T/pytest-of-louis/pytest-9/test_small_mutation_fracdiff_m0/dstar/trunc/d_star_BTCUSDT_1h_fb219a055184.json
09:28:52 [INFO] [L6.5] FracDiff joblib slow path complete: columns=4 n_jobs=2
09:28:52 [INFO] [L6.5] symbol=BTCUSDT tf=1h d_star_cache_hit=0/4 path=/private/var/folders/_c/3xdf41hd3tvgxpx63mrml2c00000gn/T/pytest-of-louis/pytest-9/test_small_mutation_fracdiff_m0/dstar/trunc/d_star_BTCUSDT_1h_fb219a055184.json
09:28:52 [INFO] [L6.5] FracDiff joblib slow path complete: columns=3 n_jobs=2
09:28:52 [INFO] [L6.5] symbol=BTCUSDT tf=1h d_star_cache_hit=0/3 path=/private/var/folders/_c/3xdf41hd3tvgxpx63mrml2c00000gn/T/pytest-of-louis/pytest-9/test_small_mutation_fracdiff_m0/dstar/trunc/d_star_BTCUSDT_1h_fb219a055184.json
09:28:52 [INFO] [L6.5] raw-sink heartbeat: tasks 107/248 (43.1%), groups 61/241, elapsed=82.2s, rate=1.30/s, ETA=108s, rss=516MB, last=1h_L1_momentum_DX (full)
09:28:52 [INFO] [L6.5] FracDiff joblib slow path complete: columns=2 n_jobs=2
09:28:52 [INFO] [L6.5] symbol=BTCUSDT tf=1h d_star_cache_hit=0/2 path=/private/var/folders/_c/3xdf41hd3tvgxpx63mrml2c00000gn/T/pytest-of-louis/pytest-9/test_small_mutation_fracdiff_m0/dstar/trunc/d_star_BTCUSDT_1h_fb219a055184.json
09:28:53 [INFO] [L6.5] FracDiff joblib slow path complete: columns=4 n_jobs=2
09:28:53 [INFO] [L6.5] symbol=BTCUSDT tf=1h d_star_cache_hit=0/4 path=/private/var/folders/_c/3xdf41hd3tvgxpx63mrml2c00000gn/T/pytest-of-louis/pytest-9/test_small_mutation_fracdiff_m0/dstar/trunc/d_star_BTCUSDT_1h_fb219a055184.json
09:28:53 [INFO] [L6.5] FracDiff joblib slow path complete: columns=3 n_jobs=2
09:28:53 [INFO] [L6.5] symbol=BTCUSDT tf=1h d_star_cache_hit=0/3 path=/private/var/folders/_c/3xdf41hd3tvgxpx63mrml2c00000gn/T/pytest-of-louis/pytest-9/test_small_mutation_fracdiff_m0/dstar/trunc/d_star_BTCUSDT_1h_fb219a055184.json
09:28:54 [INFO] [L6.5] FracDiff joblib slow path complete: columns=6 n_jobs=2
09:28:54 [INFO] [L6.5] symbol=BTCUSDT tf=1h d_star_cache_hit=0/6 path=/private/var/folders/_c/3xdf41hd3tvgxpx63mrml2c00000gn/T/pytest-of-louis/pytest-9/test_small_mutation_fracdiff_m0/dstar/trunc/d_star_BTCUSDT_1h_fb219a055184.json
09:28:54 [INFO] [L6.5] symbol=BTCUSDT tf=1h d_star_cache_hit=0/1 path=/private/var/folders/_c/3xdf41hd3tvgxpx63mrml2c00000gn/T/pytest-of-louis/pytest-9/test_small_mutation_fracdiff_m0/dstar/trunc/d_star_BTCUSDT_1h_fb219a055184.json
09:28:54 [INFO] [L6.5] raw-sink heartbeat: tasks 119/248 (48.0%), groups 68/241, elapsed=84.4s, rate=1.41/s, ETA=91s, rss=515MB, last=1h_L1_momentum_APO_12-26-0 (full)
09:28:55 [INFO] [L6.5] symbol=BTCUSDT tf=1h d_star_cache_hit=0/1 path=/private/var/folders/_c/3xdf41hd3tvgxpx63mrml2c00000gn/T/pytest-of-louis/pytest-9/test_small_mutation_fracdiff_m0/dstar/trunc/d_star_BTCUSDT_1h_fb219a055184.json
09:28:56 [INFO] [L6.5] symbol=BTCUSDT tf=1h d_star_cache_hit=0/1 path=/private/var/folders/_c/3xdf41hd3tvgxpx63mrml2c00000gn/T/pytest-of-louis/pytest-9/test_small_mutation_fracdiff_m0/dstar/trunc/d_star_BTCUSDT_1h_fb219a055184.json
09:28:56 [INFO] [L6.5] FracDiff joblib slow path complete: columns=2 n_jobs=2
09:28:56 [INFO] [L6.5] symbol=BTCUSDT tf=1h d_star_cache_hit=0/2 path=/private/var/folders/_c/3xdf41hd3tvgxpx63mrml2c00000gn/T/pytest-of-louis/pytest-9/test_small_mutation_fracdiff_m0/dstar/trunc/d_star_BTCUSDT_1h_fb219a055184.json
09:28:56 [INFO] [L6.5] raw-sink heartbeat: tasks 132/248 (53.2%), groups 78/241, elapsed=86.3s, rate=1.53/s, ETA=76s, rss=510MB, last=1h_L1_momentum_APO_55-233-0 (full)
09:28:58 [INFO] [L6.5] raw-sink heartbeat: tasks 144/248 (58.1%), groups 90/241, elapsed=88.1s, rate=1.63/s, ETA=64s, rss=510MB, last=1h_L1_momentum_MACD-Hist_55-144-21 (full)
09:28:59 [INFO] [L6.5] symbol=BTCUSDT tf=1h d_star_cache_hit=0/1 path=/private/var/folders/_c/3xdf41hd3tvgxpx63mrml2c00000gn/T/pytest-of-louis/pytest-9/test_small_mutation_fracdiff_m0/dstar/trunc/d_star_BTCUSDT_1h_fb219a055184.json
09:28:59 [INFO] [L6.5] symbol=BTCUSDT tf=1h d_star_cache_hit=0/1 path=/private/var/folders/_c/3xdf41hd3tvgxpx63mrml2c00000gn/T/pytest-of-louis/pytest-9/test_small_mutation_fracdiff_m0/dstar/trunc/d_star_BTCUSDT_1h_fb219a055184.json
09:29:00 [INFO] [L6.5] symbol=BTCUSDT tf=1h d_star_cache_hit=0/1 path=/private/var/folders/_c/3xdf41hd3tvgxpx63mrml2c00000gn/T/pytest-of-louis/pytest-9/test_small_mutation_fracdiff_m0/dstar/trunc/d_star_BTCUSDT_1h_fb219a055184.json
09:29:00 [INFO] [L6.5] raw-sink heartbeat: tasks 157/248 (63.3%), groups 100/241, elapsed=89.7s, rate=1.75/s, ETA=52s, rss=465MB, last=1h_L1_momentum_MACD-Line_34-89-13 (full)
09:29:00 [INFO] [L6.5] symbol=BTCUSDT tf=1h d_star_cache_hit=0/1 path=/private/var/folders/_c/3xdf41hd3tvgxpx63mrml2c00000gn/T/pytest-of-louis/pytest-9/test_small_mutation_fracdiff_m0/dstar/trunc/d_star_BTCUSDT_1h_fb219a055184.json
09:29:00 [INFO] [L6.5] FracDiff joblib slow path complete: columns=2 n_jobs=2
09:29:00 [INFO] [L6.5] symbol=BTCUSDT tf=1h d_star_cache_hit=0/2 path=/private/var/folders/_c/3xdf41hd3tvgxpx63mrml2c00000gn/T/pytest-of-louis/pytest-9/test_small_mutation_fracdiff_m0/dstar/trunc/d_star_BTCUSDT_1h_fb219a055184.json
09:29:01 [INFO] [L6.5] raw-sink heartbeat: tasks 169/248 (68.1%), groups 110/241, elapsed=91.4s, rate=1.85/s, ETA=43s, rss=506MB, last=1h_L1_momentum_MACD-Signal_21-55-9 (full)
09:29:02 [INFO] [L6.5] symbol=BTCUSDT tf=1h d_star_cache_hit=0/1 path=/private/var/folders/_c/3xdf41hd3tvgxpx63mrml2c00000gn/T/pytest-of-louis/pytest-9/test_small_mutation_fracdiff_m0/dstar/trunc/d_star_BTCUSDT_1h_fb219a055184.json
09:29:02 [INFO] [L6.5] symbol=BTCUSDT tf=1h d_star_cache_hit=0/1 path=/private/var/folders/_c/3xdf41hd3tvgxpx63mrml2c00000gn/T/pytest-of-louis/pytest-9/test_small_mutation_fracdiff_m0/dstar/trunc/d_star_BTCUSDT_1h_fb219a055184.json
09:29:02 [INFO] [L6.5] symbol=BTCUSDT tf=1h d_star_cache_hit=0/1 path=/private/var/folders/_c/3xdf41hd3tvgxpx63mrml2c00000gn/T/pytest-of-louis/pytest-9/test_small_mutation_fracdiff_m0/dstar/trunc/d_star_BTCUSDT_1h_fb219a055184.json
09:29:02 [INFO] [L6.5] symbol=BTCUSDT tf=1h d_star_cache_hit=0/1 path=/private/var/folders/_c/3xdf41hd3tvgxpx63mrml2c00000gn/T/pytest-of-louis/pytest-9/test_small_mutation_fracdiff_m0/dstar/trunc/d_star_BTCUSDT_1h_fb219a055184.json
09:29:03 [INFO] [L6.5] FracDiff joblib slow path complete: columns=2 n_jobs=2
09:29:03 [INFO] [L6.5] symbol=BTCUSDT tf=1h d_star_cache_hit=0/2 path=/private/var/folders/_c/3xdf41hd3tvgxpx63mrml2c00000gn/T/pytest-of-louis/pytest-9/test_small_mutation_fracdiff_m0/dstar/trunc/d_star_BTCUSDT_1h_fb219a055184.json
09:29:03 [INFO] [L6.5] raw-sink heartbeat: tasks 181/248 (73.0%), groups 117/241, elapsed=92.6s, rate=1.95/s, ETA=34s, rss=506MB, last=1h_L1_momentum_MACD-Signal_55-233-34 (full)
09:29:04 [INFO] [L6.5] raw-sink heartbeat: tasks 193/248 (77.8%), groups 129/241, elapsed=94.5s, rate=2.04/s, ETA=27s, rss=431MB, last=1h_L1_momentum_MACDEXT-Hist_55-144-21 (full)
09:29:06 [INFO] [L6.5] symbol=BTCUSDT tf=1h d_star_cache_hit=1/1 path=/private/var/folders/_c/3xdf41hd3tvgxpx63mrml2c00000gn/T/pytest-of-louis/pytest-9/test_small_mutation_fracdiff_m0/dstar/trunc/d_star_BTCUSDT_1h_fb219a055184.json
09:29:06 [INFO] [L6.5] raw-sink heartbeat: tasks 205/248 (82.7%), groups 140/241, elapsed=96.3s, rate=2.13/s, ETA=20s, rss=427MB, last=1h_L1_momentum_MACDEXT-Line_5-13-3 (full)
09:29:07 [INFO] [L6.5] symbol=BTCUSDT tf=1h d_star_cache_hit=1/1 path=/private/var/folders/_c/3xdf41hd3tvgxpx63mrml2c00000gn/T/pytest-of-louis/pytest-9/test_small_mutation_fracdiff_m0/dstar/trunc/d_star_BTCUSDT_1h_fb219a055184.json
09:29:07 [INFO] [L6.5] FracDiff joblib slow path complete: columns=2 n_jobs=2
09:29:07 [INFO] [L6.5] symbol=BTCUSDT tf=1h d_star_cache_hit=2/2 path=/private/var/folders/_c/3xdf41hd3tvgxpx63mrml2c00000gn/T/pytest-of-louis/pytest-9/test_small_mutation_fracdiff_m0/dstar/trunc/d_star_BTCUSDT_1h_fb219a055184.json
09:29:08 [INFO] [L6.5] raw-sink heartbeat: tasks 217/248 (87.5%), groups 150/241, elapsed=97.8s, rate=2.22/s, ETA=14s, rss=427MB, last=1h_L1_momentum_MACDEXT-Signal_21-89-13 (full)
09:29:08 [INFO] [L6.5] FracDiff joblib slow path complete: columns=2 n_jobs=2
09:29:08 [INFO] [L6.5] symbol=BTCUSDT tf=1h d_star_cache_hit=0/2 path=/private/var/folders/_c/3xdf41hd3tvgxpx63mrml2c00000gn/T/pytest-of-louis/pytest-9/test_small_mutation_fracdiff_m0/dstar/trunc/d_star_BTCUSDT_1h_fb219a055184.json
09:29:08 [INFO] [L6.5] symbol=BTCUSDT tf=1h d_star_cache_hit=0/1 path=/private/var/folders/_c/3xdf41hd3tvgxpx63mrml2c00000gn/T/pytest-of-louis/pytest-9/test_small_mutation_fracdiff_m0/dstar/trunc/d_star_BTCUSDT_1h_fb219a055184.json
09:29:09 [INFO] [L6.5] symbol=BTCUSDT tf=1h d_star_cache_hit=0/1 path=/private/var/folders/_c/3xdf41hd3tvgxpx63mrml2c00000gn/T/pytest-of-louis/pytest-9/test_small_mutation_fracdiff_m0/dstar/trunc/d_star_BTCUSDT_1h_fb219a055184.json
09:29:09 [INFO] [L6.5] FracDiff joblib slow path complete: columns=2 n_jobs=2
09:29:09 [INFO] [L6.5] symbol=BTCUSDT tf=1h d_star_cache_hit=0/2 path=/private/var/folders/_c/3xdf41hd3tvgxpx63mrml2c00000gn/T/pytest-of-louis/pytest-9/test_small_mutation_fracdiff_m0/dstar/trunc/d_star_BTCUSDT_1h_fb219a055184.json
09:29:09 [INFO] [L6.5] raw-sink heartbeat: tasks 229/248 (92.3%), groups 158/241, elapsed=99.3s, rate=2.31/s, ETA=8s, rss=428MB, last=1h_L1_momentum_MACDEXT-Signal_8-34-9 (full)
09:29:10 [INFO] [L6.5] symbol=BTCUSDT tf=1h d_star_cache_hit=0/1 path=/private/var/folders/_c/3xdf41hd3tvgxpx63mrml2c00000gn/T/pytest-of-louis/pytest-9/test_small_mutation_fracdiff_m0/dstar/trunc/d_star_BTCUSDT_1h_fb219a055184.json
09:29:11 [INFO] [L6.5] symbol=BTCUSDT tf=1h d_star_cache_hit=0/1 path=/private/var/folders/_c/3xdf41hd3tvgxpx63mrml2c00000gn/T/pytest-of-louis/pytest-9/test_small_mutation_fracdiff_m0/dstar/trunc/d_star_BTCUSDT_1h_fb219a055184.json
09:29:11 [INFO] [L6.5] raw-sink heartbeat: tasks 241/248 (97.2%), groups 168/241, elapsed=100.9s, rate=2.39/s, ETA=3s, rss=429MB, last=1h_L1_momentum_PPO_55-144-0 (full)
09:29:11 [INFO] [L6.5] FracDiff joblib slow path complete: columns=2 n_jobs=2
09:29:11 [INFO] [L6.5] symbol=BTCUSDT tf=1h d_star_cache_hit=0/2 path=/private/var/folders/_c/3xdf41hd3tvgxpx63mrml2c00000gn/T/pytest-of-louis/pytest-9/test_small_mutation_fracdiff_m0/dstar/trunc/d_star_BTCUSDT_1h_fb219a055184.json
09:29:13 [INFO] [L6.5] raw-sink heartbeat: tasks 253/248 (102.0%), groups 179/241, elapsed=102.7s, rate=2.46/s, ETA=-2s, rss=429MB, last=1h_L1_momentum_STOCHRSI-fastk_14-3-3-0 (full)
09:29:14 [INFO] [L6.5] symbol=BTCUSDT tf=1h d_star_cache_hit=0/1 path=/private/var/folders/_c/3xdf41hd3tvgxpx63mrml2c00000gn/T/pytest-of-louis/pytest-9/test_small_mutation_fracdiff_m0/dstar/trunc/d_star_BTCUSDT_1h_fb219a055184.json
09:29:15 [INFO] [L6.5] raw-sink heartbeat: tasks 265/248 (106.9%), groups 190/241, elapsed=104.7s, rate=2.53/s, ETA=-7s, rss=430MB, last=1h_L1_momentum_STOCH-slowd_13-3-0-3-0 (full)
09:29:16 [INFO] [L6.5] symbol=BTCUSDT tf=1h d_star_cache_hit=0/1 path=/private/var/folders/_c/3xdf41hd3tvgxpx63mrml2c00000gn/T/pytest-of-louis/pytest-9/test_small_mutation_fracdiff_m0/dstar/trunc/d_star_BTCUSDT_1h_fb219a055184.json
09:29:16 [INFO] [L6.5] symbol=BTCUSDT tf=1h d_star_cache_hit=0/1 path=/private/var/folders/_c/3xdf41hd3tvgxpx63mrml2c00000gn/T/pytest-of-louis/pytest-9/test_small_mutation_fracdiff_m0/dstar/trunc/d_star_BTCUSDT_1h_fb219a055184.json
09:29:16 [INFO] [L6.5] raw-sink heartbeat: tasks 278/248 (112.1%), groups 201/241, elapsed=106.4s, rate=2.61/s, ETA=-11s, rss=430MB, last=1h_L1_momentum_STOCH-slowd_89-8-0-5-0 (full)
09:29:18 [INFO] [L6.5] raw-sink heartbeat: tasks 290/248 (116.9%), groups 213/241, elapsed=108.2s, rate=2.68/s, ETA=-16s, rss=431MB, last=1h_L1_momentum_STOCH-slowk_89-8-0-5-0 (full)
09:29:20 [INFO] [L6.5] raw-sink heartbeat: tasks 302/248 (121.8%), groups 225/241, elapsed=109.9s, rate=2.75/s, ETA=-20s, rss=431MB, last=1h_L1_momentum_STOCHF-fastk_34-5-0 (full)
09:29:22 [INFO] [L6.5] raw-sink heartbeat: tasks 314/248 (126.6%), groups 237/241, elapsed=111.6s, rate=2.81/s, ETA=-23s, rss=431MB, last=1h_L1_momentum_ULTOSC_5-13-26 (full)
09:29:22 [INFO] [L6.5] raw-sink heartbeat: tasks 318/248 (128.2%), groups 241/241, elapsed=112.2s, rate=2.83/s, ETA=-25s, rss=431MB, last=1h_L1_trend_SAR_0.02-0.2 (full)
09:29:22 [INFO] [L6.5] raw-sink complete: 241/241 groups in 112.45s rss=431MB
09:29:22 [INFO] [Layer B Sanitize][CGSA] nulled 411095 non-finite/over-cap values (finite_cap=1e+18) across all streamed features
09:29:23 [INFO] [L7_raw] registry stream persist done: symbol=BTCUSDT tf=1h groups=318 features=39715 npy_freed=0.98 GiB dtype=mixed
09:29:23 [INFO] Loaded feature registry with 1 entries
PASSED                                                                   [ 16%]
tests/feature_engineering/test_ff_fullchain_truncation_small_mr.py::test_small_mutation_numba_rolling_center_true_fails 
-------------------------------- live log call ---------------------------------
09:29:30 [INFO] KlineStorageManager initialized: data_cache/feature_klines/kline_cache.h5
09:29:30 [INFO] Registered adapter: crypto_spot
09:29:30 [WARNING] STOCH combo [5, 3, 3] is missing 2 parameter(s); using defaults slowk=3 slowd=3 slowk_matype=0 slowd_matype=0
09:29:30 [WARNING] STOCH combo [8, 3, 3] is missing 2 parameter(s); using defaults slowk=3 slowd=3 slowk_matype=0 slowd_matype=0
09:29:30 [WARNING] STOCH combo [13, 3, 3] is missing 2 parameter(s); using defaults slowk=3 slowd=3 slowk_matype=0 slowd_matype=0
09:29:30 [WARNING] STOCH combo [13, 5, 3] is missing 2 parameter(s); using defaults slowk=5 slowd=3 slowk_matype=0 slowd_matype=0
09:29:30 [WARNING] STOCH combo [21, 3, 3] is missing 2 parameter(s); using defaults slowk=3 slowd=3 slowk_matype=0 slowd_matype=0
09:29:30 [WARNING] STOCH combo [21, 5, 3] is missing 2 parameter(s); using defaults slowk=5 slowd=3 slowk_matype=0 slowd_matype=0
09:29:30 [WARNING] STOCH combo [21, 5, 5] is missing 2 parameter(s); using defaults slowk=5 slowd=5 slowk_matype=0 slowd_matype=0
09:29:30 [WARNING] STOCH combo [34, 5, 3] is missing 2 parameter(s); using defaults slowk=5 slowd=3 slowk_matype=0 slowd_matype=0
09:29:30 [WARNING] STOCH combo [34, 5, 5] is missing 2 parameter(s); using defaults slowk=5 slowd=5 slowk_matype=0 slowd_matype=0
09:29:30 [WARNING] STOCH combo [55, 5, 5] is missing 2 parameter(s); using defaults slowk=5 slowd=5 slowk_matype=0 slowd_matype=0
09:29:30 [WARNING] STOCH combo [55, 8, 5] is missing 2 parameter(s); using defaults slowk=8 slowd=5 slowk_matype=0 slowd_matype=0
09:29:30 [WARNING] STOCH combo [89, 8, 5] is missing 2 parameter(s); using defaults slowk=8 slowd=5 slowk_matype=0 slowd_matype=0
09:29:30 [WARNING] STOCHF combo [5, 3] is missing 1 parameter(s); using defaults fastd_period=3 fastd_matype=0
09:29:30 [WARNING] STOCHF combo [8, 3] is missing 1 parameter(s); using defaults fastd_period=3 fastd_matype=0
09:29:30 [WARNING] STOCHF combo [13, 3] is missing 1 parameter(s); using defaults fastd_period=3 fastd_matype=0
09:29:30 [WARNING] STOCHF combo [21, 3] is missing 1 parameter(s); using defaults fastd_period=3 fastd_matype=0
09:29:30 [WARNING] STOCHF combo [21, 5] is missing 1 parameter(s); using defaults fastd_period=5 fastd_matype=0
09:29:30 [WARNING] STOCHF combo [34, 5] is missing 1 parameter(s); using defaults fastd_period=5 fastd_matype=0
09:29:30 [WARNING] STOCHF combo [55, 5] is missing 1 parameter(s); using defaults fastd_period=5 fastd_matype=0
09:29:30 [WARNING] STOCHF combo [89, 8] is missing 1 parameter(s); using defaults fastd_period=8 fastd_matype=0
09:29:30 [WARNING] STOCHRSI combo [9, 5, 3] is missing 1 parameter(s); using defaults fastk_period=5 fastd_period=3 fastd_matype=0
09:29:30 [WARNING] STOCHRSI combo [14, 5, 3] is missing 1 parameter(s); using defaults fastk_period=5 fastd_period=3 fastd_matype=0
09:29:30 [WARNING] STOCHRSI combo [14, 3, 3] is missing 1 parameter(s); using defaults fastk_period=3 fastd_period=3 fastd_matype=0
09:29:30 [WARNING] STOCHRSI combo [21, 5, 3] is missing 1 parameter(s); using defaults fastk_period=5 fastd_period=3 fastd_matype=0
09:29:30 [WARNING] STOCHRSI combo [21, 8, 5] is missing 1 parameter(s); using defaults fastk_period=8 fastd_period=5 fastd_matype=0
09:29:30 [WARNING] STOCHRSI combo [34, 8, 5] is missing 1 parameter(s); using defaults fastk_period=8 fastd_period=5 fastd_matype=0
09:29:30 [WARNING] STOCHRSI combo [55, 8, 5] is missing 1 parameter(s); using defaults fastk_period=8 fastd_period=5 fastd_matype=0
09:29:30 [INFO] KlineStorageManager initialized: data_cache/feature_klines/kline_cache.h5
09:29:30 [INFO] Registered adapter: crypto_spot
09:29:30 [WARNING] STOCH combo [5, 3, 3] is missing 2 parameter(s); using defaults slowk=3 slowd=3 slowk_matype=0 slowd_matype=0
09:29:30 [WARNING] STOCH combo [8, 3, 3] is missing 2 parameter(s); using defaults slowk=3 slowd=3 slowk_matype=0 slowd_matype=0
09:29:30 [WARNING] STOCH combo [13, 3, 3] is missing 2 parameter(s); using defaults slowk=3 slowd=3 slowk_matype=0 slowd_matype=0
09:29:30 [WARNING] STOCH combo [13, 5, 3] is missing 2 parameter(s); using defaults slowk=5 slowd=3 slowk_matype=0 slowd_matype=0
09:29:30 [WARNING] STOCH combo [21, 3, 3] is missing 2 parameter(s); using defaults slowk=3 slowd=3 slowk_matype=0 slowd_matype=0
09:29:30 [WARNING] STOCH combo [21, 5, 3] is missing 2 parameter(s); using defaults slowk=5 slowd=3 slowk_matype=0 slowd_matype=0
09:29:30 [WARNING] STOCH combo [21, 5, 5] is missing 2 parameter(s); using defaults slowk=5 slowd=5 slowk_matype=0 slowd_matype=0
09:29:30 [WARNING] STOCH combo [34, 5, 3] is missing 2 parameter(s); using defaults slowk=5 slowd=3 slowk_matype=0 slowd_matype=0
09:29:30 [WARNING] STOCH combo [34, 5, 5] is missing 2 parameter(s); using defaults slowk=5 slowd=5 slowk_matype=0 slowd_matype=0
09:29:30 [WARNING] STOCH combo [55, 5, 5] is missing 2 parameter(s); using defaults slowk=5 slowd=5 slowk_matype=0 slowd_matype=0
09:29:30 [WARNING] STOCH combo [55, 8, 5] is missing 2 parameter(s); using defaults slowk=8 slowd=5 slowk_matype=0 slowd_matype=0
09:29:30 [WARNING] STOCH combo [89, 8, 5] is missing 2 parameter(s); using defaults slowk=8 slowd=5 slowk_matype=0 slowd_matype=0
09:29:30 [WARNING] STOCHF combo [5, 3] is missing 1 parameter(s); using defaults fastd_period=3 fastd_matype=0
09:29:30 [WARNING] STOCHF combo [8, 3] is missing 1 parameter(s); using defaults fastd_period=3 fastd_matype=0
09:29:30 [WARNING] STOCHF combo [13, 3] is missing 1 parameter(s); using defaults fastd_period=3 fastd_matype=0
09:29:30 [WARNING] STOCHF combo [21, 3] is missing 1 parameter(s); using defaults fastd_period=3 fastd_matype=0
09:29:30 [WARNING] STOCHF combo [21, 5] is missing 1 parameter(s); using defaults fastd_period=5 fastd_matype=0
09:29:30 [WARNING] STOCHF combo [34, 5] is missing 1 parameter(s); using defaults fastd_period=5 fastd_matype=0
09:29:30 [WARNING] STOCHF combo [55, 5] is missing 1 parameter(s); using defaults fastd_period=5 fastd_matype=0
09:29:30 [WARNING] STOCHF combo [89, 8] is missing 1 parameter(s); using defaults fastd_period=8 fastd_matype=0
09:29:30 [WARNING] STOCHRSI combo [9, 5, 3] is missing 1 parameter(s); using defaults fastk_period=5 fastd_period=3 fastd_matype=0
09:29:30 [WARNING] STOCHRSI combo [14, 5, 3] is missing 1 parameter(s); using defaults fastk_period=5 fastd_period=3 fastd_matype=0
09:29:30 [WARNING] STOCHRSI combo [14, 3, 3] is missing 1 parameter(s); using defaults fastk_period=3 fastd_period=3 fastd_matype=0
09:29:30 [WARNING] STOCHRSI combo [21, 5, 3] is missing 1 parameter(s); using defaults fastk_period=5 fastd_period=3 fastd_matype=0
09:29:30 [WARNING] STOCHRSI combo [21, 8, 5] is missing 1 parameter(s); using defaults fastk_period=8 fastd_period=5 fastd_matype=0
09:29:30 [WARNING] STOCHRSI combo [34, 8, 5] is missing 1 parameter(s); using defaults fastk_period=8 fastd_period=5 fastd_matype=0
09:29:30 [WARNING] STOCHRSI combo [55, 8, 5] is missing 1 parameter(s); using defaults fastk_period=8 fastd_period=5 fastd_matype=0
09:29:30 [WARNING] STOCH combo [5, 3, 3] is missing 2 parameter(s); using defaults slowk=3 slowd=3 slowk_matype=0 slowd_matype=0
09:29:30 [WARNING] STOCH combo [8, 3, 3] is missing 2 parameter(s); using defaults slowk=3 slowd=3 slowk_matype=0 slowd_matype=0
09:29:30 [WARNING] STOCH combo [13, 3, 3] is missing 2 parameter(s); using defaults slowk=3 slowd=3 slowk_matype=0 slowd_matype=0
09:29:30 [WARNING] STOCH combo [13, 5, 3] is missing 2 parameter(s); using defaults slowk=5 slowd=3 slowk_matype=0 slowd_matype=0
09:29:30 [WARNING] STOCH combo [21, 3, 3] is missing 2 parameter(s); using defaults slowk=3 slowd=3 slowk_matype=0 slowd_matype=0
09:29:30 [WARNING] STOCH combo [21, 5, 3] is missing 2 parameter(s); using defaults slowk=5 slowd=3 slowk_matype=0 slowd_matype=0
09:29:30 [WARNING] STOCH combo [21, 5, 5] is missing 2 parameter(s); using defaults slowk=5 slowd=5 slowk_matype=0 slowd_matype=0
09:29:30 [WARNING] STOCH combo [34, 5, 3] is missing 2 parameter(s); using defaults slowk=5 slowd=3 slowk_matype=0 slowd_matype=0
09:29:30 [WARNING] STOCH combo [34, 5, 5] is missing 2 parameter(s); using defaults slowk=5 slowd=5 slowk_matype=0 slowd_matype=0
09:29:30 [WARNING] STOCH combo [55, 5, 5] is missing 2 parameter(s); using defaults slowk=5 slowd=5 slowk_matype=0 slowd_matype=0
09:29:30 [WARNING] STOCH combo [55, 8, 5] is missing 2 parameter(s); using defaults slowk=8 slowd=5 slowk_matype=0 slowd_matype=0
09:29:30 [WARNING] STOCH combo [89, 8, 5] is missing 2 parameter(s); using defaults slowk=8 slowd=5 slowk_matype=0 slowd_matype=0
09:29:30 [WARNING] STOCHF combo [5, 3] is missing 1 parameter(s); using defaults fastd_period=3 fastd_matype=0
09:29:30 [WARNING] STOCHF combo [8, 3] is missing 1 parameter(s); using defaults fastd_period=3 fastd_matype=0
09:29:30 [WARNING] STOCHF combo [13, 3] is missing 1 parameter(s); using defaults fastd_period=3 fastd_matype=0
09:29:30 [WARNING] STOCHF combo [21, 3] is missing 1 parameter(s); using defaults fastd_period=3 fastd_matype=0
09:29:30 [WARNING] STOCHF combo [21, 5] is missing 1 parameter(s); using defaults fastd_period=5 fastd_matype=0
09:29:30 [WARNING] STOCHF combo [34, 5] is missing 1 parameter(s); using defaults fastd_period=5 fastd_matype=0
09:29:30 [WARNING] STOCHF combo [55, 5] is missing 1 parameter(s); using defaults fastd_period=5 fastd_matype=0
09:29:30 [WARNING] STOCHF combo [89, 8] is missing 1 parameter(s); using defaults fastd_period=8 fastd_matype=0
09:29:30 [WARNING] STOCHRSI combo [9, 5, 3] is missing 1 parameter(s); using defaults fastk_period=5 fastd_period=3 fastd_matype=0
09:29:30 [WARNING] STOCHRSI combo [14, 5, 3] is missing 1 parameter(s); using defaults fastk_period=5 fastd_period=3 fastd_matype=0
09:29:30 [WARNING] STOCHRSI combo [14, 3, 3] is missing 1 parameter(s); using defaults fastk_period=3 fastd_period=3 fastd_matype=0
09:29:30 [WARNING] STOCHRSI combo [21, 5, 3] is missing 1 parameter(s); using defaults fastk_period=5 fastd_period=3 fastd_matype=0
09:29:30 [WARNING] STOCHRSI combo [21, 8, 5] is missing 1 parameter(s); using defaults fastk_period=8 fastd_period=5 fastd_matype=0
09:29:30 [WARNING] STOCHRSI combo [34, 8, 5] is missing 1 parameter(s); using defaults fastk_period=8 fastd_period=5 fastd_matype=0
09:29:30 [WARNING] STOCHRSI combo [55, 8, 5] is missing 1 parameter(s); using defaults fastk_period=8 fastd_period=5 fastd_matype=0
09:29:30 [WARNING] STOCH combo [5, 3, 3] is missing 2 parameter(s); using defaults slowk=3 slowd=3 slowk_matype=0 slowd_matype=0
09:29:30 [WARNING] STOCH combo [8, 3, 3] is missing 2 parameter(s); using defaults slowk=3 slowd=3 slowk_matype=0 slowd_matype=0
09:29:30 [WARNING] STOCH combo [13, 3, 3] is missing 2 parameter(s); using defaults slowk=3 slowd=3 slowk_matype=0 slowd_matype=0
09:29:30 [WARNING] STOCH combo [13, 5, 3] is missing 2 parameter(s); using defaults slowk=5 slowd=3 slowk_matype=0 slowd_matype=0
09:29:30 [WARNING] STOCH combo [21, 3, 3] is missing 2 parameter(s); using defaults slowk=3 slowd=3 slowk_matype=0 slowd_matype=0
09:29:30 [WARNING] STOCH combo [21, 5, 3] is missing 2 parameter(s); using defaults slowk=5 slowd=3 slowk_matype=0 slowd_matype=0
09:29:30 [WARNING] STOCH combo [21, 5, 5] is missing 2 parameter(s); using defaults slowk=5 slowd=5 slowk_matype=0 slowd_matype=0
09:29:30 [WARNING] STOCH combo [34, 5, 3] is missing 2 parameter(s); using defaults slowk=5 slowd=3 slowk_matype=0 slowd_matype=0
09:29:30 [WARNING] STOCH combo [34, 5, 5] is missing 2 parameter(s); using defaults slowk=5 slowd=5 slowk_matype=0 slowd_matype=0
09:29:30 [WARNING] STOCH combo [55, 5, 5] is missing 2 parameter(s); using defaults slowk=5 slowd=5 slowk_matype=0 slowd_matype=0
09:29:30 [WARNING] STOCH combo [55, 8, 5] is missing 2 parameter(s); using defaults slowk=8 slowd=5 slowk_matype=0 slowd_matype=0
09:29:30 [WARNING] STOCH combo [89, 8, 5] is missing 2 parameter(s); using defaults slowk=8 slowd=5 slowk_matype=0 slowd_matype=0
09:29:30 [WARNING] STOCHF combo [5, 3] is missing 1 parameter(s); using defaults fastd_period=3 fastd_matype=0
09:29:30 [WARNING] STOCHF combo [8, 3] is missing 1 parameter(s); using defaults fastd_period=3 fastd_matype=0
09:29:30 [WARNING] STOCHF combo [13, 3] is missing 1 parameter(s); using defaults fastd_period=3 fastd_matype=0
09:29:30 [WARNING] STOCHF combo [21, 3] is missing 1 parameter(s); using defaults fastd_period=3 fastd_matype=0
09:29:30 [WARNING] STOCHF combo [21, 5] is missing 1 parameter(s); using defaults fastd_period=5 fastd_matype=0
09:29:30 [WARNING] STOCHF combo [34, 5] is missing 1 parameter(s); using defaults fastd_period=5 fastd_matype=0
09:29:30 [WARNING] STOCHF combo [55, 5] is missing 1 parameter(s); using defaults fastd_period=5 fastd_matype=0
09:29:30 [WARNING] STOCHF combo [89, 8] is missing 1 parameter(s); using defaults fastd_period=8 fastd_matype=0
09:29:30 [WARNING] STOCHRSI combo [9, 5, 3] is missing 1 parameter(s); using defaults fastk_period=5 fastd_period=3 fastd_matype=0
09:29:30 [WARNING] STOCHRSI combo [14, 5, 3] is missing 1 parameter(s); using defaults fastk_period=5 fastd_period=3 fastd_matype=0
09:29:30 [WARNING] STOCHRSI combo [14, 3, 3] is missing 1 parameter(s); using defaults fastk_period=3 fastd_period=3 fastd_matype=0
09:29:30 [WARNING] STOCHRSI combo [21, 5, 3] is missing 1 parameter(s); using defaults fastk_period=5 fastd_period=3 fastd_matype=0
09:29:30 [WARNING] STOCHRSI combo [21, 8, 5] is missing 1 parameter(s); using defaults fastk_period=8 fastd_period=5 fastd_matype=0
09:29:30 [WARNING] STOCHRSI combo [34, 8, 5] is missing 1 parameter(s); using defaults fastk_period=8 fastd_period=5 fastd_matype=0
09:29:30 [WARNING] STOCHRSI combo [55, 8, 5] is missing 1 parameter(s); using defaults fastk_period=8 fastd_period=5 fastd_matype=0
09:29:30 [INFO] Fetching spot data: BTCUSDT/1h
09:29:30 [INFO] Read 20352 klines from BTCUSDT/1h in 0.008s
09:29:30 [INFO] Aligned data for BTCUSDT/1h: 20352 rows, 5 columns
09:29:30 [INFO] [Layer 1] 0% - Starting Layer 1...
09:29:30 [INFO] Layer 1 starting, rss=589MB
09:29:30 [WARNING] STOCH combo [5, 3, 3] is missing 2 parameter(s); using defaults slowk=3 slowd=3 slowk_matype=0 slowd_matype=0
09:29:30 [WARNING] STOCH combo [8, 3, 3] is missing 2 parameter(s); using defaults slowk=3 slowd=3 slowk_matype=0 slowd_matype=0
09:29:30 [WARNING] STOCH combo [13, 3, 3] is missing 2 parameter(s); using defaults slowk=3 slowd=3 slowk_matype=0 slowd_matype=0
09:29:30 [WARNING] STOCH combo [13, 5, 3] is missing 2 parameter(s); using defaults slowk=5 slowd=3 slowk_matype=0 slowd_matype=0
09:29:30 [WARNING] STOCH combo [21, 3, 3] is missing 2 parameter(s); using defaults slowk=3 slowd=3 slowk_matype=0 slowd_matype=0
09:29:30 [WARNING] STOCH combo [21, 5, 3] is missing 2 parameter(s); using defaults slowk=5 slowd=3 slowk_matype=0 slowd_matype=0
09:29:30 [WARNING] STOCH combo [21, 5, 5] is missing 2 parameter(s); using defaults slowk=5 slowd=5 slowk_matype=0 slowd_matype=0
09:29:30 [WARNING] STOCH combo [34, 5, 3] is missing 2 parameter(s); using defaults slowk=5 slowd=3 slowk_matype=0 slowd_matype=0
09:29:30 [WARNING] STOCH combo [34, 5, 5] is missing 2 parameter(s); using defaults slowk=5 slowd=5 slowk_matype=0 slowd_matype=0
09:29:30 [WARNING] STOCH combo [55, 5, 5] is missing 2 parameter(s); using defaults slowk=5 slowd=5 slowk_matype=0 slowd_matype=0
09:29:30 [WARNING] STOCH combo [55, 8, 5] is missing 2 parameter(s); using defaults slowk=8 slowd=5 slowk_matype=0 slowd_matype=0
09:29:30 [WARNING] STOCH combo [89, 8, 5] is missing 2 parameter(s); using defaults slowk=8 slowd=5 slowk_matype=0 slowd_matype=0
09:29:30 [WARNING] STOCHF combo [5, 3] is missing 1 parameter(s); using defaults fastd_period=3 fastd_matype=0
09:29:30 [WARNING] STOCHF combo [8, 3] is missing 1 parameter(s); using defaults fastd_period=3 fastd_matype=0
09:29:30 [WARNING] STOCHF combo [13, 3] is missing 1 parameter(s); using defaults fastd_period=3 fastd_matype=0
09:29:30 [WARNING] STOCHF combo [21, 3] is missing 1 parameter(s); using defaults fastd_period=3 fastd_matype=0
09:29:30 [WARNING] STOCHF combo [21, 5] is missing 1 parameter(s); using defaults fastd_period=5 fastd_matype=0
09:29:30 [WARNING] STOCHF combo [34, 5] is missing 1 parameter(s); using defaults fastd_period=5 fastd_matype=0
09:29:30 [WARNING] STOCHF combo [55, 5] is missing 1 parameter(s); using defaults fastd_period=5 fastd_matype=0
09:29:30 [WARNING] STOCHF combo [89, 8] is missing 1 parameter(s); using defaults fastd_period=8 fastd_matype=0
09:29:30 [WARNING] STOCHRSI combo [9, 5, 3] is missing 1 parameter(s); using defaults fastk_period=5 fastd_period=3 fastd_matype=0
09:29:30 [WARNING] STOCHRSI combo [14, 5, 3] is missing 1 parameter(s); using defaults fastk_period=5 fastd_period=3 fastd_matype=0
09:29:30 [WARNING] STOCHRSI combo [14, 3, 3] is missing 1 parameter(s); using defaults fastk_period=3 fastd_period=3 fastd_matype=0
09:29:30 [WARNING] STOCHRSI combo [21, 5, 3] is missing 1 parameter(s); using defaults fastk_period=5 fastd_period=3 fastd_matype=0
09:29:30 [WARNING] STOCHRSI combo [21, 8, 5] is missing 1 parameter(s); using defaults fastk_period=8 fastd_period=5 fastd_matype=0
09:29:30 [WARNING] STOCHRSI combo [34, 8, 5] is missing 1 parameter(s); using defaults fastk_period=8 fastd_period=5 fastd_matype=0
09:29:30 [WARNING] STOCHRSI combo [55, 8, 5] is missing 1 parameter(s); using defaults fastk_period=8 fastd_period=5 fastd_matype=0
09:29:31 [INFO] [Layer 1] 100% - Layer 1 completed: 898 features
09:29:31 [INFO] Layer 1 done: 898 cols, status=ok, rss=711MB
09:29:31 [INFO] [Layer 2] 0% - Starting Layer 2...
09:29:31 [INFO] Layer 2 starting, rss=711MB
09:29:31 [INFO] [L2] Starting derived features: 898 L1 cols
09:29:31 [WARNING] STOCH combo [5, 3, 3] is missing 2 parameter(s); using defaults slowk=3 slowd=3 slowk_matype=0 slowd_matype=0
09:29:31 [WARNING] STOCH combo [8, 3, 3] is missing 2 parameter(s); using defaults slowk=3 slowd=3 slowk_matype=0 slowd_matype=0
09:29:31 [WARNING] STOCH combo [13, 3, 3] is missing 2 parameter(s); using defaults slowk=3 slowd=3 slowk_matype=0 slowd_matype=0
09:29:31 [WARNING] STOCH combo [13, 5, 3] is missing 2 parameter(s); using defaults slowk=5 slowd=3 slowk_matype=0 slowd_matype=0
09:29:31 [WARNING] STOCH combo [21, 3, 3] is missing 2 parameter(s); using defaults slowk=3 slowd=3 slowk_matype=0 slowd_matype=0
09:29:31 [WARNING] STOCH combo [21, 5, 3] is missing 2 parameter(s); using defaults slowk=5 slowd=3 slowk_matype=0 slowd_matype=0
09:29:31 [WARNING] STOCH combo [21, 5, 5] is missing 2 parameter(s); using defaults slowk=5 slowd=5 slowk_matype=0 slowd_matype=0
09:29:31 [WARNING] STOCH combo [34, 5, 3] is missing 2 parameter(s); using defaults slowk=5 slowd=3 slowk_matype=0 slowd_matype=0
09:29:31 [WARNING] STOCH combo [34, 5, 5] is missing 2 parameter(s); using defaults slowk=5 slowd=5 slowk_matype=0 slowd_matype=0
09:29:31 [WARNING] STOCH combo [55, 5, 5] is missing 2 parameter(s); using defaults slowk=5 slowd=5 slowk_matype=0 slowd_matype=0
09:29:31 [WARNING] STOCH combo [55, 8, 5] is missing 2 parameter(s); using defaults slowk=8 slowd=5 slowk_matype=0 slowd_matype=0
09:29:31 [WARNING] STOCH combo [89, 8, 5] is missing 2 parameter(s); using defaults slowk=8 slowd=5 slowk_matype=0 slowd_matype=0
09:29:31 [WARNING] STOCHF combo [5, 3] is missing 1 parameter(s); using defaults fastd_period=3 fastd_matype=0
09:29:31 [WARNING] STOCHF combo [8, 3] is missing 1 parameter(s); using defaults fastd_period=3 fastd_matype=0
09:29:31 [WARNING] STOCHF combo [13, 3] is missing 1 parameter(s); using defaults fastd_period=3 fastd_matype=0
09:29:31 [WARNING] STOCHF combo [21, 3] is missing 1 parameter(s); using defaults fastd_period=3 fastd_matype=0
09:29:31 [WARNING] STOCHF combo [21, 5] is missing 1 parameter(s); using defaults fastd_period=5 fastd_matype=0
09:29:31 [WARNING] STOCHF combo [34, 5] is missing 1 parameter(s); using defaults fastd_period=5 fastd_matype=0
09:29:31 [WARNING] STOCHF combo [55, 5] is missing 1 parameter(s); using defaults fastd_period=5 fastd_matype=0
09:29:31 [WARNING] STOCHF combo [89, 8] is missing 1 parameter(s); using defaults fastd_period=8 fastd_matype=0
09:29:31 [WARNING] STOCHRSI combo [9, 5, 3] is missing 1 parameter(s); using defaults fastk_period=5 fastd_period=3 fastd_matype=0
09:29:31 [WARNING] STOCHRSI combo [14, 5, 3] is missing 1 parameter(s); using defaults fastk_period=5 fastd_period=3 fastd_matype=0
09:29:31 [WARNING] STOCHRSI combo [14, 3, 3] is missing 1 parameter(s); using defaults fastk_period=3 fastd_period=3 fastd_matype=0
09:29:31 [WARNING] STOCHRSI combo [21, 5, 3] is missing 1 parameter(s); using defaults fastk_period=5 fastd_period=3 fastd_matype=0
09:29:31 [WARNING] STOCHRSI combo [21, 8, 5] is missing 1 parameter(s); using defaults fastk_period=8 fastd_period=5 fastd_matype=0
09:29:31 [WARNING] STOCHRSI combo [34, 8, 5] is missing 1 parameter(s); using defaults fastk_period=8 fastd_period=5 fastd_matype=0
09:29:31 [WARNING] STOCHRSI combo [55, 8, 5] is missing 1 parameter(s); using defaults fastk_period=8 fastd_period=5 fastd_matype=0
09:29:39 [INFO] [L2] Completed: 11621 cols in 8.08s
09:29:40 [INFO] [Layer 2] 100% - Layer 2 completed: 11621 features
09:29:40 [INFO] Layer 2 done: 11621 cols, status=ok, rss=2348MB
09:29:40 [INFO] [Layer 3] 0% - Starting Layer 3...
09:29:40 [INFO] Layer 3 starting, rss=2348MB
09:29:42 [INFO] [L3 streaming][numba][multi] step 10/20 (W5_range): 898→898 cols (-0 dead)
09:29:42 [INFO] [L3 streaming][numba][multi] step 20/20 (W13_range): 898→898 cols (-0 dead)
09:29:42 [INFO] [L3 streaming][numba][multi] complete: 17960 total generated, 0 dead dropped, 17960 survivors
09:29:43 [INFO] [Layer 3] 100% - Layer 3 completed: 17960 features
09:29:43 [INFO] Layer 3 done: 17960 cols, status=ok, rss=1291MB
09:29:43 [INFO] [Layer 4] 0% - Starting Layer 4...
09:29:43 [INFO] Layer 4 starting, rss=1291MB
09:29:43 [INFO] [Layer 4] 100% - Layer 4 completed: 7224 features
09:29:43 [INFO] Layer 4 done: 7224 cols, status=ok, rss=477MB
09:29:43 [INFO] [Layer 5] 0% - Starting Layer 5...
09:29:43 [INFO] Layer 5 starting, rss=477MB
09:29:43 [INFO] [Layer 5] 100% - Layer 5 completed: 0 features
09:29:43 [INFO] Layer 5 done: 0 cols, status=empty_disabled, rss=477MB
09:29:43 [INFO] [Layer 6] 0% - Starting Layer 6...
09:29:43 [INFO] Layer 6 starting, rss=477MB
09:29:43 [INFO] [Layer 6] 100% - Layer 6 completed: 10 features
09:29:43 [INFO] Layer 6 done: 10 cols, status=ok, rss=480MB
09:29:43 [INFO] [memmap concat] 5 DFs → 37713 cols × 4811 rows ≈ 0.73 GB → disk-backed
09:29:43 [INFO] [memmap] created: shape=(4811, 37713), dtype=<class 'numpy.float32'>, est=0.73 GB  (file auto-unlinked)
09:29:43 [INFO] [memmap concat] copying DF 1/5 (898 cols)
09:29:43 [INFO] [memmap concat] copying DF 2/5 (11621 cols)
09:29:44 [INFO] [memmap concat] copying DF 3/5 (17960 cols)
09:29:45 [INFO] [memmap concat] copying DF 4/5 (7224 cols)
09:29:45 [INFO] [memmap concat] copying DF 5/5 (10 cols)
09:30:58 [INFO] [CGSA] Initialized ColumnGroupRegistry at /private/var/folders/_c/3xdf41hd3tvgxpx63mrml2c00000gn/T/pytest-of-louis/pytest-9/test_small_mutation_numba_roll0/cgsa_work (tier=8gb, buffer_groups=0)
09:30:58 [INFO] Fetching spot data: BTCUSDT/1h
09:30:58 [INFO] Read 20352 klines from BTCUSDT/1h in 0.059s
09:30:58 [INFO] Aligned data for BTCUSDT/1h: 20352 rows, 5 columns
09:30:58 [INFO] [Layer 1] 0% - Starting Layer 1...
09:30:58 [INFO] Layer 1 starting, rss=2441MB
09:30:58 [WARNING] STOCH combo [5, 3, 3] is missing 2 parameter(s); using defaults slowk=3 slowd=3 slowk_matype=0 slowd_matype=0
09:30:58 [WARNING] STOCH combo [8, 3, 3] is missing 2 parameter(s); using defaults slowk=3 slowd=3 slowk_matype=0 slowd_matype=0
09:30:58 [WARNING] STOCH combo [13, 3, 3] is missing 2 parameter(s); using defaults slowk=3 slowd=3 slowk_matype=0 slowd_matype=0
09:30:58 [WARNING] STOCH combo [13, 5, 3] is missing 2 parameter(s); using defaults slowk=5 slowd=3 slowk_matype=0 slowd_matype=0
09:30:58 [WARNING] STOCH combo [21, 3, 3] is missing 2 parameter(s); using defaults slowk=3 slowd=3 slowk_matype=0 slowd_matype=0
09:30:58 [WARNING] STOCH combo [21, 5, 3] is missing 2 parameter(s); using defaults slowk=5 slowd=3 slowk_matype=0 slowd_matype=0
09:30:58 [WARNING] STOCH combo [21, 5, 5] is missing 2 parameter(s); using defaults slowk=5 slowd=5 slowk_matype=0 slowd_matype=0
09:30:58 [WARNING] STOCH combo [34, 5, 3] is missing 2 parameter(s); using defaults slowk=5 slowd=3 slowk_matype=0 slowd_matype=0
09:30:58 [WARNING] STOCH combo [34, 5, 5] is missing 2 parameter(s); using defaults slowk=5 slowd=5 slowk_matype=0 slowd_matype=0
09:30:58 [WARNING] STOCH combo [55, 5, 5] is missing 2 parameter(s); using defaults slowk=5 slowd=5 slowk_matype=0 slowd_matype=0
09:30:58 [WARNING] STOCH combo [55, 8, 5] is missing 2 parameter(s); using defaults slowk=8 slowd=5 slowk_matype=0 slowd_matype=0
09:30:58 [WARNING] STOCH combo [89, 8, 5] is missing 2 parameter(s); using defaults slowk=8 slowd=5 slowk_matype=0 slowd_matype=0
09:30:58 [WARNING] STOCHF combo [5, 3] is missing 1 parameter(s); using defaults fastd_period=3 fastd_matype=0
09:30:58 [WARNING] STOCHF combo [8, 3] is missing 1 parameter(s); using defaults fastd_period=3 fastd_matype=0
09:30:58 [WARNING] STOCHF combo [13, 3] is missing 1 parameter(s); using defaults fastd_period=3 fastd_matype=0
09:30:58 [WARNING] STOCHF combo [21, 3] is missing 1 parameter(s); using defaults fastd_period=3 fastd_matype=0
09:30:58 [WARNING] STOCHF combo [21, 5] is missing 1 parameter(s); using defaults fastd_period=5 fastd_matype=0
09:30:58 [WARNING] STOCHF combo [34, 5] is missing 1 parameter(s); using defaults fastd_period=5 fastd_matype=0
09:30:58 [WARNING] STOCHF combo [55, 5] is missing 1 parameter(s); using defaults fastd_period=5 fastd_matype=0
09:30:58 [WARNING] STOCHF combo [89, 8] is missing 1 parameter(s); using defaults fastd_period=8 fastd_matype=0
09:30:58 [WARNING] STOCHRSI combo [9, 5, 3] is missing 1 parameter(s); using defaults fastk_period=5 fastd_period=3 fastd_matype=0
09:30:58 [WARNING] STOCHRSI combo [14, 5, 3] is missing 1 parameter(s); using defaults fastk_period=5 fastd_period=3 fastd_matype=0
09:30:58 [WARNING] STOCHRSI combo [14, 3, 3] is missing 1 parameter(s); using defaults fastk_period=3 fastd_period=3 fastd_matype=0
09:30:58 [WARNING] STOCHRSI combo [21, 5, 3] is missing 1 parameter(s); using defaults fastk_period=5 fastd_period=3 fastd_matype=0
09:30:58 [WARNING] STOCHRSI combo [21, 8, 5] is missing 1 parameter(s); using defaults fastk_period=8 fastd_period=5 fastd_matype=0
09:30:58 [WARNING] STOCHRSI combo [34, 8, 5] is missing 1 parameter(s); using defaults fastk_period=8 fastd_period=5 fastd_matype=0
09:30:58 [WARNING] STOCHRSI combo [55, 8, 5] is missing 1 parameter(s); using defaults fastk_period=8 fastd_period=5 fastd_matype=0
09:30:59 [INFO] [Layer 1] 100% - Layer 1 completed: 898 features
09:30:59 [INFO] Layer 1 done: 898 cols, status=ok, rss=2687MB
09:30:59 [INFO] [Layer 2] 0% - Starting Layer 2...
09:30:59 [INFO] Layer 2 starting, rss=2687MB
09:30:59 [INFO] [L2] Starting derived features: 898 L1 cols
09:30:59 [WARNING] STOCH combo [5, 3, 3] is missing 2 parameter(s); using defaults slowk=3 slowd=3 slowk_matype=0 slowd_matype=0
09:30:59 [WARNING] STOCH combo [8, 3, 3] is missing 2 parameter(s); using defaults slowk=3 slowd=3 slowk_matype=0 slowd_matype=0
09:30:59 [WARNING] STOCH combo [13, 3, 3] is missing 2 parameter(s); using defaults slowk=3 slowd=3 slowk_matype=0 slowd_matype=0
09:30:59 [WARNING] STOCH combo [13, 5, 3] is missing 2 parameter(s); using defaults slowk=5 slowd=3 slowk_matype=0 slowd_matype=0
09:30:59 [WARNING] STOCH combo [21, 3, 3] is missing 2 parameter(s); using defaults slowk=3 slowd=3 slowk_matype=0 slowd_matype=0
09:30:59 [WARNING] STOCH combo [21, 5, 3] is missing 2 parameter(s); using defaults slowk=5 slowd=3 slowk_matype=0 slowd_matype=0
09:30:59 [WARNING] STOCH combo [21, 5, 5] is missing 2 parameter(s); using defaults slowk=5 slowd=5 slowk_matype=0 slowd_matype=0
09:30:59 [WARNING] STOCH combo [34, 5, 3] is missing 2 parameter(s); using defaults slowk=5 slowd=3 slowk_matype=0 slowd_matype=0
09:30:59 [WARNING] STOCH combo [34, 5, 5] is missing 2 parameter(s); using defaults slowk=5 slowd=5 slowk_matype=0 slowd_matype=0
09:30:59 [WARNING] STOCH combo [55, 5, 5] is missing 2 parameter(s); using defaults slowk=5 slowd=5 slowk_matype=0 slowd_matype=0
09:30:59 [WARNING] STOCH combo [55, 8, 5] is missing 2 parameter(s); using defaults slowk=8 slowd=5 slowk_matype=0 slowd_matype=0
09:30:59 [WARNING] STOCH combo [89, 8, 5] is missing 2 parameter(s); using defaults slowk=8 slowd=5 slowk_matype=0 slowd_matype=0
09:30:59 [WARNING] STOCHF combo [5, 3] is missing 1 parameter(s); using defaults fastd_period=3 fastd_matype=0
09:30:59 [WARNING] STOCHF combo [8, 3] is missing 1 parameter(s); using defaults fastd_period=3 fastd_matype=0
09:30:59 [WARNING] STOCHF combo [13, 3] is missing 1 parameter(s); using defaults fastd_period=3 fastd_matype=0
09:30:59 [WARNING] STOCHF combo [21, 3] is missing 1 parameter(s); using defaults fastd_period=3 fastd_matype=0
09:30:59 [WARNING] STOCHF combo [21, 5] is missing 1 parameter(s); using defaults fastd_period=5 fastd_matype=0
09:30:59 [WARNING] STOCHF combo [34, 5] is missing 1 parameter(s); using defaults fastd_period=5 fastd_matype=0
09:30:59 [WARNING] STOCHF combo [55, 5] is missing 1 parameter(s); using defaults fastd_period=5 fastd_matype=0
09:30:59 [WARNING] STOCHF combo [89, 8] is missing 1 parameter(s); using defaults fastd_period=8 fastd_matype=0
09:30:59 [WARNING] STOCHRSI combo [9, 5, 3] is missing 1 parameter(s); using defaults fastk_period=5 fastd_period=3 fastd_matype=0
09:30:59 [WARNING] STOCHRSI combo [14, 5, 3] is missing 1 parameter(s); using defaults fastk_period=5 fastd_period=3 fastd_matype=0
09:30:59 [WARNING] STOCHRSI combo [14, 3, 3] is missing 1 parameter(s); using defaults fastk_period=3 fastd_period=3 fastd_matype=0
09:30:59 [WARNING] STOCHRSI combo [21, 5, 3] is missing 1 parameter(s); using defaults fastk_period=5 fastd_period=3 fastd_matype=0
09:30:59 [WARNING] STOCHRSI combo [21, 8, 5] is missing 1 parameter(s); using defaults fastk_period=8 fastd_period=5 fastd_matype=0
09:30:59 [WARNING] STOCHRSI combo [34, 8, 5] is missing 1 parameter(s); using defaults fastk_period=8 fastd_period=5 fastd_matype=0
09:30:59 [WARNING] STOCHRSI combo [55, 8, 5] is missing 1 parameter(s); using defaults fastk_period=8 fastd_period=5 fastd_matype=0
09:31:25 [INFO] [CGSA] L2 persisted group=1h_L2_Momentum shards=3 total_bytes=257.4 MiB
09:31:25 [INFO] [L2] Completed: 11621 cols in 26.02s
09:31:26 [INFO] [Layer 2] 100% - Layer 2 completed: 11621 features
09:31:26 [INFO] Layer 2 done: 11621 cols, status=ok, rss=1787MB
09:31:26 [INFO] [memmap] created: shape=(7514, 11621), dtype=<class 'numpy.float32'>, est=0.35 GB  (file auto-unlinked)
09:31:27 [INFO] [spill] layer2: 7514×11621 → float32 memmap in 0.6s (freed ~0.7 GB float64)
09:31:27 [INFO] [Layer 3] 0% - Starting Layer 3...
09:31:27 [INFO] Layer 3 starting, rss=2278MB
09:31:31 [INFO] [L3 streaming][numba][multi][persist] step 10/20 (W5_range): 898→898 cols (-0 dead)
09:31:31 [INFO] [L3 streaming][numba][multi][persist] step 20/20 (W13_range): 898→898 cols (-0 dead)
09:31:31 [INFO] [L3 streaming][numba][multi][persist] complete: 17960 generated, 4 dropped, 17956 survivors persisted via callback
09:31:33 [INFO] [L3] streaming persist (mode=streaming) complete: 17956 cols persisted in 20 groups
09:31:33 [INFO] [Layer 3] 100% - Layer 3 completed: 0 features
09:31:33 [INFO] Layer 3 done: 0 cols, status=offloaded_to_registry, rss=1829MB
09:31:33 [INFO] [Layer 4] 0% - Starting Layer 4...
09:31:33 [INFO] Layer 4 starting, rss=1829MB
09:31:34 [INFO] [Layer 4] 100% - Layer 4 completed: 7224 features
09:31:34 [INFO] Layer 4 done: 7224 cols, status=ok, rss=1543MB
09:31:34 [INFO] [Layer 5] 0% - Starting Layer 5...
09:31:34 [INFO] Layer 5 starting, rss=1543MB
09:31:34 [INFO] [Layer 5] 100% - Layer 5 completed: 0 features
09:31:34 [INFO] Layer 5 done: 0 cols, status=empty_disabled, rss=1544MB
09:31:34 [INFO] [Layer 6] 0% - Starting Layer 6...
09:31:34 [INFO] Layer 6 starting, rss=1544MB
09:31:34 [INFO] [Layer 6] 100% - Layer 6 completed: 10 features
09:31:34 [INFO] Layer 6 done: 10 cols, status=ok, rss=1545MB
09:31:34 [INFO] [CGSA] Disk pre-check OK: layer=L4_lag symbol=BTCUSDT tf=1h need=2.39 GiB (planned_new=0.20 GiB, max_inflight_tmp×2=0.19 GiB, reserve=2.00 GiB) free=32.94 GiB shape=(7514, 7224)
09:31:34 [INFO] [CGSA] L4_lag persisted group=1h_L4_lag_1 shards=2 total_bytes=143.3 MiB
09:31:34 [INFO] [CGSA] Persisted L4_lag: 7224 cols → 2 groups (tf=1h)
09:31:34 [INFO] [CGSA] Disk pre-check OK: layer=L6_meta symbol=BTCUSDT tf=1h need=2.00 GiB (planned_new=0.00 GiB, max_inflight_tmp×2=0.00 GiB, reserve=2.00 GiB) free=32.74 GiB shape=(7514, 10)
09:31:34 [INFO] [CGSA] Persisted L6_meta: 10 cols → 1 groups (tf=1h)
09:31:37 [INFO] [L7][CGSA] Quality summary: inf_count=0, coverage=0.9513, non_nan=269545732/283345426
09:31:37 [INFO] [L7_raw] Disk pre-check OK: required=2.00 GiB (safety x1.50), estimated_final=0.53 GiB, reclaimable_npy=1.06 GiB, net_growth=0.00 GiB, max_inflight_part=0.14 GiB, largest_part_source=1h_L2_Momentum, reserve_floor=2.00 GiB, free=32.73 GiB, groups=241
09:31:37 [INFO] [L6.5] raw-sink path uses serial group streaming for disk safety (requested_workers=2)
09:31:37 [INFO] [L6.5] Registry raw-sink config: groups=241 requested_workers=2 effective_workers=1 mode=append use_fast=False can_use_numba_fast=False winsor=True rank=False zscore=False fracdiff=False fracdiff_apply_to=non_stationary fracdiff_layers=['L1', 'L2'] adf=False gaussian=False
09:31:37 [INFO] [L6.5] Raw-sink start: 238 full groups (fast=0, slow=238) + 3 big-group splits → 248 sub-tasks (requested_workers=2, effective_workers=1, split_threshold=2000, slow_chunked=3, max_group_cols=8980, schedule=largest_first, rss=630MB)
09:31:37 [INFO] [L6.5] raw-sink chunk stream start: group=1h_L2_Momentum cols=8980 chunks=5 chunk_size=2000 rss=888MB
09:32:00 [INFO] [L6.5] raw-sink chunk stream complete: group=1h_L2_Momentum chunks=5 outputs=5 rss=1728MB
09:32:01 [INFO] [L6.5] raw-sink chunk stream start: group=1h_L4_lag_1 cols=5000 chunks=3 chunk_size=2000 rss=1684MB
09:32:14 [INFO] [L6.5] raw-sink chunk stream complete: group=1h_L4_lag_1 chunks=3 outputs=3 rss=1535MB
09:32:14 [INFO] [L6.5] raw-sink heartbeat: tasks 8/248 (3.2%), groups 2/241, elapsed=36.5s, rate=0.22/s, ETA=1096s, rss=1535MB, last=1h_L4_lag_1 (slow-chunked, parts=3)
09:32:14 [INFO] [L6.5] raw-sink chunk stream start: group=1h_L4_lag_2 cols=2224 chunks=2 chunk_size=2000 rss=1535MB
09:32:20 [INFO] [L6.5] raw-sink chunk stream complete: group=1h_L4_lag_2 chunks=2 outputs=2 rss=1400MB
09:32:45 [INFO] [L6.5] raw-sink heartbeat: tasks 20/248 (8.1%), groups 13/241, elapsed=67.4s, rate=0.30/s, ETA=768s, rss=1550MB, last=1h_L3_rolling_W13_Std_1 (full)
09:33:13 [INFO] [L6.5] raw-sink heartbeat: tasks 32/248 (12.9%), groups 25/241, elapsed=95.8s, rate=0.33/s, ETA=647s, rss=1552MB, last=1h_L3_rolling_W5_ZScore_1 (full)
09:33:16 [INFO] [L6.5] raw-sink heartbeat: tasks 44/248 (17.7%), groups 37/241, elapsed=98.3s, rate=0.45/s, ETA=456s, rss=1579MB, last=1h_L1_momentum_TRIX (full)
09:33:17 [INFO] [L6.5] raw-sink heartbeat: tasks 56/248 (22.6%), groups 49/241, elapsed=99.8s, rate=0.56/s, ETA=342s, rss=1580MB, last=1h_L1_trend_BBANDS-Upper (full)
09:33:18 [INFO] [L6.5] raw-sink heartbeat: tasks 68/248 (27.4%), groups 61/241, elapsed=101.1s, rate=0.67/s, ETA=268s, rss=1580MB, last=1h_L1_momentum_DX (full)
09:33:20 [INFO] [L6.5] raw-sink heartbeat: tasks 80/248 (32.3%), groups 73/241, elapsed=102.3s, rate=0.78/s, ETA=215s, rss=1580MB, last=1h_L1_momentum_APO_34-144-0 (full)
09:33:21 [INFO] [L6.5] raw-sink heartbeat: tasks 92/248 (37.1%), groups 85/241, elapsed=103.3s, rate=0.89/s, ETA=175s, rss=1580MB, last=1h_L1_momentum_MACD-Hist_21-89-13 (full)
09:33:22 [INFO] [L6.5] raw-sink heartbeat: tasks 104/248 (41.9%), groups 97/241, elapsed=104.4s, rate=1.00/s, ETA=145s, rss=1580MB, last=1h_L1_momentum_MACD-Line_21-55-9 (full)
09:33:23 [INFO] [L6.5] raw-sink heartbeat: tasks 116/248 (46.8%), groups 109/241, elapsed=105.4s, rate=1.10/s, ETA=120s, rss=1580MB, last=1h_L1_momentum_MACD-Signal_13-55-13 (full)
09:33:24 [INFO] [L6.5] raw-sink heartbeat: tasks 128/248 (51.6%), groups 121/241, elapsed=106.5s, rate=1.20/s, ETA=100s, rss=1580MB, last=1h_L1_momentum_MACDEXT-Hist_13-34-9 (full)
09:33:25 [INFO] [L6.5] raw-sink heartbeat: tasks 140/248 (56.5%), groups 133/241, elapsed=107.5s, rate=1.30/s, ETA=83s, rss=1580MB, last=1h_L1_momentum_MACDEXT-Line_12-26-9 (full)
09:33:26 [INFO] [L6.5] raw-sink heartbeat: tasks 152/248 (61.3%), groups 145/241, elapsed=108.6s, rate=1.40/s, ETA=69s, rss=1580MB, last=1h_L1_momentum_MACDEXT-Line_8-34-9 (full)
09:33:27 [INFO] [L6.5] raw-sink heartbeat: tasks 164/248 (66.1%), groups 157/241, elapsed=109.6s, rate=1.50/s, ETA=56s, rss=1580MB, last=1h_L1_momentum_MACDEXT-Signal_8-21-5 (full)
09:33:28 [INFO] [L6.5] raw-sink heartbeat: tasks 176/248 (71.0%), groups 169/241, elapsed=110.7s, rate=1.59/s, ETA=45s, rss=1580MB, last=1h_L1_momentum_PPO_55-233-0 (full)
09:33:29 [INFO] [L6.5] raw-sink heartbeat: tasks 188/248 (75.8%), groups 181/241, elapsed=111.7s, rate=1.68/s, ETA=36s, rss=1580MB, last=1h_L1_momentum_STOCHRSI-fastk_21-5-3-0 (full)
09:33:30 [INFO] [L6.5] raw-sink heartbeat: tasks 200/248 (80.6%), groups 193/241, elapsed=112.8s, rate=1.77/s, ETA=27s, rss=1586MB, last=1h_L1_momentum_STOCH-slowd_21-5-0-3-0 (full)
09:33:31 [INFO] [L6.5] raw-sink heartbeat: tasks 212/248 (85.5%), groups 205/241, elapsed=113.8s, rate=1.86/s, ETA=19s, rss=1586MB, last=1h_L1_momentum_STOCH-slowk_21-5-0-3-0 (full)
09:33:32 [INFO] [L6.5] raw-sink heartbeat: tasks 224/248 (90.3%), groups 217/241, elapsed=114.8s, rate=1.95/s, ETA=12s, rss=1586MB, last=1h_L1_momentum_STOCHF-fastd_34-5-0 (full)
09:33:33 [INFO] [L6.5] raw-sink heartbeat: tasks 236/248 (95.2%), groups 229/241, elapsed=115.9s, rate=2.04/s, ETA=6s, rss=1586MB, last=1h_L1_momentum_STOCHF-fastk_89-8-0 (full)
09:33:34 [INFO] [L6.5] raw-sink heartbeat: tasks 248/248 (100.0%), groups 241/241, elapsed=116.9s, rate=2.12/s, ETA=0s, rss=1449MB, last=1h_L1_trend_SAR_0.02-0.2 (full)
09:33:34 [INFO] [L6.5] raw-sink complete: 241/241 groups in 116.99s rss=1449MB
09:33:34 [INFO] [Layer B Sanitize][CGSA] nulled 449800 non-finite/over-cap values (finite_cap=1e+18) across all streamed features
09:33:35 [INFO] [L7_raw] registry stream persist done: symbol=BTCUSDT tf=1h groups=248 features=37709 npy_freed=1.06 GiB dtype=mixed
09:33:35 [WARNING] STOCH combo [5, 3, 3] is missing 2 parameter(s); using defaults slowk=3 slowd=3 slowk_matype=0 slowd_matype=0
09:33:35 [WARNING] STOCH combo [8, 3, 3] is missing 2 parameter(s); using defaults slowk=3 slowd=3 slowk_matype=0 slowd_matype=0
09:33:35 [WARNING] STOCH combo [13, 3, 3] is missing 2 parameter(s); using defaults slowk=3 slowd=3 slowk_matype=0 slowd_matype=0
09:33:35 [WARNING] STOCH combo [13, 5, 3] is missing 2 parameter(s); using defaults slowk=5 slowd=3 slowk_matype=0 slowd_matype=0
09:33:35 [WARNING] STOCH combo [21, 3, 3] is missing 2 parameter(s); using defaults slowk=3 slowd=3 slowk_matype=0 slowd_matype=0
09:33:35 [WARNING] STOCH combo [21, 5, 3] is missing 2 parameter(s); using defaults slowk=5 slowd=3 slowk_matype=0 slowd_matype=0
09:33:35 [WARNING] STOCH combo [21, 5, 5] is missing 2 parameter(s); using defaults slowk=5 slowd=5 slowk_matype=0 slowd_matype=0
09:33:35 [WARNING] STOCH combo [34, 5, 3] is missing 2 parameter(s); using defaults slowk=5 slowd=3 slowk_matype=0 slowd_matype=0
09:33:35 [WARNING] STOCH combo [34, 5, 5] is missing 2 parameter(s); using defaults slowk=5 slowd=5 slowk_matype=0 slowd_matype=0
09:33:35 [WARNING] STOCH combo [55, 5, 5] is missing 2 parameter(s); using defaults slowk=5 slowd=5 slowk_matype=0 slowd_matype=0
09:33:35 [WARNING] STOCH combo [55, 8, 5] is missing 2 parameter(s); using defaults slowk=8 slowd=5 slowk_matype=0 slowd_matype=0
09:33:35 [WARNING] STOCH combo [89, 8, 5] is missing 2 parameter(s); using defaults slowk=8 slowd=5 slowk_matype=0 slowd_matype=0
09:33:35 [WARNING] STOCHF combo [5, 3] is missing 1 parameter(s); using defaults fastd_period=3 fastd_matype=0
09:33:35 [WARNING] STOCHF combo [8, 3] is missing 1 parameter(s); using defaults fastd_period=3 fastd_matype=0
09:33:35 [WARNING] STOCHF combo [13, 3] is missing 1 parameter(s); using defaults fastd_period=3 fastd_matype=0
09:33:35 [WARNING] STOCHF combo [21, 3] is missing 1 parameter(s); using defaults fastd_period=3 fastd_matype=0
09:33:35 [WARNING] STOCHF combo [21, 5] is missing 1 parameter(s); using defaults fastd_period=5 fastd_matype=0
09:33:35 [WARNING] STOCHF combo [34, 5] is missing 1 parameter(s); using defaults fastd_period=5 fastd_matype=0
09:33:35 [WARNING] STOCHF combo [55, 5] is missing 1 parameter(s); using defaults fastd_period=5 fastd_matype=0
09:33:35 [WARNING] STOCHF combo [89, 8] is missing 1 parameter(s); using defaults fastd_period=8 fastd_matype=0
09:33:35 [WARNING] STOCHRSI combo [9, 5, 3] is missing 1 parameter(s); using defaults fastk_period=5 fastd_period=3 fastd_matype=0
09:33:35 [WARNING] STOCHRSI combo [14, 5, 3] is missing 1 parameter(s); using defaults fastk_period=5 fastd_period=3 fastd_matype=0
09:33:35 [WARNING] STOCHRSI combo [14, 3, 3] is missing 1 parameter(s); using defaults fastk_period=3 fastd_period=3 fastd_matype=0
09:33:35 [WARNING] STOCHRSI combo [21, 5, 3] is missing 1 parameter(s); using defaults fastk_period=5 fastd_period=3 fastd_matype=0
09:33:35 [WARNING] STOCHRSI combo [21, 8, 5] is missing 1 parameter(s); using defaults fastk_period=8 fastd_period=5 fastd_matype=0
09:33:35 [WARNING] STOCHRSI combo [34, 8, 5] is missing 1 parameter(s); using defaults fastk_period=8 fastd_period=5 fastd_matype=0
09:33:35 [WARNING] STOCHRSI combo [55, 8, 5] is missing 1 parameter(s); using defaults fastk_period=8 fastd_period=5 fastd_matype=0
09:33:35 [WARNING] STOCH combo [5, 3, 3] is missing 2 parameter(s); using defaults slowk=3 slowd=3 slowk_matype=0 slowd_matype=0
09:33:35 [WARNING] STOCH combo [8, 3, 3] is missing 2 parameter(s); using defaults slowk=3 slowd=3 slowk_matype=0 slowd_matype=0
09:33:35 [WARNING] STOCH combo [13, 3, 3] is missing 2 parameter(s); using defaults slowk=3 slowd=3 slowk_matype=0 slowd_matype=0
09:33:35 [WARNING] STOCH combo [13, 5, 3] is missing 2 parameter(s); using defaults slowk=5 slowd=3 slowk_matype=0 slowd_matype=0
09:33:35 [WARNING] STOCH combo [21, 3, 3] is missing 2 parameter(s); using defaults slowk=3 slowd=3 slowk_matype=0 slowd_matype=0
09:33:35 [WARNING] STOCH combo [21, 5, 3] is missing 2 parameter(s); using defaults slowk=5 slowd=3 slowk_matype=0 slowd_matype=0
09:33:35 [WARNING] STOCH combo [21, 5, 5] is missing 2 parameter(s); using defaults slowk=5 slowd=5 slowk_matype=0 slowd_matype=0
09:33:35 [WARNING] STOCH combo [34, 5, 3] is missing 2 parameter(s); using defaults slowk=5 slowd=3 slowk_matype=0 slowd_matype=0
09:33:35 [WARNING] STOCH combo [34, 5, 5] is missing 2 parameter(s); using defaults slowk=5 slowd=5 slowk_matype=0 slowd_matype=0
09:33:35 [WARNING] STOCH combo [55, 5, 5] is missing 2 parameter(s); using defaults slowk=5 slowd=5 slowk_matype=0 slowd_matype=0
09:33:35 [WARNING] STOCH combo [55, 8, 5] is missing 2 parameter(s); using defaults slowk=8 slowd=5 slowk_matype=0 slowd_matype=0
09:33:35 [WARNING] STOCH combo [89, 8, 5] is missing 2 parameter(s); using defaults slowk=8 slowd=5 slowk_matype=0 slowd_matype=0
09:33:35 [WARNING] STOCHF combo [5, 3] is missing 1 parameter(s); using defaults fastd_period=3 fastd_matype=0
09:33:35 [WARNING] STOCHF combo [8, 3] is missing 1 parameter(s); using defaults fastd_period=3 fastd_matype=0
09:33:35 [WARNING] STOCHF combo [13, 3] is missing 1 parameter(s); using defaults fastd_period=3 fastd_matype=0
09:33:35 [WARNING] STOCHF combo [21, 3] is missing 1 parameter(s); using defaults fastd_period=3 fastd_matype=0
09:33:35 [WARNING] STOCHF combo [21, 5] is missing 1 parameter(s); using defaults fastd_period=5 fastd_matype=0
09:33:35 [WARNING] STOCHF combo [34, 5] is missing 1 parameter(s); using defaults fastd_period=5 fastd_matype=0
09:33:35 [WARNING] STOCHF combo [55, 5] is missing 1 parameter(s); using defaults fastd_period=5 fastd_matype=0
09:33:35 [WARNING] STOCHF combo [89, 8] is missing 1 parameter(s); using defaults fastd_period=8 fastd_matype=0
09:33:35 [WARNING] STOCHRSI combo [9, 5, 3] is missing 1 parameter(s); using defaults fastk_period=5 fastd_period=3 fastd_matype=0
09:33:35 [WARNING] STOCHRSI combo [14, 5, 3] is missing 1 parameter(s); using defaults fastk_period=5 fastd_period=3 fastd_matype=0
09:33:35 [WARNING] STOCHRSI combo [14, 3, 3] is missing 1 parameter(s); using defaults fastk_period=3 fastd_period=3 fastd_matype=0
09:33:35 [WARNING] STOCHRSI combo [21, 5, 3] is missing 1 parameter(s); using defaults fastk_period=5 fastd_period=3 fastd_matype=0
09:33:35 [WARNING] STOCHRSI combo [21, 8, 5] is missing 1 parameter(s); using defaults fastk_period=8 fastd_period=5 fastd_matype=0
09:33:35 [WARNING] STOCHRSI combo [34, 8, 5] is missing 1 parameter(s); using defaults fastk_period=8 fastd_period=5 fastd_matype=0
09:33:35 [WARNING] STOCHRSI combo [55, 8, 5] is missing 1 parameter(s); using defaults fastk_period=8 fastd_period=5 fastd_matype=0
09:33:35 [INFO] Fetching spot data: BTCUSDT/1h
09:33:35 [INFO] Read 20352 klines from BTCUSDT/1h in 0.007s
09:33:35 [INFO] Aligned data for BTCUSDT/1h: 20352 rows, 5 columns
09:33:35 [INFO] Loaded feature registry with 1 entries
09:33:35 [INFO] [Layer 1] 0% - Starting Layer 1...
09:33:35 [INFO] Layer 1 starting, rss=1258MB
09:33:35 [WARNING] STOCH combo [5, 3, 3] is missing 2 parameter(s); using defaults slowk=3 slowd=3 slowk_matype=0 slowd_matype=0
09:33:35 [WARNING] STOCH combo [8, 3, 3] is missing 2 parameter(s); using defaults slowk=3 slowd=3 slowk_matype=0 slowd_matype=0
09:33:35 [WARNING] STOCH combo [13, 3, 3] is missing 2 parameter(s); using defaults slowk=3 slowd=3 slowk_matype=0 slowd_matype=0
09:33:35 [WARNING] STOCH combo [13, 5, 3] is missing 2 parameter(s); using defaults slowk=5 slowd=3 slowk_matype=0 slowd_matype=0
09:33:35 [WARNING] STOCH combo [21, 3, 3] is missing 2 parameter(s); using defaults slowk=3 slowd=3 slowk_matype=0 slowd_matype=0
09:33:35 [WARNING] STOCH combo [21, 5, 3] is missing 2 parameter(s); using defaults slowk=5 slowd=3 slowk_matype=0 slowd_matype=0
09:33:35 [WARNING] STOCH combo [21, 5, 5] is missing 2 parameter(s); using defaults slowk=5 slowd=5 slowk_matype=0 slowd_matype=0
09:33:35 [WARNING] STOCH combo [34, 5, 3] is missing 2 parameter(s); using defaults slowk=5 slowd=3 slowk_matype=0 slowd_matype=0
09:33:35 [WARNING] STOCH combo [34, 5, 5] is missing 2 parameter(s); using defaults slowk=5 slowd=5 slowk_matype=0 slowd_matype=0
09:33:35 [WARNING] STOCH combo [55, 5, 5] is missing 2 parameter(s); using defaults slowk=5 slowd=5 slowk_matype=0 slowd_matype=0
09:33:35 [WARNING] STOCH combo [55, 8, 5] is missing 2 parameter(s); using defaults slowk=8 slowd=5 slowk_matype=0 slowd_matype=0
09:33:35 [WARNING] STOCH combo [89, 8, 5] is missing 2 parameter(s); using defaults slowk=8 slowd=5 slowk_matype=0 slowd_matype=0
09:33:35 [WARNING] STOCHF combo [5, 3] is missing 1 parameter(s); using defaults fastd_period=3 fastd_matype=0
09:33:35 [WARNING] STOCHF combo [8, 3] is missing 1 parameter(s); using defaults fastd_period=3 fastd_matype=0
09:33:35 [WARNING] STOCHF combo [13, 3] is missing 1 parameter(s); using defaults fastd_period=3 fastd_matype=0
09:33:35 [WARNING] STOCHF combo [21, 3] is missing 1 parameter(s); using defaults fastd_period=3 fastd_matype=0
09:33:35 [WARNING] STOCHF combo [21, 5] is missing 1 parameter(s); using defaults fastd_period=5 fastd_matype=0
09:33:35 [WARNING] STOCHF combo [34, 5] is missing 1 parameter(s); using defaults fastd_period=5 fastd_matype=0
09:33:35 [WARNING] STOCHF combo [55, 5] is missing 1 parameter(s); using defaults fastd_period=5 fastd_matype=0
09:33:35 [WARNING] STOCHF combo [89, 8] is missing 1 parameter(s); using defaults fastd_period=8 fastd_matype=0
09:33:35 [WARNING] STOCHRSI combo [9, 5, 3] is missing 1 parameter(s); using defaults fastk_period=5 fastd_period=3 fastd_matype=0
09:33:35 [WARNING] STOCHRSI combo [14, 5, 3] is missing 1 parameter(s); using defaults fastk_period=5 fastd_period=3 fastd_matype=0
09:33:35 [WARNING] STOCHRSI combo [14, 3, 3] is missing 1 parameter(s); using defaults fastk_period=3 fastd_period=3 fastd_matype=0
09:33:35 [WARNING] STOCHRSI combo [21, 5, 3] is missing 1 parameter(s); using defaults fastk_period=5 fastd_period=3 fastd_matype=0
09:33:35 [WARNING] STOCHRSI combo [21, 8, 5] is missing 1 parameter(s); using defaults fastk_period=8 fastd_period=5 fastd_matype=0
09:33:35 [WARNING] STOCHRSI combo [34, 8, 5] is missing 1 parameter(s); using defaults fastk_period=8 fastd_period=5 fastd_matype=0
09:33:35 [WARNING] STOCHRSI combo [55, 8, 5] is missing 1 parameter(s); using defaults fastk_period=8 fastd_period=5 fastd_matype=0
09:33:35 [INFO] [Layer 1] 100% - Layer 1 completed: 898 features
09:33:35 [INFO] Layer 1 done: 898 cols, status=ok, rss=1327MB
09:33:35 [INFO] [Layer 2] 0% - Starting Layer 2...
09:33:35 [INFO] Layer 2 starting, rss=1327MB
09:33:35 [INFO] [L2] Starting derived features: 898 L1 cols
09:33:35 [WARNING] STOCH combo [5, 3, 3] is missing 2 parameter(s); using defaults slowk=3 slowd=3 slowk_matype=0 slowd_matype=0
09:33:35 [WARNING] STOCH combo [8, 3, 3] is missing 2 parameter(s); using defaults slowk=3 slowd=3 slowk_matype=0 slowd_matype=0
09:33:35 [WARNING] STOCH combo [13, 3, 3] is missing 2 parameter(s); using defaults slowk=3 slowd=3 slowk_matype=0 slowd_matype=0
09:33:35 [WARNING] STOCH combo [13, 5, 3] is missing 2 parameter(s); using defaults slowk=5 slowd=3 slowk_matype=0 slowd_matype=0
09:33:35 [WARNING] STOCH combo [21, 3, 3] is missing 2 parameter(s); using defaults slowk=3 slowd=3 slowk_matype=0 slowd_matype=0
09:33:35 [WARNING] STOCH combo [21, 5, 3] is missing 2 parameter(s); using defaults slowk=5 slowd=3 slowk_matype=0 slowd_matype=0
09:33:35 [WARNING] STOCH combo [21, 5, 5] is missing 2 parameter(s); using defaults slowk=5 slowd=5 slowk_matype=0 slowd_matype=0
09:33:35 [WARNING] STOCH combo [34, 5, 3] is missing 2 parameter(s); using defaults slowk=5 slowd=3 slowk_matype=0 slowd_matype=0
09:33:35 [WARNING] STOCH combo [34, 5, 5] is missing 2 parameter(s); using defaults slowk=5 slowd=5 slowk_matype=0 slowd_matype=0
09:33:35 [WARNING] STOCH combo [55, 5, 5] is missing 2 parameter(s); using defaults slowk=5 slowd=5 slowk_matype=0 slowd_matype=0
09:33:35 [WARNING] STOCH combo [55, 8, 5] is missing 2 parameter(s); using defaults slowk=8 slowd=5 slowk_matype=0 slowd_matype=0
09:33:35 [WARNING] STOCH combo [89, 8, 5] is missing 2 parameter(s); using defaults slowk=8 slowd=5 slowk_matype=0 slowd_matype=0
09:33:35 [WARNING] STOCHF combo [5, 3] is missing 1 parameter(s); using defaults fastd_period=3 fastd_matype=0
09:33:35 [WARNING] STOCHF combo [8, 3] is missing 1 parameter(s); using defaults fastd_period=3 fastd_matype=0
09:33:35 [WARNING] STOCHF combo [13, 3] is missing 1 parameter(s); using defaults fastd_period=3 fastd_matype=0
09:33:35 [WARNING] STOCHF combo [21, 3] is missing 1 parameter(s); using defaults fastd_period=3 fastd_matype=0
09:33:35 [WARNING] STOCHF combo [21, 5] is missing 1 parameter(s); using defaults fastd_period=5 fastd_matype=0
09:33:35 [WARNING] STOCHF combo [34, 5] is missing 1 parameter(s); using defaults fastd_period=5 fastd_matype=0
09:33:35 [WARNING] STOCHF combo [55, 5] is missing 1 parameter(s); using defaults fastd_period=5 fastd_matype=0
09:33:35 [WARNING] STOCHF combo [89, 8] is missing 1 parameter(s); using defaults fastd_period=8 fastd_matype=0
09:33:35 [WARNING] STOCHRSI combo [9, 5, 3] is missing 1 parameter(s); using defaults fastk_period=5 fastd_period=3 fastd_matype=0
09:33:35 [WARNING] STOCHRSI combo [14, 5, 3] is missing 1 parameter(s); using defaults fastk_period=5 fastd_period=3 fastd_matype=0
09:33:35 [WARNING] STOCHRSI combo [14, 3, 3] is missing 1 parameter(s); using defaults fastk_period=3 fastd_period=3 fastd_matype=0
09:33:35 [WARNING] STOCHRSI combo [21, 5, 3] is missing 1 parameter(s); using defaults fastk_period=5 fastd_period=3 fastd_matype=0
09:33:35 [WARNING] STOCHRSI combo [21, 8, 5] is missing 1 parameter(s); using defaults fastk_period=8 fastd_period=5 fastd_matype=0
09:33:35 [WARNING] STOCHRSI combo [34, 8, 5] is missing 1 parameter(s); using defaults fastk_period=8 fastd_period=5 fastd_matype=0
09:33:35 [WARNING] STOCHRSI combo [55, 8, 5] is missing 1 parameter(s); using defaults fastk_period=8 fastd_period=5 fastd_matype=0
09:33:39 [INFO] [L2] Completed: 11621 cols in 4.00s
09:33:40 [INFO] [Layer 2] 100% - Layer 2 completed: 11621 features
09:33:40 [INFO] Layer 2 done: 11621 cols, status=ok, rss=1946MB
09:33:40 [INFO] [Layer 3] 0% - Starting Layer 3...
09:33:40 [INFO] Layer 3 starting, rss=1946MB
09:33:43 [INFO] [L3 streaming][numba][multi] step 10/20 (W5_range): 898→898 cols (-0 dead)
09:33:43 [INFO] [L3 streaming][numba][multi] step 20/20 (W13_range): 898→898 cols (-0 dead)
09:33:43 [INFO] [L3 streaming][numba][multi] complete: 17960 total generated, 0 dead dropped, 17960 survivors
09:33:43 [INFO] [Layer 3] 100% - Layer 3 completed: 17960 features
09:33:43 [INFO] Layer 3 done: 17960 cols, status=ok, rss=2511MB
09:33:43 [INFO] [Layer 4] 0% - Starting Layer 4...
09:33:43 [INFO] Layer 4 starting, rss=2511MB
09:33:44 [INFO] [Layer 4] 100% - Layer 4 completed: 7224 features
09:33:44 [INFO] Layer 4 done: 7224 cols, status=ok, rss=1581MB
09:33:44 [INFO] [Layer 5] 0% - Starting Layer 5...
09:33:44 [INFO] Layer 5 starting, rss=1581MB
09:33:44 [INFO] [Layer 5] 100% - Layer 5 completed: 0 features
09:33:44 [INFO] Layer 5 done: 0 cols, status=empty_disabled, rss=1581MB
09:33:44 [INFO] [Layer 6] 0% - Starting Layer 6...
09:33:44 [INFO] Layer 6 starting, rss=1581MB
09:33:44 [INFO] [Layer 6] 100% - Layer 6 completed: 10 features
09:33:44 [INFO] Layer 6 done: 10 cols, status=ok, rss=1582MB
09:33:44 [INFO] [memmap concat] 5 DFs → 37713 cols × 4811 rows ≈ 0.73 GB → disk-backed
09:33:44 [INFO] [memmap] created: shape=(4811, 37713), dtype=<class 'numpy.float32'>, est=0.73 GB  (file auto-unlinked)
09:33:44 [INFO] [memmap concat] copying DF 1/5 (898 cols)
09:33:44 [INFO] [memmap concat] copying DF 2/5 (11621 cols)
09:33:45 [INFO] [memmap concat] copying DF 3/5 (17960 cols)
09:33:46 [INFO] [memmap concat] copying DF 4/5 (7224 cols)
09:33:46 [INFO] [memmap concat] copying DF 5/5 (10 cols)
09:35:14 [INFO] [CGSA] Initialized ColumnGroupRegistry at /private/var/folders/_c/3xdf41hd3tvgxpx63mrml2c00000gn/T/pytest-of-louis/pytest-9/test_small_mutation_numba_roll0/cgsa_work (tier=8gb, buffer_groups=0)
09:35:14 [INFO] Fetching spot data: BTCUSDT/1h
09:35:14 [INFO] Read 20352 klines from BTCUSDT/1h in 0.082s
09:35:14 [INFO] Aligned data for BTCUSDT/1h: 20352 rows, 5 columns
09:35:14 [INFO] [Layer 1] 0% - Starting Layer 1...
09:35:14 [INFO] Layer 1 starting, rss=2433MB
09:35:14 [WARNING] STOCH combo [5, 3, 3] is missing 2 parameter(s); using defaults slowk=3 slowd=3 slowk_matype=0 slowd_matype=0
09:35:14 [WARNING] STOCH combo [8, 3, 3] is missing 2 parameter(s); using defaults slowk=3 slowd=3 slowk_matype=0 slowd_matype=0
09:35:14 [WARNING] STOCH combo [13, 3, 3] is missing 2 parameter(s); using defaults slowk=3 slowd=3 slowk_matype=0 slowd_matype=0
09:35:14 [WARNING] STOCH combo [13, 5, 3] is missing 2 parameter(s); using defaults slowk=5 slowd=3 slowk_matype=0 slowd_matype=0
09:35:14 [WARNING] STOCH combo [21, 3, 3] is missing 2 parameter(s); using defaults slowk=3 slowd=3 slowk_matype=0 slowd_matype=0
09:35:14 [WARNING] STOCH combo [21, 5, 3] is missing 2 parameter(s); using defaults slowk=5 slowd=3 slowk_matype=0 slowd_matype=0
09:35:14 [WARNING] STOCH combo [21, 5, 5] is missing 2 parameter(s); using defaults slowk=5 slowd=5 slowk_matype=0 slowd_matype=0
09:35:14 [WARNING] STOCH combo [34, 5, 3] is missing 2 parameter(s); using defaults slowk=5 slowd=3 slowk_matype=0 slowd_matype=0
09:35:14 [WARNING] STOCH combo [34, 5, 5] is missing 2 parameter(s); using defaults slowk=5 slowd=5 slowk_matype=0 slowd_matype=0
09:35:14 [WARNING] STOCH combo [55, 5, 5] is missing 2 parameter(s); using defaults slowk=5 slowd=5 slowk_matype=0 slowd_matype=0
09:35:14 [WARNING] STOCH combo [55, 8, 5] is missing 2 parameter(s); using defaults slowk=8 slowd=5 slowk_matype=0 slowd_matype=0
09:35:14 [WARNING] STOCH combo [89, 8, 5] is missing 2 parameter(s); using defaults slowk=8 slowd=5 slowk_matype=0 slowd_matype=0
09:35:14 [WARNING] STOCHF combo [5, 3] is missing 1 parameter(s); using defaults fastd_period=3 fastd_matype=0
09:35:14 [WARNING] STOCHF combo [8, 3] is missing 1 parameter(s); using defaults fastd_period=3 fastd_matype=0
09:35:14 [WARNING] STOCHF combo [13, 3] is missing 1 parameter(s); using defaults fastd_period=3 fastd_matype=0
09:35:14 [WARNING] STOCHF combo [21, 3] is missing 1 parameter(s); using defaults fastd_period=3 fastd_matype=0
09:35:14 [WARNING] STOCHF combo [21, 5] is missing 1 parameter(s); using defaults fastd_period=5 fastd_matype=0
09:35:14 [WARNING] STOCHF combo [34, 5] is missing 1 parameter(s); using defaults fastd_period=5 fastd_matype=0
09:35:14 [WARNING] STOCHF combo [55, 5] is missing 1 parameter(s); using defaults fastd_period=5 fastd_matype=0
09:35:14 [WARNING] STOCHF combo [89, 8] is missing 1 parameter(s); using defaults fastd_period=8 fastd_matype=0
09:35:14 [WARNING] STOCHRSI combo [9, 5, 3] is missing 1 parameter(s); using defaults fastk_period=5 fastd_period=3 fastd_matype=0
09:35:14 [WARNING] STOCHRSI combo [14, 5, 3] is missing 1 parameter(s); using defaults fastk_period=5 fastd_period=3 fastd_matype=0
09:35:14 [WARNING] STOCHRSI combo [14, 3, 3] is missing 1 parameter(s); using defaults fastk_period=3 fastd_period=3 fastd_matype=0
09:35:14 [WARNING] STOCHRSI combo [21, 5, 3] is missing 1 parameter(s); using defaults fastk_period=5 fastd_period=3 fastd_matype=0
09:35:14 [WARNING] STOCHRSI combo [21, 8, 5] is missing 1 parameter(s); using defaults fastk_period=8 fastd_period=5 fastd_matype=0
09:35:14 [WARNING] STOCHRSI combo [34, 8, 5] is missing 1 parameter(s); using defaults fastk_period=8 fastd_period=5 fastd_matype=0
09:35:14 [WARNING] STOCHRSI combo [55, 8, 5] is missing 1 parameter(s); using defaults fastk_period=8 fastd_period=5 fastd_matype=0
09:35:15 [INFO] [Layer 1] 100% - Layer 1 completed: 898 features
09:35:15 [INFO] Layer 1 done: 898 cols, status=ok, rss=1975MB
09:35:15 [INFO] [Layer 2] 0% - Starting Layer 2...
09:35:15 [INFO] Layer 2 starting, rss=1973MB
09:35:15 [INFO] [L2] Starting derived features: 898 L1 cols
09:35:15 [WARNING] STOCH combo [5, 3, 3] is missing 2 parameter(s); using defaults slowk=3 slowd=3 slowk_matype=0 slowd_matype=0
09:35:15 [WARNING] STOCH combo [8, 3, 3] is missing 2 parameter(s); using defaults slowk=3 slowd=3 slowk_matype=0 slowd_matype=0
09:35:15 [WARNING] STOCH combo [13, 3, 3] is missing 2 parameter(s); using defaults slowk=3 slowd=3 slowk_matype=0 slowd_matype=0
09:35:15 [WARNING] STOCH combo [13, 5, 3] is missing 2 parameter(s); using defaults slowk=5 slowd=3 slowk_matype=0 slowd_matype=0
09:35:15 [WARNING] STOCH combo [21, 3, 3] is missing 2 parameter(s); using defaults slowk=3 slowd=3 slowk_matype=0 slowd_matype=0
09:35:15 [WARNING] STOCH combo [21, 5, 3] is missing 2 parameter(s); using defaults slowk=5 slowd=3 slowk_matype=0 slowd_matype=0
09:35:15 [WARNING] STOCH combo [21, 5, 5] is missing 2 parameter(s); using defaults slowk=5 slowd=5 slowk_matype=0 slowd_matype=0
09:35:15 [WARNING] STOCH combo [34, 5, 3] is missing 2 parameter(s); using defaults slowk=5 slowd=3 slowk_matype=0 slowd_matype=0
09:35:15 [WARNING] STOCH combo [34, 5, 5] is missing 2 parameter(s); using defaults slowk=5 slowd=5 slowk_matype=0 slowd_matype=0
09:35:15 [WARNING] STOCH combo [55, 5, 5] is missing 2 parameter(s); using defaults slowk=5 slowd=5 slowk_matype=0 slowd_matype=0
09:35:15 [WARNING] STOCH combo [55, 8, 5] is missing 2 parameter(s); using defaults slowk=8 slowd=5 slowk_matype=0 slowd_matype=0
09:35:15 [WARNING] STOCH combo [89, 8, 5] is missing 2 parameter(s); using defaults slowk=8 slowd=5 slowk_matype=0 slowd_matype=0
09:35:15 [WARNING] STOCHF combo [5, 3] is missing 1 parameter(s); using defaults fastd_period=3 fastd_matype=0
09:35:15 [WARNING] STOCHF combo [8, 3] is missing 1 parameter(s); using defaults fastd_period=3 fastd_matype=0
09:35:15 [WARNING] STOCHF combo [13, 3] is missing 1 parameter(s); using defaults fastd_period=3 fastd_matype=0
09:35:15 [WARNING] STOCHF combo [21, 3] is missing 1 parameter(s); using defaults fastd_period=3 fastd_matype=0
09:35:15 [WARNING] STOCHF combo [21, 5] is missing 1 parameter(s); using defaults fastd_period=5 fastd_matype=0
09:35:15 [WARNING] STOCHF combo [34, 5] is missing 1 parameter(s); using defaults fastd_period=5 fastd_matype=0
09:35:15 [WARNING] STOCHF combo [55, 5] is missing 1 parameter(s); using defaults fastd_period=5 fastd_matype=0
09:35:15 [WARNING] STOCHF combo [89, 8] is missing 1 parameter(s); using defaults fastd_period=8 fastd_matype=0
09:35:15 [WARNING] STOCHRSI combo [9, 5, 3] is missing 1 parameter(s); using defaults fastk_period=5 fastd_period=3 fastd_matype=0
09:35:15 [WARNING] STOCHRSI combo [14, 5, 3] is missing 1 parameter(s); using defaults fastk_period=5 fastd_period=3 fastd_matype=0
09:35:15 [WARNING] STOCHRSI combo [14, 3, 3] is missing 1 parameter(s); using defaults fastk_period=3 fastd_period=3 fastd_matype=0
09:35:15 [WARNING] STOCHRSI combo [21, 5, 3] is missing 1 parameter(s); using defaults fastk_period=5 fastd_period=3 fastd_matype=0
09:35:15 [WARNING] STOCHRSI combo [21, 8, 5] is missing 1 parameter(s); using defaults fastk_period=8 fastd_period=5 fastd_matype=0
09:35:15 [WARNING] STOCHRSI combo [34, 8, 5] is missing 1 parameter(s); using defaults fastk_period=8 fastd_period=5 fastd_matype=0
09:35:15 [WARNING] STOCHRSI combo [55, 8, 5] is missing 1 parameter(s); using defaults fastk_period=8 fastd_period=5 fastd_matype=0
09:35:44 [INFO] [CGSA] L2 persisted group=1h_L2_Momentum shards=3 total_bytes=257.1 MiB
09:35:44 [INFO] [L2] Completed: 11621 cols in 28.13s
09:35:45 [INFO] [Layer 2] 100% - Layer 2 completed: 11621 features
09:35:45 [INFO] Layer 2 done: 11621 cols, status=ok, rss=975MB
09:35:45 [INFO] [memmap] created: shape=(7504, 11621), dtype=<class 'numpy.float32'>, est=0.35 GB  (file auto-unlinked)
09:35:45 [INFO] [spill] layer2: 7504×11621 → float32 memmap in 0.5s (freed ~0.7 GB float64)
09:35:45 [INFO] [Layer 3] 0% - Starting Layer 3...
09:35:45 [INFO] Layer 3 starting, rss=1637MB
09:35:49 [INFO] [L3 streaming][numba][multi][persist] step 10/20 (W5_range): 898→898 cols (-0 dead)
09:35:49 [INFO] [L3 streaming][numba][multi][persist] step 20/20 (W13_range): 898→898 cols (-0 dead)
09:35:49 [INFO] [L3 streaming][numba][multi][persist] complete: 17960 generated, 4 dropped, 17956 survivors persisted via callback
09:35:52 [INFO] [L3] streaming persist (mode=streaming) complete: 17956 cols persisted in 20 groups
09:35:52 [INFO] [Layer 3] 100% - Layer 3 completed: 0 features
09:35:52 [INFO] Layer 3 done: 0 cols, status=offloaded_to_registry, rss=2178MB
09:35:52 [INFO] [Layer 4] 0% - Starting Layer 4...
09:35:52 [INFO] Layer 4 starting, rss=2178MB
09:35:52 [INFO] [Layer 4] 100% - Layer 4 completed: 7224 features
09:35:52 [INFO] Layer 4 done: 7224 cols, status=ok, rss=1781MB
09:35:52 [INFO] [Layer 5] 0% - Starting Layer 5...
09:35:52 [INFO] Layer 5 starting, rss=1781MB
09:35:52 [INFO] [Layer 5] 100% - Layer 5 completed: 0 features
09:35:52 [INFO] Layer 5 done: 0 cols, status=empty_disabled, rss=1781MB
09:35:52 [INFO] [Layer 6] 0% - Starting Layer 6...
09:35:52 [INFO] Layer 6 starting, rss=1781MB
09:35:52 [INFO] [Layer 6] 100% - Layer 6 completed: 10 features
09:35:52 [INFO] Layer 6 done: 10 cols, status=ok, rss=1783MB
09:35:52 [INFO] [CGSA] Disk pre-check OK: layer=L4_lag symbol=BTCUSDT tf=1h need=2.39 GiB (planned_new=0.20 GiB, max_inflight_tmp×2=0.19 GiB, reserve=2.00 GiB) free=34.01 GiB shape=(7504, 7224)
09:35:52 [INFO] [CGSA] L4_lag persisted group=1h_L4_lag_1 shards=2 total_bytes=143.1 MiB
09:35:52 [INFO] [CGSA] Persisted L4_lag: 7224 cols → 2 groups (tf=1h)
09:35:52 [INFO] [CGSA] Disk pre-check OK: layer=L6_meta symbol=BTCUSDT tf=1h need=2.00 GiB (planned_new=0.00 GiB, max_inflight_tmp×2=0.00 GiB, reserve=2.00 GiB) free=33.81 GiB shape=(7504, 10)
09:35:52 [INFO] [CGSA] Persisted L6_meta: 10 cols → 1 groups (tf=1h)
09:35:55 [INFO] [L7][CGSA] Quality summary: inf_count=0, coverage=0.9512, non_nan=269169713/282968336
09:35:56 [INFO] [L7_raw] Disk pre-check OK: required=2.00 GiB (safety x1.50), estimated_final=0.53 GiB, reclaimable_npy=1.05 GiB, net_growth=0.00 GiB, max_inflight_part=0.14 GiB, largest_part_source=1h_L2_Momentum, reserve_floor=2.00 GiB, free=33.81 GiB, groups=241
09:35:56 [INFO] [L6.5] raw-sink path uses serial group streaming for disk safety (requested_workers=2)
09:35:56 [INFO] [L6.5] Registry raw-sink config: groups=241 requested_workers=2 effective_workers=1 mode=append use_fast=False can_use_numba_fast=False winsor=True rank=False zscore=False fracdiff=False fracdiff_apply_to=non_stationary fracdiff_layers=['L1', 'L2'] adf=False gaussian=False
09:35:56 [INFO] [L6.5] Raw-sink start: 238 full groups (fast=0, slow=238) + 3 big-group splits → 248 sub-tasks (requested_workers=2, effective_workers=1, split_threshold=2000, slow_chunked=3, max_group_cols=8980, schedule=largest_first, rss=575MB)
09:35:56 [INFO] [L6.5] raw-sink chunk stream start: group=1h_L2_Momentum cols=8980 chunks=5 chunk_size=2000 rss=761MB
09:36:19 [INFO] [L6.5] raw-sink chunk stream complete: group=1h_L2_Momentum chunks=5 outputs=5 rss=1918MB
09:36:19 [INFO] [L6.5] raw-sink chunk stream start: group=1h_L4_lag_1 cols=5000 chunks=3 chunk_size=2000 rss=1817MB
09:36:33 [INFO] [L6.5] raw-sink chunk stream complete: group=1h_L4_lag_1 chunks=3 outputs=3 rss=1289MB
09:36:33 [INFO] [L6.5] raw-sink heartbeat: tasks 8/248 (3.2%), groups 2/241, elapsed=37.3s, rate=0.21/s, ETA=1118s, rss=1289MB, last=1h_L4_lag_1 (slow-chunked, parts=3)
09:36:33 [INFO] [L6.5] raw-sink chunk stream start: group=1h_L4_lag_2 cols=2224 chunks=2 chunk_size=2000 rss=1289MB
09:36:39 [INFO] [L6.5] raw-sink chunk stream complete: group=1h_L4_lag_2 chunks=2 outputs=2 rss=1422MB
09:37:04 [INFO] [L6.5] raw-sink heartbeat: tasks 20/248 (8.1%), groups 13/241, elapsed=68.0s, rate=0.29/s, ETA=775s, rss=1612MB, last=1h_L3_rolling_W13_Std_1 (full)
09:37:32 [INFO] [L6.5] raw-sink heartbeat: tasks 32/248 (12.9%), groups 25/241, elapsed=96.7s, rate=0.33/s, ETA=653s, rss=583MB, last=1h_L3_rolling_W5_ZScore_1 (full)
09:37:35 [INFO] [L6.5] raw-sink heartbeat: tasks 44/248 (17.7%), groups 37/241, elapsed=99.4s, rate=0.44/s, ETA=461s, rss=552MB, last=1h_L1_momentum_TRIX (full)
09:37:37 [INFO] [L6.5] raw-sink heartbeat: tasks 56/248 (22.6%), groups 49/241, elapsed=101.0s, rate=0.55/s, ETA=346s, rss=405MB, last=1h_L1_trend_BBANDS-Upper (full)
09:37:38 [INFO] [L6.5] raw-sink heartbeat: tasks 68/248 (27.4%), groups 61/241, elapsed=102.3s, rate=0.66/s, ETA=271s, rss=405MB, last=1h_L1_momentum_DX (full)
09:37:39 [INFO] [L6.5] raw-sink heartbeat: tasks 80/248 (32.3%), groups 73/241, elapsed=103.5s, rate=0.77/s, ETA=217s, rss=405MB, last=1h_L1_momentum_APO_34-144-0 (full)
09:37:40 [INFO] [L6.5] raw-sink heartbeat: tasks 92/248 (37.1%), groups 85/241, elapsed=104.6s, rate=0.88/s, ETA=177s, rss=406MB, last=1h_L1_momentum_MACD-Hist_21-89-13 (full)
09:37:41 [INFO] [L6.5] raw-sink heartbeat: tasks 104/248 (41.9%), groups 97/241, elapsed=105.6s, rate=0.98/s, ETA=146s, rss=406MB, last=1h_L1_momentum_MACD-Line_21-55-9 (full)
09:37:42 [INFO] [L6.5] raw-sink heartbeat: tasks 116/248 (46.8%), groups 109/241, elapsed=106.7s, rate=1.09/s, ETA=121s, rss=406MB, last=1h_L1_momentum_MACD-Signal_13-55-13 (full)
09:37:43 [INFO] [L6.5] raw-sink heartbeat: tasks 128/248 (51.6%), groups 121/241, elapsed=107.8s, rate=1.19/s, ETA=101s, rss=406MB, last=1h_L1_momentum_MACDEXT-Hist_13-34-9 (full)
09:37:45 [INFO] [L6.5] raw-sink heartbeat: tasks 140/248 (56.5%), groups 133/241, elapsed=108.9s, rate=1.29/s, ETA=84s, rss=406MB, last=1h_L1_momentum_MACDEXT-Line_12-26-9 (full)
09:37:46 [INFO] [L6.5] raw-sink heartbeat: tasks 152/248 (61.3%), groups 145/241, elapsed=109.9s, rate=1.38/s, ETA=69s, rss=406MB, last=1h_L1_momentum_MACDEXT-Line_8-34-9 (full)
09:37:47 [INFO] [L6.5] raw-sink heartbeat: tasks 164/248 (66.1%), groups 157/241, elapsed=111.0s, rate=1.48/s, ETA=57s, rss=406MB, last=1h_L1_momentum_MACDEXT-Signal_8-21-5 (full)
09:37:48 [INFO] [L6.5] raw-sink heartbeat: tasks 176/248 (71.0%), groups 169/241, elapsed=112.1s, rate=1.57/s, ETA=46s, rss=406MB, last=1h_L1_momentum_PPO_55-233-0 (full)
09:37:49 [INFO] [L6.5] raw-sink heartbeat: tasks 188/248 (75.8%), groups 181/241, elapsed=113.2s, rate=1.66/s, ETA=36s, rss=406MB, last=1h_L1_momentum_STOCHRSI-fastk_21-5-3-0 (full)
09:37:50 [INFO] [L6.5] raw-sink heartbeat: tasks 200/248 (80.6%), groups 193/241, elapsed=114.3s, rate=1.75/s, ETA=27s, rss=407MB, last=1h_L1_momentum_STOCH-slowd_21-5-0-3-0 (full)
09:37:51 [INFO] [L6.5] raw-sink heartbeat: tasks 212/248 (85.5%), groups 205/241, elapsed=115.3s, rate=1.84/s, ETA=20s, rss=407MB, last=1h_L1_momentum_STOCH-slowk_21-5-0-3-0 (full)
09:37:52 [INFO] [L6.5] raw-sink heartbeat: tasks 224/248 (90.3%), groups 217/241, elapsed=116.3s, rate=1.93/s, ETA=12s, rss=407MB, last=1h_L1_momentum_STOCHF-fastd_34-5-0 (full)
09:37:53 [INFO] [L6.5] raw-sink heartbeat: tasks 236/248 (95.2%), groups 229/241, elapsed=117.4s, rate=2.01/s, ETA=6s, rss=407MB, last=1h_L1_momentum_STOCHF-fastk_89-8-0 (full)
09:37:54 [INFO] [L6.5] raw-sink heartbeat: tasks 248/248 (100.0%), groups 241/241, elapsed=118.4s, rate=2.09/s, ETA=0s, rss=407MB, last=1h_L1_trend_SAR_0.02-0.2 (full)
09:37:54 [INFO] [L6.5] raw-sink complete: 241/241 groups in 118.56s rss=407MB
09:37:54 [INFO] [Layer B Sanitize][CGSA] nulled 448729 non-finite/over-cap values (finite_cap=1e+18) across all streamed features
09:37:55 [INFO] [L7_raw] registry stream persist done: symbol=BTCUSDT tf=1h groups=248 features=37709 npy_freed=1.05 GiB dtype=mixed
09:37:55 [INFO] Loaded feature registry with 1 entries
FAILED                                                                   [ 33%]
tests/feature_engineering/test_ff_fullchain_truncation_small_mr.py::test_small_mutation_causal_winsor_full_fit_fails 
-------------------------------- live log call ---------------------------------
09:38:07 [INFO] KlineStorageManager initialized: data_cache/feature_klines/kline_cache.h5
09:38:07 [INFO] Registered adapter: crypto_spot
09:38:07 [WARNING] STOCH combo [5, 3, 3] is missing 2 parameter(s); using defaults slowk=3 slowd=3 slowk_matype=0 slowd_matype=0
09:38:07 [WARNING] STOCH combo [8, 3, 3] is missing 2 parameter(s); using defaults slowk=3 slowd=3 slowk_matype=0 slowd_matype=0
09:38:07 [WARNING] STOCH combo [13, 3, 3] is missing 2 parameter(s); using defaults slowk=3 slowd=3 slowk_matype=0 slowd_matype=0
09:38:07 [WARNING] STOCH combo [13, 5, 3] is missing 2 parameter(s); using defaults slowk=5 slowd=3 slowk_matype=0 slowd_matype=0
09:38:07 [WARNING] STOCH combo [21, 3, 3] is missing 2 parameter(s); using defaults slowk=3 slowd=3 slowk_matype=0 slowd_matype=0
09:38:07 [WARNING] STOCH combo [21, 5, 3] is missing 2 parameter(s); using defaults slowk=5 slowd=3 slowk_matype=0 slowd_matype=0
09:38:07 [WARNING] STOCH combo [21, 5, 5] is missing 2 parameter(s); using defaults slowk=5 slowd=5 slowk_matype=0 slowd_matype=0
09:38:07 [WARNING] STOCH combo [34, 5, 3] is missing 2 parameter(s); using defaults slowk=5 slowd=3 slowk_matype=0 slowd_matype=0
09:38:07 [WARNING] STOCH combo [34, 5, 5] is missing 2 parameter(s); using defaults slowk=5 slowd=5 slowk_matype=0 slowd_matype=0
09:38:07 [WARNING] STOCH combo [55, 5, 5] is missing 2 parameter(s); using defaults slowk=5 slowd=5 slowk_matype=0 slowd_matype=0
09:38:07 [WARNING] STOCH combo [55, 8, 5] is missing 2 parameter(s); using defaults slowk=8 slowd=5 slowk_matype=0 slowd_matype=0
09:38:07 [WARNING] STOCH combo [89, 8, 5] is missing 2 parameter(s); using defaults slowk=8 slowd=5 slowk_matype=0 slowd_matype=0
09:38:07 [WARNING] STOCHF combo [5, 3] is missing 1 parameter(s); using defaults fastd_period=3 fastd_matype=0
09:38:07 [WARNING] STOCHF combo [8, 3] is missing 1 parameter(s); using defaults fastd_period=3 fastd_matype=0
09:38:07 [WARNING] STOCHF combo [13, 3] is missing 1 parameter(s); using defaults fastd_period=3 fastd_matype=0
09:38:07 [WARNING] STOCHF combo [21, 3] is missing 1 parameter(s); using defaults fastd_period=3 fastd_matype=0
09:38:07 [WARNING] STOCHF combo [21, 5] is missing 1 parameter(s); using defaults fastd_period=5 fastd_matype=0
09:38:07 [WARNING] STOCHF combo [34, 5] is missing 1 parameter(s); using defaults fastd_period=5 fastd_matype=0
09:38:07 [WARNING] STOCHF combo [55, 5] is missing 1 parameter(s); using defaults fastd_period=5 fastd_matype=0
09:38:07 [WARNING] STOCHF combo [89, 8] is missing 1 parameter(s); using defaults fastd_period=8 fastd_matype=0
09:38:07 [WARNING] STOCHRSI combo [9, 5, 3] is missing 1 parameter(s); using defaults fastk_period=5 fastd_period=3 fastd_matype=0
09:38:07 [WARNING] STOCHRSI combo [14, 5, 3] is missing 1 parameter(s); using defaults fastk_period=5 fastd_period=3 fastd_matype=0
09:38:07 [WARNING] STOCHRSI combo [14, 3, 3] is missing 1 parameter(s); using defaults fastk_period=3 fastd_period=3 fastd_matype=0
09:38:07 [WARNING] STOCHRSI combo [21, 5, 3] is missing 1 parameter(s); using defaults fastk_period=5 fastd_period=3 fastd_matype=0
09:38:07 [WARNING] STOCHRSI combo [21, 8, 5] is missing 1 parameter(s); using defaults fastk_period=8 fastd_period=5 fastd_matype=0
09:38:07 [WARNING] STOCHRSI combo [34, 8, 5] is missing 1 parameter(s); using defaults fastk_period=8 fastd_period=5 fastd_matype=0
09:38:07 [WARNING] STOCHRSI combo [55, 8, 5] is missing 1 parameter(s); using defaults fastk_period=8 fastd_period=5 fastd_matype=0
09:38:07 [INFO] KlineStorageManager initialized: data_cache/feature_klines/kline_cache.h5
09:38:07 [INFO] Registered adapter: crypto_spot
09:38:07 [WARNING] STOCH combo [5, 3, 3] is missing 2 parameter(s); using defaults slowk=3 slowd=3 slowk_matype=0 slowd_matype=0
09:38:07 [WARNING] STOCH combo [8, 3, 3] is missing 2 parameter(s); using defaults slowk=3 slowd=3 slowk_matype=0 slowd_matype=0
09:38:07 [WARNING] STOCH combo [13, 3, 3] is missing 2 parameter(s); using defaults slowk=3 slowd=3 slowk_matype=0 slowd_matype=0
09:38:07 [WARNING] STOCH combo [13, 5, 3] is missing 2 parameter(s); using defaults slowk=5 slowd=3 slowk_matype=0 slowd_matype=0
09:38:07 [WARNING] STOCH combo [21, 3, 3] is missing 2 parameter(s); using defaults slowk=3 slowd=3 slowk_matype=0 slowd_matype=0
09:38:07 [WARNING] STOCH combo [21, 5, 3] is missing 2 parameter(s); using defaults slowk=5 slowd=3 slowk_matype=0 slowd_matype=0
09:38:07 [WARNING] STOCH combo [21, 5, 5] is missing 2 parameter(s); using defaults slowk=5 slowd=5 slowk_matype=0 slowd_matype=0
09:38:07 [WARNING] STOCH combo [34, 5, 3] is missing 2 parameter(s); using defaults slowk=5 slowd=3 slowk_matype=0 slowd_matype=0
09:38:07 [WARNING] STOCH combo [34, 5, 5] is missing 2 parameter(s); using defaults slowk=5 slowd=5 slowk_matype=0 slowd_matype=0
09:38:07 [WARNING] STOCH combo [55, 5, 5] is missing 2 parameter(s); using defaults slowk=5 slowd=5 slowk_matype=0 slowd_matype=0
09:38:07 [WARNING] STOCH combo [55, 8, 5] is missing 2 parameter(s); using defaults slowk=8 slowd=5 slowk_matype=0 slowd_matype=0
09:38:07 [WARNING] STOCH combo [89, 8, 5] is missing 2 parameter(s); using defaults slowk=8 slowd=5 slowk_matype=0 slowd_matype=0
09:38:07 [WARNING] STOCHF combo [5, 3] is missing 1 parameter(s); using defaults fastd_period=3 fastd_matype=0
09:38:07 [WARNING] STOCHF combo [8, 3] is missing 1 parameter(s); using defaults fastd_period=3 fastd_matype=0
09:38:07 [WARNING] STOCHF combo [13, 3] is missing 1 parameter(s); using defaults fastd_period=3 fastd_matype=0
09:38:07 [WARNING] STOCHF combo [21, 3] is missing 1 parameter(s); using defaults fastd_period=3 fastd_matype=0
09:38:07 [WARNING] STOCHF combo [21, 5] is missing 1 parameter(s); using defaults fastd_period=5 fastd_matype=0
09:38:07 [WARNING] STOCHF combo [34, 5] is missing 1 parameter(s); using defaults fastd_period=5 fastd_matype=0
09:38:07 [WARNING] STOCHF combo [55, 5] is missing 1 parameter(s); using defaults fastd_period=5 fastd_matype=0
09:38:07 [WARNING] STOCHF combo [89, 8] is missing 1 parameter(s); using defaults fastd_period=8 fastd_matype=0
09:38:07 [WARNING] STOCHRSI combo [9, 5, 3] is missing 1 parameter(s); using defaults fastk_period=5 fastd_period=3 fastd_matype=0
09:38:07 [WARNING] STOCHRSI combo [14, 5, 3] is missing 1 parameter(s); using defaults fastk_period=5 fastd_period=3 fastd_matype=0
09:38:07 [WARNING] STOCHRSI combo [14, 3, 3] is missing 1 parameter(s); using defaults fastk_period=3 fastd_period=3 fastd_matype=0
09:38:07 [WARNING] STOCHRSI combo [21, 5, 3] is missing 1 parameter(s); using defaults fastk_period=5 fastd_period=3 fastd_matype=0
09:38:07 [WARNING] STOCHRSI combo [21, 8, 5] is missing 1 parameter(s); using defaults fastk_period=8 fastd_period=5 fastd_matype=0
09:38:07 [WARNING] STOCHRSI combo [34, 8, 5] is missing 1 parameter(s); using defaults fastk_period=8 fastd_period=5 fastd_matype=0
09:38:07 [WARNING] STOCHRSI combo [55, 8, 5] is missing 1 parameter(s); using defaults fastk_period=8 fastd_period=5 fastd_matype=0
09:38:07 [WARNING] STOCH combo [5, 3, 3] is missing 2 parameter(s); using defaults slowk=3 slowd=3 slowk_matype=0 slowd_matype=0
09:38:07 [WARNING] STOCH combo [8, 3, 3] is missing 2 parameter(s); using defaults slowk=3 slowd=3 slowk_matype=0 slowd_matype=0
09:38:07 [WARNING] STOCH combo [13, 3, 3] is missing 2 parameter(s); using defaults slowk=3 slowd=3 slowk_matype=0 slowd_matype=0
09:38:07 [WARNING] STOCH combo [13, 5, 3] is missing 2 parameter(s); using defaults slowk=5 slowd=3 slowk_matype=0 slowd_matype=0
09:38:07 [WARNING] STOCH combo [21, 3, 3] is missing 2 parameter(s); using defaults slowk=3 slowd=3 slowk_matype=0 slowd_matype=0
09:38:07 [WARNING] STOCH combo [21, 5, 3] is missing 2 parameter(s); using defaults slowk=5 slowd=3 slowk_matype=0 slowd_matype=0
09:38:07 [WARNING] STOCH combo [21, 5, 5] is missing 2 parameter(s); using defaults slowk=5 slowd=5 slowk_matype=0 slowd_matype=0
09:38:07 [WARNING] STOCH combo [34, 5, 3] is missing 2 parameter(s); using defaults slowk=5 slowd=3 slowk_matype=0 slowd_matype=0
09:38:07 [WARNING] STOCH combo [34, 5, 5] is missing 2 parameter(s); using defaults slowk=5 slowd=5 slowk_matype=0 slowd_matype=0
09:38:07 [WARNING] STOCH combo [55, 5, 5] is missing 2 parameter(s); using defaults slowk=5 slowd=5 slowk_matype=0 slowd_matype=0
09:38:07 [WARNING] STOCH combo [55, 8, 5] is missing 2 parameter(s); using defaults slowk=8 slowd=5 slowk_matype=0 slowd_matype=0
09:38:07 [WARNING] STOCH combo [89, 8, 5] is missing 2 parameter(s); using defaults slowk=8 slowd=5 slowk_matype=0 slowd_matype=0
09:38:07 [WARNING] STOCHF combo [5, 3] is missing 1 parameter(s); using defaults fastd_period=3 fastd_matype=0
09:38:07 [WARNING] STOCHF combo [8, 3] is missing 1 parameter(s); using defaults fastd_period=3 fastd_matype=0
09:38:07 [WARNING] STOCHF combo [13, 3] is missing 1 parameter(s); using defaults fastd_period=3 fastd_matype=0
09:38:07 [WARNING] STOCHF combo [21, 3] is missing 1 parameter(s); using defaults fastd_period=3 fastd_matype=0
09:38:07 [WARNING] STOCHF combo [21, 5] is missing 1 parameter(s); using defaults fastd_period=5 fastd_matype=0
09:38:07 [WARNING] STOCHF combo [34, 5] is missing 1 parameter(s); using defaults fastd_period=5 fastd_matype=0
09:38:07 [WARNING] STOCHF combo [55, 5] is missing 1 parameter(s); using defaults fastd_period=5 fastd_matype=0
09:38:07 [WARNING] STOCHF combo [89, 8] is missing 1 parameter(s); using defaults fastd_period=8 fastd_matype=0
09:38:07 [WARNING] STOCHRSI combo [9, 5, 3] is missing 1 parameter(s); using defaults fastk_period=5 fastd_period=3 fastd_matype=0
09:38:07 [WARNING] STOCHRSI combo [14, 5, 3] is missing 1 parameter(s); using defaults fastk_period=5 fastd_period=3 fastd_matype=0
09:38:07 [WARNING] STOCHRSI combo [14, 3, 3] is missing 1 parameter(s); using defaults fastk_period=3 fastd_period=3 fastd_matype=0
09:38:07 [WARNING] STOCHRSI combo [21, 5, 3] is missing 1 parameter(s); using defaults fastk_period=5 fastd_period=3 fastd_matype=0
09:38:07 [WARNING] STOCHRSI combo [21, 8, 5] is missing 1 parameter(s); using defaults fastk_period=8 fastd_period=5 fastd_matype=0
09:38:07 [WARNING] STOCHRSI combo [34, 8, 5] is missing 1 parameter(s); using defaults fastk_period=8 fastd_period=5 fastd_matype=0
09:38:07 [WARNING] STOCHRSI combo [55, 8, 5] is missing 1 parameter(s); using defaults fastk_period=8 fastd_period=5 fastd_matype=0
09:38:07 [WARNING] STOCH combo [5, 3, 3] is missing 2 parameter(s); using defaults slowk=3 slowd=3 slowk_matype=0 slowd_matype=0
09:38:07 [WARNING] STOCH combo [8, 3, 3] is missing 2 parameter(s); using defaults slowk=3 slowd=3 slowk_matype=0 slowd_matype=0
09:38:07 [WARNING] STOCH combo [13, 3, 3] is missing 2 parameter(s); using defaults slowk=3 slowd=3 slowk_matype=0 slowd_matype=0
09:38:07 [WARNING] STOCH combo [13, 5, 3] is missing 2 parameter(s); using defaults slowk=5 slowd=3 slowk_matype=0 slowd_matype=0
09:38:07 [WARNING] STOCH combo [21, 3, 3] is missing 2 parameter(s); using defaults slowk=3 slowd=3 slowk_matype=0 slowd_matype=0
09:38:07 [WARNING] STOCH combo [21, 5, 3] is missing 2 parameter(s); using defaults slowk=5 slowd=3 slowk_matype=0 slowd_matype=0
09:38:07 [WARNING] STOCH combo [21, 5, 5] is missing 2 parameter(s); using defaults slowk=5 slowd=5 slowk_matype=0 slowd_matype=0
09:38:07 [WARNING] STOCH combo [34, 5, 3] is missing 2 parameter(s); using defaults slowk=5 slowd=3 slowk_matype=0 slowd_matype=0
09:38:07 [WARNING] STOCH combo [34, 5, 5] is missing 2 parameter(s); using defaults slowk=5 slowd=5 slowk_matype=0 slowd_matype=0
09:38:07 [WARNING] STOCH combo [55, 5, 5] is missing 2 parameter(s); using defaults slowk=5 slowd=5 slowk_matype=0 slowd_matype=0
09:38:07 [WARNING] STOCH combo [55, 8, 5] is missing 2 parameter(s); using defaults slowk=8 slowd=5 slowk_matype=0 slowd_matype=0
09:38:07 [WARNING] STOCH combo [89, 8, 5] is missing 2 parameter(s); using defaults slowk=8 slowd=5 slowk_matype=0 slowd_matype=0
09:38:07 [WARNING] STOCHF combo [5, 3] is missing 1 parameter(s); using defaults fastd_period=3 fastd_matype=0
09:38:07 [WARNING] STOCHF combo [8, 3] is missing 1 parameter(s); using defaults fastd_period=3 fastd_matype=0
09:38:07 [WARNING] STOCHF combo [13, 3] is missing 1 parameter(s); using defaults fastd_period=3 fastd_matype=0
09:38:07 [WARNING] STOCHF combo [21, 3] is missing 1 parameter(s); using defaults fastd_period=3 fastd_matype=0
09:38:07 [WARNING] STOCHF combo [21, 5] is missing 1 parameter(s); using defaults fastd_period=5 fastd_matype=0
09:38:07 [WARNING] STOCHF combo [34, 5] is missing 1 parameter(s); using defaults fastd_period=5 fastd_matype=0
09:38:07 [WARNING] STOCHF combo [55, 5] is missing 1 parameter(s); using defaults fastd_period=5 fastd_matype=0
09:38:07 [WARNING] STOCHF combo [89, 8] is missing 1 parameter(s); using defaults fastd_period=8 fastd_matype=0
09:38:07 [WARNING] STOCHRSI combo [9, 5, 3] is missing 1 parameter(s); using defaults fastk_period=5 fastd_period=3 fastd_matype=0
09:38:07 [WARNING] STOCHRSI combo [14, 5, 3] is missing 1 parameter(s); using defaults fastk_period=5 fastd_period=3 fastd_matype=0
09:38:07 [WARNING] STOCHRSI combo [14, 3, 3] is missing 1 parameter(s); using defaults fastk_period=3 fastd_period=3 fastd_matype=0
09:38:07 [WARNING] STOCHRSI combo [21, 5, 3] is missing 1 parameter(s); using defaults fastk_period=5 fastd_period=3 fastd_matype=0
09:38:07 [WARNING] STOCHRSI combo [21, 8, 5] is missing 1 parameter(s); using defaults fastk_period=8 fastd_period=5 fastd_matype=0
09:38:07 [WARNING] STOCHRSI combo [34, 8, 5] is missing 1 parameter(s); using defaults fastk_period=8 fastd_period=5 fastd_matype=0
09:38:07 [WARNING] STOCHRSI combo [55, 8, 5] is missing 1 parameter(s); using defaults fastk_period=8 fastd_period=5 fastd_matype=0
09:38:07 [INFO] Fetching spot data: BTCUSDT/1h
09:38:07 [INFO] Read 20352 klines from BTCUSDT/1h in 0.008s
09:38:07 [INFO] Aligned data for BTCUSDT/1h: 20352 rows, 5 columns
09:38:07 [INFO] [Layer 1] 0% - Starting Layer 1...
09:38:07 [INFO] Layer 1 starting, rss=591MB
09:38:07 [WARNING] STOCH combo [5, 3, 3] is missing 2 parameter(s); using defaults slowk=3 slowd=3 slowk_matype=0 slowd_matype=0
09:38:07 [WARNING] STOCH combo [8, 3, 3] is missing 2 parameter(s); using defaults slowk=3 slowd=3 slowk_matype=0 slowd_matype=0
09:38:07 [WARNING] STOCH combo [13, 3, 3] is missing 2 parameter(s); using defaults slowk=3 slowd=3 slowk_matype=0 slowd_matype=0
09:38:07 [WARNING] STOCH combo [13, 5, 3] is missing 2 parameter(s); using defaults slowk=5 slowd=3 slowk_matype=0 slowd_matype=0
09:38:07 [WARNING] STOCH combo [21, 3, 3] is missing 2 parameter(s); using defaults slowk=3 slowd=3 slowk_matype=0 slowd_matype=0
09:38:07 [WARNING] STOCH combo [21, 5, 3] is missing 2 parameter(s); using defaults slowk=5 slowd=3 slowk_matype=0 slowd_matype=0
09:38:07 [WARNING] STOCH combo [21, 5, 5] is missing 2 parameter(s); using defaults slowk=5 slowd=5 slowk_matype=0 slowd_matype=0
09:38:07 [WARNING] STOCH combo [34, 5, 3] is missing 2 parameter(s); using defaults slowk=5 slowd=3 slowk_matype=0 slowd_matype=0
09:38:07 [WARNING] STOCH combo [34, 5, 5] is missing 2 parameter(s); using defaults slowk=5 slowd=5 slowk_matype=0 slowd_matype=0
09:38:07 [WARNING] STOCH combo [55, 5, 5] is missing 2 parameter(s); using defaults slowk=5 slowd=5 slowk_matype=0 slowd_matype=0
09:38:07 [WARNING] STOCH combo [55, 8, 5] is missing 2 parameter(s); using defaults slowk=8 slowd=5 slowk_matype=0 slowd_matype=0
09:38:07 [WARNING] STOCH combo [89, 8, 5] is missing 2 parameter(s); using defaults slowk=8 slowd=5 slowk_matype=0 slowd_matype=0
09:38:07 [WARNING] STOCHF combo [5, 3] is missing 1 parameter(s); using defaults fastd_period=3 fastd_matype=0
09:38:07 [WARNING] STOCHF combo [8, 3] is missing 1 parameter(s); using defaults fastd_period=3 fastd_matype=0
09:38:07 [WARNING] STOCHF combo [13, 3] is missing 1 parameter(s); using defaults fastd_period=3 fastd_matype=0
09:38:07 [WARNING] STOCHF combo [21, 3] is missing 1 parameter(s); using defaults fastd_period=3 fastd_matype=0
09:38:07 [WARNING] STOCHF combo [21, 5] is missing 1 parameter(s); using defaults fastd_period=5 fastd_matype=0
09:38:07 [WARNING] STOCHF combo [34, 5] is missing 1 parameter(s); using defaults fastd_period=5 fastd_matype=0
09:38:07 [WARNING] STOCHF combo [55, 5] is missing 1 parameter(s); using defaults fastd_period=5 fastd_matype=0
09:38:07 [WARNING] STOCHF combo [89, 8] is missing 1 parameter(s); using defaults fastd_period=8 fastd_matype=0
09:38:07 [WARNING] STOCHRSI combo [9, 5, 3] is missing 1 parameter(s); using defaults fastk_period=5 fastd_period=3 fastd_matype=0
09:38:07 [WARNING] STOCHRSI combo [14, 5, 3] is missing 1 parameter(s); using defaults fastk_period=5 fastd_period=3 fastd_matype=0
09:38:07 [WARNING] STOCHRSI combo [14, 3, 3] is missing 1 parameter(s); using defaults fastk_period=3 fastd_period=3 fastd_matype=0
09:38:07 [WARNING] STOCHRSI combo [21, 5, 3] is missing 1 parameter(s); using defaults fastk_period=5 fastd_period=3 fastd_matype=0
09:38:07 [WARNING] STOCHRSI combo [21, 8, 5] is missing 1 parameter(s); using defaults fastk_period=8 fastd_period=5 fastd_matype=0
09:38:07 [WARNING] STOCHRSI combo [34, 8, 5] is missing 1 parameter(s); using defaults fastk_period=8 fastd_period=5 fastd_matype=0
09:38:07 [WARNING] STOCHRSI combo [55, 8, 5] is missing 1 parameter(s); using defaults fastk_period=8 fastd_period=5 fastd_matype=0
09:38:08 [INFO] [Layer 1] 100% - Layer 1 completed: 898 features
09:38:08 [INFO] Layer 1 done: 898 cols, status=ok, rss=661MB
09:38:08 [INFO] [Layer 2] 0% - Starting Layer 2...
09:38:08 [INFO] Layer 2 starting, rss=661MB
09:38:08 [INFO] [L2] Starting derived features: 898 L1 cols
09:38:08 [WARNING] STOCH combo [5, 3, 3] is missing 2 parameter(s); using defaults slowk=3 slowd=3 slowk_matype=0 slowd_matype=0
09:38:08 [WARNING] STOCH combo [8, 3, 3] is missing 2 parameter(s); using defaults slowk=3 slowd=3 slowk_matype=0 slowd_matype=0
09:38:08 [WARNING] STOCH combo [13, 3, 3] is missing 2 parameter(s); using defaults slowk=3 slowd=3 slowk_matype=0 slowd_matype=0
09:38:08 [WARNING] STOCH combo [13, 5, 3] is missing 2 parameter(s); using defaults slowk=5 slowd=3 slowk_matype=0 slowd_matype=0
09:38:08 [WARNING] STOCH combo [21, 3, 3] is missing 2 parameter(s); using defaults slowk=3 slowd=3 slowk_matype=0 slowd_matype=0
09:38:08 [WARNING] STOCH combo [21, 5, 3] is missing 2 parameter(s); using defaults slowk=5 slowd=3 slowk_matype=0 slowd_matype=0
09:38:08 [WARNING] STOCH combo [21, 5, 5] is missing 2 parameter(s); using defaults slowk=5 slowd=5 slowk_matype=0 slowd_matype=0
09:38:08 [WARNING] STOCH combo [34, 5, 3] is missing 2 parameter(s); using defaults slowk=5 slowd=3 slowk_matype=0 slowd_matype=0
09:38:08 [WARNING] STOCH combo [34, 5, 5] is missing 2 parameter(s); using defaults slowk=5 slowd=5 slowk_matype=0 slowd_matype=0
09:38:08 [WARNING] STOCH combo [55, 5, 5] is missing 2 parameter(s); using defaults slowk=5 slowd=5 slowk_matype=0 slowd_matype=0
09:38:08 [WARNING] STOCH combo [55, 8, 5] is missing 2 parameter(s); using defaults slowk=8 slowd=5 slowk_matype=0 slowd_matype=0
09:38:08 [WARNING] STOCH combo [89, 8, 5] is missing 2 parameter(s); using defaults slowk=8 slowd=5 slowk_matype=0 slowd_matype=0
09:38:08 [WARNING] STOCHF combo [5, 3] is missing 1 parameter(s); using defaults fastd_period=3 fastd_matype=0
09:38:08 [WARNING] STOCHF combo [8, 3] is missing 1 parameter(s); using defaults fastd_period=3 fastd_matype=0
09:38:08 [WARNING] STOCHF combo [13, 3] is missing 1 parameter(s); using defaults fastd_period=3 fastd_matype=0
09:38:08 [WARNING] STOCHF combo [21, 3] is missing 1 parameter(s); using defaults fastd_period=3 fastd_matype=0
09:38:08 [WARNING] STOCHF combo [21, 5] is missing 1 parameter(s); using defaults fastd_period=5 fastd_matype=0
09:38:08 [WARNING] STOCHF combo [34, 5] is missing 1 parameter(s); using defaults fastd_period=5 fastd_matype=0
09:38:08 [WARNING] STOCHF combo [55, 5] is missing 1 parameter(s); using defaults fastd_period=5 fastd_matype=0
09:38:08 [WARNING] STOCHF combo [89, 8] is missing 1 parameter(s); using defaults fastd_period=8 fastd_matype=0
09:38:08 [WARNING] STOCHRSI combo [9, 5, 3] is missing 1 parameter(s); using defaults fastk_period=5 fastd_period=3 fastd_matype=0
09:38:08 [WARNING] STOCHRSI combo [14, 5, 3] is missing 1 parameter(s); using defaults fastk_period=5 fastd_period=3 fastd_matype=0
09:38:08 [WARNING] STOCHRSI combo [14, 3, 3] is missing 1 parameter(s); using defaults fastk_period=3 fastd_period=3 fastd_matype=0
09:38:08 [WARNING] STOCHRSI combo [21, 5, 3] is missing 1 parameter(s); using defaults fastk_period=5 fastd_period=3 fastd_matype=0
09:38:08 [WARNING] STOCHRSI combo [21, 8, 5] is missing 1 parameter(s); using defaults fastk_period=8 fastd_period=5 fastd_matype=0
09:38:08 [WARNING] STOCHRSI combo [34, 8, 5] is missing 1 parameter(s); using defaults fastk_period=8 fastd_period=5 fastd_matype=0
09:38:08 [WARNING] STOCHRSI combo [55, 8, 5] is missing 1 parameter(s); using defaults fastk_period=8 fastd_period=5 fastd_matype=0
09:38:12 [INFO] [L2] Completed: 11621 cols in 4.07s
09:38:12 [INFO] [Layer 2] 100% - Layer 2 completed: 11621 features
09:38:12 [INFO] Layer 2 done: 11621 cols, status=ok, rss=1504MB
09:38:13 [INFO] [Layer 3] 0% - Starting Layer 3...
09:38:13 [INFO] Layer 3 starting, rss=1504MB
09:38:15 [INFO] [L3 streaming][numba][multi] step 10/20 (W5_range): 898→898 cols (-0 dead)
09:38:15 [INFO] [L3 streaming][numba][multi] step 20/20 (W13_range): 898→898 cols (-0 dead)
09:38:15 [INFO] [L3 streaming][numba][multi] complete: 17960 total generated, 0 dead dropped, 17960 survivors
09:38:16 [INFO] [Layer 3] 100% - Layer 3 completed: 17960 features
09:38:16 [INFO] Layer 3 done: 17960 cols, status=ok, rss=2398MB
09:38:16 [INFO] [Layer 4] 0% - Starting Layer 4...
09:38:16 [INFO] Layer 4 starting, rss=2398MB
09:38:16 [INFO] [Layer 4] 100% - Layer 4 completed: 7224 features
09:38:16 [INFO] Layer 4 done: 7224 cols, status=ok, rss=2009MB
09:38:16 [INFO] [Layer 5] 0% - Starting Layer 5...
09:38:16 [INFO] Layer 5 starting, rss=2009MB
09:38:16 [INFO] [Layer 5] 100% - Layer 5 completed: 0 features
09:38:16 [INFO] Layer 5 done: 0 cols, status=empty_disabled, rss=2009MB
09:38:16 [INFO] [Layer 6] 0% - Starting Layer 6...
09:38:16 [INFO] Layer 6 starting, rss=2009MB
09:38:16 [INFO] [Layer 6] 100% - Layer 6 completed: 10 features
09:38:16 [INFO] Layer 6 done: 10 cols, status=ok, rss=2010MB
09:38:16 [INFO] [memmap concat] 5 DFs → 37713 cols × 4811 rows ≈ 0.73 GB → disk-backed
09:38:16 [INFO] [memmap] created: shape=(4811, 37713), dtype=<class 'numpy.float32'>, est=0.73 GB  (file auto-unlinked)
09:38:16 [INFO] [memmap concat] copying DF 1/5 (898 cols)
09:38:16 [INFO] [memmap concat] copying DF 2/5 (11621 cols)
09:38:17 [INFO] [memmap concat] copying DF 3/5 (17960 cols)
09:38:18 [INFO] [memmap concat] copying DF 4/5 (7224 cols)
09:38:18 [INFO] [memmap concat] copying DF 5/5 (10 cols)
09:38:37 [INFO] [CGSA] Initialized ColumnGroupRegistry at /private/var/folders/_c/3xdf41hd3tvgxpx63mrml2c00000gn/T/pytest-of-louis/pytest-9/test_small_mutation_causal_win0/cgsa_work (tier=8gb, buffer_groups=0)
09:38:37 [INFO] Fetching spot data: BTCUSDT/1h
09:38:37 [INFO] Read 20352 klines from BTCUSDT/1h in 0.058s
09:38:37 [INFO] Aligned data for BTCUSDT/1h: 20352 rows, 5 columns
09:38:37 [INFO] [Layer 1] 0% - Starting Layer 1...
09:38:37 [INFO] Layer 1 starting, rss=2431MB
09:38:37 [WARNING] STOCH combo [5, 3, 3] is missing 2 parameter(s); using defaults slowk=3 slowd=3 slowk_matype=0 slowd_matype=0
09:38:37 [WARNING] STOCH combo [8, 3, 3] is missing 2 parameter(s); using defaults slowk=3 slowd=3 slowk_matype=0 slowd_matype=0
09:38:37 [WARNING] STOCH combo [13, 3, 3] is missing 2 parameter(s); using defaults slowk=3 slowd=3 slowk_matype=0 slowd_matype=0
09:38:37 [WARNING] STOCH combo [13, 5, 3] is missing 2 parameter(s); using defaults slowk=5 slowd=3 slowk_matype=0 slowd_matype=0
09:38:37 [WARNING] STOCH combo [21, 3, 3] is missing 2 parameter(s); using defaults slowk=3 slowd=3 slowk_matype=0 slowd_matype=0
09:38:37 [WARNING] STOCH combo [21, 5, 3] is missing 2 parameter(s); using defaults slowk=5 slowd=3 slowk_matype=0 slowd_matype=0
09:38:37 [WARNING] STOCH combo [21, 5, 5] is missing 2 parameter(s); using defaults slowk=5 slowd=5 slowk_matype=0 slowd_matype=0
09:38:37 [WARNING] STOCH combo [34, 5, 3] is missing 2 parameter(s); using defaults slowk=5 slowd=3 slowk_matype=0 slowd_matype=0
09:38:37 [WARNING] STOCH combo [34, 5, 5] is missing 2 parameter(s); using defaults slowk=5 slowd=5 slowk_matype=0 slowd_matype=0
09:38:37 [WARNING] STOCH combo [55, 5, 5] is missing 2 parameter(s); using defaults slowk=5 slowd=5 slowk_matype=0 slowd_matype=0
09:38:37 [WARNING] STOCH combo [55, 8, 5] is missing 2 parameter(s); using defaults slowk=8 slowd=5 slowk_matype=0 slowd_matype=0
09:38:37 [WARNING] STOCH combo [89, 8, 5] is missing 2 parameter(s); using defaults slowk=8 slowd=5 slowk_matype=0 slowd_matype=0
09:38:37 [WARNING] STOCHF combo [5, 3] is missing 1 parameter(s); using defaults fastd_period=3 fastd_matype=0
09:38:37 [WARNING] STOCHF combo [8, 3] is missing 1 parameter(s); using defaults fastd_period=3 fastd_matype=0
09:38:37 [WARNING] STOCHF combo [13, 3] is missing 1 parameter(s); using defaults fastd_period=3 fastd_matype=0
09:38:37 [WARNING] STOCHF combo [21, 3] is missing 1 parameter(s); using defaults fastd_period=3 fastd_matype=0
09:38:37 [WARNING] STOCHF combo [21, 5] is missing 1 parameter(s); using defaults fastd_period=5 fastd_matype=0
09:38:37 [WARNING] STOCHF combo [34, 5] is missing 1 parameter(s); using defaults fastd_period=5 fastd_matype=0
09:38:37 [WARNING] STOCHF combo [55, 5] is missing 1 parameter(s); using defaults fastd_period=5 fastd_matype=0
09:38:37 [WARNING] STOCHF combo [89, 8] is missing 1 parameter(s); using defaults fastd_period=8 fastd_matype=0
09:38:37 [WARNING] STOCHRSI combo [9, 5, 3] is missing 1 parameter(s); using defaults fastk_period=5 fastd_period=3 fastd_matype=0
09:38:37 [WARNING] STOCHRSI combo [14, 5, 3] is missing 1 parameter(s); using defaults fastk_period=5 fastd_period=3 fastd_matype=0
09:38:37 [WARNING] STOCHRSI combo [14, 3, 3] is missing 1 parameter(s); using defaults fastk_period=3 fastd_period=3 fastd_matype=0
09:38:37 [WARNING] STOCHRSI combo [21, 5, 3] is missing 1 parameter(s); using defaults fastk_period=5 fastd_period=3 fastd_matype=0
09:38:37 [WARNING] STOCHRSI combo [21, 8, 5] is missing 1 parameter(s); using defaults fastk_period=8 fastd_period=5 fastd_matype=0
09:38:37 [WARNING] STOCHRSI combo [34, 8, 5] is missing 1 parameter(s); using defaults fastk_period=8 fastd_period=5 fastd_matype=0
09:38:37 [WARNING] STOCHRSI combo [55, 8, 5] is missing 1 parameter(s); using defaults fastk_period=8 fastd_period=5 fastd_matype=0
09:38:38 [INFO] [Layer 1] 100% - Layer 1 completed: 898 features
09:38:38 [INFO] Layer 1 done: 898 cols, status=ok, rss=2679MB
09:38:38 [INFO] [Layer 2] 0% - Starting Layer 2...
09:38:38 [INFO] Layer 2 starting, rss=2679MB
09:38:38 [INFO] [L2] Starting derived features: 898 L1 cols
09:38:38 [WARNING] STOCH combo [5, 3, 3] is missing 2 parameter(s); using defaults slowk=3 slowd=3 slowk_matype=0 slowd_matype=0
09:38:38 [WARNING] STOCH combo [8, 3, 3] is missing 2 parameter(s); using defaults slowk=3 slowd=3 slowk_matype=0 slowd_matype=0
09:38:38 [WARNING] STOCH combo [13, 3, 3] is missing 2 parameter(s); using defaults slowk=3 slowd=3 slowk_matype=0 slowd_matype=0
09:38:38 [WARNING] STOCH combo [13, 5, 3] is missing 2 parameter(s); using defaults slowk=5 slowd=3 slowk_matype=0 slowd_matype=0
09:38:38 [WARNING] STOCH combo [21, 3, 3] is missing 2 parameter(s); using defaults slowk=3 slowd=3 slowk_matype=0 slowd_matype=0
09:38:38 [WARNING] STOCH combo [21, 5, 3] is missing 2 parameter(s); using defaults slowk=5 slowd=3 slowk_matype=0 slowd_matype=0
09:38:38 [WARNING] STOCH combo [21, 5, 5] is missing 2 parameter(s); using defaults slowk=5 slowd=5 slowk_matype=0 slowd_matype=0
09:38:38 [WARNING] STOCH combo [34, 5, 3] is missing 2 parameter(s); using defaults slowk=5 slowd=3 slowk_matype=0 slowd_matype=0
09:38:38 [WARNING] STOCH combo [34, 5, 5] is missing 2 parameter(s); using defaults slowk=5 slowd=5 slowk_matype=0 slowd_matype=0
09:38:38 [WARNING] STOCH combo [55, 5, 5] is missing 2 parameter(s); using defaults slowk=5 slowd=5 slowk_matype=0 slowd_matype=0
09:38:38 [WARNING] STOCH combo [55, 8, 5] is missing 2 parameter(s); using defaults slowk=8 slowd=5 slowk_matype=0 slowd_matype=0
09:38:38 [WARNING] STOCH combo [89, 8, 5] is missing 2 parameter(s); using defaults slowk=8 slowd=5 slowk_matype=0 slowd_matype=0
09:38:38 [WARNING] STOCHF combo [5, 3] is missing 1 parameter(s); using defaults fastd_period=3 fastd_matype=0
09:38:38 [WARNING] STOCHF combo [8, 3] is missing 1 parameter(s); using defaults fastd_period=3 fastd_matype=0
09:38:38 [WARNING] STOCHF combo [13, 3] is missing 1 parameter(s); using defaults fastd_period=3 fastd_matype=0
09:38:38 [WARNING] STOCHF combo [21, 3] is missing 1 parameter(s); using defaults fastd_period=3 fastd_matype=0
09:38:38 [WARNING] STOCHF combo [21, 5] is missing 1 parameter(s); using defaults fastd_period=5 fastd_matype=0
09:38:38 [WARNING] STOCHF combo [34, 5] is missing 1 parameter(s); using defaults fastd_period=5 fastd_matype=0
09:38:38 [WARNING] STOCHF combo [55, 5] is missing 1 parameter(s); using defaults fastd_period=5 fastd_matype=0
09:38:38 [WARNING] STOCHF combo [89, 8] is missing 1 parameter(s); using defaults fastd_period=8 fastd_matype=0
09:38:38 [WARNING] STOCHRSI combo [9, 5, 3] is missing 1 parameter(s); using defaults fastk_period=5 fastd_period=3 fastd_matype=0
09:38:38 [WARNING] STOCHRSI combo [14, 5, 3] is missing 1 parameter(s); using defaults fastk_period=5 fastd_period=3 fastd_matype=0
09:38:38 [WARNING] STOCHRSI combo [14, 3, 3] is missing 1 parameter(s); using defaults fastk_period=3 fastd_period=3 fastd_matype=0
09:38:38 [WARNING] STOCHRSI combo [21, 5, 3] is missing 1 parameter(s); using defaults fastk_period=5 fastd_period=3 fastd_matype=0
09:38:38 [WARNING] STOCHRSI combo [21, 8, 5] is missing 1 parameter(s); using defaults fastk_period=8 fastd_period=5 fastd_matype=0
09:38:38 [WARNING] STOCHRSI combo [34, 8, 5] is missing 1 parameter(s); using defaults fastk_period=8 fastd_period=5 fastd_matype=0
09:38:38 [WARNING] STOCHRSI combo [55, 8, 5] is missing 1 parameter(s); using defaults fastk_period=8 fastd_period=5 fastd_matype=0
09:39:05 [INFO] [CGSA] L2 persisted group=1h_L2_Momentum shards=3 total_bytes=257.4 MiB
09:39:05 [INFO] [L2] Completed: 11621 cols in 27.18s
09:39:06 [INFO] [Layer 2] 100% - Layer 2 completed: 11621 features
09:39:06 [INFO] Layer 2 done: 11621 cols, status=ok, rss=968MB
09:39:06 [INFO] [memmap] created: shape=(7514, 11621), dtype=<class 'numpy.float32'>, est=0.35 GB  (file auto-unlinked)
09:39:07 [INFO] [spill] layer2: 7514×11621 → float32 memmap in 0.6s (freed ~0.7 GB float64)
09:39:07 [INFO] [Layer 3] 0% - Starting Layer 3...
09:39:07 [INFO] Layer 3 starting, rss=1631MB
09:39:11 [INFO] [L3 streaming][numba][multi][persist] step 10/20 (W5_range): 898→898 cols (-0 dead)
09:39:11 [INFO] [L3 streaming][numba][multi][persist] step 20/20 (W13_range): 898→898 cols (-0 dead)
09:39:11 [INFO] [L3 streaming][numba][multi][persist] complete: 17960 generated, 4 dropped, 17956 survivors persisted via callback
09:39:13 [INFO] [L3] streaming persist (mode=streaming) complete: 17956 cols persisted in 20 groups
09:39:13 [INFO] [Layer 3] 100% - Layer 3 completed: 0 features
09:39:13 [INFO] Layer 3 done: 0 cols, status=offloaded_to_registry, rss=2251MB
09:39:13 [INFO] [Layer 4] 0% - Starting Layer 4...
09:39:13 [INFO] Layer 4 starting, rss=2251MB
09:39:13 [INFO] [Layer 4] 100% - Layer 4 completed: 7224 features
09:39:13 [INFO] Layer 4 done: 7224 cols, status=ok, rss=2743MB
09:39:13 [INFO] [Layer 5] 0% - Starting Layer 5...
09:39:13 [INFO] Layer 5 starting, rss=2743MB
09:39:13 [INFO] [Layer 5] 100% - Layer 5 completed: 0 features
09:39:13 [INFO] Layer 5 done: 0 cols, status=empty_disabled, rss=2743MB
09:39:13 [INFO] [Layer 6] 0% - Starting Layer 6...
09:39:13 [INFO] Layer 6 starting, rss=2743MB
09:39:13 [INFO] [Layer 6] 100% - Layer 6 completed: 10 features
09:39:13 [INFO] Layer 6 done: 10 cols, status=ok, rss=2744MB
09:39:13 [INFO] [CGSA] Disk pre-check OK: layer=L4_lag symbol=BTCUSDT tf=1h need=2.39 GiB (planned_new=0.20 GiB, max_inflight_tmp×2=0.19 GiB, reserve=2.00 GiB) free=32.75 GiB shape=(7514, 7224)
09:39:13 [INFO] [CGSA] L4_lag persisted group=1h_L4_lag_1 shards=2 total_bytes=143.3 MiB
09:39:13 [INFO] [CGSA] Persisted L4_lag: 7224 cols → 2 groups (tf=1h)
09:39:13 [INFO] [CGSA] Disk pre-check OK: layer=L6_meta symbol=BTCUSDT tf=1h need=2.00 GiB (planned_new=0.00 GiB, max_inflight_tmp×2=0.00 GiB, reserve=2.00 GiB) free=32.55 GiB shape=(7514, 10)
09:39:13 [INFO] [CGSA] Persisted L6_meta: 10 cols → 1 groups (tf=1h)
09:39:16 [INFO] [L7][CGSA] Quality summary: inf_count=0, coverage=0.9513, non_nan=269545732/283345426
09:39:17 [INFO] [L7_raw] Disk pre-check OK: required=2.00 GiB (safety x1.50), estimated_final=0.53 GiB, reclaimable_npy=1.06 GiB, net_growth=0.00 GiB, max_inflight_part=0.14 GiB, largest_part_source=1h_L2_Momentum, reserve_floor=2.00 GiB, free=32.55 GiB, groups=241
09:39:17 [INFO] [L6.5] raw-sink path uses serial group streaming for disk safety (requested_workers=2)
09:39:17 [INFO] [L6.5] Registry raw-sink config: groups=241 requested_workers=2 effective_workers=1 mode=append use_fast=False can_use_numba_fast=False winsor=True rank=False zscore=False fracdiff=False fracdiff_apply_to=non_stationary fracdiff_layers=['L1', 'L2'] adf=False gaussian=False
09:39:17 [INFO] [L6.5] Raw-sink start: 238 full groups (fast=0, slow=238) + 3 big-group splits → 248 sub-tasks (requested_workers=2, effective_workers=1, split_threshold=2000, slow_chunked=3, max_group_cols=8980, schedule=largest_first, rss=1273MB)
09:39:17 [INFO] [L6.5] raw-sink chunk stream start: group=1h_L2_Momentum cols=8980 chunks=5 chunk_size=2000 rss=1338MB
09:39:22 [INFO] [L6.5] raw-sink chunk stream complete: group=1h_L2_Momentum chunks=5 outputs=5 rss=1803MB
09:39:22 [INFO] [L6.5] raw-sink chunk stream start: group=1h_L4_lag_1 cols=5000 chunks=3 chunk_size=2000 rss=1794MB
09:39:25 [INFO] [L6.5] raw-sink chunk stream complete: group=1h_L4_lag_1 chunks=3 outputs=3 rss=1692MB
09:39:25 [INFO] [L6.5] raw-sink chunk stream start: group=1h_L4_lag_2 cols=2224 chunks=2 chunk_size=2000 rss=1692MB
09:39:27 [INFO] [L6.5] raw-sink chunk stream complete: group=1h_L4_lag_2 chunks=2 outputs=2 rss=1321MB
09:39:28 [INFO] [L6.5] raw-sink heartbeat: tasks 12/248 (4.8%), groups 5/241, elapsed=11.0s, rate=1.09/s, ETA=217s, rss=1308MB, last=1h_L2_Ratio (full)
09:39:34 [INFO] [L6.5] raw-sink heartbeat: tasks 24/248 (9.7%), groups 17/241, elapsed=16.9s, rate=1.42/s, ETA=158s, rss=1141MB, last=1h_L3_rolling_W5_Min_1 (full)
09:39:38 [INFO] [L6.5] raw-sink heartbeat: tasks 36/248 (14.5%), groups 29/241, elapsed=21.4s, rate=1.68/s, ETA=126s, rss=1152MB, last=1h_L1_trend_EMA (full)
09:39:39 [INFO] [L6.5] raw-sink heartbeat: tasks 48/248 (19.4%), groups 41/241, elapsed=22.5s, rate=2.13/s, ETA=94s, rss=1152MB, last=1h_L1_trend_MAVP (full)
09:39:40 [INFO] [L6.5] raw-sink heartbeat: tasks 60/248 (24.2%), groups 53/241, elapsed=23.6s, rate=2.54/s, ETA=74s, rss=1153MB, last=1h_L1_momentum_WILLR (full)
09:39:41 [INFO] [L6.5] raw-sink heartbeat: tasks 72/248 (29.0%), groups 65/241, elapsed=24.6s, rate=2.92/s, ETA=60s, rss=1153MB, last=1h_L1_momentum_PLUS-DM (full)
09:39:42 [INFO] [L6.5] raw-sink heartbeat: tasks 84/248 (33.9%), groups 77/241, elapsed=25.7s, rate=3.27/s, ETA=50s, rss=1153MB, last=1h_L1_momentum_APO_55-144-0 (full)
09:39:43 [INFO] [L6.5] raw-sink heartbeat: tasks 96/248 (38.7%), groups 89/241, elapsed=26.7s, rate=3.60/s, ETA=42s, rss=1153MB, last=1h_L1_momentum_MACD-Hist_5-21-5 (full)
09:39:44 [INFO] [L6.5] raw-sink heartbeat: tasks 108/248 (43.5%), groups 101/241, elapsed=27.7s, rate=3.90/s, ETA=36s, rss=1153MB, last=1h_L1_momentum_MACD-Line_5-13-3 (full)
09:39:45 [INFO] [L6.5] raw-sink heartbeat: tasks 120/248 (48.4%), groups 113/241, elapsed=28.7s, rate=4.18/s, ETA=31s, rss=1153MB, last=1h_L1_momentum_MACD-Signal_34-89-13 (full)
09:39:46 [INFO] [L6.5] raw-sink heartbeat: tasks 132/248 (53.2%), groups 125/241, elapsed=29.7s, rate=4.44/s, ETA=26s, rss=1153MB, last=1h_L1_momentum_MACDEXT-Hist_34-144-21 (full)
09:39:47 [INFO] [L6.5] raw-sink heartbeat: tasks 144/248 (58.1%), groups 137/241, elapsed=30.7s, rate=4.69/s, ETA=22s, rss=1153MB, last=1h_L1_momentum_MACDEXT-Line_21-89-13 (full)
09:39:48 [INFO] [L6.5] raw-sink heartbeat: tasks 156/248 (62.9%), groups 149/241, elapsed=31.8s, rate=4.91/s, ETA=19s, rss=1153MB, last=1h_L1_momentum_MACDEXT-Signal_21-55-9 (full)
09:39:49 [INFO] [L6.5] raw-sink heartbeat: tasks 168/248 (67.7%), groups 161/241, elapsed=32.8s, rate=5.12/s, ETA=16s, rss=1153MB, last=1h_L1_momentum_PPO_13-55-0 (full)
09:39:50 [INFO] [L6.5] raw-sink heartbeat: tasks 180/248 (72.6%), groups 173/241, elapsed=33.8s, rate=5.33/s, ETA=13s, rss=1153MB, last=1h_L1_momentum_STOCHRSI-fastd_14-5-3-0 (full)
09:39:52 [INFO] [L6.5] raw-sink heartbeat: tasks 192/248 (77.4%), groups 185/241, elapsed=34.8s, rate=5.51/s, ETA=10s, rss=1153MB, last=1h_L1_momentum_STOCHRSI-fastk_9-5-3-0 (full)
09:39:53 [INFO] [L6.5] raw-sink heartbeat: tasks 204/248 (82.3%), groups 197/241, elapsed=35.8s, rate=5.69/s, ETA=8s, rss=1154MB, last=1h_L1_momentum_STOCH-slowd_5-3-0-3-0 (full)
09:39:54 [INFO] [L6.5] raw-sink heartbeat: tasks 216/248 (87.1%), groups 209/241, elapsed=36.9s, rate=5.86/s, ETA=5s, rss=1154MB, last=1h_L1_momentum_STOCH-slowk_5-3-0-3-0 (full)
09:39:55 [INFO] [L6.5] raw-sink heartbeat: tasks 228/248 (91.9%), groups 221/241, elapsed=37.9s, rate=6.01/s, ETA=3s, rss=1154MB, last=1h_L1_momentum_STOCHF-fastd_89-8-0 (full)
09:39:56 [INFO] [L6.5] raw-sink heartbeat: tasks 240/248 (96.8%), groups 233/241, elapsed=38.9s, rate=6.17/s, ETA=1s, rss=1154MB, last=1h_L1_momentum_ULTOSC_21-55-144 (full)
09:39:56 [INFO] [L6.5] raw-sink heartbeat: tasks 248/248 (100.0%), groups 241/241, elapsed=39.6s, rate=6.27/s, ETA=0s, rss=1154MB, last=1h_L1_trend_SAR_0.02-0.2 (full)
09:39:56 [INFO] [L6.5] raw-sink complete: 241/241 groups in 39.66s rss=1154MB
09:39:56 [INFO] [Layer B Sanitize][CGSA] nulled 442616 non-finite/over-cap values (finite_cap=1e+18) across all streamed features
09:39:57 [INFO] [L7_raw] registry stream persist done: symbol=BTCUSDT tf=1h groups=248 features=37709 npy_freed=1.06 GiB dtype=mixed
09:39:57 [WARNING] STOCH combo [5, 3, 3] is missing 2 parameter(s); using defaults slowk=3 slowd=3 slowk_matype=0 slowd_matype=0
09:39:57 [WARNING] STOCH combo [8, 3, 3] is missing 2 parameter(s); using defaults slowk=3 slowd=3 slowk_matype=0 slowd_matype=0
09:39:57 [WARNING] STOCH combo [13, 3, 3] is missing 2 parameter(s); using defaults slowk=3 slowd=3 slowk_matype=0 slowd_matype=0
09:39:57 [WARNING] STOCH combo [13, 5, 3] is missing 2 parameter(s); using defaults slowk=5 slowd=3 slowk_matype=0 slowd_matype=0
09:39:57 [WARNING] STOCH combo [21, 3, 3] is missing 2 parameter(s); using defaults slowk=3 slowd=3 slowk_matype=0 slowd_matype=0
09:39:57 [WARNING] STOCH combo [21, 5, 3] is missing 2 parameter(s); using defaults slowk=5 slowd=3 slowk_matype=0 slowd_matype=0
09:39:57 [WARNING] STOCH combo [21, 5, 5] is missing 2 parameter(s); using defaults slowk=5 slowd=5 slowk_matype=0 slowd_matype=0
09:39:57 [WARNING] STOCH combo [34, 5, 3] is missing 2 parameter(s); using defaults slowk=5 slowd=3 slowk_matype=0 slowd_matype=0
09:39:57 [WARNING] STOCH combo [34, 5, 5] is missing 2 parameter(s); using defaults slowk=5 slowd=5 slowk_matype=0 slowd_matype=0
09:39:57 [WARNING] STOCH combo [55, 5, 5] is missing 2 parameter(s); using defaults slowk=5 slowd=5 slowk_matype=0 slowd_matype=0
09:39:57 [WARNING] STOCH combo [55, 8, 5] is missing 2 parameter(s); using defaults slowk=8 slowd=5 slowk_matype=0 slowd_matype=0
09:39:57 [WARNING] STOCH combo [89, 8, 5] is missing 2 parameter(s); using defaults slowk=8 slowd=5 slowk_matype=0 slowd_matype=0
09:39:57 [WARNING] STOCHF combo [5, 3] is missing 1 parameter(s); using defaults fastd_period=3 fastd_matype=0
09:39:57 [WARNING] STOCHF combo [8, 3] is missing 1 parameter(s); using defaults fastd_period=3 fastd_matype=0
09:39:57 [WARNING] STOCHF combo [13, 3] is missing 1 parameter(s); using defaults fastd_period=3 fastd_matype=0
09:39:57 [WARNING] STOCHF combo [21, 3] is missing 1 parameter(s); using defaults fastd_period=3 fastd_matype=0
09:39:57 [WARNING] STOCHF combo [21, 5] is missing 1 parameter(s); using defaults fastd_period=5 fastd_matype=0
09:39:57 [WARNING] STOCHF combo [34, 5] is missing 1 parameter(s); using defaults fastd_period=5 fastd_matype=0
09:39:57 [WARNING] STOCHF combo [55, 5] is missing 1 parameter(s); using defaults fastd_period=5 fastd_matype=0
09:39:57 [WARNING] STOCHF combo [89, 8] is missing 1 parameter(s); using defaults fastd_period=8 fastd_matype=0
09:39:57 [WARNING] STOCHRSI combo [9, 5, 3] is missing 1 parameter(s); using defaults fastk_period=5 fastd_period=3 fastd_matype=0
09:39:57 [WARNING] STOCHRSI combo [14, 5, 3] is missing 1 parameter(s); using defaults fastk_period=5 fastd_period=3 fastd_matype=0
09:39:57 [WARNING] STOCHRSI combo [14, 3, 3] is missing 1 parameter(s); using defaults fastk_period=3 fastd_period=3 fastd_matype=0
09:39:57 [WARNING] STOCHRSI combo [21, 5, 3] is missing 1 parameter(s); using defaults fastk_period=5 fastd_period=3 fastd_matype=0
09:39:57 [WARNING] STOCHRSI combo [21, 8, 5] is missing 1 parameter(s); using defaults fastk_period=8 fastd_period=5 fastd_matype=0
09:39:57 [WARNING] STOCHRSI combo [34, 8, 5] is missing 1 parameter(s); using defaults fastk_period=8 fastd_period=5 fastd_matype=0
09:39:57 [WARNING] STOCHRSI combo [55, 8, 5] is missing 1 parameter(s); using defaults fastk_period=8 fastd_period=5 fastd_matype=0
09:39:57 [WARNING] STOCH combo [5, 3, 3] is missing 2 parameter(s); using defaults slowk=3 slowd=3 slowk_matype=0 slowd_matype=0
09:39:57 [WARNING] STOCH combo [8, 3, 3] is missing 2 parameter(s); using defaults slowk=3 slowd=3 slowk_matype=0 slowd_matype=0
09:39:57 [WARNING] STOCH combo [13, 3, 3] is missing 2 parameter(s); using defaults slowk=3 slowd=3 slowk_matype=0 slowd_matype=0
09:39:57 [WARNING] STOCH combo [13, 5, 3] is missing 2 parameter(s); using defaults slowk=5 slowd=3 slowk_matype=0 slowd_matype=0
09:39:57 [WARNING] STOCH combo [21, 3, 3] is missing 2 parameter(s); using defaults slowk=3 slowd=3 slowk_matype=0 slowd_matype=0
09:39:57 [WARNING] STOCH combo [21, 5, 3] is missing 2 parameter(s); using defaults slowk=5 slowd=3 slowk_matype=0 slowd_matype=0
09:39:57 [WARNING] STOCH combo [21, 5, 5] is missing 2 parameter(s); using defaults slowk=5 slowd=5 slowk_matype=0 slowd_matype=0
09:39:57 [WARNING] STOCH combo [34, 5, 3] is missing 2 parameter(s); using defaults slowk=5 slowd=3 slowk_matype=0 slowd_matype=0
09:39:57 [WARNING] STOCH combo [34, 5, 5] is missing 2 parameter(s); using defaults slowk=5 slowd=5 slowk_matype=0 slowd_matype=0
09:39:57 [WARNING] STOCH combo [55, 5, 5] is missing 2 parameter(s); using defaults slowk=5 slowd=5 slowk_matype=0 slowd_matype=0
09:39:57 [WARNING] STOCH combo [55, 8, 5] is missing 2 parameter(s); using defaults slowk=8 slowd=5 slowk_matype=0 slowd_matype=0
09:39:57 [WARNING] STOCH combo [89, 8, 5] is missing 2 parameter(s); using defaults slowk=8 slowd=5 slowk_matype=0 slowd_matype=0
09:39:57 [WARNING] STOCHF combo [5, 3] is missing 1 parameter(s); using defaults fastd_period=3 fastd_matype=0
09:39:57 [WARNING] STOCHF combo [8, 3] is missing 1 parameter(s); using defaults fastd_period=3 fastd_matype=0
09:39:57 [WARNING] STOCHF combo [13, 3] is missing 1 parameter(s); using defaults fastd_period=3 fastd_matype=0
09:39:57 [WARNING] STOCHF combo [21, 3] is missing 1 parameter(s); using defaults fastd_period=3 fastd_matype=0
09:39:57 [WARNING] STOCHF combo [21, 5] is missing 1 parameter(s); using defaults fastd_period=5 fastd_matype=0
09:39:57 [WARNING] STOCHF combo [34, 5] is missing 1 parameter(s); using defaults fastd_period=5 fastd_matype=0
09:39:57 [WARNING] STOCHF combo [55, 5] is missing 1 parameter(s); using defaults fastd_period=5 fastd_matype=0
09:39:57 [WARNING] STOCHF combo [89, 8] is missing 1 parameter(s); using defaults fastd_period=8 fastd_matype=0
09:39:57 [WARNING] STOCHRSI combo [9, 5, 3] is missing 1 parameter(s); using defaults fastk_period=5 fastd_period=3 fastd_matype=0
09:39:57 [WARNING] STOCHRSI combo [14, 5, 3] is missing 1 parameter(s); using defaults fastk_period=5 fastd_period=3 fastd_matype=0
09:39:57 [WARNING] STOCHRSI combo [14, 3, 3] is missing 1 parameter(s); using defaults fastk_period=3 fastd_period=3 fastd_matype=0
09:39:57 [WARNING] STOCHRSI combo [21, 5, 3] is missing 1 parameter(s); using defaults fastk_period=5 fastd_period=3 fastd_matype=0
09:39:57 [WARNING] STOCHRSI combo [21, 8, 5] is missing 1 parameter(s); using defaults fastk_period=8 fastd_period=5 fastd_matype=0
09:39:57 [WARNING] STOCHRSI combo [34, 8, 5] is missing 1 parameter(s); using defaults fastk_period=8 fastd_period=5 fastd_matype=0
09:39:57 [WARNING] STOCHRSI combo [55, 8, 5] is missing 1 parameter(s); using defaults fastk_period=8 fastd_period=5 fastd_matype=0
09:39:57 [INFO] Fetching spot data: BTCUSDT/1h
09:39:57 [INFO] Read 20352 klines from BTCUSDT/1h in 0.007s
09:39:57 [INFO] Aligned data for BTCUSDT/1h: 20352 rows, 5 columns
09:39:57 [INFO] Loaded feature registry with 1 entries
09:39:57 [INFO] [Layer 1] 0% - Starting Layer 1...
09:39:57 [INFO] Layer 1 starting, rss=849MB
09:39:57 [WARNING] STOCH combo [5, 3, 3] is missing 2 parameter(s); using defaults slowk=3 slowd=3 slowk_matype=0 slowd_matype=0
09:39:57 [WARNING] STOCH combo [8, 3, 3] is missing 2 parameter(s); using defaults slowk=3 slowd=3 slowk_matype=0 slowd_matype=0
09:39:57 [WARNING] STOCH combo [13, 3, 3] is missing 2 parameter(s); using defaults slowk=3 slowd=3 slowk_matype=0 slowd_matype=0
09:39:57 [WARNING] STOCH combo [13, 5, 3] is missing 2 parameter(s); using defaults slowk=5 slowd=3 slowk_matype=0 slowd_matype=0
09:39:57 [WARNING] STOCH combo [21, 3, 3] is missing 2 parameter(s); using defaults slowk=3 slowd=3 slowk_matype=0 slowd_matype=0
09:39:57 [WARNING] STOCH combo [21, 5, 3] is missing 2 parameter(s); using defaults slowk=5 slowd=3 slowk_matype=0 slowd_matype=0
09:39:57 [WARNING] STOCH combo [21, 5, 5] is missing 2 parameter(s); using defaults slowk=5 slowd=5 slowk_matype=0 slowd_matype=0
09:39:57 [WARNING] STOCH combo [34, 5, 3] is missing 2 parameter(s); using defaults slowk=5 slowd=3 slowk_matype=0 slowd_matype=0
09:39:57 [WARNING] STOCH combo [34, 5, 5] is missing 2 parameter(s); using defaults slowk=5 slowd=5 slowk_matype=0 slowd_matype=0
09:39:57 [WARNING] STOCH combo [55, 5, 5] is missing 2 parameter(s); using defaults slowk=5 slowd=5 slowk_matype=0 slowd_matype=0
09:39:57 [WARNING] STOCH combo [55, 8, 5] is missing 2 parameter(s); using defaults slowk=8 slowd=5 slowk_matype=0 slowd_matype=0
09:39:57 [WARNING] STOCH combo [89, 8, 5] is missing 2 parameter(s); using defaults slowk=8 slowd=5 slowk_matype=0 slowd_matype=0
09:39:57 [WARNING] STOCHF combo [5, 3] is missing 1 parameter(s); using defaults fastd_period=3 fastd_matype=0
09:39:57 [WARNING] STOCHF combo [8, 3] is missing 1 parameter(s); using defaults fastd_period=3 fastd_matype=0
09:39:57 [WARNING] STOCHF combo [13, 3] is missing 1 parameter(s); using defaults fastd_period=3 fastd_matype=0
09:39:57 [WARNING] STOCHF combo [21, 3] is missing 1 parameter(s); using defaults fastd_period=3 fastd_matype=0
09:39:57 [WARNING] STOCHF combo [21, 5] is missing 1 parameter(s); using defaults fastd_period=5 fastd_matype=0
09:39:57 [WARNING] STOCHF combo [34, 5] is missing 1 parameter(s); using defaults fastd_period=5 fastd_matype=0
09:39:57 [WARNING] STOCHF combo [55, 5] is missing 1 parameter(s); using defaults fastd_period=5 fastd_matype=0
09:39:57 [WARNING] STOCHF combo [89, 8] is missing 1 parameter(s); using defaults fastd_period=8 fastd_matype=0
09:39:57 [WARNING] STOCHRSI combo [9, 5, 3] is missing 1 parameter(s); using defaults fastk_period=5 fastd_period=3 fastd_matype=0
09:39:57 [WARNING] STOCHRSI combo [14, 5, 3] is missing 1 parameter(s); using defaults fastk_period=5 fastd_period=3 fastd_matype=0
09:39:57 [WARNING] STOCHRSI combo [14, 3, 3] is missing 1 parameter(s); using defaults fastk_period=3 fastd_period=3 fastd_matype=0
09:39:57 [WARNING] STOCHRSI combo [21, 5, 3] is missing 1 parameter(s); using defaults fastk_period=5 fastd_period=3 fastd_matype=0
09:39:57 [WARNING] STOCHRSI combo [21, 8, 5] is missing 1 parameter(s); using defaults fastk_period=8 fastd_period=5 fastd_matype=0
09:39:57 [WARNING] STOCHRSI combo [34, 8, 5] is missing 1 parameter(s); using defaults fastk_period=8 fastd_period=5 fastd_matype=0
09:39:57 [WARNING] STOCHRSI combo [55, 8, 5] is missing 1 parameter(s); using defaults fastk_period=8 fastd_period=5 fastd_matype=0
09:39:57 [INFO] [Layer 1] 100% - Layer 1 completed: 898 features
09:39:57 [INFO] Layer 1 done: 898 cols, status=ok, rss=927MB
09:39:57 [INFO] [Layer 2] 0% - Starting Layer 2...
09:39:57 [INFO] Layer 2 starting, rss=927MB
09:39:57 [INFO] [L2] Starting derived features: 898 L1 cols
09:39:57 [WARNING] STOCH combo [5, 3, 3] is missing 2 parameter(s); using defaults slowk=3 slowd=3 slowk_matype=0 slowd_matype=0
09:39:57 [WARNING] STOCH combo [8, 3, 3] is missing 2 parameter(s); using defaults slowk=3 slowd=3 slowk_matype=0 slowd_matype=0
09:39:57 [WARNING] STOCH combo [13, 3, 3] is missing 2 parameter(s); using defaults slowk=3 slowd=3 slowk_matype=0 slowd_matype=0
09:39:57 [WARNING] STOCH combo [13, 5, 3] is missing 2 parameter(s); using defaults slowk=5 slowd=3 slowk_matype=0 slowd_matype=0
09:39:57 [WARNING] STOCH combo [21, 3, 3] is missing 2 parameter(s); using defaults slowk=3 slowd=3 slowk_matype=0 slowd_matype=0
09:39:57 [WARNING] STOCH combo [21, 5, 3] is missing 2 parameter(s); using defaults slowk=5 slowd=3 slowk_matype=0 slowd_matype=0
09:39:57 [WARNING] STOCH combo [21, 5, 5] is missing 2 parameter(s); using defaults slowk=5 slowd=5 slowk_matype=0 slowd_matype=0
09:39:57 [WARNING] STOCH combo [34, 5, 3] is missing 2 parameter(s); using defaults slowk=5 slowd=3 slowk_matype=0 slowd_matype=0
09:39:57 [WARNING] STOCH combo [34, 5, 5] is missing 2 parameter(s); using defaults slowk=5 slowd=5 slowk_matype=0 slowd_matype=0
09:39:57 [WARNING] STOCH combo [55, 5, 5] is missing 2 parameter(s); using defaults slowk=5 slowd=5 slowk_matype=0 slowd_matype=0
09:39:57 [WARNING] STOCH combo [55, 8, 5] is missing 2 parameter(s); using defaults slowk=8 slowd=5 slowk_matype=0 slowd_matype=0
09:39:57 [WARNING] STOCH combo [89, 8, 5] is missing 2 parameter(s); using defaults slowk=8 slowd=5 slowk_matype=0 slowd_matype=0
09:39:57 [WARNING] STOCHF combo [5, 3] is missing 1 parameter(s); using defaults fastd_period=3 fastd_matype=0
09:39:57 [WARNING] STOCHF combo [8, 3] is missing 1 parameter(s); using defaults fastd_period=3 fastd_matype=0
09:39:57 [WARNING] STOCHF combo [13, 3] is missing 1 parameter(s); using defaults fastd_period=3 fastd_matype=0
09:39:57 [WARNING] STOCHF combo [21, 3] is missing 1 parameter(s); using defaults fastd_period=3 fastd_matype=0
09:39:57 [WARNING] STOCHF combo [21, 5] is missing 1 parameter(s); using defaults fastd_period=5 fastd_matype=0
09:39:57 [WARNING] STOCHF combo [34, 5] is missing 1 parameter(s); using defaults fastd_period=5 fastd_matype=0
09:39:57 [WARNING] STOCHF combo [55, 5] is missing 1 parameter(s); using defaults fastd_period=5 fastd_matype=0
09:39:57 [WARNING] STOCHF combo [89, 8] is missing 1 parameter(s); using defaults fastd_period=8 fastd_matype=0
09:39:57 [WARNING] STOCHRSI combo [9, 5, 3] is missing 1 parameter(s); using defaults fastk_period=5 fastd_period=3 fastd_matype=0
09:39:57 [WARNING] STOCHRSI combo [14, 5, 3] is missing 1 parameter(s); using defaults fastk_period=5 fastd_period=3 fastd_matype=0
09:39:57 [WARNING] STOCHRSI combo [14, 3, 3] is missing 1 parameter(s); using defaults fastk_period=3 fastd_period=3 fastd_matype=0
09:39:57 [WARNING] STOCHRSI combo [21, 5, 3] is missing 1 parameter(s); using defaults fastk_period=5 fastd_period=3 fastd_matype=0
09:39:57 [WARNING] STOCHRSI combo [21, 8, 5] is missing 1 parameter(s); using defaults fastk_period=8 fastd_period=5 fastd_matype=0
09:39:57 [WARNING] STOCHRSI combo [34, 8, 5] is missing 1 parameter(s); using defaults fastk_period=8 fastd_period=5 fastd_matype=0
09:39:57 [WARNING] STOCHRSI combo [55, 8, 5] is missing 1 parameter(s); using defaults fastk_period=8 fastd_period=5 fastd_matype=0
09:40:01 [INFO] [L2] Completed: 11621 cols in 3.91s
09:40:02 [INFO] [Layer 2] 100% - Layer 2 completed: 11621 features
09:40:02 [INFO] Layer 2 done: 11621 cols, status=ok, rss=1814MB
09:40:02 [INFO] [Layer 3] 0% - Starting Layer 3...
09:40:02 [INFO] Layer 3 starting, rss=1814MB
09:40:04 [INFO] [L3 streaming][numba][multi] step 10/20 (W5_range): 898→898 cols (-0 dead)
09:40:04 [INFO] [L3 streaming][numba][multi] step 20/20 (W13_range): 898→898 cols (-0 dead)
09:40:04 [INFO] [L3 streaming][numba][multi] complete: 17960 total generated, 0 dead dropped, 17960 survivors
09:40:05 [INFO] [Layer 3] 100% - Layer 3 completed: 17960 features
09:40:05 [INFO] Layer 3 done: 17960 cols, status=ok, rss=1763MB
09:40:05 [INFO] [Layer 4] 0% - Starting Layer 4...
09:40:05 [INFO] Layer 4 starting, rss=1763MB
09:40:06 [INFO] [Layer 4] 100% - Layer 4 completed: 7224 features
09:40:06 [INFO] Layer 4 done: 7224 cols, status=ok, rss=1997MB
09:40:06 [INFO] [Layer 5] 0% - Starting Layer 5...
09:40:06 [INFO] Layer 5 starting, rss=1997MB
09:40:06 [INFO] [Layer 5] 100% - Layer 5 completed: 0 features
09:40:06 [INFO] Layer 5 done: 0 cols, status=empty_disabled, rss=1997MB
09:40:06 [INFO] [Layer 6] 0% - Starting Layer 6...
09:40:06 [INFO] Layer 6 starting, rss=1997MB
09:40:06 [INFO] [Layer 6] 100% - Layer 6 completed: 10 features
09:40:06 [INFO] Layer 6 done: 10 cols, status=ok, rss=1998MB
09:40:06 [INFO] [memmap concat] 5 DFs → 37713 cols × 4811 rows ≈ 0.73 GB → disk-backed
09:40:06 [INFO] [memmap] created: shape=(4811, 37713), dtype=<class 'numpy.float32'>, est=0.73 GB  (file auto-unlinked)
09:40:06 [INFO] [memmap concat] copying DF 1/5 (898 cols)
09:40:06 [INFO] [memmap concat] copying DF 2/5 (11621 cols)
09:40:07 [INFO] [memmap concat] copying DF 3/5 (17960 cols)
09:40:08 [INFO] [memmap concat] copying DF 4/5 (7224 cols)
09:40:08 [INFO] [memmap concat] copying DF 5/5 (10 cols)
09:40:25 [INFO] [CGSA] Initialized ColumnGroupRegistry at /private/var/folders/_c/3xdf41hd3tvgxpx63mrml2c00000gn/T/pytest-of-louis/pytest-9/test_small_mutation_causal_win0/cgsa_work (tier=8gb, buffer_groups=0)
09:40:25 [INFO] Fetching spot data: BTCUSDT/1h
09:40:25 [INFO] Read 20352 klines from BTCUSDT/1h in 0.045s
09:40:25 [INFO] Aligned data for BTCUSDT/1h: 20352 rows, 5 columns
09:40:25 [INFO] [Layer 1] 0% - Starting Layer 1...
09:40:25 [INFO] Layer 1 starting, rss=2443MB
09:40:25 [WARNING] STOCH combo [5, 3, 3] is missing 2 parameter(s); using defaults slowk=3 slowd=3 slowk_matype=0 slowd_matype=0
09:40:25 [WARNING] STOCH combo [8, 3, 3] is missing 2 parameter(s); using defaults slowk=3 slowd=3 slowk_matype=0 slowd_matype=0
09:40:25 [WARNING] STOCH combo [13, 3, 3] is missing 2 parameter(s); using defaults slowk=3 slowd=3 slowk_matype=0 slowd_matype=0
09:40:25 [WARNING] STOCH combo [13, 5, 3] is missing 2 parameter(s); using defaults slowk=5 slowd=3 slowk_matype=0 slowd_matype=0
09:40:25 [WARNING] STOCH combo [21, 3, 3] is missing 2 parameter(s); using defaults slowk=3 slowd=3 slowk_matype=0 slowd_matype=0
09:40:25 [WARNING] STOCH combo [21, 5, 3] is missing 2 parameter(s); using defaults slowk=5 slowd=3 slowk_matype=0 slowd_matype=0
09:40:25 [WARNING] STOCH combo [21, 5, 5] is missing 2 parameter(s); using defaults slowk=5 slowd=5 slowk_matype=0 slowd_matype=0
09:40:25 [WARNING] STOCH combo [34, 5, 3] is missing 2 parameter(s); using defaults slowk=5 slowd=3 slowk_matype=0 slowd_matype=0
09:40:25 [WARNING] STOCH combo [34, 5, 5] is missing 2 parameter(s); using defaults slowk=5 slowd=5 slowk_matype=0 slowd_matype=0
09:40:25 [WARNING] STOCH combo [55, 5, 5] is missing 2 parameter(s); using defaults slowk=5 slowd=5 slowk_matype=0 slowd_matype=0
09:40:25 [WARNING] STOCH combo [55, 8, 5] is missing 2 parameter(s); using defaults slowk=8 slowd=5 slowk_matype=0 slowd_matype=0
09:40:25 [WARNING] STOCH combo [89, 8, 5] is missing 2 parameter(s); using defaults slowk=8 slowd=5 slowk_matype=0 slowd_matype=0
09:40:25 [WARNING] STOCHF combo [5, 3] is missing 1 parameter(s); using defaults fastd_period=3 fastd_matype=0
09:40:25 [WARNING] STOCHF combo [8, 3] is missing 1 parameter(s); using defaults fastd_period=3 fastd_matype=0
09:40:25 [WARNING] STOCHF combo [13, 3] is missing 1 parameter(s); using defaults fastd_period=3 fastd_matype=0
09:40:25 [WARNING] STOCHF combo [21, 3] is missing 1 parameter(s); using defaults fastd_period=3 fastd_matype=0
09:40:25 [WARNING] STOCHF combo [21, 5] is missing 1 parameter(s); using defaults fastd_period=5 fastd_matype=0
09:40:25 [WARNING] STOCHF combo [34, 5] is missing 1 parameter(s); using defaults fastd_period=5 fastd_matype=0
09:40:25 [WARNING] STOCHF combo [55, 5] is missing 1 parameter(s); using defaults fastd_period=5 fastd_matype=0
09:40:25 [WARNING] STOCHF combo [89, 8] is missing 1 parameter(s); using defaults fastd_period=8 fastd_matype=0
09:40:25 [WARNING] STOCHRSI combo [9, 5, 3] is missing 1 parameter(s); using defaults fastk_period=5 fastd_period=3 fastd_matype=0
09:40:25 [WARNING] STOCHRSI combo [14, 5, 3] is missing 1 parameter(s); using defaults fastk_period=5 fastd_period=3 fastd_matype=0
09:40:25 [WARNING] STOCHRSI combo [14, 3, 3] is missing 1 parameter(s); using defaults fastk_period=3 fastd_period=3 fastd_matype=0
09:40:25 [WARNING] STOCHRSI combo [21, 5, 3] is missing 1 parameter(s); using defaults fastk_period=5 fastd_period=3 fastd_matype=0
09:40:25 [WARNING] STOCHRSI combo [21, 8, 5] is missing 1 parameter(s); using defaults fastk_period=8 fastd_period=5 fastd_matype=0
09:40:25 [WARNING] STOCHRSI combo [34, 8, 5] is missing 1 parameter(s); using defaults fastk_period=8 fastd_period=5 fastd_matype=0
09:40:25 [WARNING] STOCHRSI combo [55, 8, 5] is missing 1 parameter(s); using defaults fastk_period=8 fastd_period=5 fastd_matype=0
09:40:26 [INFO] [Layer 1] 100% - Layer 1 completed: 898 features
09:40:26 [INFO] Layer 1 done: 898 cols, status=ok, rss=2686MB
09:40:26 [INFO] [Layer 2] 0% - Starting Layer 2...
09:40:26 [INFO] Layer 2 starting, rss=2686MB
09:40:26 [INFO] [L2] Starting derived features: 898 L1 cols
09:40:26 [WARNING] STOCH combo [5, 3, 3] is missing 2 parameter(s); using defaults slowk=3 slowd=3 slowk_matype=0 slowd_matype=0
09:40:26 [WARNING] STOCH combo [8, 3, 3] is missing 2 parameter(s); using defaults slowk=3 slowd=3 slowk_matype=0 slowd_matype=0
09:40:26 [WARNING] STOCH combo [13, 3, 3] is missing 2 parameter(s); using defaults slowk=3 slowd=3 slowk_matype=0 slowd_matype=0
09:40:26 [WARNING] STOCH combo [13, 5, 3] is missing 2 parameter(s); using defaults slowk=5 slowd=3 slowk_matype=0 slowd_matype=0
09:40:26 [WARNING] STOCH combo [21, 3, 3] is missing 2 parameter(s); using defaults slowk=3 slowd=3 slowk_matype=0 slowd_matype=0
09:40:26 [WARNING] STOCH combo [21, 5, 3] is missing 2 parameter(s); using defaults slowk=5 slowd=3 slowk_matype=0 slowd_matype=0
09:40:26 [WARNING] STOCH combo [21, 5, 5] is missing 2 parameter(s); using defaults slowk=5 slowd=5 slowk_matype=0 slowd_matype=0
09:40:26 [WARNING] STOCH combo [34, 5, 3] is missing 2 parameter(s); using defaults slowk=5 slowd=3 slowk_matype=0 slowd_matype=0
09:40:26 [WARNING] STOCH combo [34, 5, 5] is missing 2 parameter(s); using defaults slowk=5 slowd=5 slowk_matype=0 slowd_matype=0
09:40:26 [WARNING] STOCH combo [55, 5, 5] is missing 2 parameter(s); using defaults slowk=5 slowd=5 slowk_matype=0 slowd_matype=0
09:40:26 [WARNING] STOCH combo [55, 8, 5] is missing 2 parameter(s); using defaults slowk=8 slowd=5 slowk_matype=0 slowd_matype=0
09:40:26 [WARNING] STOCH combo [89, 8, 5] is missing 2 parameter(s); using defaults slowk=8 slowd=5 slowk_matype=0 slowd_matype=0
09:40:26 [WARNING] STOCHF combo [5, 3] is missing 1 parameter(s); using defaults fastd_period=3 fastd_matype=0
09:40:26 [WARNING] STOCHF combo [8, 3] is missing 1 parameter(s); using defaults fastd_period=3 fastd_matype=0
09:40:26 [WARNING] STOCHF combo [13, 3] is missing 1 parameter(s); using defaults fastd_period=3 fastd_matype=0
09:40:26 [WARNING] STOCHF combo [21, 3] is missing 1 parameter(s); using defaults fastd_period=3 fastd_matype=0
09:40:26 [WARNING] STOCHF combo [21, 5] is missing 1 parameter(s); using defaults fastd_period=5 fastd_matype=0
09:40:26 [WARNING] STOCHF combo [34, 5] is missing 1 parameter(s); using defaults fastd_period=5 fastd_matype=0
09:40:26 [WARNING] STOCHF combo [55, 5] is missing 1 parameter(s); using defaults fastd_period=5 fastd_matype=0
09:40:26 [WARNING] STOCHF combo [89, 8] is missing 1 parameter(s); using defaults fastd_period=8 fastd_matype=0
09:40:26 [WARNING] STOCHRSI combo [9, 5, 3] is missing 1 parameter(s); using defaults fastk_period=5 fastd_period=3 fastd_matype=0
09:40:26 [WARNING] STOCHRSI combo [14, 5, 3] is missing 1 parameter(s); using defaults fastk_period=5 fastd_period=3 fastd_matype=0
09:40:26 [WARNING] STOCHRSI combo [14, 3, 3] is missing 1 parameter(s); using defaults fastk_period=3 fastd_period=3 fastd_matype=0
09:40:26 [WARNING] STOCHRSI combo [21, 5, 3] is missing 1 parameter(s); using defaults fastk_period=5 fastd_period=3 fastd_matype=0
09:40:26 [WARNING] STOCHRSI combo [21, 8, 5] is missing 1 parameter(s); using defaults fastk_period=8 fastd_period=5 fastd_matype=0
09:40:26 [WARNING] STOCHRSI combo [34, 8, 5] is missing 1 parameter(s); using defaults fastk_period=8 fastd_period=5 fastd_matype=0
09:40:26 [WARNING] STOCHRSI combo [55, 8, 5] is missing 1 parameter(s); using defaults fastk_period=8 fastd_period=5 fastd_matype=0
09:40:53 [INFO] [CGSA] L2 persisted group=1h_L2_Momentum shards=3 total_bytes=257.1 MiB
09:40:53 [INFO] [L2] Completed: 11621 cols in 27.14s
09:40:54 [INFO] [Layer 2] 100% - Layer 2 completed: 11621 features
09:40:54 [INFO] Layer 2 done: 11621 cols, status=ok, rss=1256MB
09:40:54 [INFO] [memmap] created: shape=(7504, 11621), dtype=<class 'numpy.float32'>, est=0.35 GB  (file auto-unlinked)
09:40:55 [INFO] [spill] layer2: 7504×11621 → float32 memmap in 0.7s (freed ~0.7 GB float64)
09:40:55 [INFO] [Layer 3] 0% - Starting Layer 3...
09:40:55 [INFO] Layer 3 starting, rss=1797MB
09:40:59 [INFO] [L3 streaming][numba][multi][persist] step 10/20 (W5_range): 898→898 cols (-0 dead)
09:40:59 [INFO] [L3 streaming][numba][multi][persist] step 20/20 (W13_range): 898→898 cols (-0 dead)
09:40:59 [INFO] [L3 streaming][numba][multi][persist] complete: 17960 generated, 4 dropped, 17956 survivors persisted via callback
09:41:01 [INFO] [L3] streaming persist (mode=streaming) complete: 17956 cols persisted in 20 groups
09:41:01 [INFO] [Layer 3] 100% - Layer 3 completed: 0 features
09:41:01 [INFO] Layer 3 done: 0 cols, status=offloaded_to_registry, rss=1333MB
09:41:01 [INFO] [Layer 4] 0% - Starting Layer 4...
09:41:01 [INFO] Layer 4 starting, rss=1333MB
09:41:02 [INFO] [Layer 4] 100% - Layer 4 completed: 7224 features
09:41:02 [INFO] Layer 4 done: 7224 cols, status=ok, rss=2034MB
09:41:02 [INFO] [Layer 5] 0% - Starting Layer 5...
09:41:02 [INFO] Layer 5 starting, rss=2034MB
09:41:02 [INFO] [Layer 5] 100% - Layer 5 completed: 0 features
09:41:02 [INFO] Layer 5 done: 0 cols, status=empty_disabled, rss=2034MB
09:41:02 [INFO] [Layer 6] 0% - Starting Layer 6...
09:41:02 [INFO] Layer 6 starting, rss=2034MB
09:41:02 [INFO] [Layer 6] 100% - Layer 6 completed: 10 features
09:41:02 [INFO] Layer 6 done: 10 cols, status=ok, rss=2035MB
09:41:02 [INFO] [CGSA] Disk pre-check OK: layer=L4_lag symbol=BTCUSDT tf=1h need=2.39 GiB (planned_new=0.20 GiB, max_inflight_tmp×2=0.19 GiB, reserve=2.00 GiB) free=33.18 GiB shape=(7504, 7224)
09:41:02 [INFO] [CGSA] L4_lag persisted group=1h_L4_lag_1 shards=2 total_bytes=143.1 MiB
09:41:02 [INFO] [CGSA] Persisted L4_lag: 7224 cols → 2 groups (tf=1h)
09:41:02 [INFO] [CGSA] Disk pre-check OK: layer=L6_meta symbol=BTCUSDT tf=1h need=2.00 GiB (planned_new=0.00 GiB, max_inflight_tmp×2=0.00 GiB, reserve=2.00 GiB) free=32.98 GiB shape=(7504, 10)
09:41:02 [INFO] [CGSA] Persisted L6_meta: 10 cols → 1 groups (tf=1h)
09:41:05 [INFO] [L7][CGSA] Quality summary: inf_count=0, coverage=0.9512, non_nan=269169713/282968336
09:41:05 [INFO] [L7_raw] Disk pre-check OK: required=2.00 GiB (safety x1.50), estimated_final=0.53 GiB, reclaimable_npy=1.05 GiB, net_growth=0.00 GiB, max_inflight_part=0.14 GiB, largest_part_source=1h_L2_Momentum, reserve_floor=2.00 GiB, free=32.98 GiB, groups=241
09:41:05 [INFO] [L6.5] raw-sink path uses serial group streaming for disk safety (requested_workers=2)
09:41:05 [INFO] [L6.5] Registry raw-sink config: groups=241 requested_workers=2 effective_workers=1 mode=append use_fast=False can_use_numba_fast=False winsor=True rank=False zscore=False fracdiff=False fracdiff_apply_to=non_stationary fracdiff_layers=['L1', 'L2'] adf=False gaussian=False
09:41:05 [INFO] [L6.5] Raw-sink start: 238 full groups (fast=0, slow=238) + 3 big-group splits → 248 sub-tasks (requested_workers=2, effective_workers=1, split_threshold=2000, slow_chunked=3, max_group_cols=8980, schedule=largest_first, rss=904MB)
09:41:06 [INFO] [L6.5] raw-sink chunk stream start: group=1h_L2_Momentum cols=8980 chunks=5 chunk_size=2000 rss=638MB
09:41:11 [INFO] [L6.5] raw-sink chunk stream complete: group=1h_L2_Momentum chunks=5 outputs=5 rss=1389MB
09:41:11 [INFO] [L6.5] raw-sink chunk stream start: group=1h_L4_lag_1 cols=5000 chunks=3 chunk_size=2000 rss=1418MB
09:41:14 [INFO] [L6.5] raw-sink chunk stream complete: group=1h_L4_lag_1 chunks=3 outputs=3 rss=1185MB
09:41:14 [INFO] [L6.5] raw-sink chunk stream start: group=1h_L4_lag_2 cols=2224 chunks=2 chunk_size=2000 rss=1185MB
09:41:15 [INFO] [L6.5] raw-sink chunk stream complete: group=1h_L4_lag_2 chunks=2 outputs=2 rss=1231MB
09:41:16 [INFO] [L6.5] raw-sink heartbeat: tasks 12/248 (4.8%), groups 5/241, elapsed=10.7s, rate=1.12/s, ETA=210s, rss=1316MB, last=1h_L2_Ratio (full)
09:41:22 [INFO] [L6.5] raw-sink heartbeat: tasks 24/248 (9.7%), groups 17/241, elapsed=16.5s, rate=1.45/s, ETA=154s, rss=1338MB, last=1h_L3_rolling_W5_Min_1 (full)
09:41:26 [INFO] [L6.5] raw-sink heartbeat: tasks 36/248 (14.5%), groups 29/241, elapsed=21.0s, rate=1.71/s, ETA=124s, rss=1341MB, last=1h_L1_trend_EMA (full)
09:41:27 [INFO] [L6.5] raw-sink heartbeat: tasks 48/248 (19.4%), groups 41/241, elapsed=22.1s, rate=2.17/s, ETA=92s, rss=1341MB, last=1h_L1_trend_MAVP (full)
09:41:29 [INFO] [L6.5] raw-sink heartbeat: tasks 60/248 (24.2%), groups 53/241, elapsed=23.2s, rate=2.58/s, ETA=73s, rss=1341MB, last=1h_L1_momentum_WILLR (full)
09:41:30 [INFO] [L6.5] raw-sink heartbeat: tasks 72/248 (29.0%), groups 65/241, elapsed=24.3s, rate=2.96/s, ETA=59s, rss=1341MB, last=1h_L1_momentum_PLUS-DM (full)
09:41:31 [INFO] [L6.5] raw-sink heartbeat: tasks 84/248 (33.9%), groups 77/241, elapsed=25.4s, rate=3.31/s, ETA=50s, rss=1341MB, last=1h_L1_momentum_APO_55-144-0 (full)
09:41:32 [INFO] [L6.5] raw-sink heartbeat: tasks 96/248 (38.7%), groups 89/241, elapsed=26.4s, rate=3.64/s, ETA=42s, rss=1341MB, last=1h_L1_momentum_MACD-Hist_5-21-5 (full)
09:41:33 [INFO] [L6.5] raw-sink heartbeat: tasks 108/248 (43.5%), groups 101/241, elapsed=27.4s, rate=3.94/s, ETA=36s, rss=1342MB, last=1h_L1_momentum_MACD-Line_5-13-3 (full)
09:41:34 [INFO] [L6.5] raw-sink heartbeat: tasks 120/248 (48.4%), groups 113/241, elapsed=28.5s, rate=4.21/s, ETA=30s, rss=1342MB, last=1h_L1_momentum_MACD-Signal_34-89-13 (full)
09:41:35 [INFO] [L6.5] raw-sink heartbeat: tasks 132/248 (53.2%), groups 125/241, elapsed=29.5s, rate=4.47/s, ETA=26s, rss=1342MB, last=1h_L1_momentum_MACDEXT-Hist_34-144-21 (full)
09:41:36 [INFO] [L6.5] raw-sink heartbeat: tasks 144/248 (58.1%), groups 137/241, elapsed=30.6s, rate=4.71/s, ETA=22s, rss=1342MB, last=1h_L1_momentum_MACDEXT-Line_21-89-13 (full)
09:41:37 [INFO] [L6.5] raw-sink heartbeat: tasks 156/248 (62.9%), groups 149/241, elapsed=31.6s, rate=4.93/s, ETA=19s, rss=1342MB, last=1h_L1_momentum_MACDEXT-Signal_21-55-9 (full)
09:41:38 [INFO] [L6.5] raw-sink heartbeat: tasks 168/248 (67.7%), groups 161/241, elapsed=32.7s, rate=5.14/s, ETA=16s, rss=1342MB, last=1h_L1_momentum_PPO_13-55-0 (full)
09:41:39 [INFO] [L6.5] raw-sink heartbeat: tasks 180/248 (72.6%), groups 173/241, elapsed=33.7s, rate=5.33/s, ETA=13s, rss=1342MB, last=1h_L1_momentum_STOCHRSI-fastd_14-5-3-0 (full)
09:41:40 [INFO] [L6.5] raw-sink heartbeat: tasks 192/248 (77.4%), groups 185/241, elapsed=34.8s, rate=5.52/s, ETA=10s, rss=1342MB, last=1h_L1_momentum_STOCHRSI-fastk_9-5-3-0 (full)
09:41:41 [INFO] [L6.5] raw-sink heartbeat: tasks 204/248 (82.3%), groups 197/241, elapsed=35.8s, rate=5.70/s, ETA=8s, rss=1342MB, last=1h_L1_momentum_STOCH-slowd_5-3-0-3-0 (full)
09:41:42 [INFO] [L6.5] raw-sink heartbeat: tasks 216/248 (87.1%), groups 209/241, elapsed=36.9s, rate=5.86/s, ETA=5s, rss=1342MB, last=1h_L1_momentum_STOCH-slowk_5-3-0-3-0 (full)
09:41:43 [INFO] [L6.5] raw-sink heartbeat: tasks 228/248 (91.9%), groups 221/241, elapsed=37.9s, rate=6.02/s, ETA=3s, rss=1342MB, last=1h_L1_momentum_STOCHF-fastd_89-8-0 (full)
09:41:44 [INFO] [L6.5] raw-sink heartbeat: tasks 240/248 (96.8%), groups 233/241, elapsed=38.9s, rate=6.17/s, ETA=1s, rss=1342MB, last=1h_L1_momentum_ULTOSC_21-55-144 (full)
09:41:45 [INFO] [L6.5] raw-sink heartbeat: tasks 248/248 (100.0%), groups 241/241, elapsed=39.6s, rate=6.26/s, ETA=0s, rss=1342MB, last=1h_L1_trend_SAR_0.02-0.2 (full)
09:41:45 [INFO] [L6.5] raw-sink complete: 241/241 groups in 39.68s rss=1342MB
09:41:45 [INFO] [Layer B Sanitize][CGSA] nulled 441545 non-finite/over-cap values (finite_cap=1e+18) across all streamed features
09:41:46 [INFO] [L7_raw] registry stream persist done: symbol=BTCUSDT tf=1h groups=248 features=37709 npy_freed=1.05 GiB dtype=mixed
09:41:46 [INFO] Loaded feature registry with 1 entries
PASSED                                                                   [ 50%]
tests/feature_engineering/test_ff_fullchain_truncation_small_mr.py::test_small_mutation_l4_lag_shift_minus_one_fails 
-------------------------------- live log call ---------------------------------
09:41:55 [INFO] KlineStorageManager initialized: data_cache/feature_klines/kline_cache.h5
09:41:55 [INFO] Registered adapter: crypto_spot
09:41:55 [WARNING] STOCH combo [5, 3, 3] is missing 2 parameter(s); using defaults slowk=3 slowd=3 slowk_matype=0 slowd_matype=0
09:41:55 [WARNING] STOCH combo [8, 3, 3] is missing 2 parameter(s); using defaults slowk=3 slowd=3 slowk_matype=0 slowd_matype=0
09:41:55 [WARNING] STOCH combo [13, 3, 3] is missing 2 parameter(s); using defaults slowk=3 slowd=3 slowk_matype=0 slowd_matype=0
09:41:55 [WARNING] STOCH combo [13, 5, 3] is missing 2 parameter(s); using defaults slowk=5 slowd=3 slowk_matype=0 slowd_matype=0
09:41:55 [WARNING] STOCH combo [21, 3, 3] is missing 2 parameter(s); using defaults slowk=3 slowd=3 slowk_matype=0 slowd_matype=0
09:41:55 [WARNING] STOCH combo [21, 5, 3] is missing 2 parameter(s); using defaults slowk=5 slowd=3 slowk_matype=0 slowd_matype=0
09:41:55 [WARNING] STOCH combo [21, 5, 5] is missing 2 parameter(s); using defaults slowk=5 slowd=5 slowk_matype=0 slowd_matype=0
09:41:55 [WARNING] STOCH combo [34, 5, 3] is missing 2 parameter(s); using defaults slowk=5 slowd=3 slowk_matype=0 slowd_matype=0
09:41:55 [WARNING] STOCH combo [34, 5, 5] is missing 2 parameter(s); using defaults slowk=5 slowd=5 slowk_matype=0 slowd_matype=0
09:41:55 [WARNING] STOCH combo [55, 5, 5] is missing 2 parameter(s); using defaults slowk=5 slowd=5 slowk_matype=0 slowd_matype=0
09:41:55 [WARNING] STOCH combo [55, 8, 5] is missing 2 parameter(s); using defaults slowk=8 slowd=5 slowk_matype=0 slowd_matype=0
09:41:55 [WARNING] STOCH combo [89, 8, 5] is missing 2 parameter(s); using defaults slowk=8 slowd=5 slowk_matype=0 slowd_matype=0
09:41:55 [WARNING] STOCHF combo [5, 3] is missing 1 parameter(s); using defaults fastd_period=3 fastd_matype=0
09:41:55 [WARNING] STOCHF combo [8, 3] is missing 1 parameter(s); using defaults fastd_period=3 fastd_matype=0
09:41:55 [WARNING] STOCHF combo [13, 3] is missing 1 parameter(s); using defaults fastd_period=3 fastd_matype=0
09:41:55 [WARNING] STOCHF combo [21, 3] is missing 1 parameter(s); using defaults fastd_period=3 fastd_matype=0
09:41:55 [WARNING] STOCHF combo [21, 5] is missing 1 parameter(s); using defaults fastd_period=5 fastd_matype=0
09:41:55 [WARNING] STOCHF combo [34, 5] is missing 1 parameter(s); using defaults fastd_period=5 fastd_matype=0
09:41:55 [WARNING] STOCHF combo [55, 5] is missing 1 parameter(s); using defaults fastd_period=5 fastd_matype=0
09:41:55 [WARNING] STOCHF combo [89, 8] is missing 1 parameter(s); using defaults fastd_period=8 fastd_matype=0
09:41:55 [WARNING] STOCHRSI combo [9, 5, 3] is missing 1 parameter(s); using defaults fastk_period=5 fastd_period=3 fastd_matype=0
09:41:55 [WARNING] STOCHRSI combo [14, 5, 3] is missing 1 parameter(s); using defaults fastk_period=5 fastd_period=3 fastd_matype=0
09:41:55 [WARNING] STOCHRSI combo [14, 3, 3] is missing 1 parameter(s); using defaults fastk_period=3 fastd_period=3 fastd_matype=0
09:41:55 [WARNING] STOCHRSI combo [21, 5, 3] is missing 1 parameter(s); using defaults fastk_period=5 fastd_period=3 fastd_matype=0
09:41:55 [WARNING] STOCHRSI combo [21, 8, 5] is missing 1 parameter(s); using defaults fastk_period=8 fastd_period=5 fastd_matype=0
09:41:55 [WARNING] STOCHRSI combo [34, 8, 5] is missing 1 parameter(s); using defaults fastk_period=8 fastd_period=5 fastd_matype=0
09:41:55 [WARNING] STOCHRSI combo [55, 8, 5] is missing 1 parameter(s); using defaults fastk_period=8 fastd_period=5 fastd_matype=0
09:41:55 [INFO] KlineStorageManager initialized: data_cache/feature_klines/kline_cache.h5
09:41:55 [INFO] Registered adapter: crypto_spot
09:41:55 [WARNING] STOCH combo [5, 3, 3] is missing 2 parameter(s); using defaults slowk=3 slowd=3 slowk_matype=0 slowd_matype=0
09:41:55 [WARNING] STOCH combo [8, 3, 3] is missing 2 parameter(s); using defaults slowk=3 slowd=3 slowk_matype=0 slowd_matype=0
09:41:55 [WARNING] STOCH combo [13, 3, 3] is missing 2 parameter(s); using defaults slowk=3 slowd=3 slowk_matype=0 slowd_matype=0
09:41:55 [WARNING] STOCH combo [13, 5, 3] is missing 2 parameter(s); using defaults slowk=5 slowd=3 slowk_matype=0 slowd_matype=0
09:41:55 [WARNING] STOCH combo [21, 3, 3] is missing 2 parameter(s); using defaults slowk=3 slowd=3 slowk_matype=0 slowd_matype=0
09:41:55 [WARNING] STOCH combo [21, 5, 3] is missing 2 parameter(s); using defaults slowk=5 slowd=3 slowk_matype=0 slowd_matype=0
09:41:55 [WARNING] STOCH combo [21, 5, 5] is missing 2 parameter(s); using defaults slowk=5 slowd=5 slowk_matype=0 slowd_matype=0
09:41:55 [WARNING] STOCH combo [34, 5, 3] is missing 2 parameter(s); using defaults slowk=5 slowd=3 slowk_matype=0 slowd_matype=0
09:41:55 [WARNING] STOCH combo [34, 5, 5] is missing 2 parameter(s); using defaults slowk=5 slowd=5 slowk_matype=0 slowd_matype=0
09:41:55 [WARNING] STOCH combo [55, 5, 5] is missing 2 parameter(s); using defaults slowk=5 slowd=5 slowk_matype=0 slowd_matype=0
09:41:55 [WARNING] STOCH combo [55, 8, 5] is missing 2 parameter(s); using defaults slowk=8 slowd=5 slowk_matype=0 slowd_matype=0
09:41:55 [WARNING] STOCH combo [89, 8, 5] is missing 2 parameter(s); using defaults slowk=8 slowd=5 slowk_matype=0 slowd_matype=0
09:41:55 [WARNING] STOCHF combo [5, 3] is missing 1 parameter(s); using defaults fastd_period=3 fastd_matype=0
09:41:55 [WARNING] STOCHF combo [8, 3] is missing 1 parameter(s); using defaults fastd_period=3 fastd_matype=0
09:41:55 [WARNING] STOCHF combo [13, 3] is missing 1 parameter(s); using defaults fastd_period=3 fastd_matype=0
09:41:55 [WARNING] STOCHF combo [21, 3] is missing 1 parameter(s); using defaults fastd_period=3 fastd_matype=0
09:41:55 [WARNING] STOCHF combo [21, 5] is missing 1 parameter(s); using defaults fastd_period=5 fastd_matype=0
09:41:55 [WARNING] STOCHF combo [34, 5] is missing 1 parameter(s); using defaults fastd_period=5 fastd_matype=0
09:41:55 [WARNING] STOCHF combo [55, 5] is missing 1 parameter(s); using defaults fastd_period=5 fastd_matype=0
09:41:55 [WARNING] STOCHF combo [89, 8] is missing 1 parameter(s); using defaults fastd_period=8 fastd_matype=0
09:41:55 [WARNING] STOCHRSI combo [9, 5, 3] is missing 1 parameter(s); using defaults fastk_period=5 fastd_period=3 fastd_matype=0
09:41:55 [WARNING] STOCHRSI combo [14, 5, 3] is missing 1 parameter(s); using defaults fastk_period=5 fastd_period=3 fastd_matype=0
09:41:55 [WARNING] STOCHRSI combo [14, 3, 3] is missing 1 parameter(s); using defaults fastk_period=3 fastd_period=3 fastd_matype=0
09:41:55 [WARNING] STOCHRSI combo [21, 5, 3] is missing 1 parameter(s); using defaults fastk_period=5 fastd_period=3 fastd_matype=0
09:41:55 [WARNING] STOCHRSI combo [21, 8, 5] is missing 1 parameter(s); using defaults fastk_period=8 fastd_period=5 fastd_matype=0
09:41:55 [WARNING] STOCHRSI combo [34, 8, 5] is missing 1 parameter(s); using defaults fastk_period=8 fastd_period=5 fastd_matype=0
09:41:55 [WARNING] STOCHRSI combo [55, 8, 5] is missing 1 parameter(s); using defaults fastk_period=8 fastd_period=5 fastd_matype=0
09:41:55 [WARNING] STOCH combo [5, 3, 3] is missing 2 parameter(s); using defaults slowk=3 slowd=3 slowk_matype=0 slowd_matype=0
09:41:55 [WARNING] STOCH combo [8, 3, 3] is missing 2 parameter(s); using defaults slowk=3 slowd=3 slowk_matype=0 slowd_matype=0
09:41:55 [WARNING] STOCH combo [13, 3, 3] is missing 2 parameter(s); using defaults slowk=3 slowd=3 slowk_matype=0 slowd_matype=0
09:41:55 [WARNING] STOCH combo [13, 5, 3] is missing 2 parameter(s); using defaults slowk=5 slowd=3 slowk_matype=0 slowd_matype=0
09:41:55 [WARNING] STOCH combo [21, 3, 3] is missing 2 parameter(s); using defaults slowk=3 slowd=3 slowk_matype=0 slowd_matype=0
09:41:55 [WARNING] STOCH combo [21, 5, 3] is missing 2 parameter(s); using defaults slowk=5 slowd=3 slowk_matype=0 slowd_matype=0
09:41:55 [WARNING] STOCH combo [21, 5, 5] is missing 2 parameter(s); using defaults slowk=5 slowd=5 slowk_matype=0 slowd_matype=0
09:41:55 [WARNING] STOCH combo [34, 5, 3] is missing 2 parameter(s); using defaults slowk=5 slowd=3 slowk_matype=0 slowd_matype=0
09:41:55 [WARNING] STOCH combo [34, 5, 5] is missing 2 parameter(s); using defaults slowk=5 slowd=5 slowk_matype=0 slowd_matype=0
09:41:55 [WARNING] STOCH combo [55, 5, 5] is missing 2 parameter(s); using defaults slowk=5 slowd=5 slowk_matype=0 slowd_matype=0
09:41:55 [WARNING] STOCH combo [55, 8, 5] is missing 2 parameter(s); using defaults slowk=8 slowd=5 slowk_matype=0 slowd_matype=0
09:41:55 [WARNING] STOCH combo [89, 8, 5] is missing 2 parameter(s); using defaults slowk=8 slowd=5 slowk_matype=0 slowd_matype=0
09:41:55 [WARNING] STOCHF combo [5, 3] is missing 1 parameter(s); using defaults fastd_period=3 fastd_matype=0
09:41:55 [WARNING] STOCHF combo [8, 3] is missing 1 parameter(s); using defaults fastd_period=3 fastd_matype=0
09:41:55 [WARNING] STOCHF combo [13, 3] is missing 1 parameter(s); using defaults fastd_period=3 fastd_matype=0
09:41:55 [WARNING] STOCHF combo [21, 3] is missing 1 parameter(s); using defaults fastd_period=3 fastd_matype=0
09:41:55 [WARNING] STOCHF combo [21, 5] is missing 1 parameter(s); using defaults fastd_period=5 fastd_matype=0
09:41:55 [WARNING] STOCHF combo [34, 5] is missing 1 parameter(s); using defaults fastd_period=5 fastd_matype=0
09:41:55 [WARNING] STOCHF combo [55, 5] is missing 1 parameter(s); using defaults fastd_period=5 fastd_matype=0
09:41:55 [WARNING] STOCHF combo [89, 8] is missing 1 parameter(s); using defaults fastd_period=8 fastd_matype=0
09:41:55 [WARNING] STOCHRSI combo [9, 5, 3] is missing 1 parameter(s); using defaults fastk_period=5 fastd_period=3 fastd_matype=0
09:41:55 [WARNING] STOCHRSI combo [14, 5, 3] is missing 1 parameter(s); using defaults fastk_period=5 fastd_period=3 fastd_matype=0
09:41:55 [WARNING] STOCHRSI combo [14, 3, 3] is missing 1 parameter(s); using defaults fastk_period=3 fastd_period=3 fastd_matype=0
09:41:55 [WARNING] STOCHRSI combo [21, 5, 3] is missing 1 parameter(s); using defaults fastk_period=5 fastd_period=3 fastd_matype=0
09:41:55 [WARNING] STOCHRSI combo [21, 8, 5] is missing 1 parameter(s); using defaults fastk_period=8 fastd_period=5 fastd_matype=0
09:41:55 [WARNING] STOCHRSI combo [34, 8, 5] is missing 1 parameter(s); using defaults fastk_period=8 fastd_period=5 fastd_matype=0
09:41:55 [WARNING] STOCHRSI combo [55, 8, 5] is missing 1 parameter(s); using defaults fastk_period=8 fastd_period=5 fastd_matype=0
09:41:55 [WARNING] STOCH combo [5, 3, 3] is missing 2 parameter(s); using defaults slowk=3 slowd=3 slowk_matype=0 slowd_matype=0
09:41:55 [WARNING] STOCH combo [8, 3, 3] is missing 2 parameter(s); using defaults slowk=3 slowd=3 slowk_matype=0 slowd_matype=0
09:41:55 [WARNING] STOCH combo [13, 3, 3] is missing 2 parameter(s); using defaults slowk=3 slowd=3 slowk_matype=0 slowd_matype=0
09:41:55 [WARNING] STOCH combo [13, 5, 3] is missing 2 parameter(s); using defaults slowk=5 slowd=3 slowk_matype=0 slowd_matype=0
09:41:55 [WARNING] STOCH combo [21, 3, 3] is missing 2 parameter(s); using defaults slowk=3 slowd=3 slowk_matype=0 slowd_matype=0
09:41:55 [WARNING] STOCH combo [21, 5, 3] is missing 2 parameter(s); using defaults slowk=5 slowd=3 slowk_matype=0 slowd_matype=0
09:41:55 [WARNING] STOCH combo [21, 5, 5] is missing 2 parameter(s); using defaults slowk=5 slowd=5 slowk_matype=0 slowd_matype=0
09:41:55 [WARNING] STOCH combo [34, 5, 3] is missing 2 parameter(s); using defaults slowk=5 slowd=3 slowk_matype=0 slowd_matype=0
09:41:55 [WARNING] STOCH combo [34, 5, 5] is missing 2 parameter(s); using defaults slowk=5 slowd=5 slowk_matype=0 slowd_matype=0
09:41:55 [WARNING] STOCH combo [55, 5, 5] is missing 2 parameter(s); using defaults slowk=5 slowd=5 slowk_matype=0 slowd_matype=0
09:41:55 [WARNING] STOCH combo [55, 8, 5] is missing 2 parameter(s); using defaults slowk=8 slowd=5 slowk_matype=0 slowd_matype=0
09:41:55 [WARNING] STOCH combo [89, 8, 5] is missing 2 parameter(s); using defaults slowk=8 slowd=5 slowk_matype=0 slowd_matype=0
09:41:55 [WARNING] STOCHF combo [5, 3] is missing 1 parameter(s); using defaults fastd_period=3 fastd_matype=0
09:41:55 [WARNING] STOCHF combo [8, 3] is missing 1 parameter(s); using defaults fastd_period=3 fastd_matype=0
09:41:55 [WARNING] STOCHF combo [13, 3] is missing 1 parameter(s); using defaults fastd_period=3 fastd_matype=0
09:41:55 [WARNING] STOCHF combo [21, 3] is missing 1 parameter(s); using defaults fastd_period=3 fastd_matype=0
09:41:55 [WARNING] STOCHF combo [21, 5] is missing 1 parameter(s); using defaults fastd_period=5 fastd_matype=0
09:41:55 [WARNING] STOCHF combo [34, 5] is missing 1 parameter(s); using defaults fastd_period=5 fastd_matype=0
09:41:55 [WARNING] STOCHF combo [55, 5] is missing 1 parameter(s); using defaults fastd_period=5 fastd_matype=0
09:41:55 [WARNING] STOCHF combo [89, 8] is missing 1 parameter(s); using defaults fastd_period=8 fastd_matype=0
09:41:55 [WARNING] STOCHRSI combo [9, 5, 3] is missing 1 parameter(s); using defaults fastk_period=5 fastd_period=3 fastd_matype=0
09:41:55 [WARNING] STOCHRSI combo [14, 5, 3] is missing 1 parameter(s); using defaults fastk_period=5 fastd_period=3 fastd_matype=0
09:41:55 [WARNING] STOCHRSI combo [14, 3, 3] is missing 1 parameter(s); using defaults fastk_period=3 fastd_period=3 fastd_matype=0
09:41:55 [WARNING] STOCHRSI combo [21, 5, 3] is missing 1 parameter(s); using defaults fastk_period=5 fastd_period=3 fastd_matype=0
09:41:55 [WARNING] STOCHRSI combo [21, 8, 5] is missing 1 parameter(s); using defaults fastk_period=8 fastd_period=5 fastd_matype=0
09:41:55 [WARNING] STOCHRSI combo [34, 8, 5] is missing 1 parameter(s); using defaults fastk_period=8 fastd_period=5 fastd_matype=0
09:41:55 [WARNING] STOCHRSI combo [55, 8, 5] is missing 1 parameter(s); using defaults fastk_period=8 fastd_period=5 fastd_matype=0
09:41:55 [INFO] Fetching spot data: BTCUSDT/1h
09:41:55 [INFO] Read 20352 klines from BTCUSDT/1h in 0.008s
09:41:55 [INFO] Aligned data for BTCUSDT/1h: 20352 rows, 5 columns
09:41:55 [INFO] [Layer 1] 0% - Starting Layer 1...
09:41:55 [INFO] Layer 1 starting, rss=655MB
09:41:55 [WARNING] STOCH combo [5, 3, 3] is missing 2 parameter(s); using defaults slowk=3 slowd=3 slowk_matype=0 slowd_matype=0
09:41:55 [WARNING] STOCH combo [8, 3, 3] is missing 2 parameter(s); using defaults slowk=3 slowd=3 slowk_matype=0 slowd_matype=0
09:41:55 [WARNING] STOCH combo [13, 3, 3] is missing 2 parameter(s); using defaults slowk=3 slowd=3 slowk_matype=0 slowd_matype=0
09:41:55 [WARNING] STOCH combo [13, 5, 3] is missing 2 parameter(s); using defaults slowk=5 slowd=3 slowk_matype=0 slowd_matype=0
09:41:55 [WARNING] STOCH combo [21, 3, 3] is missing 2 parameter(s); using defaults slowk=3 slowd=3 slowk_matype=0 slowd_matype=0
09:41:55 [WARNING] STOCH combo [21, 5, 3] is missing 2 parameter(s); using defaults slowk=5 slowd=3 slowk_matype=0 slowd_matype=0
09:41:55 [WARNING] STOCH combo [21, 5, 5] is missing 2 parameter(s); using defaults slowk=5 slowd=5 slowk_matype=0 slowd_matype=0
09:41:55 [WARNING] STOCH combo [34, 5, 3] is missing 2 parameter(s); using defaults slowk=5 slowd=3 slowk_matype=0 slowd_matype=0
09:41:55 [WARNING] STOCH combo [34, 5, 5] is missing 2 parameter(s); using defaults slowk=5 slowd=5 slowk_matype=0 slowd_matype=0
09:41:55 [WARNING] STOCH combo [55, 5, 5] is missing 2 parameter(s); using defaults slowk=5 slowd=5 slowk_matype=0 slowd_matype=0
09:41:55 [WARNING] STOCH combo [55, 8, 5] is missing 2 parameter(s); using defaults slowk=8 slowd=5 slowk_matype=0 slowd_matype=0
09:41:55 [WARNING] STOCH combo [89, 8, 5] is missing 2 parameter(s); using defaults slowk=8 slowd=5 slowk_matype=0 slowd_matype=0
09:41:55 [WARNING] STOCHF combo [5, 3] is missing 1 parameter(s); using defaults fastd_period=3 fastd_matype=0
09:41:55 [WARNING] STOCHF combo [8, 3] is missing 1 parameter(s); using defaults fastd_period=3 fastd_matype=0
09:41:55 [WARNING] STOCHF combo [13, 3] is missing 1 parameter(s); using defaults fastd_period=3 fastd_matype=0
09:41:55 [WARNING] STOCHF combo [21, 3] is missing 1 parameter(s); using defaults fastd_period=3 fastd_matype=0
09:41:55 [WARNING] STOCHF combo [21, 5] is missing 1 parameter(s); using defaults fastd_period=5 fastd_matype=0
09:41:55 [WARNING] STOCHF combo [34, 5] is missing 1 parameter(s); using defaults fastd_period=5 fastd_matype=0
09:41:55 [WARNING] STOCHF combo [55, 5] is missing 1 parameter(s); using defaults fastd_period=5 fastd_matype=0
09:41:55 [WARNING] STOCHF combo [89, 8] is missing 1 parameter(s); using defaults fastd_period=8 fastd_matype=0
09:41:55 [WARNING] STOCHRSI combo [9, 5, 3] is missing 1 parameter(s); using defaults fastk_period=5 fastd_period=3 fastd_matype=0
09:41:55 [WARNING] STOCHRSI combo [14, 5, 3] is missing 1 parameter(s); using defaults fastk_period=5 fastd_period=3 fastd_matype=0
09:41:55 [WARNING] STOCHRSI combo [14, 3, 3] is missing 1 parameter(s); using defaults fastk_period=3 fastd_period=3 fastd_matype=0
09:41:55 [WARNING] STOCHRSI combo [21, 5, 3] is missing 1 parameter(s); using defaults fastk_period=5 fastd_period=3 fastd_matype=0
09:41:55 [WARNING] STOCHRSI combo [21, 8, 5] is missing 1 parameter(s); using defaults fastk_period=8 fastd_period=5 fastd_matype=0
09:41:55 [WARNING] STOCHRSI combo [34, 8, 5] is missing 1 parameter(s); using defaults fastk_period=8 fastd_period=5 fastd_matype=0
09:41:55 [WARNING] STOCHRSI combo [55, 8, 5] is missing 1 parameter(s); using defaults fastk_period=8 fastd_period=5 fastd_matype=0
09:41:55 [INFO] [Layer 1] 100% - Layer 1 completed: 898 features
09:41:55 [INFO] Layer 1 done: 898 cols, status=ok, rss=496MB
09:41:55 [INFO] [Layer 2] 0% - Starting Layer 2...
09:41:55 [INFO] Layer 2 starting, rss=496MB
09:41:55 [INFO] [L2] Starting derived features: 898 L1 cols
09:41:55 [WARNING] STOCH combo [5, 3, 3] is missing 2 parameter(s); using defaults slowk=3 slowd=3 slowk_matype=0 slowd_matype=0
09:41:55 [WARNING] STOCH combo [8, 3, 3] is missing 2 parameter(s); using defaults slowk=3 slowd=3 slowk_matype=0 slowd_matype=0
09:41:55 [WARNING] STOCH combo [13, 3, 3] is missing 2 parameter(s); using defaults slowk=3 slowd=3 slowk_matype=0 slowd_matype=0
09:41:55 [WARNING] STOCH combo [13, 5, 3] is missing 2 parameter(s); using defaults slowk=5 slowd=3 slowk_matype=0 slowd_matype=0
09:41:55 [WARNING] STOCH combo [21, 3, 3] is missing 2 parameter(s); using defaults slowk=3 slowd=3 slowk_matype=0 slowd_matype=0
09:41:55 [WARNING] STOCH combo [21, 5, 3] is missing 2 parameter(s); using defaults slowk=5 slowd=3 slowk_matype=0 slowd_matype=0
09:41:55 [WARNING] STOCH combo [21, 5, 5] is missing 2 parameter(s); using defaults slowk=5 slowd=5 slowk_matype=0 slowd_matype=0
09:41:55 [WARNING] STOCH combo [34, 5, 3] is missing 2 parameter(s); using defaults slowk=5 slowd=3 slowk_matype=0 slowd_matype=0
09:41:55 [WARNING] STOCH combo [34, 5, 5] is missing 2 parameter(s); using defaults slowk=5 slowd=5 slowk_matype=0 slowd_matype=0
09:41:55 [WARNING] STOCH combo [55, 5, 5] is missing 2 parameter(s); using defaults slowk=5 slowd=5 slowk_matype=0 slowd_matype=0
09:41:55 [WARNING] STOCH combo [55, 8, 5] is missing 2 parameter(s); using defaults slowk=8 slowd=5 slowk_matype=0 slowd_matype=0
09:41:55 [WARNING] STOCH combo [89, 8, 5] is missing 2 parameter(s); using defaults slowk=8 slowd=5 slowk_matype=0 slowd_matype=0
09:41:55 [WARNING] STOCHF combo [5, 3] is missing 1 parameter(s); using defaults fastd_period=3 fastd_matype=0
09:41:55 [WARNING] STOCHF combo [8, 3] is missing 1 parameter(s); using defaults fastd_period=3 fastd_matype=0
09:41:55 [WARNING] STOCHF combo [13, 3] is missing 1 parameter(s); using defaults fastd_period=3 fastd_matype=0
09:41:55 [WARNING] STOCHF combo [21, 3] is missing 1 parameter(s); using defaults fastd_period=3 fastd_matype=0
09:41:55 [WARNING] STOCHF combo [21, 5] is missing 1 parameter(s); using defaults fastd_period=5 fastd_matype=0
09:41:55 [WARNING] STOCHF combo [34, 5] is missing 1 parameter(s); using defaults fastd_period=5 fastd_matype=0
09:41:55 [WARNING] STOCHF combo [55, 5] is missing 1 parameter(s); using defaults fastd_period=5 fastd_matype=0
09:41:55 [WARNING] STOCHF combo [89, 8] is missing 1 parameter(s); using defaults fastd_period=8 fastd_matype=0
09:41:55 [WARNING] STOCHRSI combo [9, 5, 3] is missing 1 parameter(s); using defaults fastk_period=5 fastd_period=3 fastd_matype=0
09:41:55 [WARNING] STOCHRSI combo [14, 5, 3] is missing 1 parameter(s); using defaults fastk_period=5 fastd_period=3 fastd_matype=0
09:41:55 [WARNING] STOCHRSI combo [14, 3, 3] is missing 1 parameter(s); using defaults fastk_period=3 fastd_period=3 fastd_matype=0
09:41:55 [WARNING] STOCHRSI combo [21, 5, 3] is missing 1 parameter(s); using defaults fastk_period=5 fastd_period=3 fastd_matype=0
09:41:55 [WARNING] STOCHRSI combo [21, 8, 5] is missing 1 parameter(s); using defaults fastk_period=8 fastd_period=5 fastd_matype=0
09:41:55 [WARNING] STOCHRSI combo [34, 8, 5] is missing 1 parameter(s); using defaults fastk_period=8 fastd_period=5 fastd_matype=0
09:41:55 [WARNING] STOCHRSI combo [55, 8, 5] is missing 1 parameter(s); using defaults fastk_period=8 fastd_period=5 fastd_matype=0
09:41:59 [INFO] [L2] Completed: 11621 cols in 4.00s
09:42:00 [INFO] [Layer 2] 100% - Layer 2 completed: 11621 features
09:42:00 [INFO] Layer 2 done: 11621 cols, status=ok, rss=1431MB
09:42:00 [INFO] [Layer 3] 0% - Starting Layer 3...
09:42:00 [INFO] Layer 3 starting, rss=1431MB
09:42:02 [INFO] [L3 streaming][numba][multi] step 10/20 (W5_range): 898→898 cols (-0 dead)
09:42:02 [INFO] [L3 streaming][numba][multi] step 20/20 (W13_range): 898→898 cols (-0 dead)
09:42:02 [INFO] [L3 streaming][numba][multi] complete: 17960 total generated, 0 dead dropped, 17960 survivors
09:42:03 [INFO] [Layer 3] 100% - Layer 3 completed: 17960 features
09:42:03 [INFO] Layer 3 done: 17960 cols, status=ok, rss=1201MB
09:42:03 [INFO] [Layer 4] 0% - Starting Layer 4...
09:42:03 [INFO] Layer 4 starting, rss=1201MB
09:42:04 [INFO] [Layer 4] 100% - Layer 4 completed: 7224 features
09:42:04 [INFO] Layer 4 done: 7224 cols, status=ok, rss=1652MB
09:42:04 [INFO] [Layer 5] 0% - Starting Layer 5...
09:42:04 [INFO] Layer 5 starting, rss=1652MB
09:42:04 [INFO] [Layer 5] 100% - Layer 5 completed: 0 features
09:42:04 [INFO] Layer 5 done: 0 cols, status=empty_disabled, rss=1652MB
09:42:04 [INFO] [Layer 6] 0% - Starting Layer 6...
09:42:04 [INFO] Layer 6 starting, rss=1652MB
09:42:04 [INFO] [Layer 6] 100% - Layer 6 completed: 10 features
09:42:04 [INFO] Layer 6 done: 10 cols, status=ok, rss=1653MB
09:42:04 [INFO] [memmap concat] 5 DFs → 37713 cols × 4811 rows ≈ 0.73 GB → disk-backed
09:42:04 [INFO] [memmap] created: shape=(4811, 37713), dtype=<class 'numpy.float32'>, est=0.73 GB  (file auto-unlinked)
09:42:04 [INFO] [memmap concat] copying DF 1/5 (898 cols)
09:42:04 [INFO] [memmap concat] copying DF 2/5 (11621 cols)
09:42:05 [INFO] [memmap concat] copying DF 3/5 (17960 cols)
09:42:06 [INFO] [memmap concat] copying DF 4/5 (7224 cols)
09:42:06 [INFO] [memmap concat] copying DF 5/5 (10 cols)
09:43:21 [INFO] [CGSA] Initialized ColumnGroupRegistry at /private/var/folders/_c/3xdf41hd3tvgxpx63mrml2c00000gn/T/pytest-of-louis/pytest-9/test_small_mutation_l4_lag_shi0/cgsa_work (tier=8gb, buffer_groups=0)
09:43:21 [INFO] Fetching spot data: BTCUSDT/1h
09:43:21 [INFO] Read 20352 klines from BTCUSDT/1h in 0.054s
09:43:21 [INFO] Aligned data for BTCUSDT/1h: 20352 rows, 5 columns
09:43:21 [INFO] [Layer 1] 0% - Starting Layer 1...
09:43:21 [INFO] Layer 1 starting, rss=2048MB
09:43:22 [WARNING] STOCH combo [5, 3, 3] is missing 2 parameter(s); using defaults slowk=3 slowd=3 slowk_matype=0 slowd_matype=0
09:43:22 [WARNING] STOCH combo [8, 3, 3] is missing 2 parameter(s); using defaults slowk=3 slowd=3 slowk_matype=0 slowd_matype=0
09:43:22 [WARNING] STOCH combo [13, 3, 3] is missing 2 parameter(s); using defaults slowk=3 slowd=3 slowk_matype=0 slowd_matype=0
09:43:22 [WARNING] STOCH combo [13, 5, 3] is missing 2 parameter(s); using defaults slowk=5 slowd=3 slowk_matype=0 slowd_matype=0
09:43:22 [WARNING] STOCH combo [21, 3, 3] is missing 2 parameter(s); using defaults slowk=3 slowd=3 slowk_matype=0 slowd_matype=0
09:43:22 [WARNING] STOCH combo [21, 5, 3] is missing 2 parameter(s); using defaults slowk=5 slowd=3 slowk_matype=0 slowd_matype=0
09:43:22 [WARNING] STOCH combo [21, 5, 5] is missing 2 parameter(s); using defaults slowk=5 slowd=5 slowk_matype=0 slowd_matype=0
09:43:22 [WARNING] STOCH combo [34, 5, 3] is missing 2 parameter(s); using defaults slowk=5 slowd=3 slowk_matype=0 slowd_matype=0
09:43:22 [WARNING] STOCH combo [34, 5, 5] is missing 2 parameter(s); using defaults slowk=5 slowd=5 slowk_matype=0 slowd_matype=0
09:43:22 [WARNING] STOCH combo [55, 5, 5] is missing 2 parameter(s); using defaults slowk=5 slowd=5 slowk_matype=0 slowd_matype=0
09:43:22 [WARNING] STOCH combo [55, 8, 5] is missing 2 parameter(s); using defaults slowk=8 slowd=5 slowk_matype=0 slowd_matype=0
09:43:22 [WARNING] STOCH combo [89, 8, 5] is missing 2 parameter(s); using defaults slowk=8 slowd=5 slowk_matype=0 slowd_matype=0
09:43:22 [WARNING] STOCHF combo [5, 3] is missing 1 parameter(s); using defaults fastd_period=3 fastd_matype=0
09:43:22 [WARNING] STOCHF combo [8, 3] is missing 1 parameter(s); using defaults fastd_period=3 fastd_matype=0
09:43:22 [WARNING] STOCHF combo [13, 3] is missing 1 parameter(s); using defaults fastd_period=3 fastd_matype=0
09:43:22 [WARNING] STOCHF combo [21, 3] is missing 1 parameter(s); using defaults fastd_period=3 fastd_matype=0
09:43:22 [WARNING] STOCHF combo [21, 5] is missing 1 parameter(s); using defaults fastd_period=5 fastd_matype=0
09:43:22 [WARNING] STOCHF combo [34, 5] is missing 1 parameter(s); using defaults fastd_period=5 fastd_matype=0
09:43:22 [WARNING] STOCHF combo [55, 5] is missing 1 parameter(s); using defaults fastd_period=5 fastd_matype=0
09:43:22 [WARNING] STOCHF combo [89, 8] is missing 1 parameter(s); using defaults fastd_period=8 fastd_matype=0
09:43:22 [WARNING] STOCHRSI combo [9, 5, 3] is missing 1 parameter(s); using defaults fastk_period=5 fastd_period=3 fastd_matype=0
09:43:22 [WARNING] STOCHRSI combo [14, 5, 3] is missing 1 parameter(s); using defaults fastk_period=5 fastd_period=3 fastd_matype=0
09:43:22 [WARNING] STOCHRSI combo [14, 3, 3] is missing 1 parameter(s); using defaults fastk_period=3 fastd_period=3 fastd_matype=0
09:43:22 [WARNING] STOCHRSI combo [21, 5, 3] is missing 1 parameter(s); using defaults fastk_period=5 fastd_period=3 fastd_matype=0
09:43:22 [WARNING] STOCHRSI combo [21, 8, 5] is missing 1 parameter(s); using defaults fastk_period=8 fastd_period=5 fastd_matype=0
09:43:22 [WARNING] STOCHRSI combo [34, 8, 5] is missing 1 parameter(s); using defaults fastk_period=8 fastd_period=5 fastd_matype=0
09:43:22 [WARNING] STOCHRSI combo [55, 8, 5] is missing 1 parameter(s); using defaults fastk_period=8 fastd_period=5 fastd_matype=0
09:43:22 [INFO] [Layer 1] 100% - Layer 1 completed: 898 features
09:43:22 [INFO] Layer 1 done: 898 cols, status=ok, rss=2307MB
09:43:22 [INFO] [Layer 2] 0% - Starting Layer 2...
09:43:22 [INFO] Layer 2 starting, rss=2307MB
09:43:22 [INFO] [L2] Starting derived features: 898 L1 cols
09:43:22 [WARNING] STOCH combo [5, 3, 3] is missing 2 parameter(s); using defaults slowk=3 slowd=3 slowk_matype=0 slowd_matype=0
09:43:22 [WARNING] STOCH combo [8, 3, 3] is missing 2 parameter(s); using defaults slowk=3 slowd=3 slowk_matype=0 slowd_matype=0
09:43:22 [WARNING] STOCH combo [13, 3, 3] is missing 2 parameter(s); using defaults slowk=3 slowd=3 slowk_matype=0 slowd_matype=0
09:43:22 [WARNING] STOCH combo [13, 5, 3] is missing 2 parameter(s); using defaults slowk=5 slowd=3 slowk_matype=0 slowd_matype=0
09:43:22 [WARNING] STOCH combo [21, 3, 3] is missing 2 parameter(s); using defaults slowk=3 slowd=3 slowk_matype=0 slowd_matype=0
09:43:22 [WARNING] STOCH combo [21, 5, 3] is missing 2 parameter(s); using defaults slowk=5 slowd=3 slowk_matype=0 slowd_matype=0
09:43:22 [WARNING] STOCH combo [21, 5, 5] is missing 2 parameter(s); using defaults slowk=5 slowd=5 slowk_matype=0 slowd_matype=0
09:43:22 [WARNING] STOCH combo [34, 5, 3] is missing 2 parameter(s); using defaults slowk=5 slowd=3 slowk_matype=0 slowd_matype=0
09:43:22 [WARNING] STOCH combo [34, 5, 5] is missing 2 parameter(s); using defaults slowk=5 slowd=5 slowk_matype=0 slowd_matype=0
09:43:22 [WARNING] STOCH combo [55, 5, 5] is missing 2 parameter(s); using defaults slowk=5 slowd=5 slowk_matype=0 slowd_matype=0
09:43:22 [WARNING] STOCH combo [55, 8, 5] is missing 2 parameter(s); using defaults slowk=8 slowd=5 slowk_matype=0 slowd_matype=0
09:43:22 [WARNING] STOCH combo [89, 8, 5] is missing 2 parameter(s); using defaults slowk=8 slowd=5 slowk_matype=0 slowd_matype=0
09:43:22 [WARNING] STOCHF combo [5, 3] is missing 1 parameter(s); using defaults fastd_period=3 fastd_matype=0
09:43:22 [WARNING] STOCHF combo [8, 3] is missing 1 parameter(s); using defaults fastd_period=3 fastd_matype=0
09:43:22 [WARNING] STOCHF combo [13, 3] is missing 1 parameter(s); using defaults fastd_period=3 fastd_matype=0
09:43:22 [WARNING] STOCHF combo [21, 3] is missing 1 parameter(s); using defaults fastd_period=3 fastd_matype=0
09:43:22 [WARNING] STOCHF combo [21, 5] is missing 1 parameter(s); using defaults fastd_period=5 fastd_matype=0
09:43:22 [WARNING] STOCHF combo [34, 5] is missing 1 parameter(s); using defaults fastd_period=5 fastd_matype=0
09:43:22 [WARNING] STOCHF combo [55, 5] is missing 1 parameter(s); using defaults fastd_period=5 fastd_matype=0
09:43:22 [WARNING] STOCHF combo [89, 8] is missing 1 parameter(s); using defaults fastd_period=8 fastd_matype=0
09:43:22 [WARNING] STOCHRSI combo [9, 5, 3] is missing 1 parameter(s); using defaults fastk_period=5 fastd_period=3 fastd_matype=0
09:43:22 [WARNING] STOCHRSI combo [14, 5, 3] is missing 1 parameter(s); using defaults fastk_period=5 fastd_period=3 fastd_matype=0
09:43:22 [WARNING] STOCHRSI combo [14, 3, 3] is missing 1 parameter(s); using defaults fastk_period=3 fastd_period=3 fastd_matype=0
09:43:22 [WARNING] STOCHRSI combo [21, 5, 3] is missing 1 parameter(s); using defaults fastk_period=5 fastd_period=3 fastd_matype=0
09:43:22 [WARNING] STOCHRSI combo [21, 8, 5] is missing 1 parameter(s); using defaults fastk_period=8 fastd_period=5 fastd_matype=0
09:43:22 [WARNING] STOCHRSI combo [34, 8, 5] is missing 1 parameter(s); using defaults fastk_period=8 fastd_period=5 fastd_matype=0
09:43:22 [WARNING] STOCHRSI combo [55, 8, 5] is missing 1 parameter(s); using defaults fastk_period=8 fastd_period=5 fastd_matype=0
09:43:51 [INFO] [CGSA] L2 persisted group=1h_L2_Momentum shards=3 total_bytes=257.4 MiB
09:43:51 [INFO] [L2] Completed: 11621 cols in 28.39s
09:43:52 [INFO] [Layer 2] 100% - Layer 2 completed: 11621 features
09:43:52 [INFO] Layer 2 done: 11621 cols, status=ok, rss=1419MB
09:43:52 [INFO] [memmap] created: shape=(7514, 11621), dtype=<class 'numpy.float32'>, est=0.35 GB  (file auto-unlinked)
09:43:52 [INFO] [spill] layer2: 7514×11621 → float32 memmap in 0.6s (freed ~0.7 GB float64)
09:43:52 [INFO] [Layer 3] 0% - Starting Layer 3...
09:43:52 [INFO] Layer 3 starting, rss=2082MB
09:43:56 [INFO] [L3 streaming][numba][multi][persist] step 10/20 (W5_range): 898→898 cols (-0 dead)
09:43:56 [INFO] [L3 streaming][numba][multi][persist] step 20/20 (W13_range): 898→898 cols (-0 dead)
09:43:56 [INFO] [L3 streaming][numba][multi][persist] complete: 17960 generated, 4 dropped, 17956 survivors persisted via callback
09:43:59 [INFO] [L3] streaming persist (mode=streaming) complete: 17956 cols persisted in 20 groups
09:43:59 [INFO] [Layer 3] 100% - Layer 3 completed: 0 features
09:43:59 [INFO] Layer 3 done: 0 cols, status=offloaded_to_registry, rss=1268MB
09:43:59 [INFO] [Layer 4] 0% - Starting Layer 4...
09:43:59 [INFO] Layer 4 starting, rss=1268MB
09:44:00 [INFO] [Layer 4] 100% - Layer 4 completed: 7224 features
09:44:00 [INFO] Layer 4 done: 7224 cols, status=ok, rss=1359MB
09:44:00 [INFO] [Layer 5] 0% - Starting Layer 5...
09:44:00 [INFO] Layer 5 starting, rss=1360MB
09:44:00 [INFO] [Layer 5] 100% - Layer 5 completed: 0 features
09:44:00 [INFO] Layer 5 done: 0 cols, status=empty_disabled, rss=1360MB
09:44:00 [INFO] [Layer 6] 0% - Starting Layer 6...
09:44:00 [INFO] Layer 6 starting, rss=1360MB
09:44:00 [INFO] [Layer 6] 100% - Layer 6 completed: 10 features
09:44:00 [INFO] Layer 6 done: 10 cols, status=ok, rss=1329MB
09:44:00 [INFO] [CGSA] Disk pre-check OK: layer=L4_lag symbol=BTCUSDT tf=1h need=2.39 GiB (planned_new=0.20 GiB, max_inflight_tmp×2=0.19 GiB, reserve=2.00 GiB) free=32.24 GiB shape=(7514, 7224)
09:44:00 [INFO] [CGSA] L4_lag persisted group=1h_L4_lag_1 shards=2 total_bytes=143.3 MiB
09:44:00 [INFO] [CGSA] Persisted L4_lag: 7224 cols → 2 groups (tf=1h)
09:44:00 [INFO] [CGSA] Disk pre-check OK: layer=L6_meta symbol=BTCUSDT tf=1h need=2.00 GiB (planned_new=0.00 GiB, max_inflight_tmp×2=0.00 GiB, reserve=2.00 GiB) free=32.01 GiB shape=(7514, 10)
09:44:00 [INFO] [CGSA] Persisted L6_meta: 10 cols → 1 groups (tf=1h)
09:44:03 [INFO] [L7][CGSA] Quality summary: inf_count=0, coverage=0.9516, non_nan=269617963/283345426
09:44:03 [INFO] [L7_raw] Disk pre-check OK: required=2.00 GiB (safety x1.50), estimated_final=0.53 GiB, reclaimable_npy=1.06 GiB, net_growth=0.00 GiB, max_inflight_part=0.14 GiB, largest_part_source=1h_L2_Momentum, reserve_floor=2.00 GiB, free=31.71 GiB, groups=241
09:44:03 [INFO] [L6.5] raw-sink path uses serial group streaming for disk safety (requested_workers=2)
09:44:03 [INFO] [L6.5] Registry raw-sink config: groups=241 requested_workers=2 effective_workers=1 mode=append use_fast=False can_use_numba_fast=False winsor=True rank=False zscore=False fracdiff=False fracdiff_apply_to=non_stationary fracdiff_layers=['L1', 'L2'] adf=False gaussian=False
09:44:03 [INFO] [L6.5] Raw-sink start: 238 full groups (fast=0, slow=238) + 3 big-group splits → 248 sub-tasks (requested_workers=2, effective_workers=1, split_threshold=2000, slow_chunked=3, max_group_cols=8980, schedule=largest_first, rss=1113MB)
09:44:03 [INFO] [L6.5] raw-sink chunk stream start: group=1h_L2_Momentum cols=8980 chunks=5 chunk_size=2000 rss=1371MB
09:44:26 [INFO] [L6.5] raw-sink chunk stream complete: group=1h_L2_Momentum chunks=5 outputs=5 rss=2164MB
09:44:26 [INFO] [L6.5] raw-sink chunk stream start: group=1h_L4_lag_1 cols=5000 chunks=3 chunk_size=2000 rss=2193MB
09:44:40 [INFO] [L6.5] raw-sink chunk stream complete: group=1h_L4_lag_1 chunks=3 outputs=3 rss=1906MB
09:44:40 [INFO] [L6.5] raw-sink heartbeat: tasks 8/248 (3.2%), groups 2/241, elapsed=36.3s, rate=0.22/s, ETA=1090s, rss=1906MB, last=1h_L4_lag_1 (slow-chunked, parts=3)
09:44:40 [INFO] [L6.5] raw-sink chunk stream start: group=1h_L4_lag_2 cols=2224 chunks=2 chunk_size=2000 rss=1905MB
09:44:46 [INFO] [L6.5] raw-sink chunk stream complete: group=1h_L4_lag_2 chunks=2 outputs=2 rss=1382MB
09:45:11 [INFO] [L6.5] raw-sink heartbeat: tasks 20/248 (8.1%), groups 13/241, elapsed=67.3s, rate=0.30/s, ETA=767s, rss=1339MB, last=1h_L3_rolling_W13_Std_1 (full)
09:45:39 [INFO] [L6.5] raw-sink heartbeat: tasks 32/248 (12.9%), groups 25/241, elapsed=95.8s, rate=0.33/s, ETA=647s, rss=1235MB, last=1h_L3_rolling_W5_ZScore_1 (full)
09:45:42 [INFO] [L6.5] raw-sink heartbeat: tasks 44/248 (17.7%), groups 37/241, elapsed=98.3s, rate=0.45/s, ETA=456s, rss=1251MB, last=1h_L1_momentum_TRIX (full)
09:45:43 [INFO] [L6.5] raw-sink heartbeat: tasks 56/248 (22.6%), groups 49/241, elapsed=99.9s, rate=0.56/s, ETA=343s, rss=1251MB, last=1h_L1_trend_BBANDS-Upper (full)
09:45:45 [INFO] [L6.5] raw-sink heartbeat: tasks 68/248 (27.4%), groups 61/241, elapsed=101.3s, rate=0.67/s, ETA=268s, rss=1251MB, last=1h_L1_momentum_DX (full)
09:45:46 [INFO] [L6.5] raw-sink heartbeat: tasks 80/248 (32.3%), groups 73/241, elapsed=102.5s, rate=0.78/s, ETA=215s, rss=1251MB, last=1h_L1_momentum_APO_34-144-0 (full)
09:45:47 [INFO] [L6.5] raw-sink heartbeat: tasks 92/248 (37.1%), groups 85/241, elapsed=103.6s, rate=0.89/s, ETA=176s, rss=1251MB, last=1h_L1_momentum_MACD-Hist_21-89-13 (full)
09:45:48 [INFO] [L6.5] raw-sink heartbeat: tasks 104/248 (41.9%), groups 97/241, elapsed=104.7s, rate=0.99/s, ETA=145s, rss=1251MB, last=1h_L1_momentum_MACD-Line_21-55-9 (full)
09:45:49 [INFO] [L6.5] raw-sink heartbeat: tasks 116/248 (46.8%), groups 109/241, elapsed=105.8s, rate=1.10/s, ETA=120s, rss=1251MB, last=1h_L1_momentum_MACD-Signal_13-55-13 (full)
09:45:50 [INFO] [L6.5] raw-sink heartbeat: tasks 128/248 (51.6%), groups 121/241, elapsed=107.0s, rate=1.20/s, ETA=100s, rss=1251MB, last=1h_L1_momentum_MACDEXT-Hist_13-34-9 (full)
09:45:51 [INFO] [L6.5] raw-sink heartbeat: tasks 140/248 (56.5%), groups 133/241, elapsed=108.1s, rate=1.30/s, ETA=83s, rss=1251MB, last=1h_L1_momentum_MACDEXT-Line_12-26-9 (full)
09:45:53 [INFO] [L6.5] raw-sink heartbeat: tasks 152/248 (61.3%), groups 145/241, elapsed=109.2s, rate=1.39/s, ETA=69s, rss=1252MB, last=1h_L1_momentum_MACDEXT-Line_8-34-9 (full)
09:45:54 [INFO] [L6.5] raw-sink heartbeat: tasks 164/248 (66.1%), groups 157/241, elapsed=110.3s, rate=1.49/s, ETA=57s, rss=922MB, last=1h_L1_momentum_MACDEXT-Signal_8-21-5 (full)
09:45:55 [INFO] [L6.5] raw-sink heartbeat: tasks 176/248 (71.0%), groups 169/241, elapsed=111.5s, rate=1.58/s, ETA=46s, rss=907MB, last=1h_L1_momentum_PPO_55-233-0 (full)
09:45:56 [INFO] [L6.5] raw-sink heartbeat: tasks 188/248 (75.8%), groups 181/241, elapsed=112.6s, rate=1.67/s, ETA=36s, rss=907MB, last=1h_L1_momentum_STOCHRSI-fastk_21-5-3-0 (full)
09:45:57 [INFO] [L6.5] raw-sink heartbeat: tasks 200/248 (80.6%), groups 193/241, elapsed=113.7s, rate=1.76/s, ETA=27s, rss=908MB, last=1h_L1_momentum_STOCH-slowd_21-5-0-3-0 (full)
09:45:58 [INFO] [L6.5] raw-sink heartbeat: tasks 212/248 (85.5%), groups 205/241, elapsed=114.8s, rate=1.85/s, ETA=19s, rss=908MB, last=1h_L1_momentum_STOCH-slowk_21-5-0-3-0 (full)
09:45:59 [INFO] [L6.5] raw-sink heartbeat: tasks 224/248 (90.3%), groups 217/241, elapsed=115.9s, rate=1.93/s, ETA=12s, rss=908MB, last=1h_L1_momentum_STOCHF-fastd_34-5-0 (full)
09:46:00 [INFO] [L6.5] raw-sink heartbeat: tasks 236/248 (95.2%), groups 229/241, elapsed=117.0s, rate=2.02/s, ETA=6s, rss=908MB, last=1h_L1_momentum_STOCHF-fastk_89-8-0 (full)
09:46:01 [INFO] [L6.5] raw-sink heartbeat: tasks 248/248 (100.0%), groups 241/241, elapsed=118.0s, rate=2.10/s, ETA=0s, rss=908MB, last=1h_L1_trend_SAR_0.02-0.2 (full)
09:46:02 [INFO] [L6.5] raw-sink complete: 241/241 groups in 118.11s rss=908MB
09:46:02 [INFO] [Layer B Sanitize][CGSA] nulled 521041 non-finite/over-cap values (finite_cap=1e+18) across all streamed features
09:46:02 [INFO] [L7_raw] registry stream persist done: symbol=BTCUSDT tf=1h groups=248 features=37709 npy_freed=1.06 GiB dtype=mixed
09:46:02 [WARNING] STOCH combo [5, 3, 3] is missing 2 parameter(s); using defaults slowk=3 slowd=3 slowk_matype=0 slowd_matype=0
09:46:02 [WARNING] STOCH combo [8, 3, 3] is missing 2 parameter(s); using defaults slowk=3 slowd=3 slowk_matype=0 slowd_matype=0
09:46:02 [WARNING] STOCH combo [13, 3, 3] is missing 2 parameter(s); using defaults slowk=3 slowd=3 slowk_matype=0 slowd_matype=0
09:46:02 [WARNING] STOCH combo [13, 5, 3] is missing 2 parameter(s); using defaults slowk=5 slowd=3 slowk_matype=0 slowd_matype=0
09:46:02 [WARNING] STOCH combo [21, 3, 3] is missing 2 parameter(s); using defaults slowk=3 slowd=3 slowk_matype=0 slowd_matype=0
09:46:02 [WARNING] STOCH combo [21, 5, 3] is missing 2 parameter(s); using defaults slowk=5 slowd=3 slowk_matype=0 slowd_matype=0
09:46:02 [WARNING] STOCH combo [21, 5, 5] is missing 2 parameter(s); using defaults slowk=5 slowd=5 slowk_matype=0 slowd_matype=0
09:46:02 [WARNING] STOCH combo [34, 5, 3] is missing 2 parameter(s); using defaults slowk=5 slowd=3 slowk_matype=0 slowd_matype=0
09:46:02 [WARNING] STOCH combo [34, 5, 5] is missing 2 parameter(s); using defaults slowk=5 slowd=5 slowk_matype=0 slowd_matype=0
09:46:02 [WARNING] STOCH combo [55, 5, 5] is missing 2 parameter(s); using defaults slowk=5 slowd=5 slowk_matype=0 slowd_matype=0
09:46:02 [WARNING] STOCH combo [55, 8, 5] is missing 2 parameter(s); using defaults slowk=8 slowd=5 slowk_matype=0 slowd_matype=0
09:46:02 [WARNING] STOCH combo [89, 8, 5] is missing 2 parameter(s); using defaults slowk=8 slowd=5 slowk_matype=0 slowd_matype=0
09:46:02 [WARNING] STOCHF combo [5, 3] is missing 1 parameter(s); using defaults fastd_period=3 fastd_matype=0
09:46:02 [WARNING] STOCHF combo [8, 3] is missing 1 parameter(s); using defaults fastd_period=3 fastd_matype=0
09:46:02 [WARNING] STOCHF combo [13, 3] is missing 1 parameter(s); using defaults fastd_period=3 fastd_matype=0
09:46:02 [WARNING] STOCHF combo [21, 3] is missing 1 parameter(s); using defaults fastd_period=3 fastd_matype=0
09:46:02 [WARNING] STOCHF combo [21, 5] is missing 1 parameter(s); using defaults fastd_period=5 fastd_matype=0
09:46:02 [WARNING] STOCHF combo [34, 5] is missing 1 parameter(s); using defaults fastd_period=5 fastd_matype=0
09:46:02 [WARNING] STOCHF combo [55, 5] is missing 1 parameter(s); using defaults fastd_period=5 fastd_matype=0
09:46:02 [WARNING] STOCHF combo [89, 8] is missing 1 parameter(s); using defaults fastd_period=8 fastd_matype=0
09:46:02 [WARNING] STOCHRSI combo [9, 5, 3] is missing 1 parameter(s); using defaults fastk_period=5 fastd_period=3 fastd_matype=0
09:46:02 [WARNING] STOCHRSI combo [14, 5, 3] is missing 1 parameter(s); using defaults fastk_period=5 fastd_period=3 fastd_matype=0
09:46:02 [WARNING] STOCHRSI combo [14, 3, 3] is missing 1 parameter(s); using defaults fastk_period=3 fastd_period=3 fastd_matype=0
09:46:02 [WARNING] STOCHRSI combo [21, 5, 3] is missing 1 parameter(s); using defaults fastk_period=5 fastd_period=3 fastd_matype=0
09:46:02 [WARNING] STOCHRSI combo [21, 8, 5] is missing 1 parameter(s); using defaults fastk_period=8 fastd_period=5 fastd_matype=0
09:46:02 [WARNING] STOCHRSI combo [34, 8, 5] is missing 1 parameter(s); using defaults fastk_period=8 fastd_period=5 fastd_matype=0
09:46:02 [WARNING] STOCHRSI combo [55, 8, 5] is missing 1 parameter(s); using defaults fastk_period=8 fastd_period=5 fastd_matype=0
09:46:02 [WARNING] STOCH combo [5, 3, 3] is missing 2 parameter(s); using defaults slowk=3 slowd=3 slowk_matype=0 slowd_matype=0
09:46:02 [WARNING] STOCH combo [8, 3, 3] is missing 2 parameter(s); using defaults slowk=3 slowd=3 slowk_matype=0 slowd_matype=0
09:46:02 [WARNING] STOCH combo [13, 3, 3] is missing 2 parameter(s); using defaults slowk=3 slowd=3 slowk_matype=0 slowd_matype=0
09:46:02 [WARNING] STOCH combo [13, 5, 3] is missing 2 parameter(s); using defaults slowk=5 slowd=3 slowk_matype=0 slowd_matype=0
09:46:02 [WARNING] STOCH combo [21, 3, 3] is missing 2 parameter(s); using defaults slowk=3 slowd=3 slowk_matype=0 slowd_matype=0
09:46:02 [WARNING] STOCH combo [21, 5, 3] is missing 2 parameter(s); using defaults slowk=5 slowd=3 slowk_matype=0 slowd_matype=0
09:46:02 [WARNING] STOCH combo [21, 5, 5] is missing 2 parameter(s); using defaults slowk=5 slowd=5 slowk_matype=0 slowd_matype=0
09:46:02 [WARNING] STOCH combo [34, 5, 3] is missing 2 parameter(s); using defaults slowk=5 slowd=3 slowk_matype=0 slowd_matype=0
09:46:02 [WARNING] STOCH combo [34, 5, 5] is missing 2 parameter(s); using defaults slowk=5 slowd=5 slowk_matype=0 slowd_matype=0
09:46:02 [WARNING] STOCH combo [55, 5, 5] is missing 2 parameter(s); using defaults slowk=5 slowd=5 slowk_matype=0 slowd_matype=0
09:46:02 [WARNING] STOCH combo [55, 8, 5] is missing 2 parameter(s); using defaults slowk=8 slowd=5 slowk_matype=0 slowd_matype=0
09:46:02 [WARNING] STOCH combo [89, 8, 5] is missing 2 parameter(s); using defaults slowk=8 slowd=5 slowk_matype=0 slowd_matype=0
09:46:02 [WARNING] STOCHF combo [5, 3] is missing 1 parameter(s); using defaults fastd_period=3 fastd_matype=0
09:46:02 [WARNING] STOCHF combo [8, 3] is missing 1 parameter(s); using defaults fastd_period=3 fastd_matype=0
09:46:02 [WARNING] STOCHF combo [13, 3] is missing 1 parameter(s); using defaults fastd_period=3 fastd_matype=0
09:46:02 [WARNING] STOCHF combo [21, 3] is missing 1 parameter(s); using defaults fastd_period=3 fastd_matype=0
09:46:02 [WARNING] STOCHF combo [21, 5] is missing 1 parameter(s); using defaults fastd_period=5 fastd_matype=0
09:46:02 [WARNING] STOCHF combo [34, 5] is missing 1 parameter(s); using defaults fastd_period=5 fastd_matype=0
09:46:02 [WARNING] STOCHF combo [55, 5] is missing 1 parameter(s); using defaults fastd_period=5 fastd_matype=0
09:46:02 [WARNING] STOCHF combo [89, 8] is missing 1 parameter(s); using defaults fastd_period=8 fastd_matype=0
09:46:02 [WARNING] STOCHRSI combo [9, 5, 3] is missing 1 parameter(s); using defaults fastk_period=5 fastd_period=3 fastd_matype=0
09:46:02 [WARNING] STOCHRSI combo [14, 5, 3] is missing 1 parameter(s); using defaults fastk_period=5 fastd_period=3 fastd_matype=0
09:46:02 [WARNING] STOCHRSI combo [14, 3, 3] is missing 1 parameter(s); using defaults fastk_period=3 fastd_period=3 fastd_matype=0
09:46:02 [WARNING] STOCHRSI combo [21, 5, 3] is missing 1 parameter(s); using defaults fastk_period=5 fastd_period=3 fastd_matype=0
09:46:02 [WARNING] STOCHRSI combo [21, 8, 5] is missing 1 parameter(s); using defaults fastk_period=8 fastd_period=5 fastd_matype=0
09:46:02 [WARNING] STOCHRSI combo [34, 8, 5] is missing 1 parameter(s); using defaults fastk_period=8 fastd_period=5 fastd_matype=0
09:46:02 [WARNING] STOCHRSI combo [55, 8, 5] is missing 1 parameter(s); using defaults fastk_period=8 fastd_period=5 fastd_matype=0
09:46:02 [INFO] Fetching spot data: BTCUSDT/1h
09:46:02 [INFO] Read 20352 klines from BTCUSDT/1h in 0.007s
09:46:02 [INFO] Aligned data for BTCUSDT/1h: 20352 rows, 5 columns
09:46:02 [INFO] Loaded feature registry with 1 entries
09:46:02 [INFO] [Layer 1] 0% - Starting Layer 1...
09:46:02 [INFO] Layer 1 starting, rss=782MB
09:46:03 [WARNING] STOCH combo [5, 3, 3] is missing 2 parameter(s); using defaults slowk=3 slowd=3 slowk_matype=0 slowd_matype=0
09:46:03 [WARNING] STOCH combo [8, 3, 3] is missing 2 parameter(s); using defaults slowk=3 slowd=3 slowk_matype=0 slowd_matype=0
09:46:03 [WARNING] STOCH combo [13, 3, 3] is missing 2 parameter(s); using defaults slowk=3 slowd=3 slowk_matype=0 slowd_matype=0
09:46:03 [WARNING] STOCH combo [13, 5, 3] is missing 2 parameter(s); using defaults slowk=5 slowd=3 slowk_matype=0 slowd_matype=0
09:46:03 [WARNING] STOCH combo [21, 3, 3] is missing 2 parameter(s); using defaults slowk=3 slowd=3 slowk_matype=0 slowd_matype=0
09:46:03 [WARNING] STOCH combo [21, 5, 3] is missing 2 parameter(s); using defaults slowk=5 slowd=3 slowk_matype=0 slowd_matype=0
09:46:03 [WARNING] STOCH combo [21, 5, 5] is missing 2 parameter(s); using defaults slowk=5 slowd=5 slowk_matype=0 slowd_matype=0
09:46:03 [WARNING] STOCH combo [34, 5, 3] is missing 2 parameter(s); using defaults slowk=5 slowd=3 slowk_matype=0 slowd_matype=0
09:46:03 [WARNING] STOCH combo [34, 5, 5] is missing 2 parameter(s); using defaults slowk=5 slowd=5 slowk_matype=0 slowd_matype=0
09:46:03 [WARNING] STOCH combo [55, 5, 5] is missing 2 parameter(s); using defaults slowk=5 slowd=5 slowk_matype=0 slowd_matype=0
09:46:03 [WARNING] STOCH combo [55, 8, 5] is missing 2 parameter(s); using defaults slowk=8 slowd=5 slowk_matype=0 slowd_matype=0
09:46:03 [WARNING] STOCH combo [89, 8, 5] is missing 2 parameter(s); using defaults slowk=8 slowd=5 slowk_matype=0 slowd_matype=0
09:46:03 [WARNING] STOCHF combo [5, 3] is missing 1 parameter(s); using defaults fastd_period=3 fastd_matype=0
09:46:03 [WARNING] STOCHF combo [8, 3] is missing 1 parameter(s); using defaults fastd_period=3 fastd_matype=0
09:46:03 [WARNING] STOCHF combo [13, 3] is missing 1 parameter(s); using defaults fastd_period=3 fastd_matype=0
09:46:03 [WARNING] STOCHF combo [21, 3] is missing 1 parameter(s); using defaults fastd_period=3 fastd_matype=0
09:46:03 [WARNING] STOCHF combo [21, 5] is missing 1 parameter(s); using defaults fastd_period=5 fastd_matype=0
09:46:03 [WARNING] STOCHF combo [34, 5] is missing 1 parameter(s); using defaults fastd_period=5 fastd_matype=0
09:46:03 [WARNING] STOCHF combo [55, 5] is missing 1 parameter(s); using defaults fastd_period=5 fastd_matype=0
09:46:03 [WARNING] STOCHF combo [89, 8] is missing 1 parameter(s); using defaults fastd_period=8 fastd_matype=0
09:46:03 [WARNING] STOCHRSI combo [9, 5, 3] is missing 1 parameter(s); using defaults fastk_period=5 fastd_period=3 fastd_matype=0
09:46:03 [WARNING] STOCHRSI combo [14, 5, 3] is missing 1 parameter(s); using defaults fastk_period=5 fastd_period=3 fastd_matype=0
09:46:03 [WARNING] STOCHRSI combo [14, 3, 3] is missing 1 parameter(s); using defaults fastk_period=3 fastd_period=3 fastd_matype=0
09:46:03 [WARNING] STOCHRSI combo [21, 5, 3] is missing 1 parameter(s); using defaults fastk_period=5 fastd_period=3 fastd_matype=0
09:46:03 [WARNING] STOCHRSI combo [21, 8, 5] is missing 1 parameter(s); using defaults fastk_period=8 fastd_period=5 fastd_matype=0
09:46:03 [WARNING] STOCHRSI combo [34, 8, 5] is missing 1 parameter(s); using defaults fastk_period=8 fastd_period=5 fastd_matype=0
09:46:03 [WARNING] STOCHRSI combo [55, 8, 5] is missing 1 parameter(s); using defaults fastk_period=8 fastd_period=5 fastd_matype=0
09:46:03 [INFO] [Layer 1] 100% - Layer 1 completed: 898 features
09:46:03 [INFO] Layer 1 done: 898 cols, status=ok, rss=856MB
09:46:03 [INFO] [Layer 2] 0% - Starting Layer 2...
09:46:03 [INFO] Layer 2 starting, rss=856MB
09:46:03 [INFO] [L2] Starting derived features: 898 L1 cols
09:46:03 [WARNING] STOCH combo [5, 3, 3] is missing 2 parameter(s); using defaults slowk=3 slowd=3 slowk_matype=0 slowd_matype=0
09:46:03 [WARNING] STOCH combo [8, 3, 3] is missing 2 parameter(s); using defaults slowk=3 slowd=3 slowk_matype=0 slowd_matype=0
09:46:03 [WARNING] STOCH combo [13, 3, 3] is missing 2 parameter(s); using defaults slowk=3 slowd=3 slowk_matype=0 slowd_matype=0
09:46:03 [WARNING] STOCH combo [13, 5, 3] is missing 2 parameter(s); using defaults slowk=5 slowd=3 slowk_matype=0 slowd_matype=0
09:46:03 [WARNING] STOCH combo [21, 3, 3] is missing 2 parameter(s); using defaults slowk=3 slowd=3 slowk_matype=0 slowd_matype=0
09:46:03 [WARNING] STOCH combo [21, 5, 3] is missing 2 parameter(s); using defaults slowk=5 slowd=3 slowk_matype=0 slowd_matype=0
09:46:03 [WARNING] STOCH combo [21, 5, 5] is missing 2 parameter(s); using defaults slowk=5 slowd=5 slowk_matype=0 slowd_matype=0
09:46:03 [WARNING] STOCH combo [34, 5, 3] is missing 2 parameter(s); using defaults slowk=5 slowd=3 slowk_matype=0 slowd_matype=0
09:46:03 [WARNING] STOCH combo [34, 5, 5] is missing 2 parameter(s); using defaults slowk=5 slowd=5 slowk_matype=0 slowd_matype=0
09:46:03 [WARNING] STOCH combo [55, 5, 5] is missing 2 parameter(s); using defaults slowk=5 slowd=5 slowk_matype=0 slowd_matype=0
09:46:03 [WARNING] STOCH combo [55, 8, 5] is missing 2 parameter(s); using defaults slowk=8 slowd=5 slowk_matype=0 slowd_matype=0
09:46:03 [WARNING] STOCH combo [89, 8, 5] is missing 2 parameter(s); using defaults slowk=8 slowd=5 slowk_matype=0 slowd_matype=0
09:46:03 [WARNING] STOCHF combo [5, 3] is missing 1 parameter(s); using defaults fastd_period=3 fastd_matype=0
09:46:03 [WARNING] STOCHF combo [8, 3] is missing 1 parameter(s); using defaults fastd_period=3 fastd_matype=0
09:46:03 [WARNING] STOCHF combo [13, 3] is missing 1 parameter(s); using defaults fastd_period=3 fastd_matype=0
09:46:03 [WARNING] STOCHF combo [21, 3] is missing 1 parameter(s); using defaults fastd_period=3 fastd_matype=0
09:46:03 [WARNING] STOCHF combo [21, 5] is missing 1 parameter(s); using defaults fastd_period=5 fastd_matype=0
09:46:03 [WARNING] STOCHF combo [34, 5] is missing 1 parameter(s); using defaults fastd_period=5 fastd_matype=0
09:46:03 [WARNING] STOCHF combo [55, 5] is missing 1 parameter(s); using defaults fastd_period=5 fastd_matype=0
09:46:03 [WARNING] STOCHF combo [89, 8] is missing 1 parameter(s); using defaults fastd_period=8 fastd_matype=0
09:46:03 [WARNING] STOCHRSI combo [9, 5, 3] is missing 1 parameter(s); using defaults fastk_period=5 fastd_period=3 fastd_matype=0
09:46:03 [WARNING] STOCHRSI combo [14, 5, 3] is missing 1 parameter(s); using defaults fastk_period=5 fastd_period=3 fastd_matype=0
09:46:03 [WARNING] STOCHRSI combo [14, 3, 3] is missing 1 parameter(s); using defaults fastk_period=3 fastd_period=3 fastd_matype=0
09:46:03 [WARNING] STOCHRSI combo [21, 5, 3] is missing 1 parameter(s); using defaults fastk_period=5 fastd_period=3 fastd_matype=0
09:46:03 [WARNING] STOCHRSI combo [21, 8, 5] is missing 1 parameter(s); using defaults fastk_period=8 fastd_period=5 fastd_matype=0
09:46:03 [WARNING] STOCHRSI combo [34, 8, 5] is missing 1 parameter(s); using defaults fastk_period=8 fastd_period=5 fastd_matype=0
09:46:03 [WARNING] STOCHRSI combo [55, 8, 5] is missing 1 parameter(s); using defaults fastk_period=8 fastd_period=5 fastd_matype=0
09:46:07 [INFO] [L2] Completed: 11621 cols in 4.05s
09:46:08 [INFO] [Layer 2] 100% - Layer 2 completed: 11621 features
09:46:08 [INFO] Layer 2 done: 11621 cols, status=ok, rss=1426MB
09:46:08 [INFO] [Layer 3] 0% - Starting Layer 3...
09:46:08 [INFO] Layer 3 starting, rss=1426MB
09:46:10 [INFO] [L3 streaming][numba][multi] step 10/20 (W5_range): 898→898 cols (-0 dead)
09:46:10 [INFO] [L3 streaming][numba][multi] step 20/20 (W13_range): 898→898 cols (-0 dead)
09:46:10 [INFO] [L3 streaming][numba][multi] complete: 17960 total generated, 0 dead dropped, 17960 survivors
09:46:11 [INFO] [Layer 3] 100% - Layer 3 completed: 17960 features
09:46:11 [INFO] Layer 3 done: 17960 cols, status=ok, rss=2266MB
09:46:11 [INFO] [Layer 4] 0% - Starting Layer 4...
09:46:11 [INFO] Layer 4 starting, rss=2266MB
09:46:11 [INFO] [Layer 4] 100% - Layer 4 completed: 7224 features
09:46:11 [INFO] Layer 4 done: 7224 cols, status=ok, rss=1423MB
09:46:11 [INFO] [Layer 5] 0% - Starting Layer 5...
09:46:11 [INFO] Layer 5 starting, rss=1423MB
09:46:11 [INFO] [Layer 5] 100% - Layer 5 completed: 0 features
09:46:11 [INFO] Layer 5 done: 0 cols, status=empty_disabled, rss=1423MB
09:46:11 [INFO] [Layer 6] 0% - Starting Layer 6...
09:46:11 [INFO] Layer 6 starting, rss=1423MB
09:46:11 [INFO] [Layer 6] 100% - Layer 6 completed: 10 features
09:46:11 [INFO] Layer 6 done: 10 cols, status=ok, rss=1424MB
09:46:11 [INFO] [memmap concat] 5 DFs → 37713 cols × 4811 rows ≈ 0.73 GB → disk-backed
09:46:11 [INFO] [memmap] created: shape=(4811, 37713), dtype=<class 'numpy.float32'>, est=0.73 GB  (file auto-unlinked)
09:46:11 [INFO] [memmap concat] copying DF 1/5 (898 cols)
09:46:12 [INFO] [memmap concat] copying DF 2/5 (11621 cols)
09:46:12 [INFO] [memmap concat] copying DF 3/5 (17960 cols)
09:46:13 [INFO] [memmap concat] copying DF 4/5 (7224 cols)
09:46:13 [INFO] [memmap concat] copying DF 5/5 (10 cols)
09:47:27 [INFO] [CGSA] Initialized ColumnGroupRegistry at /private/var/folders/_c/3xdf41hd3tvgxpx63mrml2c00000gn/T/pytest-of-louis/pytest-9/test_small_mutation_l4_lag_shi0/cgsa_work (tier=8gb, buffer_groups=0)
09:47:27 [INFO] Fetching spot data: BTCUSDT/1h
09:47:27 [INFO] Read 20352 klines from BTCUSDT/1h in 0.074s
09:47:27 [INFO] Aligned data for BTCUSDT/1h: 20352 rows, 5 columns
09:47:27 [INFO] [Layer 1] 0% - Starting Layer 1...
09:47:27 [INFO] Layer 1 starting, rss=2430MB
09:47:27 [WARNING] STOCH combo [5, 3, 3] is missing 2 parameter(s); using defaults slowk=3 slowd=3 slowk_matype=0 slowd_matype=0
09:47:27 [WARNING] STOCH combo [8, 3, 3] is missing 2 parameter(s); using defaults slowk=3 slowd=3 slowk_matype=0 slowd_matype=0
09:47:27 [WARNING] STOCH combo [13, 3, 3] is missing 2 parameter(s); using defaults slowk=3 slowd=3 slowk_matype=0 slowd_matype=0
09:47:27 [WARNING] STOCH combo [13, 5, 3] is missing 2 parameter(s); using defaults slowk=5 slowd=3 slowk_matype=0 slowd_matype=0
09:47:27 [WARNING] STOCH combo [21, 3, 3] is missing 2 parameter(s); using defaults slowk=3 slowd=3 slowk_matype=0 slowd_matype=0
09:47:27 [WARNING] STOCH combo [21, 5, 3] is missing 2 parameter(s); using defaults slowk=5 slowd=3 slowk_matype=0 slowd_matype=0
09:47:27 [WARNING] STOCH combo [21, 5, 5] is missing 2 parameter(s); using defaults slowk=5 slowd=5 slowk_matype=0 slowd_matype=0
09:47:27 [WARNING] STOCH combo [34, 5, 3] is missing 2 parameter(s); using defaults slowk=5 slowd=3 slowk_matype=0 slowd_matype=0
09:47:27 [WARNING] STOCH combo [34, 5, 5] is missing 2 parameter(s); using defaults slowk=5 slowd=5 slowk_matype=0 slowd_matype=0
09:47:27 [WARNING] STOCH combo [55, 5, 5] is missing 2 parameter(s); using defaults slowk=5 slowd=5 slowk_matype=0 slowd_matype=0
09:47:27 [WARNING] STOCH combo [55, 8, 5] is missing 2 parameter(s); using defaults slowk=8 slowd=5 slowk_matype=0 slowd_matype=0
09:47:27 [WARNING] STOCH combo [89, 8, 5] is missing 2 parameter(s); using defaults slowk=8 slowd=5 slowk_matype=0 slowd_matype=0
09:47:27 [WARNING] STOCHF combo [5, 3] is missing 1 parameter(s); using defaults fastd_period=3 fastd_matype=0
09:47:27 [WARNING] STOCHF combo [8, 3] is missing 1 parameter(s); using defaults fastd_period=3 fastd_matype=0
09:47:27 [WARNING] STOCHF combo [13, 3] is missing 1 parameter(s); using defaults fastd_period=3 fastd_matype=0
09:47:27 [WARNING] STOCHF combo [21, 3] is missing 1 parameter(s); using defaults fastd_period=3 fastd_matype=0
09:47:27 [WARNING] STOCHF combo [21, 5] is missing 1 parameter(s); using defaults fastd_period=5 fastd_matype=0
09:47:27 [WARNING] STOCHF combo [34, 5] is missing 1 parameter(s); using defaults fastd_period=5 fastd_matype=0
09:47:27 [WARNING] STOCHF combo [55, 5] is missing 1 parameter(s); using defaults fastd_period=5 fastd_matype=0
09:47:27 [WARNING] STOCHF combo [89, 8] is missing 1 parameter(s); using defaults fastd_period=8 fastd_matype=0
09:47:27 [WARNING] STOCHRSI combo [9, 5, 3] is missing 1 parameter(s); using defaults fastk_period=5 fastd_period=3 fastd_matype=0
09:47:27 [WARNING] STOCHRSI combo [14, 5, 3] is missing 1 parameter(s); using defaults fastk_period=5 fastd_period=3 fastd_matype=0
09:47:27 [WARNING] STOCHRSI combo [14, 3, 3] is missing 1 parameter(s); using defaults fastk_period=3 fastd_period=3 fastd_matype=0
09:47:27 [WARNING] STOCHRSI combo [21, 5, 3] is missing 1 parameter(s); using defaults fastk_period=5 fastd_period=3 fastd_matype=0
09:47:27 [WARNING] STOCHRSI combo [21, 8, 5] is missing 1 parameter(s); using defaults fastk_period=8 fastd_period=5 fastd_matype=0
09:47:27 [WARNING] STOCHRSI combo [34, 8, 5] is missing 1 parameter(s); using defaults fastk_period=8 fastd_period=5 fastd_matype=0
09:47:27 [WARNING] STOCHRSI combo [55, 8, 5] is missing 1 parameter(s); using defaults fastk_period=8 fastd_period=5 fastd_matype=0
09:47:28 [INFO] [Layer 1] 100% - Layer 1 completed: 898 features
09:47:28 [INFO] Layer 1 done: 898 cols, status=ok, rss=2674MB
09:47:28 [INFO] [Layer 2] 0% - Starting Layer 2...
09:47:28 [INFO] Layer 2 starting, rss=2674MB
09:47:28 [INFO] [L2] Starting derived features: 898 L1 cols
09:47:28 [WARNING] STOCH combo [5, 3, 3] is missing 2 parameter(s); using defaults slowk=3 slowd=3 slowk_matype=0 slowd_matype=0
09:47:28 [WARNING] STOCH combo [8, 3, 3] is missing 2 parameter(s); using defaults slowk=3 slowd=3 slowk_matype=0 slowd_matype=0
09:47:28 [WARNING] STOCH combo [13, 3, 3] is missing 2 parameter(s); using defaults slowk=3 slowd=3 slowk_matype=0 slowd_matype=0
09:47:28 [WARNING] STOCH combo [13, 5, 3] is missing 2 parameter(s); using defaults slowk=5 slowd=3 slowk_matype=0 slowd_matype=0
09:47:28 [WARNING] STOCH combo [21, 3, 3] is missing 2 parameter(s); using defaults slowk=3 slowd=3 slowk_matype=0 slowd_matype=0
09:47:28 [WARNING] STOCH combo [21, 5, 3] is missing 2 parameter(s); using defaults slowk=5 slowd=3 slowk_matype=0 slowd_matype=0
09:47:28 [WARNING] STOCH combo [21, 5, 5] is missing 2 parameter(s); using defaults slowk=5 slowd=5 slowk_matype=0 slowd_matype=0
09:47:28 [WARNING] STOCH combo [34, 5, 3] is missing 2 parameter(s); using defaults slowk=5 slowd=3 slowk_matype=0 slowd_matype=0
09:47:28 [WARNING] STOCH combo [34, 5, 5] is missing 2 parameter(s); using defaults slowk=5 slowd=5 slowk_matype=0 slowd_matype=0
09:47:28 [WARNING] STOCH combo [55, 5, 5] is missing 2 parameter(s); using defaults slowk=5 slowd=5 slowk_matype=0 slowd_matype=0
09:47:28 [WARNING] STOCH combo [55, 8, 5] is missing 2 parameter(s); using defaults slowk=8 slowd=5 slowk_matype=0 slowd_matype=0
09:47:28 [WARNING] STOCH combo [89, 8, 5] is missing 2 parameter(s); using defaults slowk=8 slowd=5 slowk_matype=0 slowd_matype=0
09:47:28 [WARNING] STOCHF combo [5, 3] is missing 1 parameter(s); using defaults fastd_period=3 fastd_matype=0
09:47:28 [WARNING] STOCHF combo [8, 3] is missing 1 parameter(s); using defaults fastd_period=3 fastd_matype=0
09:47:28 [WARNING] STOCHF combo [13, 3] is missing 1 parameter(s); using defaults fastd_period=3 fastd_matype=0
09:47:28 [WARNING] STOCHF combo [21, 3] is missing 1 parameter(s); using defaults fastd_period=3 fastd_matype=0
09:47:28 [WARNING] STOCHF combo [21, 5] is missing 1 parameter(s); using defaults fastd_period=5 fastd_matype=0
09:47:28 [WARNING] STOCHF combo [34, 5] is missing 1 parameter(s); using defaults fastd_period=5 fastd_matype=0
09:47:28 [WARNING] STOCHF combo [55, 5] is missing 1 parameter(s); using defaults fastd_period=5 fastd_matype=0
09:47:28 [WARNING] STOCHF combo [89, 8] is missing 1 parameter(s); using defaults fastd_period=8 fastd_matype=0
09:47:28 [WARNING] STOCHRSI combo [9, 5, 3] is missing 1 parameter(s); using defaults fastk_period=5 fastd_period=3 fastd_matype=0
09:47:28 [WARNING] STOCHRSI combo [14, 5, 3] is missing 1 parameter(s); using defaults fastk_period=5 fastd_period=3 fastd_matype=0
09:47:28 [WARNING] STOCHRSI combo [14, 3, 3] is missing 1 parameter(s); using defaults fastk_period=3 fastd_period=3 fastd_matype=0
09:47:28 [WARNING] STOCHRSI combo [21, 5, 3] is missing 1 parameter(s); using defaults fastk_period=5 fastd_period=3 fastd_matype=0
09:47:28 [WARNING] STOCHRSI combo [21, 8, 5] is missing 1 parameter(s); using defaults fastk_period=8 fastd_period=5 fastd_matype=0
09:47:28 [WARNING] STOCHRSI combo [34, 8, 5] is missing 1 parameter(s); using defaults fastk_period=8 fastd_period=5 fastd_matype=0
09:47:28 [WARNING] STOCHRSI combo [55, 8, 5] is missing 1 parameter(s); using defaults fastk_period=8 fastd_period=5 fastd_matype=0
09:47:55 [INFO] [CGSA] L2 persisted group=1h_L2_Momentum shards=3 total_bytes=257.1 MiB
09:47:55 [INFO] [L2] Completed: 11621 cols in 26.58s
09:47:56 [INFO] [Layer 2] 100% - Layer 2 completed: 11621 features
09:47:56 [INFO] Layer 2 done: 11621 cols, status=ok, rss=1986MB
09:47:56 [INFO] [memmap] created: shape=(7504, 11621), dtype=<class 'numpy.float32'>, est=0.35 GB  (file auto-unlinked)
09:47:56 [INFO] [spill] layer2: 7504×11621 → float32 memmap in 0.6s (freed ~0.7 GB float64)
09:47:56 [INFO] [Layer 3] 0% - Starting Layer 3...
09:47:56 [INFO] Layer 3 starting, rss=2584MB
09:48:00 [INFO] [L3 streaming][numba][multi][persist] step 10/20 (W5_range): 898→898 cols (-0 dead)
09:48:00 [INFO] [L3 streaming][numba][multi][persist] step 20/20 (W13_range): 898→898 cols (-0 dead)
09:48:00 [INFO] [L3 streaming][numba][multi][persist] complete: 17960 generated, 4 dropped, 17956 survivors persisted via callback
09:48:03 [INFO] [L3] streaming persist (mode=streaming) complete: 17956 cols persisted in 20 groups
09:48:03 [INFO] [Layer 3] 100% - Layer 3 completed: 0 features
09:48:03 [INFO] Layer 3 done: 0 cols, status=offloaded_to_registry, rss=1679MB
09:48:03 [INFO] [Layer 4] 0% - Starting Layer 4...
09:48:03 [INFO] Layer 4 starting, rss=1679MB
09:48:04 [INFO] [Layer 4] 100% - Layer 4 completed: 7224 features
09:48:04 [INFO] Layer 4 done: 7224 cols, status=ok, rss=1368MB
09:48:04 [INFO] [Layer 5] 0% - Starting Layer 5...
09:48:04 [INFO] Layer 5 starting, rss=1368MB
09:48:04 [INFO] [Layer 5] 100% - Layer 5 completed: 0 features
09:48:04 [INFO] Layer 5 done: 0 cols, status=empty_disabled, rss=1368MB
09:48:04 [INFO] [Layer 6] 0% - Starting Layer 6...
09:48:04 [INFO] Layer 6 starting, rss=1368MB
09:48:04 [INFO] [Layer 6] 100% - Layer 6 completed: 10 features
09:48:04 [INFO] Layer 6 done: 10 cols, status=ok, rss=1369MB
09:48:04 [INFO] [CGSA] Disk pre-check OK: layer=L4_lag symbol=BTCUSDT tf=1h need=2.39 GiB (planned_new=0.20 GiB, max_inflight_tmp×2=0.19 GiB, reserve=2.00 GiB) free=32.63 GiB shape=(7504, 7224)
09:48:04 [INFO] [CGSA] L4_lag persisted group=1h_L4_lag_1 shards=2 total_bytes=143.1 MiB
09:48:04 [INFO] [CGSA] Persisted L4_lag: 7224 cols → 2 groups (tf=1h)
09:48:04 [INFO] [CGSA] Disk pre-check OK: layer=L6_meta symbol=BTCUSDT tf=1h need=2.00 GiB (planned_new=0.00 GiB, max_inflight_tmp×2=0.00 GiB, reserve=2.00 GiB) free=32.43 GiB shape=(7504, 10)
09:48:04 [INFO] [CGSA] Persisted L6_meta: 10 cols → 1 groups (tf=1h)
09:48:07 [INFO] [L7][CGSA] Quality summary: inf_count=0, coverage=0.9515, non_nan=269241808/282968336
09:48:07 [INFO] [L7_raw] Disk pre-check OK: required=2.00 GiB (safety x1.50), estimated_final=0.53 GiB, reclaimable_npy=1.05 GiB, net_growth=0.00 GiB, max_inflight_part=0.14 GiB, largest_part_source=1h_L2_Momentum, reserve_floor=2.00 GiB, free=32.43 GiB, groups=241
09:48:07 [INFO] [L6.5] raw-sink path uses serial group streaming for disk safety (requested_workers=2)
09:48:07 [INFO] [L6.5] Registry raw-sink config: groups=241 requested_workers=2 effective_workers=1 mode=append use_fast=False can_use_numba_fast=False winsor=True rank=False zscore=False fracdiff=False fracdiff_apply_to=non_stationary fracdiff_layers=['L1', 'L2'] adf=False gaussian=False
09:48:07 [INFO] [L6.5] Raw-sink start: 238 full groups (fast=0, slow=238) + 3 big-group splits → 248 sub-tasks (requested_workers=2, effective_workers=1, split_threshold=2000, slow_chunked=3, max_group_cols=8980, schedule=largest_first, rss=1153MB)
09:48:07 [INFO] [L6.5] raw-sink chunk stream start: group=1h_L2_Momentum cols=8980 chunks=5 chunk_size=2000 rss=1410MB
09:48:30 [INFO] [L6.5] raw-sink chunk stream complete: group=1h_L2_Momentum chunks=5 outputs=5 rss=1748MB
09:48:30 [INFO] [L6.5] raw-sink chunk stream start: group=1h_L4_lag_1 cols=5000 chunks=3 chunk_size=2000 rss=1634MB
09:48:44 [INFO] [L6.5] raw-sink chunk stream complete: group=1h_L4_lag_1 chunks=3 outputs=3 rss=1277MB
09:48:44 [INFO] [L6.5] raw-sink heartbeat: tasks 8/248 (3.2%), groups 2/241, elapsed=36.7s, rate=0.22/s, ETA=1100s, rss=1277MB, last=1h_L4_lag_1 (slow-chunked, parts=3)
09:48:44 [INFO] [L6.5] raw-sink chunk stream start: group=1h_L4_lag_2 cols=2224 chunks=2 chunk_size=2000 rss=1277MB
09:48:50 [INFO] [L6.5] raw-sink chunk stream complete: group=1h_L4_lag_2 chunks=2 outputs=2 rss=1007MB
09:49:15 [INFO] [L6.5] raw-sink heartbeat: tasks 20/248 (8.1%), groups 13/241, elapsed=67.8s, rate=0.30/s, ETA=773s, rss=966MB, last=1h_L3_rolling_W13_Std_1 (full)
09:49:43 [INFO] [L6.5] raw-sink heartbeat: tasks 32/248 (12.9%), groups 25/241, elapsed=96.3s, rate=0.33/s, ETA=650s, rss=931MB, last=1h_L3_rolling_W5_ZScore_1 (full)
09:49:46 [INFO] [L6.5] raw-sink heartbeat: tasks 44/248 (17.7%), groups 37/241, elapsed=98.9s, rate=0.44/s, ETA=459s, rss=991MB, last=1h_L1_momentum_TRIX (full)
09:49:48 [INFO] [L6.5] raw-sink heartbeat: tasks 56/248 (22.6%), groups 49/241, elapsed=100.5s, rate=0.56/s, ETA=345s, rss=991MB, last=1h_L1_trend_BBANDS-Upper (full)
09:49:49 [INFO] [L6.5] raw-sink heartbeat: tasks 68/248 (27.4%), groups 61/241, elapsed=101.9s, rate=0.67/s, ETA=270s, rss=969MB, last=1h_L1_momentum_DX (full)
09:49:50 [INFO] [L6.5] raw-sink heartbeat: tasks 80/248 (32.3%), groups 73/241, elapsed=103.2s, rate=0.78/s, ETA=217s, rss=969MB, last=1h_L1_momentum_APO_34-144-0 (full)
09:49:51 [INFO] [L6.5] raw-sink heartbeat: tasks 92/248 (37.1%), groups 85/241, elapsed=104.3s, rate=0.88/s, ETA=177s, rss=955MB, last=1h_L1_momentum_MACD-Hist_21-89-13 (full)
09:49:53 [INFO] [L6.5] raw-sink heartbeat: tasks 104/248 (41.9%), groups 97/241, elapsed=105.5s, rate=0.99/s, ETA=146s, rss=940MB, last=1h_L1_momentum_MACD-Line_21-55-9 (full)
09:49:54 [INFO] [L6.5] raw-sink heartbeat: tasks 116/248 (46.8%), groups 109/241, elapsed=106.6s, rate=1.09/s, ETA=121s, rss=856MB, last=1h_L1_momentum_MACD-Signal_13-55-13 (full)
09:49:55 [INFO] [L6.5] raw-sink heartbeat: tasks 128/248 (51.6%), groups 121/241, elapsed=107.8s, rate=1.19/s, ETA=101s, rss=803MB, last=1h_L1_momentum_MACDEXT-Hist_13-34-9 (full)
09:49:56 [INFO] [L6.5] raw-sink heartbeat: tasks 140/248 (56.5%), groups 133/241, elapsed=109.2s, rate=1.28/s, ETA=84s, rss=727MB, last=1h_L1_momentum_MACDEXT-Line_12-26-9 (full)
09:49:57 [INFO] [L6.5] raw-sink heartbeat: tasks 152/248 (61.3%), groups 145/241, elapsed=110.3s, rate=1.38/s, ETA=70s, rss=671MB, last=1h_L1_momentum_MACDEXT-Line_8-34-9 (full)
09:49:59 [INFO] [L6.5] raw-sink heartbeat: tasks 164/248 (66.1%), groups 157/241, elapsed=111.5s, rate=1.47/s, ETA=57s, rss=671MB, last=1h_L1_momentum_MACDEXT-Signal_8-21-5 (full)
09:50:00 [INFO] [L6.5] raw-sink heartbeat: tasks 176/248 (71.0%), groups 169/241, elapsed=112.6s, rate=1.56/s, ETA=46s, rss=671MB, last=1h_L1_momentum_PPO_55-233-0 (full)
09:50:01 [INFO] [L6.5] raw-sink heartbeat: tasks 188/248 (75.8%), groups 181/241, elapsed=113.8s, rate=1.65/s, ETA=36s, rss=671MB, last=1h_L1_momentum_STOCHRSI-fastk_21-5-3-0 (full)
09:50:02 [INFO] [L6.5] raw-sink heartbeat: tasks 200/248 (80.6%), groups 193/241, elapsed=114.9s, rate=1.74/s, ETA=28s, rss=562MB, last=1h_L1_momentum_STOCH-slowd_21-5-0-3-0 (full)
09:50:03 [INFO] [L6.5] raw-sink heartbeat: tasks 212/248 (85.5%), groups 205/241, elapsed=116.0s, rate=1.83/s, ETA=20s, rss=562MB, last=1h_L1_momentum_STOCH-slowk_21-5-0-3-0 (full)
09:50:04 [INFO] [L6.5] raw-sink heartbeat: tasks 224/248 (90.3%), groups 217/241, elapsed=117.2s, rate=1.91/s, ETA=13s, rss=404MB, last=1h_L1_momentum_STOCHF-fastd_34-5-0 (full)
09:50:05 [INFO] [L6.5] raw-sink heartbeat: tasks 236/248 (95.2%), groups 229/241, elapsed=118.3s, rate=2.00/s, ETA=6s, rss=404MB, last=1h_L1_momentum_STOCHF-fastk_89-8-0 (full)
09:50:06 [INFO] [L6.5] raw-sink heartbeat: tasks 248/248 (100.0%), groups 241/241, elapsed=119.4s, rate=2.08/s, ETA=0s, rss=366MB, last=1h_L1_trend_SAR_0.02-0.2 (full)
09:50:07 [INFO] [L6.5] raw-sink complete: 241/241 groups in 119.51s rss=366MB
09:50:07 [INFO] [Layer B Sanitize][CGSA] nulled 520106 non-finite/over-cap values (finite_cap=1e+18) across all streamed features
09:50:07 [INFO] [L7_raw] registry stream persist done: symbol=BTCUSDT tf=1h groups=248 features=37709 npy_freed=1.05 GiB dtype=mixed
09:50:07 [INFO] Loaded feature registry with 1 entries
PASSED                                                                   [ 66%]
tests/feature_engineering/test_ff_fullchain_truncation_small_mr.py::test_small_mutation_fracdiff_calibration_perturb_fails 
-------------------------------- live log call ---------------------------------
09:50:16 [INFO] KlineStorageManager initialized: data_cache/feature_klines/kline_cache.h5
09:50:16 [INFO] Registered adapter: crypto_spot
09:50:16 [WARNING] STOCH combo [5, 3, 3] is missing 2 parameter(s); using defaults slowk=3 slowd=3 slowk_matype=0 slowd_matype=0
09:50:16 [WARNING] STOCH combo [8, 3, 3] is missing 2 parameter(s); using defaults slowk=3 slowd=3 slowk_matype=0 slowd_matype=0
09:50:16 [WARNING] STOCH combo [13, 3, 3] is missing 2 parameter(s); using defaults slowk=3 slowd=3 slowk_matype=0 slowd_matype=0
09:50:16 [WARNING] STOCH combo [13, 5, 3] is missing 2 parameter(s); using defaults slowk=5 slowd=3 slowk_matype=0 slowd_matype=0
09:50:16 [WARNING] STOCH combo [21, 3, 3] is missing 2 parameter(s); using defaults slowk=3 slowd=3 slowk_matype=0 slowd_matype=0
09:50:16 [WARNING] STOCH combo [21, 5, 3] is missing 2 parameter(s); using defaults slowk=5 slowd=3 slowk_matype=0 slowd_matype=0
09:50:16 [WARNING] STOCH combo [21, 5, 5] is missing 2 parameter(s); using defaults slowk=5 slowd=5 slowk_matype=0 slowd_matype=0
09:50:16 [WARNING] STOCH combo [34, 5, 3] is missing 2 parameter(s); using defaults slowk=5 slowd=3 slowk_matype=0 slowd_matype=0
09:50:16 [WARNING] STOCH combo [34, 5, 5] is missing 2 parameter(s); using defaults slowk=5 slowd=5 slowk_matype=0 slowd_matype=0
09:50:16 [WARNING] STOCH combo [55, 5, 5] is missing 2 parameter(s); using defaults slowk=5 slowd=5 slowk_matype=0 slowd_matype=0
09:50:16 [WARNING] STOCH combo [55, 8, 5] is missing 2 parameter(s); using defaults slowk=8 slowd=5 slowk_matype=0 slowd_matype=0
09:50:16 [WARNING] STOCH combo [89, 8, 5] is missing 2 parameter(s); using defaults slowk=8 slowd=5 slowk_matype=0 slowd_matype=0
09:50:16 [WARNING] STOCHF combo [5, 3] is missing 1 parameter(s); using defaults fastd_period=3 fastd_matype=0
09:50:16 [WARNING] STOCHF combo [8, 3] is missing 1 parameter(s); using defaults fastd_period=3 fastd_matype=0
09:50:16 [WARNING] STOCHF combo [13, 3] is missing 1 parameter(s); using defaults fastd_period=3 fastd_matype=0
09:50:16 [WARNING] STOCHF combo [21, 3] is missing 1 parameter(s); using defaults fastd_period=3 fastd_matype=0
09:50:16 [WARNING] STOCHF combo [21, 5] is missing 1 parameter(s); using defaults fastd_period=5 fastd_matype=0
09:50:16 [WARNING] STOCHF combo [34, 5] is missing 1 parameter(s); using defaults fastd_period=5 fastd_matype=0
09:50:16 [WARNING] STOCHF combo [55, 5] is missing 1 parameter(s); using defaults fastd_period=5 fastd_matype=0
09:50:16 [WARNING] STOCHF combo [89, 8] is missing 1 parameter(s); using defaults fastd_period=8 fastd_matype=0
09:50:16 [WARNING] STOCHRSI combo [9, 5, 3] is missing 1 parameter(s); using defaults fastk_period=5 fastd_period=3 fastd_matype=0
09:50:16 [WARNING] STOCHRSI combo [14, 5, 3] is missing 1 parameter(s); using defaults fastk_period=5 fastd_period=3 fastd_matype=0
09:50:16 [WARNING] STOCHRSI combo [14, 3, 3] is missing 1 parameter(s); using defaults fastk_period=3 fastd_period=3 fastd_matype=0
09:50:16 [WARNING] STOCHRSI combo [21, 5, 3] is missing 1 parameter(s); using defaults fastk_period=5 fastd_period=3 fastd_matype=0
09:50:16 [WARNING] STOCHRSI combo [21, 8, 5] is missing 1 parameter(s); using defaults fastk_period=8 fastd_period=5 fastd_matype=0
09:50:16 [WARNING] STOCHRSI combo [34, 8, 5] is missing 1 parameter(s); using defaults fastk_period=8 fastd_period=5 fastd_matype=0
09:50:16 [WARNING] STOCHRSI combo [55, 8, 5] is missing 1 parameter(s); using defaults fastk_period=8 fastd_period=5 fastd_matype=0
09:50:16 [INFO] KlineStorageManager initialized: data_cache/feature_klines/kline_cache.h5
09:50:16 [INFO] Registered adapter: crypto_spot
09:50:16 [WARNING] STOCH combo [5, 3, 3] is missing 2 parameter(s); using defaults slowk=3 slowd=3 slowk_matype=0 slowd_matype=0
09:50:16 [WARNING] STOCH combo [8, 3, 3] is missing 2 parameter(s); using defaults slowk=3 slowd=3 slowk_matype=0 slowd_matype=0
09:50:16 [WARNING] STOCH combo [13, 3, 3] is missing 2 parameter(s); using defaults slowk=3 slowd=3 slowk_matype=0 slowd_matype=0
09:50:16 [WARNING] STOCH combo [13, 5, 3] is missing 2 parameter(s); using defaults slowk=5 slowd=3 slowk_matype=0 slowd_matype=0
09:50:16 [WARNING] STOCH combo [21, 3, 3] is missing 2 parameter(s); using defaults slowk=3 slowd=3 slowk_matype=0 slowd_matype=0
09:50:16 [WARNING] STOCH combo [21, 5, 3] is missing 2 parameter(s); using defaults slowk=5 slowd=3 slowk_matype=0 slowd_matype=0
09:50:16 [WARNING] STOCH combo [21, 5, 5] is missing 2 parameter(s); using defaults slowk=5 slowd=5 slowk_matype=0 slowd_matype=0
09:50:16 [WARNING] STOCH combo [34, 5, 3] is missing 2 parameter(s); using defaults slowk=5 slowd=3 slowk_matype=0 slowd_matype=0
09:50:16 [WARNING] STOCH combo [34, 5, 5] is missing 2 parameter(s); using defaults slowk=5 slowd=5 slowk_matype=0 slowd_matype=0
09:50:16 [WARNING] STOCH combo [55, 5, 5] is missing 2 parameter(s); using defaults slowk=5 slowd=5 slowk_matype=0 slowd_matype=0
09:50:16 [WARNING] STOCH combo [55, 8, 5] is missing 2 parameter(s); using defaults slowk=8 slowd=5 slowk_matype=0 slowd_matype=0
09:50:16 [WARNING] STOCH combo [89, 8, 5] is missing 2 parameter(s); using defaults slowk=8 slowd=5 slowk_matype=0 slowd_matype=0
09:50:16 [WARNING] STOCHF combo [5, 3] is missing 1 parameter(s); using defaults fastd_period=3 fastd_matype=0
09:50:16 [WARNING] STOCHF combo [8, 3] is missing 1 parameter(s); using defaults fastd_period=3 fastd_matype=0
09:50:16 [WARNING] STOCHF combo [13, 3] is missing 1 parameter(s); using defaults fastd_period=3 fastd_matype=0
09:50:16 [WARNING] STOCHF combo [21, 3] is missing 1 parameter(s); using defaults fastd_period=3 fastd_matype=0
09:50:16 [WARNING] STOCHF combo [21, 5] is missing 1 parameter(s); using defaults fastd_period=5 fastd_matype=0
09:50:16 [WARNING] STOCHF combo [34, 5] is missing 1 parameter(s); using defaults fastd_period=5 fastd_matype=0
09:50:16 [WARNING] STOCHF combo [55, 5] is missing 1 parameter(s); using defaults fastd_period=5 fastd_matype=0
09:50:16 [WARNING] STOCHF combo [89, 8] is missing 1 parameter(s); using defaults fastd_period=8 fastd_matype=0
09:50:16 [WARNING] STOCHRSI combo [9, 5, 3] is missing 1 parameter(s); using defaults fastk_period=5 fastd_period=3 fastd_matype=0
09:50:16 [WARNING] STOCHRSI combo [14, 5, 3] is missing 1 parameter(s); using defaults fastk_period=5 fastd_period=3 fastd_matype=0
09:50:16 [WARNING] STOCHRSI combo [14, 3, 3] is missing 1 parameter(s); using defaults fastk_period=3 fastd_period=3 fastd_matype=0
09:50:16 [WARNING] STOCHRSI combo [21, 5, 3] is missing 1 parameter(s); using defaults fastk_period=5 fastd_period=3 fastd_matype=0
09:50:16 [WARNING] STOCHRSI combo [21, 8, 5] is missing 1 parameter(s); using defaults fastk_period=8 fastd_period=5 fastd_matype=0
09:50:16 [WARNING] STOCHRSI combo [34, 8, 5] is missing 1 parameter(s); using defaults fastk_period=8 fastd_period=5 fastd_matype=0
09:50:16 [WARNING] STOCHRSI combo [55, 8, 5] is missing 1 parameter(s); using defaults fastk_period=8 fastd_period=5 fastd_matype=0
09:50:16 [INFO] KlineStorageManager initialized: data_cache/feature_klines/kline_cache.h5
09:50:16 [INFO] Registered adapter: crypto_spot
09:50:16 [WARNING] STOCH combo [5, 3, 3] is missing 2 parameter(s); using defaults slowk=3 slowd=3 slowk_matype=0 slowd_matype=0
09:50:16 [WARNING] STOCH combo [8, 3, 3] is missing 2 parameter(s); using defaults slowk=3 slowd=3 slowk_matype=0 slowd_matype=0
09:50:16 [WARNING] STOCH combo [13, 3, 3] is missing 2 parameter(s); using defaults slowk=3 slowd=3 slowk_matype=0 slowd_matype=0
09:50:16 [WARNING] STOCH combo [13, 5, 3] is missing 2 parameter(s); using defaults slowk=5 slowd=3 slowk_matype=0 slowd_matype=0
09:50:16 [WARNING] STOCH combo [21, 3, 3] is missing 2 parameter(s); using defaults slowk=3 slowd=3 slowk_matype=0 slowd_matype=0
09:50:16 [WARNING] STOCH combo [21, 5, 3] is missing 2 parameter(s); using defaults slowk=5 slowd=3 slowk_matype=0 slowd_matype=0
09:50:16 [WARNING] STOCH combo [21, 5, 5] is missing 2 parameter(s); using defaults slowk=5 slowd=5 slowk_matype=0 slowd_matype=0
09:50:16 [WARNING] STOCH combo [34, 5, 3] is missing 2 parameter(s); using defaults slowk=5 slowd=3 slowk_matype=0 slowd_matype=0
09:50:16 [WARNING] STOCH combo [34, 5, 5] is missing 2 parameter(s); using defaults slowk=5 slowd=5 slowk_matype=0 slowd_matype=0
09:50:16 [WARNING] STOCH combo [55, 5, 5] is missing 2 parameter(s); using defaults slowk=5 slowd=5 slowk_matype=0 slowd_matype=0
09:50:16 [WARNING] STOCH combo [55, 8, 5] is missing 2 parameter(s); using defaults slowk=8 slowd=5 slowk_matype=0 slowd_matype=0
09:50:16 [WARNING] STOCH combo [89, 8, 5] is missing 2 parameter(s); using defaults slowk=8 slowd=5 slowk_matype=0 slowd_matype=0
09:50:16 [WARNING] STOCHF combo [5, 3] is missing 1 parameter(s); using defaults fastd_period=3 fastd_matype=0
09:50:16 [WARNING] STOCHF combo [8, 3] is missing 1 parameter(s); using defaults fastd_period=3 fastd_matype=0
09:50:16 [WARNING] STOCHF combo [13, 3] is missing 1 parameter(s); using defaults fastd_period=3 fastd_matype=0
09:50:16 [WARNING] STOCHF combo [21, 3] is missing 1 parameter(s); using defaults fastd_period=3 fastd_matype=0
09:50:16 [WARNING] STOCHF combo [21, 5] is missing 1 parameter(s); using defaults fastd_period=5 fastd_matype=0
09:50:16 [WARNING] STOCHF combo [34, 5] is missing 1 parameter(s); using defaults fastd_period=5 fastd_matype=0
09:50:16 [WARNING] STOCHF combo [55, 5] is missing 1 parameter(s); using defaults fastd_period=5 fastd_matype=0
09:50:16 [WARNING] STOCHF combo [89, 8] is missing 1 parameter(s); using defaults fastd_period=8 fastd_matype=0
09:50:16 [WARNING] STOCHRSI combo [9, 5, 3] is missing 1 parameter(s); using defaults fastk_period=5 fastd_period=3 fastd_matype=0
09:50:16 [WARNING] STOCHRSI combo [14, 5, 3] is missing 1 parameter(s); using defaults fastk_period=5 fastd_period=3 fastd_matype=0
09:50:16 [WARNING] STOCHRSI combo [14, 3, 3] is missing 1 parameter(s); using defaults fastk_period=3 fastd_period=3 fastd_matype=0
09:50:16 [WARNING] STOCHRSI combo [21, 5, 3] is missing 1 parameter(s); using defaults fastk_period=5 fastd_period=3 fastd_matype=0
09:50:16 [WARNING] STOCHRSI combo [21, 8, 5] is missing 1 parameter(s); using defaults fastk_period=8 fastd_period=5 fastd_matype=0
09:50:16 [WARNING] STOCHRSI combo [34, 8, 5] is missing 1 parameter(s); using defaults fastk_period=8 fastd_period=5 fastd_matype=0
09:50:16 [WARNING] STOCHRSI combo [55, 8, 5] is missing 1 parameter(s); using defaults fastk_period=8 fastd_period=5 fastd_matype=0
09:50:17 [WARNING] STOCH combo [5, 3, 3] is missing 2 parameter(s); using defaults slowk=3 slowd=3 slowk_matype=0 slowd_matype=0
09:50:17 [WARNING] STOCH combo [8, 3, 3] is missing 2 parameter(s); using defaults slowk=3 slowd=3 slowk_matype=0 slowd_matype=0
09:50:17 [WARNING] STOCH combo [13, 3, 3] is missing 2 parameter(s); using defaults slowk=3 slowd=3 slowk_matype=0 slowd_matype=0
09:50:17 [WARNING] STOCH combo [13, 5, 3] is missing 2 parameter(s); using defaults slowk=5 slowd=3 slowk_matype=0 slowd_matype=0
09:50:17 [WARNING] STOCH combo [21, 3, 3] is missing 2 parameter(s); using defaults slowk=3 slowd=3 slowk_matype=0 slowd_matype=0
09:50:17 [WARNING] STOCH combo [21, 5, 3] is missing 2 parameter(s); using defaults slowk=5 slowd=3 slowk_matype=0 slowd_matype=0
09:50:17 [WARNING] STOCH combo [21, 5, 5] is missing 2 parameter(s); using defaults slowk=5 slowd=5 slowk_matype=0 slowd_matype=0
09:50:17 [WARNING] STOCH combo [34, 5, 3] is missing 2 parameter(s); using defaults slowk=5 slowd=3 slowk_matype=0 slowd_matype=0
09:50:17 [WARNING] STOCH combo [34, 5, 5] is missing 2 parameter(s); using defaults slowk=5 slowd=5 slowk_matype=0 slowd_matype=0
09:50:17 [WARNING] STOCH combo [55, 5, 5] is missing 2 parameter(s); using defaults slowk=5 slowd=5 slowk_matype=0 slowd_matype=0
09:50:17 [WARNING] STOCH combo [55, 8, 5] is missing 2 parameter(s); using defaults slowk=8 slowd=5 slowk_matype=0 slowd_matype=0
09:50:17 [WARNING] STOCH combo [89, 8, 5] is missing 2 parameter(s); using defaults slowk=8 slowd=5 slowk_matype=0 slowd_matype=0
09:50:17 [WARNING] STOCHF combo [5, 3] is missing 1 parameter(s); using defaults fastd_period=3 fastd_matype=0
09:50:17 [WARNING] STOCHF combo [8, 3] is missing 1 parameter(s); using defaults fastd_period=3 fastd_matype=0
09:50:17 [WARNING] STOCHF combo [13, 3] is missing 1 parameter(s); using defaults fastd_period=3 fastd_matype=0
09:50:17 [WARNING] STOCHF combo [21, 3] is missing 1 parameter(s); using defaults fastd_period=3 fastd_matype=0
09:50:17 [WARNING] STOCHF combo [21, 5] is missing 1 parameter(s); using defaults fastd_period=5 fastd_matype=0
09:50:17 [WARNING] STOCHF combo [34, 5] is missing 1 parameter(s); using defaults fastd_period=5 fastd_matype=0
09:50:17 [WARNING] STOCHF combo [55, 5] is missing 1 parameter(s); using defaults fastd_period=5 fastd_matype=0
09:50:17 [WARNING] STOCHF combo [89, 8] is missing 1 parameter(s); using defaults fastd_period=8 fastd_matype=0
09:50:17 [WARNING] STOCHRSI combo [9, 5, 3] is missing 1 parameter(s); using defaults fastk_period=5 fastd_period=3 fastd_matype=0
09:50:17 [WARNING] STOCHRSI combo [14, 5, 3] is missing 1 parameter(s); using defaults fastk_period=5 fastd_period=3 fastd_matype=0
09:50:17 [WARNING] STOCHRSI combo [14, 3, 3] is missing 1 parameter(s); using defaults fastk_period=3 fastd_period=3 fastd_matype=0
09:50:17 [WARNING] STOCHRSI combo [21, 5, 3] is missing 1 parameter(s); using defaults fastk_period=5 fastd_period=3 fastd_matype=0
09:50:17 [WARNING] STOCHRSI combo [21, 8, 5] is missing 1 parameter(s); using defaults fastk_period=8 fastd_period=5 fastd_matype=0
09:50:17 [WARNING] STOCHRSI combo [34, 8, 5] is missing 1 parameter(s); using defaults fastk_period=8 fastd_period=5 fastd_matype=0
09:50:17 [WARNING] STOCHRSI combo [55, 8, 5] is missing 1 parameter(s); using defaults fastk_period=8 fastd_period=5 fastd_matype=0
09:50:17 [INFO] Fetching spot data: BTCUSDT/1h
09:50:17 [INFO] Read 20352 klines from BTCUSDT/1h in 0.007s
09:50:17 [INFO] Aligned data for BTCUSDT/1h: 20352 rows, 5 columns
09:50:17 [INFO] Fetching spot data: BTCUSDT/1h
09:50:17 [INFO] Read 20352 klines from BTCUSDT/1h in 0.006s
09:50:17 [INFO] Aligned data for BTCUSDT/1h: 20352 rows, 5 columns
09:50:17 [WARNING] STOCH combo [5, 3, 3] is missing 2 parameter(s); using defaults slowk=3 slowd=3 slowk_matype=0 slowd_matype=0
09:50:17 [WARNING] STOCH combo [8, 3, 3] is missing 2 parameter(s); using defaults slowk=3 slowd=3 slowk_matype=0 slowd_matype=0
09:50:17 [WARNING] STOCH combo [13, 3, 3] is missing 2 parameter(s); using defaults slowk=3 slowd=3 slowk_matype=0 slowd_matype=0
09:50:17 [WARNING] STOCH combo [13, 5, 3] is missing 2 parameter(s); using defaults slowk=5 slowd=3 slowk_matype=0 slowd_matype=0
09:50:17 [WARNING] STOCH combo [21, 3, 3] is missing 2 parameter(s); using defaults slowk=3 slowd=3 slowk_matype=0 slowd_matype=0
09:50:17 [WARNING] STOCH combo [21, 5, 3] is missing 2 parameter(s); using defaults slowk=5 slowd=3 slowk_matype=0 slowd_matype=0
09:50:17 [WARNING] STOCH combo [21, 5, 5] is missing 2 parameter(s); using defaults slowk=5 slowd=5 slowk_matype=0 slowd_matype=0
09:50:17 [WARNING] STOCH combo [34, 5, 3] is missing 2 parameter(s); using defaults slowk=5 slowd=3 slowk_matype=0 slowd_matype=0
09:50:17 [WARNING] STOCH combo [34, 5, 5] is missing 2 parameter(s); using defaults slowk=5 slowd=5 slowk_matype=0 slowd_matype=0
09:50:17 [WARNING] STOCH combo [55, 5, 5] is missing 2 parameter(s); using defaults slowk=5 slowd=5 slowk_matype=0 slowd_matype=0
09:50:17 [WARNING] STOCH combo [55, 8, 5] is missing 2 parameter(s); using defaults slowk=8 slowd=5 slowk_matype=0 slowd_matype=0
09:50:17 [WARNING] STOCH combo [89, 8, 5] is missing 2 parameter(s); using defaults slowk=8 slowd=5 slowk_matype=0 slowd_matype=0
09:50:17 [WARNING] STOCHF combo [5, 3] is missing 1 parameter(s); using defaults fastd_period=3 fastd_matype=0
09:50:17 [WARNING] STOCHF combo [8, 3] is missing 1 parameter(s); using defaults fastd_period=3 fastd_matype=0
09:50:17 [WARNING] STOCHF combo [13, 3] is missing 1 parameter(s); using defaults fastd_period=3 fastd_matype=0
09:50:17 [WARNING] STOCHF combo [21, 3] is missing 1 parameter(s); using defaults fastd_period=3 fastd_matype=0
09:50:17 [WARNING] STOCHF combo [21, 5] is missing 1 parameter(s); using defaults fastd_period=5 fastd_matype=0
09:50:17 [WARNING] STOCHF combo [34, 5] is missing 1 parameter(s); using defaults fastd_period=5 fastd_matype=0
09:50:17 [WARNING] STOCHF combo [55, 5] is missing 1 parameter(s); using defaults fastd_period=5 fastd_matype=0
09:50:17 [WARNING] STOCHF combo [89, 8] is missing 1 parameter(s); using defaults fastd_period=8 fastd_matype=0
09:50:17 [WARNING] STOCHRSI combo [9, 5, 3] is missing 1 parameter(s); using defaults fastk_period=5 fastd_period=3 fastd_matype=0
09:50:17 [WARNING] STOCHRSI combo [14, 5, 3] is missing 1 parameter(s); using defaults fastk_period=5 fastd_period=3 fastd_matype=0
09:50:17 [WARNING] STOCHRSI combo [14, 3, 3] is missing 1 parameter(s); using defaults fastk_period=3 fastd_period=3 fastd_matype=0
09:50:17 [WARNING] STOCHRSI combo [21, 5, 3] is missing 1 parameter(s); using defaults fastk_period=5 fastd_period=3 fastd_matype=0
09:50:17 [WARNING] STOCHRSI combo [21, 8, 5] is missing 1 parameter(s); using defaults fastk_period=8 fastd_period=5 fastd_matype=0
09:50:17 [WARNING] STOCHRSI combo [34, 8, 5] is missing 1 parameter(s); using defaults fastk_period=8 fastd_period=5 fastd_matype=0
09:50:17 [WARNING] STOCHRSI combo [55, 8, 5] is missing 1 parameter(s); using defaults fastk_period=8 fastd_period=5 fastd_matype=0
09:50:17 [INFO] [Layer 1] 0% - Starting Layer 1...
09:50:17 [INFO] Layer 1 starting, rss=683MB
09:50:17 [WARNING] STOCH combo [5, 3, 3] is missing 2 parameter(s); using defaults slowk=3 slowd=3 slowk_matype=0 slowd_matype=0
09:50:17 [WARNING] STOCH combo [8, 3, 3] is missing 2 parameter(s); using defaults slowk=3 slowd=3 slowk_matype=0 slowd_matype=0
09:50:17 [WARNING] STOCH combo [13, 3, 3] is missing 2 parameter(s); using defaults slowk=3 slowd=3 slowk_matype=0 slowd_matype=0
09:50:17 [WARNING] STOCH combo [13, 5, 3] is missing 2 parameter(s); using defaults slowk=5 slowd=3 slowk_matype=0 slowd_matype=0
09:50:17 [WARNING] STOCH combo [21, 3, 3] is missing 2 parameter(s); using defaults slowk=3 slowd=3 slowk_matype=0 slowd_matype=0
09:50:17 [WARNING] STOCH combo [21, 5, 3] is missing 2 parameter(s); using defaults slowk=5 slowd=3 slowk_matype=0 slowd_matype=0
09:50:17 [WARNING] STOCH combo [21, 5, 5] is missing 2 parameter(s); using defaults slowk=5 slowd=5 slowk_matype=0 slowd_matype=0
09:50:17 [WARNING] STOCH combo [34, 5, 3] is missing 2 parameter(s); using defaults slowk=5 slowd=3 slowk_matype=0 slowd_matype=0
09:50:17 [WARNING] STOCH combo [34, 5, 5] is missing 2 parameter(s); using defaults slowk=5 slowd=5 slowk_matype=0 slowd_matype=0
09:50:17 [WARNING] STOCH combo [55, 5, 5] is missing 2 parameter(s); using defaults slowk=5 slowd=5 slowk_matype=0 slowd_matype=0
09:50:17 [WARNING] STOCH combo [55, 8, 5] is missing 2 parameter(s); using defaults slowk=8 slowd=5 slowk_matype=0 slowd_matype=0
09:50:17 [WARNING] STOCH combo [89, 8, 5] is missing 2 parameter(s); using defaults slowk=8 slowd=5 slowk_matype=0 slowd_matype=0
09:50:17 [WARNING] STOCHF combo [5, 3] is missing 1 parameter(s); using defaults fastd_period=3 fastd_matype=0
09:50:17 [WARNING] STOCHF combo [8, 3] is missing 1 parameter(s); using defaults fastd_period=3 fastd_matype=0
09:50:17 [WARNING] STOCHF combo [13, 3] is missing 1 parameter(s); using defaults fastd_period=3 fastd_matype=0
09:50:17 [WARNING] STOCHF combo [21, 3] is missing 1 parameter(s); using defaults fastd_period=3 fastd_matype=0
09:50:17 [WARNING] STOCHF combo [21, 5] is missing 1 parameter(s); using defaults fastd_period=5 fastd_matype=0
09:50:17 [WARNING] STOCHF combo [34, 5] is missing 1 parameter(s); using defaults fastd_period=5 fastd_matype=0
09:50:17 [WARNING] STOCHF combo [55, 5] is missing 1 parameter(s); using defaults fastd_period=5 fastd_matype=0
09:50:17 [WARNING] STOCHF combo [89, 8] is missing 1 parameter(s); using defaults fastd_period=8 fastd_matype=0
09:50:17 [WARNING] STOCHRSI combo [9, 5, 3] is missing 1 parameter(s); using defaults fastk_period=5 fastd_period=3 fastd_matype=0
09:50:17 [WARNING] STOCHRSI combo [14, 5, 3] is missing 1 parameter(s); using defaults fastk_period=5 fastd_period=3 fastd_matype=0
09:50:17 [WARNING] STOCHRSI combo [14, 3, 3] is missing 1 parameter(s); using defaults fastk_period=3 fastd_period=3 fastd_matype=0
09:50:17 [WARNING] STOCHRSI combo [21, 5, 3] is missing 1 parameter(s); using defaults fastk_period=5 fastd_period=3 fastd_matype=0
09:50:17 [WARNING] STOCHRSI combo [21, 8, 5] is missing 1 parameter(s); using defaults fastk_period=8 fastd_period=5 fastd_matype=0
09:50:17 [WARNING] STOCHRSI combo [34, 8, 5] is missing 1 parameter(s); using defaults fastk_period=8 fastd_period=5 fastd_matype=0
09:50:17 [WARNING] STOCHRSI combo [55, 8, 5] is missing 1 parameter(s); using defaults fastk_period=8 fastd_period=5 fastd_matype=0
09:50:17 [INFO] [Layer 1] 100% - Layer 1 completed: 898 features
09:50:17 [INFO] Layer 1 done: 898 cols, status=ok, rss=757MB
09:50:17 [INFO] [Layer 2] 0% - Starting Layer 2...
09:50:17 [INFO] Layer 2 starting, rss=757MB
09:50:17 [INFO] [L2] Starting derived features: 898 L1 cols
09:50:17 [WARNING] STOCH combo [5, 3, 3] is missing 2 parameter(s); using defaults slowk=3 slowd=3 slowk_matype=0 slowd_matype=0
09:50:17 [WARNING] STOCH combo [8, 3, 3] is missing 2 parameter(s); using defaults slowk=3 slowd=3 slowk_matype=0 slowd_matype=0
09:50:17 [WARNING] STOCH combo [13, 3, 3] is missing 2 parameter(s); using defaults slowk=3 slowd=3 slowk_matype=0 slowd_matype=0
09:50:17 [WARNING] STOCH combo [13, 5, 3] is missing 2 parameter(s); using defaults slowk=5 slowd=3 slowk_matype=0 slowd_matype=0
09:50:17 [WARNING] STOCH combo [21, 3, 3] is missing 2 parameter(s); using defaults slowk=3 slowd=3 slowk_matype=0 slowd_matype=0
09:50:17 [WARNING] STOCH combo [21, 5, 3] is missing 2 parameter(s); using defaults slowk=5 slowd=3 slowk_matype=0 slowd_matype=0
09:50:17 [WARNING] STOCH combo [21, 5, 5] is missing 2 parameter(s); using defaults slowk=5 slowd=5 slowk_matype=0 slowd_matype=0
09:50:17 [WARNING] STOCH combo [34, 5, 3] is missing 2 parameter(s); using defaults slowk=5 slowd=3 slowk_matype=0 slowd_matype=0
09:50:17 [WARNING] STOCH combo [34, 5, 5] is missing 2 parameter(s); using defaults slowk=5 slowd=5 slowk_matype=0 slowd_matype=0
09:50:17 [WARNING] STOCH combo [55, 5, 5] is missing 2 parameter(s); using defaults slowk=5 slowd=5 slowk_matype=0 slowd_matype=0
09:50:17 [WARNING] STOCH combo [55, 8, 5] is missing 2 parameter(s); using defaults slowk=8 slowd=5 slowk_matype=0 slowd_matype=0
09:50:17 [WARNING] STOCH combo [89, 8, 5] is missing 2 parameter(s); using defaults slowk=8 slowd=5 slowk_matype=0 slowd_matype=0
09:50:17 [WARNING] STOCHF combo [5, 3] is missing 1 parameter(s); using defaults fastd_period=3 fastd_matype=0
09:50:17 [WARNING] STOCHF combo [8, 3] is missing 1 parameter(s); using defaults fastd_period=3 fastd_matype=0
09:50:17 [WARNING] STOCHF combo [13, 3] is missing 1 parameter(s); using defaults fastd_period=3 fastd_matype=0
09:50:17 [WARNING] STOCHF combo [21, 3] is missing 1 parameter(s); using defaults fastd_period=3 fastd_matype=0
09:50:17 [WARNING] STOCHF combo [21, 5] is missing 1 parameter(s); using defaults fastd_period=5 fastd_matype=0
09:50:17 [WARNING] STOCHF combo [34, 5] is missing 1 parameter(s); using defaults fastd_period=5 fastd_matype=0
09:50:17 [WARNING] STOCHF combo [55, 5] is missing 1 parameter(s); using defaults fastd_period=5 fastd_matype=0
09:50:17 [WARNING] STOCHF combo [89, 8] is missing 1 parameter(s); using defaults fastd_period=8 fastd_matype=0
09:50:17 [WARNING] STOCHRSI combo [9, 5, 3] is missing 1 parameter(s); using defaults fastk_period=5 fastd_period=3 fastd_matype=0
09:50:17 [WARNING] STOCHRSI combo [14, 5, 3] is missing 1 parameter(s); using defaults fastk_period=5 fastd_period=3 fastd_matype=0
09:50:17 [WARNING] STOCHRSI combo [14, 3, 3] is missing 1 parameter(s); using defaults fastk_period=3 fastd_period=3 fastd_matype=0
09:50:17 [WARNING] STOCHRSI combo [21, 5, 3] is missing 1 parameter(s); using defaults fastk_period=5 fastd_period=3 fastd_matype=0
09:50:17 [WARNING] STOCHRSI combo [21, 8, 5] is missing 1 parameter(s); using defaults fastk_period=8 fastd_period=5 fastd_matype=0
09:50:17 [WARNING] STOCHRSI combo [34, 8, 5] is missing 1 parameter(s); using defaults fastk_period=8 fastd_period=5 fastd_matype=0
09:50:17 [WARNING] STOCHRSI combo [55, 8, 5] is missing 1 parameter(s); using defaults fastk_period=8 fastd_period=5 fastd_matype=0
09:50:20 [INFO] [L2] Completed: 11621 cols in 3.32s
09:50:21 [INFO] [Layer 2] 100% - Layer 2 completed: 11621 features
09:50:21 [INFO] Layer 2 done: 11621 cols, status=ok, rss=1500MB
09:50:21 [INFO] [Layer 3] 0% - Starting Layer 3...
09:50:21 [INFO] Layer 3 starting, rss=1500MB
09:50:23 [INFO] [L3 streaming][numba][multi] step 10/20 (W5_range): 898→898 cols (-0 dead)
09:50:23 [INFO] [L3 streaming][numba][multi] step 20/20 (W13_range): 898→898 cols (-0 dead)
09:50:23 [INFO] [L3 streaming][numba][multi] complete: 17960 total generated, 0 dead dropped, 17960 survivors
09:50:24 [INFO] [Layer 3] 100% - Layer 3 completed: 17960 features
09:50:24 [INFO] Layer 3 done: 17960 cols, status=ok, rss=1830MB
09:50:24 [INFO] [Layer 4] 0% - Starting Layer 4...
09:50:24 [INFO] Layer 4 starting, rss=1830MB
09:50:24 [INFO] [Layer 4] 100% - Layer 4 completed: 7224 features
09:50:24 [INFO] Layer 4 done: 7224 cols, status=ok, rss=1842MB
09:50:24 [INFO] [Layer 5] 0% - Starting Layer 5...
09:50:24 [INFO] Layer 5 starting, rss=1842MB
09:50:24 [INFO] [Layer 5] 100% - Layer 5 completed: 0 features
09:50:24 [INFO] Layer 5 done: 0 cols, status=empty_disabled, rss=1842MB
09:50:24 [INFO] [Layer 6] 0% - Starting Layer 6...
09:50:24 [INFO] Layer 6 starting, rss=1842MB
09:50:24 [INFO] [Layer 6] 100% - Layer 6 completed: 10 features
09:50:24 [INFO] Layer 6 done: 10 cols, status=ok, rss=1843MB
09:50:24 [INFO] [memmap concat] 5 DFs → 37713 cols × 3812 rows ≈ 0.58 GB → disk-backed
09:50:24 [INFO] [memmap] created: shape=(3812, 37713), dtype=<class 'numpy.float32'>, est=0.58 GB  (file auto-unlinked)
09:50:24 [INFO] [memmap concat] copying DF 1/5 (898 cols)
09:50:24 [INFO] [memmap concat] copying DF 2/5 (11621 cols)
09:50:25 [INFO] [memmap concat] copying DF 3/5 (17960 cols)
09:50:26 [INFO] [memmap concat] copying DF 4/5 (7224 cols)
09:50:26 [INFO] [memmap concat] copying DF 5/5 (10 cols)
09:50:28 [INFO] [Layer 1] 0% - Starting Layer 1...
09:50:28 [INFO] Layer 1 starting, rss=1624MB
09:50:28 [WARNING] STOCH combo [5, 3, 3] is missing 2 parameter(s); using defaults slowk=3 slowd=3 slowk_matype=0 slowd_matype=0
09:50:28 [WARNING] STOCH combo [8, 3, 3] is missing 2 parameter(s); using defaults slowk=3 slowd=3 slowk_matype=0 slowd_matype=0
09:50:28 [WARNING] STOCH combo [13, 3, 3] is missing 2 parameter(s); using defaults slowk=3 slowd=3 slowk_matype=0 slowd_matype=0
09:50:28 [WARNING] STOCH combo [13, 5, 3] is missing 2 parameter(s); using defaults slowk=5 slowd=3 slowk_matype=0 slowd_matype=0
09:50:28 [WARNING] STOCH combo [21, 3, 3] is missing 2 parameter(s); using defaults slowk=3 slowd=3 slowk_matype=0 slowd_matype=0
09:50:28 [WARNING] STOCH combo [21, 5, 3] is missing 2 parameter(s); using defaults slowk=5 slowd=3 slowk_matype=0 slowd_matype=0
09:50:28 [WARNING] STOCH combo [21, 5, 5] is missing 2 parameter(s); using defaults slowk=5 slowd=5 slowk_matype=0 slowd_matype=0
09:50:28 [WARNING] STOCH combo [34, 5, 3] is missing 2 parameter(s); using defaults slowk=5 slowd=3 slowk_matype=0 slowd_matype=0
09:50:28 [WARNING] STOCH combo [34, 5, 5] is missing 2 parameter(s); using defaults slowk=5 slowd=5 slowk_matype=0 slowd_matype=0
09:50:28 [WARNING] STOCH combo [55, 5, 5] is missing 2 parameter(s); using defaults slowk=5 slowd=5 slowk_matype=0 slowd_matype=0
09:50:28 [WARNING] STOCH combo [55, 8, 5] is missing 2 parameter(s); using defaults slowk=8 slowd=5 slowk_matype=0 slowd_matype=0
09:50:28 [WARNING] STOCH combo [89, 8, 5] is missing 2 parameter(s); using defaults slowk=8 slowd=5 slowk_matype=0 slowd_matype=0
09:50:28 [WARNING] STOCHF combo [5, 3] is missing 1 parameter(s); using defaults fastd_period=3 fastd_matype=0
09:50:28 [WARNING] STOCHF combo [8, 3] is missing 1 parameter(s); using defaults fastd_period=3 fastd_matype=0
09:50:28 [WARNING] STOCHF combo [13, 3] is missing 1 parameter(s); using defaults fastd_period=3 fastd_matype=0
09:50:28 [WARNING] STOCHF combo [21, 3] is missing 1 parameter(s); using defaults fastd_period=3 fastd_matype=0
09:50:28 [WARNING] STOCHF combo [21, 5] is missing 1 parameter(s); using defaults fastd_period=5 fastd_matype=0
09:50:28 [WARNING] STOCHF combo [34, 5] is missing 1 parameter(s); using defaults fastd_period=5 fastd_matype=0
09:50:28 [WARNING] STOCHF combo [55, 5] is missing 1 parameter(s); using defaults fastd_period=5 fastd_matype=0
09:50:28 [WARNING] STOCHF combo [89, 8] is missing 1 parameter(s); using defaults fastd_period=8 fastd_matype=0
09:50:28 [WARNING] STOCHRSI combo [9, 5, 3] is missing 1 parameter(s); using defaults fastk_period=5 fastd_period=3 fastd_matype=0
09:50:28 [WARNING] STOCHRSI combo [14, 5, 3] is missing 1 parameter(s); using defaults fastk_period=5 fastd_period=3 fastd_matype=0
09:50:28 [WARNING] STOCHRSI combo [14, 3, 3] is missing 1 parameter(s); using defaults fastk_period=3 fastd_period=3 fastd_matype=0
09:50:28 [WARNING] STOCHRSI combo [21, 5, 3] is missing 1 parameter(s); using defaults fastk_period=5 fastd_period=3 fastd_matype=0
09:50:28 [WARNING] STOCHRSI combo [21, 8, 5] is missing 1 parameter(s); using defaults fastk_period=8 fastd_period=5 fastd_matype=0
09:50:28 [WARNING] STOCHRSI combo [34, 8, 5] is missing 1 parameter(s); using defaults fastk_period=8 fastd_period=5 fastd_matype=0
09:50:28 [WARNING] STOCHRSI combo [55, 8, 5] is missing 1 parameter(s); using defaults fastk_period=8 fastd_period=5 fastd_matype=0
09:50:28 [INFO] [Layer 1] 100% - Layer 1 completed: 898 features
09:50:28 [INFO] Layer 1 done: 898 cols, status=ok, rss=1870MB
09:50:28 [INFO] [Layer 2] 0% - Starting Layer 2...
09:50:28 [INFO] Layer 2 starting, rss=1870MB
09:50:28 [INFO] [L2] Starting derived features: 898 L1 cols
09:50:28 [WARNING] STOCH combo [5, 3, 3] is missing 2 parameter(s); using defaults slowk=3 slowd=3 slowk_matype=0 slowd_matype=0
09:50:28 [WARNING] STOCH combo [8, 3, 3] is missing 2 parameter(s); using defaults slowk=3 slowd=3 slowk_matype=0 slowd_matype=0
09:50:28 [WARNING] STOCH combo [13, 3, 3] is missing 2 parameter(s); using defaults slowk=3 slowd=3 slowk_matype=0 slowd_matype=0
09:50:28 [WARNING] STOCH combo [13, 5, 3] is missing 2 parameter(s); using defaults slowk=5 slowd=3 slowk_matype=0 slowd_matype=0
09:50:28 [WARNING] STOCH combo [21, 3, 3] is missing 2 parameter(s); using defaults slowk=3 slowd=3 slowk_matype=0 slowd_matype=0
09:50:28 [WARNING] STOCH combo [21, 5, 3] is missing 2 parameter(s); using defaults slowk=5 slowd=3 slowk_matype=0 slowd_matype=0
09:50:28 [WARNING] STOCH combo [21, 5, 5] is missing 2 parameter(s); using defaults slowk=5 slowd=5 slowk_matype=0 slowd_matype=0
09:50:28 [WARNING] STOCH combo [34, 5, 3] is missing 2 parameter(s); using defaults slowk=5 slowd=3 slowk_matype=0 slowd_matype=0
09:50:28 [WARNING] STOCH combo [34, 5, 5] is missing 2 parameter(s); using defaults slowk=5 slowd=5 slowk_matype=0 slowd_matype=0
09:50:28 [WARNING] STOCH combo [55, 5, 5] is missing 2 parameter(s); using defaults slowk=5 slowd=5 slowk_matype=0 slowd_matype=0
09:50:28 [WARNING] STOCH combo [55, 8, 5] is missing 2 parameter(s); using defaults slowk=8 slowd=5 slowk_matype=0 slowd_matype=0
09:50:28 [WARNING] STOCH combo [89, 8, 5] is missing 2 parameter(s); using defaults slowk=8 slowd=5 slowk_matype=0 slowd_matype=0
09:50:28 [WARNING] STOCHF combo [5, 3] is missing 1 parameter(s); using defaults fastd_period=3 fastd_matype=0
09:50:28 [WARNING] STOCHF combo [8, 3] is missing 1 parameter(s); using defaults fastd_period=3 fastd_matype=0
09:50:28 [WARNING] STOCHF combo [13, 3] is missing 1 parameter(s); using defaults fastd_period=3 fastd_matype=0
09:50:28 [WARNING] STOCHF combo [21, 3] is missing 1 parameter(s); using defaults fastd_period=3 fastd_matype=0
09:50:28 [WARNING] STOCHF combo [21, 5] is missing 1 parameter(s); using defaults fastd_period=5 fastd_matype=0
09:50:28 [WARNING] STOCHF combo [34, 5] is missing 1 parameter(s); using defaults fastd_period=5 fastd_matype=0
09:50:28 [WARNING] STOCHF combo [55, 5] is missing 1 parameter(s); using defaults fastd_period=5 fastd_matype=0
09:50:28 [WARNING] STOCHF combo [89, 8] is missing 1 parameter(s); using defaults fastd_period=8 fastd_matype=0
09:50:28 [WARNING] STOCHRSI combo [9, 5, 3] is missing 1 parameter(s); using defaults fastk_period=5 fastd_period=3 fastd_matype=0
09:50:28 [WARNING] STOCHRSI combo [14, 5, 3] is missing 1 parameter(s); using defaults fastk_period=5 fastd_period=3 fastd_matype=0
09:50:28 [WARNING] STOCHRSI combo [14, 3, 3] is missing 1 parameter(s); using defaults fastk_period=3 fastd_period=3 fastd_matype=0
09:50:28 [WARNING] STOCHRSI combo [21, 5, 3] is missing 1 parameter(s); using defaults fastk_period=5 fastd_period=3 fastd_matype=0
09:50:28 [WARNING] STOCHRSI combo [21, 8, 5] is missing 1 parameter(s); using defaults fastk_period=8 fastd_period=5 fastd_matype=0
09:50:28 [WARNING] STOCHRSI combo [34, 8, 5] is missing 1 parameter(s); using defaults fastk_period=8 fastd_period=5 fastd_matype=0
09:50:28 [WARNING] STOCHRSI combo [55, 8, 5] is missing 1 parameter(s); using defaults fastk_period=8 fastd_period=5 fastd_matype=0
09:50:34 [INFO] [L2] Completed: 11621 cols in 5.71s
09:50:35 [INFO] [Layer 2] 100% - Layer 2 completed: 11621 features
09:50:35 [INFO] Layer 2 done: 11621 cols, status=ok, rss=2525MB
09:50:35 [INFO] [memmap] created: shape=(7624, 11621), dtype=<class 'numpy.float32'>, est=0.35 GB  (file auto-unlinked)
09:50:35 [INFO] [spill] calib_layer2: 7624×11621 → float32 memmap in 0.6s (freed ~0.7 GB float64)
09:50:35 [INFO] [Layer 3] 0% - Starting Layer 3...
09:50:35 [INFO] Layer 3 starting, rss=2953MB
09:50:38 [INFO] [L3 streaming][numba][multi] step 10/20 (W5_range): 898→898 cols (-0 dead)
09:50:38 [INFO] [L3 streaming][numba][multi] step 20/20 (W13_range): 898→898 cols (-0 dead)
09:50:38 [INFO] [L3 streaming][numba][multi] complete: 17960 total generated, 0 dead dropped, 17960 survivors
09:50:40 [INFO] [Layer 3] 100% - Layer 3 completed: 17960 features
09:50:40 [INFO] Layer 3 done: 17960 cols, status=ok, rss=1564MB
09:50:40 [INFO] [Layer 4] 0% - Starting Layer 4...
09:50:40 [INFO] Layer 4 starting, rss=1564MB
09:50:41 [INFO] [Layer 4] 100% - Layer 4 completed: 7224 features
09:50:41 [INFO] Layer 4 done: 7224 cols, status=ok, rss=1299MB
09:50:41 [INFO] [Layer 5] 0% - Starting Layer 5...
09:50:41 [INFO] Layer 5 starting, rss=1299MB
09:50:41 [INFO] [Layer 5] 100% - Layer 5 completed: 0 features
09:50:41 [INFO] Layer 5 done: 0 cols, status=empty_disabled, rss=1299MB
09:50:41 [INFO] [Layer 6] 0% - Starting Layer 6...
09:50:41 [INFO] Layer 6 starting, rss=1299MB
09:50:41 [INFO] [Layer 6] 100% - Layer 6 completed: 10 features
09:50:41 [INFO] Layer 6 done: 10 cols, status=ok, rss=1301MB
09:50:41 [INFO] [memmap concat] 5 DFs → 37713 cols × 7624 rows ≈ 1.15 GB → disk-backed
09:50:41 [INFO] [memmap] created: shape=(7624, 37713), dtype=<class 'numpy.float32'>, est=1.15 GB  (file auto-unlinked)
09:50:41 [INFO] [memmap concat] copying DF 1/5 (898 cols)
09:50:41 [INFO] [memmap concat] copying DF 2/5 (11621 cols)
09:50:41 [INFO] [memmap concat] copying DF 3/5 (17960 cols)
09:50:43 [INFO] [memmap concat] copying DF 4/5 (7224 cols)
09:50:44 [INFO] [memmap concat] copying DF 5/5 (10 cols)
09:50:58 [WARNING] STOCH combo [5, 3, 3] is missing 2 parameter(s); using defaults slowk=3 slowd=3 slowk_matype=0 slowd_matype=0
09:50:58 [WARNING] STOCH combo [8, 3, 3] is missing 2 parameter(s); using defaults slowk=3 slowd=3 slowk_matype=0 slowd_matype=0
09:50:58 [WARNING] STOCH combo [13, 3, 3] is missing 2 parameter(s); using defaults slowk=3 slowd=3 slowk_matype=0 slowd_matype=0
09:50:58 [WARNING] STOCH combo [13, 5, 3] is missing 2 parameter(s); using defaults slowk=5 slowd=3 slowk_matype=0 slowd_matype=0
09:50:58 [WARNING] STOCH combo [21, 3, 3] is missing 2 parameter(s); using defaults slowk=3 slowd=3 slowk_matype=0 slowd_matype=0
09:50:58 [WARNING] STOCH combo [21, 5, 3] is missing 2 parameter(s); using defaults slowk=5 slowd=3 slowk_matype=0 slowd_matype=0
09:50:58 [WARNING] STOCH combo [21, 5, 5] is missing 2 parameter(s); using defaults slowk=5 slowd=5 slowk_matype=0 slowd_matype=0
09:50:58 [WARNING] STOCH combo [34, 5, 3] is missing 2 parameter(s); using defaults slowk=5 slowd=3 slowk_matype=0 slowd_matype=0
09:50:58 [WARNING] STOCH combo [34, 5, 5] is missing 2 parameter(s); using defaults slowk=5 slowd=5 slowk_matype=0 slowd_matype=0
09:50:58 [WARNING] STOCH combo [55, 5, 5] is missing 2 parameter(s); using defaults slowk=5 slowd=5 slowk_matype=0 slowd_matype=0
09:50:58 [WARNING] STOCH combo [55, 8, 5] is missing 2 parameter(s); using defaults slowk=8 slowd=5 slowk_matype=0 slowd_matype=0
09:50:58 [WARNING] STOCH combo [89, 8, 5] is missing 2 parameter(s); using defaults slowk=8 slowd=5 slowk_matype=0 slowd_matype=0
09:50:58 [WARNING] STOCHF combo [5, 3] is missing 1 parameter(s); using defaults fastd_period=3 fastd_matype=0
09:50:58 [WARNING] STOCHF combo [8, 3] is missing 1 parameter(s); using defaults fastd_period=3 fastd_matype=0
09:50:58 [WARNING] STOCHF combo [13, 3] is missing 1 parameter(s); using defaults fastd_period=3 fastd_matype=0
09:50:58 [WARNING] STOCHF combo [21, 3] is missing 1 parameter(s); using defaults fastd_period=3 fastd_matype=0
09:50:58 [WARNING] STOCHF combo [21, 5] is missing 1 parameter(s); using defaults fastd_period=5 fastd_matype=0
09:50:58 [WARNING] STOCHF combo [34, 5] is missing 1 parameter(s); using defaults fastd_period=5 fastd_matype=0
09:50:58 [WARNING] STOCHF combo [55, 5] is missing 1 parameter(s); using defaults fastd_period=5 fastd_matype=0
09:50:58 [WARNING] STOCHF combo [89, 8] is missing 1 parameter(s); using defaults fastd_period=8 fastd_matype=0
09:50:58 [WARNING] STOCHRSI combo [9, 5, 3] is missing 1 parameter(s); using defaults fastk_period=5 fastd_period=3 fastd_matype=0
09:50:58 [WARNING] STOCHRSI combo [14, 5, 3] is missing 1 parameter(s); using defaults fastk_period=5 fastd_period=3 fastd_matype=0
09:50:58 [WARNING] STOCHRSI combo [14, 3, 3] is missing 1 parameter(s); using defaults fastk_period=3 fastd_period=3 fastd_matype=0
09:50:58 [WARNING] STOCHRSI combo [21, 5, 3] is missing 1 parameter(s); using defaults fastk_period=5 fastd_period=3 fastd_matype=0
09:50:58 [WARNING] STOCHRSI combo [21, 8, 5] is missing 1 parameter(s); using defaults fastk_period=8 fastd_period=5 fastd_matype=0
09:50:58 [WARNING] STOCHRSI combo [34, 8, 5] is missing 1 parameter(s); using defaults fastk_period=8 fastd_period=5 fastd_matype=0
09:50:58 [WARNING] STOCHRSI combo [55, 8, 5] is missing 1 parameter(s); using defaults fastk_period=8 fastd_period=5 fastd_matype=0
09:50:58 [WARNING] STOCH combo [5, 3, 3] is missing 2 parameter(s); using defaults slowk=3 slowd=3 slowk_matype=0 slowd_matype=0
09:50:58 [WARNING] STOCH combo [8, 3, 3] is missing 2 parameter(s); using defaults slowk=3 slowd=3 slowk_matype=0 slowd_matype=0
09:50:58 [WARNING] STOCH combo [13, 3, 3] is missing 2 parameter(s); using defaults slowk=3 slowd=3 slowk_matype=0 slowd_matype=0
09:50:58 [WARNING] STOCH combo [13, 5, 3] is missing 2 parameter(s); using defaults slowk=5 slowd=3 slowk_matype=0 slowd_matype=0
09:50:58 [WARNING] STOCH combo [21, 3, 3] is missing 2 parameter(s); using defaults slowk=3 slowd=3 slowk_matype=0 slowd_matype=0
09:50:58 [WARNING] STOCH combo [21, 5, 3] is missing 2 parameter(s); using defaults slowk=5 slowd=3 slowk_matype=0 slowd_matype=0
09:50:58 [WARNING] STOCH combo [21, 5, 5] is missing 2 parameter(s); using defaults slowk=5 slowd=5 slowk_matype=0 slowd_matype=0
09:50:58 [WARNING] STOCH combo [34, 5, 3] is missing 2 parameter(s); using defaults slowk=5 slowd=3 slowk_matype=0 slowd_matype=0
09:50:58 [WARNING] STOCH combo [34, 5, 5] is missing 2 parameter(s); using defaults slowk=5 slowd=5 slowk_matype=0 slowd_matype=0
09:50:58 [WARNING] STOCH combo [55, 5, 5] is missing 2 parameter(s); using defaults slowk=5 slowd=5 slowk_matype=0 slowd_matype=0
09:50:58 [WARNING] STOCH combo [55, 8, 5] is missing 2 parameter(s); using defaults slowk=8 slowd=5 slowk_matype=0 slowd_matype=0
09:50:58 [WARNING] STOCH combo [89, 8, 5] is missing 2 parameter(s); using defaults slowk=8 slowd=5 slowk_matype=0 slowd_matype=0
09:50:58 [WARNING] STOCHF combo [5, 3] is missing 1 parameter(s); using defaults fastd_period=3 fastd_matype=0
09:50:58 [WARNING] STOCHF combo [8, 3] is missing 1 parameter(s); using defaults fastd_period=3 fastd_matype=0
09:50:58 [WARNING] STOCHF combo [13, 3] is missing 1 parameter(s); using defaults fastd_period=3 fastd_matype=0
09:50:58 [WARNING] STOCHF combo [21, 3] is missing 1 parameter(s); using defaults fastd_period=3 fastd_matype=0
09:50:58 [WARNING] STOCHF combo [21, 5] is missing 1 parameter(s); using defaults fastd_period=5 fastd_matype=0
09:50:58 [WARNING] STOCHF combo [34, 5] is missing 1 parameter(s); using defaults fastd_period=5 fastd_matype=0
09:50:58 [WARNING] STOCHF combo [55, 5] is missing 1 parameter(s); using defaults fastd_period=5 fastd_matype=0
09:50:58 [WARNING] STOCHF combo [89, 8] is missing 1 parameter(s); using defaults fastd_period=8 fastd_matype=0
09:50:58 [WARNING] STOCHRSI combo [9, 5, 3] is missing 1 parameter(s); using defaults fastk_period=5 fastd_period=3 fastd_matype=0
09:50:58 [WARNING] STOCHRSI combo [14, 5, 3] is missing 1 parameter(s); using defaults fastk_period=5 fastd_period=3 fastd_matype=0
09:50:58 [WARNING] STOCHRSI combo [14, 3, 3] is missing 1 parameter(s); using defaults fastk_period=3 fastd_period=3 fastd_matype=0
09:50:58 [WARNING] STOCHRSI combo [21, 5, 3] is missing 1 parameter(s); using defaults fastk_period=5 fastd_period=3 fastd_matype=0
09:50:58 [WARNING] STOCHRSI combo [21, 8, 5] is missing 1 parameter(s); using defaults fastk_period=8 fastd_period=5 fastd_matype=0
09:50:58 [WARNING] STOCHRSI combo [34, 8, 5] is missing 1 parameter(s); using defaults fastk_period=8 fastd_period=5 fastd_matype=0
09:50:58 [WARNING] STOCHRSI combo [55, 8, 5] is missing 1 parameter(s); using defaults fastk_period=8 fastd_period=5 fastd_matype=0
09:50:58 [INFO] Fetching spot data: BTCUSDT/1h
09:50:58 [INFO] Read 20352 klines from BTCUSDT/1h in 0.008s
09:50:58 [INFO] Aligned data for BTCUSDT/1h: 20352 rows, 5 columns
09:50:58 [INFO] [Layer 1] 0% - Starting Layer 1...
09:50:58 [INFO] Layer 1 starting, rss=1018MB
09:50:58 [WARNING] STOCH combo [5, 3, 3] is missing 2 parameter(s); using defaults slowk=3 slowd=3 slowk_matype=0 slowd_matype=0
09:50:58 [WARNING] STOCH combo [8, 3, 3] is missing 2 parameter(s); using defaults slowk=3 slowd=3 slowk_matype=0 slowd_matype=0
09:50:58 [WARNING] STOCH combo [13, 3, 3] is missing 2 parameter(s); using defaults slowk=3 slowd=3 slowk_matype=0 slowd_matype=0
09:50:58 [WARNING] STOCH combo [13, 5, 3] is missing 2 parameter(s); using defaults slowk=5 slowd=3 slowk_matype=0 slowd_matype=0
09:50:58 [WARNING] STOCH combo [21, 3, 3] is missing 2 parameter(s); using defaults slowk=3 slowd=3 slowk_matype=0 slowd_matype=0
09:50:58 [WARNING] STOCH combo [21, 5, 3] is missing 2 parameter(s); using defaults slowk=5 slowd=3 slowk_matype=0 slowd_matype=0
09:50:58 [WARNING] STOCH combo [21, 5, 5] is missing 2 parameter(s); using defaults slowk=5 slowd=5 slowk_matype=0 slowd_matype=0
09:50:58 [WARNING] STOCH combo [34, 5, 3] is missing 2 parameter(s); using defaults slowk=5 slowd=3 slowk_matype=0 slowd_matype=0
09:50:58 [WARNING] STOCH combo [34, 5, 5] is missing 2 parameter(s); using defaults slowk=5 slowd=5 slowk_matype=0 slowd_matype=0
09:50:58 [WARNING] STOCH combo [55, 5, 5] is missing 2 parameter(s); using defaults slowk=5 slowd=5 slowk_matype=0 slowd_matype=0
09:50:58 [WARNING] STOCH combo [55, 8, 5] is missing 2 parameter(s); using defaults slowk=8 slowd=5 slowk_matype=0 slowd_matype=0
09:50:58 [WARNING] STOCH combo [89, 8, 5] is missing 2 parameter(s); using defaults slowk=8 slowd=5 slowk_matype=0 slowd_matype=0
09:50:58 [WARNING] STOCHF combo [5, 3] is missing 1 parameter(s); using defaults fastd_period=3 fastd_matype=0
09:50:58 [WARNING] STOCHF combo [8, 3] is missing 1 parameter(s); using defaults fastd_period=3 fastd_matype=0
09:50:58 [WARNING] STOCHF combo [13, 3] is missing 1 parameter(s); using defaults fastd_period=3 fastd_matype=0
09:50:58 [WARNING] STOCHF combo [21, 3] is missing 1 parameter(s); using defaults fastd_period=3 fastd_matype=0
09:50:58 [WARNING] STOCHF combo [21, 5] is missing 1 parameter(s); using defaults fastd_period=5 fastd_matype=0
09:50:58 [WARNING] STOCHF combo [34, 5] is missing 1 parameter(s); using defaults fastd_period=5 fastd_matype=0
09:50:58 [WARNING] STOCHF combo [55, 5] is missing 1 parameter(s); using defaults fastd_period=5 fastd_matype=0
09:50:58 [WARNING] STOCHF combo [89, 8] is missing 1 parameter(s); using defaults fastd_period=8 fastd_matype=0
09:50:58 [WARNING] STOCHRSI combo [9, 5, 3] is missing 1 parameter(s); using defaults fastk_period=5 fastd_period=3 fastd_matype=0
09:50:58 [WARNING] STOCHRSI combo [14, 5, 3] is missing 1 parameter(s); using defaults fastk_period=5 fastd_period=3 fastd_matype=0
09:50:58 [WARNING] STOCHRSI combo [14, 3, 3] is missing 1 parameter(s); using defaults fastk_period=3 fastd_period=3 fastd_matype=0
09:50:58 [WARNING] STOCHRSI combo [21, 5, 3] is missing 1 parameter(s); using defaults fastk_period=5 fastd_period=3 fastd_matype=0
09:50:58 [WARNING] STOCHRSI combo [21, 8, 5] is missing 1 parameter(s); using defaults fastk_period=8 fastd_period=5 fastd_matype=0
09:50:58 [WARNING] STOCHRSI combo [34, 8, 5] is missing 1 parameter(s); using defaults fastk_period=8 fastd_period=5 fastd_matype=0
09:50:58 [WARNING] STOCHRSI combo [55, 8, 5] is missing 1 parameter(s); using defaults fastk_period=8 fastd_period=5 fastd_matype=0
09:50:58 [INFO] [Layer 1] 100% - Layer 1 completed: 898 features
09:50:58 [INFO] Layer 1 done: 898 cols, status=ok, rss=973MB
09:50:58 [INFO] [Layer 2] 0% - Starting Layer 2...
09:50:58 [INFO] Layer 2 starting, rss=973MB
09:50:58 [INFO] [L2] Starting derived features: 898 L1 cols
09:50:58 [WARNING] STOCH combo [5, 3, 3] is missing 2 parameter(s); using defaults slowk=3 slowd=3 slowk_matype=0 slowd_matype=0
09:50:58 [WARNING] STOCH combo [8, 3, 3] is missing 2 parameter(s); using defaults slowk=3 slowd=3 slowk_matype=0 slowd_matype=0
09:50:58 [WARNING] STOCH combo [13, 3, 3] is missing 2 parameter(s); using defaults slowk=3 slowd=3 slowk_matype=0 slowd_matype=0
09:50:58 [WARNING] STOCH combo [13, 5, 3] is missing 2 parameter(s); using defaults slowk=5 slowd=3 slowk_matype=0 slowd_matype=0
09:50:58 [WARNING] STOCH combo [21, 3, 3] is missing 2 parameter(s); using defaults slowk=3 slowd=3 slowk_matype=0 slowd_matype=0
09:50:58 [WARNING] STOCH combo [21, 5, 3] is missing 2 parameter(s); using defaults slowk=5 slowd=3 slowk_matype=0 slowd_matype=0
09:50:58 [WARNING] STOCH combo [21, 5, 5] is missing 2 parameter(s); using defaults slowk=5 slowd=5 slowk_matype=0 slowd_matype=0
09:50:58 [WARNING] STOCH combo [34, 5, 3] is missing 2 parameter(s); using defaults slowk=5 slowd=3 slowk_matype=0 slowd_matype=0
09:50:58 [WARNING] STOCH combo [34, 5, 5] is missing 2 parameter(s); using defaults slowk=5 slowd=5 slowk_matype=0 slowd_matype=0
09:50:58 [WARNING] STOCH combo [55, 5, 5] is missing 2 parameter(s); using defaults slowk=5 slowd=5 slowk_matype=0 slowd_matype=0
09:50:58 [WARNING] STOCH combo [55, 8, 5] is missing 2 parameter(s); using defaults slowk=8 slowd=5 slowk_matype=0 slowd_matype=0
09:50:58 [WARNING] STOCH combo [89, 8, 5] is missing 2 parameter(s); using defaults slowk=8 slowd=5 slowk_matype=0 slowd_matype=0
09:50:58 [WARNING] STOCHF combo [5, 3] is missing 1 parameter(s); using defaults fastd_period=3 fastd_matype=0
09:50:58 [WARNING] STOCHF combo [8, 3] is missing 1 parameter(s); using defaults fastd_period=3 fastd_matype=0
09:50:58 [WARNING] STOCHF combo [13, 3] is missing 1 parameter(s); using defaults fastd_period=3 fastd_matype=0
09:50:58 [WARNING] STOCHF combo [21, 3] is missing 1 parameter(s); using defaults fastd_period=3 fastd_matype=0
09:50:58 [WARNING] STOCHF combo [21, 5] is missing 1 parameter(s); using defaults fastd_period=5 fastd_matype=0
09:50:58 [WARNING] STOCHF combo [34, 5] is missing 1 parameter(s); using defaults fastd_period=5 fastd_matype=0
09:50:58 [WARNING] STOCHF combo [55, 5] is missing 1 parameter(s); using defaults fastd_period=5 fastd_matype=0
09:50:58 [WARNING] STOCHF combo [89, 8] is missing 1 parameter(s); using defaults fastd_period=8 fastd_matype=0
09:50:58 [WARNING] STOCHRSI combo [9, 5, 3] is missing 1 parameter(s); using defaults fastk_period=5 fastd_period=3 fastd_matype=0
09:50:58 [WARNING] STOCHRSI combo [14, 5, 3] is missing 1 parameter(s); using defaults fastk_period=5 fastd_period=3 fastd_matype=0
09:50:58 [WARNING] STOCHRSI combo [14, 3, 3] is missing 1 parameter(s); using defaults fastk_period=3 fastd_period=3 fastd_matype=0
09:50:58 [WARNING] STOCHRSI combo [21, 5, 3] is missing 1 parameter(s); using defaults fastk_period=5 fastd_period=3 fastd_matype=0
09:50:58 [WARNING] STOCHRSI combo [21, 8, 5] is missing 1 parameter(s); using defaults fastk_period=8 fastd_period=5 fastd_matype=0
09:50:58 [WARNING] STOCHRSI combo [34, 8, 5] is missing 1 parameter(s); using defaults fastk_period=8 fastd_period=5 fastd_matype=0
09:50:58 [WARNING] STOCHRSI combo [55, 8, 5] is missing 1 parameter(s); using defaults fastk_period=8 fastd_period=5 fastd_matype=0
09:51:02 [INFO] [L2] Completed: 11621 cols in 4.12s
09:51:03 [INFO] [Layer 2] 100% - Layer 2 completed: 11621 features
09:51:03 [INFO] Layer 2 done: 11621 cols, status=ok, rss=1117MB
09:51:03 [INFO] [Layer 3] 0% - Starting Layer 3...
09:51:03 [INFO] Layer 3 starting, rss=1117MB
09:51:05 [INFO] [L3 streaming][numba][multi] step 10/20 (W5_range): 898→898 cols (-0 dead)
09:51:05 [INFO] [L3 streaming][numba][multi] step 20/20 (W13_range): 898→898 cols (-0 dead)
09:51:05 [INFO] [L3 streaming][numba][multi] complete: 17960 total generated, 0 dead dropped, 17960 survivors
09:51:06 [INFO] [Layer 3] 100% - Layer 3 completed: 17960 features
09:51:06 [INFO] Layer 3 done: 17960 cols, status=ok, rss=942MB
09:51:06 [INFO] [Layer 4] 0% - Starting Layer 4...
09:51:06 [INFO] Layer 4 starting, rss=942MB
09:51:07 [INFO] [Layer 4] 100% - Layer 4 completed: 7224 features
09:51:07 [INFO] Layer 4 done: 7224 cols, status=ok, rss=1228MB
09:51:07 [INFO] [Layer 5] 0% - Starting Layer 5...
09:51:07 [INFO] Layer 5 starting, rss=1228MB
09:51:07 [INFO] [Layer 5] 100% - Layer 5 completed: 0 features
09:51:07 [INFO] Layer 5 done: 0 cols, status=empty_disabled, rss=1228MB
09:51:07 [INFO] [Layer 6] 0% - Starting Layer 6...
09:51:07 [INFO] Layer 6 starting, rss=1228MB
09:51:07 [INFO] [Layer 6] 100% - Layer 6 completed: 10 features
09:51:07 [INFO] Layer 6 done: 10 cols, status=ok, rss=1229MB
09:51:07 [INFO] [memmap concat] 5 DFs → 37713 cols × 4471 rows ≈ 0.67 GB → disk-backed
09:51:07 [INFO] [memmap] created: shape=(4471, 37713), dtype=<class 'numpy.float32'>, est=0.67 GB  (file auto-unlinked)
09:51:07 [INFO] [memmap concat] copying DF 1/5 (898 cols)
09:51:07 [INFO] [memmap concat] copying DF 2/5 (11621 cols)
09:51:08 [INFO] [memmap concat] copying DF 3/5 (17960 cols)
09:51:09 [INFO] [memmap concat] copying DF 4/5 (7224 cols)
09:51:09 [INFO] [memmap concat] copying DF 5/5 (10 cols)
09:51:12 [INFO] [CGSA] Initialized ColumnGroupRegistry at /private/var/folders/_c/3xdf41hd3tvgxpx63mrml2c00000gn/T/pytest-of-louis/pytest-9/test_small_mutation_fracdiff_c0/cgsa_work (tier=8gb, buffer_groups=0)
09:51:12 [INFO] Fetching spot data: BTCUSDT/1h
09:51:12 [INFO] Read 20352 klines from BTCUSDT/1h in 0.025s
09:51:12 [INFO] Aligned data for BTCUSDT/1h: 20352 rows, 5 columns
09:51:12 [INFO] [Layer 1] 0% - Starting Layer 1...
09:51:12 [INFO] Layer 1 starting, rss=2251MB
09:51:12 [WARNING] STOCH combo [5, 3, 3] is missing 2 parameter(s); using defaults slowk=3 slowd=3 slowk_matype=0 slowd_matype=0
09:51:12 [WARNING] STOCH combo [8, 3, 3] is missing 2 parameter(s); using defaults slowk=3 slowd=3 slowk_matype=0 slowd_matype=0
09:51:12 [WARNING] STOCH combo [13, 3, 3] is missing 2 parameter(s); using defaults slowk=3 slowd=3 slowk_matype=0 slowd_matype=0
09:51:12 [WARNING] STOCH combo [13, 5, 3] is missing 2 parameter(s); using defaults slowk=5 slowd=3 slowk_matype=0 slowd_matype=0
09:51:12 [WARNING] STOCH combo [21, 3, 3] is missing 2 parameter(s); using defaults slowk=3 slowd=3 slowk_matype=0 slowd_matype=0
09:51:12 [WARNING] STOCH combo [21, 5, 3] is missing 2 parameter(s); using defaults slowk=5 slowd=3 slowk_matype=0 slowd_matype=0
09:51:12 [WARNING] STOCH combo [21, 5, 5] is missing 2 parameter(s); using defaults slowk=5 slowd=5 slowk_matype=0 slowd_matype=0
09:51:12 [WARNING] STOCH combo [34, 5, 3] is missing 2 parameter(s); using defaults slowk=5 slowd=3 slowk_matype=0 slowd_matype=0
09:51:12 [WARNING] STOCH combo [34, 5, 5] is missing 2 parameter(s); using defaults slowk=5 slowd=5 slowk_matype=0 slowd_matype=0
09:51:12 [WARNING] STOCH combo [55, 5, 5] is missing 2 parameter(s); using defaults slowk=5 slowd=5 slowk_matype=0 slowd_matype=0
09:51:12 [WARNING] STOCH combo [55, 8, 5] is missing 2 parameter(s); using defaults slowk=8 slowd=5 slowk_matype=0 slowd_matype=0
09:51:12 [WARNING] STOCH combo [89, 8, 5] is missing 2 parameter(s); using defaults slowk=8 slowd=5 slowk_matype=0 slowd_matype=0
09:51:12 [WARNING] STOCHF combo [5, 3] is missing 1 parameter(s); using defaults fastd_period=3 fastd_matype=0
09:51:12 [WARNING] STOCHF combo [8, 3] is missing 1 parameter(s); using defaults fastd_period=3 fastd_matype=0
09:51:12 [WARNING] STOCHF combo [13, 3] is missing 1 parameter(s); using defaults fastd_period=3 fastd_matype=0
09:51:12 [WARNING] STOCHF combo [21, 3] is missing 1 parameter(s); using defaults fastd_period=3 fastd_matype=0
09:51:12 [WARNING] STOCHF combo [21, 5] is missing 1 parameter(s); using defaults fastd_period=5 fastd_matype=0
09:51:12 [WARNING] STOCHF combo [34, 5] is missing 1 parameter(s); using defaults fastd_period=5 fastd_matype=0
09:51:12 [WARNING] STOCHF combo [55, 5] is missing 1 parameter(s); using defaults fastd_period=5 fastd_matype=0
09:51:12 [WARNING] STOCHF combo [89, 8] is missing 1 parameter(s); using defaults fastd_period=8 fastd_matype=0
09:51:12 [WARNING] STOCHRSI combo [9, 5, 3] is missing 1 parameter(s); using defaults fastk_period=5 fastd_period=3 fastd_matype=0
09:51:12 [WARNING] STOCHRSI combo [14, 5, 3] is missing 1 parameter(s); using defaults fastk_period=5 fastd_period=3 fastd_matype=0
09:51:12 [WARNING] STOCHRSI combo [14, 3, 3] is missing 1 parameter(s); using defaults fastk_period=3 fastd_period=3 fastd_matype=0
09:51:12 [WARNING] STOCHRSI combo [21, 5, 3] is missing 1 parameter(s); using defaults fastk_period=5 fastd_period=3 fastd_matype=0
09:51:12 [WARNING] STOCHRSI combo [21, 8, 5] is missing 1 parameter(s); using defaults fastk_period=8 fastd_period=5 fastd_matype=0
09:51:12 [WARNING] STOCHRSI combo [34, 8, 5] is missing 1 parameter(s); using defaults fastk_period=8 fastd_period=5 fastd_matype=0
09:51:12 [WARNING] STOCHRSI combo [55, 8, 5] is missing 1 parameter(s); using defaults fastk_period=8 fastd_period=5 fastd_matype=0
09:51:13 [INFO] [Layer 1] 100% - Layer 1 completed: 898 features
09:51:13 [INFO] Layer 1 done: 898 cols, status=ok, rss=1582MB
09:51:13 [INFO] [Layer 2] 0% - Starting Layer 2...
09:51:13 [INFO] Layer 2 starting, rss=1582MB
09:51:13 [INFO] [L2] Starting derived features: 898 L1 cols
09:51:13 [WARNING] STOCH combo [5, 3, 3] is missing 2 parameter(s); using defaults slowk=3 slowd=3 slowk_matype=0 slowd_matype=0
09:51:13 [WARNING] STOCH combo [8, 3, 3] is missing 2 parameter(s); using defaults slowk=3 slowd=3 slowk_matype=0 slowd_matype=0
09:51:13 [WARNING] STOCH combo [13, 3, 3] is missing 2 parameter(s); using defaults slowk=3 slowd=3 slowk_matype=0 slowd_matype=0
09:51:13 [WARNING] STOCH combo [13, 5, 3] is missing 2 parameter(s); using defaults slowk=5 slowd=3 slowk_matype=0 slowd_matype=0
09:51:13 [WARNING] STOCH combo [21, 3, 3] is missing 2 parameter(s); using defaults slowk=3 slowd=3 slowk_matype=0 slowd_matype=0
09:51:13 [WARNING] STOCH combo [21, 5, 3] is missing 2 parameter(s); using defaults slowk=5 slowd=3 slowk_matype=0 slowd_matype=0
09:51:13 [WARNING] STOCH combo [21, 5, 5] is missing 2 parameter(s); using defaults slowk=5 slowd=5 slowk_matype=0 slowd_matype=0
09:51:13 [WARNING] STOCH combo [34, 5, 3] is missing 2 parameter(s); using defaults slowk=5 slowd=3 slowk_matype=0 slowd_matype=0
09:51:13 [WARNING] STOCH combo [34, 5, 5] is missing 2 parameter(s); using defaults slowk=5 slowd=5 slowk_matype=0 slowd_matype=0
09:51:13 [WARNING] STOCH combo [55, 5, 5] is missing 2 parameter(s); using defaults slowk=5 slowd=5 slowk_matype=0 slowd_matype=0
09:51:13 [WARNING] STOCH combo [55, 8, 5] is missing 2 parameter(s); using defaults slowk=8 slowd=5 slowk_matype=0 slowd_matype=0
09:51:13 [WARNING] STOCH combo [89, 8, 5] is missing 2 parameter(s); using defaults slowk=8 slowd=5 slowk_matype=0 slowd_matype=0
09:51:13 [WARNING] STOCHF combo [5, 3] is missing 1 parameter(s); using defaults fastd_period=3 fastd_matype=0
09:51:13 [WARNING] STOCHF combo [8, 3] is missing 1 parameter(s); using defaults fastd_period=3 fastd_matype=0
09:51:13 [WARNING] STOCHF combo [13, 3] is missing 1 parameter(s); using defaults fastd_period=3 fastd_matype=0
09:51:13 [WARNING] STOCHF combo [21, 3] is missing 1 parameter(s); using defaults fastd_period=3 fastd_matype=0
09:51:13 [WARNING] STOCHF combo [21, 5] is missing 1 parameter(s); using defaults fastd_period=5 fastd_matype=0
09:51:13 [WARNING] STOCHF combo [34, 5] is missing 1 parameter(s); using defaults fastd_period=5 fastd_matype=0
09:51:13 [WARNING] STOCHF combo [55, 5] is missing 1 parameter(s); using defaults fastd_period=5 fastd_matype=0
09:51:13 [WARNING] STOCHF combo [89, 8] is missing 1 parameter(s); using defaults fastd_period=8 fastd_matype=0
09:51:13 [WARNING] STOCHRSI combo [9, 5, 3] is missing 1 parameter(s); using defaults fastk_period=5 fastd_period=3 fastd_matype=0
09:51:13 [WARNING] STOCHRSI combo [14, 5, 3] is missing 1 parameter(s); using defaults fastk_period=5 fastd_period=3 fastd_matype=0
09:51:13 [WARNING] STOCHRSI combo [14, 3, 3] is missing 1 parameter(s); using defaults fastk_period=3 fastd_period=3 fastd_matype=0
09:51:13 [WARNING] STOCHRSI combo [21, 5, 3] is missing 1 parameter(s); using defaults fastk_period=5 fastd_period=3 fastd_matype=0
09:51:13 [WARNING] STOCHRSI combo [21, 8, 5] is missing 1 parameter(s); using defaults fastk_period=8 fastd_period=5 fastd_matype=0
09:51:13 [WARNING] STOCHRSI combo [34, 8, 5] is missing 1 parameter(s); using defaults fastk_period=8 fastd_period=5 fastd_matype=0
09:51:13 [WARNING] STOCHRSI combo [55, 8, 5] is missing 1 parameter(s); using defaults fastk_period=8 fastd_period=5 fastd_matype=0
09:51:37 [INFO] [CGSA] L2 persisted group=1h_L2_Momentum shards=3 total_bytes=239.3 MiB
09:51:37 [INFO] [L2] Completed: 11621 cols in 23.69s
09:51:38 [INFO] [Layer 2] 100% - Layer 2 completed: 11621 features
09:51:38 [INFO] Layer 2 done: 11621 cols, status=ok, rss=1172MB
09:51:38 [INFO] [memmap] created: shape=(6985, 11621), dtype=<class 'numpy.float32'>, est=0.32 GB  (file auto-unlinked)
09:51:38 [INFO] [spill] layer2: 6985×11621 → float32 memmap in 0.8s (freed ~0.6 GB float64)
09:51:38 [INFO] [Layer 3] 0% - Starting Layer 3...
09:51:38 [INFO] Layer 3 starting, rss=1482MB
09:51:42 [INFO] [L3 streaming][numba][multi][persist] step 10/20 (W5_range): 898→898 cols (-0 dead)
09:51:42 [INFO] [L3 streaming][numba][multi][persist] step 20/20 (W13_range): 898→898 cols (-0 dead)
09:51:42 [INFO] [L3 streaming][numba][multi][persist] complete: 17960 generated, 3 dropped, 17957 survivors persisted via callback
09:51:45 [INFO] [L3] streaming persist (mode=streaming) complete: 17957 cols persisted in 20 groups
09:51:45 [INFO] [Layer 3] 100% - Layer 3 completed: 0 features
09:51:45 [INFO] Layer 3 done: 0 cols, status=offloaded_to_registry, rss=1540MB
09:51:45 [INFO] [Layer 4] 0% - Starting Layer 4...
09:51:45 [INFO] Layer 4 starting, rss=1540MB
09:51:46 [INFO] [Layer 4] 100% - Layer 4 completed: 7224 features
09:51:46 [INFO] Layer 4 done: 7224 cols, status=ok, rss=1224MB
09:51:46 [INFO] [Layer 5] 0% - Starting Layer 5...
09:51:46 [INFO] Layer 5 starting, rss=1219MB
09:51:46 [INFO] [Layer 5] 100% - Layer 5 completed: 0 features
09:51:46 [INFO] Layer 5 done: 0 cols, status=empty_disabled, rss=1220MB
09:51:46 [INFO] [Layer 6] 0% - Starting Layer 6...
09:51:46 [INFO] Layer 6 starting, rss=1220MB
09:51:46 [INFO] [Layer 6] 100% - Layer 6 completed: 10 features
09:51:46 [INFO] Layer 6 done: 10 cols, status=ok, rss=1221MB
09:51:46 [INFO] [CGSA] Disk pre-check OK: layer=L4_lag symbol=BTCUSDT tf=1h need=2.38 GiB (planned_new=0.19 GiB, max_inflight_tmp×2=0.19 GiB, reserve=2.00 GiB) free=31.75 GiB shape=(6985, 7224)
09:51:46 [INFO] [CGSA] L4_lag persisted group=1h_L4_lag_1 shards=2 total_bytes=133.2 MiB
09:51:47 [INFO] [CGSA] Persisted L4_lag: 7224 cols → 2 groups (tf=1h)
09:51:47 [INFO] [CGSA] Disk pre-check OK: layer=L6_meta symbol=BTCUSDT tf=1h need=2.00 GiB (planned_new=0.00 GiB, max_inflight_tmp×2=0.00 GiB, reserve=2.00 GiB) free=31.56 GiB shape=(6985, 10)
09:51:47 [INFO] [CGSA] Persisted L6_meta: 10 cols → 1 groups (tf=1h)
09:51:50 [INFO] [L7][CGSA] Quality summary: inf_count=0, coverage=0.9478, non_nan=249643916/263404350
09:51:50 [INFO] [L7_raw] Disk pre-check OK: required=2.00 GiB (safety x1.50), estimated_final=0.49 GiB, reclaimable_npy=0.98 GiB, net_growth=0.00 GiB, max_inflight_part=0.13 GiB, largest_part_source=1h_L2_Momentum, reserve_floor=2.00 GiB, free=31.30 GiB, groups=241
09:51:56 [INFO] [L6.5] raw-sink path uses serial group streaming for disk safety (requested_workers=2)
09:51:56 [INFO] [L6.5] Registry raw-sink config: groups=241 requested_workers=2 effective_workers=1 mode=append use_fast=False can_use_numba_fast=False winsor=False rank=False zscore=False fracdiff=True fracdiff_apply_to=non_stationary fracdiff_layers=['L1', 'L2'] adf=False gaussian=False
09:51:56 [INFO] [L6.5] Raw-sink start: 238 full groups (fast=0, slow=238) + 3 big-group splits → 248 sub-tasks (requested_workers=2, effective_workers=1, split_threshold=2000, slow_chunked=3, max_group_cols=8980, schedule=largest_first, rss=740MB)
09:51:56 [INFO] [L6.5] raw-sink chunk stream start: group=1h_L2_Momentum cols=8980 chunks=5 chunk_size=2000 rss=552MB
09:52:43 [INFO] [L6.5] symbol=BTCUSDT tf=1h d_star_cache_hit=0/658 path=/private/var/folders/_c/3xdf41hd3tvgxpx63mrml2c00000gn/T/pytest-of-louis/pytest-9/test_small_mutation_fracdiff_c0/dstar/full/d_star_BTCUSDT_1h_dcc154ced6b6.json
09:52:59 [INFO] [L6.5] symbol=BTCUSDT tf=1h d_star_cache_hit=156/922 path=/private/var/folders/_c/3xdf41hd3tvgxpx63mrml2c00000gn/T/pytest-of-louis/pytest-9/test_small_mutation_fracdiff_c0/dstar/full/d_star_BTCUSDT_1h_dcc154ced6b6.json
09:53:10 [INFO] [L6.5] symbol=BTCUSDT tf=1h d_star_cache_hit=156/1049 path=/private/var/folders/_c/3xdf41hd3tvgxpx63mrml2c00000gn/T/pytest-of-louis/pytest-9/test_small_mutation_fracdiff_c0/dstar/full/d_star_BTCUSDT_1h_dcc154ced6b6.json
09:53:18 [INFO] [L6.5] symbol=BTCUSDT tf=1h d_star_cache_hit=158/1111 path=/private/var/folders/_c/3xdf41hd3tvgxpx63mrml2c00000gn/T/pytest-of-louis/pytest-9/test_small_mutation_fracdiff_c0/dstar/full/d_star_BTCUSDT_1h_dcc154ced6b6.json
09:53:22 [INFO] [L6.5] symbol=BTCUSDT tf=1h d_star_cache_hit=159/1122 path=/private/var/folders/_c/3xdf41hd3tvgxpx63mrml2c00000gn/T/pytest-of-louis/pytest-9/test_small_mutation_fracdiff_c0/dstar/full/d_star_BTCUSDT_1h_dcc154ced6b6.json
09:53:22 [INFO] [L6.5] raw-sink chunk stream complete: group=1h_L2_Momentum chunks=5 outputs=10 rss=501MB
09:53:22 [INFO] [L6.5] raw-sink heartbeat: tasks 10/248 (4.0%), groups 1/241, elapsed=86.8s, rate=0.12/s, ETA=2065s, rss=501MB, last=1h_L2_Momentum (slow-chunked, parts=10)
09:53:23 [INFO] [L6.5] raw-sink chunk stream start: group=1h_L4_lag_1 cols=5000 chunks=3 chunk_size=2000 rss=598MB
09:53:24 [INFO] [L6.5] raw-sink chunk stream complete: group=1h_L4_lag_1 chunks=3 outputs=3 rss=701MB
09:53:24 [INFO] [L6.5] raw-sink chunk stream start: group=1h_L4_lag_2 cols=2224 chunks=2 chunk_size=2000 rss=702MB
09:53:25 [INFO] [L6.5] raw-sink chunk stream complete: group=1h_L4_lag_2 chunks=2 outputs=2 rss=705MB
09:53:40 [INFO] [L6.5] symbol=BTCUSDT tf=1h d_star_cache_hit=22/279 path=/private/var/folders/_c/3xdf41hd3tvgxpx63mrml2c00000gn/T/pytest-of-louis/pytest-9/test_small_mutation_fracdiff_c0/dstar/full/d_star_BTCUSDT_1h_dcc154ced6b6.json
09:53:54 [INFO] [L6.5] symbol=BTCUSDT tf=1h d_star_cache_hit=22/221 path=/private/var/folders/_c/3xdf41hd3tvgxpx63mrml2c00000gn/T/pytest-of-louis/pytest-9/test_small_mutation_fracdiff_c0/dstar/full/d_star_BTCUSDT_1h_dcc154ced6b6.json
09:53:55 [INFO] [L6.5] raw-sink heartbeat: tasks 19/248 (7.7%), groups 5/241, elapsed=119.1s, rate=0.16/s, ETA=1435s, rss=501MB, last=1h_L2_Ratio (full)
09:53:58 [INFO] [L6.5] raw-sink heartbeat: tasks 31/248 (12.5%), groups 17/241, elapsed=122.7s, rate=0.25/s, ETA=859s, rss=514MB, last=1h_L3_rolling_W5_Mean_1 (full)
09:54:03 [INFO] [L6.5] symbol=BTCUSDT tf=1h d_star_cache_hit=4/30 path=/private/var/folders/_c/3xdf41hd3tvgxpx63mrml2c00000gn/T/pytest-of-louis/pytest-9/test_small_mutation_fracdiff_c0/dstar/full/d_star_BTCUSDT_1h_dcc154ced6b6.json
09:54:03 [INFO] [L6.5] symbol=BTCUSDT tf=1h d_star_cache_hit=37/39 path=/private/var/folders/_c/3xdf41hd3tvgxpx63mrml2c00000gn/T/pytest-of-louis/pytest-9/test_small_mutation_fracdiff_c0/dstar/full/d_star_BTCUSDT_1h_dcc154ced6b6.json
09:54:03 [INFO] [L6.5] raw-sink heartbeat: tasks 43/248 (17.3%), groups 27/241, elapsed=127.8s, rate=0.34/s, ETA=609s, rss=529MB, last=1h_L2_BinarySignal (full)
09:54:04 [INFO] [L6.5] symbol=BTCUSDT tf=1h d_star_cache_hit=0/3 path=/private/var/folders/_c/3xdf41hd3tvgxpx63mrml2c00000gn/T/pytest-of-louis/pytest-9/test_small_mutation_fracdiff_c0/dstar/full/d_star_BTCUSDT_1h_dcc154ced6b6.json
09:54:05 [INFO] [L6.5] symbol=BTCUSDT tf=1h d_star_cache_hit=0/12 path=/private/var/folders/_c/3xdf41hd3tvgxpx63mrml2c00000gn/T/pytest-of-louis/pytest-9/test_small_mutation_fracdiff_c0/dstar/full/d_star_BTCUSDT_1h_dcc154ced6b6.json
09:54:06 [INFO] [L6.5] symbol=BTCUSDT tf=1h d_star_cache_hit=0/10 path=/private/var/folders/_c/3xdf41hd3tvgxpx63mrml2c00000gn/T/pytest-of-louis/pytest-9/test_small_mutation_fracdiff_c0/dstar/full/d_star_BTCUSDT_1h_dcc154ced6b6.json
09:54:06 [INFO] [L6.5] symbol=BTCUSDT tf=1h d_star_cache_hit=0/3 path=/private/var/folders/_c/3xdf41hd3tvgxpx63mrml2c00000gn/T/pytest-of-louis/pytest-9/test_small_mutation_fracdiff_c0/dstar/full/d_star_BTCUSDT_1h_dcc154ced6b6.json
09:54:07 [INFO] [L6.5] symbol=BTCUSDT tf=1h d_star_cache_hit=0/3 path=/private/var/folders/_c/3xdf41hd3tvgxpx63mrml2c00000gn/T/pytest-of-louis/pytest-9/test_small_mutation_fracdiff_c0/dstar/full/d_star_BTCUSDT_1h_dcc154ced6b6.json
09:54:07 [INFO] [L6.5] symbol=BTCUSDT tf=1h d_star_cache_hit=0/3 path=/private/var/folders/_c/3xdf41hd3tvgxpx63mrml2c00000gn/T/pytest-of-louis/pytest-9/test_small_mutation_fracdiff_c0/dstar/full/d_star_BTCUSDT_1h_dcc154ced6b6.json
09:54:07 [INFO] [L6.5] raw-sink heartbeat: tasks 55/248 (22.2%), groups 33/241, elapsed=131.4s, rate=0.42/s, ETA=461s, rss=532MB, last=1h_L1_momentum_ROCR (full)
09:54:08 [INFO] [L6.5] symbol=BTCUSDT tf=1h d_star_cache_hit=0/3 path=/private/var/folders/_c/3xdf41hd3tvgxpx63mrml2c00000gn/T/pytest-of-louis/pytest-9/test_small_mutation_fracdiff_c0/dstar/full/d_star_BTCUSDT_1h_dcc154ced6b6.json
09:54:08 [INFO] [L6.5] symbol=BTCUSDT tf=1h d_star_cache_hit=0/3 path=/private/var/folders/_c/3xdf41hd3tvgxpx63mrml2c00000gn/T/pytest-of-louis/pytest-9/test_small_mutation_fracdiff_c0/dstar/full/d_star_BTCUSDT_1h_dcc154ced6b6.json
09:54:08 [INFO] [L6.5] symbol=BTCUSDT tf=1h d_star_cache_hit=0/3 path=/private/var/folders/_c/3xdf41hd3tvgxpx63mrml2c00000gn/T/pytest-of-louis/pytest-9/test_small_mutation_fracdiff_c0/dstar/full/d_star_BTCUSDT_1h_dcc154ced6b6.json
09:54:09 [INFO] [L6.5] symbol=BTCUSDT tf=1h d_star_cache_hit=0/8 path=/private/var/folders/_c/3xdf41hd3tvgxpx63mrml2c00000gn/T/pytest-of-louis/pytest-9/test_small_mutation_fracdiff_c0/dstar/full/d_star_BTCUSDT_1h_dcc154ced6b6.json
09:54:10 [INFO] [L6.5] symbol=BTCUSDT tf=1h d_star_cache_hit=0/5 path=/private/var/folders/_c/3xdf41hd3tvgxpx63mrml2c00000gn/T/pytest-of-louis/pytest-9/test_small_mutation_fracdiff_c0/dstar/full/d_star_BTCUSDT_1h_dcc154ced6b6.json
09:54:11 [INFO] [L6.5] symbol=BTCUSDT tf=1h d_star_cache_hit=0/11 path=/private/var/folders/_c/3xdf41hd3tvgxpx63mrml2c00000gn/T/pytest-of-louis/pytest-9/test_small_mutation_fracdiff_c0/dstar/full/d_star_BTCUSDT_1h_dcc154ced6b6.json
09:54:11 [INFO] [L6.5] raw-sink heartbeat: tasks 67/248 (27.0%), groups 39/241, elapsed=135.2s, rate=0.50/s, ETA=365s, rss=456MB, last=1h_L1_trend_KAMA (full)
09:54:11 [INFO] [L6.5] symbol=BTCUSDT tf=1h d_star_cache_hit=6/6 path=/private/var/folders/_c/3xdf41hd3tvgxpx63mrml2c00000gn/T/pytest-of-louis/pytest-9/test_small_mutation_fracdiff_c0/dstar/full/d_star_BTCUSDT_1h_dcc154ced6b6.json
09:54:12 [INFO] [L6.5] symbol=BTCUSDT tf=1h d_star_cache_hit=2/2 path=/private/var/folders/_c/3xdf41hd3tvgxpx63mrml2c00000gn/T/pytest-of-louis/pytest-9/test_small_mutation_fracdiff_c0/dstar/full/d_star_BTCUSDT_1h_dcc154ced6b6.json
09:54:13 [INFO] [L6.5] symbol=BTCUSDT tf=1h d_star_cache_hit=0/10 path=/private/var/folders/_c/3xdf41hd3tvgxpx63mrml2c00000gn/T/pytest-of-louis/pytest-9/test_small_mutation_fracdiff_c0/dstar/full/d_star_BTCUSDT_1h_dcc154ced6b6.json
09:54:14 [INFO] [L6.5] symbol=BTCUSDT tf=1h d_star_cache_hit=0/9 path=/private/var/folders/_c/3xdf41hd3tvgxpx63mrml2c00000gn/T/pytest-of-louis/pytest-9/test_small_mutation_fracdiff_c0/dstar/full/d_star_BTCUSDT_1h_dcc154ced6b6.json
09:54:14 [INFO] [L6.5] symbol=BTCUSDT tf=1h d_star_cache_hit=0/4 path=/private/var/folders/_c/3xdf41hd3tvgxpx63mrml2c00000gn/T/pytest-of-louis/pytest-9/test_small_mutation_fracdiff_c0/dstar/full/d_star_BTCUSDT_1h_dcc154ced6b6.json
09:54:15 [INFO] [L6.5] symbol=BTCUSDT tf=1h d_star_cache_hit=0/12 path=/private/var/folders/_c/3xdf41hd3tvgxpx63mrml2c00000gn/T/pytest-of-louis/pytest-9/test_small_mutation_fracdiff_c0/dstar/full/d_star_BTCUSDT_1h_dcc154ced6b6.json
09:54:15 [INFO] [L6.5] raw-sink heartbeat: tasks 79/248 (31.9%), groups 45/241, elapsed=139.8s, rate=0.57/s, ETA=299s, rss=451MB, last=1h_L1_trend_TRIMA (full)
09:54:16 [INFO] [L6.5] symbol=BTCUSDT tf=1h d_star_cache_hit=0/7 path=/private/var/folders/_c/3xdf41hd3tvgxpx63mrml2c00000gn/T/pytest-of-louis/pytest-9/test_small_mutation_fracdiff_c0/dstar/full/d_star_BTCUSDT_1h_dcc154ced6b6.json
09:54:17 [INFO] [L6.5] symbol=BTCUSDT tf=1h d_star_cache_hit=0/4 path=/private/var/folders/_c/3xdf41hd3tvgxpx63mrml2c00000gn/T/pytest-of-louis/pytest-9/test_small_mutation_fracdiff_c0/dstar/full/d_star_BTCUSDT_1h_dcc154ced6b6.json
09:54:17 [INFO] [L6.5] symbol=BTCUSDT tf=1h d_star_cache_hit=5/5 path=/private/var/folders/_c/3xdf41hd3tvgxpx63mrml2c00000gn/T/pytest-of-louis/pytest-9/test_small_mutation_fracdiff_c0/dstar/full/d_star_BTCUSDT_1h_dcc154ced6b6.json
09:54:18 [INFO] [L6.5] symbol=BTCUSDT tf=1h d_star_cache_hit=0/6 path=/private/var/folders/_c/3xdf41hd3tvgxpx63mrml2c00000gn/T/pytest-of-louis/pytest-9/test_small_mutation_fracdiff_c0/dstar/full/d_star_BTCUSDT_1h_dcc154ced6b6.json
09:54:19 [INFO] [L6.5] symbol=BTCUSDT tf=1h d_star_cache_hit=0/1 path=/private/var/folders/_c/3xdf41hd3tvgxpx63mrml2c00000gn/T/pytest-of-louis/pytest-9/test_small_mutation_fracdiff_c0/dstar/full/d_star_BTCUSDT_1h_dcc154ced6b6.json
09:54:19 [INFO] [L6.5] raw-sink heartbeat: tasks 92/248 (37.1%), groups 53/241, elapsed=143.0s, rate=0.64/s, ETA=242s, rss=414MB, last=1h_L1_momentum_WILLR (full)
09:54:19 [INFO] [L6.5] symbol=BTCUSDT tf=1h d_star_cache_hit=0/2 path=/private/var/folders/_c/3xdf41hd3tvgxpx63mrml2c00000gn/T/pytest-of-louis/pytest-9/test_small_mutation_fracdiff_c0/dstar/full/d_star_BTCUSDT_1h_dcc154ced6b6.json
09:54:19 [INFO] [L6.5] symbol=BTCUSDT tf=1h d_star_cache_hit=0/4 path=/private/var/folders/_c/3xdf41hd3tvgxpx63mrml2c00000gn/T/pytest-of-louis/pytest-9/test_small_mutation_fracdiff_c0/dstar/full/d_star_BTCUSDT_1h_dcc154ced6b6.json
09:54:20 [INFO] [L6.5] symbol=BTCUSDT tf=1h d_star_cache_hit=0/5 path=/private/var/folders/_c/3xdf41hd3tvgxpx63mrml2c00000gn/T/pytest-of-louis/pytest-9/test_small_mutation_fracdiff_c0/dstar/full/d_star_BTCUSDT_1h_dcc154ced6b6.json
09:54:20 [INFO] [L6.5] symbol=BTCUSDT tf=1h d_star_cache_hit=0/3 path=/private/var/folders/_c/3xdf41hd3tvgxpx63mrml2c00000gn/T/pytest-of-louis/pytest-9/test_small_mutation_fracdiff_c0/dstar/full/d_star_BTCUSDT_1h_dcc154ced6b6.json
09:54:20 [INFO] [L6.5] symbol=BTCUSDT tf=1h d_star_cache_hit=0/3 path=/private/var/folders/_c/3xdf41hd3tvgxpx63mrml2c00000gn/T/pytest-of-louis/pytest-9/test_small_mutation_fracdiff_c0/dstar/full/d_star_BTCUSDT_1h_dcc154ced6b6.json
09:54:21 [INFO] [L6.5] symbol=BTCUSDT tf=1h d_star_cache_hit=0/4 path=/private/var/folders/_c/3xdf41hd3tvgxpx63mrml2c00000gn/T/pytest-of-louis/pytest-9/test_small_mutation_fracdiff_c0/dstar/full/d_star_BTCUSDT_1h_dcc154ced6b6.json
09:54:21 [INFO] [L6.5] raw-sink heartbeat: tasks 105/248 (42.3%), groups 60/241, elapsed=145.1s, rate=0.72/s, ETA=198s, rss=404MB, last=1h_L1_momentum_AROONOSC (full)
09:54:21 [INFO] [L6.5] symbol=BTCUSDT tf=1h d_star_cache_hit=0/3 path=/private/var/folders/_c/3xdf41hd3tvgxpx63mrml2c00000gn/T/pytest-of-louis/pytest-9/test_small_mutation_fracdiff_c0/dstar/full/d_star_BTCUSDT_1h_dcc154ced6b6.json
09:54:21 [INFO] [L6.5] symbol=BTCUSDT tf=1h d_star_cache_hit=0/2 path=/private/var/folders/_c/3xdf41hd3tvgxpx63mrml2c00000gn/T/pytest-of-louis/pytest-9/test_small_mutation_fracdiff_c0/dstar/full/d_star_BTCUSDT_1h_dcc154ced6b6.json
09:54:22 [INFO] [L6.5] symbol=BTCUSDT tf=1h d_star_cache_hit=0/4 path=/private/var/folders/_c/3xdf41hd3tvgxpx63mrml2c00000gn/T/pytest-of-louis/pytest-9/test_small_mutation_fracdiff_c0/dstar/full/d_star_BTCUSDT_1h_dcc154ced6b6.json
09:54:22 [INFO] [L6.5] symbol=BTCUSDT tf=1h d_star_cache_hit=0/3 path=/private/var/folders/_c/3xdf41hd3tvgxpx63mrml2c00000gn/T/pytest-of-louis/pytest-9/test_small_mutation_fracdiff_c0/dstar/full/d_star_BTCUSDT_1h_dcc154ced6b6.json
09:54:23 [INFO] [L6.5] symbol=BTCUSDT tf=1h d_star_cache_hit=0/6 path=/private/var/folders/_c/3xdf41hd3tvgxpx63mrml2c00000gn/T/pytest-of-louis/pytest-9/test_small_mutation_fracdiff_c0/dstar/full/d_star_BTCUSDT_1h_dcc154ced6b6.json
09:54:23 [INFO] [L6.5] symbol=BTCUSDT tf=1h d_star_cache_hit=0/1 path=/private/var/folders/_c/3xdf41hd3tvgxpx63mrml2c00000gn/T/pytest-of-louis/pytest-9/test_small_mutation_fracdiff_c0/dstar/full/d_star_BTCUSDT_1h_dcc154ced6b6.json
09:54:23 [INFO] [L6.5] raw-sink heartbeat: tasks 118/248 (47.6%), groups 67/241, elapsed=147.6s, rate=0.80/s, ETA=163s, rss=402MB, last=1h_L1_momentum_MFI (full)
09:54:24 [INFO] [L6.5] symbol=BTCUSDT tf=1h d_star_cache_hit=0/1 path=/private/var/folders/_c/3xdf41hd3tvgxpx63mrml2c00000gn/T/pytest-of-louis/pytest-9/test_small_mutation_fracdiff_c0/dstar/full/d_star_BTCUSDT_1h_dcc154ced6b6.json
09:54:25 [INFO] [L6.5] symbol=BTCUSDT tf=1h d_star_cache_hit=0/1 path=/private/var/folders/_c/3xdf41hd3tvgxpx63mrml2c00000gn/T/pytest-of-louis/pytest-9/test_small_mutation_fracdiff_c0/dstar/full/d_star_BTCUSDT_1h_dcc154ced6b6.json
09:54:25 [INFO] [L6.5] raw-sink heartbeat: tasks 130/248 (52.4%), groups 77/241, elapsed=149.0s, rate=0.87/s, ETA=135s, rss=385MB, last=1h_L1_momentum_APO_55-144-0 (full)
09:54:25 [INFO] [L6.5] symbol=BTCUSDT tf=1h d_star_cache_hit=0/2 path=/private/var/folders/_c/3xdf41hd3tvgxpx63mrml2c00000gn/T/pytest-of-louis/pytest-9/test_small_mutation_fracdiff_c0/dstar/full/d_star_BTCUSDT_1h_dcc154ced6b6.json
09:54:26 [INFO] [L6.5] raw-sink heartbeat: tasks 142/248 (57.3%), groups 88/241, elapsed=150.6s, rate=0.94/s, ETA=112s, rss=363MB, last=1h_L1_momentum_MACD-Hist_5-13-3 (full)
09:54:27 [INFO] [L6.5] symbol=BTCUSDT tf=1h d_star_cache_hit=0/1 path=/private/var/folders/_c/3xdf41hd3tvgxpx63mrml2c00000gn/T/pytest-of-louis/pytest-9/test_small_mutation_fracdiff_c0/dstar/full/d_star_BTCUSDT_1h_dcc154ced6b6.json
09:54:28 [INFO] [L6.5] symbol=BTCUSDT tf=1h d_star_cache_hit=0/1 path=/private/var/folders/_c/3xdf41hd3tvgxpx63mrml2c00000gn/T/pytest-of-louis/pytest-9/test_small_mutation_fracdiff_c0/dstar/full/d_star_BTCUSDT_1h_dcc154ced6b6.json
09:54:28 [INFO] [L6.5] raw-sink heartbeat: tasks 155/248 (62.5%), groups 99/241, elapsed=152.0s, rate=1.02/s, ETA=91s, rss=350MB, last=1h_L1_momentum_MACD-Line_34-144-21 (full)
09:54:28 [INFO] [L6.5] symbol=BTCUSDT tf=1h d_star_cache_hit=0/1 path=/private/var/folders/_c/3xdf41hd3tvgxpx63mrml2c00000gn/T/pytest-of-louis/pytest-9/test_small_mutation_fracdiff_c0/dstar/full/d_star_BTCUSDT_1h_dcc154ced6b6.json
09:54:28 [INFO] [L6.5] symbol=BTCUSDT tf=1h d_star_cache_hit=0/1 path=/private/var/folders/_c/3xdf41hd3tvgxpx63mrml2c00000gn/T/pytest-of-louis/pytest-9/test_small_mutation_fracdiff_c0/dstar/full/d_star_BTCUSDT_1h_dcc154ced6b6.json
09:54:29 [INFO] [L6.5] symbol=BTCUSDT tf=1h d_star_cache_hit=0/2 path=/private/var/folders/_c/3xdf41hd3tvgxpx63mrml2c00000gn/T/pytest-of-louis/pytest-9/test_small_mutation_fracdiff_c0/dstar/full/d_star_BTCUSDT_1h_dcc154ced6b6.json
09:54:29 [INFO] [L6.5] raw-sink heartbeat: tasks 167/248 (67.3%), groups 108/241, elapsed=153.5s, rate=1.09/s, ETA=74s, rss=348MB, last=1h_L1_momentum_MACD-Signal_13-34-9 (full)
09:54:30 [INFO] [L6.5] symbol=BTCUSDT tf=1h d_star_cache_hit=0/1 path=/private/var/folders/_c/3xdf41hd3tvgxpx63mrml2c00000gn/T/pytest-of-louis/pytest-9/test_small_mutation_fracdiff_c0/dstar/full/d_star_BTCUSDT_1h_dcc154ced6b6.json
09:54:30 [INFO] [L6.5] symbol=BTCUSDT tf=1h d_star_cache_hit=0/1 path=/private/var/folders/_c/3xdf41hd3tvgxpx63mrml2c00000gn/T/pytest-of-louis/pytest-9/test_small_mutation_fracdiff_c0/dstar/full/d_star_BTCUSDT_1h_dcc154ced6b6.json
09:54:30 [INFO] [L6.5] symbol=BTCUSDT tf=1h d_star_cache_hit=0/1 path=/private/var/folders/_c/3xdf41hd3tvgxpx63mrml2c00000gn/T/pytest-of-louis/pytest-9/test_small_mutation_fracdiff_c0/dstar/full/d_star_BTCUSDT_1h_dcc154ced6b6.json
09:54:30 [INFO] [L6.5] symbol=BTCUSDT tf=1h d_star_cache_hit=0/1 path=/private/var/folders/_c/3xdf41hd3tvgxpx63mrml2c00000gn/T/pytest-of-louis/pytest-9/test_small_mutation_fracdiff_c0/dstar/full/d_star_BTCUSDT_1h_dcc154ced6b6.json
09:54:30 [INFO] [L6.5] raw-sink heartbeat: tasks 179/248 (72.2%), groups 116/241, elapsed=154.7s, rate=1.16/s, ETA=60s, rss=346MB, last=1h_L1_momentum_MACD-Signal_55-144-21 (full)
09:54:31 [INFO] [L6.5] symbol=BTCUSDT tf=1h d_star_cache_hit=0/2 path=/private/var/folders/_c/3xdf41hd3tvgxpx63mrml2c00000gn/T/pytest-of-louis/pytest-9/test_small_mutation_fracdiff_c0/dstar/full/d_star_BTCUSDT_1h_dcc154ced6b6.json
09:54:32 [INFO] [L6.5] raw-sink heartbeat: tasks 191/248 (77.0%), groups 127/241, elapsed=156.2s, rate=1.22/s, ETA=47s, rss=346MB, last=1h_L1_momentum_MACDEXT-Hist_5-13-3 (full)
09:54:33 [INFO] [L6.5] symbol=BTCUSDT tf=1h d_star_cache_hit=1/1 path=/private/var/folders/_c/3xdf41hd3tvgxpx63mrml2c00000gn/T/pytest-of-louis/pytest-9/test_small_mutation_fracdiff_c0/dstar/full/d_star_BTCUSDT_1h_dcc154ced6b6.json
09:54:33 [INFO] [L6.5] raw-sink heartbeat: tasks 203/248 (81.9%), groups 138/241, elapsed=157.7s, rate=1.29/s, ETA=35s, rss=346MB, last=1h_L1_momentum_MACDEXT-Line_34-144-21 (full)
09:54:34 [INFO] [L6.5] symbol=BTCUSDT tf=1h d_star_cache_hit=1/1 path=/private/var/folders/_c/3xdf41hd3tvgxpx63mrml2c00000gn/T/pytest-of-louis/pytest-9/test_small_mutation_fracdiff_c0/dstar/full/d_star_BTCUSDT_1h_dcc154ced6b6.json
09:54:34 [INFO] [L6.5] symbol=BTCUSDT tf=1h d_star_cache_hit=2/2 path=/private/var/folders/_c/3xdf41hd3tvgxpx63mrml2c00000gn/T/pytest-of-louis/pytest-9/test_small_mutation_fracdiff_c0/dstar/full/d_star_BTCUSDT_1h_dcc154ced6b6.json
09:54:35 [INFO] [L6.5] raw-sink heartbeat: tasks 215/248 (86.7%), groups 148/241, elapsed=159.1s, rate=1.35/s, ETA=24s, rss=344MB, last=1h_L1_momentum_MACDEXT-Signal_13-55-13 (full)
09:54:35 [INFO] [L6.5] symbol=BTCUSDT tf=1h d_star_cache_hit=0/2 path=/private/var/folders/_c/3xdf41hd3tvgxpx63mrml2c00000gn/T/pytest-of-louis/pytest-9/test_small_mutation_fracdiff_c0/dstar/full/d_star_BTCUSDT_1h_dcc154ced6b6.json
09:54:35 [INFO] [L6.5] symbol=BTCUSDT tf=1h d_star_cache_hit=0/1 path=/private/var/folders/_c/3xdf41hd3tvgxpx63mrml2c00000gn/T/pytest-of-louis/pytest-9/test_small_mutation_fracdiff_c0/dstar/full/d_star_BTCUSDT_1h_dcc154ced6b6.json
09:54:36 [INFO] [L6.5] symbol=BTCUSDT tf=1h d_star_cache_hit=0/1 path=/private/var/folders/_c/3xdf41hd3tvgxpx63mrml2c00000gn/T/pytest-of-louis/pytest-9/test_small_mutation_fracdiff_c0/dstar/full/d_star_BTCUSDT_1h_dcc154ced6b6.json
09:54:36 [INFO] [L6.5] symbol=BTCUSDT tf=1h d_star_cache_hit=0/2 path=/private/var/folders/_c/3xdf41hd3tvgxpx63mrml2c00000gn/T/pytest-of-louis/pytest-9/test_small_mutation_fracdiff_c0/dstar/full/d_star_BTCUSDT_1h_dcc154ced6b6.json
09:54:36 [INFO] [L6.5] raw-sink heartbeat: tasks 227/248 (91.5%), groups 156/241, elapsed=160.4s, rate=1.41/s, ETA=15s, rss=344MB, last=1h_L1_momentum_MACDEXT-Signal_55-233-34 (full)
09:54:37 [INFO] [L6.5] symbol=BTCUSDT tf=1h d_star_cache_hit=0/1 path=/private/var/folders/_c/3xdf41hd3tvgxpx63mrml2c00000gn/T/pytest-of-louis/pytest-9/test_small_mutation_fracdiff_c0/dstar/full/d_star_BTCUSDT_1h_dcc154ced6b6.json
09:54:38 [INFO] [L6.5] raw-sink heartbeat: tasks 239/248 (96.4%), groups 167/241, elapsed=162.0s, rate=1.48/s, ETA=6s, rss=344MB, last=1h_L1_momentum_PPO_5-21-0 (full)
09:54:38 [INFO] [L6.5] symbol=BTCUSDT tf=1h d_star_cache_hit=0/1 path=/private/var/folders/_c/3xdf41hd3tvgxpx63mrml2c00000gn/T/pytest-of-louis/pytest-9/test_small_mutation_fracdiff_c0/dstar/full/d_star_BTCUSDT_1h_dcc154ced6b6.json
09:54:38 [INFO] [L6.5] symbol=BTCUSDT tf=1h d_star_cache_hit=0/2 path=/private/var/folders/_c/3xdf41hd3tvgxpx63mrml2c00000gn/T/pytest-of-louis/pytest-9/test_small_mutation_fracdiff_c0/dstar/full/d_star_BTCUSDT_1h_dcc154ced6b6.json
09:54:39 [INFO] [L6.5] raw-sink heartbeat: tasks 251/248 (101.2%), groups 177/241, elapsed=163.4s, rate=1.54/s, ETA=-2s, rss=344MB, last=1h_L1_momentum_STOCHRSI-fastd_55-8-5-0 (full)
09:54:41 [INFO] [L6.5] symbol=BTCUSDT tf=1h d_star_cache_hit=0/1 path=/private/var/folders/_c/3xdf41hd3tvgxpx63mrml2c00000gn/T/pytest-of-louis/pytest-9/test_small_mutation_fracdiff_c0/dstar/full/d_star_BTCUSDT_1h_dcc154ced6b6.json
09:54:41 [INFO] [L6.5] raw-sink heartbeat: tasks 263/248 (106.0%), groups 188/241, elapsed=165.0s, rate=1.59/s, ETA=-9s, rss=344MB, last=1h_L1_trend_MAMA_0.5-0.05 (full)
09:54:42 [INFO] [L6.5] symbol=BTCUSDT tf=1h d_star_cache_hit=0/1 path=/private/var/folders/_c/3xdf41hd3tvgxpx63mrml2c00000gn/T/pytest-of-louis/pytest-9/test_small_mutation_fracdiff_c0/dstar/full/d_star_BTCUSDT_1h_dcc154ced6b6.json
09:54:42 [INFO] [L6.5] raw-sink heartbeat: tasks 275/248 (110.9%), groups 199/241, elapsed=166.5s, rate=1.65/s, ETA=-16s, rss=344MB, last=1h_L1_momentum_STOCH-slowd_55-8-0-5-0 (full)
09:54:42 [INFO] [L6.5] symbol=BTCUSDT tf=1h d_star_cache_hit=0/1 path=/private/var/folders/_c/3xdf41hd3tvgxpx63mrml2c00000gn/T/pytest-of-louis/pytest-9/test_small_mutation_fracdiff_c0/dstar/full/d_star_BTCUSDT_1h_dcc154ced6b6.json
09:54:44 [INFO] [L6.5] raw-sink heartbeat: tasks 287/248 (115.7%), groups 210/241, elapsed=167.9s, rate=1.71/s, ETA=-23s, rss=345MB, last=1h_L1_momentum_STOCH-slowk_55-5-0-5-0 (full)
09:54:45 [INFO] [L6.5] raw-sink heartbeat: tasks 299/248 (120.6%), groups 222/241, elapsed=169.3s, rate=1.77/s, ETA=-29s, rss=325MB, last=1h_L1_momentum_STOCHF-fastk_13-3-0 (full)
09:54:46 [INFO] [L6.5] raw-sink heartbeat: tasks 311/248 (125.4%), groups 234/241, elapsed=170.7s, rate=1.82/s, ETA=-35s, rss=325MB, last=1h_L1_momentum_ULTOSC_34-55-144 (full)
09:54:47 [INFO] [L6.5] raw-sink heartbeat: tasks 318/248 (128.2%), groups 241/241, elapsed=171.7s, rate=1.85/s, ETA=-38s, rss=325MB, last=1h_L1_trend_SAR_0.02-0.2 (full)
09:54:47 [INFO] [L6.5] raw-sink complete: 241/241 groups in 171.84s rss=319MB
09:54:47 [INFO] [Layer B Sanitize][CGSA] nulled 406202 non-finite/over-cap values (finite_cap=1e+18) across all streamed features
09:54:48 [INFO] [L7_raw] registry stream persist done: symbol=BTCUSDT tf=1h groups=318 features=39607 npy_freed=0.98 GiB dtype=mixed
09:54:48 [WARNING] STOCH combo [5, 3, 3] is missing 2 parameter(s); using defaults slowk=3 slowd=3 slowk_matype=0 slowd_matype=0
09:54:48 [WARNING] STOCH combo [8, 3, 3] is missing 2 parameter(s); using defaults slowk=3 slowd=3 slowk_matype=0 slowd_matype=0
09:54:48 [WARNING] STOCH combo [13, 3, 3] is missing 2 parameter(s); using defaults slowk=3 slowd=3 slowk_matype=0 slowd_matype=0
09:54:48 [WARNING] STOCH combo [13, 5, 3] is missing 2 parameter(s); using defaults slowk=5 slowd=3 slowk_matype=0 slowd_matype=0
09:54:48 [WARNING] STOCH combo [21, 3, 3] is missing 2 parameter(s); using defaults slowk=3 slowd=3 slowk_matype=0 slowd_matype=0
09:54:48 [WARNING] STOCH combo [21, 5, 3] is missing 2 parameter(s); using defaults slowk=5 slowd=3 slowk_matype=0 slowd_matype=0
09:54:48 [WARNING] STOCH combo [21, 5, 5] is missing 2 parameter(s); using defaults slowk=5 slowd=5 slowk_matype=0 slowd_matype=0
09:54:48 [WARNING] STOCH combo [34, 5, 3] is missing 2 parameter(s); using defaults slowk=5 slowd=3 slowk_matype=0 slowd_matype=0
09:54:48 [WARNING] STOCH combo [34, 5, 5] is missing 2 parameter(s); using defaults slowk=5 slowd=5 slowk_matype=0 slowd_matype=0
09:54:48 [WARNING] STOCH combo [55, 5, 5] is missing 2 parameter(s); using defaults slowk=5 slowd=5 slowk_matype=0 slowd_matype=0
09:54:48 [WARNING] STOCH combo [55, 8, 5] is missing 2 parameter(s); using defaults slowk=8 slowd=5 slowk_matype=0 slowd_matype=0
09:54:48 [WARNING] STOCH combo [89, 8, 5] is missing 2 parameter(s); using defaults slowk=8 slowd=5 slowk_matype=0 slowd_matype=0
09:54:48 [WARNING] STOCHF combo [5, 3] is missing 1 parameter(s); using defaults fastd_period=3 fastd_matype=0
09:54:48 [WARNING] STOCHF combo [8, 3] is missing 1 parameter(s); using defaults fastd_period=3 fastd_matype=0
09:54:48 [WARNING] STOCHF combo [13, 3] is missing 1 parameter(s); using defaults fastd_period=3 fastd_matype=0
09:54:48 [WARNING] STOCHF combo [21, 3] is missing 1 parameter(s); using defaults fastd_period=3 fastd_matype=0
09:54:48 [WARNING] STOCHF combo [21, 5] is missing 1 parameter(s); using defaults fastd_period=5 fastd_matype=0
09:54:48 [WARNING] STOCHF combo [34, 5] is missing 1 parameter(s); using defaults fastd_period=5 fastd_matype=0
09:54:48 [WARNING] STOCHF combo [55, 5] is missing 1 parameter(s); using defaults fastd_period=5 fastd_matype=0
09:54:48 [WARNING] STOCHF combo [89, 8] is missing 1 parameter(s); using defaults fastd_period=8 fastd_matype=0
09:54:48 [WARNING] STOCHRSI combo [9, 5, 3] is missing 1 parameter(s); using defaults fastk_period=5 fastd_period=3 fastd_matype=0
09:54:48 [WARNING] STOCHRSI combo [14, 5, 3] is missing 1 parameter(s); using defaults fastk_period=5 fastd_period=3 fastd_matype=0
09:54:48 [WARNING] STOCHRSI combo [14, 3, 3] is missing 1 parameter(s); using defaults fastk_period=3 fastd_period=3 fastd_matype=0
09:54:48 [WARNING] STOCHRSI combo [21, 5, 3] is missing 1 parameter(s); using defaults fastk_period=5 fastd_period=3 fastd_matype=0
09:54:48 [WARNING] STOCHRSI combo [21, 8, 5] is missing 1 parameter(s); using defaults fastk_period=8 fastd_period=5 fastd_matype=0
09:54:48 [WARNING] STOCHRSI combo [34, 8, 5] is missing 1 parameter(s); using defaults fastk_period=8 fastd_period=5 fastd_matype=0
09:54:48 [WARNING] STOCHRSI combo [55, 8, 5] is missing 1 parameter(s); using defaults fastk_period=8 fastd_period=5 fastd_matype=0
09:54:48 [INFO] Fetching spot data: BTCUSDT/1h
09:54:48 [INFO] Read 20352 klines from BTCUSDT/1h in 0.015s
09:54:48 [INFO] Aligned data for BTCUSDT/1h: 20352 rows, 5 columns
09:54:48 [INFO] Fetching spot data: BTCUSDT/1h
09:54:48 [INFO] Read 20352 klines from BTCUSDT/1h in 0.006s
09:54:48 [INFO] Aligned data for BTCUSDT/1h: 20352 rows, 5 columns
09:54:49 [WARNING] STOCH combo [5, 3, 3] is missing 2 parameter(s); using defaults slowk=3 slowd=3 slowk_matype=0 slowd_matype=0
09:54:49 [WARNING] STOCH combo [8, 3, 3] is missing 2 parameter(s); using defaults slowk=3 slowd=3 slowk_matype=0 slowd_matype=0
09:54:49 [WARNING] STOCH combo [13, 3, 3] is missing 2 parameter(s); using defaults slowk=3 slowd=3 slowk_matype=0 slowd_matype=0
09:54:49 [WARNING] STOCH combo [13, 5, 3] is missing 2 parameter(s); using defaults slowk=5 slowd=3 slowk_matype=0 slowd_matype=0
09:54:49 [WARNING] STOCH combo [21, 3, 3] is missing 2 parameter(s); using defaults slowk=3 slowd=3 slowk_matype=0 slowd_matype=0
09:54:49 [WARNING] STOCH combo [21, 5, 3] is missing 2 parameter(s); using defaults slowk=5 slowd=3 slowk_matype=0 slowd_matype=0
09:54:49 [WARNING] STOCH combo [21, 5, 5] is missing 2 parameter(s); using defaults slowk=5 slowd=5 slowk_matype=0 slowd_matype=0
09:54:49 [WARNING] STOCH combo [34, 5, 3] is missing 2 parameter(s); using defaults slowk=5 slowd=3 slowk_matype=0 slowd_matype=0
09:54:49 [WARNING] STOCH combo [34, 5, 5] is missing 2 parameter(s); using defaults slowk=5 slowd=5 slowk_matype=0 slowd_matype=0
09:54:49 [WARNING] STOCH combo [55, 5, 5] is missing 2 parameter(s); using defaults slowk=5 slowd=5 slowk_matype=0 slowd_matype=0
09:54:49 [WARNING] STOCH combo [55, 8, 5] is missing 2 parameter(s); using defaults slowk=8 slowd=5 slowk_matype=0 slowd_matype=0
09:54:49 [WARNING] STOCH combo [89, 8, 5] is missing 2 parameter(s); using defaults slowk=8 slowd=5 slowk_matype=0 slowd_matype=0
09:54:49 [WARNING] STOCHF combo [5, 3] is missing 1 parameter(s); using defaults fastd_period=3 fastd_matype=0
09:54:49 [WARNING] STOCHF combo [8, 3] is missing 1 parameter(s); using defaults fastd_period=3 fastd_matype=0
09:54:49 [WARNING] STOCHF combo [13, 3] is missing 1 parameter(s); using defaults fastd_period=3 fastd_matype=0
09:54:49 [WARNING] STOCHF combo [21, 3] is missing 1 parameter(s); using defaults fastd_period=3 fastd_matype=0
09:54:49 [WARNING] STOCHF combo [21, 5] is missing 1 parameter(s); using defaults fastd_period=5 fastd_matype=0
09:54:49 [WARNING] STOCHF combo [34, 5] is missing 1 parameter(s); using defaults fastd_period=5 fastd_matype=0
09:54:49 [WARNING] STOCHF combo [55, 5] is missing 1 parameter(s); using defaults fastd_period=5 fastd_matype=0
09:54:49 [WARNING] STOCHF combo [89, 8] is missing 1 parameter(s); using defaults fastd_period=8 fastd_matype=0
09:54:49 [WARNING] STOCHRSI combo [9, 5, 3] is missing 1 parameter(s); using defaults fastk_period=5 fastd_period=3 fastd_matype=0
09:54:49 [WARNING] STOCHRSI combo [14, 5, 3] is missing 1 parameter(s); using defaults fastk_period=5 fastd_period=3 fastd_matype=0
09:54:49 [WARNING] STOCHRSI combo [14, 3, 3] is missing 1 parameter(s); using defaults fastk_period=3 fastd_period=3 fastd_matype=0
09:54:49 [WARNING] STOCHRSI combo [21, 5, 3] is missing 1 parameter(s); using defaults fastk_period=5 fastd_period=3 fastd_matype=0
09:54:49 [WARNING] STOCHRSI combo [21, 8, 5] is missing 1 parameter(s); using defaults fastk_period=8 fastd_period=5 fastd_matype=0
09:54:49 [WARNING] STOCHRSI combo [34, 8, 5] is missing 1 parameter(s); using defaults fastk_period=8 fastd_period=5 fastd_matype=0
09:54:49 [WARNING] STOCHRSI combo [55, 8, 5] is missing 1 parameter(s); using defaults fastk_period=8 fastd_period=5 fastd_matype=0
09:54:49 [INFO] Loaded feature registry with 1 entries
09:54:49 [INFO] [Layer 1] 0% - Starting Layer 1...
09:54:49 [INFO] Layer 1 starting, rss=396MB
09:54:49 [WARNING] STOCH combo [5, 3, 3] is missing 2 parameter(s); using defaults slowk=3 slowd=3 slowk_matype=0 slowd_matype=0
09:54:49 [WARNING] STOCH combo [8, 3, 3] is missing 2 parameter(s); using defaults slowk=3 slowd=3 slowk_matype=0 slowd_matype=0
09:54:49 [WARNING] STOCH combo [13, 3, 3] is missing 2 parameter(s); using defaults slowk=3 slowd=3 slowk_matype=0 slowd_matype=0
09:54:49 [WARNING] STOCH combo [13, 5, 3] is missing 2 parameter(s); using defaults slowk=5 slowd=3 slowk_matype=0 slowd_matype=0
09:54:49 [WARNING] STOCH combo [21, 3, 3] is missing 2 parameter(s); using defaults slowk=3 slowd=3 slowk_matype=0 slowd_matype=0
09:54:49 [WARNING] STOCH combo [21, 5, 3] is missing 2 parameter(s); using defaults slowk=5 slowd=3 slowk_matype=0 slowd_matype=0
09:54:49 [WARNING] STOCH combo [21, 5, 5] is missing 2 parameter(s); using defaults slowk=5 slowd=5 slowk_matype=0 slowd_matype=0
09:54:49 [WARNING] STOCH combo [34, 5, 3] is missing 2 parameter(s); using defaults slowk=5 slowd=3 slowk_matype=0 slowd_matype=0
09:54:49 [WARNING] STOCH combo [34, 5, 5] is missing 2 parameter(s); using defaults slowk=5 slowd=5 slowk_matype=0 slowd_matype=0
09:54:49 [WARNING] STOCH combo [55, 5, 5] is missing 2 parameter(s); using defaults slowk=5 slowd=5 slowk_matype=0 slowd_matype=0
09:54:49 [WARNING] STOCH combo [55, 8, 5] is missing 2 parameter(s); using defaults slowk=8 slowd=5 slowk_matype=0 slowd_matype=0
09:54:49 [WARNING] STOCH combo [89, 8, 5] is missing 2 parameter(s); using defaults slowk=8 slowd=5 slowk_matype=0 slowd_matype=0
09:54:49 [WARNING] STOCHF combo [5, 3] is missing 1 parameter(s); using defaults fastd_period=3 fastd_matype=0
09:54:49 [WARNING] STOCHF combo [8, 3] is missing 1 parameter(s); using defaults fastd_period=3 fastd_matype=0
09:54:49 [WARNING] STOCHF combo [13, 3] is missing 1 parameter(s); using defaults fastd_period=3 fastd_matype=0
09:54:49 [WARNING] STOCHF combo [21, 3] is missing 1 parameter(s); using defaults fastd_period=3 fastd_matype=0
09:54:49 [WARNING] STOCHF combo [21, 5] is missing 1 parameter(s); using defaults fastd_period=5 fastd_matype=0
09:54:49 [WARNING] STOCHF combo [34, 5] is missing 1 parameter(s); using defaults fastd_period=5 fastd_matype=0
09:54:49 [WARNING] STOCHF combo [55, 5] is missing 1 parameter(s); using defaults fastd_period=5 fastd_matype=0
09:54:49 [WARNING] STOCHF combo [89, 8] is missing 1 parameter(s); using defaults fastd_period=8 fastd_matype=0
09:54:49 [WARNING] STOCHRSI combo [9, 5, 3] is missing 1 parameter(s); using defaults fastk_period=5 fastd_period=3 fastd_matype=0
09:54:49 [WARNING] STOCHRSI combo [14, 5, 3] is missing 1 parameter(s); using defaults fastk_period=5 fastd_period=3 fastd_matype=0
09:54:49 [WARNING] STOCHRSI combo [14, 3, 3] is missing 1 parameter(s); using defaults fastk_period=3 fastd_period=3 fastd_matype=0
09:54:49 [WARNING] STOCHRSI combo [21, 5, 3] is missing 1 parameter(s); using defaults fastk_period=5 fastd_period=3 fastd_matype=0
09:54:49 [WARNING] STOCHRSI combo [21, 8, 5] is missing 1 parameter(s); using defaults fastk_period=8 fastd_period=5 fastd_matype=0
09:54:49 [WARNING] STOCHRSI combo [34, 8, 5] is missing 1 parameter(s); using defaults fastk_period=8 fastd_period=5 fastd_matype=0
09:54:49 [WARNING] STOCHRSI combo [55, 8, 5] is missing 1 parameter(s); using defaults fastk_period=8 fastd_period=5 fastd_matype=0
09:54:49 [INFO] [Layer 1] 100% - Layer 1 completed: 898 features
09:54:49 [INFO] Layer 1 done: 898 cols, status=ok, rss=490MB
09:54:49 [INFO] [Layer 2] 0% - Starting Layer 2...
09:54:49 [INFO] Layer 2 starting, rss=490MB
09:54:49 [INFO] [L2] Starting derived features: 898 L1 cols
09:54:49 [WARNING] STOCH combo [5, 3, 3] is missing 2 parameter(s); using defaults slowk=3 slowd=3 slowk_matype=0 slowd_matype=0
09:54:49 [WARNING] STOCH combo [8, 3, 3] is missing 2 parameter(s); using defaults slowk=3 slowd=3 slowk_matype=0 slowd_matype=0
09:54:49 [WARNING] STOCH combo [13, 3, 3] is missing 2 parameter(s); using defaults slowk=3 slowd=3 slowk_matype=0 slowd_matype=0
09:54:49 [WARNING] STOCH combo [13, 5, 3] is missing 2 parameter(s); using defaults slowk=5 slowd=3 slowk_matype=0 slowd_matype=0
09:54:49 [WARNING] STOCH combo [21, 3, 3] is missing 2 parameter(s); using defaults slowk=3 slowd=3 slowk_matype=0 slowd_matype=0
09:54:49 [WARNING] STOCH combo [21, 5, 3] is missing 2 parameter(s); using defaults slowk=5 slowd=3 slowk_matype=0 slowd_matype=0
09:54:49 [WARNING] STOCH combo [21, 5, 5] is missing 2 parameter(s); using defaults slowk=5 slowd=5 slowk_matype=0 slowd_matype=0
09:54:49 [WARNING] STOCH combo [34, 5, 3] is missing 2 parameter(s); using defaults slowk=5 slowd=3 slowk_matype=0 slowd_matype=0
09:54:49 [WARNING] STOCH combo [34, 5, 5] is missing 2 parameter(s); using defaults slowk=5 slowd=5 slowk_matype=0 slowd_matype=0
09:54:49 [WARNING] STOCH combo [55, 5, 5] is missing 2 parameter(s); using defaults slowk=5 slowd=5 slowk_matype=0 slowd_matype=0
09:54:49 [WARNING] STOCH combo [55, 8, 5] is missing 2 parameter(s); using defaults slowk=8 slowd=5 slowk_matype=0 slowd_matype=0
09:54:49 [WARNING] STOCH combo [89, 8, 5] is missing 2 parameter(s); using defaults slowk=8 slowd=5 slowk_matype=0 slowd_matype=0
09:54:49 [WARNING] STOCHF combo [5, 3] is missing 1 parameter(s); using defaults fastd_period=3 fastd_matype=0
09:54:49 [WARNING] STOCHF combo [8, 3] is missing 1 parameter(s); using defaults fastd_period=3 fastd_matype=0
09:54:49 [WARNING] STOCHF combo [13, 3] is missing 1 parameter(s); using defaults fastd_period=3 fastd_matype=0
09:54:49 [WARNING] STOCHF combo [21, 3] is missing 1 parameter(s); using defaults fastd_period=3 fastd_matype=0
09:54:49 [WARNING] STOCHF combo [21, 5] is missing 1 parameter(s); using defaults fastd_period=5 fastd_matype=0
09:54:49 [WARNING] STOCHF combo [34, 5] is missing 1 parameter(s); using defaults fastd_period=5 fastd_matype=0
09:54:49 [WARNING] STOCHF combo [55, 5] is missing 1 parameter(s); using defaults fastd_period=5 fastd_matype=0
09:54:49 [WARNING] STOCHF combo [89, 8] is missing 1 parameter(s); using defaults fastd_period=8 fastd_matype=0
09:54:49 [WARNING] STOCHRSI combo [9, 5, 3] is missing 1 parameter(s); using defaults fastk_period=5 fastd_period=3 fastd_matype=0
09:54:49 [WARNING] STOCHRSI combo [14, 5, 3] is missing 1 parameter(s); using defaults fastk_period=5 fastd_period=3 fastd_matype=0
09:54:49 [WARNING] STOCHRSI combo [14, 3, 3] is missing 1 parameter(s); using defaults fastk_period=3 fastd_period=3 fastd_matype=0
09:54:49 [WARNING] STOCHRSI combo [21, 5, 3] is missing 1 parameter(s); using defaults fastk_period=5 fastd_period=3 fastd_matype=0
09:54:49 [WARNING] STOCHRSI combo [21, 8, 5] is missing 1 parameter(s); using defaults fastk_period=8 fastd_period=5 fastd_matype=0
09:54:49 [WARNING] STOCHRSI combo [34, 8, 5] is missing 1 parameter(s); using defaults fastk_period=8 fastd_period=5 fastd_matype=0
09:54:49 [WARNING] STOCHRSI combo [55, 8, 5] is missing 1 parameter(s); using defaults fastk_period=8 fastd_period=5 fastd_matype=0
09:54:52 [INFO] [L2] Completed: 11621 cols in 3.42s
09:54:53 [INFO] [Layer 2] 100% - Layer 2 completed: 11621 features
09:54:53 [INFO] Layer 2 done: 11621 cols, status=ok, rss=1236MB
09:54:53 [INFO] [Layer 3] 0% - Starting Layer 3...
09:54:53 [INFO] Layer 3 starting, rss=1236MB
09:54:55 [INFO] [L3 streaming][numba][multi] step 10/20 (W5_range): 898→898 cols (-0 dead)
09:54:55 [INFO] [L3 streaming][numba][multi] step 20/20 (W13_range): 898→898 cols (-0 dead)
09:54:55 [INFO] [L3 streaming][numba][multi] complete: 17960 total generated, 0 dead dropped, 17960 survivors
09:54:56 [INFO] [Layer 3] 100% - Layer 3 completed: 17960 features
09:54:56 [INFO] Layer 3 done: 17960 cols, status=ok, rss=1375MB
09:54:56 [INFO] [Layer 4] 0% - Starting Layer 4...
09:54:56 [INFO] Layer 4 starting, rss=1375MB
09:54:56 [INFO] [Layer 4] 100% - Layer 4 completed: 7224 features
09:54:56 [INFO] Layer 4 done: 7224 cols, status=ok, rss=1428MB
09:54:56 [INFO] [Layer 5] 0% - Starting Layer 5...
09:54:56 [INFO] Layer 5 starting, rss=1428MB
09:54:56 [INFO] [Layer 5] 100% - Layer 5 completed: 0 features
09:54:56 [INFO] Layer 5 done: 0 cols, status=empty_disabled, rss=1429MB
09:54:56 [INFO] [Layer 6] 0% - Starting Layer 6...
09:54:56 [INFO] Layer 6 starting, rss=1429MB
09:54:56 [INFO] [Layer 6] 100% - Layer 6 completed: 10 features
09:54:56 [INFO] Layer 6 done: 10 cols, status=ok, rss=1431MB
09:54:56 [INFO] [memmap concat] 5 DFs → 37713 cols × 3812 rows ≈ 0.58 GB → disk-backed
09:54:56 [INFO] [memmap] created: shape=(3812, 37713), dtype=<class 'numpy.float32'>, est=0.58 GB  (file auto-unlinked)
09:54:56 [INFO] [memmap concat] copying DF 1/5 (898 cols)
09:54:57 [INFO] [memmap concat] copying DF 2/5 (11621 cols)
09:54:57 [INFO] [memmap concat] copying DF 3/5 (17960 cols)
09:54:58 [INFO] [memmap concat] copying DF 4/5 (7224 cols)
09:54:59 [INFO] [memmap concat] copying DF 5/5 (10 cols)
09:55:08 [WARNING] STOCH combo [5, 3, 3] is missing 2 parameter(s); using defaults slowk=3 slowd=3 slowk_matype=0 slowd_matype=0
09:55:08 [WARNING] STOCH combo [8, 3, 3] is missing 2 parameter(s); using defaults slowk=3 slowd=3 slowk_matype=0 slowd_matype=0
09:55:08 [WARNING] STOCH combo [13, 3, 3] is missing 2 parameter(s); using defaults slowk=3 slowd=3 slowk_matype=0 slowd_matype=0
09:55:08 [WARNING] STOCH combo [13, 5, 3] is missing 2 parameter(s); using defaults slowk=5 slowd=3 slowk_matype=0 slowd_matype=0
09:55:08 [WARNING] STOCH combo [21, 3, 3] is missing 2 parameter(s); using defaults slowk=3 slowd=3 slowk_matype=0 slowd_matype=0
09:55:08 [WARNING] STOCH combo [21, 5, 3] is missing 2 parameter(s); using defaults slowk=5 slowd=3 slowk_matype=0 slowd_matype=0
09:55:08 [WARNING] STOCH combo [21, 5, 5] is missing 2 parameter(s); using defaults slowk=5 slowd=5 slowk_matype=0 slowd_matype=0
09:55:08 [WARNING] STOCH combo [34, 5, 3] is missing 2 parameter(s); using defaults slowk=5 slowd=3 slowk_matype=0 slowd_matype=0
09:55:08 [WARNING] STOCH combo [34, 5, 5] is missing 2 parameter(s); using defaults slowk=5 slowd=5 slowk_matype=0 slowd_matype=0
09:55:08 [WARNING] STOCH combo [55, 5, 5] is missing 2 parameter(s); using defaults slowk=5 slowd=5 slowk_matype=0 slowd_matype=0
09:55:08 [WARNING] STOCH combo [55, 8, 5] is missing 2 parameter(s); using defaults slowk=8 slowd=5 slowk_matype=0 slowd_matype=0
09:55:08 [WARNING] STOCH combo [89, 8, 5] is missing 2 parameter(s); using defaults slowk=8 slowd=5 slowk_matype=0 slowd_matype=0
09:55:08 [WARNING] STOCHF combo [5, 3] is missing 1 parameter(s); using defaults fastd_period=3 fastd_matype=0
09:55:08 [WARNING] STOCHF combo [8, 3] is missing 1 parameter(s); using defaults fastd_period=3 fastd_matype=0
09:55:08 [WARNING] STOCHF combo [13, 3] is missing 1 parameter(s); using defaults fastd_period=3 fastd_matype=0
09:55:08 [WARNING] STOCHF combo [21, 3] is missing 1 parameter(s); using defaults fastd_period=3 fastd_matype=0
09:55:08 [WARNING] STOCHF combo [21, 5] is missing 1 parameter(s); using defaults fastd_period=5 fastd_matype=0
09:55:08 [WARNING] STOCHF combo [34, 5] is missing 1 parameter(s); using defaults fastd_period=5 fastd_matype=0
09:55:08 [WARNING] STOCHF combo [55, 5] is missing 1 parameter(s); using defaults fastd_period=5 fastd_matype=0
09:55:08 [WARNING] STOCHF combo [89, 8] is missing 1 parameter(s); using defaults fastd_period=8 fastd_matype=0
09:55:08 [WARNING] STOCHRSI combo [9, 5, 3] is missing 1 parameter(s); using defaults fastk_period=5 fastd_period=3 fastd_matype=0
09:55:08 [WARNING] STOCHRSI combo [14, 5, 3] is missing 1 parameter(s); using defaults fastk_period=5 fastd_period=3 fastd_matype=0
09:55:08 [WARNING] STOCHRSI combo [14, 3, 3] is missing 1 parameter(s); using defaults fastk_period=3 fastd_period=3 fastd_matype=0
09:55:08 [WARNING] STOCHRSI combo [21, 5, 3] is missing 1 parameter(s); using defaults fastk_period=5 fastd_period=3 fastd_matype=0
09:55:08 [WARNING] STOCHRSI combo [21, 8, 5] is missing 1 parameter(s); using defaults fastk_period=8 fastd_period=5 fastd_matype=0
09:55:08 [WARNING] STOCHRSI combo [34, 8, 5] is missing 1 parameter(s); using defaults fastk_period=8 fastd_period=5 fastd_matype=0
09:55:08 [WARNING] STOCHRSI combo [55, 8, 5] is missing 1 parameter(s); using defaults fastk_period=8 fastd_period=5 fastd_matype=0
09:55:08 [WARNING] STOCH combo [5, 3, 3] is missing 2 parameter(s); using defaults slowk=3 slowd=3 slowk_matype=0 slowd_matype=0
09:55:08 [WARNING] STOCH combo [8, 3, 3] is missing 2 parameter(s); using defaults slowk=3 slowd=3 slowk_matype=0 slowd_matype=0
09:55:08 [WARNING] STOCH combo [13, 3, 3] is missing 2 parameter(s); using defaults slowk=3 slowd=3 slowk_matype=0 slowd_matype=0
09:55:08 [WARNING] STOCH combo [13, 5, 3] is missing 2 parameter(s); using defaults slowk=5 slowd=3 slowk_matype=0 slowd_matype=0
09:55:08 [WARNING] STOCH combo [21, 3, 3] is missing 2 parameter(s); using defaults slowk=3 slowd=3 slowk_matype=0 slowd_matype=0
09:55:08 [WARNING] STOCH combo [21, 5, 3] is missing 2 parameter(s); using defaults slowk=5 slowd=3 slowk_matype=0 slowd_matype=0
09:55:08 [WARNING] STOCH combo [21, 5, 5] is missing 2 parameter(s); using defaults slowk=5 slowd=5 slowk_matype=0 slowd_matype=0
09:55:08 [WARNING] STOCH combo [34, 5, 3] is missing 2 parameter(s); using defaults slowk=5 slowd=3 slowk_matype=0 slowd_matype=0
09:55:08 [WARNING] STOCH combo [34, 5, 5] is missing 2 parameter(s); using defaults slowk=5 slowd=5 slowk_matype=0 slowd_matype=0
09:55:08 [WARNING] STOCH combo [55, 5, 5] is missing 2 parameter(s); using defaults slowk=5 slowd=5 slowk_matype=0 slowd_matype=0
09:55:08 [WARNING] STOCH combo [55, 8, 5] is missing 2 parameter(s); using defaults slowk=8 slowd=5 slowk_matype=0 slowd_matype=0
09:55:08 [WARNING] STOCH combo [89, 8, 5] is missing 2 parameter(s); using defaults slowk=8 slowd=5 slowk_matype=0 slowd_matype=0
09:55:08 [WARNING] STOCHF combo [5, 3] is missing 1 parameter(s); using defaults fastd_period=3 fastd_matype=0
09:55:08 [WARNING] STOCHF combo [8, 3] is missing 1 parameter(s); using defaults fastd_period=3 fastd_matype=0
09:55:08 [WARNING] STOCHF combo [13, 3] is missing 1 parameter(s); using defaults fastd_period=3 fastd_matype=0
09:55:08 [WARNING] STOCHF combo [21, 3] is missing 1 parameter(s); using defaults fastd_period=3 fastd_matype=0
09:55:08 [WARNING] STOCHF combo [21, 5] is missing 1 parameter(s); using defaults fastd_period=5 fastd_matype=0
09:55:08 [WARNING] STOCHF combo [34, 5] is missing 1 parameter(s); using defaults fastd_period=5 fastd_matype=0
09:55:08 [WARNING] STOCHF combo [55, 5] is missing 1 parameter(s); using defaults fastd_period=5 fastd_matype=0
09:55:08 [WARNING] STOCHF combo [89, 8] is missing 1 parameter(s); using defaults fastd_period=8 fastd_matype=0
09:55:08 [WARNING] STOCHRSI combo [9, 5, 3] is missing 1 parameter(s); using defaults fastk_period=5 fastd_period=3 fastd_matype=0
09:55:08 [WARNING] STOCHRSI combo [14, 5, 3] is missing 1 parameter(s); using defaults fastk_period=5 fastd_period=3 fastd_matype=0
09:55:08 [WARNING] STOCHRSI combo [14, 3, 3] is missing 1 parameter(s); using defaults fastk_period=3 fastd_period=3 fastd_matype=0
09:55:08 [WARNING] STOCHRSI combo [21, 5, 3] is missing 1 parameter(s); using defaults fastk_period=5 fastd_period=3 fastd_matype=0
09:55:08 [WARNING] STOCHRSI combo [21, 8, 5] is missing 1 parameter(s); using defaults fastk_period=8 fastd_period=5 fastd_matype=0
09:55:08 [WARNING] STOCHRSI combo [34, 8, 5] is missing 1 parameter(s); using defaults fastk_period=8 fastd_period=5 fastd_matype=0
09:55:08 [WARNING] STOCHRSI combo [55, 8, 5] is missing 1 parameter(s); using defaults fastk_period=8 fastd_period=5 fastd_matype=0
09:55:08 [INFO] Fetching spot data: BTCUSDT/1h
09:55:08 [INFO] Read 20352 klines from BTCUSDT/1h in 0.012s
09:55:08 [INFO] Aligned data for BTCUSDT/1h: 20352 rows, 5 columns
09:55:08 [INFO] Loaded feature registry with 1 entries
09:55:08 [INFO] [Layer 1] 0% - Starting Layer 1...
09:55:08 [INFO] Layer 1 starting, rss=2058MB
09:55:08 [WARNING] STOCH combo [5, 3, 3] is missing 2 parameter(s); using defaults slowk=3 slowd=3 slowk_matype=0 slowd_matype=0
09:55:08 [WARNING] STOCH combo [8, 3, 3] is missing 2 parameter(s); using defaults slowk=3 slowd=3 slowk_matype=0 slowd_matype=0
09:55:08 [WARNING] STOCH combo [13, 3, 3] is missing 2 parameter(s); using defaults slowk=3 slowd=3 slowk_matype=0 slowd_matype=0
09:55:08 [WARNING] STOCH combo [13, 5, 3] is missing 2 parameter(s); using defaults slowk=5 slowd=3 slowk_matype=0 slowd_matype=0
09:55:08 [WARNING] STOCH combo [21, 3, 3] is missing 2 parameter(s); using defaults slowk=3 slowd=3 slowk_matype=0 slowd_matype=0
09:55:08 [WARNING] STOCH combo [21, 5, 3] is missing 2 parameter(s); using defaults slowk=5 slowd=3 slowk_matype=0 slowd_matype=0
09:55:08 [WARNING] STOCH combo [21, 5, 5] is missing 2 parameter(s); using defaults slowk=5 slowd=5 slowk_matype=0 slowd_matype=0
09:55:08 [WARNING] STOCH combo [34, 5, 3] is missing 2 parameter(s); using defaults slowk=5 slowd=3 slowk_matype=0 slowd_matype=0
09:55:08 [WARNING] STOCH combo [34, 5, 5] is missing 2 parameter(s); using defaults slowk=5 slowd=5 slowk_matype=0 slowd_matype=0
09:55:08 [WARNING] STOCH combo [55, 5, 5] is missing 2 parameter(s); using defaults slowk=5 slowd=5 slowk_matype=0 slowd_matype=0
09:55:08 [WARNING] STOCH combo [55, 8, 5] is missing 2 parameter(s); using defaults slowk=8 slowd=5 slowk_matype=0 slowd_matype=0
09:55:08 [WARNING] STOCH combo [89, 8, 5] is missing 2 parameter(s); using defaults slowk=8 slowd=5 slowk_matype=0 slowd_matype=0
09:55:08 [WARNING] STOCHF combo [5, 3] is missing 1 parameter(s); using defaults fastd_period=3 fastd_matype=0
09:55:08 [WARNING] STOCHF combo [8, 3] is missing 1 parameter(s); using defaults fastd_period=3 fastd_matype=0
09:55:08 [WARNING] STOCHF combo [13, 3] is missing 1 parameter(s); using defaults fastd_period=3 fastd_matype=0
09:55:08 [WARNING] STOCHF combo [21, 3] is missing 1 parameter(s); using defaults fastd_period=3 fastd_matype=0
09:55:08 [WARNING] STOCHF combo [21, 5] is missing 1 parameter(s); using defaults fastd_period=5 fastd_matype=0
09:55:08 [WARNING] STOCHF combo [34, 5] is missing 1 parameter(s); using defaults fastd_period=5 fastd_matype=0
09:55:08 [WARNING] STOCHF combo [55, 5] is missing 1 parameter(s); using defaults fastd_period=5 fastd_matype=0
09:55:08 [WARNING] STOCHF combo [89, 8] is missing 1 parameter(s); using defaults fastd_period=8 fastd_matype=0
09:55:08 [WARNING] STOCHRSI combo [9, 5, 3] is missing 1 parameter(s); using defaults fastk_period=5 fastd_period=3 fastd_matype=0
09:55:08 [WARNING] STOCHRSI combo [14, 5, 3] is missing 1 parameter(s); using defaults fastk_period=5 fastd_period=3 fastd_matype=0
09:55:08 [WARNING] STOCHRSI combo [14, 3, 3] is missing 1 parameter(s); using defaults fastk_period=3 fastd_period=3 fastd_matype=0
09:55:08 [WARNING] STOCHRSI combo [21, 5, 3] is missing 1 parameter(s); using defaults fastk_period=5 fastd_period=3 fastd_matype=0
09:55:08 [WARNING] STOCHRSI combo [21, 8, 5] is missing 1 parameter(s); using defaults fastk_period=8 fastd_period=5 fastd_matype=0
09:55:08 [WARNING] STOCHRSI combo [34, 8, 5] is missing 1 parameter(s); using defaults fastk_period=8 fastd_period=5 fastd_matype=0
09:55:08 [WARNING] STOCHRSI combo [55, 8, 5] is missing 1 parameter(s); using defaults fastk_period=8 fastd_period=5 fastd_matype=0
09:55:08 [INFO] [Layer 1] 100% - Layer 1 completed: 898 features
09:55:08 [INFO] Layer 1 done: 898 cols, status=ok, rss=1540MB
09:55:08 [INFO] [Layer 2] 0% - Starting Layer 2...
09:55:08 [INFO] Layer 2 starting, rss=1534MB
09:55:08 [INFO] [L2] Starting derived features: 898 L1 cols
09:55:08 [WARNING] STOCH combo [5, 3, 3] is missing 2 parameter(s); using defaults slowk=3 slowd=3 slowk_matype=0 slowd_matype=0
09:55:08 [WARNING] STOCH combo [8, 3, 3] is missing 2 parameter(s); using defaults slowk=3 slowd=3 slowk_matype=0 slowd_matype=0
09:55:08 [WARNING] STOCH combo [13, 3, 3] is missing 2 parameter(s); using defaults slowk=3 slowd=3 slowk_matype=0 slowd_matype=0
09:55:08 [WARNING] STOCH combo [13, 5, 3] is missing 2 parameter(s); using defaults slowk=5 slowd=3 slowk_matype=0 slowd_matype=0
09:55:08 [WARNING] STOCH combo [21, 3, 3] is missing 2 parameter(s); using defaults slowk=3 slowd=3 slowk_matype=0 slowd_matype=0
09:55:08 [WARNING] STOCH combo [21, 5, 3] is missing 2 parameter(s); using defaults slowk=5 slowd=3 slowk_matype=0 slowd_matype=0
09:55:08 [WARNING] STOCH combo [21, 5, 5] is missing 2 parameter(s); using defaults slowk=5 slowd=5 slowk_matype=0 slowd_matype=0
09:55:08 [WARNING] STOCH combo [34, 5, 3] is missing 2 parameter(s); using defaults slowk=5 slowd=3 slowk_matype=0 slowd_matype=0
09:55:08 [WARNING] STOCH combo [34, 5, 5] is missing 2 parameter(s); using defaults slowk=5 slowd=5 slowk_matype=0 slowd_matype=0
09:55:08 [WARNING] STOCH combo [55, 5, 5] is missing 2 parameter(s); using defaults slowk=5 slowd=5 slowk_matype=0 slowd_matype=0
09:55:08 [WARNING] STOCH combo [55, 8, 5] is missing 2 parameter(s); using defaults slowk=8 slowd=5 slowk_matype=0 slowd_matype=0
09:55:08 [WARNING] STOCH combo [89, 8, 5] is missing 2 parameter(s); using defaults slowk=8 slowd=5 slowk_matype=0 slowd_matype=0
09:55:08 [WARNING] STOCHF combo [5, 3] is missing 1 parameter(s); using defaults fastd_period=3 fastd_matype=0
09:55:08 [WARNING] STOCHF combo [8, 3] is missing 1 parameter(s); using defaults fastd_period=3 fastd_matype=0
09:55:08 [WARNING] STOCHF combo [13, 3] is missing 1 parameter(s); using defaults fastd_period=3 fastd_matype=0
09:55:08 [WARNING] STOCHF combo [21, 3] is missing 1 parameter(s); using defaults fastd_period=3 fastd_matype=0
09:55:08 [WARNING] STOCHF combo [21, 5] is missing 1 parameter(s); using defaults fastd_period=5 fastd_matype=0
09:55:08 [WARNING] STOCHF combo [34, 5] is missing 1 parameter(s); using defaults fastd_period=5 fastd_matype=0
09:55:08 [WARNING] STOCHF combo [55, 5] is missing 1 parameter(s); using defaults fastd_period=5 fastd_matype=0
09:55:08 [WARNING] STOCHF combo [89, 8] is missing 1 parameter(s); using defaults fastd_period=8 fastd_matype=0
09:55:08 [WARNING] STOCHRSI combo [9, 5, 3] is missing 1 parameter(s); using defaults fastk_period=5 fastd_period=3 fastd_matype=0
09:55:08 [WARNING] STOCHRSI combo [14, 5, 3] is missing 1 parameter(s); using defaults fastk_period=5 fastd_period=3 fastd_matype=0
09:55:08 [WARNING] STOCHRSI combo [14, 3, 3] is missing 1 parameter(s); using defaults fastk_period=3 fastd_period=3 fastd_matype=0
09:55:08 [WARNING] STOCHRSI combo [21, 5, 3] is missing 1 parameter(s); using defaults fastk_period=5 fastd_period=3 fastd_matype=0
09:55:08 [WARNING] STOCHRSI combo [21, 8, 5] is missing 1 parameter(s); using defaults fastk_period=8 fastd_period=5 fastd_matype=0
09:55:08 [WARNING] STOCHRSI combo [34, 8, 5] is missing 1 parameter(s); using defaults fastk_period=8 fastd_period=5 fastd_matype=0
09:55:08 [WARNING] STOCHRSI combo [55, 8, 5] is missing 1 parameter(s); using defaults fastk_period=8 fastd_period=5 fastd_matype=0
09:55:12 [INFO] [L2] Completed: 11621 cols in 3.73s
09:55:13 [INFO] [Layer 2] 100% - Layer 2 completed: 11621 features
09:55:13 [INFO] Layer 2 done: 11621 cols, status=ok, rss=1952MB
09:55:13 [INFO] [Layer 3] 0% - Starting Layer 3...
09:55:13 [INFO] Layer 3 starting, rss=1952MB
09:55:15 [INFO] [L3 streaming][numba][multi] step 10/20 (W5_range): 898→898 cols (-0 dead)
09:55:15 [INFO] [L3 streaming][numba][multi] step 20/20 (W13_range): 898→898 cols (-0 dead)
09:55:15 [INFO] [L3 streaming][numba][multi] complete: 17960 total generated, 0 dead dropped, 17960 survivors
09:55:16 [INFO] [Layer 3] 100% - Layer 3 completed: 17960 features
09:55:16 [INFO] Layer 3 done: 17960 cols, status=ok, rss=1915MB
09:55:16 [INFO] [Layer 4] 0% - Starting Layer 4...
09:55:16 [INFO] Layer 4 starting, rss=1915MB
09:55:16 [INFO] [Layer 4] 100% - Layer 4 completed: 7224 features
09:55:16 [INFO] Layer 4 done: 7224 cols, status=ok, rss=727MB
09:55:16 [INFO] [Layer 5] 0% - Starting Layer 5...
09:55:16 [INFO] Layer 5 starting, rss=727MB
09:55:16 [INFO] [Layer 5] 100% - Layer 5 completed: 0 features
09:55:16 [INFO] Layer 5 done: 0 cols, status=empty_disabled, rss=727MB
09:55:16 [INFO] [Layer 6] 0% - Starting Layer 6...
09:55:16 [INFO] Layer 6 starting, rss=727MB
09:55:16 [INFO] [Layer 6] 100% - Layer 6 completed: 10 features
09:55:16 [INFO] Layer 6 done: 10 cols, status=ok, rss=730MB
09:55:16 [INFO] [memmap concat] 5 DFs → 37713 cols × 4471 rows ≈ 0.67 GB → disk-backed
09:55:16 [INFO] [memmap] created: shape=(4471, 37713), dtype=<class 'numpy.float32'>, est=0.67 GB  (file auto-unlinked)
09:55:16 [INFO] [memmap concat] copying DF 1/5 (898 cols)
09:55:17 [INFO] [memmap concat] copying DF 2/5 (11621 cols)
09:55:17 [INFO] [memmap concat] copying DF 3/5 (17960 cols)
09:55:18 [INFO] [memmap concat] copying DF 4/5 (7224 cols)
09:55:18 [INFO] [memmap concat] copying DF 5/5 (10 cols)
09:55:20 [INFO] [CGSA] Initialized ColumnGroupRegistry at /private/var/folders/_c/3xdf41hd3tvgxpx63mrml2c00000gn/T/pytest-of-louis/pytest-9/test_small_mutation_fracdiff_c0/cgsa_work (tier=8gb, buffer_groups=0)
09:55:20 [INFO] Fetching spot data: BTCUSDT/1h
09:55:20 [INFO] Read 20352 klines from BTCUSDT/1h in 0.013s
09:55:20 [INFO] Aligned data for BTCUSDT/1h: 20352 rows, 5 columns
09:55:20 [INFO] [Layer 1] 0% - Starting Layer 1...
09:55:20 [INFO] Layer 1 starting, rss=2121MB
09:55:20 [WARNING] STOCH combo [5, 3, 3] is missing 2 parameter(s); using defaults slowk=3 slowd=3 slowk_matype=0 slowd_matype=0
09:55:20 [WARNING] STOCH combo [8, 3, 3] is missing 2 parameter(s); using defaults slowk=3 slowd=3 slowk_matype=0 slowd_matype=0
09:55:20 [WARNING] STOCH combo [13, 3, 3] is missing 2 parameter(s); using defaults slowk=3 slowd=3 slowk_matype=0 slowd_matype=0
09:55:20 [WARNING] STOCH combo [13, 5, 3] is missing 2 parameter(s); using defaults slowk=5 slowd=3 slowk_matype=0 slowd_matype=0
09:55:20 [WARNING] STOCH combo [21, 3, 3] is missing 2 parameter(s); using defaults slowk=3 slowd=3 slowk_matype=0 slowd_matype=0
09:55:20 [WARNING] STOCH combo [21, 5, 3] is missing 2 parameter(s); using defaults slowk=5 slowd=3 slowk_matype=0 slowd_matype=0
09:55:20 [WARNING] STOCH combo [21, 5, 5] is missing 2 parameter(s); using defaults slowk=5 slowd=5 slowk_matype=0 slowd_matype=0
09:55:20 [WARNING] STOCH combo [34, 5, 3] is missing 2 parameter(s); using defaults slowk=5 slowd=3 slowk_matype=0 slowd_matype=0
09:55:20 [WARNING] STOCH combo [34, 5, 5] is missing 2 parameter(s); using defaults slowk=5 slowd=5 slowk_matype=0 slowd_matype=0
09:55:20 [WARNING] STOCH combo [55, 5, 5] is missing 2 parameter(s); using defaults slowk=5 slowd=5 slowk_matype=0 slowd_matype=0
09:55:20 [WARNING] STOCH combo [55, 8, 5] is missing 2 parameter(s); using defaults slowk=8 slowd=5 slowk_matype=0 slowd_matype=0
09:55:20 [WARNING] STOCH combo [89, 8, 5] is missing 2 parameter(s); using defaults slowk=8 slowd=5 slowk_matype=0 slowd_matype=0
09:55:20 [WARNING] STOCHF combo [5, 3] is missing 1 parameter(s); using defaults fastd_period=3 fastd_matype=0
09:55:20 [WARNING] STOCHF combo [8, 3] is missing 1 parameter(s); using defaults fastd_period=3 fastd_matype=0
09:55:20 [WARNING] STOCHF combo [13, 3] is missing 1 parameter(s); using defaults fastd_period=3 fastd_matype=0
09:55:20 [WARNING] STOCHF combo [21, 3] is missing 1 parameter(s); using defaults fastd_period=3 fastd_matype=0
09:55:20 [WARNING] STOCHF combo [21, 5] is missing 1 parameter(s); using defaults fastd_period=5 fastd_matype=0
09:55:20 [WARNING] STOCHF combo [34, 5] is missing 1 parameter(s); using defaults fastd_period=5 fastd_matype=0
09:55:20 [WARNING] STOCHF combo [55, 5] is missing 1 parameter(s); using defaults fastd_period=5 fastd_matype=0
09:55:20 [WARNING] STOCHF combo [89, 8] is missing 1 parameter(s); using defaults fastd_period=8 fastd_matype=0
09:55:20 [WARNING] STOCHRSI combo [9, 5, 3] is missing 1 parameter(s); using defaults fastk_period=5 fastd_period=3 fastd_matype=0
09:55:20 [WARNING] STOCHRSI combo [14, 5, 3] is missing 1 parameter(s); using defaults fastk_period=5 fastd_period=3 fastd_matype=0
09:55:20 [WARNING] STOCHRSI combo [14, 3, 3] is missing 1 parameter(s); using defaults fastk_period=3 fastd_period=3 fastd_matype=0
09:55:20 [WARNING] STOCHRSI combo [21, 5, 3] is missing 1 parameter(s); using defaults fastk_period=5 fastd_period=3 fastd_matype=0
09:55:20 [WARNING] STOCHRSI combo [21, 8, 5] is missing 1 parameter(s); using defaults fastk_period=8 fastd_period=5 fastd_matype=0
09:55:20 [WARNING] STOCHRSI combo [34, 8, 5] is missing 1 parameter(s); using defaults fastk_period=8 fastd_period=5 fastd_matype=0
09:55:20 [WARNING] STOCHRSI combo [55, 8, 5] is missing 1 parameter(s); using defaults fastk_period=8 fastd_period=5 fastd_matype=0
09:55:21 [INFO] [Layer 1] 100% - Layer 1 completed: 898 features
09:55:21 [INFO] Layer 1 done: 898 cols, status=ok, rss=1641MB
09:55:21 [INFO] [Layer 2] 0% - Starting Layer 2...
09:55:21 [INFO] Layer 2 starting, rss=1641MB
09:55:21 [INFO] [L2] Starting derived features: 898 L1 cols
09:55:21 [WARNING] STOCH combo [5, 3, 3] is missing 2 parameter(s); using defaults slowk=3 slowd=3 slowk_matype=0 slowd_matype=0
09:55:21 [WARNING] STOCH combo [8, 3, 3] is missing 2 parameter(s); using defaults slowk=3 slowd=3 slowk_matype=0 slowd_matype=0
09:55:21 [WARNING] STOCH combo [13, 3, 3] is missing 2 parameter(s); using defaults slowk=3 slowd=3 slowk_matype=0 slowd_matype=0
09:55:21 [WARNING] STOCH combo [13, 5, 3] is missing 2 parameter(s); using defaults slowk=5 slowd=3 slowk_matype=0 slowd_matype=0
09:55:21 [WARNING] STOCH combo [21, 3, 3] is missing 2 parameter(s); using defaults slowk=3 slowd=3 slowk_matype=0 slowd_matype=0
09:55:21 [WARNING] STOCH combo [21, 5, 3] is missing 2 parameter(s); using defaults slowk=5 slowd=3 slowk_matype=0 slowd_matype=0
09:55:21 [WARNING] STOCH combo [21, 5, 5] is missing 2 parameter(s); using defaults slowk=5 slowd=5 slowk_matype=0 slowd_matype=0
09:55:21 [WARNING] STOCH combo [34, 5, 3] is missing 2 parameter(s); using defaults slowk=5 slowd=3 slowk_matype=0 slowd_matype=0
09:55:21 [WARNING] STOCH combo [34, 5, 5] is missing 2 parameter(s); using defaults slowk=5 slowd=5 slowk_matype=0 slowd_matype=0
09:55:21 [WARNING] STOCH combo [55, 5, 5] is missing 2 parameter(s); using defaults slowk=5 slowd=5 slowk_matype=0 slowd_matype=0
09:55:21 [WARNING] STOCH combo [55, 8, 5] is missing 2 parameter(s); using defaults slowk=8 slowd=5 slowk_matype=0 slowd_matype=0
09:55:21 [WARNING] STOCH combo [89, 8, 5] is missing 2 parameter(s); using defaults slowk=8 slowd=5 slowk_matype=0 slowd_matype=0
09:55:21 [WARNING] STOCHF combo [5, 3] is missing 1 parameter(s); using defaults fastd_period=3 fastd_matype=0
09:55:21 [WARNING] STOCHF combo [8, 3] is missing 1 parameter(s); using defaults fastd_period=3 fastd_matype=0
09:55:21 [WARNING] STOCHF combo [13, 3] is missing 1 parameter(s); using defaults fastd_period=3 fastd_matype=0
09:55:21 [WARNING] STOCHF combo [21, 3] is missing 1 parameter(s); using defaults fastd_period=3 fastd_matype=0
09:55:21 [WARNING] STOCHF combo [21, 5] is missing 1 parameter(s); using defaults fastd_period=5 fastd_matype=0
09:55:21 [WARNING] STOCHF combo [34, 5] is missing 1 parameter(s); using defaults fastd_period=5 fastd_matype=0
09:55:21 [WARNING] STOCHF combo [55, 5] is missing 1 parameter(s); using defaults fastd_period=5 fastd_matype=0
09:55:21 [WARNING] STOCHF combo [89, 8] is missing 1 parameter(s); using defaults fastd_period=8 fastd_matype=0
09:55:21 [WARNING] STOCHRSI combo [9, 5, 3] is missing 1 parameter(s); using defaults fastk_period=5 fastd_period=3 fastd_matype=0
09:55:21 [WARNING] STOCHRSI combo [14, 5, 3] is missing 1 parameter(s); using defaults fastk_period=5 fastd_period=3 fastd_matype=0
09:55:21 [WARNING] STOCHRSI combo [14, 3, 3] is missing 1 parameter(s); using defaults fastk_period=3 fastd_period=3 fastd_matype=0
09:55:21 [WARNING] STOCHRSI combo [21, 5, 3] is missing 1 parameter(s); using defaults fastk_period=5 fastd_period=3 fastd_matype=0
09:55:21 [WARNING] STOCHRSI combo [21, 8, 5] is missing 1 parameter(s); using defaults fastk_period=8 fastd_period=5 fastd_matype=0
09:55:21 [WARNING] STOCHRSI combo [34, 8, 5] is missing 1 parameter(s); using defaults fastk_period=8 fastd_period=5 fastd_matype=0
09:55:21 [WARNING] STOCHRSI combo [55, 8, 5] is missing 1 parameter(s); using defaults fastk_period=8 fastd_period=5 fastd_matype=0
09:55:45 [INFO] [CGSA] L2 persisted group=1h_L2_Momentum shards=3 total_bytes=238.9 MiB
09:55:45 [INFO] [L2] Completed: 11621 cols in 23.50s
09:55:46 [INFO] [Layer 2] 100% - Layer 2 completed: 11621 features
09:55:46 [INFO] Layer 2 done: 11621 cols, status=ok, rss=1991MB
09:55:46 [INFO] [memmap] created: shape=(6975, 11621), dtype=<class 'numpy.float32'>, est=0.32 GB  (file auto-unlinked)
09:55:46 [INFO] [spill] layer2: 6975×11621 → float32 memmap in 0.8s (freed ~0.6 GB float64)
09:55:46 [INFO] [Layer 3] 0% - Starting Layer 3...
09:55:46 [INFO] Layer 3 starting, rss=2136MB
09:55:51 [INFO] [L3 streaming][numba][multi][persist] step 10/20 (W5_range): 898→898 cols (-0 dead)
09:55:51 [INFO] [L3 streaming][numba][multi][persist] step 20/20 (W13_range): 898→898 cols (-0 dead)
09:55:51 [INFO] [L3 streaming][numba][multi][persist] complete: 17960 generated, 4 dropped, 17956 survivors persisted via callback
09:55:53 [INFO] [L3] streaming persist (mode=streaming) complete: 17956 cols persisted in 20 groups
09:55:53 [INFO] [Layer 3] 100% - Layer 3 completed: 0 features
09:55:53 [INFO] Layer 3 done: 0 cols, status=offloaded_to_registry, rss=1528MB
09:55:53 [INFO] [Layer 4] 0% - Starting Layer 4...
09:55:53 [INFO] Layer 4 starting, rss=1528MB
09:55:54 [INFO] [Layer 4] 100% - Layer 4 completed: 7224 features
09:55:54 [INFO] Layer 4 done: 7224 cols, status=ok, rss=2106MB
09:55:54 [INFO] [Layer 5] 0% - Starting Layer 5...
09:55:54 [INFO] Layer 5 starting, rss=2106MB
09:55:54 [INFO] [Layer 5] 100% - Layer 5 completed: 0 features
09:55:54 [INFO] Layer 5 done: 0 cols, status=empty_disabled, rss=2106MB
09:55:54 [INFO] [Layer 6] 0% - Starting Layer 6...
09:55:54 [INFO] Layer 6 starting, rss=2106MB
09:55:54 [INFO] [Layer 6] 100% - Layer 6 completed: 10 features
09:55:54 [INFO] Layer 6 done: 10 cols, status=ok, rss=2107MB
09:55:54 [INFO] [CGSA] Disk pre-check OK: layer=L4_lag symbol=BTCUSDT tf=1h need=2.38 GiB (planned_new=0.19 GiB, max_inflight_tmp×2=0.19 GiB, reserve=2.00 GiB) free=32.43 GiB shape=(6975, 7224)
09:55:54 [INFO] [CGSA] L4_lag persisted group=1h_L4_lag_1 shards=2 total_bytes=133.0 MiB
09:55:54 [INFO] [CGSA] Persisted L4_lag: 7224 cols → 2 groups (tf=1h)
09:55:54 [INFO] [CGSA] Disk pre-check OK: layer=L6_meta symbol=BTCUSDT tf=1h need=2.00 GiB (planned_new=0.00 GiB, max_inflight_tmp×2=0.00 GiB, reserve=2.00 GiB) free=32.25 GiB shape=(6975, 10)
09:55:54 [INFO] [CGSA] Persisted L6_meta: 10 cols → 1 groups (tf=1h)
09:55:57 [INFO] [L7][CGSA] Quality summary: inf_count=0, coverage=0.9478, non_nan=249284256/263020275
09:55:58 [INFO] [L7_raw] Disk pre-check OK: required=2.00 GiB (safety x1.50), estimated_final=0.49 GiB, reclaimable_npy=0.98 GiB, net_growth=0.00 GiB, max_inflight_part=0.13 GiB, largest_part_source=1h_L2_Momentum, reserve_floor=2.00 GiB, free=31.24 GiB, groups=241
09:55:59 [INFO] [L6.5] raw-sink path uses serial group streaming for disk safety (requested_workers=2)
09:55:59 [INFO] [L6.5] Registry raw-sink config: groups=241 requested_workers=2 effective_workers=1 mode=append use_fast=False can_use_numba_fast=False winsor=False rank=False zscore=False fracdiff=True fracdiff_apply_to=non_stationary fracdiff_layers=['L1', 'L2'] adf=False gaussian=False
09:55:59 [INFO] [L6.5] Raw-sink start: 238 full groups (fast=0, slow=238) + 3 big-group splits → 248 sub-tasks (requested_workers=2, effective_workers=1, split_threshold=2000, slow_chunked=3, max_group_cols=8980, schedule=largest_first, rss=1505MB)
09:56:00 [INFO] [L6.5] raw-sink chunk stream start: group=1h_L2_Momentum cols=8980 chunks=5 chunk_size=2000 rss=1674MB
09:56:34 [INFO] [L6.5] symbol=BTCUSDT tf=1h d_star_cache_hit=0/724 path=/private/var/folders/_c/3xdf41hd3tvgxpx63mrml2c00000gn/T/pytest-of-louis/pytest-9/test_small_mutation_fracdiff_c0/dstar/trunc/d_star_BTCUSDT_1h_dcc154ced6b6.json
09:56:45 [INFO] [L6.5] symbol=BTCUSDT tf=1h d_star_cache_hit=179/1011 path=/private/var/folders/_c/3xdf41hd3tvgxpx63mrml2c00000gn/T/pytest-of-louis/pytest-9/test_small_mutation_fracdiff_c0/dstar/trunc/d_star_BTCUSDT_1h_dcc154ced6b6.json
09:56:55 [INFO] [L6.5] symbol=BTCUSDT tf=1h d_star_cache_hit=179/1138 path=/private/var/folders/_c/3xdf41hd3tvgxpx63mrml2c00000gn/T/pytest-of-louis/pytest-9/test_small_mutation_fracdiff_c0/dstar/trunc/d_star_BTCUSDT_1h_dcc154ced6b6.json
09:57:04 [INFO] [L6.5] symbol=BTCUSDT tf=1h d_star_cache_hit=181/1212 path=/private/var/folders/_c/3xdf41hd3tvgxpx63mrml2c00000gn/T/pytest-of-louis/pytest-9/test_small_mutation_fracdiff_c0/dstar/trunc/d_star_BTCUSDT_1h_dcc154ced6b6.json
09:57:08 [INFO] [L6.5] symbol=BTCUSDT tf=1h d_star_cache_hit=182/1223 path=/private/var/folders/_c/3xdf41hd3tvgxpx63mrml2c00000gn/T/pytest-of-louis/pytest-9/test_small_mutation_fracdiff_c0/dstar/trunc/d_star_BTCUSDT_1h_dcc154ced6b6.json
09:57:08 [INFO] [L6.5] raw-sink chunk stream complete: group=1h_L2_Momentum chunks=5 outputs=10 rss=1050MB
09:57:08 [INFO] [L6.5] raw-sink heartbeat: tasks 10/248 (4.0%), groups 1/241, elapsed=69.3s, rate=0.14/s, ETA=1649s, rss=1050MB, last=1h_L2_Momentum (slow-chunked, parts=10)
09:57:09 [INFO] [L6.5] raw-sink chunk stream start: group=1h_L4_lag_1 cols=5000 chunks=3 chunk_size=2000 rss=884MB
09:57:10 [INFO] [L6.5] raw-sink chunk stream complete: group=1h_L4_lag_1 chunks=3 outputs=3 rss=1065MB
09:57:10 [INFO] [L6.5] raw-sink chunk stream start: group=1h_L4_lag_2 cols=2224 chunks=2 chunk_size=2000 rss=1065MB
09:57:11 [INFO] [L6.5] raw-sink chunk stream complete: group=1h_L4_lag_2 chunks=2 outputs=2 rss=1066MB
09:57:26 [INFO] [L6.5] symbol=BTCUSDT tf=1h d_star_cache_hit=22/291 path=/private/var/folders/_c/3xdf41hd3tvgxpx63mrml2c00000gn/T/pytest-of-louis/pytest-9/test_small_mutation_fracdiff_c0/dstar/trunc/d_star_BTCUSDT_1h_dcc154ced6b6.json
09:57:39 [INFO] [L6.5] symbol=BTCUSDT tf=1h d_star_cache_hit=22/222 path=/private/var/folders/_c/3xdf41hd3tvgxpx63mrml2c00000gn/T/pytest-of-louis/pytest-9/test_small_mutation_fracdiff_c0/dstar/trunc/d_star_BTCUSDT_1h_dcc154ced6b6.json
09:57:39 [INFO] [L6.5] raw-sink heartbeat: tasks 19/248 (7.7%), groups 5/241, elapsed=100.1s, rate=0.19/s, ETA=1207s, rss=594MB, last=1h_L2_Ratio (full)
09:57:43 [INFO] [L6.5] raw-sink heartbeat: tasks 31/248 (12.5%), groups 17/241, elapsed=103.8s, rate=0.30/s, ETA=727s, rss=604MB, last=1h_L3_rolling_W5_Min_1 (full)
09:57:48 [INFO] [L6.5] symbol=BTCUSDT tf=1h d_star_cache_hit=4/26 path=/private/var/folders/_c/3xdf41hd3tvgxpx63mrml2c00000gn/T/pytest-of-louis/pytest-9/test_small_mutation_fracdiff_c0/dstar/trunc/d_star_BTCUSDT_1h_dcc154ced6b6.json
09:57:48 [INFO] [L6.5] symbol=BTCUSDT tf=1h d_star_cache_hit=33/35 path=/private/var/folders/_c/3xdf41hd3tvgxpx63mrml2c00000gn/T/pytest-of-louis/pytest-9/test_small_mutation_fracdiff_c0/dstar/trunc/d_star_BTCUSDT_1h_dcc154ced6b6.json
09:57:48 [INFO] [L6.5] raw-sink heartbeat: tasks 43/248 (17.3%), groups 27/241, elapsed=109.0s, rate=0.39/s, ETA=520s, rss=622MB, last=1h_L2_BinarySignal (full)
09:57:49 [INFO] [L6.5] symbol=BTCUSDT tf=1h d_star_cache_hit=0/3 path=/private/var/folders/_c/3xdf41hd3tvgxpx63mrml2c00000gn/T/pytest-of-louis/pytest-9/test_small_mutation_fracdiff_c0/dstar/trunc/d_star_BTCUSDT_1h_dcc154ced6b6.json
09:57:49 [INFO] [L6.5] symbol=BTCUSDT tf=1h d_star_cache_hit=0/12 path=/private/var/folders/_c/3xdf41hd3tvgxpx63mrml2c00000gn/T/pytest-of-louis/pytest-9/test_small_mutation_fracdiff_c0/dstar/trunc/d_star_BTCUSDT_1h_dcc154ced6b6.json
09:57:50 [INFO] [L6.5] symbol=BTCUSDT tf=1h d_star_cache_hit=0/9 path=/private/var/folders/_c/3xdf41hd3tvgxpx63mrml2c00000gn/T/pytest-of-louis/pytest-9/test_small_mutation_fracdiff_c0/dstar/trunc/d_star_BTCUSDT_1h_dcc154ced6b6.json
09:57:51 [INFO] [L6.5] symbol=BTCUSDT tf=1h d_star_cache_hit=0/4 path=/private/var/folders/_c/3xdf41hd3tvgxpx63mrml2c00000gn/T/pytest-of-louis/pytest-9/test_small_mutation_fracdiff_c0/dstar/trunc/d_star_BTCUSDT_1h_dcc154ced6b6.json
09:57:51 [INFO] [L6.5] symbol=BTCUSDT tf=1h d_star_cache_hit=0/4 path=/private/var/folders/_c/3xdf41hd3tvgxpx63mrml2c00000gn/T/pytest-of-louis/pytest-9/test_small_mutation_fracdiff_c0/dstar/trunc/d_star_BTCUSDT_1h_dcc154ced6b6.json
09:57:51 [INFO] [L6.5] symbol=BTCUSDT tf=1h d_star_cache_hit=0/4 path=/private/var/folders/_c/3xdf41hd3tvgxpx63mrml2c00000gn/T/pytest-of-louis/pytest-9/test_small_mutation_fracdiff_c0/dstar/trunc/d_star_BTCUSDT_1h_dcc154ced6b6.json
09:57:51 [INFO] [L6.5] raw-sink heartbeat: tasks 55/248 (22.2%), groups 33/241, elapsed=112.1s, rate=0.49/s, ETA=394s, rss=529MB, last=1h_L1_momentum_ROCR (full)
09:57:52 [INFO] [L6.5] symbol=BTCUSDT tf=1h d_star_cache_hit=0/4 path=/private/var/folders/_c/3xdf41hd3tvgxpx63mrml2c00000gn/T/pytest-of-louis/pytest-9/test_small_mutation_fracdiff_c0/dstar/trunc/d_star_BTCUSDT_1h_dcc154ced6b6.json
09:57:52 [INFO] [L6.5] symbol=BTCUSDT tf=1h d_star_cache_hit=0/3 path=/private/var/folders/_c/3xdf41hd3tvgxpx63mrml2c00000gn/T/pytest-of-louis/pytest-9/test_small_mutation_fracdiff_c0/dstar/trunc/d_star_BTCUSDT_1h_dcc154ced6b6.json
09:57:52 [INFO] [L6.5] symbol=BTCUSDT tf=1h d_star_cache_hit=0/3 path=/private/var/folders/_c/3xdf41hd3tvgxpx63mrml2c00000gn/T/pytest-of-louis/pytest-9/test_small_mutation_fracdiff_c0/dstar/trunc/d_star_BTCUSDT_1h_dcc154ced6b6.json
09:57:53 [INFO] [L6.5] symbol=BTCUSDT tf=1h d_star_cache_hit=0/7 path=/private/var/folders/_c/3xdf41hd3tvgxpx63mrml2c00000gn/T/pytest-of-louis/pytest-9/test_small_mutation_fracdiff_c0/dstar/trunc/d_star_BTCUSDT_1h_dcc154ced6b6.json
09:57:55 [INFO] [L6.5] symbol=BTCUSDT tf=1h d_star_cache_hit=0/5 path=/private/var/folders/_c/3xdf41hd3tvgxpx63mrml2c00000gn/T/pytest-of-louis/pytest-9/test_small_mutation_fracdiff_c0/dstar/trunc/d_star_BTCUSDT_1h_dcc154ced6b6.json
09:57:57 [INFO] [L6.5] symbol=BTCUSDT tf=1h d_star_cache_hit=0/12 path=/private/var/folders/_c/3xdf41hd3tvgxpx63mrml2c00000gn/T/pytest-of-louis/pytest-9/test_small_mutation_fracdiff_c0/dstar/trunc/d_star_BTCUSDT_1h_dcc154ced6b6.json
09:57:57 [INFO] [L6.5] raw-sink heartbeat: tasks 67/248 (27.0%), groups 39/241, elapsed=117.6s, rate=0.57/s, ETA=318s, rss=371MB, last=1h_L1_trend_KAMA (full)
09:57:57 [INFO] [L6.5] symbol=BTCUSDT tf=1h d_star_cache_hit=6/6 path=/private/var/folders/_c/3xdf41hd3tvgxpx63mrml2c00000gn/T/pytest-of-louis/pytest-9/test_small_mutation_fracdiff_c0/dstar/trunc/d_star_BTCUSDT_1h_dcc154ced6b6.json
09:57:58 [INFO] [L6.5] symbol=BTCUSDT tf=1h d_star_cache_hit=2/2 path=/private/var/folders/_c/3xdf41hd3tvgxpx63mrml2c00000gn/T/pytest-of-louis/pytest-9/test_small_mutation_fracdiff_c0/dstar/trunc/d_star_BTCUSDT_1h_dcc154ced6b6.json
09:57:59 [INFO] [L6.5] symbol=BTCUSDT tf=1h d_star_cache_hit=0/9 path=/private/var/folders/_c/3xdf41hd3tvgxpx63mrml2c00000gn/T/pytest-of-louis/pytest-9/test_small_mutation_fracdiff_c0/dstar/trunc/d_star_BTCUSDT_1h_dcc154ced6b6.json
09:58:02 [INFO] [L6.5] symbol=BTCUSDT tf=1h d_star_cache_hit=0/10 path=/private/var/folders/_c/3xdf41hd3tvgxpx63mrml2c00000gn/T/pytest-of-louis/pytest-9/test_small_mutation_fracdiff_c0/dstar/trunc/d_star_BTCUSDT_1h_dcc154ced6b6.json
09:58:03 [INFO] [L6.5] symbol=BTCUSDT tf=1h d_star_cache_hit=0/4 path=/private/var/folders/_c/3xdf41hd3tvgxpx63mrml2c00000gn/T/pytest-of-louis/pytest-9/test_small_mutation_fracdiff_c0/dstar/trunc/d_star_BTCUSDT_1h_dcc154ced6b6.json
09:58:04 [INFO] [L6.5] symbol=BTCUSDT tf=1h d_star_cache_hit=0/11 path=/private/var/folders/_c/3xdf41hd3tvgxpx63mrml2c00000gn/T/pytest-of-louis/pytest-9/test_small_mutation_fracdiff_c0/dstar/trunc/d_star_BTCUSDT_1h_dcc154ced6b6.json
09:58:04 [INFO] [L6.5] raw-sink heartbeat: tasks 79/248 (31.9%), groups 45/241, elapsed=124.6s, rate=0.63/s, ETA=267s, rss=373MB, last=1h_L1_trend_TRIMA (full)
09:58:05 [INFO] [L6.5] symbol=BTCUSDT tf=1h d_star_cache_hit=0/7 path=/private/var/folders/_c/3xdf41hd3tvgxpx63mrml2c00000gn/T/pytest-of-louis/pytest-9/test_small_mutation_fracdiff_c0/dstar/trunc/d_star_BTCUSDT_1h_dcc154ced6b6.json
09:58:06 [INFO] [L6.5] symbol=BTCUSDT tf=1h d_star_cache_hit=0/5 path=/private/var/folders/_c/3xdf41hd3tvgxpx63mrml2c00000gn/T/pytest-of-louis/pytest-9/test_small_mutation_fracdiff_c0/dstar/trunc/d_star_BTCUSDT_1h_dcc154ced6b6.json
09:58:06 [INFO] [L6.5] symbol=BTCUSDT tf=1h d_star_cache_hit=5/5 path=/private/var/folders/_c/3xdf41hd3tvgxpx63mrml2c00000gn/T/pytest-of-louis/pytest-9/test_small_mutation_fracdiff_c0/dstar/trunc/d_star_BTCUSDT_1h_dcc154ced6b6.json
09:58:07 [INFO] [L6.5] symbol=BTCUSDT tf=1h d_star_cache_hit=0/6 path=/private/var/folders/_c/3xdf41hd3tvgxpx63mrml2c00000gn/T/pytest-of-louis/pytest-9/test_small_mutation_fracdiff_c0/dstar/trunc/d_star_BTCUSDT_1h_dcc154ced6b6.json
09:58:08 [INFO] [L6.5] symbol=BTCUSDT tf=1h d_star_cache_hit=0/1 path=/private/var/folders/_c/3xdf41hd3tvgxpx63mrml2c00000gn/T/pytest-of-louis/pytest-9/test_small_mutation_fracdiff_c0/dstar/trunc/d_star_BTCUSDT_1h_dcc154ced6b6.json
09:58:08 [INFO] [L6.5] raw-sink heartbeat: tasks 92/248 (37.1%), groups 53/241, elapsed=128.8s, rate=0.71/s, ETA=218s, rss=373MB, last=1h_L1_momentum_WILLR (full)
09:58:08 [INFO] [L6.5] symbol=BTCUSDT tf=1h d_star_cache_hit=0/2 path=/private/var/folders/_c/3xdf41hd3tvgxpx63mrml2c00000gn/T/pytest-of-louis/pytest-9/test_small_mutation_fracdiff_c0/dstar/trunc/d_star_BTCUSDT_1h_dcc154ced6b6.json
09:58:09 [INFO] [L6.5] symbol=BTCUSDT tf=1h d_star_cache_hit=0/4 path=/private/var/folders/_c/3xdf41hd3tvgxpx63mrml2c00000gn/T/pytest-of-louis/pytest-9/test_small_mutation_fracdiff_c0/dstar/trunc/d_star_BTCUSDT_1h_dcc154ced6b6.json
09:58:09 [INFO] [L6.5] symbol=BTCUSDT tf=1h d_star_cache_hit=0/5 path=/private/var/folders/_c/3xdf41hd3tvgxpx63mrml2c00000gn/T/pytest-of-louis/pytest-9/test_small_mutation_fracdiff_c0/dstar/trunc/d_star_BTCUSDT_1h_dcc154ced6b6.json
09:58:09 [INFO] [L6.5] symbol=BTCUSDT tf=1h d_star_cache_hit=0/3 path=/private/var/folders/_c/3xdf41hd3tvgxpx63mrml2c00000gn/T/pytest-of-louis/pytest-9/test_small_mutation_fracdiff_c0/dstar/trunc/d_star_BTCUSDT_1h_dcc154ced6b6.json
09:58:10 [INFO] [L6.5] symbol=BTCUSDT tf=1h d_star_cache_hit=0/3 path=/private/var/folders/_c/3xdf41hd3tvgxpx63mrml2c00000gn/T/pytest-of-louis/pytest-9/test_small_mutation_fracdiff_c0/dstar/trunc/d_star_BTCUSDT_1h_dcc154ced6b6.json
09:58:10 [INFO] [L6.5] symbol=BTCUSDT tf=1h d_star_cache_hit=0/4 path=/private/var/folders/_c/3xdf41hd3tvgxpx63mrml2c00000gn/T/pytest-of-louis/pytest-9/test_small_mutation_fracdiff_c0/dstar/trunc/d_star_BTCUSDT_1h_dcc154ced6b6.json
09:58:10 [INFO] [L6.5] raw-sink heartbeat: tasks 105/248 (42.3%), groups 60/241, elapsed=131.0s, rate=0.80/s, ETA=178s, rss=373MB, last=1h_L1_momentum_AROONOSC (full)
09:58:11 [INFO] [L6.5] symbol=BTCUSDT tf=1h d_star_cache_hit=0/3 path=/private/var/folders/_c/3xdf41hd3tvgxpx63mrml2c00000gn/T/pytest-of-louis/pytest-9/test_small_mutation_fracdiff_c0/dstar/trunc/d_star_BTCUSDT_1h_dcc154ced6b6.json
09:58:11 [INFO] [L6.5] symbol=BTCUSDT tf=1h d_star_cache_hit=0/2 path=/private/var/folders/_c/3xdf41hd3tvgxpx63mrml2c00000gn/T/pytest-of-louis/pytest-9/test_small_mutation_fracdiff_c0/dstar/trunc/d_star_BTCUSDT_1h_dcc154ced6b6.json
09:58:11 [INFO] [L6.5] symbol=BTCUSDT tf=1h d_star_cache_hit=0/4 path=/private/var/folders/_c/3xdf41hd3tvgxpx63mrml2c00000gn/T/pytest-of-louis/pytest-9/test_small_mutation_fracdiff_c0/dstar/trunc/d_star_BTCUSDT_1h_dcc154ced6b6.json
09:58:12 [INFO] [L6.5] symbol=BTCUSDT tf=1h d_star_cache_hit=0/3 path=/private/var/folders/_c/3xdf41hd3tvgxpx63mrml2c00000gn/T/pytest-of-louis/pytest-9/test_small_mutation_fracdiff_c0/dstar/trunc/d_star_BTCUSDT_1h_dcc154ced6b6.json
09:58:13 [INFO] [L6.5] symbol=BTCUSDT tf=1h d_star_cache_hit=0/6 path=/private/var/folders/_c/3xdf41hd3tvgxpx63mrml2c00000gn/T/pytest-of-louis/pytest-9/test_small_mutation_fracdiff_c0/dstar/trunc/d_star_BTCUSDT_1h_dcc154ced6b6.json
09:58:13 [INFO] [L6.5] symbol=BTCUSDT tf=1h d_star_cache_hit=0/1 path=/private/var/folders/_c/3xdf41hd3tvgxpx63mrml2c00000gn/T/pytest-of-louis/pytest-9/test_small_mutation_fracdiff_c0/dstar/trunc/d_star_BTCUSDT_1h_dcc154ced6b6.json
09:58:13 [INFO] [L6.5] raw-sink heartbeat: tasks 118/248 (47.6%), groups 67/241, elapsed=133.8s, rate=0.88/s, ETA=147s, rss=374MB, last=1h_L1_momentum_MFI (full)
09:58:14 [INFO] [L6.5] symbol=BTCUSDT tf=1h d_star_cache_hit=0/1 path=/private/var/folders/_c/3xdf41hd3tvgxpx63mrml2c00000gn/T/pytest-of-louis/pytest-9/test_small_mutation_fracdiff_c0/dstar/trunc/d_star_BTCUSDT_1h_dcc154ced6b6.json
09:58:15 [INFO] [L6.5] symbol=BTCUSDT tf=1h d_star_cache_hit=0/1 path=/private/var/folders/_c/3xdf41hd3tvgxpx63mrml2c00000gn/T/pytest-of-louis/pytest-9/test_small_mutation_fracdiff_c0/dstar/trunc/d_star_BTCUSDT_1h_dcc154ced6b6.json
09:58:15 [INFO] [L6.5] raw-sink heartbeat: tasks 130/248 (52.4%), groups 77/241, elapsed=135.4s, rate=0.96/s, ETA=123s, rss=375MB, last=1h_L1_momentum_APO_55-144-0 (full)
09:58:15 [INFO] [L6.5] symbol=BTCUSDT tf=1h d_star_cache_hit=0/2 path=/private/var/folders/_c/3xdf41hd3tvgxpx63mrml2c00000gn/T/pytest-of-louis/pytest-9/test_small_mutation_fracdiff_c0/dstar/trunc/d_star_BTCUSDT_1h_dcc154ced6b6.json
09:58:16 [INFO] [L6.5] raw-sink heartbeat: tasks 142/248 (57.3%), groups 88/241, elapsed=137.0s, rate=1.04/s, ETA=102s, rss=375MB, last=1h_L1_momentum_MACD-Hist_5-13-3 (full)
09:58:18 [INFO] [L6.5] symbol=BTCUSDT tf=1h d_star_cache_hit=0/1 path=/private/var/folders/_c/3xdf41hd3tvgxpx63mrml2c00000gn/T/pytest-of-louis/pytest-9/test_small_mutation_fracdiff_c0/dstar/trunc/d_star_BTCUSDT_1h_dcc154ced6b6.json
09:58:18 [INFO] [L6.5] symbol=BTCUSDT tf=1h d_star_cache_hit=0/1 path=/private/var/folders/_c/3xdf41hd3tvgxpx63mrml2c00000gn/T/pytest-of-louis/pytest-9/test_small_mutation_fracdiff_c0/dstar/trunc/d_star_BTCUSDT_1h_dcc154ced6b6.json
09:58:18 [INFO] [L6.5] raw-sink heartbeat: tasks 155/248 (62.5%), groups 99/241, elapsed=138.6s, rate=1.12/s, ETA=83s, rss=374MB, last=1h_L1_momentum_MACD-Line_34-144-21 (full)
09:58:18 [INFO] [L6.5] symbol=BTCUSDT tf=1h d_star_cache_hit=0/1 path=/private/var/folders/_c/3xdf41hd3tvgxpx63mrml2c00000gn/T/pytest-of-louis/pytest-9/test_small_mutation_fracdiff_c0/dstar/trunc/d_star_BTCUSDT_1h_dcc154ced6b6.json
09:58:19 [INFO] [L6.5] symbol=BTCUSDT tf=1h d_star_cache_hit=0/1 path=/private/var/folders/_c/3xdf41hd3tvgxpx63mrml2c00000gn/T/pytest-of-louis/pytest-9/test_small_mutation_fracdiff_c0/dstar/trunc/d_star_BTCUSDT_1h_dcc154ced6b6.json
09:58:19 [INFO] [L6.5] symbol=BTCUSDT tf=1h d_star_cache_hit=0/2 path=/private/var/folders/_c/3xdf41hd3tvgxpx63mrml2c00000gn/T/pytest-of-louis/pytest-9/test_small_mutation_fracdiff_c0/dstar/trunc/d_star_BTCUSDT_1h_dcc154ced6b6.json
09:58:19 [INFO] [L6.5] raw-sink heartbeat: tasks 167/248 (67.3%), groups 108/241, elapsed=140.2s, rate=1.19/s, ETA=68s, rss=374MB, last=1h_L1_momentum_MACD-Signal_13-34-9 (full)
09:58:20 [INFO] [L6.5] symbol=BTCUSDT tf=1h d_star_cache_hit=0/1 path=/private/var/folders/_c/3xdf41hd3tvgxpx63mrml2c00000gn/T/pytest-of-louis/pytest-9/test_small_mutation_fracdiff_c0/dstar/trunc/d_star_BTCUSDT_1h_dcc154ced6b6.json
09:58:20 [INFO] [L6.5] symbol=BTCUSDT tf=1h d_star_cache_hit=0/1 path=/private/var/folders/_c/3xdf41hd3tvgxpx63mrml2c00000gn/T/pytest-of-louis/pytest-9/test_small_mutation_fracdiff_c0/dstar/trunc/d_star_BTCUSDT_1h_dcc154ced6b6.json
09:58:20 [INFO] [L6.5] symbol=BTCUSDT tf=1h d_star_cache_hit=0/1 path=/private/var/folders/_c/3xdf41hd3tvgxpx63mrml2c00000gn/T/pytest-of-louis/pytest-9/test_small_mutation_fracdiff_c0/dstar/trunc/d_star_BTCUSDT_1h_dcc154ced6b6.json
09:58:21 [INFO] [L6.5] symbol=BTCUSDT tf=1h d_star_cache_hit=0/1 path=/private/var/folders/_c/3xdf41hd3tvgxpx63mrml2c00000gn/T/pytest-of-louis/pytest-9/test_small_mutation_fracdiff_c0/dstar/trunc/d_star_BTCUSDT_1h_dcc154ced6b6.json
09:58:21 [INFO] [L6.5] raw-sink heartbeat: tasks 179/248 (72.2%), groups 116/241, elapsed=141.5s, rate=1.26/s, ETA=55s, rss=373MB, last=1h_L1_momentum_MACD-Signal_55-144-21 (full)
09:58:21 [INFO] [L6.5] symbol=BTCUSDT tf=1h d_star_cache_hit=0/2 path=/private/var/folders/_c/3xdf41hd3tvgxpx63mrml2c00000gn/T/pytest-of-louis/pytest-9/test_small_mutation_fracdiff_c0/dstar/trunc/d_star_BTCUSDT_1h_dcc154ced6b6.json
09:58:22 [INFO] [L6.5] raw-sink heartbeat: tasks 191/248 (77.0%), groups 127/241, elapsed=143.1s, rate=1.33/s, ETA=43s, rss=373MB, last=1h_L1_momentum_MACDEXT-Hist_5-13-3 (full)
09:58:24 [INFO] [L6.5] symbol=BTCUSDT tf=1h d_star_cache_hit=1/1 path=/private/var/folders/_c/3xdf41hd3tvgxpx63mrml2c00000gn/T/pytest-of-louis/pytest-9/test_small_mutation_fracdiff_c0/dstar/trunc/d_star_BTCUSDT_1h_dcc154ced6b6.json
09:58:24 [INFO] [L6.5] raw-sink heartbeat: tasks 203/248 (81.9%), groups 138/241, elapsed=144.7s, rate=1.40/s, ETA=32s, rss=373MB, last=1h_L1_momentum_MACDEXT-Line_34-144-21 (full)
09:58:24 [INFO] [L6.5] symbol=BTCUSDT tf=1h d_star_cache_hit=1/1 path=/private/var/folders/_c/3xdf41hd3tvgxpx63mrml2c00000gn/T/pytest-of-louis/pytest-9/test_small_mutation_fracdiff_c0/dstar/trunc/d_star_BTCUSDT_1h_dcc154ced6b6.json
09:58:25 [INFO] [L6.5] symbol=BTCUSDT tf=1h d_star_cache_hit=2/2 path=/private/var/folders/_c/3xdf41hd3tvgxpx63mrml2c00000gn/T/pytest-of-louis/pytest-9/test_small_mutation_fracdiff_c0/dstar/trunc/d_star_BTCUSDT_1h_dcc154ced6b6.json
09:58:25 [INFO] [L6.5] raw-sink heartbeat: tasks 215/248 (86.7%), groups 148/241, elapsed=146.1s, rate=1.47/s, ETA=22s, rss=374MB, last=1h_L1_momentum_MACDEXT-Signal_13-55-13 (full)
09:58:26 [INFO] [L6.5] symbol=BTCUSDT tf=1h d_star_cache_hit=0/2 path=/private/var/folders/_c/3xdf41hd3tvgxpx63mrml2c00000gn/T/pytest-of-louis/pytest-9/test_small_mutation_fracdiff_c0/dstar/trunc/d_star_BTCUSDT_1h_dcc154ced6b6.json
09:58:26 [INFO] [L6.5] symbol=BTCUSDT tf=1h d_star_cache_hit=0/1 path=/private/var/folders/_c/3xdf41hd3tvgxpx63mrml2c00000gn/T/pytest-of-louis/pytest-9/test_small_mutation_fracdiff_c0/dstar/trunc/d_star_BTCUSDT_1h_dcc154ced6b6.json
09:58:27 [INFO] [L6.5] symbol=BTCUSDT tf=1h d_star_cache_hit=0/1 path=/private/var/folders/_c/3xdf41hd3tvgxpx63mrml2c00000gn/T/pytest-of-louis/pytest-9/test_small_mutation_fracdiff_c0/dstar/trunc/d_star_BTCUSDT_1h_dcc154ced6b6.json
09:58:27 [INFO] [L6.5] symbol=BTCUSDT tf=1h d_star_cache_hit=0/2 path=/private/var/folders/_c/3xdf41hd3tvgxpx63mrml2c00000gn/T/pytest-of-louis/pytest-9/test_small_mutation_fracdiff_c0/dstar/trunc/d_star_BTCUSDT_1h_dcc154ced6b6.json
09:58:27 [INFO] [L6.5] raw-sink heartbeat: tasks 227/248 (91.5%), groups 156/241, elapsed=147.6s, rate=1.54/s, ETA=14s, rss=375MB, last=1h_L1_momentum_MACDEXT-Signal_55-233-34 (full)
09:58:28 [INFO] [L6.5] symbol=BTCUSDT tf=1h d_star_cache_hit=0/1 path=/private/var/folders/_c/3xdf41hd3tvgxpx63mrml2c00000gn/T/pytest-of-louis/pytest-9/test_small_mutation_fracdiff_c0/dstar/trunc/d_star_BTCUSDT_1h_dcc154ced6b6.json
09:58:28 [INFO] [L6.5] raw-sink heartbeat: tasks 239/248 (96.4%), groups 167/241, elapsed=149.3s, rate=1.60/s, ETA=6s, rss=374MB, last=1h_L1_momentum_PPO_5-21-0 (full)
09:58:29 [INFO] [L6.5] symbol=BTCUSDT tf=1h d_star_cache_hit=0/1 path=/private/var/folders/_c/3xdf41hd3tvgxpx63mrml2c00000gn/T/pytest-of-louis/pytest-9/test_small_mutation_fracdiff_c0/dstar/trunc/d_star_BTCUSDT_1h_dcc154ced6b6.json
09:58:29 [INFO] [L6.5] symbol=BTCUSDT tf=1h d_star_cache_hit=0/2 path=/private/var/folders/_c/3xdf41hd3tvgxpx63mrml2c00000gn/T/pytest-of-louis/pytest-9/test_small_mutation_fracdiff_c0/dstar/trunc/d_star_BTCUSDT_1h_dcc154ced6b6.json
09:58:30 [INFO] [L6.5] raw-sink heartbeat: tasks 251/248 (101.2%), groups 177/241, elapsed=150.8s, rate=1.66/s, ETA=-2s, rss=374MB, last=1h_L1_momentum_STOCHRSI-fastd_55-8-5-0 (full)
09:58:32 [INFO] [L6.5] symbol=BTCUSDT tf=1h d_star_cache_hit=0/1 path=/private/var/folders/_c/3xdf41hd3tvgxpx63mrml2c00000gn/T/pytest-of-louis/pytest-9/test_small_mutation_fracdiff_c0/dstar/trunc/d_star_BTCUSDT_1h_dcc154ced6b6.json
09:58:32 [INFO] [L6.5] raw-sink heartbeat: tasks 263/248 (106.0%), groups 188/241, elapsed=152.4s, rate=1.73/s, ETA=-9s, rss=374MB, last=1h_L1_trend_MAMA_0.5-0.05 (full)
09:58:33 [INFO] [L6.5] symbol=BTCUSDT tf=1h d_star_cache_hit=0/1 path=/private/var/folders/_c/3xdf41hd3tvgxpx63mrml2c00000gn/T/pytest-of-louis/pytest-9/test_small_mutation_fracdiff_c0/dstar/trunc/d_star_BTCUSDT_1h_dcc154ced6b6.json
09:58:33 [INFO] [L6.5] raw-sink heartbeat: tasks 275/248 (110.9%), groups 199/241, elapsed=154.1s, rate=1.78/s, ETA=-15s, rss=373MB, last=1h_L1_momentum_STOCH-slowd_55-8-0-5-0 (full)
09:58:34 [INFO] [L6.5] symbol=BTCUSDT tf=1h d_star_cache_hit=0/1 path=/private/var/folders/_c/3xdf41hd3tvgxpx63mrml2c00000gn/T/pytest-of-louis/pytest-9/test_small_mutation_fracdiff_c0/dstar/trunc/d_star_BTCUSDT_1h_dcc154ced6b6.json
09:58:35 [INFO] [L6.5] raw-sink heartbeat: tasks 287/248 (115.7%), groups 210/241, elapsed=155.6s, rate=1.84/s, ETA=-21s, rss=372MB, last=1h_L1_momentum_STOCH-slowk_55-5-0-5-0 (full)
09:58:36 [INFO] [L6.5] raw-sink heartbeat: tasks 299/248 (120.6%), groups 222/241, elapsed=157.1s, rate=1.90/s, ETA=-27s, rss=371MB, last=1h_L1_momentum_STOCHF-fastk_13-3-0 (full)
09:58:38 [INFO] [L6.5] raw-sink heartbeat: tasks 311/248 (125.4%), groups 234/241, elapsed=158.6s, rate=1.96/s, ETA=-32s, rss=371MB, last=1h_L1_momentum_ULTOSC_34-55-144 (full)
09:58:39 [INFO] [L6.5] raw-sink heartbeat: tasks 318/248 (128.2%), groups 241/241, elapsed=159.5s, rate=1.99/s, ETA=-35s, rss=371MB, last=1h_L1_trend_SAR_0.02-0.2 (full)
09:58:39 [INFO] [L6.5] raw-sink complete: 241/241 groups in 159.71s rss=371MB
09:58:39 [INFO] [Layer B Sanitize][CGSA] nulled 411095 non-finite/over-cap values (finite_cap=1e+18) across all streamed features
09:58:40 [INFO] [L7_raw] registry stream persist done: symbol=BTCUSDT tf=1h groups=318 features=39715 npy_freed=0.98 GiB dtype=mixed
09:58:40 [INFO] Loaded feature registry with 1 entries
PASSED                                                                   [ 83%]
tests/feature_engineering/test_ff_fullchain_truncation_small_mr.py::test_small_mutation_fracdiff_full_fit_d_star_fails 
-------------------------------- live log call ---------------------------------
09:58:46 [INFO] KlineStorageManager initialized: data_cache/feature_klines/kline_cache.h5
09:58:46 [INFO] Registered adapter: crypto_spot
09:58:46 [WARNING] STOCH combo [5, 3, 3] is missing 2 parameter(s); using defaults slowk=3 slowd=3 slowk_matype=0 slowd_matype=0
09:58:46 [WARNING] STOCH combo [8, 3, 3] is missing 2 parameter(s); using defaults slowk=3 slowd=3 slowk_matype=0 slowd_matype=0
09:58:46 [WARNING] STOCH combo [13, 3, 3] is missing 2 parameter(s); using defaults slowk=3 slowd=3 slowk_matype=0 slowd_matype=0
09:58:46 [WARNING] STOCH combo [13, 5, 3] is missing 2 parameter(s); using defaults slowk=5 slowd=3 slowk_matype=0 slowd_matype=0
09:58:46 [WARNING] STOCH combo [21, 3, 3] is missing 2 parameter(s); using defaults slowk=3 slowd=3 slowk_matype=0 slowd_matype=0
09:58:46 [WARNING] STOCH combo [21, 5, 3] is missing 2 parameter(s); using defaults slowk=5 slowd=3 slowk_matype=0 slowd_matype=0
09:58:46 [WARNING] STOCH combo [21, 5, 5] is missing 2 parameter(s); using defaults slowk=5 slowd=5 slowk_matype=0 slowd_matype=0
09:58:46 [WARNING] STOCH combo [34, 5, 3] is missing 2 parameter(s); using defaults slowk=5 slowd=3 slowk_matype=0 slowd_matype=0
09:58:46 [WARNING] STOCH combo [34, 5, 5] is missing 2 parameter(s); using defaults slowk=5 slowd=5 slowk_matype=0 slowd_matype=0
09:58:46 [WARNING] STOCH combo [55, 5, 5] is missing 2 parameter(s); using defaults slowk=5 slowd=5 slowk_matype=0 slowd_matype=0
09:58:46 [WARNING] STOCH combo [55, 8, 5] is missing 2 parameter(s); using defaults slowk=8 slowd=5 slowk_matype=0 slowd_matype=0
09:58:46 [WARNING] STOCH combo [89, 8, 5] is missing 2 parameter(s); using defaults slowk=8 slowd=5 slowk_matype=0 slowd_matype=0
09:58:46 [WARNING] STOCHF combo [5, 3] is missing 1 parameter(s); using defaults fastd_period=3 fastd_matype=0
09:58:46 [WARNING] STOCHF combo [8, 3] is missing 1 parameter(s); using defaults fastd_period=3 fastd_matype=0
09:58:46 [WARNING] STOCHF combo [13, 3] is missing 1 parameter(s); using defaults fastd_period=3 fastd_matype=0
09:58:46 [WARNING] STOCHF combo [21, 3] is missing 1 parameter(s); using defaults fastd_period=3 fastd_matype=0
09:58:46 [WARNING] STOCHF combo [21, 5] is missing 1 parameter(s); using defaults fastd_period=5 fastd_matype=0
09:58:46 [WARNING] STOCHF combo [34, 5] is missing 1 parameter(s); using defaults fastd_period=5 fastd_matype=0
09:58:46 [WARNING] STOCHF combo [55, 5] is missing 1 parameter(s); using defaults fastd_period=5 fastd_matype=0
09:58:46 [WARNING] STOCHF combo [89, 8] is missing 1 parameter(s); using defaults fastd_period=8 fastd_matype=0
09:58:46 [WARNING] STOCHRSI combo [9, 5, 3] is missing 1 parameter(s); using defaults fastk_period=5 fastd_period=3 fastd_matype=0
09:58:46 [WARNING] STOCHRSI combo [14, 5, 3] is missing 1 parameter(s); using defaults fastk_period=5 fastd_period=3 fastd_matype=0
09:58:46 [WARNING] STOCHRSI combo [14, 3, 3] is missing 1 parameter(s); using defaults fastk_period=3 fastd_period=3 fastd_matype=0
09:58:46 [WARNING] STOCHRSI combo [21, 5, 3] is missing 1 parameter(s); using defaults fastk_period=5 fastd_period=3 fastd_matype=0
09:58:46 [WARNING] STOCHRSI combo [21, 8, 5] is missing 1 parameter(s); using defaults fastk_period=8 fastd_period=5 fastd_matype=0
09:58:46 [WARNING] STOCHRSI combo [34, 8, 5] is missing 1 parameter(s); using defaults fastk_period=8 fastd_period=5 fastd_matype=0
09:58:46 [WARNING] STOCHRSI combo [55, 8, 5] is missing 1 parameter(s); using defaults fastk_period=8 fastd_period=5 fastd_matype=0
09:58:46 [INFO] KlineStorageManager initialized: data_cache/feature_klines/kline_cache.h5
09:58:46 [INFO] Registered adapter: crypto_spot
09:58:46 [WARNING] STOCH combo [5, 3, 3] is missing 2 parameter(s); using defaults slowk=3 slowd=3 slowk_matype=0 slowd_matype=0
09:58:46 [WARNING] STOCH combo [8, 3, 3] is missing 2 parameter(s); using defaults slowk=3 slowd=3 slowk_matype=0 slowd_matype=0
09:58:46 [WARNING] STOCH combo [13, 3, 3] is missing 2 parameter(s); using defaults slowk=3 slowd=3 slowk_matype=0 slowd_matype=0
09:58:46 [WARNING] STOCH combo [13, 5, 3] is missing 2 parameter(s); using defaults slowk=5 slowd=3 slowk_matype=0 slowd_matype=0
09:58:46 [WARNING] STOCH combo [21, 3, 3] is missing 2 parameter(s); using defaults slowk=3 slowd=3 slowk_matype=0 slowd_matype=0
09:58:46 [WARNING] STOCH combo [21, 5, 3] is missing 2 parameter(s); using defaults slowk=5 slowd=3 slowk_matype=0 slowd_matype=0
09:58:46 [WARNING] STOCH combo [21, 5, 5] is missing 2 parameter(s); using defaults slowk=5 slowd=5 slowk_matype=0 slowd_matype=0
09:58:46 [WARNING] STOCH combo [34, 5, 3] is missing 2 parameter(s); using defaults slowk=5 slowd=3 slowk_matype=0 slowd_matype=0
09:58:46 [WARNING] STOCH combo [34, 5, 5] is missing 2 parameter(s); using defaults slowk=5 slowd=5 slowk_matype=0 slowd_matype=0
09:58:46 [WARNING] STOCH combo [55, 5, 5] is missing 2 parameter(s); using defaults slowk=5 slowd=5 slowk_matype=0 slowd_matype=0
09:58:46 [WARNING] STOCH combo [55, 8, 5] is missing 2 parameter(s); using defaults slowk=8 slowd=5 slowk_matype=0 slowd_matype=0
09:58:46 [WARNING] STOCH combo [89, 8, 5] is missing 2 parameter(s); using defaults slowk=8 slowd=5 slowk_matype=0 slowd_matype=0
09:58:46 [WARNING] STOCHF combo [5, 3] is missing 1 parameter(s); using defaults fastd_period=3 fastd_matype=0
09:58:46 [WARNING] STOCHF combo [8, 3] is missing 1 parameter(s); using defaults fastd_period=3 fastd_matype=0
09:58:46 [WARNING] STOCHF combo [13, 3] is missing 1 parameter(s); using defaults fastd_period=3 fastd_matype=0
09:58:46 [WARNING] STOCHF combo [21, 3] is missing 1 parameter(s); using defaults fastd_period=3 fastd_matype=0
09:58:46 [WARNING] STOCHF combo [21, 5] is missing 1 parameter(s); using defaults fastd_period=5 fastd_matype=0
09:58:46 [WARNING] STOCHF combo [34, 5] is missing 1 parameter(s); using defaults fastd_period=5 fastd_matype=0
09:58:46 [WARNING] STOCHF combo [55, 5] is missing 1 parameter(s); using defaults fastd_period=5 fastd_matype=0
09:58:46 [WARNING] STOCHF combo [89, 8] is missing 1 parameter(s); using defaults fastd_period=8 fastd_matype=0
09:58:46 [WARNING] STOCHRSI combo [9, 5, 3] is missing 1 parameter(s); using defaults fastk_period=5 fastd_period=3 fastd_matype=0
09:58:46 [WARNING] STOCHRSI combo [14, 5, 3] is missing 1 parameter(s); using defaults fastk_period=5 fastd_period=3 fastd_matype=0
09:58:46 [WARNING] STOCHRSI combo [14, 3, 3] is missing 1 parameter(s); using defaults fastk_period=3 fastd_period=3 fastd_matype=0
09:58:46 [WARNING] STOCHRSI combo [21, 5, 3] is missing 1 parameter(s); using defaults fastk_period=5 fastd_period=3 fastd_matype=0
09:58:46 [WARNING] STOCHRSI combo [21, 8, 5] is missing 1 parameter(s); using defaults fastk_period=8 fastd_period=5 fastd_matype=0
09:58:46 [WARNING] STOCHRSI combo [34, 8, 5] is missing 1 parameter(s); using defaults fastk_period=8 fastd_period=5 fastd_matype=0
09:58:46 [WARNING] STOCHRSI combo [55, 8, 5] is missing 1 parameter(s); using defaults fastk_period=8 fastd_period=5 fastd_matype=0
09:58:46 [WARNING] STOCH combo [5, 3, 3] is missing 2 parameter(s); using defaults slowk=3 slowd=3 slowk_matype=0 slowd_matype=0
09:58:46 [WARNING] STOCH combo [8, 3, 3] is missing 2 parameter(s); using defaults slowk=3 slowd=3 slowk_matype=0 slowd_matype=0
09:58:46 [WARNING] STOCH combo [13, 3, 3] is missing 2 parameter(s); using defaults slowk=3 slowd=3 slowk_matype=0 slowd_matype=0
09:58:46 [WARNING] STOCH combo [13, 5, 3] is missing 2 parameter(s); using defaults slowk=5 slowd=3 slowk_matype=0 slowd_matype=0
09:58:46 [WARNING] STOCH combo [21, 3, 3] is missing 2 parameter(s); using defaults slowk=3 slowd=3 slowk_matype=0 slowd_matype=0
09:58:46 [WARNING] STOCH combo [21, 5, 3] is missing 2 parameter(s); using defaults slowk=5 slowd=3 slowk_matype=0 slowd_matype=0
09:58:46 [WARNING] STOCH combo [21, 5, 5] is missing 2 parameter(s); using defaults slowk=5 slowd=5 slowk_matype=0 slowd_matype=0
09:58:46 [WARNING] STOCH combo [34, 5, 3] is missing 2 parameter(s); using defaults slowk=5 slowd=3 slowk_matype=0 slowd_matype=0
09:58:46 [WARNING] STOCH combo [34, 5, 5] is missing 2 parameter(s); using defaults slowk=5 slowd=5 slowk_matype=0 slowd_matype=0
09:58:46 [WARNING] STOCH combo [55, 5, 5] is missing 2 parameter(s); using defaults slowk=5 slowd=5 slowk_matype=0 slowd_matype=0
09:58:46 [WARNING] STOCH combo [55, 8, 5] is missing 2 parameter(s); using defaults slowk=8 slowd=5 slowk_matype=0 slowd_matype=0
09:58:46 [WARNING] STOCH combo [89, 8, 5] is missing 2 parameter(s); using defaults slowk=8 slowd=5 slowk_matype=0 slowd_matype=0
09:58:46 [WARNING] STOCHF combo [5, 3] is missing 1 parameter(s); using defaults fastd_period=3 fastd_matype=0
09:58:46 [WARNING] STOCHF combo [8, 3] is missing 1 parameter(s); using defaults fastd_period=3 fastd_matype=0
09:58:46 [WARNING] STOCHF combo [13, 3] is missing 1 parameter(s); using defaults fastd_period=3 fastd_matype=0
09:58:46 [WARNING] STOCHF combo [21, 3] is missing 1 parameter(s); using defaults fastd_period=3 fastd_matype=0
09:58:46 [WARNING] STOCHF combo [21, 5] is missing 1 parameter(s); using defaults fastd_period=5 fastd_matype=0
09:58:46 [WARNING] STOCHF combo [34, 5] is missing 1 parameter(s); using defaults fastd_period=5 fastd_matype=0
09:58:46 [WARNING] STOCHF combo [55, 5] is missing 1 parameter(s); using defaults fastd_period=5 fastd_matype=0
09:58:46 [WARNING] STOCHF combo [89, 8] is missing 1 parameter(s); using defaults fastd_period=8 fastd_matype=0
09:58:46 [WARNING] STOCHRSI combo [9, 5, 3] is missing 1 parameter(s); using defaults fastk_period=5 fastd_period=3 fastd_matype=0
09:58:46 [WARNING] STOCHRSI combo [14, 5, 3] is missing 1 parameter(s); using defaults fastk_period=5 fastd_period=3 fastd_matype=0
09:58:46 [WARNING] STOCHRSI combo [14, 3, 3] is missing 1 parameter(s); using defaults fastk_period=3 fastd_period=3 fastd_matype=0
09:58:46 [WARNING] STOCHRSI combo [21, 5, 3] is missing 1 parameter(s); using defaults fastk_period=5 fastd_period=3 fastd_matype=0
09:58:46 [WARNING] STOCHRSI combo [21, 8, 5] is missing 1 parameter(s); using defaults fastk_period=8 fastd_period=5 fastd_matype=0
09:58:46 [WARNING] STOCHRSI combo [34, 8, 5] is missing 1 parameter(s); using defaults fastk_period=8 fastd_period=5 fastd_matype=0
09:58:46 [WARNING] STOCHRSI combo [55, 8, 5] is missing 1 parameter(s); using defaults fastk_period=8 fastd_period=5 fastd_matype=0
09:58:46 [INFO] Fetching spot data: BTCUSDT/1h
09:58:46 [INFO] Read 20352 klines from BTCUSDT/1h in 0.009s
09:58:46 [INFO] Aligned data for BTCUSDT/1h: 20352 rows, 5 columns
09:58:46 [INFO] Fetching spot data: BTCUSDT/1h
09:58:46 [INFO] Read 20352 klines from BTCUSDT/1h in 0.006s
09:58:46 [INFO] Aligned data for BTCUSDT/1h: 20352 rows, 5 columns
09:58:47 [WARNING] STOCH combo [5, 3, 3] is missing 2 parameter(s); using defaults slowk=3 slowd=3 slowk_matype=0 slowd_matype=0
09:58:47 [WARNING] STOCH combo [8, 3, 3] is missing 2 parameter(s); using defaults slowk=3 slowd=3 slowk_matype=0 slowd_matype=0
09:58:47 [WARNING] STOCH combo [13, 3, 3] is missing 2 parameter(s); using defaults slowk=3 slowd=3 slowk_matype=0 slowd_matype=0
09:58:47 [WARNING] STOCH combo [13, 5, 3] is missing 2 parameter(s); using defaults slowk=5 slowd=3 slowk_matype=0 slowd_matype=0
09:58:47 [WARNING] STOCH combo [21, 3, 3] is missing 2 parameter(s); using defaults slowk=3 slowd=3 slowk_matype=0 slowd_matype=0
09:58:47 [WARNING] STOCH combo [21, 5, 3] is missing 2 parameter(s); using defaults slowk=5 slowd=3 slowk_matype=0 slowd_matype=0
09:58:47 [WARNING] STOCH combo [21, 5, 5] is missing 2 parameter(s); using defaults slowk=5 slowd=5 slowk_matype=0 slowd_matype=0
09:58:47 [WARNING] STOCH combo [34, 5, 3] is missing 2 parameter(s); using defaults slowk=5 slowd=3 slowk_matype=0 slowd_matype=0
09:58:47 [WARNING] STOCH combo [34, 5, 5] is missing 2 parameter(s); using defaults slowk=5 slowd=5 slowk_matype=0 slowd_matype=0
09:58:47 [WARNING] STOCH combo [55, 5, 5] is missing 2 parameter(s); using defaults slowk=5 slowd=5 slowk_matype=0 slowd_matype=0
09:58:47 [WARNING] STOCH combo [55, 8, 5] is missing 2 parameter(s); using defaults slowk=8 slowd=5 slowk_matype=0 slowd_matype=0
09:58:47 [WARNING] STOCH combo [89, 8, 5] is missing 2 parameter(s); using defaults slowk=8 slowd=5 slowk_matype=0 slowd_matype=0
09:58:47 [WARNING] STOCHF combo [5, 3] is missing 1 parameter(s); using defaults fastd_period=3 fastd_matype=0
09:58:47 [WARNING] STOCHF combo [8, 3] is missing 1 parameter(s); using defaults fastd_period=3 fastd_matype=0
09:58:47 [WARNING] STOCHF combo [13, 3] is missing 1 parameter(s); using defaults fastd_period=3 fastd_matype=0
09:58:47 [WARNING] STOCHF combo [21, 3] is missing 1 parameter(s); using defaults fastd_period=3 fastd_matype=0
09:58:47 [WARNING] STOCHF combo [21, 5] is missing 1 parameter(s); using defaults fastd_period=5 fastd_matype=0
09:58:47 [WARNING] STOCHF combo [34, 5] is missing 1 parameter(s); using defaults fastd_period=5 fastd_matype=0
09:58:47 [WARNING] STOCHF combo [55, 5] is missing 1 parameter(s); using defaults fastd_period=5 fastd_matype=0
09:58:47 [WARNING] STOCHF combo [89, 8] is missing 1 parameter(s); using defaults fastd_period=8 fastd_matype=0
09:58:47 [WARNING] STOCHRSI combo [9, 5, 3] is missing 1 parameter(s); using defaults fastk_period=5 fastd_period=3 fastd_matype=0
09:58:47 [WARNING] STOCHRSI combo [14, 5, 3] is missing 1 parameter(s); using defaults fastk_period=5 fastd_period=3 fastd_matype=0
09:58:47 [WARNING] STOCHRSI combo [14, 3, 3] is missing 1 parameter(s); using defaults fastk_period=3 fastd_period=3 fastd_matype=0
09:58:47 [WARNING] STOCHRSI combo [21, 5, 3] is missing 1 parameter(s); using defaults fastk_period=5 fastd_period=3 fastd_matype=0
09:58:47 [WARNING] STOCHRSI combo [21, 8, 5] is missing 1 parameter(s); using defaults fastk_period=8 fastd_period=5 fastd_matype=0
09:58:47 [WARNING] STOCHRSI combo [34, 8, 5] is missing 1 parameter(s); using defaults fastk_period=8 fastd_period=5 fastd_matype=0
09:58:47 [WARNING] STOCHRSI combo [55, 8, 5] is missing 1 parameter(s); using defaults fastk_period=8 fastd_period=5 fastd_matype=0
09:58:47 [INFO] [Layer 1] 0% - Starting Layer 1...
09:58:47 [INFO] Layer 1 starting, rss=584MB
09:58:47 [WARNING] STOCH combo [5, 3, 3] is missing 2 parameter(s); using defaults slowk=3 slowd=3 slowk_matype=0 slowd_matype=0
09:58:47 [WARNING] STOCH combo [8, 3, 3] is missing 2 parameter(s); using defaults slowk=3 slowd=3 slowk_matype=0 slowd_matype=0
09:58:47 [WARNING] STOCH combo [13, 3, 3] is missing 2 parameter(s); using defaults slowk=3 slowd=3 slowk_matype=0 slowd_matype=0
09:58:47 [WARNING] STOCH combo [13, 5, 3] is missing 2 parameter(s); using defaults slowk=5 slowd=3 slowk_matype=0 slowd_matype=0
09:58:47 [WARNING] STOCH combo [21, 3, 3] is missing 2 parameter(s); using defaults slowk=3 slowd=3 slowk_matype=0 slowd_matype=0
09:58:47 [WARNING] STOCH combo [21, 5, 3] is missing 2 parameter(s); using defaults slowk=5 slowd=3 slowk_matype=0 slowd_matype=0
09:58:47 [WARNING] STOCH combo [21, 5, 5] is missing 2 parameter(s); using defaults slowk=5 slowd=5 slowk_matype=0 slowd_matype=0
09:58:47 [WARNING] STOCH combo [34, 5, 3] is missing 2 parameter(s); using defaults slowk=5 slowd=3 slowk_matype=0 slowd_matype=0
09:58:47 [WARNING] STOCH combo [34, 5, 5] is missing 2 parameter(s); using defaults slowk=5 slowd=5 slowk_matype=0 slowd_matype=0
09:58:47 [WARNING] STOCH combo [55, 5, 5] is missing 2 parameter(s); using defaults slowk=5 slowd=5 slowk_matype=0 slowd_matype=0
09:58:47 [WARNING] STOCH combo [55, 8, 5] is missing 2 parameter(s); using defaults slowk=8 slowd=5 slowk_matype=0 slowd_matype=0
09:58:47 [WARNING] STOCH combo [89, 8, 5] is missing 2 parameter(s); using defaults slowk=8 slowd=5 slowk_matype=0 slowd_matype=0
09:58:47 [WARNING] STOCHF combo [5, 3] is missing 1 parameter(s); using defaults fastd_period=3 fastd_matype=0
09:58:47 [WARNING] STOCHF combo [8, 3] is missing 1 parameter(s); using defaults fastd_period=3 fastd_matype=0
09:58:47 [WARNING] STOCHF combo [13, 3] is missing 1 parameter(s); using defaults fastd_period=3 fastd_matype=0
09:58:47 [WARNING] STOCHF combo [21, 3] is missing 1 parameter(s); using defaults fastd_period=3 fastd_matype=0
09:58:47 [WARNING] STOCHF combo [21, 5] is missing 1 parameter(s); using defaults fastd_period=5 fastd_matype=0
09:58:47 [WARNING] STOCHF combo [34, 5] is missing 1 parameter(s); using defaults fastd_period=5 fastd_matype=0
09:58:47 [WARNING] STOCHF combo [55, 5] is missing 1 parameter(s); using defaults fastd_period=5 fastd_matype=0
09:58:47 [WARNING] STOCHF combo [89, 8] is missing 1 parameter(s); using defaults fastd_period=8 fastd_matype=0
09:58:47 [WARNING] STOCHRSI combo [9, 5, 3] is missing 1 parameter(s); using defaults fastk_period=5 fastd_period=3 fastd_matype=0
09:58:47 [WARNING] STOCHRSI combo [14, 5, 3] is missing 1 parameter(s); using defaults fastk_period=5 fastd_period=3 fastd_matype=0
09:58:47 [WARNING] STOCHRSI combo [14, 3, 3] is missing 1 parameter(s); using defaults fastk_period=3 fastd_period=3 fastd_matype=0
09:58:47 [WARNING] STOCHRSI combo [21, 5, 3] is missing 1 parameter(s); using defaults fastk_period=5 fastd_period=3 fastd_matype=0
09:58:47 [WARNING] STOCHRSI combo [21, 8, 5] is missing 1 parameter(s); using defaults fastk_period=8 fastd_period=5 fastd_matype=0
09:58:47 [WARNING] STOCHRSI combo [34, 8, 5] is missing 1 parameter(s); using defaults fastk_period=8 fastd_period=5 fastd_matype=0
09:58:47 [WARNING] STOCHRSI combo [55, 8, 5] is missing 1 parameter(s); using defaults fastk_period=8 fastd_period=5 fastd_matype=0
09:58:47 [INFO] [Layer 1] 100% - Layer 1 completed: 898 features
09:58:47 [INFO] Layer 1 done: 898 cols, status=ok, rss=673MB
09:58:47 [INFO] [Layer 2] 0% - Starting Layer 2...
09:58:47 [INFO] Layer 2 starting, rss=673MB
09:58:47 [INFO] [L2] Starting derived features: 898 L1 cols
09:58:47 [WARNING] STOCH combo [5, 3, 3] is missing 2 parameter(s); using defaults slowk=3 slowd=3 slowk_matype=0 slowd_matype=0
09:58:47 [WARNING] STOCH combo [8, 3, 3] is missing 2 parameter(s); using defaults slowk=3 slowd=3 slowk_matype=0 slowd_matype=0
09:58:47 [WARNING] STOCH combo [13, 3, 3] is missing 2 parameter(s); using defaults slowk=3 slowd=3 slowk_matype=0 slowd_matype=0
09:58:47 [WARNING] STOCH combo [13, 5, 3] is missing 2 parameter(s); using defaults slowk=5 slowd=3 slowk_matype=0 slowd_matype=0
09:58:47 [WARNING] STOCH combo [21, 3, 3] is missing 2 parameter(s); using defaults slowk=3 slowd=3 slowk_matype=0 slowd_matype=0
09:58:47 [WARNING] STOCH combo [21, 5, 3] is missing 2 parameter(s); using defaults slowk=5 slowd=3 slowk_matype=0 slowd_matype=0
09:58:47 [WARNING] STOCH combo [21, 5, 5] is missing 2 parameter(s); using defaults slowk=5 slowd=5 slowk_matype=0 slowd_matype=0
09:58:47 [WARNING] STOCH combo [34, 5, 3] is missing 2 parameter(s); using defaults slowk=5 slowd=3 slowk_matype=0 slowd_matype=0
09:58:47 [WARNING] STOCH combo [34, 5, 5] is missing 2 parameter(s); using defaults slowk=5 slowd=5 slowk_matype=0 slowd_matype=0
09:58:47 [WARNING] STOCH combo [55, 5, 5] is missing 2 parameter(s); using defaults slowk=5 slowd=5 slowk_matype=0 slowd_matype=0
09:58:47 [WARNING] STOCH combo [55, 8, 5] is missing 2 parameter(s); using defaults slowk=8 slowd=5 slowk_matype=0 slowd_matype=0
09:58:47 [WARNING] STOCH combo [89, 8, 5] is missing 2 parameter(s); using defaults slowk=8 slowd=5 slowk_matype=0 slowd_matype=0
09:58:47 [WARNING] STOCHF combo [5, 3] is missing 1 parameter(s); using defaults fastd_period=3 fastd_matype=0
09:58:47 [WARNING] STOCHF combo [8, 3] is missing 1 parameter(s); using defaults fastd_period=3 fastd_matype=0
09:58:47 [WARNING] STOCHF combo [13, 3] is missing 1 parameter(s); using defaults fastd_period=3 fastd_matype=0
09:58:47 [WARNING] STOCHF combo [21, 3] is missing 1 parameter(s); using defaults fastd_period=3 fastd_matype=0
09:58:47 [WARNING] STOCHF combo [21, 5] is missing 1 parameter(s); using defaults fastd_period=5 fastd_matype=0
09:58:47 [WARNING] STOCHF combo [34, 5] is missing 1 parameter(s); using defaults fastd_period=5 fastd_matype=0
09:58:47 [WARNING] STOCHF combo [55, 5] is missing 1 parameter(s); using defaults fastd_period=5 fastd_matype=0
09:58:47 [WARNING] STOCHF combo [89, 8] is missing 1 parameter(s); using defaults fastd_period=8 fastd_matype=0
09:58:47 [WARNING] STOCHRSI combo [9, 5, 3] is missing 1 parameter(s); using defaults fastk_period=5 fastd_period=3 fastd_matype=0
09:58:47 [WARNING] STOCHRSI combo [14, 5, 3] is missing 1 parameter(s); using defaults fastk_period=5 fastd_period=3 fastd_matype=0
09:58:47 [WARNING] STOCHRSI combo [14, 3, 3] is missing 1 parameter(s); using defaults fastk_period=3 fastd_period=3 fastd_matype=0
09:58:47 [WARNING] STOCHRSI combo [21, 5, 3] is missing 1 parameter(s); using defaults fastk_period=5 fastd_period=3 fastd_matype=0
09:58:47 [WARNING] STOCHRSI combo [21, 8, 5] is missing 1 parameter(s); using defaults fastk_period=8 fastd_period=5 fastd_matype=0
09:58:47 [WARNING] STOCHRSI combo [34, 8, 5] is missing 1 parameter(s); using defaults fastk_period=8 fastd_period=5 fastd_matype=0
09:58:47 [WARNING] STOCHRSI combo [55, 8, 5] is missing 1 parameter(s); using defaults fastk_period=8 fastd_period=5 fastd_matype=0
09:58:50 [INFO] [L2] Completed: 11621 cols in 3.45s
09:58:51 [INFO] [Layer 2] 100% - Layer 2 completed: 11621 features
09:58:51 [INFO] Layer 2 done: 11621 cols, status=ok, rss=1471MB
09:58:51 [INFO] [Layer 3] 0% - Starting Layer 3...
09:58:51 [INFO] Layer 3 starting, rss=1471MB
09:58:53 [INFO] [L3 streaming][numba][multi] step 10/20 (W5_range): 898→898 cols (-0 dead)
09:58:53 [INFO] [L3 streaming][numba][multi] step 20/20 (W13_range): 898→898 cols (-0 dead)
09:58:53 [INFO] [L3 streaming][numba][multi] complete: 17960 total generated, 0 dead dropped, 17960 survivors
09:58:53 [INFO] [Layer 3] 100% - Layer 3 completed: 17960 features
09:58:53 [INFO] Layer 3 done: 17960 cols, status=ok, rss=2500MB
09:58:53 [INFO] [Layer 4] 0% - Starting Layer 4...
09:58:53 [INFO] Layer 4 starting, rss=2500MB
09:58:54 [INFO] [Layer 4] 100% - Layer 4 completed: 7224 features
09:58:54 [INFO] Layer 4 done: 7224 cols, status=ok, rss=2752MB
09:58:54 [INFO] [Layer 5] 0% - Starting Layer 5...
09:58:54 [INFO] Layer 5 starting, rss=2752MB
09:58:54 [INFO] [Layer 5] 100% - Layer 5 completed: 0 features
09:58:54 [INFO] Layer 5 done: 0 cols, status=empty_disabled, rss=2752MB
09:58:54 [INFO] [Layer 6] 0% - Starting Layer 6...
09:58:54 [INFO] Layer 6 starting, rss=2752MB
09:58:54 [INFO] [Layer 6] 100% - Layer 6 completed: 10 features
09:58:54 [INFO] Layer 6 done: 10 cols, status=ok, rss=2752MB
09:58:54 [INFO] [memmap concat] 5 DFs → 37713 cols × 3812 rows ≈ 0.58 GB → disk-backed
09:58:54 [INFO] [memmap] created: shape=(3812, 37713), dtype=<class 'numpy.float32'>, est=0.58 GB  (file auto-unlinked)
09:58:54 [INFO] [memmap concat] copying DF 1/5 (898 cols)
09:58:54 [INFO] [memmap concat] copying DF 2/5 (11621 cols)
09:58:55 [INFO] [memmap concat] copying DF 3/5 (17960 cols)
09:58:55 [INFO] [memmap concat] copying DF 4/5 (7224 cols)
09:58:56 [INFO] [memmap concat] copying DF 5/5 (10 cols)
09:59:05 [WARNING] STOCH combo [5, 3, 3] is missing 2 parameter(s); using defaults slowk=3 slowd=3 slowk_matype=0 slowd_matype=0
09:59:05 [WARNING] STOCH combo [8, 3, 3] is missing 2 parameter(s); using defaults slowk=3 slowd=3 slowk_matype=0 slowd_matype=0
09:59:05 [WARNING] STOCH combo [13, 3, 3] is missing 2 parameter(s); using defaults slowk=3 slowd=3 slowk_matype=0 slowd_matype=0
09:59:05 [WARNING] STOCH combo [13, 5, 3] is missing 2 parameter(s); using defaults slowk=5 slowd=3 slowk_matype=0 slowd_matype=0
09:59:05 [WARNING] STOCH combo [21, 3, 3] is missing 2 parameter(s); using defaults slowk=3 slowd=3 slowk_matype=0 slowd_matype=0
09:59:05 [WARNING] STOCH combo [21, 5, 3] is missing 2 parameter(s); using defaults slowk=5 slowd=3 slowk_matype=0 slowd_matype=0
09:59:05 [WARNING] STOCH combo [21, 5, 5] is missing 2 parameter(s); using defaults slowk=5 slowd=5 slowk_matype=0 slowd_matype=0
09:59:05 [WARNING] STOCH combo [34, 5, 3] is missing 2 parameter(s); using defaults slowk=5 slowd=3 slowk_matype=0 slowd_matype=0
09:59:05 [WARNING] STOCH combo [34, 5, 5] is missing 2 parameter(s); using defaults slowk=5 slowd=5 slowk_matype=0 slowd_matype=0
09:59:05 [WARNING] STOCH combo [55, 5, 5] is missing 2 parameter(s); using defaults slowk=5 slowd=5 slowk_matype=0 slowd_matype=0
09:59:05 [WARNING] STOCH combo [55, 8, 5] is missing 2 parameter(s); using defaults slowk=8 slowd=5 slowk_matype=0 slowd_matype=0
09:59:05 [WARNING] STOCH combo [89, 8, 5] is missing 2 parameter(s); using defaults slowk=8 slowd=5 slowk_matype=0 slowd_matype=0
09:59:05 [WARNING] STOCHF combo [5, 3] is missing 1 parameter(s); using defaults fastd_period=3 fastd_matype=0
09:59:05 [WARNING] STOCHF combo [8, 3] is missing 1 parameter(s); using defaults fastd_period=3 fastd_matype=0
09:59:05 [WARNING] STOCHF combo [13, 3] is missing 1 parameter(s); using defaults fastd_period=3 fastd_matype=0
09:59:05 [WARNING] STOCHF combo [21, 3] is missing 1 parameter(s); using defaults fastd_period=3 fastd_matype=0
09:59:05 [WARNING] STOCHF combo [21, 5] is missing 1 parameter(s); using defaults fastd_period=5 fastd_matype=0
09:59:05 [WARNING] STOCHF combo [34, 5] is missing 1 parameter(s); using defaults fastd_period=5 fastd_matype=0
09:59:05 [WARNING] STOCHF combo [55, 5] is missing 1 parameter(s); using defaults fastd_period=5 fastd_matype=0
09:59:05 [WARNING] STOCHF combo [89, 8] is missing 1 parameter(s); using defaults fastd_period=8 fastd_matype=0
09:59:05 [WARNING] STOCHRSI combo [9, 5, 3] is missing 1 parameter(s); using defaults fastk_period=5 fastd_period=3 fastd_matype=0
09:59:05 [WARNING] STOCHRSI combo [14, 5, 3] is missing 1 parameter(s); using defaults fastk_period=5 fastd_period=3 fastd_matype=0
09:59:05 [WARNING] STOCHRSI combo [14, 3, 3] is missing 1 parameter(s); using defaults fastk_period=3 fastd_period=3 fastd_matype=0
09:59:05 [WARNING] STOCHRSI combo [21, 5, 3] is missing 1 parameter(s); using defaults fastk_period=5 fastd_period=3 fastd_matype=0
09:59:05 [WARNING] STOCHRSI combo [21, 8, 5] is missing 1 parameter(s); using defaults fastk_period=8 fastd_period=5 fastd_matype=0
09:59:05 [WARNING] STOCHRSI combo [34, 8, 5] is missing 1 parameter(s); using defaults fastk_period=8 fastd_period=5 fastd_matype=0
09:59:05 [WARNING] STOCHRSI combo [55, 8, 5] is missing 1 parameter(s); using defaults fastk_period=8 fastd_period=5 fastd_matype=0
09:59:05 [WARNING] STOCH combo [5, 3, 3] is missing 2 parameter(s); using defaults slowk=3 slowd=3 slowk_matype=0 slowd_matype=0
09:59:05 [WARNING] STOCH combo [8, 3, 3] is missing 2 parameter(s); using defaults slowk=3 slowd=3 slowk_matype=0 slowd_matype=0
09:59:05 [WARNING] STOCH combo [13, 3, 3] is missing 2 parameter(s); using defaults slowk=3 slowd=3 slowk_matype=0 slowd_matype=0
09:59:05 [WARNING] STOCH combo [13, 5, 3] is missing 2 parameter(s); using defaults slowk=5 slowd=3 slowk_matype=0 slowd_matype=0
09:59:05 [WARNING] STOCH combo [21, 3, 3] is missing 2 parameter(s); using defaults slowk=3 slowd=3 slowk_matype=0 slowd_matype=0
09:59:05 [WARNING] STOCH combo [21, 5, 3] is missing 2 parameter(s); using defaults slowk=5 slowd=3 slowk_matype=0 slowd_matype=0
09:59:05 [WARNING] STOCH combo [21, 5, 5] is missing 2 parameter(s); using defaults slowk=5 slowd=5 slowk_matype=0 slowd_matype=0
09:59:05 [WARNING] STOCH combo [34, 5, 3] is missing 2 parameter(s); using defaults slowk=5 slowd=3 slowk_matype=0 slowd_matype=0
09:59:05 [WARNING] STOCH combo [34, 5, 5] is missing 2 parameter(s); using defaults slowk=5 slowd=5 slowk_matype=0 slowd_matype=0
09:59:05 [WARNING] STOCH combo [55, 5, 5] is missing 2 parameter(s); using defaults slowk=5 slowd=5 slowk_matype=0 slowd_matype=0
09:59:05 [WARNING] STOCH combo [55, 8, 5] is missing 2 parameter(s); using defaults slowk=8 slowd=5 slowk_matype=0 slowd_matype=0
09:59:05 [WARNING] STOCH combo [89, 8, 5] is missing 2 parameter(s); using defaults slowk=8 slowd=5 slowk_matype=0 slowd_matype=0
09:59:05 [WARNING] STOCHF combo [5, 3] is missing 1 parameter(s); using defaults fastd_period=3 fastd_matype=0
09:59:05 [WARNING] STOCHF combo [8, 3] is missing 1 parameter(s); using defaults fastd_period=3 fastd_matype=0
09:59:05 [WARNING] STOCHF combo [13, 3] is missing 1 parameter(s); using defaults fastd_period=3 fastd_matype=0
09:59:05 [WARNING] STOCHF combo [21, 3] is missing 1 parameter(s); using defaults fastd_period=3 fastd_matype=0
09:59:05 [WARNING] STOCHF combo [21, 5] is missing 1 parameter(s); using defaults fastd_period=5 fastd_matype=0
09:59:05 [WARNING] STOCHF combo [34, 5] is missing 1 parameter(s); using defaults fastd_period=5 fastd_matype=0
09:59:05 [WARNING] STOCHF combo [55, 5] is missing 1 parameter(s); using defaults fastd_period=5 fastd_matype=0
09:59:05 [WARNING] STOCHF combo [89, 8] is missing 1 parameter(s); using defaults fastd_period=8 fastd_matype=0
09:59:05 [WARNING] STOCHRSI combo [9, 5, 3] is missing 1 parameter(s); using defaults fastk_period=5 fastd_period=3 fastd_matype=0
09:59:05 [WARNING] STOCHRSI combo [14, 5, 3] is missing 1 parameter(s); using defaults fastk_period=5 fastd_period=3 fastd_matype=0
09:59:05 [WARNING] STOCHRSI combo [14, 3, 3] is missing 1 parameter(s); using defaults fastk_period=3 fastd_period=3 fastd_matype=0
09:59:05 [WARNING] STOCHRSI combo [21, 5, 3] is missing 1 parameter(s); using defaults fastk_period=5 fastd_period=3 fastd_matype=0
09:59:05 [WARNING] STOCHRSI combo [21, 8, 5] is missing 1 parameter(s); using defaults fastk_period=8 fastd_period=5 fastd_matype=0
09:59:05 [WARNING] STOCHRSI combo [34, 8, 5] is missing 1 parameter(s); using defaults fastk_period=8 fastd_period=5 fastd_matype=0
09:59:05 [WARNING] STOCHRSI combo [55, 8, 5] is missing 1 parameter(s); using defaults fastk_period=8 fastd_period=5 fastd_matype=0
09:59:05 [INFO] Fetching spot data: BTCUSDT/1h
09:59:05 [INFO] Read 20352 klines from BTCUSDT/1h in 0.007s
09:59:05 [INFO] Aligned data for BTCUSDT/1h: 20352 rows, 5 columns
09:59:05 [INFO] [Layer 1] 0% - Starting Layer 1...
09:59:05 [INFO] Layer 1 starting, rss=2424MB
09:59:05 [WARNING] STOCH combo [5, 3, 3] is missing 2 parameter(s); using defaults slowk=3 slowd=3 slowk_matype=0 slowd_matype=0
09:59:05 [WARNING] STOCH combo [8, 3, 3] is missing 2 parameter(s); using defaults slowk=3 slowd=3 slowk_matype=0 slowd_matype=0
09:59:05 [WARNING] STOCH combo [13, 3, 3] is missing 2 parameter(s); using defaults slowk=3 slowd=3 slowk_matype=0 slowd_matype=0
09:59:05 [WARNING] STOCH combo [13, 5, 3] is missing 2 parameter(s); using defaults slowk=5 slowd=3 slowk_matype=0 slowd_matype=0
09:59:05 [WARNING] STOCH combo [21, 3, 3] is missing 2 parameter(s); using defaults slowk=3 slowd=3 slowk_matype=0 slowd_matype=0
09:59:05 [WARNING] STOCH combo [21, 5, 3] is missing 2 parameter(s); using defaults slowk=5 slowd=3 slowk_matype=0 slowd_matype=0
09:59:05 [WARNING] STOCH combo [21, 5, 5] is missing 2 parameter(s); using defaults slowk=5 slowd=5 slowk_matype=0 slowd_matype=0
09:59:05 [WARNING] STOCH combo [34, 5, 3] is missing 2 parameter(s); using defaults slowk=5 slowd=3 slowk_matype=0 slowd_matype=0
09:59:05 [WARNING] STOCH combo [34, 5, 5] is missing 2 parameter(s); using defaults slowk=5 slowd=5 slowk_matype=0 slowd_matype=0
09:59:05 [WARNING] STOCH combo [55, 5, 5] is missing 2 parameter(s); using defaults slowk=5 slowd=5 slowk_matype=0 slowd_matype=0
09:59:05 [WARNING] STOCH combo [55, 8, 5] is missing 2 parameter(s); using defaults slowk=8 slowd=5 slowk_matype=0 slowd_matype=0
09:59:05 [WARNING] STOCH combo [89, 8, 5] is missing 2 parameter(s); using defaults slowk=8 slowd=5 slowk_matype=0 slowd_matype=0
09:59:05 [WARNING] STOCHF combo [5, 3] is missing 1 parameter(s); using defaults fastd_period=3 fastd_matype=0
09:59:05 [WARNING] STOCHF combo [8, 3] is missing 1 parameter(s); using defaults fastd_period=3 fastd_matype=0
09:59:05 [WARNING] STOCHF combo [13, 3] is missing 1 parameter(s); using defaults fastd_period=3 fastd_matype=0
09:59:05 [WARNING] STOCHF combo [21, 3] is missing 1 parameter(s); using defaults fastd_period=3 fastd_matype=0
09:59:05 [WARNING] STOCHF combo [21, 5] is missing 1 parameter(s); using defaults fastd_period=5 fastd_matype=0
09:59:05 [WARNING] STOCHF combo [34, 5] is missing 1 parameter(s); using defaults fastd_period=5 fastd_matype=0
09:59:05 [WARNING] STOCHF combo [55, 5] is missing 1 parameter(s); using defaults fastd_period=5 fastd_matype=0
09:59:05 [WARNING] STOCHF combo [89, 8] is missing 1 parameter(s); using defaults fastd_period=8 fastd_matype=0
09:59:05 [WARNING] STOCHRSI combo [9, 5, 3] is missing 1 parameter(s); using defaults fastk_period=5 fastd_period=3 fastd_matype=0
09:59:05 [WARNING] STOCHRSI combo [14, 5, 3] is missing 1 parameter(s); using defaults fastk_period=5 fastd_period=3 fastd_matype=0
09:59:05 [WARNING] STOCHRSI combo [14, 3, 3] is missing 1 parameter(s); using defaults fastk_period=3 fastd_period=3 fastd_matype=0
09:59:05 [WARNING] STOCHRSI combo [21, 5, 3] is missing 1 parameter(s); using defaults fastk_period=5 fastd_period=3 fastd_matype=0
09:59:05 [WARNING] STOCHRSI combo [21, 8, 5] is missing 1 parameter(s); using defaults fastk_period=8 fastd_period=5 fastd_matype=0
09:59:05 [WARNING] STOCHRSI combo [34, 8, 5] is missing 1 parameter(s); using defaults fastk_period=8 fastd_period=5 fastd_matype=0
09:59:05 [WARNING] STOCHRSI combo [55, 8, 5] is missing 1 parameter(s); using defaults fastk_period=8 fastd_period=5 fastd_matype=0
09:59:05 [INFO] [Layer 1] 100% - Layer 1 completed: 898 features
09:59:05 [INFO] Layer 1 done: 898 cols, status=ok, rss=2564MB
09:59:05 [INFO] [Layer 2] 0% - Starting Layer 2...
09:59:05 [INFO] Layer 2 starting, rss=2564MB
09:59:05 [INFO] [L2] Starting derived features: 898 L1 cols
09:59:05 [WARNING] STOCH combo [5, 3, 3] is missing 2 parameter(s); using defaults slowk=3 slowd=3 slowk_matype=0 slowd_matype=0
09:59:05 [WARNING] STOCH combo [8, 3, 3] is missing 2 parameter(s); using defaults slowk=3 slowd=3 slowk_matype=0 slowd_matype=0
09:59:05 [WARNING] STOCH combo [13, 3, 3] is missing 2 parameter(s); using defaults slowk=3 slowd=3 slowk_matype=0 slowd_matype=0
09:59:05 [WARNING] STOCH combo [13, 5, 3] is missing 2 parameter(s); using defaults slowk=5 slowd=3 slowk_matype=0 slowd_matype=0
09:59:05 [WARNING] STOCH combo [21, 3, 3] is missing 2 parameter(s); using defaults slowk=3 slowd=3 slowk_matype=0 slowd_matype=0
09:59:05 [WARNING] STOCH combo [21, 5, 3] is missing 2 parameter(s); using defaults slowk=5 slowd=3 slowk_matype=0 slowd_matype=0
09:59:05 [WARNING] STOCH combo [21, 5, 5] is missing 2 parameter(s); using defaults slowk=5 slowd=5 slowk_matype=0 slowd_matype=0
09:59:05 [WARNING] STOCH combo [34, 5, 3] is missing 2 parameter(s); using defaults slowk=5 slowd=3 slowk_matype=0 slowd_matype=0
09:59:05 [WARNING] STOCH combo [34, 5, 5] is missing 2 parameter(s); using defaults slowk=5 slowd=5 slowk_matype=0 slowd_matype=0
09:59:05 [WARNING] STOCH combo [55, 5, 5] is missing 2 parameter(s); using defaults slowk=5 slowd=5 slowk_matype=0 slowd_matype=0
09:59:05 [WARNING] STOCH combo [55, 8, 5] is missing 2 parameter(s); using defaults slowk=8 slowd=5 slowk_matype=0 slowd_matype=0
09:59:05 [WARNING] STOCH combo [89, 8, 5] is missing 2 parameter(s); using defaults slowk=8 slowd=5 slowk_matype=0 slowd_matype=0
09:59:05 [WARNING] STOCHF combo [5, 3] is missing 1 parameter(s); using defaults fastd_period=3 fastd_matype=0
09:59:05 [WARNING] STOCHF combo [8, 3] is missing 1 parameter(s); using defaults fastd_period=3 fastd_matype=0
09:59:05 [WARNING] STOCHF combo [13, 3] is missing 1 parameter(s); using defaults fastd_period=3 fastd_matype=0
09:59:05 [WARNING] STOCHF combo [21, 3] is missing 1 parameter(s); using defaults fastd_period=3 fastd_matype=0
09:59:05 [WARNING] STOCHF combo [21, 5] is missing 1 parameter(s); using defaults fastd_period=5 fastd_matype=0
09:59:05 [WARNING] STOCHF combo [34, 5] is missing 1 parameter(s); using defaults fastd_period=5 fastd_matype=0
09:59:05 [WARNING] STOCHF combo [55, 5] is missing 1 parameter(s); using defaults fastd_period=5 fastd_matype=0
09:59:05 [WARNING] STOCHF combo [89, 8] is missing 1 parameter(s); using defaults fastd_period=8 fastd_matype=0
09:59:05 [WARNING] STOCHRSI combo [9, 5, 3] is missing 1 parameter(s); using defaults fastk_period=5 fastd_period=3 fastd_matype=0
09:59:05 [WARNING] STOCHRSI combo [14, 5, 3] is missing 1 parameter(s); using defaults fastk_period=5 fastd_period=3 fastd_matype=0
09:59:05 [WARNING] STOCHRSI combo [14, 3, 3] is missing 1 parameter(s); using defaults fastk_period=3 fastd_period=3 fastd_matype=0
09:59:05 [WARNING] STOCHRSI combo [21, 5, 3] is missing 1 parameter(s); using defaults fastk_period=5 fastd_period=3 fastd_matype=0
09:59:05 [WARNING] STOCHRSI combo [21, 8, 5] is missing 1 parameter(s); using defaults fastk_period=8 fastd_period=5 fastd_matype=0
09:59:05 [WARNING] STOCHRSI combo [34, 8, 5] is missing 1 parameter(s); using defaults fastk_period=8 fastd_period=5 fastd_matype=0
09:59:05 [WARNING] STOCHRSI combo [55, 8, 5] is missing 1 parameter(s); using defaults fastk_period=8 fastd_period=5 fastd_matype=0
09:59:09 [INFO] [L2] Completed: 11621 cols in 3.94s
09:59:10 [INFO] [Layer 2] 100% - Layer 2 completed: 11621 features
09:59:10 [INFO] Layer 2 done: 11621 cols, status=ok, rss=1606MB
09:59:10 [INFO] [Layer 3] 0% - Starting Layer 3...
09:59:10 [INFO] Layer 3 starting, rss=1606MB
09:59:12 [INFO] [L3 streaming][numba][multi] step 10/20 (W5_range): 898→898 cols (-0 dead)
09:59:12 [INFO] [L3 streaming][numba][multi] step 20/20 (W13_range): 898→898 cols (-0 dead)
09:59:12 [INFO] [L3 streaming][numba][multi] complete: 17960 total generated, 0 dead dropped, 17960 survivors
09:59:13 [INFO] [Layer 3] 100% - Layer 3 completed: 17960 features
09:59:13 [INFO] Layer 3 done: 17960 cols, status=ok, rss=1550MB
09:59:13 [INFO] [Layer 4] 0% - Starting Layer 4...
09:59:13 [INFO] Layer 4 starting, rss=1550MB
09:59:14 [INFO] [Layer 4] 100% - Layer 4 completed: 7224 features
09:59:14 [INFO] Layer 4 done: 7224 cols, status=ok, rss=1400MB
09:59:14 [INFO] [Layer 5] 0% - Starting Layer 5...
09:59:14 [INFO] Layer 5 starting, rss=1400MB
09:59:14 [INFO] [Layer 5] 100% - Layer 5 completed: 0 features
09:59:14 [INFO] Layer 5 done: 0 cols, status=empty_disabled, rss=1400MB
09:59:14 [INFO] [Layer 6] 0% - Starting Layer 6...
09:59:14 [INFO] Layer 6 starting, rss=1400MB
09:59:14 [INFO] [Layer 6] 100% - Layer 6 completed: 10 features
09:59:14 [INFO] Layer 6 done: 10 cols, status=ok, rss=1402MB
09:59:14 [INFO] [memmap concat] 5 DFs → 37713 cols × 4471 rows ≈ 0.67 GB → disk-backed
09:59:14 [INFO] [memmap] created: shape=(4471, 37713), dtype=<class 'numpy.float32'>, est=0.67 GB  (file auto-unlinked)
09:59:14 [INFO] [memmap concat] copying DF 1/5 (898 cols)
09:59:14 [INFO] [memmap concat] copying DF 2/5 (11621 cols)
09:59:14 [INFO] [memmap concat] copying DF 3/5 (17960 cols)
09:59:15 [INFO] [memmap concat] copying DF 4/5 (7224 cols)
09:59:15 [INFO] [memmap concat] copying DF 5/5 (10 cols)
09:59:17 [INFO] [CGSA] Initialized ColumnGroupRegistry at /private/var/folders/_c/3xdf41hd3tvgxpx63mrml2c00000gn/T/pytest-of-louis/pytest-9/test_small_mutation_fracdiff_f0/cgsa_work (tier=8gb, buffer_groups=0)
09:59:17 [INFO] Fetching spot data: BTCUSDT/1h
09:59:17 [INFO] Read 20352 klines from BTCUSDT/1h in 0.013s
09:59:17 [INFO] Aligned data for BTCUSDT/1h: 20352 rows, 5 columns
09:59:17 [INFO] [Layer 1] 0% - Starting Layer 1...
09:59:17 [INFO] Layer 1 starting, rss=2297MB
09:59:18 [WARNING] STOCH combo [5, 3, 3] is missing 2 parameter(s); using defaults slowk=3 slowd=3 slowk_matype=0 slowd_matype=0
09:59:18 [WARNING] STOCH combo [8, 3, 3] is missing 2 parameter(s); using defaults slowk=3 slowd=3 slowk_matype=0 slowd_matype=0
09:59:18 [WARNING] STOCH combo [13, 3, 3] is missing 2 parameter(s); using defaults slowk=3 slowd=3 slowk_matype=0 slowd_matype=0
09:59:18 [WARNING] STOCH combo [13, 5, 3] is missing 2 parameter(s); using defaults slowk=5 slowd=3 slowk_matype=0 slowd_matype=0
09:59:18 [WARNING] STOCH combo [21, 3, 3] is missing 2 parameter(s); using defaults slowk=3 slowd=3 slowk_matype=0 slowd_matype=0
09:59:18 [WARNING] STOCH combo [21, 5, 3] is missing 2 parameter(s); using defaults slowk=5 slowd=3 slowk_matype=0 slowd_matype=0
09:59:18 [WARNING] STOCH combo [21, 5, 5] is missing 2 parameter(s); using defaults slowk=5 slowd=5 slowk_matype=0 slowd_matype=0
09:59:18 [WARNING] STOCH combo [34, 5, 3] is missing 2 parameter(s); using defaults slowk=5 slowd=3 slowk_matype=0 slowd_matype=0
09:59:18 [WARNING] STOCH combo [34, 5, 5] is missing 2 parameter(s); using defaults slowk=5 slowd=5 slowk_matype=0 slowd_matype=0
09:59:18 [WARNING] STOCH combo [55, 5, 5] is missing 2 parameter(s); using defaults slowk=5 slowd=5 slowk_matype=0 slowd_matype=0
09:59:18 [WARNING] STOCH combo [55, 8, 5] is missing 2 parameter(s); using defaults slowk=8 slowd=5 slowk_matype=0 slowd_matype=0
09:59:18 [WARNING] STOCH combo [89, 8, 5] is missing 2 parameter(s); using defaults slowk=8 slowd=5 slowk_matype=0 slowd_matype=0
09:59:18 [WARNING] STOCHF combo [5, 3] is missing 1 parameter(s); using defaults fastd_period=3 fastd_matype=0
09:59:18 [WARNING] STOCHF combo [8, 3] is missing 1 parameter(s); using defaults fastd_period=3 fastd_matype=0
09:59:18 [WARNING] STOCHF combo [13, 3] is missing 1 parameter(s); using defaults fastd_period=3 fastd_matype=0
09:59:18 [WARNING] STOCHF combo [21, 3] is missing 1 parameter(s); using defaults fastd_period=3 fastd_matype=0
09:59:18 [WARNING] STOCHF combo [21, 5] is missing 1 parameter(s); using defaults fastd_period=5 fastd_matype=0
09:59:18 [WARNING] STOCHF combo [34, 5] is missing 1 parameter(s); using defaults fastd_period=5 fastd_matype=0
09:59:18 [WARNING] STOCHF combo [55, 5] is missing 1 parameter(s); using defaults fastd_period=5 fastd_matype=0
09:59:18 [WARNING] STOCHF combo [89, 8] is missing 1 parameter(s); using defaults fastd_period=8 fastd_matype=0
09:59:18 [WARNING] STOCHRSI combo [9, 5, 3] is missing 1 parameter(s); using defaults fastk_period=5 fastd_period=3 fastd_matype=0
09:59:18 [WARNING] STOCHRSI combo [14, 5, 3] is missing 1 parameter(s); using defaults fastk_period=5 fastd_period=3 fastd_matype=0
09:59:18 [WARNING] STOCHRSI combo [14, 3, 3] is missing 1 parameter(s); using defaults fastk_period=3 fastd_period=3 fastd_matype=0
09:59:18 [WARNING] STOCHRSI combo [21, 5, 3] is missing 1 parameter(s); using defaults fastk_period=5 fastd_period=3 fastd_matype=0
09:59:18 [WARNING] STOCHRSI combo [21, 8, 5] is missing 1 parameter(s); using defaults fastk_period=8 fastd_period=5 fastd_matype=0
09:59:18 [WARNING] STOCHRSI combo [34, 8, 5] is missing 1 parameter(s); using defaults fastk_period=8 fastd_period=5 fastd_matype=0
09:59:18 [WARNING] STOCHRSI combo [55, 8, 5] is missing 1 parameter(s); using defaults fastk_period=8 fastd_period=5 fastd_matype=0
09:59:19 [INFO] [Layer 1] 100% - Layer 1 completed: 898 features
09:59:19 [INFO] Layer 1 done: 898 cols, status=ok, rss=2330MB
09:59:19 [INFO] [Layer 2] 0% - Starting Layer 2...
09:59:19 [INFO] Layer 2 starting, rss=2330MB
09:59:19 [INFO] [L2] Starting derived features: 898 L1 cols
09:59:19 [WARNING] STOCH combo [5, 3, 3] is missing 2 parameter(s); using defaults slowk=3 slowd=3 slowk_matype=0 slowd_matype=0
09:59:19 [WARNING] STOCH combo [8, 3, 3] is missing 2 parameter(s); using defaults slowk=3 slowd=3 slowk_matype=0 slowd_matype=0
09:59:19 [WARNING] STOCH combo [13, 3, 3] is missing 2 parameter(s); using defaults slowk=3 slowd=3 slowk_matype=0 slowd_matype=0
09:59:19 [WARNING] STOCH combo [13, 5, 3] is missing 2 parameter(s); using defaults slowk=5 slowd=3 slowk_matype=0 slowd_matype=0
09:59:19 [WARNING] STOCH combo [21, 3, 3] is missing 2 parameter(s); using defaults slowk=3 slowd=3 slowk_matype=0 slowd_matype=0
09:59:19 [WARNING] STOCH combo [21, 5, 3] is missing 2 parameter(s); using defaults slowk=5 slowd=3 slowk_matype=0 slowd_matype=0
09:59:19 [WARNING] STOCH combo [21, 5, 5] is missing 2 parameter(s); using defaults slowk=5 slowd=5 slowk_matype=0 slowd_matype=0
09:59:19 [WARNING] STOCH combo [34, 5, 3] is missing 2 parameter(s); using defaults slowk=5 slowd=3 slowk_matype=0 slowd_matype=0
09:59:19 [WARNING] STOCH combo [34, 5, 5] is missing 2 parameter(s); using defaults slowk=5 slowd=5 slowk_matype=0 slowd_matype=0
09:59:19 [WARNING] STOCH combo [55, 5, 5] is missing 2 parameter(s); using defaults slowk=5 slowd=5 slowk_matype=0 slowd_matype=0
09:59:19 [WARNING] STOCH combo [55, 8, 5] is missing 2 parameter(s); using defaults slowk=8 slowd=5 slowk_matype=0 slowd_matype=0
09:59:19 [WARNING] STOCH combo [89, 8, 5] is missing 2 parameter(s); using defaults slowk=8 slowd=5 slowk_matype=0 slowd_matype=0
09:59:19 [WARNING] STOCHF combo [5, 3] is missing 1 parameter(s); using defaults fastd_period=3 fastd_matype=0
09:59:19 [WARNING] STOCHF combo [8, 3] is missing 1 parameter(s); using defaults fastd_period=3 fastd_matype=0
09:59:19 [WARNING] STOCHF combo [13, 3] is missing 1 parameter(s); using defaults fastd_period=3 fastd_matype=0
09:59:19 [WARNING] STOCHF combo [21, 3] is missing 1 parameter(s); using defaults fastd_period=3 fastd_matype=0
09:59:19 [WARNING] STOCHF combo [21, 5] is missing 1 parameter(s); using defaults fastd_period=5 fastd_matype=0
09:59:19 [WARNING] STOCHF combo [34, 5] is missing 1 parameter(s); using defaults fastd_period=5 fastd_matype=0
09:59:19 [WARNING] STOCHF combo [55, 5] is missing 1 parameter(s); using defaults fastd_period=5 fastd_matype=0
09:59:19 [WARNING] STOCHF combo [89, 8] is missing 1 parameter(s); using defaults fastd_period=8 fastd_matype=0
09:59:19 [WARNING] STOCHRSI combo [9, 5, 3] is missing 1 parameter(s); using defaults fastk_period=5 fastd_period=3 fastd_matype=0
09:59:19 [WARNING] STOCHRSI combo [14, 5, 3] is missing 1 parameter(s); using defaults fastk_period=5 fastd_period=3 fastd_matype=0
09:59:19 [WARNING] STOCHRSI combo [14, 3, 3] is missing 1 parameter(s); using defaults fastk_period=3 fastd_period=3 fastd_matype=0
09:59:19 [WARNING] STOCHRSI combo [21, 5, 3] is missing 1 parameter(s); using defaults fastk_period=5 fastd_period=3 fastd_matype=0
09:59:19 [WARNING] STOCHRSI combo [21, 8, 5] is missing 1 parameter(s); using defaults fastk_period=8 fastd_period=5 fastd_matype=0
09:59:19 [WARNING] STOCHRSI combo [34, 8, 5] is missing 1 parameter(s); using defaults fastk_period=8 fastd_period=5 fastd_matype=0
09:59:19 [WARNING] STOCHRSI combo [55, 8, 5] is missing 1 parameter(s); using defaults fastk_period=8 fastd_period=5 fastd_matype=0
09:59:42 [INFO] [CGSA] L2 persisted group=1h_L2_Momentum shards=3 total_bytes=239.3 MiB
09:59:42 [INFO] [L2] Completed: 11621 cols in 23.68s
09:59:43 [INFO] [Layer 2] 100% - Layer 2 completed: 11621 features
09:59:43 [INFO] Layer 2 done: 11621 cols, status=ok, rss=1414MB
09:59:43 [INFO] [memmap] created: shape=(6985, 11621), dtype=<class 'numpy.float32'>, est=0.32 GB  (file auto-unlinked)
09:59:44 [INFO] [spill] layer2: 6985×11621 → float32 memmap in 0.7s (freed ~0.6 GB float64)
09:59:44 [INFO] [Layer 3] 0% - Starting Layer 3...
09:59:44 [INFO] Layer 3 starting, rss=1524MB
09:59:48 [INFO] [L3 streaming][numba][multi][persist] step 10/20 (W5_range): 898→898 cols (-0 dead)
09:59:48 [INFO] [L3 streaming][numba][multi][persist] step 20/20 (W13_range): 898→898 cols (-0 dead)
09:59:48 [INFO] [L3 streaming][numba][multi][persist] complete: 17960 generated, 4 dropped, 17956 survivors persisted via callback
09:59:51 [INFO] [L3] streaming persist (mode=streaming) complete: 17956 cols persisted in 20 groups
09:59:51 [INFO] [Layer 3] 100% - Layer 3 completed: 0 features
09:59:51 [INFO] Layer 3 done: 0 cols, status=offloaded_to_registry, rss=1130MB
09:59:51 [INFO] [Layer 4] 0% - Starting Layer 4...
09:59:51 [INFO] Layer 4 starting, rss=1130MB
09:59:51 [INFO] [Layer 4] 100% - Layer 4 completed: 7224 features
09:59:51 [INFO] Layer 4 done: 7224 cols, status=ok, rss=1091MB
09:59:51 [INFO] [Layer 5] 0% - Starting Layer 5...
09:59:51 [INFO] Layer 5 starting, rss=1091MB
09:59:51 [INFO] [Layer 5] 100% - Layer 5 completed: 0 features
09:59:51 [INFO] Layer 5 done: 0 cols, status=empty_disabled, rss=1094MB
09:59:51 [INFO] [Layer 6] 0% - Starting Layer 6...
09:59:51 [INFO] Layer 6 starting, rss=1094MB
09:59:51 [INFO] [Layer 6] 100% - Layer 6 completed: 10 features
09:59:51 [INFO] Layer 6 done: 10 cols, status=ok, rss=1101MB
09:59:51 [INFO] [CGSA] Disk pre-check OK: layer=L4_lag symbol=BTCUSDT tf=1h need=2.38 GiB (planned_new=0.19 GiB, max_inflight_tmp×2=0.19 GiB, reserve=2.00 GiB) free=32.20 GiB shape=(6985, 7224)
09:59:52 [INFO] [CGSA] L4_lag persisted group=1h_L4_lag_1 shards=2 total_bytes=133.2 MiB
09:59:52 [INFO] [CGSA] Persisted L4_lag: 7224 cols → 2 groups (tf=1h)
09:59:52 [INFO] [CGSA] Disk pre-check OK: layer=L6_meta symbol=BTCUSDT tf=1h need=2.00 GiB (planned_new=0.00 GiB, max_inflight_tmp×2=0.00 GiB, reserve=2.00 GiB) free=32.01 GiB shape=(6985, 10)
09:59:52 [INFO] [CGSA] Persisted L6_meta: 10 cols → 1 groups (tf=1h)
09:59:54 [INFO] [L7][CGSA] Quality summary: inf_count=0, coverage=0.9478, non_nan=249660275/263397365
09:59:54 [INFO] [L7_raw] Disk pre-check OK: required=2.00 GiB (safety x1.50), estimated_final=0.49 GiB, reclaimable_npy=0.98 GiB, net_growth=0.00 GiB, max_inflight_part=0.13 GiB, largest_part_source=1h_L2_Momentum, reserve_floor=2.00 GiB, free=32.01 GiB, groups=241
09:59:55 [INFO] [L6.5] raw-sink path uses serial group streaming for disk safety (requested_workers=2)
09:59:55 [INFO] [L6.5] Registry raw-sink config: groups=241 requested_workers=2 effective_workers=1 mode=append use_fast=False can_use_numba_fast=False winsor=False rank=False zscore=False fracdiff=True fracdiff_apply_to=non_stationary fracdiff_layers=['L1', 'L2'] adf=False gaussian=False
09:59:55 [INFO] [L6.5] Raw-sink start: 238 full groups (fast=0, slow=238) + 3 big-group splits → 248 sub-tasks (requested_workers=2, effective_workers=1, split_threshold=2000, slow_chunked=3, max_group_cols=8980, schedule=largest_first, rss=1634MB)
09:59:56 [INFO] [L6.5] raw-sink chunk stream start: group=1h_L2_Momentum cols=8980 chunks=5 chunk_size=2000 rss=1749MB
10:00:47 [INFO] [L6.5] symbol=BTCUSDT tf=1h d_star_cache_hit=0/706 path=/private/var/folders/_c/3xdf41hd3tvgxpx63mrml2c00000gn/T/pytest-of-louis/pytest-9/test_small_mutation_fracdiff_f0/dstar/full/d_star_BTCUSDT_1h_dcc154ced6b6.json
10:01:02 [INFO] [L6.5] symbol=BTCUSDT tf=1h d_star_cache_hit=174/995 path=/private/var/folders/_c/3xdf41hd3tvgxpx63mrml2c00000gn/T/pytest-of-louis/pytest-9/test_small_mutation_fracdiff_f0/dstar/full/d_star_BTCUSDT_1h_dcc154ced6b6.json
10:01:16 [INFO] [L6.5] symbol=BTCUSDT tf=1h d_star_cache_hit=174/1121 path=/private/var/folders/_c/3xdf41hd3tvgxpx63mrml2c00000gn/T/pytest-of-louis/pytest-9/test_small_mutation_fracdiff_f0/dstar/full/d_star_BTCUSDT_1h_dcc154ced6b6.json
10:01:25 [INFO] [L6.5] symbol=BTCUSDT tf=1h d_star_cache_hit=174/1183 path=/private/var/folders/_c/3xdf41hd3tvgxpx63mrml2c00000gn/T/pytest-of-louis/pytest-9/test_small_mutation_fracdiff_f0/dstar/full/d_star_BTCUSDT_1h_dcc154ced6b6.json
10:01:30 [INFO] [L6.5] symbol=BTCUSDT tf=1h d_star_cache_hit=179/1222 path=/private/var/folders/_c/3xdf41hd3tvgxpx63mrml2c00000gn/T/pytest-of-louis/pytest-9/test_small_mutation_fracdiff_f0/dstar/full/d_star_BTCUSDT_1h_dcc154ced6b6.json
10:01:31 [INFO] [L6.5] raw-sink chunk stream complete: group=1h_L2_Momentum chunks=5 outputs=10 rss=562MB
10:01:31 [INFO] [L6.5] raw-sink heartbeat: tasks 10/248 (4.0%), groups 1/241, elapsed=95.4s, rate=0.10/s, ETA=2271s, rss=562MB, last=1h_L2_Momentum (slow-chunked, parts=10)
10:01:31 [INFO] [L6.5] raw-sink chunk stream start: group=1h_L4_lag_1 cols=5000 chunks=3 chunk_size=2000 rss=512MB
10:01:33 [INFO] [L6.5] raw-sink chunk stream complete: group=1h_L4_lag_1 chunks=3 outputs=3 rss=723MB
10:01:33 [INFO] [L6.5] raw-sink chunk stream start: group=1h_L4_lag_2 cols=2224 chunks=2 chunk_size=2000 rss=723MB
10:01:33 [INFO] [L6.5] raw-sink chunk stream complete: group=1h_L4_lag_2 chunks=2 outputs=2 rss=721MB
10:01:50 [INFO] [L6.5] symbol=BTCUSDT tf=1h d_star_cache_hit=22/248 path=/private/var/folders/_c/3xdf41hd3tvgxpx63mrml2c00000gn/T/pytest-of-louis/pytest-9/test_small_mutation_fracdiff_f0/dstar/full/d_star_BTCUSDT_1h_dcc154ced6b6.json
10:02:08 [INFO] [L6.5] symbol=BTCUSDT tf=1h d_star_cache_hit=29/284 path=/private/var/folders/_c/3xdf41hd3tvgxpx63mrml2c00000gn/T/pytest-of-louis/pytest-9/test_small_mutation_fracdiff_f0/dstar/full/d_star_BTCUSDT_1h_dcc154ced6b6.json
10:02:09 [INFO] [L6.5] raw-sink heartbeat: tasks 19/248 (7.7%), groups 5/241, elapsed=133.5s, rate=0.14/s, ETA=1610s, rss=261MB, last=1h_L2_Ratio (full)
10:02:12 [INFO] [L6.5] raw-sink heartbeat: tasks 31/248 (12.5%), groups 17/241, elapsed=137.2s, rate=0.23/s, ETA=960s, rss=474MB, last=1h_L3_rolling_W5_Min_1 (full)
10:02:17 [INFO] [L6.5] symbol=BTCUSDT tf=1h d_star_cache_hit=6/34 path=/private/var/folders/_c/3xdf41hd3tvgxpx63mrml2c00000gn/T/pytest-of-louis/pytest-9/test_small_mutation_fracdiff_f0/dstar/full/d_star_BTCUSDT_1h_dcc154ced6b6.json
10:02:18 [INFO] [L6.5] symbol=BTCUSDT tf=1h d_star_cache_hit=32/40 path=/private/var/folders/_c/3xdf41hd3tvgxpx63mrml2c00000gn/T/pytest-of-louis/pytest-9/test_small_mutation_fracdiff_f0/dstar/full/d_star_BTCUSDT_1h_dcc154ced6b6.json
10:02:18 [INFO] [L6.5] raw-sink heartbeat: tasks 43/248 (17.3%), groups 27/241, elapsed=142.8s, rate=0.30/s, ETA=681s, rss=477MB, last=1h_L2_BinarySignal (full)
10:02:18 [INFO] [L6.5] symbol=BTCUSDT tf=1h d_star_cache_hit=0/5 path=/private/var/folders/_c/3xdf41hd3tvgxpx63mrml2c00000gn/T/pytest-of-louis/pytest-9/test_small_mutation_fracdiff_f0/dstar/full/d_star_BTCUSDT_1h_dcc154ced6b6.json
10:02:20 [INFO] [L6.5] symbol=BTCUSDT tf=1h d_star_cache_hit=0/19 path=/private/var/folders/_c/3xdf41hd3tvgxpx63mrml2c00000gn/T/pytest-of-louis/pytest-9/test_small_mutation_fracdiff_f0/dstar/full/d_star_BTCUSDT_1h_dcc154ced6b6.json
10:02:21 [INFO] [L6.5] symbol=BTCUSDT tf=1h d_star_cache_hit=0/13 path=/private/var/folders/_c/3xdf41hd3tvgxpx63mrml2c00000gn/T/pytest-of-louis/pytest-9/test_small_mutation_fracdiff_f0/dstar/full/d_star_BTCUSDT_1h_dcc154ced6b6.json
10:02:21 [INFO] [L6.5] symbol=BTCUSDT tf=1h d_star_cache_hit=0/3 path=/private/var/folders/_c/3xdf41hd3tvgxpx63mrml2c00000gn/T/pytest-of-louis/pytest-9/test_small_mutation_fracdiff_f0/dstar/full/d_star_BTCUSDT_1h_dcc154ced6b6.json
10:02:22 [INFO] [L6.5] symbol=BTCUSDT tf=1h d_star_cache_hit=0/3 path=/private/var/folders/_c/3xdf41hd3tvgxpx63mrml2c00000gn/T/pytest-of-louis/pytest-9/test_small_mutation_fracdiff_f0/dstar/full/d_star_BTCUSDT_1h_dcc154ced6b6.json
10:02:22 [INFO] [L6.5] symbol=BTCUSDT tf=1h d_star_cache_hit=0/3 path=/private/var/folders/_c/3xdf41hd3tvgxpx63mrml2c00000gn/T/pytest-of-louis/pytest-9/test_small_mutation_fracdiff_f0/dstar/full/d_star_BTCUSDT_1h_dcc154ced6b6.json
10:02:22 [INFO] [L6.5] raw-sink heartbeat: tasks 55/248 (22.2%), groups 33/241, elapsed=147.1s, rate=0.37/s, ETA=516s, rss=465MB, last=1h_L1_momentum_ROCR (full)
10:02:23 [INFO] [L6.5] symbol=BTCUSDT tf=1h d_star_cache_hit=0/3 path=/private/var/folders/_c/3xdf41hd3tvgxpx63mrml2c00000gn/T/pytest-of-louis/pytest-9/test_small_mutation_fracdiff_f0/dstar/full/d_star_BTCUSDT_1h_dcc154ced6b6.json
10:02:23 [INFO] [L6.5] symbol=BTCUSDT tf=1h d_star_cache_hit=0/5 path=/private/var/folders/_c/3xdf41hd3tvgxpx63mrml2c00000gn/T/pytest-of-louis/pytest-9/test_small_mutation_fracdiff_f0/dstar/full/d_star_BTCUSDT_1h_dcc154ced6b6.json
10:02:24 [INFO] [L6.5] symbol=BTCUSDT tf=1h d_star_cache_hit=0/3 path=/private/var/folders/_c/3xdf41hd3tvgxpx63mrml2c00000gn/T/pytest-of-louis/pytest-9/test_small_mutation_fracdiff_f0/dstar/full/d_star_BTCUSDT_1h_dcc154ced6b6.json
10:02:24 [INFO] [L6.5] symbol=BTCUSDT tf=1h d_star_cache_hit=0/7 path=/private/var/folders/_c/3xdf41hd3tvgxpx63mrml2c00000gn/T/pytest-of-louis/pytest-9/test_small_mutation_fracdiff_f0/dstar/full/d_star_BTCUSDT_1h_dcc154ced6b6.json
10:02:25 [INFO] [L6.5] symbol=BTCUSDT tf=1h d_star_cache_hit=0/10 path=/private/var/folders/_c/3xdf41hd3tvgxpx63mrml2c00000gn/T/pytest-of-louis/pytest-9/test_small_mutation_fracdiff_f0/dstar/full/d_star_BTCUSDT_1h_dcc154ced6b6.json
10:02:26 [INFO] [L6.5] symbol=BTCUSDT tf=1h d_star_cache_hit=0/14 path=/private/var/folders/_c/3xdf41hd3tvgxpx63mrml2c00000gn/T/pytest-of-louis/pytest-9/test_small_mutation_fracdiff_f0/dstar/full/d_star_BTCUSDT_1h_dcc154ced6b6.json
10:02:26 [INFO] [L6.5] raw-sink heartbeat: tasks 67/248 (27.0%), groups 39/241, elapsed=151.2s, rate=0.44/s, ETA=409s, rss=374MB, last=1h_L1_trend_KAMA (full)
10:02:27 [INFO] [L6.5] symbol=BTCUSDT tf=1h d_star_cache_hit=8/8 path=/private/var/folders/_c/3xdf41hd3tvgxpx63mrml2c00000gn/T/pytest-of-louis/pytest-9/test_small_mutation_fracdiff_f0/dstar/full/d_star_BTCUSDT_1h_dcc154ced6b6.json
10:02:27 [INFO] [L6.5] symbol=BTCUSDT tf=1h d_star_cache_hit=4/7 path=/private/var/folders/_c/3xdf41hd3tvgxpx63mrml2c00000gn/T/pytest-of-louis/pytest-9/test_small_mutation_fracdiff_f0/dstar/full/d_star_BTCUSDT_1h_dcc154ced6b6.json
10:02:28 [INFO] [L6.5] symbol=BTCUSDT tf=1h d_star_cache_hit=0/9 path=/private/var/folders/_c/3xdf41hd3tvgxpx63mrml2c00000gn/T/pytest-of-louis/pytest-9/test_small_mutation_fracdiff_f0/dstar/full/d_star_BTCUSDT_1h_dcc154ced6b6.json
10:02:29 [INFO] [L6.5] symbol=BTCUSDT tf=1h d_star_cache_hit=0/11 path=/private/var/folders/_c/3xdf41hd3tvgxpx63mrml2c00000gn/T/pytest-of-louis/pytest-9/test_small_mutation_fracdiff_f0/dstar/full/d_star_BTCUSDT_1h_dcc154ced6b6.json
10:02:30 [INFO] [L6.5] symbol=BTCUSDT tf=1h d_star_cache_hit=0/9 path=/private/var/folders/_c/3xdf41hd3tvgxpx63mrml2c00000gn/T/pytest-of-louis/pytest-9/test_small_mutation_fracdiff_f0/dstar/full/d_star_BTCUSDT_1h_dcc154ced6b6.json
10:02:31 [INFO] [L6.5] symbol=BTCUSDT tf=1h d_star_cache_hit=0/5 path=/private/var/folders/_c/3xdf41hd3tvgxpx63mrml2c00000gn/T/pytest-of-louis/pytest-9/test_small_mutation_fracdiff_f0/dstar/full/d_star_BTCUSDT_1h_dcc154ced6b6.json
10:02:31 [INFO] [L6.5] raw-sink heartbeat: tasks 79/248 (31.9%), groups 45/241, elapsed=155.6s, rate=0.51/s, ETA=333s, rss=352MB, last=1h_L1_trend_TRIMA (full)
10:02:31 [INFO] [L6.5] symbol=BTCUSDT tf=1h d_star_cache_hit=0/7 path=/private/var/folders/_c/3xdf41hd3tvgxpx63mrml2c00000gn/T/pytest-of-louis/pytest-9/test_small_mutation_fracdiff_f0/dstar/full/d_star_BTCUSDT_1h_dcc154ced6b6.json
10:02:32 [INFO] [L6.5] symbol=BTCUSDT tf=1h d_star_cache_hit=0/8 path=/private/var/folders/_c/3xdf41hd3tvgxpx63mrml2c00000gn/T/pytest-of-louis/pytest-9/test_small_mutation_fracdiff_f0/dstar/full/d_star_BTCUSDT_1h_dcc154ced6b6.json
10:02:32 [INFO] [L6.5] symbol=BTCUSDT tf=1h d_star_cache_hit=8/8 path=/private/var/folders/_c/3xdf41hd3tvgxpx63mrml2c00000gn/T/pytest-of-louis/pytest-9/test_small_mutation_fracdiff_f0/dstar/full/d_star_BTCUSDT_1h_dcc154ced6b6.json
10:02:33 [INFO] [L6.5] symbol=BTCUSDT tf=1h d_star_cache_hit=0/7 path=/private/var/folders/_c/3xdf41hd3tvgxpx63mrml2c00000gn/T/pytest-of-louis/pytest-9/test_small_mutation_fracdiff_f0/dstar/full/d_star_BTCUSDT_1h_dcc154ced6b6.json
10:02:34 [INFO] [L6.5] symbol=BTCUSDT tf=1h d_star_cache_hit=0/1 path=/private/var/folders/_c/3xdf41hd3tvgxpx63mrml2c00000gn/T/pytest-of-louis/pytest-9/test_small_mutation_fracdiff_f0/dstar/full/d_star_BTCUSDT_1h_dcc154ced6b6.json
10:02:34 [INFO] [L6.5] raw-sink heartbeat: tasks 92/248 (37.1%), groups 53/241, elapsed=158.8s, rate=0.58/s, ETA=269s, rss=327MB, last=1h_L1_momentum_WILLR (full)
10:02:34 [INFO] [L6.5] symbol=BTCUSDT tf=1h d_star_cache_hit=0/1 path=/private/var/folders/_c/3xdf41hd3tvgxpx63mrml2c00000gn/T/pytest-of-louis/pytest-9/test_small_mutation_fracdiff_f0/dstar/full/d_star_BTCUSDT_1h_dcc154ced6b6.json
10:02:35 [INFO] [L6.5] symbol=BTCUSDT tf=1h d_star_cache_hit=0/3 path=/private/var/folders/_c/3xdf41hd3tvgxpx63mrml2c00000gn/T/pytest-of-louis/pytest-9/test_small_mutation_fracdiff_f0/dstar/full/d_star_BTCUSDT_1h_dcc154ced6b6.json
10:02:35 [INFO] [L6.5] symbol=BTCUSDT tf=1h d_star_cache_hit=0/5 path=/private/var/folders/_c/3xdf41hd3tvgxpx63mrml2c00000gn/T/pytest-of-louis/pytest-9/test_small_mutation_fracdiff_f0/dstar/full/d_star_BTCUSDT_1h_dcc154ced6b6.json
10:02:35 [INFO] [L6.5] symbol=BTCUSDT tf=1h d_star_cache_hit=0/1 path=/private/var/folders/_c/3xdf41hd3tvgxpx63mrml2c00000gn/T/pytest-of-louis/pytest-9/test_small_mutation_fracdiff_f0/dstar/full/d_star_BTCUSDT_1h_dcc154ced6b6.json
10:02:36 [INFO] [L6.5] symbol=BTCUSDT tf=1h d_star_cache_hit=0/1 path=/private/var/folders/_c/3xdf41hd3tvgxpx63mrml2c00000gn/T/pytest-of-louis/pytest-9/test_small_mutation_fracdiff_f0/dstar/full/d_star_BTCUSDT_1h_dcc154ced6b6.json
10:02:36 [INFO] [L6.5] raw-sink heartbeat: tasks 104/248 (41.9%), groups 60/241, elapsed=160.7s, rate=0.65/s, ETA=223s, rss=321MB, last=1h_L1_momentum_AROONOSC (full)
10:02:36 [INFO] [L6.5] symbol=BTCUSDT tf=1h d_star_cache_hit=0/2 path=/private/var/folders/_c/3xdf41hd3tvgxpx63mrml2c00000gn/T/pytest-of-louis/pytest-9/test_small_mutation_fracdiff_f0/dstar/full/d_star_BTCUSDT_1h_dcc154ced6b6.json
10:02:37 [INFO] [L6.5] symbol=BTCUSDT tf=1h d_star_cache_hit=0/5 path=/private/var/folders/_c/3xdf41hd3tvgxpx63mrml2c00000gn/T/pytest-of-louis/pytest-9/test_small_mutation_fracdiff_f0/dstar/full/d_star_BTCUSDT_1h_dcc154ced6b6.json
10:02:37 [INFO] [L6.5] symbol=BTCUSDT tf=1h d_star_cache_hit=0/4 path=/private/var/folders/_c/3xdf41hd3tvgxpx63mrml2c00000gn/T/pytest-of-louis/pytest-9/test_small_mutation_fracdiff_f0/dstar/full/d_star_BTCUSDT_1h_dcc154ced6b6.json
10:02:38 [INFO] [L6.5] symbol=BTCUSDT tf=1h d_star_cache_hit=0/5 path=/private/var/folders/_c/3xdf41hd3tvgxpx63mrml2c00000gn/T/pytest-of-louis/pytest-9/test_small_mutation_fracdiff_f0/dstar/full/d_star_BTCUSDT_1h_dcc154ced6b6.json
10:02:39 [INFO] [L6.5] symbol=BTCUSDT tf=1h d_star_cache_hit=0/5 path=/private/var/folders/_c/3xdf41hd3tvgxpx63mrml2c00000gn/T/pytest-of-louis/pytest-9/test_small_mutation_fracdiff_f0/dstar/full/d_star_BTCUSDT_1h_dcc154ced6b6.json
10:02:39 [INFO] [L6.5] symbol=BTCUSDT tf=1h d_star_cache_hit=0/6 path=/private/var/folders/_c/3xdf41hd3tvgxpx63mrml2c00000gn/T/pytest-of-louis/pytest-9/test_small_mutation_fracdiff_f0/dstar/full/d_star_BTCUSDT_1h_dcc154ced6b6.json
10:02:39 [INFO] [L6.5] raw-sink heartbeat: tasks 116/248 (46.8%), groups 66/241, elapsed=164.1s, rate=0.71/s, ETA=187s, rss=312MB, last=1h_L1_trend_MIDPRICE (full)
10:02:40 [INFO] [L6.5] symbol=BTCUSDT tf=1h d_star_cache_hit=0/1 path=/private/var/folders/_c/3xdf41hd3tvgxpx63mrml2c00000gn/T/pytest-of-louis/pytest-9/test_small_mutation_fracdiff_f0/dstar/full/d_star_BTCUSDT_1h_dcc154ced6b6.json
10:02:40 [INFO] [L6.5] symbol=BTCUSDT tf=1h d_star_cache_hit=0/1 path=/private/var/folders/_c/3xdf41hd3tvgxpx63mrml2c00000gn/T/pytest-of-louis/pytest-9/test_small_mutation_fracdiff_f0/dstar/full/d_star_BTCUSDT_1h_dcc154ced6b6.json
10:02:41 [INFO] [L6.5] raw-sink heartbeat: tasks 128/248 (51.6%), groups 76/241, elapsed=165.7s, rate=0.77/s, ETA=155s, rss=310MB, last=1h_L1_momentum_APO_5-21-0 (full)
10:02:41 [INFO] [L6.5] symbol=BTCUSDT tf=1h d_star_cache_hit=0/1 path=/private/var/folders/_c/3xdf41hd3tvgxpx63mrml2c00000gn/T/pytest-of-louis/pytest-9/test_small_mutation_fracdiff_f0/dstar/full/d_star_BTCUSDT_1h_dcc154ced6b6.json
10:02:41 [INFO] [L6.5] symbol=BTCUSDT tf=1h d_star_cache_hit=0/1 path=/private/var/folders/_c/3xdf41hd3tvgxpx63mrml2c00000gn/T/pytest-of-louis/pytest-9/test_small_mutation_fracdiff_f0/dstar/full/d_star_BTCUSDT_1h_dcc154ced6b6.json
10:02:42 [INFO] [L6.5] raw-sink heartbeat: tasks 140/248 (56.5%), groups 86/241, elapsed=167.2s, rate=0.84/s, ETA=129s, rss=310MB, last=1h_L1_momentum_MACD-Hist_34-144-21 (full)
10:02:43 [INFO] [L6.5] symbol=BTCUSDT tf=1h d_star_cache_hit=0/1 path=/private/var/folders/_c/3xdf41hd3tvgxpx63mrml2c00000gn/T/pytest-of-louis/pytest-9/test_small_mutation_fracdiff_f0/dstar/full/d_star_BTCUSDT_1h_dcc154ced6b6.json
10:02:44 [INFO] [L6.5] symbol=BTCUSDT tf=1h d_star_cache_hit=0/1 path=/private/var/folders/_c/3xdf41hd3tvgxpx63mrml2c00000gn/T/pytest-of-louis/pytest-9/test_small_mutation_fracdiff_f0/dstar/full/d_star_BTCUSDT_1h_dcc154ced6b6.json
10:02:44 [INFO] [L6.5] raw-sink heartbeat: tasks 152/248 (61.3%), groups 96/241, elapsed=168.6s, rate=0.90/s, ETA=106s, rss=310MB, last=1h_L1_momentum_MACD-Line_13-55-13 (full)
10:02:44 [INFO] [L6.5] symbol=BTCUSDT tf=1h d_star_cache_hit=0/1 path=/private/var/folders/_c/3xdf41hd3tvgxpx63mrml2c00000gn/T/pytest-of-louis/pytest-9/test_small_mutation_fracdiff_f0/dstar/full/d_star_BTCUSDT_1h_dcc154ced6b6.json
10:02:44 [INFO] [L6.5] symbol=BTCUSDT tf=1h d_star_cache_hit=0/1 path=/private/var/folders/_c/3xdf41hd3tvgxpx63mrml2c00000gn/T/pytest-of-louis/pytest-9/test_small_mutation_fracdiff_f0/dstar/full/d_star_BTCUSDT_1h_dcc154ced6b6.json
10:02:45 [INFO] [L6.5] symbol=BTCUSDT tf=1h d_star_cache_hit=0/2 path=/private/var/folders/_c/3xdf41hd3tvgxpx63mrml2c00000gn/T/pytest-of-louis/pytest-9/test_small_mutation_fracdiff_f0/dstar/full/d_star_BTCUSDT_1h_dcc154ced6b6.json
10:02:45 [INFO] [L6.5] symbol=BTCUSDT tf=1h d_star_cache_hit=0/1 path=/private/var/folders/_c/3xdf41hd3tvgxpx63mrml2c00000gn/T/pytest-of-louis/pytest-9/test_small_mutation_fracdiff_f0/dstar/full/d_star_BTCUSDT_1h_dcc154ced6b6.json
10:02:45 [INFO] [L6.5] symbol=BTCUSDT tf=1h d_star_cache_hit=0/1 path=/private/var/folders/_c/3xdf41hd3tvgxpx63mrml2c00000gn/T/pytest-of-louis/pytest-9/test_small_mutation_fracdiff_f0/dstar/full/d_star_BTCUSDT_1h_dcc154ced6b6.json
10:02:45 [INFO] [L6.5] raw-sink heartbeat: tasks 165/248 (66.5%), groups 104/241, elapsed=170.2s, rate=0.97/s, ETA=86s, rss=311MB, last=1h_L1_momentum_MACD-Line_55-233-34 (full)
10:02:46 [INFO] [L6.5] symbol=BTCUSDT tf=1h d_star_cache_hit=0/1 path=/private/var/folders/_c/3xdf41hd3tvgxpx63mrml2c00000gn/T/pytest-of-louis/pytest-9/test_small_mutation_fracdiff_f0/dstar/full/d_star_BTCUSDT_1h_dcc154ced6b6.json
10:02:46 [INFO] [L6.5] symbol=BTCUSDT tf=1h d_star_cache_hit=0/1 path=/private/var/folders/_c/3xdf41hd3tvgxpx63mrml2c00000gn/T/pytest-of-louis/pytest-9/test_small_mutation_fracdiff_f0/dstar/full/d_star_BTCUSDT_1h_dcc154ced6b6.json
10:02:47 [INFO] [L6.5] symbol=BTCUSDT tf=1h d_star_cache_hit=0/1 path=/private/var/folders/_c/3xdf41hd3tvgxpx63mrml2c00000gn/T/pytest-of-louis/pytest-9/test_small_mutation_fracdiff_f0/dstar/full/d_star_BTCUSDT_1h_dcc154ced6b6.json
10:02:47 [INFO] [L6.5] symbol=BTCUSDT tf=1h d_star_cache_hit=0/1 path=/private/var/folders/_c/3xdf41hd3tvgxpx63mrml2c00000gn/T/pytest-of-louis/pytest-9/test_small_mutation_fracdiff_f0/dstar/full/d_star_BTCUSDT_1h_dcc154ced6b6.json
10:02:47 [INFO] [L6.5] raw-sink heartbeat: tasks 177/248 (71.4%), groups 112/241, elapsed=171.8s, rate=1.03/s, ETA=69s, rss=310MB, last=1h_L1_momentum_MACD-Signal_34-144-21 (full)
10:02:47 [INFO] [L6.5] symbol=BTCUSDT tf=1h d_star_cache_hit=0/1 path=/private/var/folders/_c/3xdf41hd3tvgxpx63mrml2c00000gn/T/pytest-of-louis/pytest-9/test_small_mutation_fracdiff_f0/dstar/full/d_star_BTCUSDT_1h_dcc154ced6b6.json
10:02:48 [INFO] [L6.5] symbol=BTCUSDT tf=1h d_star_cache_hit=0/1 path=/private/var/folders/_c/3xdf41hd3tvgxpx63mrml2c00000gn/T/pytest-of-louis/pytest-9/test_small_mutation_fracdiff_f0/dstar/full/d_star_BTCUSDT_1h_dcc154ced6b6.json
10:02:48 [INFO] [L6.5] symbol=BTCUSDT tf=1h d_star_cache_hit=0/1 path=/private/var/folders/_c/3xdf41hd3tvgxpx63mrml2c00000gn/T/pytest-of-louis/pytest-9/test_small_mutation_fracdiff_f0/dstar/full/d_star_BTCUSDT_1h_dcc154ced6b6.json
10:02:49 [INFO] [L6.5] raw-sink heartbeat: tasks 189/248 (76.2%), groups 121/241, elapsed=173.4s, rate=1.09/s, ETA=54s, rss=307MB, last=1h_L1_momentum_MACDEXT-Hist_13-34-9 (full)
10:02:50 [INFO] [L6.5] symbol=BTCUSDT tf=1h d_star_cache_hit=0/1 path=/private/var/folders/_c/3xdf41hd3tvgxpx63mrml2c00000gn/T/pytest-of-louis/pytest-9/test_small_mutation_fracdiff_f0/dstar/full/d_star_BTCUSDT_1h_dcc154ced6b6.json
10:02:50 [INFO] [L6.5] raw-sink heartbeat: tasks 201/248 (81.0%), groups 132/241, elapsed=174.9s, rate=1.15/s, ETA=41s, rss=307MB, last=1h_L1_momentum_MACDEXT-Hist_8-34-9 (full)
10:02:51 [INFO] [L6.5] symbol=BTCUSDT tf=1h d_star_cache_hit=1/1 path=/private/var/folders/_c/3xdf41hd3tvgxpx63mrml2c00000gn/T/pytest-of-louis/pytest-9/test_small_mutation_fracdiff_f0/dstar/full/d_star_BTCUSDT_1h_dcc154ced6b6.json
10:02:51 [INFO] [L6.5] symbol=BTCUSDT tf=1h d_star_cache_hit=0/1 path=/private/var/folders/_c/3xdf41hd3tvgxpx63mrml2c00000gn/T/pytest-of-louis/pytest-9/test_small_mutation_fracdiff_f0/dstar/full/d_star_BTCUSDT_1h_dcc154ced6b6.json
10:02:52 [INFO] [L6.5] symbol=BTCUSDT tf=1h d_star_cache_hit=0/1 path=/private/var/folders/_c/3xdf41hd3tvgxpx63mrml2c00000gn/T/pytest-of-louis/pytest-9/test_small_mutation_fracdiff_f0/dstar/full/d_star_BTCUSDT_1h_dcc154ced6b6.json
10:02:52 [INFO] [L6.5] raw-sink heartbeat: tasks 214/248 (86.3%), groups 142/241, elapsed=176.3s, rate=1.21/s, ETA=28s, rss=308MB, last=1h_L1_momentum_MACDEXT-Line_55-144-21 (full)
10:02:52 [INFO] [L6.5] symbol=BTCUSDT tf=1h d_star_cache_hit=1/1 path=/private/var/folders/_c/3xdf41hd3tvgxpx63mrml2c00000gn/T/pytest-of-louis/pytest-9/test_small_mutation_fracdiff_f0/dstar/full/d_star_BTCUSDT_1h_dcc154ced6b6.json
10:02:53 [INFO] [L6.5] symbol=BTCUSDT tf=1h d_star_cache_hit=0/1 path=/private/var/folders/_c/3xdf41hd3tvgxpx63mrml2c00000gn/T/pytest-of-louis/pytest-9/test_small_mutation_fracdiff_f0/dstar/full/d_star_BTCUSDT_1h_dcc154ced6b6.json
10:02:53 [INFO] [L6.5] symbol=BTCUSDT tf=1h d_star_cache_hit=0/2 path=/private/var/folders/_c/3xdf41hd3tvgxpx63mrml2c00000gn/T/pytest-of-louis/pytest-9/test_small_mutation_fracdiff_f0/dstar/full/d_star_BTCUSDT_1h_dcc154ced6b6.json
10:02:53 [INFO] [L6.5] raw-sink heartbeat: tasks 226/248 (91.1%), groups 151/241, elapsed=177.8s, rate=1.27/s, ETA=17s, rss=307MB, last=1h_L1_momentum_MACDEXT-Signal_34-144-21 (full)
10:02:53 [INFO] [L6.5] symbol=BTCUSDT tf=1h d_star_cache_hit=0/1 path=/private/var/folders/_c/3xdf41hd3tvgxpx63mrml2c00000gn/T/pytest-of-louis/pytest-9/test_small_mutation_fracdiff_f0/dstar/full/d_star_BTCUSDT_1h_dcc154ced6b6.json
10:02:54 [INFO] [L6.5] symbol=BTCUSDT tf=1h d_star_cache_hit=0/1 path=/private/var/folders/_c/3xdf41hd3tvgxpx63mrml2c00000gn/T/pytest-of-louis/pytest-9/test_small_mutation_fracdiff_f0/dstar/full/d_star_BTCUSDT_1h_dcc154ced6b6.json
10:02:55 [INFO] [L6.5] raw-sink heartbeat: tasks 238/248 (96.0%), groups 161/241, elapsed=179.4s, rate=1.33/s, ETA=8s, rss=306MB, last=1h_L1_momentum_PPO_13-55-0 (full)
10:02:55 [INFO] [L6.5] symbol=BTCUSDT tf=1h d_star_cache_hit=0/1 path=/private/var/folders/_c/3xdf41hd3tvgxpx63mrml2c00000gn/T/pytest-of-louis/pytest-9/test_small_mutation_fracdiff_f0/dstar/full/d_star_BTCUSDT_1h_dcc154ced6b6.json
10:02:56 [INFO] [L6.5] symbol=BTCUSDT tf=1h d_star_cache_hit=0/1 path=/private/var/folders/_c/3xdf41hd3tvgxpx63mrml2c00000gn/T/pytest-of-louis/pytest-9/test_small_mutation_fracdiff_f0/dstar/full/d_star_BTCUSDT_1h_dcc154ced6b6.json
10:02:56 [INFO] [L6.5] symbol=BTCUSDT tf=1h d_star_cache_hit=0/1 path=/private/var/folders/_c/3xdf41hd3tvgxpx63mrml2c00000gn/T/pytest-of-louis/pytest-9/test_small_mutation_fracdiff_f0/dstar/full/d_star_BTCUSDT_1h_dcc154ced6b6.json
10:02:56 [INFO] [L6.5] raw-sink heartbeat: tasks 250/248 (100.8%), groups 170/241, elapsed=181.0s, rate=1.38/s, ETA=-1s, rss=307MB, last=1h_L1_momentum_PPO_8-21-0 (full)
10:02:58 [INFO] [L6.5] raw-sink heartbeat: tasks 262/248 (105.6%), groups 182/241, elapsed=182.5s, rate=1.44/s, ETA=-10s, rss=306MB, last=1h_L1_momentum_STOCHRSI-fastk_21-8-5-0 (full)
10:02:58 [INFO] [L6.5] symbol=BTCUSDT tf=1h d_star_cache_hit=0/1 path=/private/var/folders/_c/3xdf41hd3tvgxpx63mrml2c00000gn/T/pytest-of-louis/pytest-9/test_small_mutation_fracdiff_f0/dstar/full/d_star_BTCUSDT_1h_dcc154ced6b6.json
10:02:59 [INFO] [L6.5] symbol=BTCUSDT tf=1h d_star_cache_hit=0/1 path=/private/var/folders/_c/3xdf41hd3tvgxpx63mrml2c00000gn/T/pytest-of-louis/pytest-9/test_small_mutation_fracdiff_f0/dstar/full/d_star_BTCUSDT_1h_dcc154ced6b6.json
10:02:59 [INFO] [L6.5] symbol=BTCUSDT tf=1h d_star_cache_hit=0/1 path=/private/var/folders/_c/3xdf41hd3tvgxpx63mrml2c00000gn/T/pytest-of-louis/pytest-9/test_small_mutation_fracdiff_f0/dstar/full/d_star_BTCUSDT_1h_dcc154ced6b6.json
10:02:59 [INFO] [L6.5] raw-sink heartbeat: tasks 274/248 (110.5%), groups 191/241, elapsed=184.0s, rate=1.49/s, ETA=-17s, rss=307MB, last=1h_L1_momentum_STOCH-slowd_13-5-0-3-0 (full)
10:03:01 [INFO] [L6.5] raw-sink heartbeat: tasks 286/248 (115.3%), groups 203/241, elapsed=185.4s, rate=1.54/s, ETA=-25s, rss=307MB, last=1h_L1_momentum_STOCH-slowk_13-5-0-3-0 (full)
10:03:02 [INFO] [L6.5] raw-sink heartbeat: tasks 298/248 (120.2%), groups 215/241, elapsed=186.8s, rate=1.60/s, ETA=-31s, rss=307MB, last=1h_L1_momentum_STOCHF-fastd_21-3-0 (full)
10:03:03 [INFO] [L6.5] raw-sink heartbeat: tasks 310/248 (125.0%), groups 227/241, elapsed=188.2s, rate=1.65/s, ETA=-38s, rss=307MB, last=1h_L1_momentum_STOCHF-fastk_55-5-0 (full)
10:03:05 [INFO] [L6.5] raw-sink heartbeat: tasks 322/248 (129.8%), groups 239/241, elapsed=189.6s, rate=1.70/s, ETA=-44s, rss=306MB, last=1h_L1_momentum_ULTOSC_8-21-55 (full)
10:03:05 [INFO] [L6.5] symbol=BTCUSDT tf=1h d_star_cache_hit=0/1 path=/private/var/folders/_c/3xdf41hd3tvgxpx63mrml2c00000gn/T/pytest-of-louis/pytest-9/test_small_mutation_fracdiff_f0/dstar/full/d_star_BTCUSDT_1h_dcc154ced6b6.json
10:03:05 [INFO] [L6.5] raw-sink heartbeat: tasks 325/248 (131.0%), groups 241/241, elapsed=190.0s, rate=1.71/s, ETA=-45s, rss=306MB, last=1h_L1_trend_SAR_0.02-0.2 (full)
10:03:05 [INFO] [L6.5] raw-sink complete: 241/241 groups in 190.19s rss=306MB
10:03:05 [INFO] [Layer B Sanitize][CGSA] nulled 412166 non-finite/over-cap values (finite_cap=1e+18) across all streamed features
10:03:06 [INFO] [L7_raw] registry stream persist done: symbol=BTCUSDT tf=1h groups=325 features=39779 npy_freed=0.98 GiB dtype=mixed
10:03:07 [WARNING] STOCH combo [5, 3, 3] is missing 2 parameter(s); using defaults slowk=3 slowd=3 slowk_matype=0 slowd_matype=0
10:03:07 [WARNING] STOCH combo [8, 3, 3] is missing 2 parameter(s); using defaults slowk=3 slowd=3 slowk_matype=0 slowd_matype=0
10:03:07 [WARNING] STOCH combo [13, 3, 3] is missing 2 parameter(s); using defaults slowk=3 slowd=3 slowk_matype=0 slowd_matype=0
10:03:07 [WARNING] STOCH combo [13, 5, 3] is missing 2 parameter(s); using defaults slowk=5 slowd=3 slowk_matype=0 slowd_matype=0
10:03:07 [WARNING] STOCH combo [21, 3, 3] is missing 2 parameter(s); using defaults slowk=3 slowd=3 slowk_matype=0 slowd_matype=0
10:03:07 [WARNING] STOCH combo [21, 5, 3] is missing 2 parameter(s); using defaults slowk=5 slowd=3 slowk_matype=0 slowd_matype=0
10:03:07 [WARNING] STOCH combo [21, 5, 5] is missing 2 parameter(s); using defaults slowk=5 slowd=5 slowk_matype=0 slowd_matype=0
10:03:07 [WARNING] STOCH combo [34, 5, 3] is missing 2 parameter(s); using defaults slowk=5 slowd=3 slowk_matype=0 slowd_matype=0
10:03:07 [WARNING] STOCH combo [34, 5, 5] is missing 2 parameter(s); using defaults slowk=5 slowd=5 slowk_matype=0 slowd_matype=0
10:03:07 [WARNING] STOCH combo [55, 5, 5] is missing 2 parameter(s); using defaults slowk=5 slowd=5 slowk_matype=0 slowd_matype=0
10:03:07 [WARNING] STOCH combo [55, 8, 5] is missing 2 parameter(s); using defaults slowk=8 slowd=5 slowk_matype=0 slowd_matype=0
10:03:07 [WARNING] STOCH combo [89, 8, 5] is missing 2 parameter(s); using defaults slowk=8 slowd=5 slowk_matype=0 slowd_matype=0
10:03:07 [WARNING] STOCHF combo [5, 3] is missing 1 parameter(s); using defaults fastd_period=3 fastd_matype=0
10:03:07 [WARNING] STOCHF combo [8, 3] is missing 1 parameter(s); using defaults fastd_period=3 fastd_matype=0
10:03:07 [WARNING] STOCHF combo [13, 3] is missing 1 parameter(s); using defaults fastd_period=3 fastd_matype=0
10:03:07 [WARNING] STOCHF combo [21, 3] is missing 1 parameter(s); using defaults fastd_period=3 fastd_matype=0
10:03:07 [WARNING] STOCHF combo [21, 5] is missing 1 parameter(s); using defaults fastd_period=5 fastd_matype=0
10:03:07 [WARNING] STOCHF combo [34, 5] is missing 1 parameter(s); using defaults fastd_period=5 fastd_matype=0
10:03:07 [WARNING] STOCHF combo [55, 5] is missing 1 parameter(s); using defaults fastd_period=5 fastd_matype=0
10:03:07 [WARNING] STOCHF combo [89, 8] is missing 1 parameter(s); using defaults fastd_period=8 fastd_matype=0
10:03:07 [WARNING] STOCHRSI combo [9, 5, 3] is missing 1 parameter(s); using defaults fastk_period=5 fastd_period=3 fastd_matype=0
10:03:07 [WARNING] STOCHRSI combo [14, 5, 3] is missing 1 parameter(s); using defaults fastk_period=5 fastd_period=3 fastd_matype=0
10:03:07 [WARNING] STOCHRSI combo [14, 3, 3] is missing 1 parameter(s); using defaults fastk_period=3 fastd_period=3 fastd_matype=0
10:03:07 [WARNING] STOCHRSI combo [21, 5, 3] is missing 1 parameter(s); using defaults fastk_period=5 fastd_period=3 fastd_matype=0
10:03:07 [WARNING] STOCHRSI combo [21, 8, 5] is missing 1 parameter(s); using defaults fastk_period=8 fastd_period=5 fastd_matype=0
10:03:07 [WARNING] STOCHRSI combo [34, 8, 5] is missing 1 parameter(s); using defaults fastk_period=8 fastd_period=5 fastd_matype=0
10:03:07 [WARNING] STOCHRSI combo [55, 8, 5] is missing 1 parameter(s); using defaults fastk_period=8 fastd_period=5 fastd_matype=0
10:03:07 [INFO] Fetching spot data: BTCUSDT/1h
10:03:07 [INFO] Read 20352 klines from BTCUSDT/1h in 0.008s
10:03:07 [INFO] Aligned data for BTCUSDT/1h: 20352 rows, 5 columns
10:03:07 [INFO] Fetching spot data: BTCUSDT/1h
10:03:07 [INFO] Read 20352 klines from BTCUSDT/1h in 0.006s
10:03:07 [INFO] Aligned data for BTCUSDT/1h: 20352 rows, 5 columns
10:03:07 [WARNING] STOCH combo [5, 3, 3] is missing 2 parameter(s); using defaults slowk=3 slowd=3 slowk_matype=0 slowd_matype=0
10:03:07 [WARNING] STOCH combo [8, 3, 3] is missing 2 parameter(s); using defaults slowk=3 slowd=3 slowk_matype=0 slowd_matype=0
10:03:07 [WARNING] STOCH combo [13, 3, 3] is missing 2 parameter(s); using defaults slowk=3 slowd=3 slowk_matype=0 slowd_matype=0
10:03:07 [WARNING] STOCH combo [13, 5, 3] is missing 2 parameter(s); using defaults slowk=5 slowd=3 slowk_matype=0 slowd_matype=0
10:03:07 [WARNING] STOCH combo [21, 3, 3] is missing 2 parameter(s); using defaults slowk=3 slowd=3 slowk_matype=0 slowd_matype=0
10:03:07 [WARNING] STOCH combo [21, 5, 3] is missing 2 parameter(s); using defaults slowk=5 slowd=3 slowk_matype=0 slowd_matype=0
10:03:07 [WARNING] STOCH combo [21, 5, 5] is missing 2 parameter(s); using defaults slowk=5 slowd=5 slowk_matype=0 slowd_matype=0
10:03:07 [WARNING] STOCH combo [34, 5, 3] is missing 2 parameter(s); using defaults slowk=5 slowd=3 slowk_matype=0 slowd_matype=0
10:03:07 [WARNING] STOCH combo [34, 5, 5] is missing 2 parameter(s); using defaults slowk=5 slowd=5 slowk_matype=0 slowd_matype=0
10:03:07 [WARNING] STOCH combo [55, 5, 5] is missing 2 parameter(s); using defaults slowk=5 slowd=5 slowk_matype=0 slowd_matype=0
10:03:07 [WARNING] STOCH combo [55, 8, 5] is missing 2 parameter(s); using defaults slowk=8 slowd=5 slowk_matype=0 slowd_matype=0
10:03:07 [WARNING] STOCH combo [89, 8, 5] is missing 2 parameter(s); using defaults slowk=8 slowd=5 slowk_matype=0 slowd_matype=0
10:03:07 [WARNING] STOCHF combo [5, 3] is missing 1 parameter(s); using defaults fastd_period=3 fastd_matype=0
10:03:07 [WARNING] STOCHF combo [8, 3] is missing 1 parameter(s); using defaults fastd_period=3 fastd_matype=0
10:03:07 [WARNING] STOCHF combo [13, 3] is missing 1 parameter(s); using defaults fastd_period=3 fastd_matype=0
10:03:07 [WARNING] STOCHF combo [21, 3] is missing 1 parameter(s); using defaults fastd_period=3 fastd_matype=0
10:03:07 [WARNING] STOCHF combo [21, 5] is missing 1 parameter(s); using defaults fastd_period=5 fastd_matype=0
10:03:07 [WARNING] STOCHF combo [34, 5] is missing 1 parameter(s); using defaults fastd_period=5 fastd_matype=0
10:03:07 [WARNING] STOCHF combo [55, 5] is missing 1 parameter(s); using defaults fastd_period=5 fastd_matype=0
10:03:07 [WARNING] STOCHF combo [89, 8] is missing 1 parameter(s); using defaults fastd_period=8 fastd_matype=0
10:03:07 [WARNING] STOCHRSI combo [9, 5, 3] is missing 1 parameter(s); using defaults fastk_period=5 fastd_period=3 fastd_matype=0
10:03:07 [WARNING] STOCHRSI combo [14, 5, 3] is missing 1 parameter(s); using defaults fastk_period=5 fastd_period=3 fastd_matype=0
10:03:07 [WARNING] STOCHRSI combo [14, 3, 3] is missing 1 parameter(s); using defaults fastk_period=3 fastd_period=3 fastd_matype=0
10:03:07 [WARNING] STOCHRSI combo [21, 5, 3] is missing 1 parameter(s); using defaults fastk_period=5 fastd_period=3 fastd_matype=0
10:03:07 [WARNING] STOCHRSI combo [21, 8, 5] is missing 1 parameter(s); using defaults fastk_period=8 fastd_period=5 fastd_matype=0
10:03:07 [WARNING] STOCHRSI combo [34, 8, 5] is missing 1 parameter(s); using defaults fastk_period=8 fastd_period=5 fastd_matype=0
10:03:07 [WARNING] STOCHRSI combo [55, 8, 5] is missing 1 parameter(s); using defaults fastk_period=8 fastd_period=5 fastd_matype=0
10:03:07 [INFO] Loaded feature registry with 1 entries
10:03:07 [INFO] [Layer 1] 0% - Starting Layer 1...
10:03:07 [INFO] Layer 1 starting, rss=968MB
10:03:07 [WARNING] STOCH combo [5, 3, 3] is missing 2 parameter(s); using defaults slowk=3 slowd=3 slowk_matype=0 slowd_matype=0
10:03:07 [WARNING] STOCH combo [8, 3, 3] is missing 2 parameter(s); using defaults slowk=3 slowd=3 slowk_matype=0 slowd_matype=0
10:03:07 [WARNING] STOCH combo [13, 3, 3] is missing 2 parameter(s); using defaults slowk=3 slowd=3 slowk_matype=0 slowd_matype=0
10:03:07 [WARNING] STOCH combo [13, 5, 3] is missing 2 parameter(s); using defaults slowk=5 slowd=3 slowk_matype=0 slowd_matype=0
10:03:07 [WARNING] STOCH combo [21, 3, 3] is missing 2 parameter(s); using defaults slowk=3 slowd=3 slowk_matype=0 slowd_matype=0
10:03:07 [WARNING] STOCH combo [21, 5, 3] is missing 2 parameter(s); using defaults slowk=5 slowd=3 slowk_matype=0 slowd_matype=0
10:03:07 [WARNING] STOCH combo [21, 5, 5] is missing 2 parameter(s); using defaults slowk=5 slowd=5 slowk_matype=0 slowd_matype=0
10:03:07 [WARNING] STOCH combo [34, 5, 3] is missing 2 parameter(s); using defaults slowk=5 slowd=3 slowk_matype=0 slowd_matype=0
10:03:07 [WARNING] STOCH combo [34, 5, 5] is missing 2 parameter(s); using defaults slowk=5 slowd=5 slowk_matype=0 slowd_matype=0
10:03:07 [WARNING] STOCH combo [55, 5, 5] is missing 2 parameter(s); using defaults slowk=5 slowd=5 slowk_matype=0 slowd_matype=0
10:03:07 [WARNING] STOCH combo [55, 8, 5] is missing 2 parameter(s); using defaults slowk=8 slowd=5 slowk_matype=0 slowd_matype=0
10:03:07 [WARNING] STOCH combo [89, 8, 5] is missing 2 parameter(s); using defaults slowk=8 slowd=5 slowk_matype=0 slowd_matype=0
10:03:07 [WARNING] STOCHF combo [5, 3] is missing 1 parameter(s); using defaults fastd_period=3 fastd_matype=0
10:03:07 [WARNING] STOCHF combo [8, 3] is missing 1 parameter(s); using defaults fastd_period=3 fastd_matype=0
10:03:07 [WARNING] STOCHF combo [13, 3] is missing 1 parameter(s); using defaults fastd_period=3 fastd_matype=0
10:03:07 [WARNING] STOCHF combo [21, 3] is missing 1 parameter(s); using defaults fastd_period=3 fastd_matype=0
10:03:07 [WARNING] STOCHF combo [21, 5] is missing 1 parameter(s); using defaults fastd_period=5 fastd_matype=0
10:03:07 [WARNING] STOCHF combo [34, 5] is missing 1 parameter(s); using defaults fastd_period=5 fastd_matype=0
10:03:07 [WARNING] STOCHF combo [55, 5] is missing 1 parameter(s); using defaults fastd_period=5 fastd_matype=0
10:03:07 [WARNING] STOCHF combo [89, 8] is missing 1 parameter(s); using defaults fastd_period=8 fastd_matype=0
10:03:07 [WARNING] STOCHRSI combo [9, 5, 3] is missing 1 parameter(s); using defaults fastk_period=5 fastd_period=3 fastd_matype=0
10:03:07 [WARNING] STOCHRSI combo [14, 5, 3] is missing 1 parameter(s); using defaults fastk_period=5 fastd_period=3 fastd_matype=0
10:03:07 [WARNING] STOCHRSI combo [14, 3, 3] is missing 1 parameter(s); using defaults fastk_period=3 fastd_period=3 fastd_matype=0
10:03:07 [WARNING] STOCHRSI combo [21, 5, 3] is missing 1 parameter(s); using defaults fastk_period=5 fastd_period=3 fastd_matype=0
10:03:07 [WARNING] STOCHRSI combo [21, 8, 5] is missing 1 parameter(s); using defaults fastk_period=8 fastd_period=5 fastd_matype=0
10:03:07 [WARNING] STOCHRSI combo [34, 8, 5] is missing 1 parameter(s); using defaults fastk_period=8 fastd_period=5 fastd_matype=0
10:03:07 [WARNING] STOCHRSI combo [55, 8, 5] is missing 1 parameter(s); using defaults fastk_period=8 fastd_period=5 fastd_matype=0
10:03:07 [INFO] [Layer 1] 100% - Layer 1 completed: 898 features
10:03:07 [INFO] Layer 1 done: 898 cols, status=ok, rss=1053MB
10:03:07 [INFO] [Layer 2] 0% - Starting Layer 2...
10:03:07 [INFO] Layer 2 starting, rss=1053MB
10:03:07 [INFO] [L2] Starting derived features: 898 L1 cols
10:03:07 [WARNING] STOCH combo [5, 3, 3] is missing 2 parameter(s); using defaults slowk=3 slowd=3 slowk_matype=0 slowd_matype=0
10:03:07 [WARNING] STOCH combo [8, 3, 3] is missing 2 parameter(s); using defaults slowk=3 slowd=3 slowk_matype=0 slowd_matype=0
10:03:07 [WARNING] STOCH combo [13, 3, 3] is missing 2 parameter(s); using defaults slowk=3 slowd=3 slowk_matype=0 slowd_matype=0
10:03:07 [WARNING] STOCH combo [13, 5, 3] is missing 2 parameter(s); using defaults slowk=5 slowd=3 slowk_matype=0 slowd_matype=0
10:03:07 [WARNING] STOCH combo [21, 3, 3] is missing 2 parameter(s); using defaults slowk=3 slowd=3 slowk_matype=0 slowd_matype=0
10:03:07 [WARNING] STOCH combo [21, 5, 3] is missing 2 parameter(s); using defaults slowk=5 slowd=3 slowk_matype=0 slowd_matype=0
10:03:07 [WARNING] STOCH combo [21, 5, 5] is missing 2 parameter(s); using defaults slowk=5 slowd=5 slowk_matype=0 slowd_matype=0
10:03:07 [WARNING] STOCH combo [34, 5, 3] is missing 2 parameter(s); using defaults slowk=5 slowd=3 slowk_matype=0 slowd_matype=0
10:03:07 [WARNING] STOCH combo [34, 5, 5] is missing 2 parameter(s); using defaults slowk=5 slowd=5 slowk_matype=0 slowd_matype=0
10:03:07 [WARNING] STOCH combo [55, 5, 5] is missing 2 parameter(s); using defaults slowk=5 slowd=5 slowk_matype=0 slowd_matype=0
10:03:07 [WARNING] STOCH combo [55, 8, 5] is missing 2 parameter(s); using defaults slowk=8 slowd=5 slowk_matype=0 slowd_matype=0
10:03:07 [WARNING] STOCH combo [89, 8, 5] is missing 2 parameter(s); using defaults slowk=8 slowd=5 slowk_matype=0 slowd_matype=0
10:03:07 [WARNING] STOCHF combo [5, 3] is missing 1 parameter(s); using defaults fastd_period=3 fastd_matype=0
10:03:07 [WARNING] STOCHF combo [8, 3] is missing 1 parameter(s); using defaults fastd_period=3 fastd_matype=0
10:03:07 [WARNING] STOCHF combo [13, 3] is missing 1 parameter(s); using defaults fastd_period=3 fastd_matype=0
10:03:07 [WARNING] STOCHF combo [21, 3] is missing 1 parameter(s); using defaults fastd_period=3 fastd_matype=0
10:03:07 [WARNING] STOCHF combo [21, 5] is missing 1 parameter(s); using defaults fastd_period=5 fastd_matype=0
10:03:07 [WARNING] STOCHF combo [34, 5] is missing 1 parameter(s); using defaults fastd_period=5 fastd_matype=0
10:03:07 [WARNING] STOCHF combo [55, 5] is missing 1 parameter(s); using defaults fastd_period=5 fastd_matype=0
10:03:07 [WARNING] STOCHF combo [89, 8] is missing 1 parameter(s); using defaults fastd_period=8 fastd_matype=0
10:03:07 [WARNING] STOCHRSI combo [9, 5, 3] is missing 1 parameter(s); using defaults fastk_period=5 fastd_period=3 fastd_matype=0
10:03:07 [WARNING] STOCHRSI combo [14, 5, 3] is missing 1 parameter(s); using defaults fastk_period=5 fastd_period=3 fastd_matype=0
10:03:07 [WARNING] STOCHRSI combo [14, 3, 3] is missing 1 parameter(s); using defaults fastk_period=3 fastd_period=3 fastd_matype=0
10:03:07 [WARNING] STOCHRSI combo [21, 5, 3] is missing 1 parameter(s); using defaults fastk_period=5 fastd_period=3 fastd_matype=0
10:03:07 [WARNING] STOCHRSI combo [21, 8, 5] is missing 1 parameter(s); using defaults fastk_period=8 fastd_period=5 fastd_matype=0
10:03:07 [WARNING] STOCHRSI combo [34, 8, 5] is missing 1 parameter(s); using defaults fastk_period=8 fastd_period=5 fastd_matype=0
10:03:07 [WARNING] STOCHRSI combo [55, 8, 5] is missing 1 parameter(s); using defaults fastk_period=8 fastd_period=5 fastd_matype=0
10:03:10 [INFO] [L2] Completed: 11621 cols in 3.38s
10:03:11 [INFO] [Layer 2] 100% - Layer 2 completed: 11621 features
10:03:11 [INFO] Layer 2 done: 11621 cols, status=ok, rss=1766MB
10:03:11 [INFO] [Layer 3] 0% - Starting Layer 3...
10:03:11 [INFO] Layer 3 starting, rss=1766MB
10:03:13 [INFO] [L3 streaming][numba][multi] step 10/20 (W5_range): 898→898 cols (-0 dead)
10:03:13 [INFO] [L3 streaming][numba][multi] step 20/20 (W13_range): 898→898 cols (-0 dead)
10:03:13 [INFO] [L3 streaming][numba][multi] complete: 17960 total generated, 0 dead dropped, 17960 survivors
10:03:14 [INFO] [Layer 3] 100% - Layer 3 completed: 17960 features
10:03:14 [INFO] Layer 3 done: 17960 cols, status=ok, rss=1609MB
10:03:14 [INFO] [Layer 4] 0% - Starting Layer 4...
10:03:14 [INFO] Layer 4 starting, rss=1609MB
10:03:14 [INFO] [Layer 4] 100% - Layer 4 completed: 7224 features
10:03:14 [INFO] Layer 4 done: 7224 cols, status=ok, rss=1349MB
10:03:14 [INFO] [Layer 5] 0% - Starting Layer 5...
10:03:14 [INFO] Layer 5 starting, rss=1349MB
10:03:14 [INFO] [Layer 5] 100% - Layer 5 completed: 0 features
10:03:14 [INFO] Layer 5 done: 0 cols, status=empty_disabled, rss=1349MB
10:03:14 [INFO] [Layer 6] 0% - Starting Layer 6...
10:03:14 [INFO] Layer 6 starting, rss=1349MB
10:03:14 [INFO] [Layer 6] 100% - Layer 6 completed: 10 features
10:03:14 [INFO] Layer 6 done: 10 cols, status=ok, rss=1351MB
10:03:14 [INFO] [memmap concat] 5 DFs → 37713 cols × 3812 rows ≈ 0.58 GB → disk-backed
10:03:14 [INFO] [memmap] created: shape=(3812, 37713), dtype=<class 'numpy.float32'>, est=0.58 GB  (file auto-unlinked)
10:03:14 [INFO] [memmap concat] copying DF 1/5 (898 cols)
10:03:15 [INFO] [memmap concat] copying DF 2/5 (11621 cols)
10:03:15 [INFO] [memmap concat] copying DF 3/5 (17960 cols)
10:03:16 [INFO] [memmap concat] copying DF 4/5 (7224 cols)
10:03:16 [INFO] [memmap concat] copying DF 5/5 (10 cols)
10:03:26 [WARNING] STOCH combo [5, 3, 3] is missing 2 parameter(s); using defaults slowk=3 slowd=3 slowk_matype=0 slowd_matype=0
10:03:26 [WARNING] STOCH combo [8, 3, 3] is missing 2 parameter(s); using defaults slowk=3 slowd=3 slowk_matype=0 slowd_matype=0
10:03:26 [WARNING] STOCH combo [13, 3, 3] is missing 2 parameter(s); using defaults slowk=3 slowd=3 slowk_matype=0 slowd_matype=0
10:03:26 [WARNING] STOCH combo [13, 5, 3] is missing 2 parameter(s); using defaults slowk=5 slowd=3 slowk_matype=0 slowd_matype=0
10:03:26 [WARNING] STOCH combo [21, 3, 3] is missing 2 parameter(s); using defaults slowk=3 slowd=3 slowk_matype=0 slowd_matype=0
10:03:26 [WARNING] STOCH combo [21, 5, 3] is missing 2 parameter(s); using defaults slowk=5 slowd=3 slowk_matype=0 slowd_matype=0
10:03:26 [WARNING] STOCH combo [21, 5, 5] is missing 2 parameter(s); using defaults slowk=5 slowd=5 slowk_matype=0 slowd_matype=0
10:03:26 [WARNING] STOCH combo [34, 5, 3] is missing 2 parameter(s); using defaults slowk=5 slowd=3 slowk_matype=0 slowd_matype=0
10:03:26 [WARNING] STOCH combo [34, 5, 5] is missing 2 parameter(s); using defaults slowk=5 slowd=5 slowk_matype=0 slowd_matype=0
10:03:26 [WARNING] STOCH combo [55, 5, 5] is missing 2 parameter(s); using defaults slowk=5 slowd=5 slowk_matype=0 slowd_matype=0
10:03:26 [WARNING] STOCH combo [55, 8, 5] is missing 2 parameter(s); using defaults slowk=8 slowd=5 slowk_matype=0 slowd_matype=0
10:03:26 [WARNING] STOCH combo [89, 8, 5] is missing 2 parameter(s); using defaults slowk=8 slowd=5 slowk_matype=0 slowd_matype=0
10:03:26 [WARNING] STOCHF combo [5, 3] is missing 1 parameter(s); using defaults fastd_period=3 fastd_matype=0
10:03:26 [WARNING] STOCHF combo [8, 3] is missing 1 parameter(s); using defaults fastd_period=3 fastd_matype=0
10:03:26 [WARNING] STOCHF combo [13, 3] is missing 1 parameter(s); using defaults fastd_period=3 fastd_matype=0
10:03:26 [WARNING] STOCHF combo [21, 3] is missing 1 parameter(s); using defaults fastd_period=3 fastd_matype=0
10:03:26 [WARNING] STOCHF combo [21, 5] is missing 1 parameter(s); using defaults fastd_period=5 fastd_matype=0
10:03:26 [WARNING] STOCHF combo [34, 5] is missing 1 parameter(s); using defaults fastd_period=5 fastd_matype=0
10:03:26 [WARNING] STOCHF combo [55, 5] is missing 1 parameter(s); using defaults fastd_period=5 fastd_matype=0
10:03:26 [WARNING] STOCHF combo [89, 8] is missing 1 parameter(s); using defaults fastd_period=8 fastd_matype=0
10:03:26 [WARNING] STOCHRSI combo [9, 5, 3] is missing 1 parameter(s); using defaults fastk_period=5 fastd_period=3 fastd_matype=0
10:03:26 [WARNING] STOCHRSI combo [14, 5, 3] is missing 1 parameter(s); using defaults fastk_period=5 fastd_period=3 fastd_matype=0
10:03:26 [WARNING] STOCHRSI combo [14, 3, 3] is missing 1 parameter(s); using defaults fastk_period=3 fastd_period=3 fastd_matype=0
10:03:26 [WARNING] STOCHRSI combo [21, 5, 3] is missing 1 parameter(s); using defaults fastk_period=5 fastd_period=3 fastd_matype=0
10:03:26 [WARNING] STOCHRSI combo [21, 8, 5] is missing 1 parameter(s); using defaults fastk_period=8 fastd_period=5 fastd_matype=0
10:03:26 [WARNING] STOCHRSI combo [34, 8, 5] is missing 1 parameter(s); using defaults fastk_period=8 fastd_period=5 fastd_matype=0
10:03:26 [WARNING] STOCHRSI combo [55, 8, 5] is missing 1 parameter(s); using defaults fastk_period=8 fastd_period=5 fastd_matype=0
10:03:26 [WARNING] STOCH combo [5, 3, 3] is missing 2 parameter(s); using defaults slowk=3 slowd=3 slowk_matype=0 slowd_matype=0
10:03:26 [WARNING] STOCH combo [8, 3, 3] is missing 2 parameter(s); using defaults slowk=3 slowd=3 slowk_matype=0 slowd_matype=0
10:03:26 [WARNING] STOCH combo [13, 3, 3] is missing 2 parameter(s); using defaults slowk=3 slowd=3 slowk_matype=0 slowd_matype=0
10:03:26 [WARNING] STOCH combo [13, 5, 3] is missing 2 parameter(s); using defaults slowk=5 slowd=3 slowk_matype=0 slowd_matype=0
10:03:26 [WARNING] STOCH combo [21, 3, 3] is missing 2 parameter(s); using defaults slowk=3 slowd=3 slowk_matype=0 slowd_matype=0
10:03:26 [WARNING] STOCH combo [21, 5, 3] is missing 2 parameter(s); using defaults slowk=5 slowd=3 slowk_matype=0 slowd_matype=0
10:03:26 [WARNING] STOCH combo [21, 5, 5] is missing 2 parameter(s); using defaults slowk=5 slowd=5 slowk_matype=0 slowd_matype=0
10:03:26 [WARNING] STOCH combo [34, 5, 3] is missing 2 parameter(s); using defaults slowk=5 slowd=3 slowk_matype=0 slowd_matype=0
10:03:26 [WARNING] STOCH combo [34, 5, 5] is missing 2 parameter(s); using defaults slowk=5 slowd=5 slowk_matype=0 slowd_matype=0
10:03:26 [WARNING] STOCH combo [55, 5, 5] is missing 2 parameter(s); using defaults slowk=5 slowd=5 slowk_matype=0 slowd_matype=0
10:03:26 [WARNING] STOCH combo [55, 8, 5] is missing 2 parameter(s); using defaults slowk=8 slowd=5 slowk_matype=0 slowd_matype=0
10:03:26 [WARNING] STOCH combo [89, 8, 5] is missing 2 parameter(s); using defaults slowk=8 slowd=5 slowk_matype=0 slowd_matype=0
10:03:26 [WARNING] STOCHF combo [5, 3] is missing 1 parameter(s); using defaults fastd_period=3 fastd_matype=0
10:03:26 [WARNING] STOCHF combo [8, 3] is missing 1 parameter(s); using defaults fastd_period=3 fastd_matype=0
10:03:26 [WARNING] STOCHF combo [13, 3] is missing 1 parameter(s); using defaults fastd_period=3 fastd_matype=0
10:03:26 [WARNING] STOCHF combo [21, 3] is missing 1 parameter(s); using defaults fastd_period=3 fastd_matype=0
10:03:26 [WARNING] STOCHF combo [21, 5] is missing 1 parameter(s); using defaults fastd_period=5 fastd_matype=0
10:03:26 [WARNING] STOCHF combo [34, 5] is missing 1 parameter(s); using defaults fastd_period=5 fastd_matype=0
10:03:26 [WARNING] STOCHF combo [55, 5] is missing 1 parameter(s); using defaults fastd_period=5 fastd_matype=0
10:03:26 [WARNING] STOCHF combo [89, 8] is missing 1 parameter(s); using defaults fastd_period=8 fastd_matype=0
10:03:26 [WARNING] STOCHRSI combo [9, 5, 3] is missing 1 parameter(s); using defaults fastk_period=5 fastd_period=3 fastd_matype=0
10:03:26 [WARNING] STOCHRSI combo [14, 5, 3] is missing 1 parameter(s); using defaults fastk_period=5 fastd_period=3 fastd_matype=0
10:03:26 [WARNING] STOCHRSI combo [14, 3, 3] is missing 1 parameter(s); using defaults fastk_period=3 fastd_period=3 fastd_matype=0
10:03:26 [WARNING] STOCHRSI combo [21, 5, 3] is missing 1 parameter(s); using defaults fastk_period=5 fastd_period=3 fastd_matype=0
10:03:26 [WARNING] STOCHRSI combo [21, 8, 5] is missing 1 parameter(s); using defaults fastk_period=8 fastd_period=5 fastd_matype=0
10:03:26 [WARNING] STOCHRSI combo [34, 8, 5] is missing 1 parameter(s); using defaults fastk_period=8 fastd_period=5 fastd_matype=0
10:03:26 [WARNING] STOCHRSI combo [55, 8, 5] is missing 1 parameter(s); using defaults fastk_period=8 fastd_period=5 fastd_matype=0
10:03:26 [INFO] Fetching spot data: BTCUSDT/1h
10:03:26 [INFO] Read 20352 klines from BTCUSDT/1h in 0.007s
10:03:26 [INFO] Aligned data for BTCUSDT/1h: 20352 rows, 5 columns
10:03:26 [INFO] Loaded feature registry with 1 entries
10:03:26 [INFO] [Layer 1] 0% - Starting Layer 1...
10:03:26 [INFO] Layer 1 starting, rss=2025MB
10:03:26 [WARNING] STOCH combo [5, 3, 3] is missing 2 parameter(s); using defaults slowk=3 slowd=3 slowk_matype=0 slowd_matype=0
10:03:26 [WARNING] STOCH combo [8, 3, 3] is missing 2 parameter(s); using defaults slowk=3 slowd=3 slowk_matype=0 slowd_matype=0
10:03:26 [WARNING] STOCH combo [13, 3, 3] is missing 2 parameter(s); using defaults slowk=3 slowd=3 slowk_matype=0 slowd_matype=0
10:03:26 [WARNING] STOCH combo [13, 5, 3] is missing 2 parameter(s); using defaults slowk=5 slowd=3 slowk_matype=0 slowd_matype=0
10:03:26 [WARNING] STOCH combo [21, 3, 3] is missing 2 parameter(s); using defaults slowk=3 slowd=3 slowk_matype=0 slowd_matype=0
10:03:26 [WARNING] STOCH combo [21, 5, 3] is missing 2 parameter(s); using defaults slowk=5 slowd=3 slowk_matype=0 slowd_matype=0
10:03:26 [WARNING] STOCH combo [21, 5, 5] is missing 2 parameter(s); using defaults slowk=5 slowd=5 slowk_matype=0 slowd_matype=0
10:03:26 [WARNING] STOCH combo [34, 5, 3] is missing 2 parameter(s); using defaults slowk=5 slowd=3 slowk_matype=0 slowd_matype=0
10:03:26 [WARNING] STOCH combo [34, 5, 5] is missing 2 parameter(s); using defaults slowk=5 slowd=5 slowk_matype=0 slowd_matype=0
10:03:26 [WARNING] STOCH combo [55, 5, 5] is missing 2 parameter(s); using defaults slowk=5 slowd=5 slowk_matype=0 slowd_matype=0
10:03:26 [WARNING] STOCH combo [55, 8, 5] is missing 2 parameter(s); using defaults slowk=8 slowd=5 slowk_matype=0 slowd_matype=0
10:03:26 [WARNING] STOCH combo [89, 8, 5] is missing 2 parameter(s); using defaults slowk=8 slowd=5 slowk_matype=0 slowd_matype=0
10:03:26 [WARNING] STOCHF combo [5, 3] is missing 1 parameter(s); using defaults fastd_period=3 fastd_matype=0
10:03:26 [WARNING] STOCHF combo [8, 3] is missing 1 parameter(s); using defaults fastd_period=3 fastd_matype=0
10:03:26 [WARNING] STOCHF combo [13, 3] is missing 1 parameter(s); using defaults fastd_period=3 fastd_matype=0
10:03:26 [WARNING] STOCHF combo [21, 3] is missing 1 parameter(s); using defaults fastd_period=3 fastd_matype=0
10:03:26 [WARNING] STOCHF combo [21, 5] is missing 1 parameter(s); using defaults fastd_period=5 fastd_matype=0
10:03:26 [WARNING] STOCHF combo [34, 5] is missing 1 parameter(s); using defaults fastd_period=5 fastd_matype=0
10:03:26 [WARNING] STOCHF combo [55, 5] is missing 1 parameter(s); using defaults fastd_period=5 fastd_matype=0
10:03:26 [WARNING] STOCHF combo [89, 8] is missing 1 parameter(s); using defaults fastd_period=8 fastd_matype=0
10:03:26 [WARNING] STOCHRSI combo [9, 5, 3] is missing 1 parameter(s); using defaults fastk_period=5 fastd_period=3 fastd_matype=0
10:03:26 [WARNING] STOCHRSI combo [14, 5, 3] is missing 1 parameter(s); using defaults fastk_period=5 fastd_period=3 fastd_matype=0
10:03:26 [WARNING] STOCHRSI combo [14, 3, 3] is missing 1 parameter(s); using defaults fastk_period=3 fastd_period=3 fastd_matype=0
10:03:26 [WARNING] STOCHRSI combo [21, 5, 3] is missing 1 parameter(s); using defaults fastk_period=5 fastd_period=3 fastd_matype=0
10:03:26 [WARNING] STOCHRSI combo [21, 8, 5] is missing 1 parameter(s); using defaults fastk_period=8 fastd_period=5 fastd_matype=0
10:03:26 [WARNING] STOCHRSI combo [34, 8, 5] is missing 1 parameter(s); using defaults fastk_period=8 fastd_period=5 fastd_matype=0
10:03:26 [WARNING] STOCHRSI combo [55, 8, 5] is missing 1 parameter(s); using defaults fastk_period=8 fastd_period=5 fastd_matype=0
10:03:27 [INFO] [Layer 1] 100% - Layer 1 completed: 898 features
10:03:27 [INFO] Layer 1 done: 898 cols, status=ok, rss=2162MB
10:03:27 [INFO] [Layer 2] 0% - Starting Layer 2...
10:03:27 [INFO] Layer 2 starting, rss=2162MB
10:03:27 [INFO] [L2] Starting derived features: 898 L1 cols
10:03:27 [WARNING] STOCH combo [5, 3, 3] is missing 2 parameter(s); using defaults slowk=3 slowd=3 slowk_matype=0 slowd_matype=0
10:03:27 [WARNING] STOCH combo [8, 3, 3] is missing 2 parameter(s); using defaults slowk=3 slowd=3 slowk_matype=0 slowd_matype=0
10:03:27 [WARNING] STOCH combo [13, 3, 3] is missing 2 parameter(s); using defaults slowk=3 slowd=3 slowk_matype=0 slowd_matype=0
10:03:27 [WARNING] STOCH combo [13, 5, 3] is missing 2 parameter(s); using defaults slowk=5 slowd=3 slowk_matype=0 slowd_matype=0
10:03:27 [WARNING] STOCH combo [21, 3, 3] is missing 2 parameter(s); using defaults slowk=3 slowd=3 slowk_matype=0 slowd_matype=0
10:03:27 [WARNING] STOCH combo [21, 5, 3] is missing 2 parameter(s); using defaults slowk=5 slowd=3 slowk_matype=0 slowd_matype=0
10:03:27 [WARNING] STOCH combo [21, 5, 5] is missing 2 parameter(s); using defaults slowk=5 slowd=5 slowk_matype=0 slowd_matype=0
10:03:27 [WARNING] STOCH combo [34, 5, 3] is missing 2 parameter(s); using defaults slowk=5 slowd=3 slowk_matype=0 slowd_matype=0
10:03:27 [WARNING] STOCH combo [34, 5, 5] is missing 2 parameter(s); using defaults slowk=5 slowd=5 slowk_matype=0 slowd_matype=0
10:03:27 [WARNING] STOCH combo [55, 5, 5] is missing 2 parameter(s); using defaults slowk=5 slowd=5 slowk_matype=0 slowd_matype=0
10:03:27 [WARNING] STOCH combo [55, 8, 5] is missing 2 parameter(s); using defaults slowk=8 slowd=5 slowk_matype=0 slowd_matype=0
10:03:27 [WARNING] STOCH combo [89, 8, 5] is missing 2 parameter(s); using defaults slowk=8 slowd=5 slowk_matype=0 slowd_matype=0
10:03:27 [WARNING] STOCHF combo [5, 3] is missing 1 parameter(s); using defaults fastd_period=3 fastd_matype=0
10:03:27 [WARNING] STOCHF combo [8, 3] is missing 1 parameter(s); using defaults fastd_period=3 fastd_matype=0
10:03:27 [WARNING] STOCHF combo [13, 3] is missing 1 parameter(s); using defaults fastd_period=3 fastd_matype=0
10:03:27 [WARNING] STOCHF combo [21, 3] is missing 1 parameter(s); using defaults fastd_period=3 fastd_matype=0
10:03:27 [WARNING] STOCHF combo [21, 5] is missing 1 parameter(s); using defaults fastd_period=5 fastd_matype=0
10:03:27 [WARNING] STOCHF combo [34, 5] is missing 1 parameter(s); using defaults fastd_period=5 fastd_matype=0
10:03:27 [WARNING] STOCHF combo [55, 5] is missing 1 parameter(s); using defaults fastd_period=5 fastd_matype=0
10:03:27 [WARNING] STOCHF combo [89, 8] is missing 1 parameter(s); using defaults fastd_period=8 fastd_matype=0
10:03:27 [WARNING] STOCHRSI combo [9, 5, 3] is missing 1 parameter(s); using defaults fastk_period=5 fastd_period=3 fastd_matype=0
10:03:27 [WARNING] STOCHRSI combo [14, 5, 3] is missing 1 parameter(s); using defaults fastk_period=5 fastd_period=3 fastd_matype=0
10:03:27 [WARNING] STOCHRSI combo [14, 3, 3] is missing 1 parameter(s); using defaults fastk_period=3 fastd_period=3 fastd_matype=0
10:03:27 [WARNING] STOCHRSI combo [21, 5, 3] is missing 1 parameter(s); using defaults fastk_period=5 fastd_period=3 fastd_matype=0
10:03:27 [WARNING] STOCHRSI combo [21, 8, 5] is missing 1 parameter(s); using defaults fastk_period=8 fastd_period=5 fastd_matype=0
10:03:27 [WARNING] STOCHRSI combo [34, 8, 5] is missing 1 parameter(s); using defaults fastk_period=8 fastd_period=5 fastd_matype=0
10:03:27 [WARNING] STOCHRSI combo [55, 8, 5] is missing 1 parameter(s); using defaults fastk_period=8 fastd_period=5 fastd_matype=0
10:03:31 [INFO] [L2] Completed: 11621 cols in 3.94s
10:03:31 [INFO] [Layer 2] 100% - Layer 2 completed: 11621 features
10:03:31 [INFO] Layer 2 done: 11621 cols, status=ok, rss=2038MB
10:03:31 [INFO] [Layer 3] 0% - Starting Layer 3...
10:03:31 [INFO] Layer 3 starting, rss=2038MB
10:03:33 [INFO] [L3 streaming][numba][multi] step 10/20 (W5_range): 898→898 cols (-0 dead)
10:03:33 [INFO] [L3 streaming][numba][multi] step 20/20 (W13_range): 898→898 cols (-0 dead)
10:03:34 [INFO] [L3 streaming][numba][multi] complete: 17960 total generated, 0 dead dropped, 17960 survivors
10:03:34 [INFO] [Layer 3] 100% - Layer 3 completed: 17960 features
10:03:34 [INFO] Layer 3 done: 17960 cols, status=ok, rss=1467MB
10:03:34 [INFO] [Layer 4] 0% - Starting Layer 4...
10:03:34 [INFO] Layer 4 starting, rss=1467MB
10:03:35 [INFO] [Layer 4] 100% - Layer 4 completed: 7224 features
10:03:35 [INFO] Layer 4 done: 7224 cols, status=ok, rss=1270MB
10:03:35 [INFO] [Layer 5] 0% - Starting Layer 5...
10:03:35 [INFO] Layer 5 starting, rss=1270MB
10:03:35 [INFO] [Layer 5] 100% - Layer 5 completed: 0 features
10:03:35 [INFO] Layer 5 done: 0 cols, status=empty_disabled, rss=1270MB
10:03:35 [INFO] [Layer 6] 0% - Starting Layer 6...
10:03:35 [INFO] Layer 6 starting, rss=1270MB
10:03:35 [INFO] [Layer 6] 100% - Layer 6 completed: 10 features
10:03:35 [INFO] Layer 6 done: 10 cols, status=ok, rss=1271MB
10:03:35 [INFO] [memmap concat] 5 DFs → 37713 cols × 4471 rows ≈ 0.67 GB → disk-backed
10:03:35 [INFO] [memmap] created: shape=(4471, 37713), dtype=<class 'numpy.float32'>, est=0.67 GB  (file auto-unlinked)
10:03:35 [INFO] [memmap concat] copying DF 1/5 (898 cols)
10:03:36 [INFO] [memmap concat] copying DF 2/5 (11621 cols)
10:03:37 [INFO] [memmap concat] copying DF 3/5 (17960 cols)
10:03:38 [INFO] [memmap concat] copying DF 4/5 (7224 cols)
10:03:38 [INFO] [memmap concat] copying DF 5/5 (10 cols)
10:03:40 [INFO] [CGSA] Initialized ColumnGroupRegistry at /private/var/folders/_c/3xdf41hd3tvgxpx63mrml2c00000gn/T/pytest-of-louis/pytest-9/test_small_mutation_fracdiff_f0/cgsa_work (tier=8gb, buffer_groups=0)
10:03:40 [INFO] Fetching spot data: BTCUSDT/1h
10:03:40 [INFO] Read 20352 klines from BTCUSDT/1h in 0.013s
10:03:40 [INFO] Aligned data for BTCUSDT/1h: 20352 rows, 5 columns
10:03:40 [INFO] [Layer 1] 0% - Starting Layer 1...
10:03:40 [INFO] Layer 1 starting, rss=2113MB
10:03:40 [WARNING] STOCH combo [5, 3, 3] is missing 2 parameter(s); using defaults slowk=3 slowd=3 slowk_matype=0 slowd_matype=0
10:03:40 [WARNING] STOCH combo [8, 3, 3] is missing 2 parameter(s); using defaults slowk=3 slowd=3 slowk_matype=0 slowd_matype=0
10:03:40 [WARNING] STOCH combo [13, 3, 3] is missing 2 parameter(s); using defaults slowk=3 slowd=3 slowk_matype=0 slowd_matype=0
10:03:40 [WARNING] STOCH combo [13, 5, 3] is missing 2 parameter(s); using defaults slowk=5 slowd=3 slowk_matype=0 slowd_matype=0
10:03:40 [WARNING] STOCH combo [21, 3, 3] is missing 2 parameter(s); using defaults slowk=3 slowd=3 slowk_matype=0 slowd_matype=0
10:03:40 [WARNING] STOCH combo [21, 5, 3] is missing 2 parameter(s); using defaults slowk=5 slowd=3 slowk_matype=0 slowd_matype=0
10:03:40 [WARNING] STOCH combo [21, 5, 5] is missing 2 parameter(s); using defaults slowk=5 slowd=5 slowk_matype=0 slowd_matype=0
10:03:40 [WARNING] STOCH combo [34, 5, 3] is missing 2 parameter(s); using defaults slowk=5 slowd=3 slowk_matype=0 slowd_matype=0
10:03:40 [WARNING] STOCH combo [34, 5, 5] is missing 2 parameter(s); using defaults slowk=5 slowd=5 slowk_matype=0 slowd_matype=0
10:03:40 [WARNING] STOCH combo [55, 5, 5] is missing 2 parameter(s); using defaults slowk=5 slowd=5 slowk_matype=0 slowd_matype=0
10:03:40 [WARNING] STOCH combo [55, 8, 5] is missing 2 parameter(s); using defaults slowk=8 slowd=5 slowk_matype=0 slowd_matype=0
10:03:40 [WARNING] STOCH combo [89, 8, 5] is missing 2 parameter(s); using defaults slowk=8 slowd=5 slowk_matype=0 slowd_matype=0
10:03:40 [WARNING] STOCHF combo [5, 3] is missing 1 parameter(s); using defaults fastd_period=3 fastd_matype=0
10:03:40 [WARNING] STOCHF combo [8, 3] is missing 1 parameter(s); using defaults fastd_period=3 fastd_matype=0
10:03:40 [WARNING] STOCHF combo [13, 3] is missing 1 parameter(s); using defaults fastd_period=3 fastd_matype=0
10:03:40 [WARNING] STOCHF combo [21, 3] is missing 1 parameter(s); using defaults fastd_period=3 fastd_matype=0
10:03:40 [WARNING] STOCHF combo [21, 5] is missing 1 parameter(s); using defaults fastd_period=5 fastd_matype=0
10:03:40 [WARNING] STOCHF combo [34, 5] is missing 1 parameter(s); using defaults fastd_period=5 fastd_matype=0
10:03:40 [WARNING] STOCHF combo [55, 5] is missing 1 parameter(s); using defaults fastd_period=5 fastd_matype=0
10:03:40 [WARNING] STOCHF combo [89, 8] is missing 1 parameter(s); using defaults fastd_period=8 fastd_matype=0
10:03:40 [WARNING] STOCHRSI combo [9, 5, 3] is missing 1 parameter(s); using defaults fastk_period=5 fastd_period=3 fastd_matype=0
10:03:40 [WARNING] STOCHRSI combo [14, 5, 3] is missing 1 parameter(s); using defaults fastk_period=5 fastd_period=3 fastd_matype=0
10:03:40 [WARNING] STOCHRSI combo [14, 3, 3] is missing 1 parameter(s); using defaults fastk_period=3 fastd_period=3 fastd_matype=0
10:03:40 [WARNING] STOCHRSI combo [21, 5, 3] is missing 1 parameter(s); using defaults fastk_period=5 fastd_period=3 fastd_matype=0
10:03:40 [WARNING] STOCHRSI combo [21, 8, 5] is missing 1 parameter(s); using defaults fastk_period=8 fastd_period=5 fastd_matype=0
10:03:40 [WARNING] STOCHRSI combo [34, 8, 5] is missing 1 parameter(s); using defaults fastk_period=8 fastd_period=5 fastd_matype=0
10:03:40 [WARNING] STOCHRSI combo [55, 8, 5] is missing 1 parameter(s); using defaults fastk_period=8 fastd_period=5 fastd_matype=0
10:03:41 [INFO] [Layer 1] 100% - Layer 1 completed: 898 features
10:03:41 [INFO] Layer 1 done: 898 cols, status=ok, rss=1469MB
10:03:41 [INFO] [Layer 2] 0% - Starting Layer 2...
10:03:41 [INFO] Layer 2 starting, rss=1469MB
10:03:41 [INFO] [L2] Starting derived features: 898 L1 cols
10:03:41 [WARNING] STOCH combo [5, 3, 3] is missing 2 parameter(s); using defaults slowk=3 slowd=3 slowk_matype=0 slowd_matype=0
10:03:41 [WARNING] STOCH combo [8, 3, 3] is missing 2 parameter(s); using defaults slowk=3 slowd=3 slowk_matype=0 slowd_matype=0
10:03:41 [WARNING] STOCH combo [13, 3, 3] is missing 2 parameter(s); using defaults slowk=3 slowd=3 slowk_matype=0 slowd_matype=0
10:03:41 [WARNING] STOCH combo [13, 5, 3] is missing 2 parameter(s); using defaults slowk=5 slowd=3 slowk_matype=0 slowd_matype=0
10:03:41 [WARNING] STOCH combo [21, 3, 3] is missing 2 parameter(s); using defaults slowk=3 slowd=3 slowk_matype=0 slowd_matype=0
10:03:41 [WARNING] STOCH combo [21, 5, 3] is missing 2 parameter(s); using defaults slowk=5 slowd=3 slowk_matype=0 slowd_matype=0
10:03:41 [WARNING] STOCH combo [21, 5, 5] is missing 2 parameter(s); using defaults slowk=5 slowd=5 slowk_matype=0 slowd_matype=0
10:03:41 [WARNING] STOCH combo [34, 5, 3] is missing 2 parameter(s); using defaults slowk=5 slowd=3 slowk_matype=0 slowd_matype=0
10:03:41 [WARNING] STOCH combo [34, 5, 5] is missing 2 parameter(s); using defaults slowk=5 slowd=5 slowk_matype=0 slowd_matype=0
10:03:41 [WARNING] STOCH combo [55, 5, 5] is missing 2 parameter(s); using defaults slowk=5 slowd=5 slowk_matype=0 slowd_matype=0
10:03:41 [WARNING] STOCH combo [55, 8, 5] is missing 2 parameter(s); using defaults slowk=8 slowd=5 slowk_matype=0 slowd_matype=0
10:03:41 [WARNING] STOCH combo [89, 8, 5] is missing 2 parameter(s); using defaults slowk=8 slowd=5 slowk_matype=0 slowd_matype=0
10:03:41 [WARNING] STOCHF combo [5, 3] is missing 1 parameter(s); using defaults fastd_period=3 fastd_matype=0
10:03:41 [WARNING] STOCHF combo [8, 3] is missing 1 parameter(s); using defaults fastd_period=3 fastd_matype=0
10:03:41 [WARNING] STOCHF combo [13, 3] is missing 1 parameter(s); using defaults fastd_period=3 fastd_matype=0
10:03:41 [WARNING] STOCHF combo [21, 3] is missing 1 parameter(s); using defaults fastd_period=3 fastd_matype=0
10:03:41 [WARNING] STOCHF combo [21, 5] is missing 1 parameter(s); using defaults fastd_period=5 fastd_matype=0
10:03:41 [WARNING] STOCHF combo [34, 5] is missing 1 parameter(s); using defaults fastd_period=5 fastd_matype=0
10:03:41 [WARNING] STOCHF combo [55, 5] is missing 1 parameter(s); using defaults fastd_period=5 fastd_matype=0
10:03:41 [WARNING] STOCHF combo [89, 8] is missing 1 parameter(s); using defaults fastd_period=8 fastd_matype=0
10:03:41 [WARNING] STOCHRSI combo [9, 5, 3] is missing 1 parameter(s); using defaults fastk_period=5 fastd_period=3 fastd_matype=0
10:03:41 [WARNING] STOCHRSI combo [14, 5, 3] is missing 1 parameter(s); using defaults fastk_period=5 fastd_period=3 fastd_matype=0
10:03:41 [WARNING] STOCHRSI combo [14, 3, 3] is missing 1 parameter(s); using defaults fastk_period=3 fastd_period=3 fastd_matype=0
10:03:41 [WARNING] STOCHRSI combo [21, 5, 3] is missing 1 parameter(s); using defaults fastk_period=5 fastd_period=3 fastd_matype=0
10:03:41 [WARNING] STOCHRSI combo [21, 8, 5] is missing 1 parameter(s); using defaults fastk_period=8 fastd_period=5 fastd_matype=0
10:03:41 [WARNING] STOCHRSI combo [34, 8, 5] is missing 1 parameter(s); using defaults fastk_period=8 fastd_period=5 fastd_matype=0
10:03:41 [WARNING] STOCHRSI combo [55, 8, 5] is missing 1 parameter(s); using defaults fastk_period=8 fastd_period=5 fastd_matype=0
10:04:05 [INFO] [CGSA] L2 persisted group=1h_L2_Momentum shards=3 total_bytes=238.9 MiB
10:04:05 [INFO] [L2] Completed: 11621 cols in 23.80s
10:04:06 [INFO] [Layer 2] 100% - Layer 2 completed: 11621 features
10:04:06 [INFO] Layer 2 done: 11621 cols, status=ok, rss=1186MB
10:04:06 [INFO] [memmap] created: shape=(6975, 11621), dtype=<class 'numpy.float32'>, est=0.32 GB  (file auto-unlinked)
10:04:07 [INFO] [spill] layer2: 6975×11621 → float32 memmap in 0.9s (freed ~0.6 GB float64)
10:04:07 [INFO] [Layer 3] 0% - Starting Layer 3...
10:04:07 [INFO] Layer 3 starting, rss=1276MB
10:04:11 [INFO] [L3 streaming][numba][multi][persist] step 10/20 (W5_range): 898→898 cols (-0 dead)
10:04:11 [INFO] [L3 streaming][numba][multi][persist] step 20/20 (W13_range): 898→898 cols (-0 dead)
10:04:11 [INFO] [L3 streaming][numba][multi][persist] complete: 17960 generated, 4 dropped, 17956 survivors persisted via callback
10:04:14 [INFO] [L3] streaming persist (mode=streaming) complete: 17956 cols persisted in 20 groups
10:04:14 [INFO] [Layer 3] 100% - Layer 3 completed: 0 features
10:04:14 [INFO] Layer 3 done: 0 cols, status=offloaded_to_registry, rss=1488MB
10:04:14 [INFO] [Layer 4] 0% - Starting Layer 4...
10:04:14 [INFO] Layer 4 starting, rss=1488MB
10:04:14 [INFO] [Layer 4] 100% - Layer 4 completed: 7224 features
10:04:14 [INFO] Layer 4 done: 7224 cols, status=ok, rss=1220MB
10:04:14 [INFO] [Layer 5] 0% - Starting Layer 5...
10:04:14 [INFO] Layer 5 starting, rss=1221MB
10:04:14 [INFO] [Layer 5] 100% - Layer 5 completed: 0 features
10:04:14 [INFO] Layer 5 done: 0 cols, status=empty_disabled, rss=1224MB
10:04:14 [INFO] [Layer 6] 0% - Starting Layer 6...
10:04:14 [INFO] Layer 6 starting, rss=1224MB
10:04:14 [INFO] [Layer 6] 100% - Layer 6 completed: 10 features
10:04:14 [INFO] Layer 6 done: 10 cols, status=ok, rss=1235MB
10:04:14 [INFO] [CGSA] Disk pre-check OK: layer=L4_lag symbol=BTCUSDT tf=1h need=2.38 GiB (planned_new=0.19 GiB, max_inflight_tmp×2=0.19 GiB, reserve=2.00 GiB) free=31.93 GiB shape=(6975, 7224)
10:04:15 [INFO] [CGSA] L4_lag persisted group=1h_L4_lag_1 shards=2 total_bytes=133.0 MiB
10:04:15 [INFO] [CGSA] Persisted L4_lag: 7224 cols → 2 groups (tf=1h)
10:04:15 [INFO] [CGSA] Disk pre-check OK: layer=L6_meta symbol=BTCUSDT tf=1h need=2.00 GiB (planned_new=0.00 GiB, max_inflight_tmp×2=0.00 GiB, reserve=2.00 GiB) free=31.74 GiB shape=(6975, 10)
10:04:15 [INFO] [CGSA] Persisted L6_meta: 10 cols → 1 groups (tf=1h)
10:04:17 [INFO] [L7][CGSA] Quality summary: inf_count=0, coverage=0.9478, non_nan=249284256/263020275
10:04:18 [INFO] [L7_raw] Disk pre-check OK: required=2.00 GiB (safety x1.50), estimated_final=0.49 GiB, reclaimable_npy=0.98 GiB, net_growth=0.00 GiB, max_inflight_part=0.13 GiB, largest_part_source=1h_L2_Momentum, reserve_floor=2.00 GiB, free=31.74 GiB, groups=241
10:04:19 [INFO] [L6.5] raw-sink path uses serial group streaming for disk safety (requested_workers=2)
10:04:19 [INFO] [L6.5] Registry raw-sink config: groups=241 requested_workers=2 effective_workers=1 mode=append use_fast=False can_use_numba_fast=False winsor=False rank=False zscore=False fracdiff=True fracdiff_apply_to=non_stationary fracdiff_layers=['L1', 'L2'] adf=False gaussian=False
10:04:19 [INFO] [L6.5] Raw-sink start: 238 full groups (fast=0, slow=238) + 3 big-group splits → 248 sub-tasks (requested_workers=2, effective_workers=1, split_threshold=2000, slow_chunked=3, max_group_cols=8980, schedule=largest_first, rss=1619MB)
10:04:20 [INFO] [L6.5] raw-sink chunk stream start: group=1h_L2_Momentum cols=8980 chunks=5 chunk_size=2000 rss=1809MB
10:05:07 [INFO] [L6.5] symbol=BTCUSDT tf=1h d_star_cache_hit=0/706 path=/private/var/folders/_c/3xdf41hd3tvgxpx63mrml2c00000gn/T/pytest-of-louis/pytest-9/test_small_mutation_fracdiff_f0/dstar/trunc/d_star_BTCUSDT_1h_dcc154ced6b6.json
10:05:21 [INFO] [L6.5] symbol=BTCUSDT tf=1h d_star_cache_hit=174/995 path=/private/var/folders/_c/3xdf41hd3tvgxpx63mrml2c00000gn/T/pytest-of-louis/pytest-9/test_small_mutation_fracdiff_f0/dstar/trunc/d_star_BTCUSDT_1h_dcc154ced6b6.json
10:05:33 [INFO] [L6.5] symbol=BTCUSDT tf=1h d_star_cache_hit=174/1121 path=/private/var/folders/_c/3xdf41hd3tvgxpx63mrml2c00000gn/T/pytest-of-louis/pytest-9/test_small_mutation_fracdiff_f0/dstar/trunc/d_star_BTCUSDT_1h_dcc154ced6b6.json
10:05:42 [INFO] [L6.5] symbol=BTCUSDT tf=1h d_star_cache_hit=174/1183 path=/private/var/folders/_c/3xdf41hd3tvgxpx63mrml2c00000gn/T/pytest-of-louis/pytest-9/test_small_mutation_fracdiff_f0/dstar/trunc/d_star_BTCUSDT_1h_dcc154ced6b6.json
10:05:47 [INFO] [L6.5] symbol=BTCUSDT tf=1h d_star_cache_hit=179/1222 path=/private/var/folders/_c/3xdf41hd3tvgxpx63mrml2c00000gn/T/pytest-of-louis/pytest-9/test_small_mutation_fracdiff_f0/dstar/trunc/d_star_BTCUSDT_1h_dcc154ced6b6.json
10:05:48 [INFO] [L6.5] raw-sink chunk stream complete: group=1h_L2_Momentum chunks=5 outputs=10 rss=570MB
10:05:48 [INFO] [L6.5] raw-sink heartbeat: tasks 10/248 (4.0%), groups 1/241, elapsed=88.6s, rate=0.11/s, ETA=2109s, rss=570MB, last=1h_L2_Momentum (slow-chunked, parts=10)
10:05:48 [INFO] [L6.5] raw-sink chunk stream start: group=1h_L4_lag_1 cols=5000 chunks=3 chunk_size=2000 rss=685MB
10:05:49 [INFO] [L6.5] raw-sink chunk stream complete: group=1h_L4_lag_1 chunks=3 outputs=3 rss=790MB
10:05:50 [INFO] [L6.5] raw-sink chunk stream start: group=1h_L4_lag_2 cols=2224 chunks=2 chunk_size=2000 rss=791MB
10:05:50 [INFO] [L6.5] raw-sink chunk stream complete: group=1h_L4_lag_2 chunks=2 outputs=2 rss=780MB
10:06:06 [INFO] [L6.5] symbol=BTCUSDT tf=1h d_star_cache_hit=22/248 path=/private/var/folders/_c/3xdf41hd3tvgxpx63mrml2c00000gn/T/pytest-of-louis/pytest-9/test_small_mutation_fracdiff_f0/dstar/trunc/d_star_BTCUSDT_1h_dcc154ced6b6.json
10:06:25 [INFO] [L6.5] symbol=BTCUSDT tf=1h d_star_cache_hit=29/284 path=/private/var/folders/_c/3xdf41hd3tvgxpx63mrml2c00000gn/T/pytest-of-louis/pytest-9/test_small_mutation_fracdiff_f0/dstar/trunc/d_star_BTCUSDT_1h_dcc154ced6b6.json
10:06:25 [INFO] [L6.5] raw-sink heartbeat: tasks 19/248 (7.7%), groups 5/241, elapsed=126.4s, rate=0.15/s, ETA=1523s, rss=515MB, last=1h_L2_Ratio (full)
10:06:29 [INFO] [L6.5] raw-sink heartbeat: tasks 31/248 (12.5%), groups 17/241, elapsed=130.1s, rate=0.24/s, ETA=911s, rss=531MB, last=1h_L3_rolling_W5_Min_1 (full)
10:06:34 [INFO] [L6.5] symbol=BTCUSDT tf=1h d_star_cache_hit=6/34 path=/private/var/folders/_c/3xdf41hd3tvgxpx63mrml2c00000gn/T/pytest-of-louis/pytest-9/test_small_mutation_fracdiff_f0/dstar/trunc/d_star_BTCUSDT_1h_dcc154ced6b6.json
10:06:35 [INFO] [L6.5] symbol=BTCUSDT tf=1h d_star_cache_hit=32/40 path=/private/var/folders/_c/3xdf41hd3tvgxpx63mrml2c00000gn/T/pytest-of-louis/pytest-9/test_small_mutation_fracdiff_f0/dstar/trunc/d_star_BTCUSDT_1h_dcc154ced6b6.json
10:06:35 [INFO] [L6.5] raw-sink heartbeat: tasks 43/248 (17.3%), groups 27/241, elapsed=135.7s, rate=0.32/s, ETA=647s, rss=502MB, last=1h_L2_BinarySignal (full)
10:06:35 [INFO] [L6.5] symbol=BTCUSDT tf=1h d_star_cache_hit=0/5 path=/private/var/folders/_c/3xdf41hd3tvgxpx63mrml2c00000gn/T/pytest-of-louis/pytest-9/test_small_mutation_fracdiff_f0/dstar/trunc/d_star_BTCUSDT_1h_dcc154ced6b6.json
10:06:36 [INFO] [L6.5] symbol=BTCUSDT tf=1h d_star_cache_hit=0/19 path=/private/var/folders/_c/3xdf41hd3tvgxpx63mrml2c00000gn/T/pytest-of-louis/pytest-9/test_small_mutation_fracdiff_f0/dstar/trunc/d_star_BTCUSDT_1h_dcc154ced6b6.json
10:06:38 [INFO] [L6.5] symbol=BTCUSDT tf=1h d_star_cache_hit=0/13 path=/private/var/folders/_c/3xdf41hd3tvgxpx63mrml2c00000gn/T/pytest-of-louis/pytest-9/test_small_mutation_fracdiff_f0/dstar/trunc/d_star_BTCUSDT_1h_dcc154ced6b6.json
10:06:38 [INFO] [L6.5] symbol=BTCUSDT tf=1h d_star_cache_hit=0/3 path=/private/var/folders/_c/3xdf41hd3tvgxpx63mrml2c00000gn/T/pytest-of-louis/pytest-9/test_small_mutation_fracdiff_f0/dstar/trunc/d_star_BTCUSDT_1h_dcc154ced6b6.json
10:06:38 [INFO] [L6.5] symbol=BTCUSDT tf=1h d_star_cache_hit=0/3 path=/private/var/folders/_c/3xdf41hd3tvgxpx63mrml2c00000gn/T/pytest-of-louis/pytest-9/test_small_mutation_fracdiff_f0/dstar/trunc/d_star_BTCUSDT_1h_dcc154ced6b6.json
10:06:39 [INFO] [L6.5] symbol=BTCUSDT tf=1h d_star_cache_hit=0/3 path=/private/var/folders/_c/3xdf41hd3tvgxpx63mrml2c00000gn/T/pytest-of-louis/pytest-9/test_small_mutation_fracdiff_f0/dstar/trunc/d_star_BTCUSDT_1h_dcc154ced6b6.json
10:06:39 [INFO] [L6.5] raw-sink heartbeat: tasks 55/248 (22.2%), groups 33/241, elapsed=139.9s, rate=0.39/s, ETA=491s, rss=491MB, last=1h_L1_momentum_ROCR (full)
10:06:39 [INFO] [L6.5] symbol=BTCUSDT tf=1h d_star_cache_hit=0/3 path=/private/var/folders/_c/3xdf41hd3tvgxpx63mrml2c00000gn/T/pytest-of-louis/pytest-9/test_small_mutation_fracdiff_f0/dstar/trunc/d_star_BTCUSDT_1h_dcc154ced6b6.json
10:06:40 [INFO] [L6.5] symbol=BTCUSDT tf=1h d_star_cache_hit=0/5 path=/private/var/folders/_c/3xdf41hd3tvgxpx63mrml2c00000gn/T/pytest-of-louis/pytest-9/test_small_mutation_fracdiff_f0/dstar/trunc/d_star_BTCUSDT_1h_dcc154ced6b6.json
10:06:40 [INFO] [L6.5] symbol=BTCUSDT tf=1h d_star_cache_hit=0/3 path=/private/var/folders/_c/3xdf41hd3tvgxpx63mrml2c00000gn/T/pytest-of-louis/pytest-9/test_small_mutation_fracdiff_f0/dstar/trunc/d_star_BTCUSDT_1h_dcc154ced6b6.json
10:06:41 [INFO] [L6.5] symbol=BTCUSDT tf=1h d_star_cache_hit=0/7 path=/private/var/folders/_c/3xdf41hd3tvgxpx63mrml2c00000gn/T/pytest-of-louis/pytest-9/test_small_mutation_fracdiff_f0/dstar/trunc/d_star_BTCUSDT_1h_dcc154ced6b6.json
10:06:42 [INFO] [L6.5] symbol=BTCUSDT tf=1h d_star_cache_hit=0/10 path=/private/var/folders/_c/3xdf41hd3tvgxpx63mrml2c00000gn/T/pytest-of-louis/pytest-9/test_small_mutation_fracdiff_f0/dstar/trunc/d_star_BTCUSDT_1h_dcc154ced6b6.json
10:06:43 [INFO] [L6.5] symbol=BTCUSDT tf=1h d_star_cache_hit=0/14 path=/private/var/folders/_c/3xdf41hd3tvgxpx63mrml2c00000gn/T/pytest-of-louis/pytest-9/test_small_mutation_fracdiff_f0/dstar/trunc/d_star_BTCUSDT_1h_dcc154ced6b6.json
10:06:43 [INFO] [L6.5] raw-sink heartbeat: tasks 67/248 (27.0%), groups 39/241, elapsed=144.1s, rate=0.46/s, ETA=389s, rss=481MB, last=1h_L1_trend_KAMA (full)
10:06:43 [INFO] [L6.5] symbol=BTCUSDT tf=1h d_star_cache_hit=8/8 path=/private/var/folders/_c/3xdf41hd3tvgxpx63mrml2c00000gn/T/pytest-of-louis/pytest-9/test_small_mutation_fracdiff_f0/dstar/trunc/d_star_BTCUSDT_1h_dcc154ced6b6.json
10:06:44 [INFO] [L6.5] symbol=BTCUSDT tf=1h d_star_cache_hit=4/7 path=/private/var/folders/_c/3xdf41hd3tvgxpx63mrml2c00000gn/T/pytest-of-louis/pytest-9/test_small_mutation_fracdiff_f0/dstar/trunc/d_star_BTCUSDT_1h_dcc154ced6b6.json
10:06:45 [INFO] [L6.5] symbol=BTCUSDT tf=1h d_star_cache_hit=0/9 path=/private/var/folders/_c/3xdf41hd3tvgxpx63mrml2c00000gn/T/pytest-of-louis/pytest-9/test_small_mutation_fracdiff_f0/dstar/trunc/d_star_BTCUSDT_1h_dcc154ced6b6.json
10:06:46 [INFO] [L6.5] symbol=BTCUSDT tf=1h d_star_cache_hit=0/11 path=/private/var/folders/_c/3xdf41hd3tvgxpx63mrml2c00000gn/T/pytest-of-louis/pytest-9/test_small_mutation_fracdiff_f0/dstar/trunc/d_star_BTCUSDT_1h_dcc154ced6b6.json
10:06:47 [INFO] [L6.5] symbol=BTCUSDT tf=1h d_star_cache_hit=0/9 path=/private/var/folders/_c/3xdf41hd3tvgxpx63mrml2c00000gn/T/pytest-of-louis/pytest-9/test_small_mutation_fracdiff_f0/dstar/trunc/d_star_BTCUSDT_1h_dcc154ced6b6.json
10:06:47 [INFO] [L6.5] symbol=BTCUSDT tf=1h d_star_cache_hit=0/5 path=/private/var/folders/_c/3xdf41hd3tvgxpx63mrml2c00000gn/T/pytest-of-louis/pytest-9/test_small_mutation_fracdiff_f0/dstar/trunc/d_star_BTCUSDT_1h_dcc154ced6b6.json
10:06:47 [INFO] [L6.5] raw-sink heartbeat: tasks 79/248 (31.9%), groups 45/241, elapsed=148.4s, rate=0.53/s, ETA=318s, rss=461MB, last=1h_L1_trend_TRIMA (full)
10:06:48 [INFO] [L6.5] symbol=BTCUSDT tf=1h d_star_cache_hit=0/7 path=/private/var/folders/_c/3xdf41hd3tvgxpx63mrml2c00000gn/T/pytest-of-louis/pytest-9/test_small_mutation_fracdiff_f0/dstar/trunc/d_star_BTCUSDT_1h_dcc154ced6b6.json
10:06:49 [INFO] [L6.5] symbol=BTCUSDT tf=1h d_star_cache_hit=0/8 path=/private/var/folders/_c/3xdf41hd3tvgxpx63mrml2c00000gn/T/pytest-of-louis/pytest-9/test_small_mutation_fracdiff_f0/dstar/trunc/d_star_BTCUSDT_1h_dcc154ced6b6.json
10:06:49 [INFO] [L6.5] symbol=BTCUSDT tf=1h d_star_cache_hit=8/8 path=/private/var/folders/_c/3xdf41hd3tvgxpx63mrml2c00000gn/T/pytest-of-louis/pytest-9/test_small_mutation_fracdiff_f0/dstar/trunc/d_star_BTCUSDT_1h_dcc154ced6b6.json
10:06:50 [INFO] [L6.5] symbol=BTCUSDT tf=1h d_star_cache_hit=0/7 path=/private/var/folders/_c/3xdf41hd3tvgxpx63mrml2c00000gn/T/pytest-of-louis/pytest-9/test_small_mutation_fracdiff_f0/dstar/trunc/d_star_BTCUSDT_1h_dcc154ced6b6.json
10:06:51 [INFO] [L6.5] symbol=BTCUSDT tf=1h d_star_cache_hit=0/1 path=/private/var/folders/_c/3xdf41hd3tvgxpx63mrml2c00000gn/T/pytest-of-louis/pytest-9/test_small_mutation_fracdiff_f0/dstar/trunc/d_star_BTCUSDT_1h_dcc154ced6b6.json
10:06:51 [INFO] [L6.5] raw-sink heartbeat: tasks 92/248 (37.1%), groups 53/241, elapsed=151.7s, rate=0.61/s, ETA=257s, rss=413MB, last=1h_L1_momentum_WILLR (full)
10:06:51 [INFO] [L6.5] symbol=BTCUSDT tf=1h d_star_cache_hit=0/1 path=/private/var/folders/_c/3xdf41hd3tvgxpx63mrml2c00000gn/T/pytest-of-louis/pytest-9/test_small_mutation_fracdiff_f0/dstar/trunc/d_star_BTCUSDT_1h_dcc154ced6b6.json
10:06:51 [INFO] [L6.5] symbol=BTCUSDT tf=1h d_star_cache_hit=0/3 path=/private/var/folders/_c/3xdf41hd3tvgxpx63mrml2c00000gn/T/pytest-of-louis/pytest-9/test_small_mutation_fracdiff_f0/dstar/trunc/d_star_BTCUSDT_1h_dcc154ced6b6.json
10:06:52 [INFO] [L6.5] symbol=BTCUSDT tf=1h d_star_cache_hit=0/5 path=/private/var/folders/_c/3xdf41hd3tvgxpx63mrml2c00000gn/T/pytest-of-louis/pytest-9/test_small_mutation_fracdiff_f0/dstar/trunc/d_star_BTCUSDT_1h_dcc154ced6b6.json
10:06:52 [INFO] [L6.5] symbol=BTCUSDT tf=1h d_star_cache_hit=0/1 path=/private/var/folders/_c/3xdf41hd3tvgxpx63mrml2c00000gn/T/pytest-of-louis/pytest-9/test_small_mutation_fracdiff_f0/dstar/trunc/d_star_BTCUSDT_1h_dcc154ced6b6.json
10:06:53 [INFO] [L6.5] symbol=BTCUSDT tf=1h d_star_cache_hit=0/1 path=/private/var/folders/_c/3xdf41hd3tvgxpx63mrml2c00000gn/T/pytest-of-louis/pytest-9/test_small_mutation_fracdiff_f0/dstar/trunc/d_star_BTCUSDT_1h_dcc154ced6b6.json
10:06:53 [INFO] [L6.5] raw-sink heartbeat: tasks 104/248 (41.9%), groups 60/241, elapsed=153.7s, rate=0.68/s, ETA=213s, rss=402MB, last=1h_L1_momentum_AROONOSC (full)
10:06:53 [INFO] [L6.5] symbol=BTCUSDT tf=1h d_star_cache_hit=0/2 path=/private/var/folders/_c/3xdf41hd3tvgxpx63mrml2c00000gn/T/pytest-of-louis/pytest-9/test_small_mutation_fracdiff_f0/dstar/trunc/d_star_BTCUSDT_1h_dcc154ced6b6.json
10:06:54 [INFO] [L6.5] symbol=BTCUSDT tf=1h d_star_cache_hit=0/5 path=/private/var/folders/_c/3xdf41hd3tvgxpx63mrml2c00000gn/T/pytest-of-louis/pytest-9/test_small_mutation_fracdiff_f0/dstar/trunc/d_star_BTCUSDT_1h_dcc154ced6b6.json
10:06:54 [INFO] [L6.5] symbol=BTCUSDT tf=1h d_star_cache_hit=0/4 path=/private/var/folders/_c/3xdf41hd3tvgxpx63mrml2c00000gn/T/pytest-of-louis/pytest-9/test_small_mutation_fracdiff_f0/dstar/trunc/d_star_BTCUSDT_1h_dcc154ced6b6.json
10:06:55 [INFO] [L6.5] symbol=BTCUSDT tf=1h d_star_cache_hit=0/5 path=/private/var/folders/_c/3xdf41hd3tvgxpx63mrml2c00000gn/T/pytest-of-louis/pytest-9/test_small_mutation_fracdiff_f0/dstar/trunc/d_star_BTCUSDT_1h_dcc154ced6b6.json
10:06:56 [INFO] [L6.5] symbol=BTCUSDT tf=1h d_star_cache_hit=0/5 path=/private/var/folders/_c/3xdf41hd3tvgxpx63mrml2c00000gn/T/pytest-of-louis/pytest-9/test_small_mutation_fracdiff_f0/dstar/trunc/d_star_BTCUSDT_1h_dcc154ced6b6.json
10:06:57 [INFO] [L6.5] symbol=BTCUSDT tf=1h d_star_cache_hit=0/6 path=/private/var/folders/_c/3xdf41hd3tvgxpx63mrml2c00000gn/T/pytest-of-louis/pytest-9/test_small_mutation_fracdiff_f0/dstar/trunc/d_star_BTCUSDT_1h_dcc154ced6b6.json
10:06:57 [INFO] [L6.5] raw-sink heartbeat: tasks 116/248 (46.8%), groups 66/241, elapsed=157.6s, rate=0.74/s, ETA=179s, rss=366MB, last=1h_L1_trend_MIDPRICE (full)
10:06:57 [INFO] [L6.5] symbol=BTCUSDT tf=1h d_star_cache_hit=0/1 path=/private/var/folders/_c/3xdf41hd3tvgxpx63mrml2c00000gn/T/pytest-of-louis/pytest-9/test_small_mutation_fracdiff_f0/dstar/trunc/d_star_BTCUSDT_1h_dcc154ced6b6.json
10:06:58 [INFO] [L6.5] symbol=BTCUSDT tf=1h d_star_cache_hit=0/1 path=/private/var/folders/_c/3xdf41hd3tvgxpx63mrml2c00000gn/T/pytest-of-louis/pytest-9/test_small_mutation_fracdiff_f0/dstar/trunc/d_star_BTCUSDT_1h_dcc154ced6b6.json
10:06:59 [INFO] [L6.5] raw-sink heartbeat: tasks 128/248 (51.6%), groups 76/241, elapsed=159.5s, rate=0.80/s, ETA=150s, rss=364MB, last=1h_L1_momentum_APO_5-21-0 (full)
10:06:59 [INFO] [L6.5] symbol=BTCUSDT tf=1h d_star_cache_hit=0/1 path=/private/var/folders/_c/3xdf41hd3tvgxpx63mrml2c00000gn/T/pytest-of-louis/pytest-9/test_small_mutation_fracdiff_f0/dstar/trunc/d_star_BTCUSDT_1h_dcc154ced6b6.json
10:06:59 [INFO] [L6.5] symbol=BTCUSDT tf=1h d_star_cache_hit=0/1 path=/private/var/folders/_c/3xdf41hd3tvgxpx63mrml2c00000gn/T/pytest-of-louis/pytest-9/test_small_mutation_fracdiff_f0/dstar/trunc/d_star_BTCUSDT_1h_dcc154ced6b6.json
10:07:00 [INFO] [L6.5] raw-sink heartbeat: tasks 140/248 (56.5%), groups 86/241, elapsed=161.2s, rate=0.87/s, ETA=124s, rss=364MB, last=1h_L1_momentum_MACD-Hist_34-144-21 (full)
10:07:01 [INFO] [L6.5] symbol=BTCUSDT tf=1h d_star_cache_hit=0/1 path=/private/var/folders/_c/3xdf41hd3tvgxpx63mrml2c00000gn/T/pytest-of-louis/pytest-9/test_small_mutation_fracdiff_f0/dstar/trunc/d_star_BTCUSDT_1h_dcc154ced6b6.json
10:07:02 [INFO] [L6.5] symbol=BTCUSDT tf=1h d_star_cache_hit=0/1 path=/private/var/folders/_c/3xdf41hd3tvgxpx63mrml2c00000gn/T/pytest-of-louis/pytest-9/test_small_mutation_fracdiff_f0/dstar/trunc/d_star_BTCUSDT_1h_dcc154ced6b6.json
10:07:02 [INFO] [L6.5] raw-sink heartbeat: tasks 152/248 (61.3%), groups 96/241, elapsed=162.7s, rate=0.93/s, ETA=103s, rss=365MB, last=1h_L1_momentum_MACD-Line_13-55-13 (full)
10:07:02 [INFO] [L6.5] symbol=BTCUSDT tf=1h d_star_cache_hit=0/1 path=/private/var/folders/_c/3xdf41hd3tvgxpx63mrml2c00000gn/T/pytest-of-louis/pytest-9/test_small_mutation_fracdiff_f0/dstar/trunc/d_star_BTCUSDT_1h_dcc154ced6b6.json
10:07:02 [INFO] [L6.5] symbol=BTCUSDT tf=1h d_star_cache_hit=0/1 path=/private/var/folders/_c/3xdf41hd3tvgxpx63mrml2c00000gn/T/pytest-of-louis/pytest-9/test_small_mutation_fracdiff_f0/dstar/trunc/d_star_BTCUSDT_1h_dcc154ced6b6.json
10:07:03 [INFO] [L6.5] symbol=BTCUSDT tf=1h d_star_cache_hit=0/2 path=/private/var/folders/_c/3xdf41hd3tvgxpx63mrml2c00000gn/T/pytest-of-louis/pytest-9/test_small_mutation_fracdiff_f0/dstar/trunc/d_star_BTCUSDT_1h_dcc154ced6b6.json
10:07:03 [INFO] [L6.5] symbol=BTCUSDT tf=1h d_star_cache_hit=0/1 path=/private/var/folders/_c/3xdf41hd3tvgxpx63mrml2c00000gn/T/pytest-of-louis/pytest-9/test_small_mutation_fracdiff_f0/dstar/trunc/d_star_BTCUSDT_1h_dcc154ced6b6.json
10:07:04 [INFO] [L6.5] symbol=BTCUSDT tf=1h d_star_cache_hit=0/1 path=/private/var/folders/_c/3xdf41hd3tvgxpx63mrml2c00000gn/T/pytest-of-louis/pytest-9/test_small_mutation_fracdiff_f0/dstar/trunc/d_star_BTCUSDT_1h_dcc154ced6b6.json
10:07:04 [INFO] [L6.5] raw-sink heartbeat: tasks 165/248 (66.5%), groups 104/241, elapsed=164.6s, rate=1.00/s, ETA=83s, rss=365MB, last=1h_L1_momentum_MACD-Line_55-233-34 (full)
10:07:04 [INFO] [L6.5] symbol=BTCUSDT tf=1h d_star_cache_hit=0/1 path=/private/var/folders/_c/3xdf41hd3tvgxpx63mrml2c00000gn/T/pytest-of-louis/pytest-9/test_small_mutation_fracdiff_f0/dstar/trunc/d_star_BTCUSDT_1h_dcc154ced6b6.json
10:07:05 [INFO] [L6.5] symbol=BTCUSDT tf=1h d_star_cache_hit=0/1 path=/private/var/folders/_c/3xdf41hd3tvgxpx63mrml2c00000gn/T/pytest-of-louis/pytest-9/test_small_mutation_fracdiff_f0/dstar/trunc/d_star_BTCUSDT_1h_dcc154ced6b6.json
10:07:05 [INFO] [L6.5] symbol=BTCUSDT tf=1h d_star_cache_hit=0/1 path=/private/var/folders/_c/3xdf41hd3tvgxpx63mrml2c00000gn/T/pytest-of-louis/pytest-9/test_small_mutation_fracdiff_f0/dstar/trunc/d_star_BTCUSDT_1h_dcc154ced6b6.json
10:07:05 [INFO] [L6.5] symbol=BTCUSDT tf=1h d_star_cache_hit=0/1 path=/private/var/folders/_c/3xdf41hd3tvgxpx63mrml2c00000gn/T/pytest-of-louis/pytest-9/test_small_mutation_fracdiff_f0/dstar/trunc/d_star_BTCUSDT_1h_dcc154ced6b6.json
10:07:05 [INFO] [L6.5] raw-sink heartbeat: tasks 177/248 (71.4%), groups 112/241, elapsed=166.2s, rate=1.06/s, ETA=67s, rss=364MB, last=1h_L1_momentum_MACD-Signal_34-144-21 (full)
10:07:06 [INFO] [L6.5] symbol=BTCUSDT tf=1h d_star_cache_hit=0/1 path=/private/var/folders/_c/3xdf41hd3tvgxpx63mrml2c00000gn/T/pytest-of-louis/pytest-9/test_small_mutation_fracdiff_f0/dstar/trunc/d_star_BTCUSDT_1h_dcc154ced6b6.json
10:07:06 [INFO] [L6.5] symbol=BTCUSDT tf=1h d_star_cache_hit=0/1 path=/private/var/folders/_c/3xdf41hd3tvgxpx63mrml2c00000gn/T/pytest-of-louis/pytest-9/test_small_mutation_fracdiff_f0/dstar/trunc/d_star_BTCUSDT_1h_dcc154ced6b6.json
10:07:06 [INFO] [L6.5] symbol=BTCUSDT tf=1h d_star_cache_hit=0/1 path=/private/var/folders/_c/3xdf41hd3tvgxpx63mrml2c00000gn/T/pytest-of-louis/pytest-9/test_small_mutation_fracdiff_f0/dstar/trunc/d_star_BTCUSDT_1h_dcc154ced6b6.json
10:07:07 [INFO] [L6.5] raw-sink heartbeat: tasks 189/248 (76.2%), groups 121/241, elapsed=167.9s, rate=1.13/s, ETA=52s, rss=365MB, last=1h_L1_momentum_MACDEXT-Hist_13-34-9 (full)
10:07:08 [INFO] [L6.5] symbol=BTCUSDT tf=1h d_star_cache_hit=0/1 path=/private/var/folders/_c/3xdf41hd3tvgxpx63mrml2c00000gn/T/pytest-of-louis/pytest-9/test_small_mutation_fracdiff_f0/dstar/trunc/d_star_BTCUSDT_1h_dcc154ced6b6.json
10:07:09 [INFO] [L6.5] raw-sink heartbeat: tasks 201/248 (81.0%), groups 132/241, elapsed=169.6s, rate=1.19/s, ETA=40s, rss=365MB, last=1h_L1_momentum_MACDEXT-Hist_8-34-9 (full)
10:07:09 [INFO] [L6.5] symbol=BTCUSDT tf=1h d_star_cache_hit=1/1 path=/private/var/folders/_c/3xdf41hd3tvgxpx63mrml2c00000gn/T/pytest-of-louis/pytest-9/test_small_mutation_fracdiff_f0/dstar/trunc/d_star_BTCUSDT_1h_dcc154ced6b6.json
10:07:10 [INFO] [L6.5] symbol=BTCUSDT tf=1h d_star_cache_hit=0/1 path=/private/var/folders/_c/3xdf41hd3tvgxpx63mrml2c00000gn/T/pytest-of-louis/pytest-9/test_small_mutation_fracdiff_f0/dstar/trunc/d_star_BTCUSDT_1h_dcc154ced6b6.json
10:07:10 [INFO] [L6.5] symbol=BTCUSDT tf=1h d_star_cache_hit=0/1 path=/private/var/folders/_c/3xdf41hd3tvgxpx63mrml2c00000gn/T/pytest-of-louis/pytest-9/test_small_mutation_fracdiff_f0/dstar/trunc/d_star_BTCUSDT_1h_dcc154ced6b6.json
10:07:10 [INFO] [L6.5] raw-sink heartbeat: tasks 214/248 (86.3%), groups 142/241, elapsed=171.2s, rate=1.25/s, ETA=27s, rss=365MB, last=1h_L1_momentum_MACDEXT-Line_55-144-21 (full)
10:07:10 [INFO] [L6.5] symbol=BTCUSDT tf=1h d_star_cache_hit=1/1 path=/private/var/folders/_c/3xdf41hd3tvgxpx63mrml2c00000gn/T/pytest-of-louis/pytest-9/test_small_mutation_fracdiff_f0/dstar/trunc/d_star_BTCUSDT_1h_dcc154ced6b6.json
10:07:11 [INFO] [L6.5] symbol=BTCUSDT tf=1h d_star_cache_hit=0/1 path=/private/var/folders/_c/3xdf41hd3tvgxpx63mrml2c00000gn/T/pytest-of-louis/pytest-9/test_small_mutation_fracdiff_f0/dstar/trunc/d_star_BTCUSDT_1h_dcc154ced6b6.json
10:07:12 [INFO] [L6.5] symbol=BTCUSDT tf=1h d_star_cache_hit=0/2 path=/private/var/folders/_c/3xdf41hd3tvgxpx63mrml2c00000gn/T/pytest-of-louis/pytest-9/test_small_mutation_fracdiff_f0/dstar/trunc/d_star_BTCUSDT_1h_dcc154ced6b6.json
10:07:12 [INFO] [L6.5] raw-sink heartbeat: tasks 226/248 (91.1%), groups 151/241, elapsed=172.8s, rate=1.31/s, ETA=17s, rss=366MB, last=1h_L1_momentum_MACDEXT-Signal_34-144-21 (full)
10:07:12 [INFO] [L6.5] symbol=BTCUSDT tf=1h d_star_cache_hit=0/1 path=/private/var/folders/_c/3xdf41hd3tvgxpx63mrml2c00000gn/T/pytest-of-louis/pytest-9/test_small_mutation_fracdiff_f0/dstar/trunc/d_star_BTCUSDT_1h_dcc154ced6b6.json
10:07:13 [INFO] [L6.5] symbol=BTCUSDT tf=1h d_star_cache_hit=0/1 path=/private/var/folders/_c/3xdf41hd3tvgxpx63mrml2c00000gn/T/pytest-of-louis/pytest-9/test_small_mutation_fracdiff_f0/dstar/trunc/d_star_BTCUSDT_1h_dcc154ced6b6.json
10:07:14 [INFO] [L6.5] raw-sink heartbeat: tasks 238/248 (96.0%), groups 161/241, elapsed=174.6s, rate=1.36/s, ETA=7s, rss=365MB, last=1h_L1_momentum_PPO_13-55-0 (full)
10:07:14 [INFO] [L6.5] symbol=BTCUSDT tf=1h d_star_cache_hit=0/1 path=/private/var/folders/_c/3xdf41hd3tvgxpx63mrml2c00000gn/T/pytest-of-louis/pytest-9/test_small_mutation_fracdiff_f0/dstar/trunc/d_star_BTCUSDT_1h_dcc154ced6b6.json
10:07:15 [INFO] [L6.5] symbol=BTCUSDT tf=1h d_star_cache_hit=0/1 path=/private/var/folders/_c/3xdf41hd3tvgxpx63mrml2c00000gn/T/pytest-of-louis/pytest-9/test_small_mutation_fracdiff_f0/dstar/trunc/d_star_BTCUSDT_1h_dcc154ced6b6.json
10:07:15 [INFO] [L6.5] symbol=BTCUSDT tf=1h d_star_cache_hit=0/1 path=/private/var/folders/_c/3xdf41hd3tvgxpx63mrml2c00000gn/T/pytest-of-louis/pytest-9/test_small_mutation_fracdiff_f0/dstar/trunc/d_star_BTCUSDT_1h_dcc154ced6b6.json
10:07:15 [INFO] [L6.5] raw-sink heartbeat: tasks 250/248 (100.8%), groups 170/241, elapsed=176.3s, rate=1.42/s, ETA=-1s, rss=366MB, last=1h_L1_momentum_PPO_8-21-0 (full)
10:07:17 [INFO] [L6.5] raw-sink heartbeat: tasks 262/248 (105.6%), groups 182/241, elapsed=177.8s, rate=1.47/s, ETA=-10s, rss=365MB, last=1h_L1_momentum_STOCHRSI-fastk_21-8-5-0 (full)
10:07:17 [INFO] [L6.5] symbol=BTCUSDT tf=1h d_star_cache_hit=0/1 path=/private/var/folders/_c/3xdf41hd3tvgxpx63mrml2c00000gn/T/pytest-of-louis/pytest-9/test_small_mutation_fracdiff_f0/dstar/trunc/d_star_BTCUSDT_1h_dcc154ced6b6.json
10:07:18 [INFO] [L6.5] symbol=BTCUSDT tf=1h d_star_cache_hit=0/1 path=/private/var/folders/_c/3xdf41hd3tvgxpx63mrml2c00000gn/T/pytest-of-louis/pytest-9/test_small_mutation_fracdiff_f0/dstar/trunc/d_star_BTCUSDT_1h_dcc154ced6b6.json
10:07:18 [INFO] [L6.5] symbol=BTCUSDT tf=1h d_star_cache_hit=0/1 path=/private/var/folders/_c/3xdf41hd3tvgxpx63mrml2c00000gn/T/pytest-of-louis/pytest-9/test_small_mutation_fracdiff_f0/dstar/trunc/d_star_BTCUSDT_1h_dcc154ced6b6.json
10:07:18 [INFO] [L6.5] raw-sink heartbeat: tasks 274/248 (110.5%), groups 191/241, elapsed=179.5s, rate=1.53/s, ETA=-17s, rss=365MB, last=1h_L1_momentum_STOCH-slowd_13-5-0-3-0 (full)
10:07:20 [INFO] [L6.5] raw-sink heartbeat: tasks 286/248 (115.3%), groups 203/241, elapsed=181.0s, rate=1.58/s, ETA=-24s, rss=363MB, last=1h_L1_momentum_STOCH-slowk_13-5-0-3-0 (full)
10:07:22 [INFO] [L6.5] raw-sink heartbeat: tasks 298/248 (120.2%), groups 215/241, elapsed=182.6s, rate=1.63/s, ETA=-31s, rss=363MB, last=1h_L1_momentum_STOCHF-fastd_21-3-0 (full)
10:07:23 [INFO] [L6.5] raw-sink heartbeat: tasks 310/248 (125.0%), groups 227/241, elapsed=184.2s, rate=1.68/s, ETA=-37s, rss=361MB, last=1h_L1_momentum_STOCHF-fastk_55-5-0 (full)
10:07:25 [INFO] [L6.5] raw-sink heartbeat: tasks 322/248 (129.8%), groups 239/241, elapsed=185.7s, rate=1.73/s, ETA=-43s, rss=361MB, last=1h_L1_momentum_ULTOSC_8-21-55 (full)
10:07:25 [INFO] [L6.5] symbol=BTCUSDT tf=1h d_star_cache_hit=0/1 path=/private/var/folders/_c/3xdf41hd3tvgxpx63mrml2c00000gn/T/pytest-of-louis/pytest-9/test_small_mutation_fracdiff_f0/dstar/trunc/d_star_BTCUSDT_1h_dcc154ced6b6.json
10:07:25 [INFO] [L6.5] raw-sink heartbeat: tasks 325/248 (131.0%), groups 241/241, elapsed=186.2s, rate=1.75/s, ETA=-44s, rss=365MB, last=1h_L1_trend_SAR_0.02-0.2 (full)
10:07:25 [INFO] [L6.5] raw-sink complete: 241/241 groups in 186.34s rss=365MB
10:07:25 [INFO] [Layer B Sanitize][CGSA] nulled 411095 non-finite/over-cap values (finite_cap=1e+18) across all streamed features
10:07:26 [INFO] [L7_raw] registry stream persist done: symbol=BTCUSDT tf=1h groups=325 features=39779 npy_freed=0.98 GiB dtype=mixed
10:07:26 [INFO] Loaded feature registry with 1 entries
PASSED                                                                   [100%]

=================================== FAILURES ===================================
_____________ test_small_mutation_numba_rolling_center_true_fails ______________
tests/feature_engineering/test_ff_fullchain_truncation_small_mr.py:109: in test_small_mutation_numba_rolling_center_true_fails
    run_control_numba_rolling_center_true(SMALL_SCOPE, monkeypatch, tmp_path, kline_df_module)
tests/feature_engineering/ff_truncation_mr_helpers.py:1593: in run_control_numba_rolling_center_true
    return _expect_causal_gate_failure(pair, _values_check(scope, pair), align_coarse_tfs=scope.coarse)
tests/feature_engineering/ff_truncation_mr_helpers.py:1520: in _expect_causal_gate_failure
    check()
E   Failed: DID NOT RAISE <class 'AssertionError'>
----------------------------- Captured stdout call -----------------------------
B2 sampling [B2-MR-v1]: sampled=5244/37709 common, groups=94, parquet_files=248, fallback=0, required_probes=2
NaN mask informational values 1h_L3_rolling_W13_Mean_1.parquet::close_1h_momentum_APO_12-26-0_Mean_W13: fill_rate full=1.000 trunc=0.700
NaN mask informational values 1h_L3_rolling_W13_Mean_1.parquet::close_1h_momentum_APO_13-34-0_Mean_W13: fill_rate full=1.000 trunc=0.700
NaN mask informational values 1h_L3_rolling_W13_Mean_1.parquet::close_1h_momentum_APO_34-144-0_Mean_W13: fill_rate full=1.000 trunc=0.700
NaN mask informational values 1h_L3_rolling_W13_Mean_1.parquet::close_1h_momentum_APO_55-144-0_Mean_W13: fill_rate full=1.000 trunc=0.700
NaN mask informational values 1h_L3_rolling_W13_Mean_1.parquet::close_1h_momentum_CMO_8_Mean_W13: fill_rate full=1.000 trunc=0.700
NaN mask informational values 1h_L3_rolling_W13_Mean_1.parquet::close_1h_momentum_MACD-Hist_12-26-9_Mean_W13: fill_rate full=1.000 trunc=0.700
NaN mask informational values 1h_L3_rolling_W13_Mean_1.parquet::close_1h_momentum_MACD-Hist_21-89-13_Mean_W13: fill_rate full=1.000 trunc=0.700
NaN mask informational values 1h_L3_rolling_W13_Mean_1.parquet::close_1h_momentum_MACD-Hist_5-21-5_Mean_W13: fill_rate full=1.000 trunc=0.700
NaN mask informational values 1h_L3_rolling_W13_Mean_1.parquet::close_1h_momentum_MACD-Hist_8-34-9_Mean_W13: fill_rate full=1.000 trunc=0.700
NaN mask informational values 1h_L3_rolling_W13_Mean_1.parquet::close_1h_momentum_MACD-Line_21-55-9_Mean_W13: fill_rate full=1.000 trunc=0.700
NaN mask informational values 1h_L3_rolling_W13_Mean_1.parquet::close_1h_momentum_MACD-Line_5-13-3_Mean_W13: fill_rate full=1.000 trunc=0.700
NaN mask informational values 1h_L3_rolling_W13_Mean_1.parquet::close_1h_momentum_MACD-Line_5-21-5_Mean_W13: fill_rate full=1.000 trunc=0.700
NaN mask informational values 1h_L3_rolling_W13_Mean_1.parquet::close_1h_momentum_MACD-Line_8-21-5_Mean_W13: fill_rate full=1.000 trunc=0.700
NaN mask informational values 1h_L3_rolling_W13_Mean_1.parquet::close_1h_momentum_MACD-Signal_13-55-13_Mean_W13: fill_rate full=1.000 trunc=0.700
NaN mask informational values 1h_L3_rolling_W13_Mean_1.parquet::close_1h_momentum_MACD-Signal_34-89-13_Mean_W13: fill_rate full=1.000 trunc=0.700
NaN mask informational values 1h_L3_rolling_W13_Mean_1.parquet::close_1h_momentum_MACD-Signal_55-233-34_Mean_W13: fill_rate full=1.000 trunc=0.700
NaN mask informational values 1h_L3_rolling_W13_Mean_1.parquet::close_1h_momentum_MACDEXT-Hist_13-34-9_Mean_W13: fill_rate full=1.000 trunc=0.700
NaN mask informational values 1h_L3_rolling_W13_Mean_1.parquet::close_1h_momentum_MACDEXT-Hist_21-89-13_Mean_W13: fill_rate full=1.000 trunc=0.700
NaN mask informational values 1h_L3_rolling_W13_Mean_1.parquet::close_1h_momentum_MACDEXT-Hist_34-144-21_Mean_W13: fill_rate full=1.000 trunc=0.700
NaN mask informational values 1h_L3_rolling_W13_Mean_1.parquet::close_1h_momentum_MACDEXT-Hist_55-144-21_Mean_W13: fill_rate full=1.000 trunc=0.700
NaN mask informational values 1h_L3_rolling_W13_Mean_1.parquet::close_1h_momentum_MACDEXT-Line_12-26-9_Mean_W13: fill_rate full=1.000 trunc=0.700
NaN mask informational values 1h_L3_rolling_W13_Mean_1.parquet::close_1h_momentum_MACDEXT-Line_21-89-13_Mean_W13: fill_rate full=1.000 trunc=0.700
NaN mask informational values 1h_L3_rolling_W13_Mean_1.parquet::close_1h_momentum_MACDEXT-Line_5-21-5_Mean_W13: fill_rate full=1.000 trunc=0.700
NaN mask informational values 1h_L3_rolling_W13_Mean_1.parquet::close_1h_momentum_MACDEXT-Line_8-34-9_Mean_W13: fill_rate full=1.000 trunc=0.700
NaN mask informational values 1h_L3_rolling_W13_Mean_1.parquet::close_1h_momentum_MACDEXT-Signal_12-26-9_Mean_W13: fill_rate full=1.000 trunc=0.700
NaN mask informational values 1h_L3_rolling_W13_Mean_1.parquet::close_1h_momentum_MACDEXT-Signal_21-55-9_Mean_W13: fill_rate full=1.000 trunc=0.700
NaN mask informational values 1h_L3_rolling_W13_Mean_1.parquet::close_1h_momentum_MACDEXT-Signal_5-13-3_Mean_W13: fill_rate full=1.000 trunc=0.700
NaN mask informational values 1h_L3_rolling_W13_Mean_1.parquet::close_1h_momentum_MACDEXT-Signal_8-21-5_Mean_W13: fill_rate full=1.000 trunc=0.700
NaN mask informational values 1h_L3_rolling_W13_Mean_1.parquet::close_1h_momentum_MACDFIX-Hist_3_Mean_W13: fill_rate full=1.000 trunc=0.700
NaN mask informational values 1h_L3_rolling_W13_Mean_1.parquet::close_1h_momentum_MACDFIX-Line_13_Mean_W13: fill_rate full=1.000 trunc=0.700
NaN mask informational values 1h_L3_rolling_W13_Mean_1.parquet::close_1h_momentum_MACDFIX-Line_5_Mean_W13: fill_rate full=1.000 trunc=0.700
NaN mask informational values 1h_L3_rolling_W13_Mean_1.parquet::close_1h_momentum_MACDFIX-Line_8_Mean_W13: fill_rate full=1.000 trunc=0.700
NaN mask informational values 1h_L3_rolling_W13_Mean_1.parquet::close_1h_momentum_MACDFIX-Signal_3_Mean_W13: fill_rate full=1.000 trunc=0.700
NaN mask informational values 1h_L3_rolling_W13_Mean_1.parquet::close_1h_momentum_MOM_13_Mean_W13: fill_rate full=1.000 trunc=0.700
NaN mask informational values 1h_L3_rolling_W13_Mean_1.parquet::close_1h_momentum_MOM_21_Mean_W13: fill_rate full=1.000 trunc=0.700
NaN mask informational values 1h_L3_rolling_W13_Mean_1.parquet::close_1h_momentum_PPO_13-34-0_Mean_W13: fill_rate full=1.000 trunc=0.700
NaN mask informational values 1h_L3_rolling_W13_Mean_1.parquet::close_1h_momentum_PPO_21-89-0_Mean_W13: fill_rate full=1.000 trunc=0.700
NaN mask informational values 1h_L3_rolling_W13_Mean_1.parquet::close_1h_momentum_PPO_34-144-0_Mean_W13: fill_rate full=1.000 trunc=0.700
NaN mask informational values 1h_L3_rolling_W13_Mean_1.parquet::close_1h_momentum_PPO_55-144-0_Mean_W13: fill_rate full=1.000 trunc=0.700
NaN mask informational values 1h_L3_rolling_W13_Mean_1.parquet::close_1h_momentum_ROCR100_144_Mean_W13: fill_rate full=1.000 trunc=0.700
NaN mask informational values 1h_L3_rolling_W13_Mean_1.parquet::close_1h_momentum_ROCR100_34_Mean_W13: fill_rate full=1.000 trunc=0.700
NaN mask informational values 1h_L3_rolling_W13_Mean_1.parquet::close_1h_momentum_ROC_13_Mean_W13: fill_rate full=1.000 trunc=0.700
NaN mask informational values 1h_L3_rolling_W13_Mean_1.parquet::close_1h_momentum_ROC_144_Mean_W13: fill_rate full=1.000 trunc=0.700
NaN mask informational values 1h_L3_rolling_W13_Mean_1.parquet::close_1h_momentum_ROC_21_Mean_W13: fill_rate full=1.000 trunc=0.700
NaN mask informational values 1h_L3_rolling_W13_Mean_1.parquet::close_1h_momentum_RSI_233_Mean_W13: fill_rate full=1.000 trunc=0.700
NaN mask informational values 1h_L3_rolling_W13_Mean_1.parquet::close_1h_momentum_RSI_89_Mean_W13: fill_rate full=1.000 trunc=0.700
NaN mask informational values 1h_L3_rolling_W13_Mean_1.parquet::close_1h_momentum_RSI_8_Mean_W13: fill_rate full=1.000 trunc=0.700
NaN mask informational values 1h_L3_rolling_W13_Mean_1.parquet::close_1h_momentum_RSI_9_Mean_W13: fill_rate full=1.000 trunc=0.700
NaN mask informational values 1h_L3_rolling_W13_Mean_1.parquet::close_1h_momentum_TRIX_89_Mean_W13: fill_rate full=1.000 trunc=0.700
NaN mask informational values 1h_L3_rolling_W13_Mean_1.parquet::close_1h_trend_BBANDS-Upper_233_Mean_W13: fill_rate full=1.000 trunc=0.700
NaN mask informational values 1h_L3_rolling_W13_Mean_1.parquet::close_1h_trend_DEMA_144_Mean_W13: fill_rate full=1.000 trunc=0.700
NaN mask informational values 1h_L3_rolling_W13_Mean_1.parquet::close_1h_trend_EMA_13_Mean_W13: fill_rate full=1.000 trunc=0.700
NaN mask informational values 1h_L3_rolling_W13_Mean_1.parquet::close_1h_trend_EMA_50_Mean_W13: fill_rate full=1.000 trunc=0.700
NaN mask informational values 1h_L3_rolling_W13_Mean_1.parquet::close_1h_trend_KAMA_13_Mean_W13: fill_rate full=1.000 trunc=0.700
NaN mask informational values 1h_L3_rolling_W13_Mean_1.parquet::close_1h_trend_MAVP_144_Mean_W13: fill_rate full=1.000 trunc=0.700
NaN mask informational values 1h_L3_rolling_W13_Mean_1.parquet::close_1h_trend_MAVP_55_Mean_W13: fill_rate full=1.000 trunc=0.700
NaN mask informational values 1h_L3_rolling_W13_Mean_1.parquet::close_1h_trend_MA_144_Mean_W13: fill_rate full=1.000 trunc=0.700
NaN mask informational values 1h_L3_rolling_W13_Mean_1.parquet::close_1h_trend_MIDPOINT_144_Mean_W13: fill_rate full=1.000 trunc=0.700
NaN mask informational values 1h_L3_rolling_W13_Mean_1.parquet::close_1h_trend_SMA_100_Mean_W13: fill_rate full=1.000 trunc=0.700
NaN mask informational values 1h_L3_rolling_W13_Mean_1.parquet::close_1h_trend_SMA_13_Mean_W13: fill_rate full=1.000 trunc=0.700
NaN mask informational values 1h_L3_rolling_W13_Mean_1.parquet::close_1h_trend_T3_144_Mean_W13: fill_rate full=1.000 trunc=0.700
NaN mask informational values 1h_L3_rolling_W13_Mean_1.parquet::close_1h_trend_T3_8_Mean_W13: fill_rate full=1.000 trunc=0.700
NaN mask informational values 1h_L3_rolling_W13_Mean_1.parquet::close_1h_trend_TEMA_144_Mean_W13: fill_rate full=1.000 trunc=0.700
NaN mask informational values 1h_L3_rolling_W13_Mean_1.parquet::close_1h_trend_TRIMA_144_Mean_W13: fill_rate full=1.000 trunc=0.700
NaN mask informational values 1h_L3_rolling_W13_Mean_1.parquet::close_1h_trend_WMA_144_Mean_W13: fill_rate full=1.000 trunc=0.700
NaN mask informational values 1h_L3_rolling_W13_Mean_1.parquet::close_1h_trend_WMA_233_Mean_W13: fill_rate full=1.000 trunc=0.700
NaN mask informational values 1h_L3_rolling_W13_Mean_1.parquet::hl_1h_momentum_AROON-aroondown_25_Mean_W13: fill_rate full=1.000 trunc=0.700
NaN mask informational values 1h_L3_rolling_W13_Mean_1.parquet::hl_1h_momentum_AROON-aroonup_13_Mean_W13: fill_rate full=1.000 trunc=0.700
NaN mask informational values 1h_L3_rolling_W13_Mean_1.parquet::hl_1h_momentum_AROON-aroonup_233_Mean_W13: fill_rate full=1.000 trunc=0.700
NaN mask informational values 1h_L3_rolling_W13_Mean_1.parquet::hl_1h_momentum_AROON-aroonup_55_Mean_W13: fill_rate full=1.000 trunc=0.700
NaN mask informational values 1h_L3_rolling_W13_Mean_1.parquet::hl_1h_momentum_AROON-aroonup_89_Mean_W13: fill_rate full=1.000 trunc=0.700
NaN mask informational values 1h_L3_rolling_W13_Mean_1.parquet::hl_1h_momentum_MINUS-DM_14_Mean_W13: fill_rate full=1.000 trunc=0.700
NaN mask informational values 1h_L3_rolling_W13_Mean_1.parquet::hl_1h_momentum_MINUS-DM_55_Mean_W13: fill_rate full=1.000 trunc=0.700
NaN mask informational values 1h_L3_rolling_W13_Mean_1.parquet::hl_1h_momentum_PLUS-DM_14_Mean_W13: fill_rate full=1.000 trunc=0.700
NaN mask informational values 1h_L3_rolling_W13_Mean_1.parquet::hlc_1h_momentum_ADXR_233_Mean_W13: fill_rate full=1.000 trunc=0.700
NaN mask informational values 1h_L3_rolling_W13_Mean_1.parquet::hlc_1h_momentum_ADX_144_Mean_W13: fill_rate full=1.000 trunc=0.700
NaN mask informational values 1h_L3_rolling_W13_Mean_1.parquet::hlc_1h_momentum_CCI_5_Mean_W13: fill_rate full=1.000 trunc=0.700
NaN mask informational values 1h_L3_rolling_W13_Mean_1.parquet::hlc_1h_momentum_CCI_89_Mean_W13: fill_rate full=1.000 trunc=0.700
NaN mask informational values 1h_L3_rolling_W13_Mean_1.parquet::hlc_1h_momentum_CCI_8_Mean_W13: fill_rate full=1.000 trunc=0.700
NaN mask informational values 1h_L3_rolling_W13_Mean_1.parquet::hlc_1h_momentum_DX_55_Mean_W13: fill_rate full=1.000 trunc=0.700
NaN mask informational values 1h_L3_rolling_W13_Mean_1.parquet::hlc_1h_momentum_MINUS-DI_89_Mean_W13: fill_rate full=1.000 trunc=0.700
NaN mask informational values 1h_L3_rolling_W13_Mean_1.parquet::hlc_1h_momentum_PLUS-DI_144_Mean_W13: fill_rate full=1.000 trunc=0.700
NaN mask informational values 1h_L3_rolling_W13_Mean_1.parquet::hlc_1h_momentum_STOCH-slowd_13-3-0-3-0_Mean_W13: fill_rate full=1.000 trunc=0.700
NaN mask informational values 1h_L3_rolling_W13_Mean_1.parquet::hlc_1h_momentum_STOCH-slowd_21-5-0-5-0_Mean_W13: fill_rate full=1.000 trunc=0.700
NaN mask informational values 1h_L3_rolling_W13_Mean_1.parquet::hlc_1h_momentum_STOCH-slowd_55-5-0-5-0_Mean_W13: fill_rate full=1.000 trunc=0.700
NaN mask informational values 1h_L3_rolling_W13_Mean_1.parquet::hlc_1h_momentum_STOCH-slowk_13-3-0-3-0_Mean_W13: fill_rate full=1.000 trunc=0.700
NaN mask informational values 1h_L3_rolling_W13_Mean_1.parquet::hlc_1h_momentum_STOCH-slowk_21-3-0-3-0_Mean_W13: fill_rate full=1.000 trunc=0.700
NaN mask informational values 1h_L3_rolling_W13_Mean_1.parquet::hlc_1h_momentum_STOCH-slowk_21-5-0-5-0_Mean_W13: fill_rate full=1.000 trunc=0.700
NaN mask informational values 1h_L3_rolling_W13_Mean_1.parquet::hlc_1h_momentum_STOCH-slowk_55-5-0-5-0_Mean_W13: fill_rate full=1.000 trunc=0.700
NaN mask informational values 1h_L3_rolling_W13_Mean_1.parquet::hlc_1h_momentum_STOCHF-fastd_13-3-0_Mean_W13: fill_rate full=1.000 trunc=0.700
NaN mask informational values 1h_L3_rolling_W13_Mean_1.parquet::hlc_1h_momentum_STOCHF-fastd_5-3-0_Mean_W13: fill_rate full=1.000 trunc=0.700
NaN mask informational values 1h_L3_rolling_W13_Mean_1.parquet::hlc_1h_momentum_STOCHF-fastk_13-3-0_Mean_W13: fill_rate full=1.000 trunc=0.700
NaN mask informational values 1h_L3_rolling_W13_Mean_1.parquet::hlc_1h_momentum_STOCHF-fastk_5-3-0_Mean_W13: fill_rate full=1.000 trunc=0.700
NaN mask informational values 1h_L3_rolling_W13_Mean_1.parquet::hlc_1h_momentum_ULTOSC_13-21-55_Mean_W13: fill_rate full=1.000 trunc=0.700
NaN mask informational values 1h_L3_rolling_W13_Mean_1.parquet::hlc_1h_momentum_ULTOSC_34-55-144_Mean_W13: fill_rate full=1.000 trunc=0.700
NaN mask informational values 1h_L3_rolling_W13_Mean_1.parquet::hlc_1h_momentum_ULTOSC_7-14-28_Mean_W13: fill_rate full=1.000 trunc=0.700
NaN mask informational values 1h_L3_rolling_W13_Mean_1.parquet::hlc_1h_momentum_WILLR_55_Mean_W13: fill_rate full=1.000 trunc=0.700
NaN mask informational values 1h_L3_rolling_W13_Mean_1.parquet::hlcv_1h_momentum_MFI_21_Mean_W13: fill_rate full=1.000 trunc=0.700
NaN mask informational values 1h_L3_rolling_W13_Mean_1.parquet::volume_1h_momentum_APO_13-55-0_Mean_W13: fill_rate full=1.000 trunc=0.700
NaN mask informational values 1h_L3_rolling_W13_Mean_1.parquet::volume_1h_momentum_APO_34-89-0_Mean_W13: fill_rate full=1.000 trunc=0.700
NaN mask informational values 1h_L3_rolling_W13_Mean_1.parquet::volume_1h_momentum_APO_55-233-0_Mean_W13: fill_rate full=1.000 trunc=0.700
NaN mask informational values 1h_L3_rolling_W13_Mean_1.parquet::volume_1h_momentum_CMO_21_Mean_W13: fill_rate full=1.000 trunc=0.700
NaN mask informational values 1h_L3_rolling_W13_Mean_1.parquet::volume_1h_momentum_MACD-Hist_13-34-9_Mean_W13: fill_rate full=1.000 trunc=0.700
NaN mask informational values 1h_L3_rolling_W13_Mean_1.parquet::volume_1h_momentum_MACD-Hist_34-144-21_Mean_W13: fill_rate full=1.000 trunc=0.700
NaN mask informational values 1h_L3_rolling_W13_Mean_1.parquet::volume_1h_momentum_MACD-Hist_55-144-21_Mean_W13: fill_rate full=1.000 trunc=0.700
NaN mask informational values 1h_L3_rolling_W13_Mean_1.parquet::volume_1h_momentum_MACD-Line_12-26-9_Mean_W13: fill_rate full=1.000 trunc=0.700
NaN mask informational values 1h_L3_rolling_W13_Mean_1.parquet::volume_1h_momentum_MACD-Line_21-89-13_Mean_W13: fill_rate full=1.000 trunc=0.700
NaN mask informational values 1h_L3_rolling_W13_Mean_1.parquet::volume_1h_momentum_MACD-Line_5-21-5_Mean_W13: fill_rate full=1.000 trunc=0.700
NaN mask informational values 1h_L3_rolling_W13_Mean_1.parquet::volume_1h_momentum_MACD-Line_8-34-9_Mean_W13: fill_rate full=1.000 trunc=0.700
NaN mask informational values 1h_L3_rolling_W13_Mean_1.parquet::volume_1h_momentum_MACD-Signal_21-55-9_Mean_W13: fill_rate full=1.000 trunc=0.700
NaN mask informational values 1h_L3_rolling_W13_Mean_1.parquet::volume_1h_momentum_MACD-Signal_34-144-21_Mean_W13: fill_rate full=1.000 trunc=0.700
NaN mask informational values 1h_L3_rolling_W13_Mean_1.parquet::volume_1h_momentum_MACD-Signal_5-13-3_Mean_W13: fill_rate full=1.000 trunc=0.700
NaN mask informational values 1h_L3_rolling_W13_Mean_1.parquet::volume_1h_momentum_MACD-Signal_8-21-5_Mean_W13: fill_rate full=1.000 trunc=0.700
NaN mask informational values 1h_L3_rolling_W13_Mean_1.parquet::volume_1h_momentum_MACDEXT-Hist_13-55-13_Mean_W13: fill_rate full=1.000 trunc=0.700
NaN mask informational values 1h_L3_rolling_W13_Mean_1.parquet::volume_1h_momentum_MACDEXT-Hist_34-89-13_Mean_W13: fill_rate full=1.000 trunc=0.700
NaN mask informational values 1h_L3_rolling_W13_Mean_1.parquet::volume_1h_momentum_MACDEXT-Hist_55-233-34_Mean_W13: fill_rate full=1.000 trunc=0.700
NaN mask informational values 1h_L3_rolling_W13_Mean_1.parquet::volume_1h_momentum_MACDEXT-Line_13-34-9_Mean_W13: fill_rate full=1.000 trunc=0.700
NaN mask informational values 1h_L3_rolling_W13_Mean_1.parquet::volume_1h_momentum_MACDEXT-Line_34-144-21_Mean_W13: fill_rate full=1.000 trunc=0.700
NaN mask informational values 1h_L3_rolling_W13_Mean_1.parquet::volume_1h_momentum_MACDEXT-Line_55-144-21_Mean_W13: fill_rate full=1.000 trunc=0.700
NaN mask informational values 1h_L3_rolling_W13_Mean_1.parquet::volume_1h_momentum_MACDEXT-Signal_12-26-9_Mean_W13: fill_rate full=1.000 trunc=0.700
NaN mask informational values 1h_L3_rolling_W13_Mean_1.parquet::volume_1h_momentum_MACDEXT-Signal_21-89-13_Mean_W13: fill_rate full=1.000 trunc=0.700
NaN mask informational values 1h_L3_rolling_W13_Mean_1.parquet::volume_1h_momentum_MACDEXT-Signal_5-21-5_Mean_W13: fill_rate full=1.000 trunc=0.700
NaN mask informational values 1h_L3_rolling_W13_Mean_1.parquet::volume_1h_momentum_MACDEXT-Signal_55-233-34_Mean_W13: fill_rate full=1.000 trunc=0.700
NaN mask informational values 1h_L3_rolling_W13_Mean_1.parquet::volume_1h_momentum_MACDEXT-Signal_8-34-9_Mean_W13: fill_rate full=1.000 trunc=0.700
NaN mask informational values 1h_L3_rolling_W13_Mean_1.parquet::volume_1h_momentum_MACDFIX-Hist_5_Mean_W13: fill_rate full=1.000 trunc=0.700
NaN mask informational values 1h_L3_rolling_W13_Mean_1.parquet::volume_1h_momentum_MACDFIX-Line_21_Mean_W13: fill_rate full=1.000 trunc=0.700
NaN mask informational values 1h_L3_rolling_W13_Mean_1.parquet::volume_1h_momentum_MACDFIX-Line_9_Mean_W13: fill_rate full=1.000 trunc=0.700
NaN mask informational values 1h_L3_rolling_W13_Mean_1.parquet::volume_1h_momentum_MACDFIX-Signal_5_Mean_W13: fill_rate full=1.000 trunc=0.700
NaN mask informational values 1h_L3_rolling_W13_Mean_1.parquet::volume_1h_momentum_MOM_144_Mean_W13: fill_rate full=1.000 trunc=0.700
NaN mask informational values 1h_L3_rolling_W13_Mean_1.parquet::volume_1h_momentum_MOM_233_Mean_W13: fill_rate full=1.000 trunc=0.700
NaN mask informational values 1h_L3_rolling_W13_Mean_1.parquet::volume_1h_momentum_PPO_13-55-0_Mean_W13: fill_rate full=1.000 trunc=0.700
NaN mask informational values 1h_L3_rolling_W13_Mean_1.parquet::volume_1h_momentum_PPO_34-89-0_Mean_W13: fill_rate full=1.000 trunc=0.700
NaN mask informational values 1h_L3_rolling_W13_Mean_1.parquet::volume_1h_momentum_PPO_55-233-0_Mean_W13: fill_rate full=1.000 trunc=0.700
NaN mask informational values 1h_L3_rolling_W13_Mean_1.parquet::volume_1h_momentum_ROCP_13_Mean_W13: fill_rate full=1.000 trunc=0.700
NaN mask informational values 1h_L3_rolling_W13_Mean_1.parquet::volume_1h_momentum_ROCP_21_Mean_W13: fill_rate full=1.000 trunc=0.700
NaN mask informational values 1h_L3_rolling_W13_Mean_1.parquet::volume_1h_momentum_ROCR_13_Mean_W13: fill_rate full=1.000 trunc=0.700
NaN mask informational values 1h_L3_rolling_W13_Mean_1.parquet::volume_1h_momentum_ROC_12_Mean_W13: fill_rate full=1.000 trunc=0.700
NaN mask informational values 1h_L3_rolling_W13_Mean_1.parquet::volume_1h_momentum_ROC_144_Mean_W13: fill_rate full=1.000 trunc=0.700
NaN mask informational values 1h_L3_rolling_W13_Mean_1.parquet::volume_1h_momentum_ROC_233_Mean_W13: fill_rate full=1.000 trunc=0.700
NaN mask informational values 1h_L3_rolling_W13_Mean_1.parquet::volume_1h_momentum_RSI_144_Mean_W13: fill_rate full=1.000 trunc=0.700
NaN mask informational values 1h_L3_rolling_W13_Mean_1.parquet::volume_1h_momentum_STOCHRSI-fastk_14-5-3-0_Mean_W13: fill_rate full=1.000 trunc=0.700
NaN mask informational values 1h_L3_rolling_W13_Mean_1.parquet::volume_1h_momentum_STOCHRSI-fastk_21-5-3-0_Mean_W13: fill_rate full=1.000 trunc=0.700
NaN mask informational values 1h_L3_rolling_W13_Mean_1.parquet::volume_1h_momentum_STOCHRSI-fastk_55-8-5-0_Mean_W13: fill_rate full=1.000 trunc=0.700
NaN mask informational values 1h_L3_rolling_W13_Mean_1.parquet::volume_1h_momentum_TRIX_13_Mean_W13: fill_rate full=1.000 trunc=0.700
NaN mask informational values 1h_L3_rolling_W13_Mean_1.parquet::volume_1h_momentum_TRIX_21_Mean_W13: fill_rate full=1.000 trunc=0.700
NaN mask informational values 1h_L3_rolling_W13_Mean_1.parquet::volume_1h_trend_BBANDS-Middle_13_Mean_W13: fill_rate full=1.000 trunc=0.700
NaN mask informational values 1h_L3_rolling_W13_Mean_1.parquet::volume_1h_trend_DEMA_5_Mean_W13: fill_rate full=1.000 trunc=0.700
NaN mask informational values 1h_L3_rolling_W13_Mean_1.parquet::volume_1h_trend_EMA_144_Mean_W13: fill_rate full=1.000 trunc=0.700
NaN mask informational values 1h_L3_rolling_W13_Mean_1.parquet::volume_1h_trend_EMA_21_Mean_W13: fill_rate full=1.000 trunc=0.700
NaN mask informational values 1h_L3_rolling_W13_Mean_1.parquet::volume_1h_trend_EMA_34_Mean_W13: fill_rate full=1.000 trunc=0.700
NaN mask informational values 1h_L3_rolling_W13_Mean_1.parquet::volume_1h_trend_KAMA_144_Mean_W13: fill_rate full=1.000 trunc=0.700
NaN mask informational values 1h_L3_rolling_W13_Mean_1.parquet::volume_1h_trend_KAMA_34_Mean_W13: fill_rate full=1.000 trunc=0.700
NaN mask informational values 1h_L3_rolling_W13_Mean_1.parquet::volume_1h_trend_MA_5_Mean_W13: fill_rate full=1.000 trunc=0.700
NaN mask informational values 1h_L3_rolling_W13_Mean_1.parquet::volume_1h_trend_SMA_55_Mean_W13: fill_rate full=1.000 trunc=0.700
NaN mask informational values 1h_L3_rolling_W13_Mean_1.parquet::volume_1h_trend_WMA_8_Mean_W13: fill_rate full=1.000 trunc=0.700
NaN mask informational values 1h_L3_rolling_W5_Mean_1.parquet::close_1h_momentum_APO_12-26-0_Mean_W5: fill_rate full=1.000 trunc=0.900
NaN mask informational values 1h_L3_rolling_W5_Mean_1.parquet::close_1h_momentum_CMO_89_Mean_W5: fill_rate full=1.000 trunc=0.900
NaN mask informational values 1h_L3_rolling_W5_Mean_1.parquet::close_1h_momentum_CMO_8_Mean_W5: fill_rate full=1.000 trunc=0.900
NaN mask informational values 1h_L3_rolling_W5_Mean_1.parquet::close_1h_momentum_MACD-Line_5-21-5_Mean_W5: fill_rate full=1.000 trunc=0.900
NaN mask informational values 1h_L3_rolling_W5_Mean_1.parquet::close_1h_momentum_MACDEXT-Hist_21-89-13_Mean_W5: fill_rate full=1.000 trunc=0.900
NaN mask informational values 1h_L3_rolling_W5_Mean_1.parquet::close_1h_momentum_MACDEXT-Signal_12-26-9_Mean_W5: fill_rate full=1.000 trunc=0.900
NaN mask informational values 1h_L3_rolling_W5_Mean_1.parquet::close_1h_momentum_MACDFIX-Line_5_Mean_W5: fill_rate full=1.000 trunc=0.900
NaN mask informational values 1h_L3_rolling_W5_Mean_1.parquet::close_1h_momentum_PPO_21-89-0_Mean_W5: fill_rate full=1.000 trunc=0.900
NaN mask informational values 1h_L3_rolling_W5_Mean_1.parquet::close_1h_momentum_ROCP_89_Mean_W5: fill_rate full=1.000 trunc=0.900
NaN mask informational values 1h_L3_rolling_W5_Mean_1.parquet::close_1h_momentum_ROCR100_144_Mean_W5: fill_rate full=1.000 trunc=0.900
NaN mask informational values 1h_L3_rolling_W5_Mean_1.parquet::close_1h_momentum_ROCR_34_Mean_W5: fill_rate full=1.000 trunc=0.900
NaN mask informational values 1h_L3_rolling_W5_Mean_1.parquet::close_1h_momentum_ROC_144_Mean_W5: fill_rate full=1.000 trunc=0.900
NaN mask informational values 1h_L3_rolling_W5_Mean_1.parquet::close_1h_momentum_RSI_9_Mean_W5: fill_rate full=1.000 trunc=0.900
NaN mask informational values 1h_L3_rolling_W5_Mean_1.parquet::close_1h_momentum_TRIX_89_Mean_W5: fill_rate full=1.000 trunc=0.900
NaN mask informational values 1h_L3_rolling_W5_Mean_1.parquet::close_1h_trend_BBANDS-Upper_233_Mean_W5: fill_rate full=1.000 trunc=0.900
NaN mask informational values 1h_L3_rolling_W5_Mean_1.parquet::close_1h_trend_DEMA_89_Mean_W5: fill_rate full=1.000 trunc=0.900
NaN mask informational values 1h_L3_rolling_W5_Mean_1.parquet::close_1h_trend_EMA_50_Mean_W5: fill_rate full=1.000 trunc=0.900
NaN mask informational values 1h_L3_rolling_W5_Mean_1.parquet::close_1h_trend_EMA_89_Mean_W5: fill_rate full=1.000 trunc=0.900
NaN mask informational values 1h_L3_rolling_W5_Mean_1.parquet::close_1h_trend_MAVP_55_Mean_W5: fill_rate full=1.000 trunc=0.900
NaN mask informational values 1h_L3_rolling_W5_Mean_1.parquet::close_1h_trend_MAVP_89_Mean_W5: fill_rate full=1.000 trunc=0.900
NaN mask informational values 1h_L3_rolling_W5_Mean_1.parquet::close_1h_trend_MA_89_Mean_W5: fill_rate full=1.000 trunc=0.900
NaN mask informational values 1h_L3_rolling_W5_Mean_1.parquet::close_1h_trend_MIDPOINT_89_Mean_W5: fill_rate full=1.000 trunc=0.900
NaN mask informational values 1h_L3_rolling_W5_Mean_1.parquet::close_1h_trend_SMA_100_Mean_W5: fill_rate full=1.000 trunc=0.900
NaN mask informational values 1h_L3_rolling_W5_Mean_1.parquet::close_1h_trend_SMA_50_Mean_W5: fill_rate full=1.000 trunc=0.900
NaN mask informational values 1h_L3_rolling_W5_Mean_1.parquet::close_1h_trend_SMA_89_Mean_W5: fill_rate full=1.000 trunc=0.900
NaN mask informational values 1h_L3_rolling_W5_Mean_1.parquet::close_1h_trend_T3_89_Mean_W5: fill_rate full=1.000 trunc=0.900
NaN mask informational values 1h_L3_rolling_W5_Mean_1.parquet::close_1h_trend_T3_8_Mean_W5: fill_rate full=1.000 trunc=0.900
NaN mask informational values 1h_L3_rolling_W5_Mean_1.parquet::close_1h_trend_TEMA_89_Mean_W5: fill_rate full=1.000 trunc=0.900
NaN mask informational values 1h_L3_rolling_W5_Mean_1.parquet::close_1h_trend_TRIMA_89_Mean_W5: fill_rate full=1.000 trunc=0.900
NaN mask informational values 1h_L3_rolling_W5_Mean_1.parquet::close_1h_trend_WMA_233_Mean_W5: fill_rate full=1.000 trunc=0.900
NaN mask informational values 1h_L3_rolling_W5_Mean_1.parquet::close_1h_trend_WMA_89_Mean_W5: fill_rate full=1.000 trunc=0.900
NaN mask informational values 1h_L3_rolling_W5_Mean_1.parquet::hl_1h_momentum_AROON-aroonup_55_Mean_W5: fill_rate full=1.000 trunc=0.900
NaN mask informational values 1h_L3_rolling_W5_Mean_1.parquet::hl_1h_momentum_AROONOSC_34_Mean_W5: fill_rate full=1.000 trunc=0.900
NaN mask informational values 1h_L3_rolling_W5_Mean_1.parquet::hl_1h_momentum_PLUS-DM_14_Mean_W5: fill_rate full=1.000 trunc=0.900
NaN mask informational values 1h_L3_rolling_W5_Mean_1.parquet::hl_1h_momentum_PLUS-DM_55_Mean_W5: fill_rate full=1.000 trunc=0.900
NaN mask informational values 1h_L3_rolling_W5_Mean_1.parquet::hlc_1h_momentum_ADXR_144_Mean_W5: fill_rate full=1.000 trunc=0.900
NaN mask informational values 1h_L3_rolling_W5_Mean_1.parquet::hlc_1h_momentum_ADXR_233_Mean_W5: fill_rate full=1.000 trunc=0.900
NaN mask informational values 1h_L3_rolling_W5_Mean_1.parquet::hlc_1h_momentum_ADXR_89_Mean_W5: fill_rate full=1.000 trunc=0.900
NaN mask informational values 1h_L3_rolling_W5_Mean_1.parquet::hlc_1h_momentum_ADX_233_Mean_W5: fill_rate full=1.000 trunc=0.900
NaN mask informational values 1h_L3_rolling_W5_Mean_1.parquet::hlc_1h_momentum_CCI_233_Mean_W5: fill_rate full=1.000 trunc=0.900
NaN mask informational values 1h_L3_rolling_W5_Mean_1.parquet::hlc_1h_momentum_CCI_5_Mean_W5: fill_rate full=1.000 trunc=0.900
NaN mask informational values 1h_L3_rolling_W5_Mean_1.parquet::hlc_1h_momentum_DX_55_Mean_W5: fill_rate full=1.000 trunc=0.900
NaN mask informational values 1h_L3_rolling_W5_Mean_1.parquet::hlc_1h_momentum_DX_8_Mean_W5: fill_rate full=1.000 trunc=0.900
NaN mask informational values 1h_L3_rolling_W5_Mean_1.parquet::hlc_1h_momentum_MINUS-DI_21_Mean_W5: fill_rate full=1.000 trunc=0.900
NaN mask informational values 1h_L3_rolling_W5_Mean_1.parquet::hlc_1h_momentum_PLUS-DI_144_Mean_W5: fill_rate full=1.000 trunc=0.900
NaN mask informational values 1h_L3_rolling_W5_Mean_1.parquet::hlc_1h_momentum_PLUS-DI_89_Mean_W5: fill_rate full=1.000 trunc=0.900
NaN mask informational values 1h_L3_rolling_W5_Mean_1.parquet::hlc_1h_momentum_STOCH-slowk_21-3-0-3-0_Mean_W5: fill_rate full=1.000 trunc=0.900
NaN mask informational values 1h_L3_rolling_W5_Mean_1.parquet::hlc_1h_momentum_STOCHF-fastk_5-3-0_Mean_W5: fill_rate full=1.000 trunc=0.900
NaN mask informational values 1h_L3_rolling_W5_Mean_1.parquet::hlc_1h_momentum_WILLR_13_Mean_W5: fill_rate full=1.000 trunc=0.900
NaN mask informational values 1h_L3_rolling_W5_Mean_1.parquet::hlc_1h_momentum_WILLR_14_Mean_W5: fill_rate full=1.000 trunc=0.900
NaN mask informational values 1h_L3_rolling_W5_Mean_1.parquet::hlc_1h_momentum_WILLR_55_Mean_W5: fill_rate full=1.000 trunc=0.900
NaN mask informational values 1h_L3_rolling_W5_Mean_1.parquet::hlc_1h_momentum_WILLR_8_Mean_W5: fill_rate full=1.000 trunc=0.900
NaN mask informational values 1h_L3_rolling_W5_Mean_1.parquet::ohlc_1h_momentum_BOP_Mean_W5: fill_rate full=1.000 trunc=0.900
NaN mask informational values 1h_L3_rolling_W5_Mean_1.parquet::volume_1h_momentum_APO_55-233-0_Mean_W5: fill_rate full=1.000 trunc=0.900
NaN mask informational values 1h_L3_rolling_W5_Mean_1.parquet::volume_1h_momentum_MACD-Hist_55-144-21_Mean_W5: fill_rate full=1.000 trunc=0.900
NaN mask informational values 1h_L3_rolling_W5_Mean_1.parquet::volume_1h_momentum_MACD-Signal_34-144-21_Mean_W5: fill_rate full=1.000 trunc=0.900
NaN mask informational values 1h_L3_rolling_W5_Mean_1.parquet::volume_1h_momentum_MACDEXT-Line_13-34-9_Mean_W5: fill_rate full=1.000 trunc=0.900
NaN mask informational values 1h_L3_rolling_W5_Mean_1.parquet::volume_1h_momentum_MACDEXT-Signal_55-233-34_Mean_W5: fill_rate full=1.000 trunc=0.900
NaN mask informational values 1h_L3_rolling_W5_Mean_1.parquet::volume_1h_momentum_MOM_144_Mean_W5: fill_rate full=1.000 trunc=0.900
NaN mask informational values 1h_L3_rolling_W5_Mean_1.parquet::volume_1h_momentum_ROCP_13_Mean_W5: fill_rate full=1.000 trunc=0.900
NaN mask informational values 1h_L3_rolling_W5_Mean_1.parquet::volume_1h_momentum_ROCR100_13_Mean_W5: fill_rate full=1.000 trunc=0.900
NaN mask informational values 1h_L3_rolling_W5_Mean_1.parquet::volume_1h_momentum_ROCR100_21_Mean_W5: fill_rate full=1.000 trunc=0.900
NaN mask informational values 1h_L3_rolling_W5_Mean_1.parquet::volume_1h_momentum_ROCR_13_Mean_W5: fill_rate full=1.000 trunc=0.900
NaN mask informational values 1h_L3_rolling_W5_Mean_1.parquet::volume_1h_momentum_RSI_144_Mean_W5: fill_rate full=1.000 trunc=0.900
NaN mask informational values 1h_L3_rolling_W5_Mean_1.parquet::volume_1h_momentum_RSI_55_Mean_W5: fill_rate full=1.000 trunc=0.900
NaN mask informational values 1h_L3_rolling_W5_Mean_1.parquet::volume_1h_momentum_STOCHRSI-fastk_21-5-3-0_Mean_W5: fill_rate full=1.000 trunc=0.900
NaN mask informational values 1h_L3_rolling_W5_Mean_1.parquet::volume_1h_trend_BBANDS-Middle_13_Mean_W5: fill_rate full=1.000 trunc=0.900
NaN mask informational values 1h_L3_rolling_W5_Mean_1.parquet::volume_1h_trend_DEMA_5_Mean_W5: fill_rate full=1.000 trunc=0.900
NaN mask informational values 1h_L3_rolling_W5_Mean_1.parquet::volume_1h_trend_EMA_100_Mean_W5: fill_rate full=1.000 trunc=0.900
NaN mask informational values 1h_L3_rolling_W5_Mean_1.parquet::volume_1h_trend_KAMA_34_Mean_W5: fill_rate full=1.000 trunc=0.900
NaN mask informational values 1h_L3_rolling_W5_Mean_1.parquet::volume_1h_trend_KAMA_89_Mean_W5: fill_rate full=1.000 trunc=0.900
NaN mask informational values 1h_L3_rolling_W5_Mean_1.parquet::volume_1h_trend_MA_5_Mean_W5: fill_rate full=1.000 trunc=0.900
NaN mask informational values 1h_L3_rolling_W5_Mean_1.parquet::volume_1h_trend_MIDPOINT_5_Mean_W5: fill_rate full=1.000 trunc=0.900
NaN mask informational values 1h_L3_rolling_W5_Mean_1.parquet::volume_1h_trend_SMA_20_Mean_W5: fill_rate full=1.000 trunc=0.900
NaN mask informational values 1h_L3_rolling_W5_Mean_1.parquet::volume_1h_trend_SMA_55_Mean_W5: fill_rate full=1.000 trunc=0.900
NaN mask informational values 1h_L3_rolling_W5_Mean_1.parquet::volume_1h_trend_SMA_5_Mean_W5: fill_rate full=1.000 trunc=0.900
NaN mask informational values 1h_L3_rolling_W5_Mean_1.parquet::volume_1h_trend_T3_5_Mean_W5: fill_rate full=1.000 trunc=0.900
NaN mask informational values 1h_L3_rolling_W5_Mean_1.parquet::volume_1h_trend_TEMA_5_Mean_W5: fill_rate full=1.000 trunc=0.900
NaN mask informational values 1h_L3_rolling_W5_Mean_1.parquet::volume_1h_trend_TRIMA_5_Mean_W5: fill_rate full=1.000 trunc=0.900
NaN mask informational values 1h_L3_rolling_W5_Mean_1.parquet::volume_1h_trend_WMA_5_Mean_W5: fill_rate full=1.000 trunc=0.900
NaN mask informational values 1h_L3_rolling_W5_Mean_1.parquet::volume_1h_trend_WMA_8_Mean_W5: fill_rate full=1.000 trunc=0.900
----------------------------- Captured stderr call -----------------------------
2026-10-02 09:29:30,484 - momentum.DataExtraction.kline_storage - INFO - KlineStorageManager initialized: data_cache/feature_klines/kline_cache.h5
[2026-10-02 09:29:30,484] INFO momentum.FeatureEngineering.adapters.adapter_registry: Registered adapter: crypto_spot
2026-10-02 09:29:30,484 - momentum.FeatureEngineering.adapters.adapter_registry - INFO - Registered adapter: crypto_spot
2026-10-02 09:29:30,554 - momentum.FeatureEngineering.atomic.parameter_generator - WARNING - STOCH combo [5, 3, 3] is missing 2 parameter(s); using defaults slowk=3 slowd=3 slowk_matype=0 slowd_matype=0
2026-10-02 09:29:30,554 - momentum.FeatureEngineering.atomic.parameter_generator - WARNING - STOCH combo [8, 3, 3] is missing 2 parameter(s); using defaults slowk=3 slowd=3 slowk_matype=0 slowd_matype=0
2026-10-02 09:29:30,554 - momentum.FeatureEngineering.atomic.parameter_generator - WARNING - STOCH combo [13, 3, 3] is missing 2 parameter(s); using defaults slowk=3 slowd=3 slowk_matype=0 slowd_matype=0
2026-10-02 09:29:30,555 - momentum.FeatureEngineering.atomic.parameter_generator - WARNING - STOCH combo [13, 5, 3] is missing 2 parameter(s); using defaults slowk=5 slowd=3 slowk_matype=0 slowd_matype=0
2026-10-02 09:29:30,555 - momentum.FeatureEngineering.atomic.parameter_generator - WARNING - STOCH combo [21, 3, 3] is missing 2 parameter(s); using defaults slowk=3 slowd=3 slowk_matype=0 slowd_matype=0
2026-10-02 09:29:30,555 - momentum.FeatureEngineering.atomic.parameter_generator - WARNING - STOCH combo [21, 5, 3] is missing 2 parameter(s); using defaults slowk=5 slowd=3 slowk_matype=0 slowd_matype=0
2026-10-02 09:29:30,555 - momentum.FeatureEngineering.atomic.parameter_generator - WARNING - STOCH combo [21, 5, 5] is missing 2 parameter(s); using defaults slowk=5 slowd=5 slowk_matype=0 slowd_matype=0
2026-10-02 09:29:30,555 - momentum.FeatureEngineering.atomic.parameter_generator - WARNING - STOCH combo [34, 5, 3] is missing 2 parameter(s); using defaults slowk=5 slowd=3 slowk_matype=0 slowd_matype=0
2026-10-02 09:29:30,555 - momentum.FeatureEngineering.atomic.parameter_generator - WARNING - STOCH combo [34, 5, 5] is missing 2 parameter(s); using defaults slowk=5 slowd=5 slowk_matype=0 slowd_matype=0
2026-10-02 09:29:30,555 - momentum.FeatureEngineering.atomic.parameter_generator - WARNING - STOCH combo [55, 5, 5] is missing 2 parameter(s); using defaults slowk=5 slowd=5 slowk_matype=0 slowd_matype=0
2026-10-02 09:29:30,555 - momentum.FeatureEngineering.atomic.parameter_generator - WARNING - STOCH combo [55, 8, 5] is missing 2 parameter(s); using defaults slowk=8 slowd=5 slowk_matype=0 slowd_matype=0
2026-10-02 09:29:30,555 - momentum.FeatureEngineering.atomic.parameter_generator - WARNING - STOCH combo [89, 8, 5] is missing 2 parameter(s); using defaults slowk=8 slowd=5 slowk_matype=0 slowd_matype=0
2026-10-02 09:29:30,555 - momentum.FeatureEngineering.atomic.parameter_generator - WARNING - STOCHF combo [5, 3] is missing 1 parameter(s); using defaults fastd_period=3 fastd_matype=0
2026-10-02 09:29:30,555 - momentum.FeatureEngineering.atomic.parameter_generator - WARNING - STOCHF combo [8, 3] is missing 1 parameter(s); using defaults fastd_period=3 fastd_matype=0
2026-10-02 09:29:30,555 - momentum.FeatureEngineering.atomic.parameter_generator - WARNING - STOCHF combo [13, 3] is missing 1 parameter(s); using defaults fastd_period=3 fastd_matype=0
2026-10-02 09:29:30,555 - momentum.FeatureEngineering.atomic.parameter_generator - WARNING - STOCHF combo [21, 3] is missing 1 parameter(s); using defaults fastd_period=3 fastd_matype=0
2026-10-02 09:29:30,555 - momentum.FeatureEngineering.atomic.parameter_generator - WARNING - STOCHF combo [21, 5] is missing 1 parameter(s); using defaults fastd_period=5 fastd_matype=0
2026-10-02 09:29:30,555 - momentum.FeatureEngineering.atomic.parameter_generator - WARNING - STOCHF combo [34, 5] is missing 1 parameter(s); using defaults fastd_period=5 fastd_matype=0
2026-10-02 09:29:30,555 - momentum.FeatureEngineering.atomic.parameter_generator - WARNING - STOCHF combo [55, 5] is missing 1 parameter(s); using defaults fastd_period=5 fastd_matype=0
2026-10-02 09:29:30,555 - momentum.FeatureEngineering.atomic.parameter_generator - WARNING - STOCHF combo [89, 8] is missing 1 parameter(s); using defaults fastd_period=8 fastd_matype=0
2026-10-02 09:29:30,556 - momentum.FeatureEngineering.atomic.parameter_generator - WARNING - STOCHRSI combo [9, 5, 3] is missing 1 parameter(s); using defaults fastk_period=5 fastd_period=3 fastd_matype=0
2026-10-02 09:29:30,556 - momentum.FeatureEngineering.atomic.parameter_generator - WARNING - STOCHRSI combo [14, 5, 3] is missing 1 parameter(s); using defaults fastk_period=5 fastd_period=3 fastd_matype=0
2026-10-02 09:29:30,556 - momentum.FeatureEngineering.atomic.parameter_generator - WARNING - STOCHRSI combo [14, 3, 3] is missing 1 parameter(s); using defaults fastk_period=3 fastd_period=3 fastd_matype=0
2026-10-02 09:29:30,556 - momentum.FeatureEngineering.atomic.parameter_generator - WARNING - STOCHRSI combo [21, 5, 3] is missing 1 parameter(s); using defaults fastk_period=5 fastd_period=3 fastd_matype=0
2026-10-02 09:29:30,556 - momentum.FeatureEngineering.atomic.parameter_generator - WARNING - STOCHRSI combo [21, 8, 5] is missing 1 parameter(s); using defaults fastk_period=8 fastd_period=5 fastd_matype=0
2026-10-02 09:29:30,556 - momentum.FeatureEngineering.atomic.parameter_generator - WARNING - STOCHRSI combo [34, 8, 5] is missing 1 parameter(s); using defaults fastk_period=8 fastd_period=5 fastd_matype=0
2026-10-02 09:29:30,556 - momentum.FeatureEngineering.atomic.parameter_generator - WARNING - STOCHRSI combo [55, 8, 5] is missing 1 parameter(s); using defaults fastk_period=8 fastd_period=5 fastd_matype=0
2026-10-02 09:29:30,557 - momentum.DataExtraction.kline_storage - INFO - KlineStorageManager initialized: data_cache/feature_klines/kline_cache.h5
[2026-10-02 09:29:30,557] INFO momentum.FeatureEngineering.adapters.adapter_registry: Registered adapter: crypto_spot
2026-10-02 09:29:30,557 - momentum.FeatureEngineering.adapters.adapter_registry - INFO - Registered adapter: crypto_spot
2026-10-02 09:29:30,626 - momentum.FeatureEngineering.atomic.parameter_generator - WARNING - STOCH combo [5, 3, 3] is missing 2 parameter(s); using defaults slowk=3 slowd=3 slowk_matype=0 slowd_matype=0
2026-10-02 09:29:30,626 - momentum.FeatureEngineering.atomic.parameter_generator - WARNING - STOCH combo [8, 3, 3] is missing 2 parameter(s); using defaults slowk=3 slowd=3 slowk_matype=0 slowd_matype=0
2026-10-02 09:29:30,626 - momentum.FeatureEngineering.atomic.parameter_generator - WARNING - STOCH combo [13, 3, 3] is missing 2 parameter(s); using defaults slowk=3 slowd=3 slowk_matype=0 slowd_matype=0
2026-10-02 09:29:30,626 - momentum.FeatureEngineering.atomic.parameter_generator - WARNING - STOCH combo [13, 5, 3] is missing 2 parameter(s); using defaults slowk=5 slowd=3 slowk_matype=0 slowd_matype=0
2026-10-02 09:29:30,626 - momentum.FeatureEngineering.atomic.parameter_generator - WARNING - STOCH combo [21, 3, 3] is missing 2 parameter(s); using defaults slowk=3 slowd=3 slowk_matype=0 slowd_matype=0
2026-10-02 09:29:30,626 - momentum.FeatureEngineering.atomic.parameter_generator - WARNING - STOCH combo [21, 5, 3] is missing 2 parameter(s); using defaults slowk=5 slowd=3 slowk_matype=0 slowd_matype=0
2026-10-02 09:29:30,627 - momentum.FeatureEngineering.atomic.parameter_generator - WARNING - STOCH combo [21, 5, 5] is missing 2 parameter(s); using defaults slowk=5 slowd=5 slowk_matype=0 slowd_matype=0
2026-10-02 09:29:30,627 - momentum.FeatureEngineering.atomic.parameter_generator - WARNING - STOCH combo [34, 5, 3] is missing 2 parameter(s); using defaults slowk=5 slowd=3 slowk_matype=0 slowd_matype=0
2026-10-02 09:29:30,627 - momentum.FeatureEngineering.atomic.parameter_generator - WARNING - STOCH combo [34, 5, 5] is missing 2 parameter(s); using defaults slowk=5 slowd=5 slowk_matype=0 slowd_matype=0
2026-10-02 09:29:30,627 - momentum.FeatureEngineering.atomic.parameter_generator - WARNING - STOCH combo [55, 5, 5] is missing 2 parameter(s); using defaults slowk=5 slowd=5 slowk_matype=0 slowd_matype=0
2026-10-02 09:29:30,627 - momentum.FeatureEngineering.atomic.parameter_generator - WARNING - STOCH combo [55, 8, 5] is missing 2 parameter(s); using defaults slowk=8 slowd=5 slowk_matype=0 slowd_matype=0
2026-10-02 09:29:30,627 - momentum.FeatureEngineering.atomic.parameter_generator - WARNING - STOCH combo [89, 8, 5] is missing 2 parameter(s); using defaults slowk=8 slowd=5 slowk_matype=0 slowd_matype=0
2026-10-02 09:29:30,627 - momentum.FeatureEngineering.atomic.parameter_generator - WARNING - STOCHF combo [5, 3] is missing 1 parameter(s); using defaults fastd_period=3 fastd_matype=0
2026-10-02 09:29:30,627 - momentum.FeatureEngineering.atomic.parameter_generator - WARNING - STOCHF combo [8, 3] is missing 1 parameter(s); using defaults fastd_period=3 fastd_matype=0
2026-10-02 09:29:30,627 - momentum.FeatureEngineering.atomic.parameter_generator - WARNING - STOCHF combo [13, 3] is missing 1 parameter(s); using defaults fastd_period=3 fastd_matype=0
2026-10-02 09:29:30,627 - momentum.FeatureEngineering.atomic.parameter_generator - WARNING - STOCHF combo [21, 3] is missing 1 parameter(s); using defaults fastd_period=3 fastd_matype=0
2026-10-02 09:29:30,627 - momentum.FeatureEngineering.atomic.parameter_generator - WARNING - STOCHF combo [21, 5] is missing 1 parameter(s); using defaults fastd_period=5 fastd_matype=0
2026-10-02 09:29:30,627 - momentum.FeatureEngineering.atomic.parameter_generator - WARNING - STOCHF combo [34, 5] is missing 1 parameter(s); using defaults fastd_period=5 fastd_matype=0
2026-10-02 09:29:30,627 - momentum.FeatureEngineering.atomic.parameter_generator - WARNING - STOCHF combo [55, 5] is missing 1 parameter(s); using defaults fastd_period=5 fastd_matype=0
2026-10-02 09:29:30,627 - momentum.FeatureEngineering.atomic.parameter_generator - WARNING - STOCHF combo [89, 8] is missing 1 parameter(s); using defaults fastd_period=8 fastd_matype=0
2026-10-02 09:29:30,627 - momentum.FeatureEngineering.atomic.parameter_generator - WARNING - STOCHRSI combo [9, 5, 3] is missing 1 parameter(s); using defaults fastk_period=5 fastd_period=3 fastd_matype=0
2026-10-02 09:29:30,627 - momentum.FeatureEngineering.atomic.parameter_generator - WARNING - STOCHRSI combo [14, 5, 3] is missing 1 parameter(s); using defaults fastk_period=5 fastd_period=3 fastd_matype=0
2026-10-02 09:29:30,628 - momentum.FeatureEngineering.atomic.parameter_generator - WARNING - STOCHRSI combo [14, 3, 3] is missing 1 parameter(s); using defaults fastk_period=3 fastd_period=3 fastd_matype=0
2026-10-02 09:29:30,628 - momentum.FeatureEngineering.atomic.parameter_generator - WARNING - STOCHRSI combo [21, 5, 3] is missing 1 parameter(s); using defaults fastk_period=5 fastd_period=3 fastd_matype=0
2026-10-02 09:29:30,628 - momentum.FeatureEngineering.atomic.parameter_generator - WARNING - STOCHRSI combo [21, 8, 5] is missing 1 parameter(s); using defaults fastk_period=8 fastd_period=5 fastd_matype=0
2026-10-02 09:29:30,628 - momentum.FeatureEngineering.atomic.parameter_generator - WARNING - STOCHRSI combo [34, 8, 5] is missing 1 parameter(s); using defaults fastk_period=8 fastd_period=5 fastd_matype=0
2026-10-02 09:29:30,628 - momentum.FeatureEngineering.atomic.parameter_generator - WARNING - STOCHRSI combo [55, 8, 5] is missing 1 parameter(s); using defaults fastk_period=8 fastd_period=5 fastd_matype=0
2026-10-02 09:29:30,778 - momentum.FeatureEngineering.atomic.parameter_generator - WARNING - STOCH combo [5, 3, 3] is missing 2 parameter(s); using defaults slowk=3 slowd=3 slowk_matype=0 slowd_matype=0
2026-10-02 09:29:30,778 - momentum.FeatureEngineering.atomic.parameter_generator - WARNING - STOCH combo [8, 3, 3] is missing 2 parameter(s); using defaults slowk=3 slowd=3 slowk_matype=0 slowd_matype=0
2026-10-02 09:29:30,779 - momentum.FeatureEngineering.atomic.parameter_generator - WARNING - STOCH combo [13, 3, 3] is missing 2 parameter(s); using defaults slowk=3 slowd=3 slowk_matype=0 slowd_matype=0
2026-10-02 09:29:30,779 - momentum.FeatureEngineering.atomic.parameter_generator - WARNING - STOCH combo [13, 5, 3] is missing 2 parameter(s); using defaults slowk=5 slowd=3 slowk_matype=0 slowd_matype=0
2026-10-02 09:29:30,779 - momentum.FeatureEngineering.atomic.parameter_generator - WARNING - STOCH combo [21, 3, 3] is missing 2 parameter(s); using defaults slowk=3 slowd=3 slowk_matype=0 slowd_matype=0
2026-10-02 09:29:30,779 - momentum.FeatureEngineering.atomic.parameter_generator - WARNING - STOCH combo [21, 5, 3] is missing 2 parameter(s); using defaults slowk=5 slowd=3 slowk_matype=0 slowd_matype=0
2026-10-02 09:29:30,779 - momentum.FeatureEngineering.atomic.parameter_generator - WARNING - STOCH combo [21, 5, 5] is missing 2 parameter(s); using defaults slowk=5 slowd=5 slowk_matype=0 slowd_matype=0
2026-10-02 09:29:30,779 - momentum.FeatureEngineering.atomic.parameter_generator - WARNING - STOCH combo [34, 5, 3] is missing 2 parameter(s); using defaults slowk=5 slowd=3 slowk_matype=0 slowd_matype=0
2026-10-02 09:29:30,779 - momentum.FeatureEngineering.atomic.parameter_generator - WARNING - STOCH combo [34, 5, 5] is missing 2 parameter(s); using defaults slowk=5 slowd=5 slowk_matype=0 slowd_matype=0
2026-10-02 09:29:30,779 - momentum.FeatureEngineering.atomic.parameter_generator - WARNING - STOCH combo [55, 5, 5] is missing 2 parameter(s); using defaults slowk=5 slowd=5 slowk_matype=0 slowd_matype=0
2026-10-02 09:29:30,779 - momentum.FeatureEngineering.atomic.parameter_generator - WARNING - STOCH combo [55, 8, 5] is missing 2 parameter(s); using defaults slowk=8 slowd=5 slowk_matype=0 slowd_matype=0
2026-10-02 09:29:30,779 - momentum.FeatureEngineering.atomic.parameter_generator - WARNING - STOCH combo [89, 8, 5] is missing 2 parameter(s); using defaults slowk=8 slowd=5 slowk_matype=0 slowd_matype=0
2026-10-02 09:29:30,779 - momentum.FeatureEngineering.atomic.parameter_generator - WARNING - STOCHF combo [5, 3] is missing 1 parameter(s); using defaults fastd_period=3 fastd_matype=0
2026-10-02 09:29:30,779 - momentum.FeatureEngineering.atomic.parameter_generator - WARNING - STOCHF combo [8, 3] is missing 1 parameter(s); using defaults fastd_period=3 fastd_matype=0
2026-10-02 09:29:30,779 - momentum.FeatureEngineering.atomic.parameter_generator - WARNING - STOCHF combo [13, 3] is missing 1 parameter(s); using defaults fastd_period=3 fastd_matype=0
2026-10-02 09:29:30,779 - momentum.FeatureEngineering.atomic.parameter_generator - WARNING - STOCHF combo [21, 3] is missing 1 parameter(s); using defaults fastd_period=3 fastd_matype=0
2026-10-02 09:29:30,779 - momentum.FeatureEngineering.atomic.parameter_generator - WARNING - STOCHF combo [21, 5] is missing 1 parameter(s); using defaults fastd_period=5 fastd_matype=0
2026-10-02 09:29:30,779 - momentum.FeatureEngineering.atomic.parameter_generator - WARNING - STOCHF combo [34, 5] is missing 1 parameter(s); using defaults fastd_period=5 fastd_matype=0
2026-10-02 09:29:30,779 - momentum.FeatureEngineering.atomic.parameter_generator - WARNING - STOCHF combo [55, 5] is missing 1 parameter(s); using defaults fastd_period=5 fastd_matype=0
2026-10-02 09:29:30,780 - momentum.FeatureEngineering.atomic.parameter_generator - WARNING - STOCHF combo [89, 8] is missing 1 parameter(s); using defaults fastd_period=8 fastd_matype=0
2026-10-02 09:29:30,780 - momentum.FeatureEngineering.atomic.parameter_generator - WARNING - STOCHRSI combo [9, 5, 3] is missing 1 parameter(s); using defaults fastk_period=5 fastd_period=3 fastd_matype=0
2026-10-02 09:29:30,780 - momentum.FeatureEngineering.atomic.parameter_generator - WARNING - STOCHRSI combo [14, 5, 3] is missing 1 parameter(s); using defaults fastk_period=5 fastd_period=3 fastd_matype=0
2026-10-02 09:29:30,780 - momentum.FeatureEngineering.atomic.parameter_generator - WARNING - STOCHRSI combo [14, 3, 3] is missing 1 parameter(s); using defaults fastk_period=3 fastd_period=3 fastd_matype=0
2026-10-02 09:29:30,780 - momentum.FeatureEngineering.atomic.parameter_generator - WARNING - STOCHRSI combo [21, 5, 3] is missing 1 parameter(s); using defaults fastk_period=5 fastd_period=3 fastd_matype=0
2026-10-02 09:29:30,780 - momentum.FeatureEngineering.atomic.parameter_generator - WARNING - STOCHRSI combo [21, 8, 5] is missing 1 parameter(s); using defaults fastk_period=8 fastd_period=5 fastd_matype=0
2026-10-02 09:29:30,780 - momentum.FeatureEngineering.atomic.parameter_generator - WARNING - STOCHRSI combo [34, 8, 5] is missing 1 parameter(s); using defaults fastk_period=8 fastd_period=5 fastd_matype=0
2026-10-02 09:29:30,780 - momentum.FeatureEngineering.atomic.parameter_generator - WARNING - STOCHRSI combo [55, 8, 5] is missing 1 parameter(s); using defaults fastk_period=8 fastd_period=5 fastd_matype=0
2026-10-02 09:29:30,785 - momentum.FeatureEngineering.atomic.parameter_generator - WARNING - STOCH combo [5, 3, 3] is missing 2 parameter(s); using defaults slowk=3 slowd=3 slowk_matype=0 slowd_matype=0
2026-10-02 09:29:30,785 - momentum.FeatureEngineering.atomic.parameter_generator - WARNING - STOCH combo [8, 3, 3] is missing 2 parameter(s); using defaults slowk=3 slowd=3 slowk_matype=0 slowd_matype=0
2026-10-02 09:29:30,785 - momentum.FeatureEngineering.atomic.parameter_generator - WARNING - STOCH combo [13, 3, 3] is missing 2 parameter(s); using defaults slowk=3 slowd=3 slowk_matype=0 slowd_matype=0
2026-10-02 09:29:30,785 - momentum.FeatureEngineering.atomic.parameter_generator - WARNING - STOCH combo [13, 5, 3] is missing 2 parameter(s); using defaults slowk=5 slowd=3 slowk_matype=0 slowd_matype=0
2026-10-02 09:29:30,785 - momentum.FeatureEngineering.atomic.parameter_generator - WARNING - STOCH combo [21, 3, 3] is missing 2 parameter(s); using defaults slowk=3 slowd=3 slowk_matype=0 slowd_matype=0
2026-10-02 09:29:30,785 - momentum.FeatureEngineering.atomic.parameter_generator - WARNING - STOCH combo [21, 5, 3] is missing 2 parameter(s); using defaults slowk=5 slowd=3 slowk_matype=0 slowd_matype=0
2026-10-02 09:29:30,785 - momentum.FeatureEngineering.atomic.parameter_generator - WARNING - STOCH combo [21, 5, 5] is missing 2 parameter(s); using defaults slowk=5 slowd=5 slowk_matype=0 slowd_matype=0
2026-10-02 09:29:30,785 - momentum.FeatureEngineering.atomic.parameter_generator - WARNING - STOCH combo [34, 5, 3] is missing 2 parameter(s); using defaults slowk=5 slowd=3 slowk_matype=0 slowd_matype=0
2026-10-02 09:29:30,786 - momentum.FeatureEngineering.atomic.parameter_generator - WARNING - STOCH combo [34, 5, 5] is missing 2 parameter(s); using defaults slowk=5 slowd=5 slowk_matype=0 slowd_matype=0
2026-10-02 09:29:30,786 - momentum.FeatureEngineering.atomic.parameter_generator - WARNING - STOCH combo [55, 5, 5] is missing 2 parameter(s); using defaults slowk=5 slowd=5 slowk_matype=0 slowd_matype=0
2026-10-02 09:29:30,786 - momentum.FeatureEngineering.atomic.parameter_generator - WARNING - STOCH combo [55, 8, 5] is missing 2 parameter(s); using defaults slowk=8 slowd=5 slowk_matype=0 slowd_matype=0
2026-10-02 09:29:30,786 - momentum.FeatureEngineering.atomic.parameter_generator - WARNING - STOCH combo [89, 8, 5] is missing 2 parameter(s); using defaults slowk=8 slowd=5 slowk_matype=0 slowd_matype=0
2026-10-02 09:29:30,786 - momentum.FeatureEngineering.atomic.parameter_generator - WARNING - STOCHF combo [5, 3] is missing 1 parameter(s); using defaults fastd_period=3 fastd_matype=0
2026-10-02 09:29:30,786 - momentum.FeatureEngineering.atomic.parameter_generator - WARNING - STOCHF combo [8, 3] is missing 1 parameter(s); using defaults fastd_period=3 fastd_matype=0
2026-10-02 09:29:30,786 - momentum.FeatureEngineering.atomic.parameter_generator - WARNING - STOCHF combo [13, 3] is missing 1 parameter(s); using defaults fastd_period=3 fastd_matype=0
2026-10-02 09:29:30,786 - momentum.FeatureEngineering.atomic.parameter_generator - WARNING - STOCHF combo [21, 3] is missing 1 parameter(s); using defaults fastd_period=3 fastd_matype=0
2026-10-02 09:29:30,786 - momentum.FeatureEngineering.atomic.parameter_generator - WARNING - STOCHF combo [21, 5] is missing 1 parameter(s); using defaults fastd_period=5 fastd_matype=0
2026-10-02 09:29:30,786 - momentum.FeatureEngineering.atomic.parameter_generator - WARNING - STOCHF combo [34, 5] is missing 1 parameter(s); using defaults fastd_period=5 fastd_matype=0
2026-10-02 09:29:30,786 - momentum.FeatureEngineering.atomic.parameter_generator - WARNING - STOCHF combo [55, 5] is missing 1 parameter(s); using defaults fastd_period=5 fastd_matype=0
2026-10-02 09:29:30,786 - momentum.FeatureEngineering.atomic.parameter_generator - WARNING - STOCHF combo [89, 8] is missing 1 parameter(s); using defaults fastd_period=8 fastd_matype=0
2026-10-02 09:29:30,786 - momentum.FeatureEngineering.atomic.parameter_generator - WARNING - STOCHRSI combo [9, 5, 3] is missing 1 parameter(s); using defaults fastk_period=5 fastd_period=3 fastd_matype=0
2026-10-02 09:29:30,786 - momentum.FeatureEngineering.atomic.parameter_generator - WARNING - STOCHRSI combo [14, 5, 3] is missing 1 parameter(s); using defaults fastk_period=5 fastd_period=3 fastd_matype=0
2026-10-02 09:29:30,786 - momentum.FeatureEngineering.atomic.parameter_generator - WARNING - STOCHRSI combo [14, 3, 3] is missing 1 parameter(s); using defaults fastk_period=3 fastd_period=3 fastd_matype=0
2026-10-02 09:29:30,786 - momentum.FeatureEngineering.atomic.parameter_generator - WARNING - STOCHRSI combo [21, 5, 3] is missing 1 parameter(s); using defaults fastk_period=5 fastd_period=3 fastd_matype=0
2026-10-02 09:29:30,787 - momentum.FeatureEngineering.atomic.parameter_generator - WARNING - STOCHRSI combo [21, 8, 5] is missing 1 parameter(s); using defaults fastk_period=8 fastd_period=5 fastd_matype=0
2026-10-02 09:29:30,787 - momentum.FeatureEngineering.atomic.parameter_generator - WARNING - STOCHRSI combo [34, 8, 5] is missing 1 parameter(s); using defaults fastk_period=8 fastd_period=5 fastd_matype=0
2026-10-02 09:29:30,787 - momentum.FeatureEngineering.atomic.parameter_generator - WARNING - STOCHRSI combo [55, 8, 5] is missing 1 parameter(s); using defaults fastk_period=8 fastd_period=5 fastd_matype=0
[2026-10-02 09:29:30,787] INFO momentum.FeatureEngineering.adapters.crypto_spot_adapter: Fetching spot data: BTCUSDT/1h
2026-10-02 09:29:30,787 - momentum.FeatureEngineering.adapters.crypto_spot_adapter - INFO - Fetching spot data: BTCUSDT/1h
2026-10-02 09:29:30,795 - momentum.DataExtraction.kline_storage - INFO - Read 20352 klines from BTCUSDT/1h in 0.008s
[2026-10-02 09:29:30,799] INFO momentum.FeatureEngineering.adapters.adapter_registry: Aligned data for BTCUSDT/1h: 20352 rows, 5 columns
2026-10-02 09:29:30,799 - momentum.FeatureEngineering.adapters.adapter_registry - INFO - Aligned data for BTCUSDT/1h: 20352 rows, 5 columns
[2026-10-02 09:29:30,809] INFO momentum.FeatureEngineering.feature_factory: [Layer 1] 0% - Starting Layer 1...
2026-10-02 09:29:30,809 - momentum.FeatureEngineering.feature_factory - INFO - [Layer 1] 0% - Starting Layer 1...
[2026-10-02 09:29:30,809] INFO momentum.FeatureEngineering.feature_factory: Layer 1 starting, rss=589MB
2026-10-02 09:29:30,809 - momentum.FeatureEngineering.feature_factory - INFO - Layer 1 starting, rss=589MB
2026-10-02 09:29:30,975 - momentum.FeatureEngineering.atomic.parameter_generator - WARNING - STOCH combo [5, 3, 3] is missing 2 parameter(s); using defaults slowk=3 slowd=3 slowk_matype=0 slowd_matype=0
2026-10-02 09:29:30,975 - momentum.FeatureEngineering.atomic.parameter_generator - WARNING - STOCH combo [8, 3, 3] is missing 2 parameter(s); using defaults slowk=3 slowd=3 slowk_matype=0 slowd_matype=0
2026-10-02 09:29:30,975 - momentum.FeatureEngineering.atomic.parameter_generator - WARNING - STOCH combo [13, 3, 3] is missing 2 parameter(s); using defaults slowk=3 slowd=3 slowk_matype=0 slowd_matype=0
2026-10-02 09:29:30,975 - momentum.FeatureEngineering.atomic.parameter_generator - WARNING - STOCH combo [13, 5, 3] is missing 2 parameter(s); using defaults slowk=5 slowd=3 slowk_matype=0 slowd_matype=0
2026-10-02 09:29:30,975 - momentum.FeatureEngineering.atomic.parameter_generator - WARNING - STOCH combo [21, 3, 3] is missing 2 parameter(s); using defaults slowk=3 slowd=3 slowk_matype=0 slowd_matype=0
2026-10-02 09:29:30,975 - momentum.FeatureEngineering.atomic.parameter_generator - WARNING - STOCH combo [21, 5, 3] is missing 2 parameter(s); using defaults slowk=5 slowd=3 slowk_matype=0 slowd_matype=0
2026-10-02 09:29:30,975 - momentum.FeatureEngineering.atomic.parameter_generator - WARNING - STOCH combo [21, 5, 5] is missing 2 parameter(s); using defaults slowk=5 slowd=5 slowk_matype=0 slowd_matype=0
2026-10-02 09:29:30,975 - momentum.FeatureEngineering.atomic.parameter_generator - WARNING - STOCH combo [34, 5, 3] is missing 2 parameter(s); using defaults slowk=5 slowd=3 slowk_matype=0 slowd_matype=0
2026-10-02 09:29:30,975 - momentum.FeatureEngineering.atomic.parameter_generator - WARNING - STOCH combo [34, 5, 5] is missing 2 parameter(s); using defaults slowk=5 slowd=5 slowk_matype=0 slowd_matype=0
2026-10-02 09:29:30,975 - momentum.FeatureEngineering.atomic.parameter_generator - WARNING - STOCH combo [55, 5, 5] is missing 2 parameter(s); using defaults slowk=5 slowd=5 slowk_matype=0 slowd_matype=0
2026-10-02 09:29:30,975 - momentum.FeatureEngineering.atomic.parameter_generator - WARNING - STOCH combo [55, 8, 5] is missing 2 parameter(s); using defaults slowk=8 slowd=5 slowk_matype=0 slowd_matype=0
2026-10-02 09:29:30,975 - momentum.FeatureEngineering.atomic.parameter_generator - WARNING - STOCH combo [89, 8, 5] is missing 2 parameter(s); using defaults slowk=8 slowd=5 slowk_matype=0 slowd_matype=0
2026-10-02 09:29:30,980 - momentum.FeatureEngineering.atomic.parameter_generator - WARNING - STOCHF combo [5, 3] is missing 1 parameter(s); using defaults fastd_period=3 fastd_matype=0
2026-10-02 09:29:30,980 - momentum.FeatureEngineering.atomic.parameter_generator - WARNING - STOCHF combo [8, 3] is missing 1 parameter(s); using defaults fastd_period=3 fastd_matype=0
2026-10-02 09:29:30,980 - momentum.FeatureEngineering.atomic.parameter_generator - WARNING - STOCHF combo [13, 3] is missing 1 parameter(s); using defaults fastd_period=3 fastd_matype=0
2026-10-02 09:29:30,980 - momentum.FeatureEngineering.atomic.parameter_generator - WARNING - STOCHF combo [21, 3] is missing 1 parameter(s); using defaults fastd_period=3 fastd_matype=0
2026-10-02 09:29:30,980 - momentum.FeatureEngineering.atomic.parameter_generator - WARNING - STOCHF combo [21, 5] is missing 1 parameter(s); using defaults fastd_period=5 fastd_matype=0
2026-10-02 09:29:30,980 - momentum.FeatureEngineering.atomic.parameter_generator - WARNING - STOCHF combo [34, 5] is missing 1 parameter(s); using defaults fastd_period=5 fastd_matype=0
2026-10-02 09:29:30,980 - momentum.FeatureEngineering.atomic.parameter_generator - WARNING - STOCHF combo [55, 5] is missing 1 parameter(s); using defaults fastd_period=5 fastd_matype=0
2026-10-02 09:29:30,980 - momentum.FeatureEngineering.atomic.parameter_generator - WARNING - STOCHF combo [89, 8] is missing 1 parameter(s); using defaults fastd_period=8 fastd_matype=0
2026-10-02 09:29:30,983 - momentum.FeatureEngineering.atomic.parameter_generator - WARNING - STOCHRSI combo [9, 5, 3] is missing 1 parameter(s); using defaults fastk_period=5 fastd_period=3 fastd_matype=0
2026-10-02 09:29:30,983 - momentum.FeatureEngineering.atomic.parameter_generator - WARNING - STOCHRSI combo [14, 5, 3] is missing 1 parameter(s); using defaults fastk_period=5 fastd_period=3 fastd_matype=0
2026-10-02 09:29:30,983 - momentum.FeatureEngineering.atomic.parameter_generator - WARNING - STOCHRSI combo [14, 3, 3] is missing 1 parameter(s); using defaults fastk_period=3 fastd_period=3 fastd_matype=0
2026-10-02 09:29:30,983 - momentum.FeatureEngineering.atomic.parameter_generator - WARNING - STOCHRSI combo [21, 5, 3] is missing 1 parameter(s); using defaults fastk_period=5 fastd_period=3 fastd_matype=0
2026-10-02 09:29:30,983 - momentum.FeatureEngineering.atomic.parameter_generator - WARNING - STOCHRSI combo [21, 8, 5] is missing 1 parameter(s); using defaults fastk_period=8 fastd_period=5 fastd_matype=0
2026-10-02 09:29:30,983 - momentum.FeatureEngineering.atomic.parameter_generator - WARNING - STOCHRSI combo [34, 8, 5] is missing 1 parameter(s); using defaults fastk_period=8 fastd_period=5 fastd_matype=0
2026-10-02 09:29:30,983 - momentum.FeatureEngineering.atomic.parameter_generator - WARNING - STOCHRSI combo [55, 8, 5] is missing 1 parameter(s); using defaults fastk_period=8 fastd_period=5 fastd_matype=0
[2026-10-02 09:29:31,070] INFO momentum.FeatureEngineering.feature_factory: [Layer 1] 100% - Layer 1 completed: 898 features
2026-10-02 09:29:31,070 - momentum.FeatureEngineering.feature_factory - INFO - [Layer 1] 100% - Layer 1 completed: 898 features
[2026-10-02 09:29:31,070] INFO momentum.FeatureEngineering.feature_factory: Layer 1 done: 898 cols, status=ok, rss=711MB
2026-10-02 09:29:31,070 - momentum.FeatureEngineering.feature_factory - INFO - Layer 1 done: 898 cols, status=ok, rss=711MB
[2026-10-02 09:29:31,071] INFO momentum.FeatureEngineering.feature_factory: [Layer 2] 0% - Starting Layer 2...
2026-10-02 09:29:31,071 - momentum.FeatureEngineering.feature_factory - INFO - [Layer 2] 0% - Starting Layer 2...
[2026-10-02 09:29:31,071] INFO momentum.FeatureEngineering.feature_factory: Layer 2 starting, rss=711MB
2026-10-02 09:29:31,071 - momentum.FeatureEngineering.feature_factory - INFO - Layer 2 starting, rss=711MB
[2026-10-02 09:29:31,071] INFO momentum.FeatureEngineering.feature_factory: [L2] Starting derived features: 898 L1 cols
2026-10-02 09:29:31,071 - momentum.FeatureEngineering.feature_factory - INFO - [L2] Starting derived features: 898 L1 cols
2026-10-02 09:29:31,075 - momentum.FeatureEngineering.atomic.parameter_generator - WARNING - STOCH combo [5, 3, 3] is missing 2 parameter(s); using defaults slowk=3 slowd=3 slowk_matype=0 slowd_matype=0
2026-10-02 09:29:31,075 - momentum.FeatureEngineering.atomic.parameter_generator - WARNING - STOCH combo [8, 3, 3] is missing 2 parameter(s); using defaults slowk=3 slowd=3 slowk_matype=0 slowd_matype=0
2026-10-02 09:29:31,075 - momentum.FeatureEngineering.atomic.parameter_generator - WARNING - STOCH combo [13, 3, 3] is missing 2 parameter(s); using defaults slowk=3 slowd=3 slowk_matype=0 slowd_matype=0
2026-10-02 09:29:31,075 - momentum.FeatureEngineering.atomic.parameter_generator - WARNING - STOCH combo [13, 5, 3] is missing 2 parameter(s); using defaults slowk=5 slowd=3 slowk_matype=0 slowd_matype=0
2026-10-02 09:29:31,075 - momentum.FeatureEngineering.atomic.parameter_generator - WARNING - STOCH combo [21, 3, 3] is missing 2 parameter(s); using defaults slowk=3 slowd=3 slowk_matype=0 slowd_matype=0
2026-10-02 09:29:31,075 - momentum.FeatureEngineering.atomic.parameter_generator - WARNING - STOCH combo [21, 5, 3] is missing 2 parameter(s); using defaults slowk=5 slowd=3 slowk_matype=0 slowd_matype=0
2026-10-02 09:29:31,075 - momentum.FeatureEngineering.atomic.parameter_generator - WARNING - STOCH combo [21, 5, 5] is missing 2 parameter(s); using defaults slowk=5 slowd=5 slowk_matype=0 slowd_matype=0
2026-10-02 09:29:31,075 - momentum.FeatureEngineering.atomic.parameter_generator - WARNING - STOCH combo [34, 5, 3] is missing 2 parameter(s); using defaults slowk=5 slowd=3 slowk_matype=0 slowd_matype=0
2026-10-02 09:29:31,075 - momentum.FeatureEngineering.atomic.parameter_generator - WARNING - STOCH combo [34, 5, 5] is missing 2 parameter(s); using defaults slowk=5 slowd=5 slowk_matype=0 slowd_matype=0
2026-10-02 09:29:31,075 - momentum.FeatureEngineering.atomic.parameter_generator - WARNING - STOCH combo [55, 5, 5] is missing 2 parameter(s); using defaults slowk=5 slowd=5 slowk_matype=0 slowd_matype=0
2026-10-02 09:29:31,075 - momentum.FeatureEngineering.atomic.parameter_generator - WARNING - STOCH combo [55, 8, 5] is missing 2 parameter(s); using defaults slowk=8 slowd=5 slowk_matype=0 slowd_matype=0
2026-10-02 09:29:31,075 - momentum.FeatureEngineering.atomic.parameter_generator - WARNING - STOCH combo [89, 8, 5] is missing 2 parameter(s); using defaults slowk=8 slowd=5 slowk_matype=0 slowd_matype=0
2026-10-02 09:29:31,075 - momentum.FeatureEngineering.atomic.parameter_generator - WARNING - STOCHF combo [5, 3] is missing 1 parameter(s); using defaults fastd_period=3 fastd_matype=0
2026-10-02 09:29:31,075 - momentum.FeatureEngineering.atomic.parameter_generator - WARNING - STOCHF combo [8, 3] is missing 1 parameter(s); using defaults fastd_period=3 fastd_matype=0
2026-10-02 09:29:31,075 - momentum.FeatureEngineering.atomic.parameter_generator - WARNING - STOCHF combo [13, 3] is missing 1 parameter(s); using defaults fastd_period=3 fastd_matype=0
2026-10-02 09:29:31,075 - momentum.FeatureEngineering.atomic.parameter_generator - WARNING - STOCHF combo [21, 3] is missing 1 parameter(s); using defaults fastd_period=3 fastd_matype=0
2026-10-02 09:29:31,076 - momentum.FeatureEngineering.atomic.parameter_generator - WARNING - STOCHF combo [21, 5] is missing 1 parameter(s); using defaults fastd_period=5 fastd_matype=0
2026-10-02 09:29:31,076 - momentum.FeatureEngineering.atomic.parameter_generator - WARNING - STOCHF combo [34, 5] is missing 1 parameter(s); using defaults fastd_period=5 fastd_matype=0
2026-10-02 09:29:31,076 - momentum.FeatureEngineering.atomic.parameter_generator - WARNING - STOCHF combo [55, 5] is missing 1 parameter(s); using defaults fastd_period=5 fastd_matype=0
2026-10-02 09:29:31,076 - momentum.FeatureEngineering.atomic.parameter_generator - WARNING - STOCHF combo [89, 8] is missing 1 parameter(s); using defaults fastd_period=8 fastd_matype=0
2026-10-02 09:29:31,076 - momentum.FeatureEngineering.atomic.parameter_generator - WARNING - STOCHRSI combo [9, 5, 3] is missing 1 parameter(s); using defaults fastk_period=5 fastd_period=3 fastd_matype=0
2026-10-02 09:29:31,076 - momentum.FeatureEngineering.atomic.parameter_generator - WARNING - STOCHRSI combo [14, 5, 3] is missing 1 parameter(s); using defaults fastk_period=5 fastd_period=3 fastd_matype=0
2026-10-02 09:29:31,076 - momentum.FeatureEngineering.atomic.parameter_generator - WARNING - STOCHRSI combo [14, 3, 3] is missing 1 parameter(s); using defaults fastk_period=3 fastd_period=3 fastd_matype=0
2026-10-02 09:29:31,076 - momentum.FeatureEngineering.atomic.parameter_generator - WARNING - STOCHRSI combo [21, 5, 3] is missing 1 parameter(s); using defaults fastk_period=5 fastd_period=3 fastd_matype=0
2026-10-02 09:29:31,076 - momentum.FeatureEngineering.atomic.parameter_generator - WARNING - STOCHRSI combo [21, 8, 5] is missing 1 parameter(s); using defaults fastk_period=8 fastd_period=5 fastd_matype=0
2026-10-02 09:29:31,076 - momentum.FeatureEngineering.atomic.parameter_generator - WARNING - STOCHRSI combo [34, 8, 5] is missing 1 parameter(s); using defaults fastk_period=8 fastd_period=5 fastd_matype=0
2026-10-02 09:29:31,076 - momentum.FeatureEngineering.atomic.parameter_generator - WARNING - STOCHRSI combo [55, 8, 5] is missing 1 parameter(s); using defaults fastk_period=8 fastd_period=5 fastd_matype=0
[2026-10-02 09:29:39,148] INFO momentum.FeatureEngineering.feature_factory: [L2] Completed: 11621 cols in 8.08s
2026-10-02 09:29:39,148 - momentum.FeatureEngineering.feature_factory - INFO - [L2] Completed: 11621 cols in 8.08s
[2026-10-02 09:29:40,083] INFO momentum.FeatureEngineering.feature_factory: [Layer 2] 100% - Layer 2 completed: 11621 features
2026-10-02 09:29:40,083 - momentum.FeatureEngineering.feature_factory - INFO - [Layer 2] 100% - Layer 2 completed: 11621 features
[2026-10-02 09:29:40,083] INFO momentum.FeatureEngineering.feature_factory: Layer 2 done: 11621 cols, status=ok, rss=2348MB
2026-10-02 09:29:40,083 - momentum.FeatureEngineering.feature_factory - INFO - Layer 2 done: 11621 cols, status=ok, rss=2348MB
[2026-10-02 09:29:40,088] INFO momentum.FeatureEngineering.feature_factory: [Layer 3] 0% - Starting Layer 3...
2026-10-02 09:29:40,088 - momentum.FeatureEngineering.feature_factory - INFO - [Layer 3] 0% - Starting Layer 3...
[2026-10-02 09:29:40,088] INFO momentum.FeatureEngineering.feature_factory: Layer 3 starting, rss=2348MB
2026-10-02 09:29:40,088 - momentum.FeatureEngineering.feature_factory - INFO - Layer 3 starting, rss=2348MB
[2026-10-02 09:29:42,322] INFO momentum.FeatureEngineering.operators.rolling_aggregator: [L3 streaming][numba][multi] step 10/20 (W5_range): 898→898 cols (-0 dead)
2026-10-02 09:29:42,322 - momentum.FeatureEngineering.operators.rolling_aggregator - INFO - [L3 streaming][numba][multi] step 10/20 (W5_range): 898→898 cols (-0 dead)
[2026-10-02 09:29:42,445] INFO momentum.FeatureEngineering.operators.rolling_aggregator: [L3 streaming][numba][multi] step 20/20 (W13_range): 898→898 cols (-0 dead)
2026-10-02 09:29:42,445 - momentum.FeatureEngineering.operators.rolling_aggregator - INFO - [L3 streaming][numba][multi] step 20/20 (W13_range): 898→898 cols (-0 dead)
[2026-10-02 09:29:42,457] INFO momentum.FeatureEngineering.operators.rolling_aggregator: [L3 streaming][numba][multi] complete: 17960 total generated, 0 dead dropped, 17960 survivors
2026-10-02 09:29:42,457 - momentum.FeatureEngineering.operators.rolling_aggregator - INFO - [L3 streaming][numba][multi] complete: 17960 total generated, 0 dead dropped, 17960 survivors
[2026-10-02 09:29:43,312] INFO momentum.FeatureEngineering.feature_factory: [Layer 3] 100% - Layer 3 completed: 17960 features
2026-10-02 09:29:43,312 - momentum.FeatureEngineering.feature_factory - INFO - [Layer 3] 100% - Layer 3 completed: 17960 features
[2026-10-02 09:29:43,313] INFO momentum.FeatureEngineering.feature_factory: Layer 3 done: 17960 cols, status=ok, rss=1291MB
2026-10-02 09:29:43,313 - momentum.FeatureEngineering.feature_factory - INFO - Layer 3 done: 17960 cols, status=ok, rss=1291MB
[2026-10-02 09:29:43,313] INFO momentum.FeatureEngineering.feature_factory: [Layer 4] 0% - Starting Layer 4...
2026-10-02 09:29:43,313 - momentum.FeatureEngineering.feature_factory - INFO - [Layer 4] 0% - Starting Layer 4...
[2026-10-02 09:29:43,313] INFO momentum.FeatureEngineering.feature_factory: Layer 4 starting, rss=1291MB
2026-10-02 09:29:43,313 - momentum.FeatureEngineering.feature_factory - INFO - Layer 4 starting, rss=1291MB
[2026-10-02 09:29:43,639] INFO momentum.FeatureEngineering.feature_factory: [Layer 4] 100% - Layer 4 completed: 7224 features
2026-10-02 09:29:43,639 - momentum.FeatureEngineering.feature_factory - INFO - [Layer 4] 100% - Layer 4 completed: 7224 features
[2026-10-02 09:29:43,639] INFO momentum.FeatureEngineering.feature_factory: Layer 4 done: 7224 cols, status=ok, rss=477MB
2026-10-02 09:29:43,639 - momentum.FeatureEngineering.feature_factory - INFO - Layer 4 done: 7224 cols, status=ok, rss=477MB
[2026-10-02 09:29:43,639] INFO momentum.FeatureEngineering.feature_factory: [Layer 5] 0% - Starting Layer 5...
2026-10-02 09:29:43,639 - momentum.FeatureEngineering.feature_factory - INFO - [Layer 5] 0% - Starting Layer 5...
[2026-10-02 09:29:43,639] INFO momentum.FeatureEngineering.feature_factory: Layer 5 starting, rss=477MB
2026-10-02 09:29:43,639 - momentum.FeatureEngineering.feature_factory - INFO - Layer 5 starting, rss=477MB
[2026-10-02 09:29:43,639] INFO momentum.FeatureEngineering.feature_factory: [Layer 5] 100% - Layer 5 completed: 0 features
2026-10-02 09:29:43,639 - momentum.FeatureEngineering.feature_factory - INFO - [Layer 5] 100% - Layer 5 completed: 0 features
[2026-10-02 09:29:43,639] INFO momentum.FeatureEngineering.feature_factory: Layer 5 done: 0 cols, status=empty_disabled, rss=477MB
2026-10-02 09:29:43,639 - momentum.FeatureEngineering.feature_factory - INFO - Layer 5 done: 0 cols, status=empty_disabled, rss=477MB
[2026-10-02 09:29:43,640] INFO momentum.FeatureEngineering.feature_factory: [Layer 6] 0% - Starting Layer 6...
2026-10-02 09:29:43,640 - momentum.FeatureEngineering.feature_factory - INFO - [Layer 6] 0% - Starting Layer 6...
[2026-10-02 09:29:43,640] INFO momentum.FeatureEngineering.feature_factory: Layer 6 starting, rss=477MB
2026-10-02 09:29:43,640 - momentum.FeatureEngineering.feature_factory - INFO - Layer 6 starting, rss=477MB
[2026-10-02 09:29:43,653] INFO momentum.FeatureEngineering.feature_factory: [Layer 6] 100% - Layer 6 completed: 10 features
2026-10-02 09:29:43,653 - momentum.FeatureEngineering.feature_factory - INFO - [Layer 6] 100% - Layer 6 completed: 10 features
[2026-10-02 09:29:43,653] INFO momentum.FeatureEngineering.feature_factory: Layer 6 done: 10 cols, status=ok, rss=480MB
2026-10-02 09:29:43,653 - momentum.FeatureEngineering.feature_factory - INFO - Layer 6 done: 10 cols, status=ok, rss=480MB
[2026-10-02 09:29:43,653] INFO momentum.FeatureEngineering.memmap_utils: [memmap concat] 5 DFs → 37713 cols × 4811 rows ≈ 0.73 GB → disk-backed
2026-10-02 09:29:43,653 - momentum.FeatureEngineering.memmap_utils - INFO - [memmap concat] 5 DFs → 37713 cols × 4811 rows ≈ 0.73 GB → disk-backed
[2026-10-02 09:29:43,659] INFO momentum.FeatureEngineering.memmap_utils: [memmap] created: shape=(4811, 37713), dtype=<class 'numpy.float32'>, est=0.73 GB  (file auto-unlinked)
2026-10-02 09:29:43,659 - momentum.FeatureEngineering.memmap_utils - INFO - [memmap] created: shape=(4811, 37713), dtype=<class 'numpy.float32'>, est=0.73 GB  (file auto-unlinked)
[2026-10-02 09:29:43,659] INFO momentum.FeatureEngineering.memmap_utils: [memmap concat] copying DF 1/5 (898 cols)
2026-10-02 09:29:43,659 - momentum.FeatureEngineering.memmap_utils - INFO - [memmap concat] copying DF 1/5 (898 cols)
[2026-10-02 09:29:43,886] INFO momentum.FeatureEngineering.memmap_utils: [memmap concat] copying DF 2/5 (11621 cols)
2026-10-02 09:29:43,886 - momentum.FeatureEngineering.memmap_utils - INFO - [memmap concat] copying DF 2/5 (11621 cols)
[2026-10-02 09:29:44,387] INFO momentum.FeatureEngineering.memmap_utils: [memmap concat] copying DF 3/5 (17960 cols)
2026-10-02 09:29:44,387 - momentum.FeatureEngineering.memmap_utils - INFO - [memmap concat] copying DF 3/5 (17960 cols)
[2026-10-02 09:29:45,007] INFO momentum.FeatureEngineering.memmap_utils: [memmap concat] copying DF 4/5 (7224 cols)
2026-10-02 09:29:45,007 - momentum.FeatureEngineering.memmap_utils - INFO - [memmap concat] copying DF 4/5 (7224 cols)
[2026-10-02 09:29:45,422] INFO momentum.FeatureEngineering.memmap_utils: [memmap concat] copying DF 5/5 (10 cols)
2026-10-02 09:29:45,422 - momentum.FeatureEngineering.memmap_utils - INFO - [memmap concat] copying DF 5/5 (10 cols)
[2026-10-02 09:30:58,292] INFO momentum.FeatureEngineering.feature_factory: [CGSA] Initialized ColumnGroupRegistry at /private/var/folders/_c/3xdf41hd3tvgxpx63mrml2c00000gn/T/pytest-of-louis/pytest-9/test_small_mutation_numba_roll0/cgsa_work (tier=8gb, buffer_groups=0)
2026-10-02 09:30:58,292 - momentum.FeatureEngineering.feature_factory - INFO - [CGSA] Initialized ColumnGroupRegistry at /private/var/folders/_c/3xdf41hd3tvgxpx63mrml2c00000gn/T/pytest-of-louis/pytest-9/test_small_mutation_numba_roll0/cgsa_work (tier=8gb, buffer_groups=0)
[2026-10-02 09:30:58,310] INFO momentum.FeatureEngineering.adapters.crypto_spot_adapter: Fetching spot data: BTCUSDT/1h
2026-10-02 09:30:58,310 - momentum.FeatureEngineering.adapters.crypto_spot_adapter - INFO - Fetching spot data: BTCUSDT/1h
2026-10-02 09:30:58,371 - momentum.DataExtraction.kline_storage - INFO - Read 20352 klines from BTCUSDT/1h in 0.059s
[2026-10-02 09:30:58,391] INFO momentum.FeatureEngineering.adapters.adapter_registry: Aligned data for BTCUSDT/1h: 20352 rows, 5 columns
2026-10-02 09:30:58,391 - momentum.FeatureEngineering.adapters.adapter_registry - INFO - Aligned data for BTCUSDT/1h: 20352 rows, 5 columns
[2026-10-02 09:30:58,404] INFO momentum.FeatureEngineering.feature_factory: [Layer 1] 0% - Starting Layer 1...
2026-10-02 09:30:58,404 - momentum.FeatureEngineering.feature_factory - INFO - [Layer 1] 0% - Starting Layer 1...
[2026-10-02 09:30:58,405] INFO momentum.FeatureEngineering.feature_factory: Layer 1 starting, rss=2441MB
2026-10-02 09:30:58,405 - momentum.FeatureEngineering.feature_factory - INFO - Layer 1 starting, rss=2441MB
2026-10-02 09:30:58,775 - momentum.FeatureEngineering.atomic.parameter_generator - WARNING - STOCH combo [5, 3, 3] is missing 2 parameter(s); using defaults slowk=3 slowd=3 slowk_matype=0 slowd_matype=0
2026-10-02 09:30:58,776 - momentum.FeatureEngineering.atomic.parameter_generator - WARNING - STOCH combo [8, 3, 3] is missing 2 parameter(s); using defaults slowk=3 slowd=3 slowk_matype=0 slowd_matype=0
2026-10-02 09:30:58,776 - momentum.FeatureEngineering.atomic.parameter_generator - WARNING - STOCH combo [13, 3, 3] is missing 2 parameter(s); using defaults slowk=3 slowd=3 slowk_matype=0 slowd_matype=0
2026-10-02 09:30:58,776 - momentum.FeatureEngineering.atomic.parameter_generator - WARNING - STOCH combo [13, 5, 3] is missing 2 parameter(s); using defaults slowk=5 slowd=3 slowk_matype=0 slowd_matype=0
2026-10-02 09:30:58,776 - momentum.FeatureEngineering.atomic.parameter_generator - WARNING - STOCH combo [21, 3, 3] is missing 2 parameter(s); using defaults slowk=3 slowd=3 slowk_matype=0 slowd_matype=0
2026-10-02 09:30:58,776 - momentum.FeatureEngineering.atomic.parameter_generator - WARNING - STOCH combo [21, 5, 3] is missing 2 parameter(s); using defaults slowk=5 slowd=3 slowk_matype=0 slowd_matype=0
2026-10-02 09:30:58,776 - momentum.FeatureEngineering.atomic.parameter_generator - WARNING - STOCH combo [21, 5, 5] is missing 2 parameter(s); using defaults slowk=5 slowd=5 slowk_matype=0 slowd_matype=0
2026-10-02 09:30:58,776 - momentum.FeatureEngineering.atomic.parameter_generator - WARNING - STOCH combo [34, 5, 3] is missing 2 parameter(s); using defaults slowk=5 slowd=3 slowk_matype=0 slowd_matype=0
2026-10-02 09:30:58,776 - momentum.FeatureEngineering.atomic.parameter_generator - WARNING - STOCH combo [34, 5, 5] is missing 2 parameter(s); using defaults slowk=5 slowd=5 slowk_matype=0 slowd_matype=0
2026-10-02 09:30:58,776 - momentum.FeatureEngineering.atomic.parameter_generator - WARNING - STOCH combo [55, 5, 5] is missing 2 parameter(s); using defaults slowk=5 slowd=5 slowk_matype=0 slowd_matype=0
2026-10-02 09:30:58,776 - momentum.FeatureEngineering.atomic.parameter_generator - WARNING - STOCH combo [55, 8, 5] is missing 2 parameter(s); using defaults slowk=8 slowd=5 slowk_matype=0 slowd_matype=0
2026-10-02 09:30:58,776 - momentum.FeatureEngineering.atomic.parameter_generator - WARNING - STOCH combo [89, 8, 5] is missing 2 parameter(s); using defaults slowk=8 slowd=5 slowk_matype=0 slowd_matype=0
2026-10-02 09:30:58,782 - momentum.FeatureEngineering.atomic.parameter_generator - WARNING - STOCHF combo [5, 3] is missing 1 parameter(s); using defaults fastd_period=3 fastd_matype=0
2026-10-02 09:30:58,782 - momentum.FeatureEngineering.atomic.parameter_generator - WARNING - STOCHF combo [8, 3] is missing 1 parameter(s); using defaults fastd_period=3 fastd_matype=0
2026-10-02 09:30:58,782 - momentum.FeatureEngineering.atomic.parameter_generator - WARNING - STOCHF combo [13, 3] is missing 1 parameter(s); using defaults fastd_period=3 fastd_matype=0
2026-10-02 09:30:58,782 - momentum.FeatureEngineering.atomic.parameter_generator - WARNING - STOCHF combo [21, 3] is missing 1 parameter(s); using defaults fastd_period=3 fastd_matype=0
2026-10-02 09:30:58,782 - momentum.FeatureEngineering.atomic.parameter_generator - WARNING - STOCHF combo [21, 5] is missing 1 parameter(s); using defaults fastd_period=5 fastd_matype=0
2026-10-02 09:30:58,782 - momentum.FeatureEngineering.atomic.parameter_generator - WARNING - STOCHF combo [34, 5] is missing 1 parameter(s); using defaults fastd_period=5 fastd_matype=0
2026-10-02 09:30:58,782 - momentum.FeatureEngineering.atomic.parameter_generator - WARNING - STOCHF combo [55, 5] is missing 1 parameter(s); using defaults fastd_period=5 fastd_matype=0
2026-10-02 09:30:58,783 - momentum.FeatureEngineering.atomic.parameter_generator - WARNING - STOCHF combo [89, 8] is missing 1 parameter(s); using defaults fastd_period=8 fastd_matype=0
2026-10-02 09:30:58,786 - momentum.FeatureEngineering.atomic.parameter_generator - WARNING - STOCHRSI combo [9, 5, 3] is missing 1 parameter(s); using defaults fastk_period=5 fastd_period=3 fastd_matype=0
2026-10-02 09:30:58,786 - momentum.FeatureEngineering.atomic.parameter_generator - WARNING - STOCHRSI combo [14, 5, 3] is missing 1 parameter(s); using defaults fastk_period=5 fastd_period=3 fastd_matype=0
2026-10-02 09:30:58,786 - momentum.FeatureEngineering.atomic.parameter_generator - WARNING - STOCHRSI combo [14, 3, 3] is missing 1 parameter(s); using defaults fastk_period=3 fastd_period=3 fastd_matype=0
2026-10-02 09:30:58,786 - momentum.FeatureEngineering.atomic.parameter_generator - WARNING - STOCHRSI combo [21, 5, 3] is missing 1 parameter(s); using defaults fastk_period=5 fastd_period=3 fastd_matype=0
2026-10-02 09:30:58,786 - momentum.FeatureEngineering.atomic.parameter_generator - WARNING - STOCHRSI combo [21, 8, 5] is missing 1 parameter(s); using defaults fastk_period=8 fastd_period=5 fastd_matype=0
2026-10-02 09:30:58,786 - momentum.FeatureEngineering.atomic.parameter_generator - WARNING - STOCHRSI combo [34, 8, 5] is missing 1 parameter(s); using defaults fastk_period=8 fastd_period=5 fastd_matype=0
2026-10-02 09:30:58,786 - momentum.FeatureEngineering.atomic.parameter_generator - WARNING - STOCHRSI combo [55, 8, 5] is missing 1 parameter(s); using defaults fastk_period=8 fastd_period=5 fastd_matype=0
[2026-10-02 09:30:59,819] INFO momentum.FeatureEngineering.feature_factory: [Layer 1] 100% - Layer 1 completed: 898 features
2026-10-02 09:30:59,819 - momentum.FeatureEngineering.feature_factory - INFO - [Layer 1] 100% - Layer 1 completed: 898 features
[2026-10-02 09:30:59,819] INFO momentum.FeatureEngineering.feature_factory: Layer 1 done: 898 cols, status=ok, rss=2687MB
2026-10-02 09:30:59,819 - momentum.FeatureEngineering.feature_factory - INFO - Layer 1 done: 898 cols, status=ok, rss=2687MB
[2026-10-02 09:30:59,820] INFO momentum.FeatureEngineering.feature_factory: [Layer 2] 0% - Starting Layer 2...
2026-10-02 09:30:59,820 - momentum.FeatureEngineering.feature_factory - INFO - [Layer 2] 0% - Starting Layer 2...
[2026-10-02 09:30:59,820] INFO momentum.FeatureEngineering.feature_factory: Layer 2 starting, rss=2687MB
2026-10-02 09:30:59,820 - momentum.FeatureEngineering.feature_factory - INFO - Layer 2 starting, rss=2687MB
[2026-10-02 09:30:59,820] INFO momentum.FeatureEngineering.feature_factory: [L2] Starting derived features: 898 L1 cols
2026-10-02 09:30:59,820 - momentum.FeatureEngineering.feature_factory - INFO - [L2] Starting derived features: 898 L1 cols
2026-10-02 09:30:59,826 - momentum.FeatureEngineering.atomic.parameter_generator - WARNING - STOCH combo [5, 3, 3] is missing 2 parameter(s); using defaults slowk=3 slowd=3 slowk_matype=0 slowd_matype=0
2026-10-02 09:30:59,826 - momentum.FeatureEngineering.atomic.parameter_generator - WARNING - STOCH combo [8, 3, 3] is missing 2 parameter(s); using defaults slowk=3 slowd=3 slowk_matype=0 slowd_matype=0
2026-10-02 09:30:59,826 - momentum.FeatureEngineering.atomic.parameter_generator - WARNING - STOCH combo [13, 3, 3] is missing 2 parameter(s); using defaults slowk=3 slowd=3 slowk_matype=0 slowd_matype=0
2026-10-02 09:30:59,827 - momentum.FeatureEngineering.atomic.parameter_generator - WARNING - STOCH combo [13, 5, 3] is missing 2 parameter(s); using defaults slowk=5 slowd=3 slowk_matype=0 slowd_matype=0
2026-10-02 09:30:59,827 - momentum.FeatureEngineering.atomic.parameter_generator - WARNING - STOCH combo [21, 3, 3] is missing 2 parameter(s); using defaults slowk=3 slowd=3 slowk_matype=0 slowd_matype=0
2026-10-02 09:30:59,827 - momentum.FeatureEngineering.atomic.parameter_generator - WARNING - STOCH combo [21, 5, 3] is missing 2 parameter(s); using defaults slowk=5 slowd=3 slowk_matype=0 slowd_matype=0
2026-10-02 09:30:59,827 - momentum.FeatureEngineering.atomic.parameter_generator - WARNING - STOCH combo [21, 5, 5] is missing 2 parameter(s); using defaults slowk=5 slowd=5 slowk_matype=0 slowd_matype=0
2026-10-02 09:30:59,827 - momentum.FeatureEngineering.atomic.parameter_generator - WARNING - STOCH combo [34, 5, 3] is missing 2 parameter(s); using defaults slowk=5 slowd=3 slowk_matype=0 slowd_matype=0
2026-10-02 09:30:59,827 - momentum.FeatureEngineering.atomic.parameter_generator - WARNING - STOCH combo [34, 5, 5] is missing 2 parameter(s); using defaults slowk=5 slowd=5 slowk_matype=0 slowd_matype=0
2026-10-02 09:30:59,827 - momentum.FeatureEngineering.atomic.parameter_generator - WARNING - STOCH combo [55, 5, 5] is missing 2 parameter(s); using defaults slowk=5 slowd=5 slowk_matype=0 slowd_matype=0
2026-10-02 09:30:59,827 - momentum.FeatureEngineering.atomic.parameter_generator - WARNING - STOCH combo [55, 8, 5] is missing 2 parameter(s); using defaults slowk=8 slowd=5 slowk_matype=0 slowd_matype=0
2026-10-02 09:30:59,827 - momentum.FeatureEngineering.atomic.parameter_generator - WARNING - STOCH combo [89, 8, 5] is missing 2 parameter(s); using defaults slowk=8 slowd=5 slowk_matype=0 slowd_matype=0
2026-10-02 09:30:59,827 - momentum.FeatureEngineering.atomic.parameter_generator - WARNING - STOCHF combo [5, 3] is missing 1 parameter(s); using defaults fastd_period=3 fastd_matype=0
2026-10-02 09:30:59,827 - momentum.FeatureEngineering.atomic.parameter_generator - WARNING - STOCHF combo [8, 3] is missing 1 parameter(s); using defaults fastd_period=3 fastd_matype=0
2026-10-02 09:30:59,827 - momentum.FeatureEngineering.atomic.parameter_generator - WARNING - STOCHF combo [13, 3] is missing 1 parameter(s); using defaults fastd_period=3 fastd_matype=0
2026-10-02 09:30:59,827 - momentum.FeatureEngineering.atomic.parameter_generator - WARNING - STOCHF combo [21, 3] is missing 1 parameter(s); using defaults fastd_period=3 fastd_matype=0
2026-10-02 09:30:59,827 - momentum.FeatureEngineering.atomic.parameter_generator - WARNING - STOCHF combo [21, 5] is missing 1 parameter(s); using defaults fastd_period=5 fastd_matype=0
2026-10-02 09:30:59,827 - momentum.FeatureEngineering.atomic.parameter_generator - WARNING - STOCHF combo [34, 5] is missing 1 parameter(s); using defaults fastd_period=5 fastd_matype=0
2026-10-02 09:30:59,827 - momentum.FeatureEngineering.atomic.parameter_generator - WARNING - STOCHF combo [55, 5] is missing 1 parameter(s); using defaults fastd_period=5 fastd_matype=0
2026-10-02 09:30:59,827 - momentum.FeatureEngineering.atomic.parameter_generator - WARNING - STOCHF combo [89, 8] is missing 1 parameter(s); using defaults fastd_period=8 fastd_matype=0
2026-10-02 09:30:59,827 - momentum.FeatureEngineering.atomic.parameter_generator - WARNING - STOCHRSI combo [9, 5, 3] is missing 1 parameter(s); using defaults fastk_period=5 fastd_period=3 fastd_matype=0
2026-10-02 09:30:59,828 - momentum.FeatureEngineering.atomic.parameter_generator - WARNING - STOCHRSI combo [14, 5, 3] is missing 1 parameter(s); using defaults fastk_period=5 fastd_period=3 fastd_matype=0
2026-10-02 09:30:59,828 - momentum.FeatureEngineering.atomic.parameter_generator - WARNING - STOCHRSI combo [14, 3, 3] is missing 1 parameter(s); using defaults fastk_period=3 fastd_period=3 fastd_matype=0
2026-10-02 09:30:59,828 - momentum.FeatureEngineering.atomic.parameter_generator - WARNING - STOCHRSI combo [21, 5, 3] is missing 1 parameter(s); using defaults fastk_period=5 fastd_period=3 fastd_matype=0
2026-10-02 09:30:59,828 - momentum.FeatureEngineering.atomic.parameter_generator - WARNING - STOCHRSI combo [21, 8, 5] is missing 1 parameter(s); using defaults fastk_period=8 fastd_period=5 fastd_matype=0
2026-10-02 09:30:59,828 - momentum.FeatureEngineering.atomic.parameter_generator - WARNING - STOCHRSI combo [34, 8, 5] is missing 1 parameter(s); using defaults fastk_period=8 fastd_period=5 fastd_matype=0
2026-10-02 09:30:59,828 - momentum.FeatureEngineering.atomic.parameter_generator - WARNING - STOCHRSI combo [55, 8, 5] is missing 1 parameter(s); using defaults fastk_period=8 fastd_period=5 fastd_matype=0
[2026-10-02 09:31:25,796] INFO momentum.FeatureEngineering.feature_factory: [CGSA] L2 persisted group=1h_L2_Momentum shards=3 total_bytes=257.4 MiB
2026-10-02 09:31:25,796 - momentum.FeatureEngineering.feature_factory - INFO - [CGSA] L2 persisted group=1h_L2_Momentum shards=3 total_bytes=257.4 MiB
[2026-10-02 09:31:25,839] INFO momentum.FeatureEngineering.feature_factory: [L2] Completed: 11621 cols in 26.02s
2026-10-02 09:31:25,839 - momentum.FeatureEngineering.feature_factory - INFO - [L2] Completed: 11621 cols in 26.02s
[2026-10-02 09:31:26,821] INFO momentum.FeatureEngineering.feature_factory: [Layer 2] 100% - Layer 2 completed: 11621 features
2026-10-02 09:31:26,821 - momentum.FeatureEngineering.feature_factory - INFO - [Layer 2] 100% - Layer 2 completed: 11621 features
[2026-10-02 09:31:26,821] INFO momentum.FeatureEngineering.feature_factory: Layer 2 done: 11621 cols, status=ok, rss=1787MB
2026-10-02 09:31:26,821 - momentum.FeatureEngineering.feature_factory - INFO - Layer 2 done: 11621 cols, status=ok, rss=1787MB
[2026-10-02 09:31:26,833] INFO momentum.FeatureEngineering.memmap_utils: [memmap] created: shape=(7514, 11621), dtype=<class 'numpy.float32'>, est=0.35 GB  (file auto-unlinked)
2026-10-02 09:31:26,833 - momentum.FeatureEngineering.memmap_utils - INFO - [memmap] created: shape=(7514, 11621), dtype=<class 'numpy.float32'>, est=0.35 GB  (file auto-unlinked)
[2026-10-02 09:31:27,403] INFO momentum.FeatureEngineering.feature_factory: [spill] layer2: 7514×11621 → float32 memmap in 0.6s (freed ~0.7 GB float64)
2026-10-02 09:31:27,403 - momentum.FeatureEngineering.feature_factory - INFO - [spill] layer2: 7514×11621 → float32 memmap in 0.6s (freed ~0.7 GB float64)
[2026-10-02 09:31:27,403] INFO momentum.FeatureEngineering.feature_factory: [Layer 3] 0% - Starting Layer 3...
2026-10-02 09:31:27,403 - momentum.FeatureEngineering.feature_factory - INFO - [Layer 3] 0% - Starting Layer 3...
[2026-10-02 09:31:27,403] INFO momentum.FeatureEngineering.feature_factory: Layer 3 starting, rss=2278MB
2026-10-02 09:31:27,403 - momentum.FeatureEngineering.feature_factory - INFO - Layer 3 starting, rss=2278MB
[2026-10-02 09:31:31,550] INFO momentum.FeatureEngineering.operators.rolling_aggregator: [L3 streaming][numba][multi][persist] step 10/20 (W5_range): 898→898 cols (-0 dead)
2026-10-02 09:31:31,550 - momentum.FeatureEngineering.operators.rolling_aggregator - INFO - [L3 streaming][numba][multi][persist] step 10/20 (W5_range): 898→898 cols (-0 dead)
[2026-10-02 09:31:31,551] INFO momentum.FeatureEngineering.operators.rolling_aggregator: [L3 streaming][numba][multi][persist] step 20/20 (W13_range): 898→898 cols (-0 dead)
2026-10-02 09:31:31,551 - momentum.FeatureEngineering.operators.rolling_aggregator - INFO - [L3 streaming][numba][multi][persist] step 20/20 (W13_range): 898→898 cols (-0 dead)
[2026-10-02 09:31:31,552] INFO momentum.FeatureEngineering.operators.rolling_aggregator: [L3 streaming][numba][multi][persist] complete: 17960 generated, 4 dropped, 17956 survivors persisted via callback
2026-10-02 09:31:31,552 - momentum.FeatureEngineering.operators.rolling_aggregator - INFO - [L3 streaming][numba][multi][persist] complete: 17960 generated, 4 dropped, 17956 survivors persisted via callback
[2026-10-02 09:31:33,858] INFO momentum.FeatureEngineering.feature_factory: [L3] streaming persist (mode=streaming) complete: 17956 cols persisted in 20 groups
2026-10-02 09:31:33,858 - momentum.FeatureEngineering.feature_factory - INFO - [L3] streaming persist (mode=streaming) complete: 17956 cols persisted in 20 groups
[2026-10-02 09:31:33,859] INFO momentum.FeatureEngineering.feature_factory: [Layer 3] 100% - Layer 3 completed: 0 features
2026-10-02 09:31:33,859 - momentum.FeatureEngineering.feature_factory - INFO - [Layer 3] 100% - Layer 3 completed: 0 features
[2026-10-02 09:31:33,860] INFO momentum.FeatureEngineering.feature_factory: Layer 3 done: 0 cols, status=offloaded_to_registry, rss=1829MB
2026-10-02 09:31:33,860 - momentum.FeatureEngineering.feature_factory - INFO - Layer 3 done: 0 cols, status=offloaded_to_registry, rss=1829MB
[2026-10-02 09:31:33,860] INFO momentum.FeatureEngineering.feature_factory: [Layer 4] 0% - Starting Layer 4...
2026-10-02 09:31:33,860 - momentum.FeatureEngineering.feature_factory - INFO - [Layer 4] 0% - Starting Layer 4...
[2026-10-02 09:31:33,860] INFO momentum.FeatureEngineering.feature_factory: Layer 4 starting, rss=1829MB
2026-10-02 09:31:33,860 - momentum.FeatureEngineering.feature_factory - INFO - Layer 4 starting, rss=1829MB
[2026-10-02 09:31:34,363] INFO momentum.FeatureEngineering.feature_factory: [Layer 4] 100% - Layer 4 completed: 7224 features
2026-10-02 09:31:34,363 - momentum.FeatureEngineering.feature_factory - INFO - [Layer 4] 100% - Layer 4 completed: 7224 features
[2026-10-02 09:31:34,364] INFO momentum.FeatureEngineering.feature_factory: Layer 4 done: 7224 cols, status=ok, rss=1543MB
2026-10-02 09:31:34,364 - momentum.FeatureEngineering.feature_factory - INFO - Layer 4 done: 7224 cols, status=ok, rss=1543MB
[2026-10-02 09:31:34,364] INFO momentum.FeatureEngineering.feature_factory: [Layer 5] 0% - Starting Layer 5...
2026-10-02 09:31:34,364 - momentum.FeatureEngineering.feature_factory - INFO - [Layer 5] 0% - Starting Layer 5...
[2026-10-02 09:31:34,364] INFO momentum.FeatureEngineering.feature_factory: Layer 5 starting, rss=1543MB
2026-10-02 09:31:34,364 - momentum.FeatureEngineering.feature_factory - INFO - Layer 5 starting, rss=1543MB
[2026-10-02 09:31:34,364] INFO momentum.FeatureEngineering.feature_factory: [Layer 5] 100% - Layer 5 completed: 0 features
2026-10-02 09:31:34,364 - momentum.FeatureEngineering.feature_factory - INFO - [Layer 5] 100% - Layer 5 completed: 0 features
[2026-10-02 09:31:34,364] INFO momentum.FeatureEngineering.feature_factory: Layer 5 done: 0 cols, status=empty_disabled, rss=1544MB
2026-10-02 09:31:34,364 - momentum.FeatureEngineering.feature_factory - INFO - Layer 5 done: 0 cols, status=empty_disabled, rss=1544MB
[2026-10-02 09:31:34,364] INFO momentum.FeatureEngineering.feature_factory: [Layer 6] 0% - Starting Layer 6...
2026-10-02 09:31:34,364 - momentum.FeatureEngineering.feature_factory - INFO - [Layer 6] 0% - Starting Layer 6...
[2026-10-02 09:31:34,364] INFO momentum.FeatureEngineering.feature_factory: Layer 6 starting, rss=1544MB
2026-10-02 09:31:34,364 - momentum.FeatureEngineering.feature_factory - INFO - Layer 6 starting, rss=1544MB
[2026-10-02 09:31:34,382] INFO momentum.FeatureEngineering.feature_factory: [Layer 6] 100% - Layer 6 completed: 10 features
2026-10-02 09:31:34,382 - momentum.FeatureEngineering.feature_factory - INFO - [Layer 6] 100% - Layer 6 completed: 10 features
[2026-10-02 09:31:34,382] INFO momentum.FeatureEngineering.feature_factory: Layer 6 done: 10 cols, status=ok, rss=1545MB
2026-10-02 09:31:34,382 - momentum.FeatureEngineering.feature_factory - INFO - Layer 6 done: 10 cols, status=ok, rss=1545MB
[2026-10-02 09:31:34,383] INFO momentum.FeatureEngineering.core.column_group_registry: [CGSA] Disk pre-check OK: layer=L4_lag symbol=BTCUSDT tf=1h need=2.39 GiB (planned_new=0.20 GiB, max_inflight_tmp×2=0.19 GiB, reserve=2.00 GiB) free=32.94 GiB shape=(7514, 7224)
2026-10-02 09:31:34,383 - momentum.FeatureEngineering.core.column_group_registry - INFO - [CGSA] Disk pre-check OK: layer=L4_lag symbol=BTCUSDT tf=1h need=2.39 GiB (planned_new=0.20 GiB, max_inflight_tmp×2=0.19 GiB, reserve=2.00 GiB) free=32.94 GiB shape=(7514, 7224)
[2026-10-02 09:31:34,667] INFO momentum.FeatureEngineering.feature_factory: [CGSA] L4_lag persisted group=1h_L4_lag_1 shards=2 total_bytes=143.3 MiB
2026-10-02 09:31:34,667 - momentum.FeatureEngineering.feature_factory - INFO - [CGSA] L4_lag persisted group=1h_L4_lag_1 shards=2 total_bytes=143.3 MiB
[2026-10-02 09:31:34,726] INFO momentum.FeatureEngineering.feature_factory: [CGSA] Persisted L4_lag: 7224 cols → 2 groups (tf=1h)
2026-10-02 09:31:34,726 - momentum.FeatureEngineering.feature_factory - INFO - [CGSA] Persisted L4_lag: 7224 cols → 2 groups (tf=1h)
[2026-10-02 09:31:34,727] INFO momentum.FeatureEngineering.core.column_group_registry: [CGSA] Disk pre-check OK: layer=L6_meta symbol=BTCUSDT tf=1h need=2.00 GiB (planned_new=0.00 GiB, max_inflight_tmp×2=0.00 GiB, reserve=2.00 GiB) free=32.74 GiB shape=(7514, 10)
2026-10-02 09:31:34,727 - momentum.FeatureEngineering.core.column_group_registry - INFO - [CGSA] Disk pre-check OK: layer=L6_meta symbol=BTCUSDT tf=1h need=2.00 GiB (planned_new=0.00 GiB, max_inflight_tmp×2=0.00 GiB, reserve=2.00 GiB) free=32.74 GiB shape=(7514, 10)
[2026-10-02 09:31:34,750] INFO momentum.FeatureEngineering.feature_factory: [CGSA] Persisted L6_meta: 10 cols → 1 groups (tf=1h)
2026-10-02 09:31:34,750 - momentum.FeatureEngineering.feature_factory - INFO - [CGSA] Persisted L6_meta: 10 cols → 1 groups (tf=1h)
[2026-10-02 09:31:37,571] INFO momentum.FeatureEngineering.feature_factory: [L7][CGSA] Quality summary: inf_count=0, coverage=0.9513, non_nan=269545732/283345426
2026-10-02 09:31:37,571 - momentum.FeatureEngineering.feature_factory - INFO - [L7][CGSA] Quality summary: inf_count=0, coverage=0.9513, non_nan=269545732/283345426
[2026-10-02 09:31:37,861] INFO momentum.FeatureEngineering.feature_storage: [L7_raw] Disk pre-check OK: required=2.00 GiB (safety x1.50), estimated_final=0.53 GiB, reclaimable_npy=1.06 GiB, net_growth=0.00 GiB, max_inflight_part=0.14 GiB, largest_part_source=1h_L2_Momentum, reserve_floor=2.00 GiB, free=32.73 GiB, groups=241
2026-10-02 09:31:37,861 - momentum.FeatureEngineering.feature_storage - INFO - [L7_raw] Disk pre-check OK: required=2.00 GiB (safety x1.50), estimated_final=0.53 GiB, reclaimable_npy=1.06 GiB, net_growth=0.00 GiB, max_inflight_part=0.14 GiB, largest_part_source=1h_L2_Momentum, reserve_floor=2.00 GiB, free=32.73 GiB, groups=241
[2026-10-02 09:31:37,865] INFO momentum.FeatureEngineering.preprocessing.feature_preprocessor: [L6.5] raw-sink path uses serial group streaming for disk safety (requested_workers=2)
2026-10-02 09:31:37,865 - momentum.FeatureEngineering.preprocessing.feature_preprocessor - INFO - [L6.5] raw-sink path uses serial group streaming for disk safety (requested_workers=2)
[2026-10-02 09:31:37,865] INFO momentum.FeatureEngineering.preprocessing.feature_preprocessor: [L6.5] Registry raw-sink config: groups=241 requested_workers=2 effective_workers=1 mode=append use_fast=False can_use_numba_fast=False winsor=True rank=False zscore=False fracdiff=False fracdiff_apply_to=non_stationary fracdiff_layers=['L1', 'L2'] adf=False gaussian=False
2026-10-02 09:31:37,865 - momentum.FeatureEngineering.preprocessing.feature_preprocessor - INFO - [L6.5] Registry raw-sink config: groups=241 requested_workers=2 effective_workers=1 mode=append use_fast=False can_use_numba_fast=False winsor=True rank=False zscore=False fracdiff=False fracdiff_apply_to=non_stationary fracdiff_layers=['L1', 'L2'] adf=False gaussian=False
[2026-10-02 09:31:37,868] INFO momentum.FeatureEngineering.preprocessing.feature_preprocessor: [L6.5] Raw-sink start: 238 full groups (fast=0, slow=238) + 3 big-group splits → 248 sub-tasks (requested_workers=2, effective_workers=1, split_threshold=2000, slow_chunked=3, max_group_cols=8980, schedule=largest_first, rss=630MB)
2026-10-02 09:31:37,868 - momentum.FeatureEngineering.preprocessing.feature_preprocessor - INFO - [L6.5] Raw-sink start: 238 full groups (fast=0, slow=238) + 3 big-group splits → 248 sub-tasks (requested_workers=2, effective_workers=1, split_threshold=2000, slow_chunked=3, max_group_cols=8980, schedule=largest_first, rss=630MB)
[2026-10-02 09:31:37,930] INFO momentum.FeatureEngineering.preprocessing.feature_preprocessor: [L6.5] raw-sink chunk stream start: group=1h_L2_Momentum cols=8980 chunks=5 chunk_size=2000 rss=888MB
2026-10-02 09:31:37,930 - momentum.FeatureEngineering.preprocessing.feature_preprocessor - INFO - [L6.5] raw-sink chunk stream start: group=1h_L2_Momentum cols=8980 chunks=5 chunk_size=2000 rss=888MB
[2026-10-02 09:32:00,671] INFO momentum.FeatureEngineering.preprocessing.feature_preprocessor: [L6.5] raw-sink chunk stream complete: group=1h_L2_Momentum chunks=5 outputs=5 rss=1728MB
2026-10-02 09:32:00,671 - momentum.FeatureEngineering.preprocessing.feature_preprocessor - INFO - [L6.5] raw-sink chunk stream complete: group=1h_L2_Momentum chunks=5 outputs=5 rss=1728MB
[2026-10-02 09:32:01,072] INFO momentum.FeatureEngineering.preprocessing.feature_preprocessor: [L6.5] raw-sink chunk stream start: group=1h_L4_lag_1 cols=5000 chunks=3 chunk_size=2000 rss=1684MB
2026-10-02 09:32:01,072 - momentum.FeatureEngineering.preprocessing.feature_preprocessor - INFO - [L6.5] raw-sink chunk stream start: group=1h_L4_lag_1 cols=5000 chunks=3 chunk_size=2000 rss=1684MB
[2026-10-02 09:32:14,417] INFO momentum.FeatureEngineering.preprocessing.feature_preprocessor: [L6.5] raw-sink chunk stream complete: group=1h_L4_lag_1 chunks=3 outputs=3 rss=1535MB
2026-10-02 09:32:14,417 - momentum.FeatureEngineering.preprocessing.feature_preprocessor - INFO - [L6.5] raw-sink chunk stream complete: group=1h_L4_lag_1 chunks=3 outputs=3 rss=1535MB
[2026-10-02 09:32:14,418] INFO momentum.FeatureEngineering.preprocessing.feature_preprocessor: [L6.5] raw-sink heartbeat: tasks 8/248 (3.2%), groups 2/241, elapsed=36.5s, rate=0.22/s, ETA=1096s, rss=1535MB, last=1h_L4_lag_1 (slow-chunked, parts=3)
2026-10-02 09:32:14,418 - momentum.FeatureEngineering.preprocessing.feature_preprocessor - INFO - [L6.5] raw-sink heartbeat: tasks 8/248 (3.2%), groups 2/241, elapsed=36.5s, rate=0.22/s, ETA=1096s, rss=1535MB, last=1h_L4_lag_1 (slow-chunked, parts=3)
[2026-10-02 09:32:14,496] INFO momentum.FeatureEngineering.preprocessing.feature_preprocessor: [L6.5] raw-sink chunk stream start: group=1h_L4_lag_2 cols=2224 chunks=2 chunk_size=2000 rss=1535MB
2026-10-02 09:32:14,496 - momentum.FeatureEngineering.preprocessing.feature_preprocessor - INFO - [L6.5] raw-sink chunk stream start: group=1h_L4_lag_2 cols=2224 chunks=2 chunk_size=2000 rss=1535MB
[2026-10-02 09:32:20,567] INFO momentum.FeatureEngineering.preprocessing.feature_preprocessor: [L6.5] raw-sink chunk stream complete: group=1h_L4_lag_2 chunks=2 outputs=2 rss=1400MB
2026-10-02 09:32:20,567 - momentum.FeatureEngineering.preprocessing.feature_preprocessor - INFO - [L6.5] raw-sink chunk stream complete: group=1h_L4_lag_2 chunks=2 outputs=2 rss=1400MB
[2026-10-02 09:32:45,230] INFO momentum.FeatureEngineering.preprocessing.feature_preprocessor: [L6.5] raw-sink heartbeat: tasks 20/248 (8.1%), groups 13/241, elapsed=67.4s, rate=0.30/s, ETA=768s, rss=1550MB, last=1h_L3_rolling_W13_Std_1 (full)
2026-10-02 09:32:45,230 - momentum.FeatureEngineering.preprocessing.feature_preprocessor - INFO - [L6.5] raw-sink heartbeat: tasks 20/248 (8.1%), groups 13/241, elapsed=67.4s, rate=0.30/s, ETA=768s, rss=1550MB, last=1h_L3_rolling_W13_Std_1 (full)
[2026-10-02 09:33:13,662] INFO momentum.FeatureEngineering.preprocessing.feature_preprocessor: [L6.5] raw-sink heartbeat: tasks 32/248 (12.9%), groups 25/241, elapsed=95.8s, rate=0.33/s, ETA=647s, rss=1552MB, last=1h_L3_rolling_W5_ZScore_1 (full)
2026-10-02 09:33:13,662 - momentum.FeatureEngineering.preprocessing.feature_preprocessor - INFO - [L6.5] raw-sink heartbeat: tasks 32/248 (12.9%), groups 25/241, elapsed=95.8s, rate=0.33/s, ETA=647s, rss=1552MB, last=1h_L3_rolling_W5_ZScore_1 (full)
[2026-10-02 09:33:16,152] INFO momentum.FeatureEngineering.preprocessing.feature_preprocessor: [L6.5] raw-sink heartbeat: tasks 44/248 (17.7%), groups 37/241, elapsed=98.3s, rate=0.45/s, ETA=456s, rss=1579MB, last=1h_L1_momentum_TRIX (full)
2026-10-02 09:33:16,152 - momentum.FeatureEngineering.preprocessing.feature_preprocessor - INFO - [L6.5] raw-sink heartbeat: tasks 44/248 (17.7%), groups 37/241, elapsed=98.3s, rate=0.45/s, ETA=456s, rss=1579MB, last=1h_L1_momentum_TRIX (full)
[2026-10-02 09:33:17,678] INFO momentum.FeatureEngineering.preprocessing.feature_preprocessor: [L6.5] raw-sink heartbeat: tasks 56/248 (22.6%), groups 49/241, elapsed=99.8s, rate=0.56/s, ETA=342s, rss=1580MB, last=1h_L1_trend_BBANDS-Upper (full)
2026-10-02 09:33:17,678 - momentum.FeatureEngineering.preprocessing.feature_preprocessor - INFO - [L6.5] raw-sink heartbeat: tasks 56/248 (22.6%), groups 49/241, elapsed=99.8s, rate=0.56/s, ETA=342s, rss=1580MB, last=1h_L1_trend_BBANDS-Upper (full)
[2026-10-02 09:33:18,977] INFO momentum.FeatureEngineering.preprocessing.feature_preprocessor: [L6.5] raw-sink heartbeat: tasks 68/248 (27.4%), groups 61/241, elapsed=101.1s, rate=0.67/s, ETA=268s, rss=1580MB, last=1h_L1_momentum_DX (full)
2026-10-02 09:33:18,977 - momentum.FeatureEngineering.preprocessing.feature_preprocessor - INFO - [L6.5] raw-sink heartbeat: tasks 68/248 (27.4%), groups 61/241, elapsed=101.1s, rate=0.67/s, ETA=268s, rss=1580MB, last=1h_L1_momentum_DX (full)
[2026-10-02 09:33:20,129] INFO momentum.FeatureEngineering.preprocessing.feature_preprocessor: [L6.5] raw-sink heartbeat: tasks 80/248 (32.3%), groups 73/241, elapsed=102.3s, rate=0.78/s, ETA=215s, rss=1580MB, last=1h_L1_momentum_APO_34-144-0 (full)
2026-10-02 09:33:20,129 - momentum.FeatureEngineering.preprocessing.feature_preprocessor - INFO - [L6.5] raw-sink heartbeat: tasks 80/248 (32.3%), groups 73/241, elapsed=102.3s, rate=0.78/s, ETA=215s, rss=1580MB, last=1h_L1_momentum_APO_34-144-0 (full)
[2026-10-02 09:33:21,187] INFO momentum.FeatureEngineering.preprocessing.feature_preprocessor: [L6.5] raw-sink heartbeat: tasks 92/248 (37.1%), groups 85/241, elapsed=103.3s, rate=0.89/s, ETA=175s, rss=1580MB, last=1h_L1_momentum_MACD-Hist_21-89-13 (full)
2026-10-02 09:33:21,187 - momentum.FeatureEngineering.preprocessing.feature_preprocessor - INFO - [L6.5] raw-sink heartbeat: tasks 92/248 (37.1%), groups 85/241, elapsed=103.3s, rate=0.89/s, ETA=175s, rss=1580MB, last=1h_L1_momentum_MACD-Hist_21-89-13 (full)
[2026-10-02 09:33:22,237] INFO momentum.FeatureEngineering.preprocessing.feature_preprocessor: [L6.5] raw-sink heartbeat: tasks 104/248 (41.9%), groups 97/241, elapsed=104.4s, rate=1.00/s, ETA=145s, rss=1580MB, last=1h_L1_momentum_MACD-Line_21-55-9 (full)
2026-10-02 09:33:22,237 - momentum.FeatureEngineering.preprocessing.feature_preprocessor - INFO - [L6.5] raw-sink heartbeat: tasks 104/248 (41.9%), groups 97/241, elapsed=104.4s, rate=1.00/s, ETA=145s, rss=1580MB, last=1h_L1_momentum_MACD-Line_21-55-9 (full)
[2026-10-02 09:33:23,287] INFO momentum.FeatureEngineering.preprocessing.feature_preprocessor: [L6.5] raw-sink heartbeat: tasks 116/248 (46.8%), groups 109/241, elapsed=105.4s, rate=1.10/s, ETA=120s, rss=1580MB, last=1h_L1_momentum_MACD-Signal_13-55-13 (full)
2026-10-02 09:33:23,287 - momentum.FeatureEngineering.preprocessing.feature_preprocessor - INFO - [L6.5] raw-sink heartbeat: tasks 116/248 (46.8%), groups 109/241, elapsed=105.4s, rate=1.10/s, ETA=120s, rss=1580MB, last=1h_L1_momentum_MACD-Signal_13-55-13 (full)
[2026-10-02 09:33:24,339] INFO momentum.FeatureEngineering.preprocessing.feature_preprocessor: [L6.5] raw-sink heartbeat: tasks 128/248 (51.6%), groups 121/241, elapsed=106.5s, rate=1.20/s, ETA=100s, rss=1580MB, last=1h_L1_momentum_MACDEXT-Hist_13-34-9 (full)
2026-10-02 09:33:24,339 - momentum.FeatureEngineering.preprocessing.feature_preprocessor - INFO - [L6.5] raw-sink heartbeat: tasks 128/248 (51.6%), groups 121/241, elapsed=106.5s, rate=1.20/s, ETA=100s, rss=1580MB, last=1h_L1_momentum_MACDEXT-Hist_13-34-9 (full)
[2026-10-02 09:33:25,417] INFO momentum.FeatureEngineering.preprocessing.feature_preprocessor: [L6.5] raw-sink heartbeat: tasks 140/248 (56.5%), groups 133/241, elapsed=107.5s, rate=1.30/s, ETA=83s, rss=1580MB, last=1h_L1_momentum_MACDEXT-Line_12-26-9 (full)
2026-10-02 09:33:25,417 - momentum.FeatureEngineering.preprocessing.feature_preprocessor - INFO - [L6.5] raw-sink heartbeat: tasks 140/248 (56.5%), groups 133/241, elapsed=107.5s, rate=1.30/s, ETA=83s, rss=1580MB, last=1h_L1_momentum_MACDEXT-Line_12-26-9 (full)
[2026-10-02 09:33:26,475] INFO momentum.FeatureEngineering.preprocessing.feature_preprocessor: [L6.5] raw-sink heartbeat: tasks 152/248 (61.3%), groups 145/241, elapsed=108.6s, rate=1.40/s, ETA=69s, rss=1580MB, last=1h_L1_momentum_MACDEXT-Line_8-34-9 (full)
2026-10-02 09:33:26,475 - momentum.FeatureEngineering.preprocessing.feature_preprocessor - INFO - [L6.5] raw-sink heartbeat: tasks 152/248 (61.3%), groups 145/241, elapsed=108.6s, rate=1.40/s, ETA=69s, rss=1580MB, last=1h_L1_momentum_MACDEXT-Line_8-34-9 (full)
[2026-10-02 09:33:27,511] INFO momentum.FeatureEngineering.preprocessing.feature_preprocessor: [L6.5] raw-sink heartbeat: tasks 164/248 (66.1%), groups 157/241, elapsed=109.6s, rate=1.50/s, ETA=56s, rss=1580MB, last=1h_L1_momentum_MACDEXT-Signal_8-21-5 (full)
2026-10-02 09:33:27,511 - momentum.FeatureEngineering.preprocessing.feature_preprocessor - INFO - [L6.5] raw-sink heartbeat: tasks 164/248 (66.1%), groups 157/241, elapsed=109.6s, rate=1.50/s, ETA=56s, rss=1580MB, last=1h_L1_momentum_MACDEXT-Signal_8-21-5 (full)
[2026-10-02 09:33:28,563] INFO momentum.FeatureEngineering.preprocessing.feature_preprocessor: [L6.5] raw-sink heartbeat: tasks 176/248 (71.0%), groups 169/241, elapsed=110.7s, rate=1.59/s, ETA=45s, rss=1580MB, last=1h_L1_momentum_PPO_55-233-0 (full)
2026-10-02 09:33:28,563 - momentum.FeatureEngineering.preprocessing.feature_preprocessor - INFO - [L6.5] raw-sink heartbeat: tasks 176/248 (71.0%), groups 169/241, elapsed=110.7s, rate=1.59/s, ETA=45s, rss=1580MB, last=1h_L1_momentum_PPO_55-233-0 (full)
[2026-10-02 09:33:29,613] INFO momentum.FeatureEngineering.preprocessing.feature_preprocessor: [L6.5] raw-sink heartbeat: tasks 188/248 (75.8%), groups 181/241, elapsed=111.7s, rate=1.68/s, ETA=36s, rss=1580MB, last=1h_L1_momentum_STOCHRSI-fastk_21-5-3-0 (full)
2026-10-02 09:33:29,613 - momentum.FeatureEngineering.preprocessing.feature_preprocessor - INFO - [L6.5] raw-sink heartbeat: tasks 188/248 (75.8%), groups 181/241, elapsed=111.7s, rate=1.68/s, ETA=36s, rss=1580MB, last=1h_L1_momentum_STOCHRSI-fastk_21-5-3-0 (full)
[2026-10-02 09:33:30,676] INFO momentum.FeatureEngineering.preprocessing.feature_preprocessor: [L6.5] raw-sink heartbeat: tasks 200/248 (80.6%), groups 193/241, elapsed=112.8s, rate=1.77/s, ETA=27s, rss=1586MB, last=1h_L1_momentum_STOCH-slowd_21-5-0-3-0 (full)
2026-10-02 09:33:30,676 - momentum.FeatureEngineering.preprocessing.feature_preprocessor - INFO - [L6.5] raw-sink heartbeat: tasks 200/248 (80.6%), groups 193/241, elapsed=112.8s, rate=1.77/s, ETA=27s, rss=1586MB, last=1h_L1_momentum_STOCH-slowd_21-5-0-3-0 (full)
[2026-10-02 09:33:31,689] INFO momentum.FeatureEngineering.preprocessing.feature_preprocessor: [L6.5] raw-sink heartbeat: tasks 212/248 (85.5%), groups 205/241, elapsed=113.8s, rate=1.86/s, ETA=19s, rss=1586MB, last=1h_L1_momentum_STOCH-slowk_21-5-0-3-0 (full)
2026-10-02 09:33:31,689 - momentum.FeatureEngineering.preprocessing.feature_preprocessor - INFO - [L6.5] raw-sink heartbeat: tasks 212/248 (85.5%), groups 205/241, elapsed=113.8s, rate=1.86/s, ETA=19s, rss=1586MB, last=1h_L1_momentum_STOCH-slowk_21-5-0-3-0 (full)
[2026-10-02 09:33:32,706] INFO momentum.FeatureEngineering.preprocessing.feature_preprocessor: [L6.5] raw-sink heartbeat: tasks 224/248 (90.3%), groups 217/241, elapsed=114.8s, rate=1.95/s, ETA=12s, rss=1586MB, last=1h_L1_momentum_STOCHF-fastd_34-5-0 (full)
2026-10-02 09:33:32,706 - momentum.FeatureEngineering.preprocessing.feature_preprocessor - INFO - [L6.5] raw-sink heartbeat: tasks 224/248 (90.3%), groups 217/241, elapsed=114.8s, rate=1.95/s, ETA=12s, rss=1586MB, last=1h_L1_momentum_STOCHF-fastd_34-5-0 (full)
[2026-10-02 09:33:33,723] INFO momentum.FeatureEngineering.preprocessing.feature_preprocessor: [L6.5] raw-sink heartbeat: tasks 236/248 (95.2%), groups 229/241, elapsed=115.9s, rate=2.04/s, ETA=6s, rss=1586MB, last=1h_L1_momentum_STOCHF-fastk_89-8-0 (full)
2026-10-02 09:33:33,723 - momentum.FeatureEngineering.preprocessing.feature_preprocessor - INFO - [L6.5] raw-sink heartbeat: tasks 236/248 (95.2%), groups 229/241, elapsed=115.9s, rate=2.04/s, ETA=6s, rss=1586MB, last=1h_L1_momentum_STOCHF-fastk_89-8-0 (full)
[2026-10-02 09:33:34,783] INFO momentum.FeatureEngineering.preprocessing.feature_preprocessor: [L6.5] raw-sink heartbeat: tasks 248/248 (100.0%), groups 241/241, elapsed=116.9s, rate=2.12/s, ETA=0s, rss=1449MB, last=1h_L1_trend_SAR_0.02-0.2 (full)
2026-10-02 09:33:34,783 - momentum.FeatureEngineering.preprocessing.feature_preprocessor - INFO - [L6.5] raw-sink heartbeat: tasks 248/248 (100.0%), groups 241/241, elapsed=116.9s, rate=2.12/s, ETA=0s, rss=1449MB, last=1h_L1_trend_SAR_0.02-0.2 (full)
[2026-10-02 09:33:34,857] INFO momentum.FeatureEngineering.preprocessing.feature_preprocessor: [L6.5] raw-sink complete: 241/241 groups in 116.99s rss=1449MB
2026-10-02 09:33:34,857 - momentum.FeatureEngineering.preprocessing.feature_preprocessor - INFO - [L6.5] raw-sink complete: 241/241 groups in 116.99s rss=1449MB
[2026-10-02 09:33:34,857] INFO momentum.FeatureEngineering.feature_storage: [Layer B Sanitize][CGSA] nulled 449800 non-finite/over-cap values (finite_cap=1e+18) across all streamed features
2026-10-02 09:33:34,857 - momentum.FeatureEngineering.feature_storage - INFO - [Layer B Sanitize][CGSA] nulled 449800 non-finite/over-cap values (finite_cap=1e+18) across all streamed features
[2026-10-02 09:33:35,369] INFO momentum.FeatureEngineering.feature_storage: [L7_raw] registry stream persist done: symbol=BTCUSDT tf=1h groups=248 features=37709 npy_freed=1.06 GiB dtype=mixed
2026-10-02 09:33:35,369 - momentum.FeatureEngineering.feature_storage - INFO - [L7_raw] registry stream persist done: symbol=BTCUSDT tf=1h groups=248 features=37709 npy_freed=1.06 GiB dtype=mixed
2026-10-02 09:33:35,611 - momentum.FeatureEngineering.atomic.parameter_generator - WARNING - STOCH combo [5, 3, 3] is missing 2 parameter(s); using defaults slowk=3 slowd=3 slowk_matype=0 slowd_matype=0
2026-10-02 09:33:35,611 - momentum.FeatureEngineering.atomic.parameter_generator - WARNING - STOCH combo [8, 3, 3] is missing 2 parameter(s); using defaults slowk=3 slowd=3 slowk_matype=0 slowd_matype=0
2026-10-02 09:33:35,611 - momentum.FeatureEngineering.atomic.parameter_generator - WARNING - STOCH combo [13, 3, 3] is missing 2 parameter(s); using defaults slowk=3 slowd=3 slowk_matype=0 slowd_matype=0
2026-10-02 09:33:35,611 - momentum.FeatureEngineering.atomic.parameter_generator - WARNING - STOCH combo [13, 5, 3] is missing 2 parameter(s); using defaults slowk=5 slowd=3 slowk_matype=0 slowd_matype=0
2026-10-02 09:33:35,611 - momentum.FeatureEngineering.atomic.parameter_generator - WARNING - STOCH combo [21, 3, 3] is missing 2 parameter(s); using defaults slowk=3 slowd=3 slowk_matype=0 slowd_matype=0
2026-10-02 09:33:35,611 - momentum.FeatureEngineering.atomic.parameter_generator - WARNING - STOCH combo [21, 5, 3] is missing 2 parameter(s); using defaults slowk=5 slowd=3 slowk_matype=0 slowd_matype=0
2026-10-02 09:33:35,611 - momentum.FeatureEngineering.atomic.parameter_generator - WARNING - STOCH combo [21, 5, 5] is missing 2 parameter(s); using defaults slowk=5 slowd=5 slowk_matype=0 slowd_matype=0
2026-10-02 09:33:35,611 - momentum.FeatureEngineering.atomic.parameter_generator - WARNING - STOCH combo [34, 5, 3] is missing 2 parameter(s); using defaults slowk=5 slowd=3 slowk_matype=0 slowd_matype=0
2026-10-02 09:33:35,611 - momentum.FeatureEngineering.atomic.parameter_generator - WARNING - STOCH combo [34, 5, 5] is missing 2 parameter(s); using defaults slowk=5 slowd=5 slowk_matype=0 slowd_matype=0
2026-10-02 09:33:35,611 - momentum.FeatureEngineering.atomic.parameter_generator - WARNING - STOCH combo [55, 5, 5] is missing 2 parameter(s); using defaults slowk=5 slowd=5 slowk_matype=0 slowd_matype=0
2026-10-02 09:33:35,611 - momentum.FeatureEngineering.atomic.parameter_generator - WARNING - STOCH combo [55, 8, 5] is missing 2 parameter(s); using defaults slowk=8 slowd=5 slowk_matype=0 slowd_matype=0
2026-10-02 09:33:35,611 - momentum.FeatureEngineering.atomic.parameter_generator - WARNING - STOCH combo [89, 8, 5] is missing 2 parameter(s); using defaults slowk=8 slowd=5 slowk_matype=0 slowd_matype=0
2026-10-02 09:33:35,611 - momentum.FeatureEngineering.atomic.parameter_generator - WARNING - STOCHF combo [5, 3] is missing 1 parameter(s); using defaults fastd_period=3 fastd_matype=0
2026-10-02 09:33:35,611 - momentum.FeatureEngineering.atomic.parameter_generator - WARNING - STOCHF combo [8, 3] is missing 1 parameter(s); using defaults fastd_period=3 fastd_matype=0
2026-10-02 09:33:35,612 - momentum.FeatureEngineering.atomic.parameter_generator - WARNING - STOCHF combo [13, 3] is missing 1 parameter(s); using defaults fastd_period=3 fastd_matype=0
2026-10-02 09:33:35,612 - momentum.FeatureEngineering.atomic.parameter_generator - WARNING - STOCHF combo [21, 3] is missing 1 parameter(s); using defaults fastd_period=3 fastd_matype=0
2026-10-02 09:33:35,612 - momentum.FeatureEngineering.atomic.parameter_generator - WARNING - STOCHF combo [21, 5] is missing 1 parameter(s); using defaults fastd_period=5 fastd_matype=0
2026-10-02 09:33:35,612 - momentum.FeatureEngineering.atomic.parameter_generator - WARNING - STOCHF combo [34, 5] is missing 1 parameter(s); using defaults fastd_period=5 fastd_matype=0
2026-10-02 09:33:35,612 - momentum.FeatureEngineering.atomic.parameter_generator - WARNING - STOCHF combo [55, 5] is missing 1 parameter(s); using defaults fastd_period=5 fastd_matype=0
2026-10-02 09:33:35,612 - momentum.FeatureEngineering.atomic.parameter_generator - WARNING - STOCHF combo [89, 8] is missing 1 parameter(s); using defaults fastd_period=8 fastd_matype=0
2026-10-02 09:33:35,612 - momentum.FeatureEngineering.atomic.parameter_generator - WARNING - STOCHRSI combo [9, 5, 3] is missing 1 parameter(s); using defaults fastk_period=5 fastd_period=3 fastd_matype=0
2026-10-02 09:33:35,612 - momentum.FeatureEngineering.atomic.parameter_generator - WARNING - STOCHRSI combo [14, 5, 3] is missing 1 parameter(s); using defaults fastk_period=5 fastd_period=3 fastd_matype=0
2026-10-02 09:33:35,612 - momentum.FeatureEngineering.atomic.parameter_generator - WARNING - STOCHRSI combo [14, 3, 3] is missing 1 parameter(s); using defaults fastk_period=3 fastd_period=3 fastd_matype=0
2026-10-02 09:33:35,612 - momentum.FeatureEngineering.atomic.parameter_generator - WARNING - STOCHRSI combo [21, 5, 3] is missing 1 parameter(s); using defaults fastk_period=5 fastd_period=3 fastd_matype=0
2026-10-02 09:33:35,612 - momentum.FeatureEngineering.atomic.parameter_generator - WARNING - STOCHRSI combo [21, 8, 5] is missing 1 parameter(s); using defaults fastk_period=8 fastd_period=5 fastd_matype=0
2026-10-02 09:33:35,612 - momentum.FeatureEngineering.atomic.parameter_generator - WARNING - STOCHRSI combo [34, 8, 5] is missing 1 parameter(s); using defaults fastk_period=8 fastd_period=5 fastd_matype=0
2026-10-02 09:33:35,612 - momentum.FeatureEngineering.atomic.parameter_generator - WARNING - STOCHRSI combo [55, 8, 5] is missing 1 parameter(s); using defaults fastk_period=8 fastd_period=5 fastd_matype=0
2026-10-02 09:33:35,619 - momentum.FeatureEngineering.atomic.parameter_generator - WARNING - STOCH combo [5, 3, 3] is missing 2 parameter(s); using defaults slowk=3 slowd=3 slowk_matype=0 slowd_matype=0
2026-10-02 09:33:35,619 - momentum.FeatureEngineering.atomic.parameter_generator - WARNING - STOCH combo [8, 3, 3] is missing 2 parameter(s); using defaults slowk=3 slowd=3 slowk_matype=0 slowd_matype=0
2026-10-02 09:33:35,619 - momentum.FeatureEngineering.atomic.parameter_generator - WARNING - STOCH combo [13, 3, 3] is missing 2 parameter(s); using defaults slowk=3 slowd=3 slowk_matype=0 slowd_matype=0
2026-10-02 09:33:35,619 - momentum.FeatureEngineering.atomic.parameter_generator - WARNING - STOCH combo [13, 5, 3] is missing 2 parameter(s); using defaults slowk=5 slowd=3 slowk_matype=0 slowd_matype=0
2026-10-02 09:33:35,619 - momentum.FeatureEngineering.atomic.parameter_generator - WARNING - STOCH combo [21, 3, 3] is missing 2 parameter(s); using defaults slowk=3 slowd=3 slowk_matype=0 slowd_matype=0
2026-10-02 09:33:35,619 - momentum.FeatureEngineering.atomic.parameter_generator - WARNING - STOCH combo [21, 5, 3] is missing 2 parameter(s); using defaults slowk=5 slowd=3 slowk_matype=0 slowd_matype=0
2026-10-02 09:33:35,619 - momentum.FeatureEngineering.atomic.parameter_generator - WARNING - STOCH combo [21, 5, 5] is missing 2 parameter(s); using defaults slowk=5 slowd=5 slowk_matype=0 slowd_matype=0
2026-10-02 09:33:35,619 - momentum.FeatureEngineering.atomic.parameter_generator - WARNING - STOCH combo [34, 5, 3] is missing 2 parameter(s); using defaults slowk=5 slowd=3 slowk_matype=0 slowd_matype=0
2026-10-02 09:33:35,619 - momentum.FeatureEngineering.atomic.parameter_generator - WARNING - STOCH combo [34, 5, 5] is missing 2 parameter(s); using defaults slowk=5 slowd=5 slowk_matype=0 slowd_matype=0
2026-10-02 09:33:35,619 - momentum.FeatureEngineering.atomic.parameter_generator - WARNING - STOCH combo [55, 5, 5] is missing 2 parameter(s); using defaults slowk=5 slowd=5 slowk_matype=0 slowd_matype=0
2026-10-02 09:33:35,619 - momentum.FeatureEngineering.atomic.parameter_generator - WARNING - STOCH combo [55, 8, 5] is missing 2 parameter(s); using defaults slowk=8 slowd=5 slowk_matype=0 slowd_matype=0
2026-10-02 09:33:35,619 - momentum.FeatureEngineering.atomic.parameter_generator - WARNING - STOCH combo [89, 8, 5] is missing 2 parameter(s); using defaults slowk=8 slowd=5 slowk_matype=0 slowd_matype=0
2026-10-02 09:33:35,620 - momentum.FeatureEngineering.atomic.parameter_generator - WARNING - STOCHF combo [5, 3] is missing 1 parameter(s); using defaults fastd_period=3 fastd_matype=0
2026-10-02 09:33:35,620 - momentum.FeatureEngineering.atomic.parameter_generator - WARNING - STOCHF combo [8, 3] is missing 1 parameter(s); using defaults fastd_period=3 fastd_matype=0
2026-10-02 09:33:35,620 - momentum.FeatureEngineering.atomic.parameter_generator - WARNING - STOCHF combo [13, 3] is missing 1 parameter(s); using defaults fastd_period=3 fastd_matype=0
2026-10-02 09:33:35,620 - momentum.FeatureEngineering.atomic.parameter_generator - WARNING - STOCHF combo [21, 3] is missing 1 parameter(s); using defaults fastd_period=3 fastd_matype=0
2026-10-02 09:33:35,620 - momentum.FeatureEngineering.atomic.parameter_generator - WARNING - STOCHF combo [21, 5] is missing 1 parameter(s); using defaults fastd_period=5 fastd_matype=0
2026-10-02 09:33:35,620 - momentum.FeatureEngineering.atomic.parameter_generator - WARNING - STOCHF combo [34, 5] is missing 1 parameter(s); using defaults fastd_period=5 fastd_matype=0
2026-10-02 09:33:35,620 - momentum.FeatureEngineering.atomic.parameter_generator - WARNING - STOCHF combo [55, 5] is missing 1 parameter(s); using defaults fastd_period=5 fastd_matype=0
2026-10-02 09:33:35,620 - momentum.FeatureEngineering.atomic.parameter_generator - WARNING - STOCHF combo [89, 8] is missing 1 parameter(s); using defaults fastd_period=8 fastd_matype=0
2026-10-02 09:33:35,620 - momentum.FeatureEngineering.atomic.parameter_generator - WARNING - STOCHRSI combo [9, 5, 3] is missing 1 parameter(s); using defaults fastk_period=5 fastd_period=3 fastd_matype=0
2026-10-02 09:33:35,620 - momentum.FeatureEngineering.atomic.parameter_generator - WARNING - STOCHRSI combo [14, 5, 3] is missing 1 parameter(s); using defaults fastk_period=5 fastd_period=3 fastd_matype=0
2026-10-02 09:33:35,620 - momentum.FeatureEngineering.atomic.parameter_generator - WARNING - STOCHRSI combo [14, 3, 3] is missing 1 parameter(s); using defaults fastk_period=3 fastd_period=3 fastd_matype=0
2026-10-02 09:33:35,620 - momentum.FeatureEngineering.atomic.parameter_generator - WARNING - STOCHRSI combo [21, 5, 3] is missing 1 parameter(s); using defaults fastk_period=5 fastd_period=3 fastd_matype=0
2026-10-02 09:33:35,620 - momentum.FeatureEngineering.atomic.parameter_generator - WARNING - STOCHRSI combo [21, 8, 5] is missing 1 parameter(s); using defaults fastk_period=8 fastd_period=5 fastd_matype=0
2026-10-02 09:33:35,620 - momentum.FeatureEngineering.atomic.parameter_generator - WARNING - STOCHRSI combo [34, 8, 5] is missing 1 parameter(s); using defaults fastk_period=8 fastd_period=5 fastd_matype=0
2026-10-02 09:33:35,620 - momentum.FeatureEngineering.atomic.parameter_generator - WARNING - STOCHRSI combo [55, 8, 5] is missing 1 parameter(s); using defaults fastk_period=8 fastd_period=5 fastd_matype=0
[2026-10-02 09:33:35,620] INFO momentum.FeatureEngineering.adapters.crypto_spot_adapter: Fetching spot data: BTCUSDT/1h
2026-10-02 09:33:35,620 - momentum.FeatureEngineering.adapters.crypto_spot_adapter - INFO - Fetching spot data: BTCUSDT/1h
2026-10-02 09:33:35,628 - momentum.DataExtraction.kline_storage - INFO - Read 20352 klines from BTCUSDT/1h in 0.007s
[2026-10-02 09:33:35,632] INFO momentum.FeatureEngineering.adapters.adapter_registry: Aligned data for BTCUSDT/1h: 20352 rows, 5 columns
2026-10-02 09:33:35,632 - momentum.FeatureEngineering.adapters.adapter_registry - INFO - Aligned data for BTCUSDT/1h: 20352 rows, 5 columns
[2026-10-02 09:33:35,642] INFO momentum.FeatureEngineering.feature_registry: Loaded feature registry with 1 entries
2026-10-02 09:33:35,642 - momentum.FeatureEngineering.feature_registry - INFO - Loaded feature registry with 1 entries
[2026-10-02 09:33:35,643] INFO momentum.FeatureEngineering.feature_factory: [Layer 1] 0% - Starting Layer 1...
2026-10-02 09:33:35,643 - momentum.FeatureEngineering.feature_factory - INFO - [Layer 1] 0% - Starting Layer 1...
[2026-10-02 09:33:35,643] INFO momentum.FeatureEngineering.feature_factory: Layer 1 starting, rss=1258MB
2026-10-02 09:33:35,643 - momentum.FeatureEngineering.feature_factory - INFO - Layer 1 starting, rss=1258MB
2026-10-02 09:33:35,808 - momentum.FeatureEngineering.atomic.parameter_generator - WARNING - STOCH combo [5, 3, 3] is missing 2 parameter(s); using defaults slowk=3 slowd=3 slowk_matype=0 slowd_matype=0
2026-10-02 09:33:35,808 - momentum.FeatureEngineering.atomic.parameter_generator - WARNING - STOCH combo [8, 3, 3] is missing 2 parameter(s); using defaults slowk=3 slowd=3 slowk_matype=0 slowd_matype=0
2026-10-02 09:33:35,808 - momentum.FeatureEngineering.atomic.parameter_generator - WARNING - STOCH combo [13, 3, 3] is missing 2 parameter(s); using defaults slowk=3 slowd=3 slowk_matype=0 slowd_matype=0
2026-10-02 09:33:35,808 - momentum.FeatureEngineering.atomic.parameter_generator - WARNING - STOCH combo [13, 5, 3] is missing 2 parameter(s); using defaults slowk=5 slowd=3 slowk_matype=0 slowd_matype=0
2026-10-02 09:33:35,808 - momentum.FeatureEngineering.atomic.parameter_generator - WARNING - STOCH combo [21, 3, 3] is missing 2 parameter(s); using defaults slowk=3 slowd=3 slowk_matype=0 slowd_matype=0
2026-10-02 09:33:35,808 - momentum.FeatureEngineering.atomic.parameter_generator - WARNING - STOCH combo [21, 5, 3] is missing 2 parameter(s); using defaults slowk=5 slowd=3 slowk_matype=0 slowd_matype=0
2026-10-02 09:33:35,808 - momentum.FeatureEngineering.atomic.parameter_generator - WARNING - STOCH combo [21, 5, 5] is missing 2 parameter(s); using defaults slowk=5 slowd=5 slowk_matype=0 slowd_matype=0
2026-10-02 09:33:35,808 - momentum.FeatureEngineering.atomic.parameter_generator - WARNING - STOCH combo [34, 5, 3] is missing 2 parameter(s); using defaults slowk=5 slowd=3 slowk_matype=0 slowd_matype=0
2026-10-02 09:33:35,808 - momentum.FeatureEngineering.atomic.parameter_generator - WARNING - STOCH combo [34, 5, 5] is missing 2 parameter(s); using defaults slowk=5 slowd=5 slowk_matype=0 slowd_matype=0
2026-10-02 09:33:35,808 - momentum.FeatureEngineering.atomic.parameter_generator - WARNING - STOCH combo [55, 5, 5] is missing 2 parameter(s); using defaults slowk=5 slowd=5 slowk_matype=0 slowd_matype=0
2026-10-02 09:33:35,808 - momentum.FeatureEngineering.atomic.parameter_generator - WARNING - STOCH combo [55, 8, 5] is missing 2 parameter(s); using defaults slowk=8 slowd=5 slowk_matype=0 slowd_matype=0
2026-10-02 09:33:35,808 - momentum.FeatureEngineering.atomic.parameter_generator - WARNING - STOCH combo [89, 8, 5] is missing 2 parameter(s); using defaults slowk=8 slowd=5 slowk_matype=0 slowd_matype=0
2026-10-02 09:33:35,813 - momentum.FeatureEngineering.atomic.parameter_generator - WARNING - STOCHF combo [5, 3] is missing 1 parameter(s); using defaults fastd_period=3 fastd_matype=0
2026-10-02 09:33:35,813 - momentum.FeatureEngineering.atomic.parameter_generator - WARNING - STOCHF combo [8, 3] is missing 1 parameter(s); using defaults fastd_period=3 fastd_matype=0
2026-10-02 09:33:35,813 - momentum.FeatureEngineering.atomic.parameter_generator - WARNING - STOCHF combo [13, 3] is missing 1 parameter(s); using defaults fastd_period=3 fastd_matype=0
2026-10-02 09:33:35,813 - momentum.FeatureEngineering.atomic.parameter_generator - WARNING - STOCHF combo [21, 3] is missing 1 parameter(s); using defaults fastd_period=3 fastd_matype=0
2026-10-02 09:33:35,813 - momentum.FeatureEngineering.atomic.parameter_generator - WARNING - STOCHF combo [21, 5] is missing 1 parameter(s); using defaults fastd_period=5 fastd_matype=0
2026-10-02 09:33:35,813 - momentum.FeatureEngineering.atomic.parameter_generator - WARNING - STOCHF combo [34, 5] is missing 1 parameter(s); using defaults fastd_period=5 fastd_matype=0
2026-10-02 09:33:35,813 - momentum.FeatureEngineering.atomic.parameter_generator - WARNING - STOCHF combo [55, 5] is missing 1 parameter(s); using defaults fastd_period=5 fastd_matype=0
2026-10-02 09:33:35,813 - momentum.FeatureEngineering.atomic.parameter_generator - WARNING - STOCHF combo [89, 8] is missing 1 parameter(s); using defaults fastd_period=8 fastd_matype=0
2026-10-02 09:33:35,816 - momentum.FeatureEngineering.atomic.parameter_generator - WARNING - STOCHRSI combo [9, 5, 3] is missing 1 parameter(s); using defaults fastk_period=5 fastd_period=3 fastd_matype=0
2026-10-02 09:33:35,816 - momentum.FeatureEngineering.atomic.parameter_generator - WARNING - STOCHRSI combo [14, 5, 3] is missing 1 parameter(s); using defaults fastk_period=5 fastd_period=3 fastd_matype=0
2026-10-02 09:33:35,816 - momentum.FeatureEngineering.atomic.parameter_generator - WARNING - STOCHRSI combo [14, 3, 3] is missing 1 parameter(s); using defaults fastk_period=3 fastd_period=3 fastd_matype=0
2026-10-02 09:33:35,816 - momentum.FeatureEngineering.atomic.parameter_generator - WARNING - STOCHRSI combo [21, 5, 3] is missing 1 parameter(s); using defaults fastk_period=5 fastd_period=3 fastd_matype=0
2026-10-02 09:33:35,816 - momentum.FeatureEngineering.atomic.parameter_generator - WARNING - STOCHRSI combo [21, 8, 5] is missing 1 parameter(s); using defaults fastk_period=8 fastd_period=5 fastd_matype=0
2026-10-02 09:33:35,816 - momentum.FeatureEngineering.atomic.parameter_generator - WARNING - STOCHRSI combo [34, 8, 5] is missing 1 parameter(s); using defaults fastk_period=8 fastd_period=5 fastd_matype=0
2026-10-02 09:33:35,816 - momentum.FeatureEngineering.atomic.parameter_generator - WARNING - STOCHRSI combo [55, 8, 5] is missing 1 parameter(s); using defaults fastk_period=8 fastd_period=5 fastd_matype=0
[2026-10-02 09:33:35,889] INFO momentum.FeatureEngineering.feature_factory: [Layer 1] 100% - Layer 1 completed: 898 features
2026-10-02 09:33:35,889 - momentum.FeatureEngineering.feature_factory - INFO - [Layer 1] 100% - Layer 1 completed: 898 features
[2026-10-02 09:33:35,889] INFO momentum.FeatureEngineering.feature_factory: Layer 1 done: 898 cols, status=ok, rss=1327MB
2026-10-02 09:33:35,889 - momentum.FeatureEngineering.feature_factory - INFO - Layer 1 done: 898 cols, status=ok, rss=1327MB
[2026-10-02 09:33:35,889] INFO momentum.FeatureEngineering.feature_factory: [Layer 2] 0% - Starting Layer 2...
2026-10-02 09:33:35,889 - momentum.FeatureEngineering.feature_factory - INFO - [Layer 2] 0% - Starting Layer 2...
[2026-10-02 09:33:35,889] INFO momentum.FeatureEngineering.feature_factory: Layer 2 starting, rss=1327MB
2026-10-02 09:33:35,889 - momentum.FeatureEngineering.feature_factory - INFO - Layer 2 starting, rss=1327MB
[2026-10-02 09:33:35,890] INFO momentum.FeatureEngineering.feature_factory: [L2] Starting derived features: 898 L1 cols
2026-10-02 09:33:35,890 - momentum.FeatureEngineering.feature_factory - INFO - [L2] Starting derived features: 898 L1 cols
2026-10-02 09:33:35,893 - momentum.FeatureEngineering.atomic.parameter_generator - WARNING - STOCH combo [5, 3, 3] is missing 2 parameter(s); using defaults slowk=3 slowd=3 slowk_matype=0 slowd_matype=0
2026-10-02 09:33:35,893 - momentum.FeatureEngineering.atomic.parameter_generator - WARNING - STOCH combo [8, 3, 3] is missing 2 parameter(s); using defaults slowk=3 slowd=3 slowk_matype=0 slowd_matype=0
2026-10-02 09:33:35,893 - momentum.FeatureEngineering.atomic.parameter_generator - WARNING - STOCH combo [13, 3, 3] is missing 2 parameter(s); using defaults slowk=3 slowd=3 slowk_matype=0 slowd_matype=0
2026-10-02 09:33:35,893 - momentum.FeatureEngineering.atomic.parameter_generator - WARNING - STOCH combo [13, 5, 3] is missing 2 parameter(s); using defaults slowk=5 slowd=3 slowk_matype=0 slowd_matype=0
2026-10-02 09:33:35,893 - momentum.FeatureEngineering.atomic.parameter_generator - WARNING - STOCH combo [21, 3, 3] is missing 2 parameter(s); using defaults slowk=3 slowd=3 slowk_matype=0 slowd_matype=0
2026-10-02 09:33:35,893 - momentum.FeatureEngineering.atomic.parameter_generator - WARNING - STOCH combo [21, 5, 3] is missing 2 parameter(s); using defaults slowk=5 slowd=3 slowk_matype=0 slowd_matype=0
2026-10-02 09:33:35,893 - momentum.FeatureEngineering.atomic.parameter_generator - WARNING - STOCH combo [21, 5, 5] is missing 2 parameter(s); using defaults slowk=5 slowd=5 slowk_matype=0 slowd_matype=0
2026-10-02 09:33:35,894 - momentum.FeatureEngineering.atomic.parameter_generator - WARNING - STOCH combo [34, 5, 3] is missing 2 parameter(s); using defaults slowk=5 slowd=3 slowk_matype=0 slowd_matype=0
2026-10-02 09:33:35,894 - momentum.FeatureEngineering.atomic.parameter_generator - WARNING - STOCH combo [34, 5, 5] is missing 2 parameter(s); using defaults slowk=5 slowd=5 slowk_matype=0 slowd_matype=0
2026-10-02 09:33:35,894 - momentum.FeatureEngineering.atomic.parameter_generator - WARNING - STOCH combo [55, 5, 5] is missing 2 parameter(s); using defaults slowk=5 slowd=5 slowk_matype=0 slowd_matype=0
2026-10-02 09:33:35,894 - momentum.FeatureEngineering.atomic.parameter_generator - WARNING - STOCH combo [55, 8, 5] is missing 2 parameter(s); using defaults slowk=8 slowd=5 slowk_matype=0 slowd_matype=0
2026-10-02 09:33:35,894 - momentum.FeatureEngineering.atomic.parameter_generator - WARNING - STOCH combo [89, 8, 5] is missing 2 parameter(s); using defaults slowk=8 slowd=5 slowk_matype=0 slowd_matype=0
2026-10-02 09:33:35,894 - momentum.FeatureEngineering.atomic.parameter_generator - WARNING - STOCHF combo [5, 3] is missing 1 parameter(s); using defaults fastd_period=3 fastd_matype=0
2026-10-02 09:33:35,894 - momentum.FeatureEngineering.atomic.parameter_generator - WARNING - STOCHF combo [8, 3] is missing 1 parameter(s); using defaults fastd_period=3 fastd_matype=0
2026-10-02 09:33:35,894 - momentum.FeatureEngineering.atomic.parameter_generator - WARNING - STOCHF combo [13, 3] is missing 1 parameter(s); using defaults fastd_period=3 fastd_matype=0
2026-10-02 09:33:35,894 - momentum.FeatureEngineering.atomic.parameter_generator - WARNING - STOCHF combo [21, 3] is missing 1 parameter(s); using defaults fastd_period=3 fastd_matype=0
2026-10-02 09:33:35,894 - momentum.FeatureEngineering.atomic.parameter_generator - WARNING - STOCHF combo [21, 5] is missing 1 parameter(s); using defaults fastd_period=5 fastd_matype=0
2026-10-02 09:33:35,894 - momentum.FeatureEngineering.atomic.parameter_generator - WARNING - STOCHF combo [34, 5] is missing 1 parameter(s); using defaults fastd_period=5 fastd_matype=0
2026-10-02 09:33:35,894 - momentum.FeatureEngineering.atomic.parameter_generator - WARNING - STOCHF combo [55, 5] is missing 1 parameter(s); using defaults fastd_period=5 fastd_matype=0
2026-10-02 09:33:35,894 - momentum.FeatureEngineering.atomic.parameter_generator - WARNING - STOCHF combo [89, 8] is missing 1 parameter(s); using defaults fastd_period=8 fastd_matype=0
2026-10-02 09:33:35,894 - momentum.FeatureEngineering.atomic.parameter_generator - WARNING - STOCHRSI combo [9, 5, 3] is missing 1 parameter(s); using defaults fastk_period=5 fastd_period=3 fastd_matype=0
2026-10-02 09:33:35,894 - momentum.FeatureEngineering.atomic.parameter_generator - WARNING - STOCHRSI combo [14, 5, 3] is missing 1 parameter(s); using defaults fastk_period=5 fastd_period=3 fastd_matype=0
2026-10-02 09:33:35,894 - momentum.FeatureEngineering.atomic.parameter_generator - WARNING - STOCHRSI combo [14, 3, 3] is missing 1 parameter(s); using defaults fastk_period=3 fastd_period=3 fastd_matype=0
2026-10-02 09:33:35,894 - momentum.FeatureEngineering.atomic.parameter_generator - WARNING - STOCHRSI combo [21, 5, 3] is missing 1 parameter(s); using defaults fastk_period=5 fastd_period=3 fastd_matype=0
2026-10-02 09:33:35,894 - momentum.FeatureEngineering.atomic.parameter_generator - WARNING - STOCHRSI combo [21, 8, 5] is missing 1 parameter(s); using defaults fastk_period=8 fastd_period=5 fastd_matype=0
2026-10-02 09:33:35,895 - momentum.FeatureEngineering.atomic.parameter_generator - WARNING - STOCHRSI combo [34, 8, 5] is missing 1 parameter(s); using defaults fastk_period=8 fastd_period=5 fastd_matype=0
2026-10-02 09:33:35,895 - momentum.FeatureEngineering.atomic.parameter_generator - WARNING - STOCHRSI combo [55, 8, 5] is missing 1 parameter(s); using defaults fastk_period=8 fastd_period=5 fastd_matype=0
[2026-10-02 09:33:39,895] INFO momentum.FeatureEngineering.feature_factory: [L2] Completed: 11621 cols in 4.00s
2026-10-02 09:33:39,895 - momentum.FeatureEngineering.feature_factory - INFO - [L2] Completed: 11621 cols in 4.00s
[2026-10-02 09:33:40,793] INFO momentum.FeatureEngineering.feature_factory: [Layer 2] 100% - Layer 2 completed: 11621 features
2026-10-02 09:33:40,793 - momentum.FeatureEngineering.feature_factory - INFO - [Layer 2] 100% - Layer 2 completed: 11621 features
[2026-10-02 09:33:40,794] INFO momentum.FeatureEngineering.feature_factory: Layer 2 done: 11621 cols, status=ok, rss=1946MB
2026-10-02 09:33:40,794 - momentum.FeatureEngineering.feature_factory - INFO - Layer 2 done: 11621 cols, status=ok, rss=1946MB
[2026-10-02 09:33:40,798] INFO momentum.FeatureEngineering.feature_factory: [Layer 3] 0% - Starting Layer 3...
2026-10-02 09:33:40,798 - momentum.FeatureEngineering.feature_factory - INFO - [Layer 3] 0% - Starting Layer 3...
[2026-10-02 09:33:40,798] INFO momentum.FeatureEngineering.feature_factory: Layer 3 starting, rss=1946MB
2026-10-02 09:33:40,798 - momentum.FeatureEngineering.feature_factory - INFO - Layer 3 starting, rss=1946MB
[2026-10-02 09:33:43,028] INFO momentum.FeatureEngineering.operators.rolling_aggregator: [L3 streaming][numba][multi] step 10/20 (W5_range): 898→898 cols (-0 dead)
2026-10-02 09:33:43,028 - momentum.FeatureEngineering.operators.rolling_aggregator - INFO - [L3 streaming][numba][multi] step 10/20 (W5_range): 898→898 cols (-0 dead)
[2026-10-02 09:33:43,124] INFO momentum.FeatureEngineering.operators.rolling_aggregator: [L3 streaming][numba][multi] step 20/20 (W13_range): 898→898 cols (-0 dead)
2026-10-02 09:33:43,124 - momentum.FeatureEngineering.operators.rolling_aggregator - INFO - [L3 streaming][numba][multi] step 20/20 (W13_range): 898→898 cols (-0 dead)
[2026-10-02 09:33:43,133] INFO momentum.FeatureEngineering.operators.rolling_aggregator: [L3 streaming][numba][multi] complete: 17960 total generated, 0 dead dropped, 17960 survivors
2026-10-02 09:33:43,133 - momentum.FeatureEngineering.operators.rolling_aggregator - INFO - [L3 streaming][numba][multi] complete: 17960 total generated, 0 dead dropped, 17960 survivors
[2026-10-02 09:33:43,906] INFO momentum.FeatureEngineering.feature_factory: [Layer 3] 100% - Layer 3 completed: 17960 features
2026-10-02 09:33:43,906 - momentum.FeatureEngineering.feature_factory - INFO - [Layer 3] 100% - Layer 3 completed: 17960 features
[2026-10-02 09:33:43,906] INFO momentum.FeatureEngineering.feature_factory: Layer 3 done: 17960 cols, status=ok, rss=2511MB
2026-10-02 09:33:43,906 - momentum.FeatureEngineering.feature_factory - INFO - Layer 3 done: 17960 cols, status=ok, rss=2511MB
[2026-10-02 09:33:43,907] INFO momentum.FeatureEngineering.feature_factory: [Layer 4] 0% - Starting Layer 4...
2026-10-02 09:33:43,907 - momentum.FeatureEngineering.feature_factory - INFO - [Layer 4] 0% - Starting Layer 4...
[2026-10-02 09:33:43,907] INFO momentum.FeatureEngineering.feature_factory: Layer 4 starting, rss=2511MB
2026-10-02 09:33:43,907 - momentum.FeatureEngineering.feature_factory - INFO - Layer 4 starting, rss=2511MB
[2026-10-02 09:33:44,462] INFO momentum.FeatureEngineering.feature_factory: [Layer 4] 100% - Layer 4 completed: 7224 features
2026-10-02 09:33:44,462 - momentum.FeatureEngineering.feature_factory - INFO - [Layer 4] 100% - Layer 4 completed: 7224 features
[2026-10-02 09:33:44,462] INFO momentum.FeatureEngineering.feature_factory: Layer 4 done: 7224 cols, status=ok, rss=1581MB
2026-10-02 09:33:44,462 - momentum.FeatureEngineering.feature_factory - INFO - Layer 4 done: 7224 cols, status=ok, rss=1581MB
[2026-10-02 09:33:44,462] INFO momentum.FeatureEngineering.feature_factory: [Layer 5] 0% - Starting Layer 5...
2026-10-02 09:33:44,462 - momentum.FeatureEngineering.feature_factory - INFO - [Layer 5] 0% - Starting Layer 5...
[2026-10-02 09:33:44,462] INFO momentum.FeatureEngineering.feature_factory: Layer 5 starting, rss=1581MB
2026-10-02 09:33:44,462 - momentum.FeatureEngineering.feature_factory - INFO - Layer 5 starting, rss=1581MB
[2026-10-02 09:33:44,463] INFO momentum.FeatureEngineering.feature_factory: [Layer 5] 100% - Layer 5 completed: 0 features
2026-10-02 09:33:44,463 - momentum.FeatureEngineering.feature_factory - INFO - [Layer 5] 100% - Layer 5 completed: 0 features
[2026-10-02 09:33:44,463] INFO momentum.FeatureEngineering.feature_factory: Layer 5 done: 0 cols, status=empty_disabled, rss=1581MB
2026-10-02 09:33:44,463 - momentum.FeatureEngineering.feature_factory - INFO - Layer 5 done: 0 cols, status=empty_disabled, rss=1581MB
[2026-10-02 09:33:44,463] INFO momentum.FeatureEngineering.feature_factory: [Layer 6] 0% - Starting Layer 6...
2026-10-02 09:33:44,463 - momentum.FeatureEngineering.feature_factory - INFO - [Layer 6] 0% - Starting Layer 6...
[2026-10-02 09:33:44,463] INFO momentum.FeatureEngineering.feature_factory: Layer 6 starting, rss=1581MB
2026-10-02 09:33:44,463 - momentum.FeatureEngineering.feature_factory - INFO - Layer 6 starting, rss=1581MB
[2026-10-02 09:33:44,473] INFO momentum.FeatureEngineering.feature_factory: [Layer 6] 100% - Layer 6 completed: 10 features
2026-10-02 09:33:44,473 - momentum.FeatureEngineering.feature_factory - INFO - [Layer 6] 100% - Layer 6 completed: 10 features
[2026-10-02 09:33:44,473] INFO momentum.FeatureEngineering.feature_factory: Layer 6 done: 10 cols, status=ok, rss=1582MB
2026-10-02 09:33:44,473 - momentum.FeatureEngineering.feature_factory - INFO - Layer 6 done: 10 cols, status=ok, rss=1582MB
[2026-10-02 09:33:44,473] INFO momentum.FeatureEngineering.memmap_utils: [memmap concat] 5 DFs → 37713 cols × 4811 rows ≈ 0.73 GB → disk-backed
2026-10-02 09:33:44,473 - momentum.FeatureEngineering.memmap_utils - INFO - [memmap concat] 5 DFs → 37713 cols × 4811 rows ≈ 0.73 GB → disk-backed
[2026-10-02 09:33:44,479] INFO momentum.FeatureEngineering.memmap_utils: [memmap] created: shape=(4811, 37713), dtype=<class 'numpy.float32'>, est=0.73 GB  (file auto-unlinked)
2026-10-02 09:33:44,479 - momentum.FeatureEngineering.memmap_utils - INFO - [memmap] created: shape=(4811, 37713), dtype=<class 'numpy.float32'>, est=0.73 GB  (file auto-unlinked)
[2026-10-02 09:33:44,479] INFO momentum.FeatureEngineering.memmap_utils: [memmap concat] copying DF 1/5 (898 cols)
2026-10-02 09:33:44,479 - momentum.FeatureEngineering.memmap_utils - INFO - [memmap concat] copying DF 1/5 (898 cols)
[2026-10-02 09:33:44,770] INFO momentum.FeatureEngineering.memmap_utils: [memmap concat] copying DF 2/5 (11621 cols)
2026-10-02 09:33:44,770 - momentum.FeatureEngineering.memmap_utils - INFO - [memmap concat] copying DF 2/5 (11621 cols)
[2026-10-02 09:33:45,363] INFO momentum.FeatureEngineering.memmap_utils: [memmap concat] copying DF 3/5 (17960 cols)
2026-10-02 09:33:45,363 - momentum.FeatureEngineering.memmap_utils - INFO - [memmap concat] copying DF 3/5 (17960 cols)
[2026-10-02 09:33:46,204] INFO momentum.FeatureEngineering.memmap_utils: [memmap concat] copying DF 4/5 (7224 cols)
2026-10-02 09:33:46,204 - momentum.FeatureEngineering.memmap_utils - INFO - [memmap concat] copying DF 4/5 (7224 cols)
[2026-10-02 09:33:46,574] INFO momentum.FeatureEngineering.memmap_utils: [memmap concat] copying DF 5/5 (10 cols)
2026-10-02 09:33:46,574 - momentum.FeatureEngineering.memmap_utils - INFO - [memmap concat] copying DF 5/5 (10 cols)
[2026-10-02 09:35:14,325] INFO momentum.FeatureEngineering.feature_factory: [CGSA] Initialized ColumnGroupRegistry at /private/var/folders/_c/3xdf41hd3tvgxpx63mrml2c00000gn/T/pytest-of-louis/pytest-9/test_small_mutation_numba_roll0/cgsa_work (tier=8gb, buffer_groups=0)
2026-10-02 09:35:14,325 - momentum.FeatureEngineering.feature_factory - INFO - [CGSA] Initialized ColumnGroupRegistry at /private/var/folders/_c/3xdf41hd3tvgxpx63mrml2c00000gn/T/pytest-of-louis/pytest-9/test_small_mutation_numba_roll0/cgsa_work (tier=8gb, buffer_groups=0)
[2026-10-02 09:35:14,346] INFO momentum.FeatureEngineering.adapters.crypto_spot_adapter: Fetching spot data: BTCUSDT/1h
2026-10-02 09:35:14,346 - momentum.FeatureEngineering.adapters.crypto_spot_adapter - INFO - Fetching spot data: BTCUSDT/1h
2026-10-02 09:35:14,431 - momentum.DataExtraction.kline_storage - INFO - Read 20352 klines from BTCUSDT/1h in 0.082s
[2026-10-02 09:35:14,454] INFO momentum.FeatureEngineering.adapters.adapter_registry: Aligned data for BTCUSDT/1h: 20352 rows, 5 columns
2026-10-02 09:35:14,454 - momentum.FeatureEngineering.adapters.adapter_registry - INFO - Aligned data for BTCUSDT/1h: 20352 rows, 5 columns
[2026-10-02 09:35:14,474] INFO momentum.FeatureEngineering.feature_factory: [Layer 1] 0% - Starting Layer 1...
2026-10-02 09:35:14,474 - momentum.FeatureEngineering.feature_factory - INFO - [Layer 1] 0% - Starting Layer 1...
[2026-10-02 09:35:14,475] INFO momentum.FeatureEngineering.feature_factory: Layer 1 starting, rss=2433MB
2026-10-02 09:35:14,475 - momentum.FeatureEngineering.feature_factory - INFO - Layer 1 starting, rss=2433MB
2026-10-02 09:35:14,816 - momentum.FeatureEngineering.atomic.parameter_generator - WARNING - STOCH combo [5, 3, 3] is missing 2 parameter(s); using defaults slowk=3 slowd=3 slowk_matype=0 slowd_matype=0
2026-10-02 09:35:14,816 - momentum.FeatureEngineering.atomic.parameter_generator - WARNING - STOCH combo [8, 3, 3] is missing 2 parameter(s); using defaults slowk=3 slowd=3 slowk_matype=0 slowd_matype=0
2026-10-02 09:35:14,816 - momentum.FeatureEngineering.atomic.parameter_generator - WARNING - STOCH combo [13, 3, 3] is missing 2 parameter(s); using defaults slowk=3 slowd=3 slowk_matype=0 slowd_matype=0
2026-10-02 09:35:14,816 - momentum.FeatureEngineering.atomic.parameter_generator - WARNING - STOCH combo [13, 5, 3] is missing 2 parameter(s); using defaults slowk=5 slowd=3 slowk_matype=0 slowd_matype=0
2026-10-02 09:35:14,816 - momentum.FeatureEngineering.atomic.parameter_generator - WARNING - STOCH combo [21, 3, 3] is missing 2 parameter(s); using defaults slowk=3 slowd=3 slowk_matype=0 slowd_matype=0
2026-10-02 09:35:14,816 - momentum.FeatureEngineering.atomic.parameter_generator - WARNING - STOCH combo [21, 5, 3] is missing 2 parameter(s); using defaults slowk=5 slowd=3 slowk_matype=0 slowd_matype=0
2026-10-02 09:35:14,816 - momentum.FeatureEngineering.atomic.parameter_generator - WARNING - STOCH combo [21, 5, 5] is missing 2 parameter(s); using defaults slowk=5 slowd=5 slowk_matype=0 slowd_matype=0
2026-10-02 09:35:14,816 - momentum.FeatureEngineering.atomic.parameter_generator - WARNING - STOCH combo [34, 5, 3] is missing 2 parameter(s); using defaults slowk=5 slowd=3 slowk_matype=0 slowd_matype=0
2026-10-02 09:35:14,816 - momentum.FeatureEngineering.atomic.parameter_generator - WARNING - STOCH combo [34, 5, 5] is missing 2 parameter(s); using defaults slowk=5 slowd=5 slowk_matype=0 slowd_matype=0
2026-10-02 09:35:14,816 - momentum.FeatureEngineering.atomic.parameter_generator - WARNING - STOCH combo [55, 5, 5] is missing 2 parameter(s); using defaults slowk=5 slowd=5 slowk_matype=0 slowd_matype=0
2026-10-02 09:35:14,816 - momentum.FeatureEngineering.atomic.parameter_generator - WARNING - STOCH combo [55, 8, 5] is missing 2 parameter(s); using defaults slowk=8 slowd=5 slowk_matype=0 slowd_matype=0
2026-10-02 09:35:14,816 - momentum.FeatureEngineering.atomic.parameter_generator - WARNING - STOCH combo [89, 8, 5] is missing 2 parameter(s); using defaults slowk=8 slowd=5 slowk_matype=0 slowd_matype=0
2026-10-02 09:35:14,822 - momentum.FeatureEngineering.atomic.parameter_generator - WARNING - STOCHF combo [5, 3] is missing 1 parameter(s); using defaults fastd_period=3 fastd_matype=0
2026-10-02 09:35:14,822 - momentum.FeatureEngineering.atomic.parameter_generator - WARNING - STOCHF combo [8, 3] is missing 1 parameter(s); using defaults fastd_period=3 fastd_matype=0
2026-10-02 09:35:14,822 - momentum.FeatureEngineering.atomic.parameter_generator - WARNING - STOCHF combo [13, 3] is missing 1 parameter(s); using defaults fastd_period=3 fastd_matype=0
2026-10-02 09:35:14,822 - momentum.FeatureEngineering.atomic.parameter_generator - WARNING - STOCHF combo [21, 3] is missing 1 parameter(s); using defaults fastd_period=3 fastd_matype=0
2026-10-02 09:35:14,822 - momentum.FeatureEngineering.atomic.parameter_generator - WARNING - STOCHF combo [21, 5] is missing 1 parameter(s); using defaults fastd_period=5 fastd_matype=0
2026-10-02 09:35:14,822 - momentum.FeatureEngineering.atomic.parameter_generator - WARNING - STOCHF combo [34, 5] is missing 1 parameter(s); using defaults fastd_period=5 fastd_matype=0
2026-10-02 09:35:14,822 - momentum.FeatureEngineering.atomic.parameter_generator - WARNING - STOCHF combo [55, 5] is missing 1 parameter(s); using defaults fastd_period=5 fastd_matype=0
2026-10-02 09:35:14,822 - momentum.FeatureEngineering.atomic.parameter_generator - WARNING - STOCHF combo [89, 8] is missing 1 parameter(s); using defaults fastd_period=8 fastd_matype=0
2026-10-02 09:35:14,826 - momentum.FeatureEngineering.atomic.parameter_generator - WARNING - STOCHRSI combo [9, 5, 3] is missing 1 parameter(s); using defaults fastk_period=5 fastd_period=3 fastd_matype=0
2026-10-02 09:35:14,826 - momentum.FeatureEngineering.atomic.parameter_generator - WARNING - STOCHRSI combo [14, 5, 3] is missing 1 parameter(s); using defaults fastk_period=5 fastd_period=3 fastd_matype=0
2026-10-02 09:35:14,826 - momentum.FeatureEngineering.atomic.parameter_generator - WARNING - STOCHRSI combo [14, 3, 3] is missing 1 parameter(s); using defaults fastk_period=3 fastd_period=3 fastd_matype=0
2026-10-02 09:35:14,826 - momentum.FeatureEngineering.atomic.parameter_generator - WARNING - STOCHRSI combo [21, 5, 3] is missing 1 parameter(s); using defaults fastk_period=5 fastd_period=3 fastd_matype=0
2026-10-02 09:35:14,826 - momentum.FeatureEngineering.atomic.parameter_generator - WARNING - STOCHRSI combo [21, 8, 5] is missing 1 parameter(s); using defaults fastk_period=8 fastd_period=5 fastd_matype=0
2026-10-02 09:35:14,826 - momentum.FeatureEngineering.atomic.parameter_generator - WARNING - STOCHRSI combo [34, 8, 5] is missing 1 parameter(s); using defaults fastk_period=8 fastd_period=5 fastd_matype=0
2026-10-02 09:35:14,826 - momentum.FeatureEngineering.atomic.parameter_generator - WARNING - STOCHRSI combo [55, 8, 5] is missing 1 parameter(s); using defaults fastk_period=8 fastd_period=5 fastd_matype=0
[2026-10-02 09:35:15,926] INFO momentum.FeatureEngineering.feature_factory: [Layer 1] 100% - Layer 1 completed: 898 features
2026-10-02 09:35:15,926 - momentum.FeatureEngineering.feature_factory - INFO - [Layer 1] 100% - Layer 1 completed: 898 features
[2026-10-02 09:35:15,926] INFO momentum.FeatureEngineering.feature_factory: Layer 1 done: 898 cols, status=ok, rss=1975MB
2026-10-02 09:35:15,926 - momentum.FeatureEngineering.feature_factory - INFO - Layer 1 done: 898 cols, status=ok, rss=1975MB
[2026-10-02 09:35:15,927] INFO momentum.FeatureEngineering.feature_factory: [Layer 2] 0% - Starting Layer 2...
2026-10-02 09:35:15,927 - momentum.FeatureEngineering.feature_factory - INFO - [Layer 2] 0% - Starting Layer 2...
[2026-10-02 09:35:15,927] INFO momentum.FeatureEngineering.feature_factory: Layer 2 starting, rss=1973MB
2026-10-02 09:35:15,927 - momentum.FeatureEngineering.feature_factory - INFO - Layer 2 starting, rss=1973MB
[2026-10-02 09:35:15,927] INFO momentum.FeatureEngineering.feature_factory: [L2] Starting derived features: 898 L1 cols
2026-10-02 09:35:15,927 - momentum.FeatureEngineering.feature_factory - INFO - [L2] Starting derived features: 898 L1 cols
2026-10-02 09:35:15,934 - momentum.FeatureEngineering.atomic.parameter_generator - WARNING - STOCH combo [5, 3, 3] is missing 2 parameter(s); using defaults slowk=3 slowd=3 slowk_matype=0 slowd_matype=0
2026-10-02 09:35:15,934 - momentum.FeatureEngineering.atomic.parameter_generator - WARNING - STOCH combo [8, 3, 3] is missing 2 parameter(s); using defaults slowk=3 slowd=3 slowk_matype=0 slowd_matype=0
2026-10-02 09:35:15,934 - momentum.FeatureEngineering.atomic.parameter_generator - WARNING - STOCH combo [13, 3, 3] is missing 2 parameter(s); using defaults slowk=3 slowd=3 slowk_matype=0 slowd_matype=0
2026-10-02 09:35:15,934 - momentum.FeatureEngineering.atomic.parameter_generator - WARNING - STOCH combo [13, 5, 3] is missing 2 parameter(s); using defaults slowk=5 slowd=3 slowk_matype=0 slowd_matype=0
2026-10-02 09:35:15,934 - momentum.FeatureEngineering.atomic.parameter_generator - WARNING - STOCH combo [21, 3, 3] is missing 2 parameter(s); using defaults slowk=3 slowd=3 slowk_matype=0 slowd_matype=0
2026-10-02 09:35:15,934 - momentum.FeatureEngineering.atomic.parameter_generator - WARNING - STOCH combo [21, 5, 3] is missing 2 parameter(s); using defaults slowk=5 slowd=3 slowk_matype=0 slowd_matype=0
2026-10-02 09:35:15,934 - momentum.FeatureEngineering.atomic.parameter_generator - WARNING - STOCH combo [21, 5, 5] is missing 2 parameter(s); using defaults slowk=5 slowd=5 slowk_matype=0 slowd_matype=0
2026-10-02 09:35:15,934 - momentum.FeatureEngineering.atomic.parameter_generator - WARNING - STOCH combo [34, 5, 3] is missing 2 parameter(s); using defaults slowk=5 slowd=3 slowk_matype=0 slowd_matype=0
2026-10-02 09:35:15,934 - momentum.FeatureEngineering.atomic.parameter_generator - WARNING - STOCH combo [34, 5, 5] is missing 2 parameter(s); using defaults slowk=5 slowd=5 slowk_matype=0 slowd_matype=0
2026-10-02 09:35:15,934 - momentum.FeatureEngineering.atomic.parameter_generator - WARNING - STOCH combo [55, 5, 5] is missing 2 parameter(s); using defaults slowk=5 slowd=5 slowk_matype=0 slowd_matype=0
2026-10-02 09:35:15,935 - momentum.FeatureEngineering.atomic.parameter_generator - WARNING - STOCH combo [55, 8, 5] is missing 2 parameter(s); using defaults slowk=8 slowd=5 slowk_matype=0 slowd_matype=0
2026-10-02 09:35:15,935 - momentum.FeatureEngineering.atomic.parameter_generator - WARNING - STOCH combo [89, 8, 5] is missing 2 parameter(s); using defaults slowk=8 slowd=5 slowk_matype=0 slowd_matype=0
2026-10-02 09:35:15,935 - momentum.FeatureEngineering.atomic.parameter_generator - WARNING - STOCHF combo [5, 3] is missing 1 parameter(s); using defaults fastd_period=3 fastd_matype=0
2026-10-02 09:35:15,935 - momentum.FeatureEngineering.atomic.parameter_generator - WARNING - STOCHF combo [8, 3] is missing 1 parameter(s); using defaults fastd_period=3 fastd_matype=0
2026-10-02 09:35:15,935 - momentum.FeatureEngineering.atomic.parameter_generator - WARNING - STOCHF combo [13, 3] is missing 1 parameter(s); using defaults fastd_period=3 fastd_matype=0
2026-10-02 09:35:15,935 - momentum.FeatureEngineering.atomic.parameter_generator - WARNING - STOCHF combo [21, 3] is missing 1 parameter(s); using defaults fastd_period=3 fastd_matype=0
2026-10-02 09:35:15,935 - momentum.FeatureEngineering.atomic.parameter_generator - WARNING - STOCHF combo [21, 5] is missing 1 parameter(s); using defaults fastd_period=5 fastd_matype=0
2026-10-02 09:35:15,935 - momentum.FeatureEngineering.atomic.parameter_generator - WARNING - STOCHF combo [34, 5] is missing 1 parameter(s); using defaults fastd_period=5 fastd_matype=0
2026-10-02 09:35:15,935 - momentum.FeatureEngineering.atomic.parameter_generator - WARNING - STOCHF combo [55, 5] is missing 1 parameter(s); using defaults fastd_period=5 fastd_matype=0
2026-10-02 09:35:15,935 - momentum.FeatureEngineering.atomic.parameter_generator - WARNING - STOCHF combo [89, 8] is missing 1 parameter(s); using defaults fastd_period=8 fastd_matype=0
2026-10-02 09:35:15,935 - momentum.FeatureEngineering.atomic.parameter_generator - WARNING - STOCHRSI combo [9, 5, 3] is missing 1 parameter(s); using defaults fastk_period=5 fastd_period=3 fastd_matype=0
2026-10-02 09:35:15,935 - momentum.FeatureEngineering.atomic.parameter_generator - WARNING - STOCHRSI combo [14, 5, 3] is missing 1 parameter(s); using defaults fastk_period=5 fastd_period=3 fastd_matype=0
2026-10-02 09:35:15,935 - momentum.FeatureEngineering.atomic.parameter_generator - WARNING - STOCHRSI combo [14, 3, 3] is missing 1 parameter(s); using defaults fastk_period=3 fastd_period=3 fastd_matype=0
2026-10-02 09:35:15,935 - momentum.FeatureEngineering.atomic.parameter_generator - WARNING - STOCHRSI combo [21, 5, 3] is missing 1 parameter(s); using defaults fastk_period=5 fastd_period=3 fastd_matype=0
2026-10-02 09:35:15,935 - momentum.FeatureEngineering.atomic.parameter_generator - WARNING - STOCHRSI combo [21, 8, 5] is missing 1 parameter(s); using defaults fastk_period=8 fastd_period=5 fastd_matype=0
2026-10-02 09:35:15,935 - momentum.FeatureEngineering.atomic.parameter_generator - WARNING - STOCHRSI combo [34, 8, 5] is missing 1 parameter(s); using defaults fastk_period=8 fastd_period=5 fastd_matype=0
2026-10-02 09:35:15,936 - momentum.FeatureEngineering.atomic.parameter_generator - WARNING - STOCHRSI combo [55, 8, 5] is missing 1 parameter(s); using defaults fastk_period=8 fastd_period=5 fastd_matype=0
[2026-10-02 09:35:44,010] INFO momentum.FeatureEngineering.feature_factory: [CGSA] L2 persisted group=1h_L2_Momentum shards=3 total_bytes=257.1 MiB
2026-10-02 09:35:44,010 - momentum.FeatureEngineering.feature_factory - INFO - [CGSA] L2 persisted group=1h_L2_Momentum shards=3 total_bytes=257.1 MiB
[2026-10-02 09:35:44,058] INFO momentum.FeatureEngineering.feature_factory: [L2] Completed: 11621 cols in 28.13s
2026-10-02 09:35:44,058 - momentum.FeatureEngineering.feature_factory - INFO - [L2] Completed: 11621 cols in 28.13s
[2026-10-02 09:35:45,070] INFO momentum.FeatureEngineering.feature_factory: [Layer 2] 100% - Layer 2 completed: 11621 features
2026-10-02 09:35:45,070 - momentum.FeatureEngineering.feature_factory - INFO - [Layer 2] 100% - Layer 2 completed: 11621 features
[2026-10-02 09:35:45,070] INFO momentum.FeatureEngineering.feature_factory: Layer 2 done: 11621 cols, status=ok, rss=975MB
2026-10-02 09:35:45,070 - momentum.FeatureEngineering.feature_factory - INFO - Layer 2 done: 11621 cols, status=ok, rss=975MB
[2026-10-02 09:35:45,086] INFO momentum.FeatureEngineering.memmap_utils: [memmap] created: shape=(7504, 11621), dtype=<class 'numpy.float32'>, est=0.35 GB  (file auto-unlinked)
2026-10-02 09:35:45,086 - momentum.FeatureEngineering.memmap_utils - INFO - [memmap] created: shape=(7504, 11621), dtype=<class 'numpy.float32'>, est=0.35 GB  (file auto-unlinked)
[2026-10-02 09:35:45,620] INFO momentum.FeatureEngineering.feature_factory: [spill] layer2: 7504×11621 → float32 memmap in 0.5s (freed ~0.7 GB float64)
2026-10-02 09:35:45,620 - momentum.FeatureEngineering.feature_factory - INFO - [spill] layer2: 7504×11621 → float32 memmap in 0.5s (freed ~0.7 GB float64)
[2026-10-02 09:35:45,620] INFO momentum.FeatureEngineering.feature_factory: [Layer 3] 0% - Starting Layer 3...
2026-10-02 09:35:45,620 - momentum.FeatureEngineering.feature_factory - INFO - [Layer 3] 0% - Starting Layer 3...
[2026-10-02 09:35:45,620] INFO momentum.FeatureEngineering.feature_factory: Layer 3 starting, rss=1637MB
2026-10-02 09:35:45,620 - momentum.FeatureEngineering.feature_factory - INFO - Layer 3 starting, rss=1637MB
[2026-10-02 09:35:49,733] INFO momentum.FeatureEngineering.operators.rolling_aggregator: [L3 streaming][numba][multi][persist] step 10/20 (W5_range): 898→898 cols (-0 dead)
2026-10-02 09:35:49,733 - momentum.FeatureEngineering.operators.rolling_aggregator - INFO - [L3 streaming][numba][multi][persist] step 10/20 (W5_range): 898→898 cols (-0 dead)
[2026-10-02 09:35:49,733] INFO momentum.FeatureEngineering.operators.rolling_aggregator: [L3 streaming][numba][multi][persist] step 20/20 (W13_range): 898→898 cols (-0 dead)
2026-10-02 09:35:49,733 - momentum.FeatureEngineering.operators.rolling_aggregator - INFO - [L3 streaming][numba][multi][persist] step 20/20 (W13_range): 898→898 cols (-0 dead)
[2026-10-02 09:35:49,733] INFO momentum.FeatureEngineering.operators.rolling_aggregator: [L3 streaming][numba][multi][persist] complete: 17960 generated, 4 dropped, 17956 survivors persisted via callback
2026-10-02 09:35:49,733 - momentum.FeatureEngineering.operators.rolling_aggregator - INFO - [L3 streaming][numba][multi][persist] complete: 17960 generated, 4 dropped, 17956 survivors persisted via callback
[2026-10-02 09:35:52,022] INFO momentum.FeatureEngineering.feature_factory: [L3] streaming persist (mode=streaming) complete: 17956 cols persisted in 20 groups
2026-10-02 09:35:52,022 - momentum.FeatureEngineering.feature_factory - INFO - [L3] streaming persist (mode=streaming) complete: 17956 cols persisted in 20 groups
[2026-10-02 09:35:52,024] INFO momentum.FeatureEngineering.feature_factory: [Layer 3] 100% - Layer 3 completed: 0 features
2026-10-02 09:35:52,024 - momentum.FeatureEngineering.feature_factory - INFO - [Layer 3] 100% - Layer 3 completed: 0 features
[2026-10-02 09:35:52,024] INFO momentum.FeatureEngineering.feature_factory: Layer 3 done: 0 cols, status=offloaded_to_registry, rss=2178MB
2026-10-02 09:35:52,024 - momentum.FeatureEngineering.feature_factory - INFO - Layer 3 done: 0 cols, status=offloaded_to_registry, rss=2178MB
[2026-10-02 09:35:52,024] INFO momentum.FeatureEngineering.feature_factory: [Layer 4] 0% - Starting Layer 4...
2026-10-02 09:35:52,024 - momentum.FeatureEngineering.feature_factory - INFO - [Layer 4] 0% - Starting Layer 4...
[2026-10-02 09:35:52,024] INFO momentum.FeatureEngineering.feature_factory: Layer 4 starting, rss=2178MB
2026-10-02 09:35:52,024 - momentum.FeatureEngineering.feature_factory - INFO - Layer 4 starting, rss=2178MB
[2026-10-02 09:35:52,512] INFO momentum.FeatureEngineering.feature_factory: [Layer 4] 100% - Layer 4 completed: 7224 features
2026-10-02 09:35:52,512 - momentum.FeatureEngineering.feature_factory - INFO - [Layer 4] 100% - Layer 4 completed: 7224 features
[2026-10-02 09:35:52,512] INFO momentum.FeatureEngineering.feature_factory: Layer 4 done: 7224 cols, status=ok, rss=1781MB
2026-10-02 09:35:52,512 - momentum.FeatureEngineering.feature_factory - INFO - Layer 4 done: 7224 cols, status=ok, rss=1781MB
[2026-10-02 09:35:52,512] INFO momentum.FeatureEngineering.feature_factory: [Layer 5] 0% - Starting Layer 5...
2026-10-02 09:35:52,512 - momentum.FeatureEngineering.feature_factory - INFO - [Layer 5] 0% - Starting Layer 5...
[2026-10-02 09:35:52,512] INFO momentum.FeatureEngineering.feature_factory: Layer 5 starting, rss=1781MB
2026-10-02 09:35:52,512 - momentum.FeatureEngineering.feature_factory - INFO - Layer 5 starting, rss=1781MB
[2026-10-02 09:35:52,512] INFO momentum.FeatureEngineering.feature_factory: [Layer 5] 100% - Layer 5 completed: 0 features
2026-10-02 09:35:52,512 - momentum.FeatureEngineering.feature_factory - INFO - [Layer 5] 100% - Layer 5 completed: 0 features
[2026-10-02 09:35:52,513] INFO momentum.FeatureEngineering.feature_factory: Layer 5 done: 0 cols, status=empty_disabled, rss=1781MB
2026-10-02 09:35:52,513 - momentum.FeatureEngineering.feature_factory - INFO - Layer 5 done: 0 cols, status=empty_disabled, rss=1781MB
[2026-10-02 09:35:52,513] INFO momentum.FeatureEngineering.feature_factory: [Layer 6] 0% - Starting Layer 6...
2026-10-02 09:35:52,513 - momentum.FeatureEngineering.feature_factory - INFO - [Layer 6] 0% - Starting Layer 6...
[2026-10-02 09:35:52,513] INFO momentum.FeatureEngineering.feature_factory: Layer 6 starting, rss=1781MB
2026-10-02 09:35:52,513 - momentum.FeatureEngineering.feature_factory - INFO - Layer 6 starting, rss=1781MB
[2026-10-02 09:35:52,530] INFO momentum.FeatureEngineering.feature_factory: [Layer 6] 100% - Layer 6 completed: 10 features
2026-10-02 09:35:52,530 - momentum.FeatureEngineering.feature_factory - INFO - [Layer 6] 100% - Layer 6 completed: 10 features
[2026-10-02 09:35:52,530] INFO momentum.FeatureEngineering.feature_factory: Layer 6 done: 10 cols, status=ok, rss=1783MB
2026-10-02 09:35:52,530 - momentum.FeatureEngineering.feature_factory - INFO - Layer 6 done: 10 cols, status=ok, rss=1783MB
[2026-10-02 09:35:52,530] INFO momentum.FeatureEngineering.core.column_group_registry: [CGSA] Disk pre-check OK: layer=L4_lag symbol=BTCUSDT tf=1h need=2.39 GiB (planned_new=0.20 GiB, max_inflight_tmp×2=0.19 GiB, reserve=2.00 GiB) free=34.01 GiB shape=(7504, 7224)
2026-10-02 09:35:52,530 - momentum.FeatureEngineering.core.column_group_registry - INFO - [CGSA] Disk pre-check OK: layer=L4_lag symbol=BTCUSDT tf=1h need=2.39 GiB (planned_new=0.20 GiB, max_inflight_tmp×2=0.19 GiB, reserve=2.00 GiB) free=34.01 GiB shape=(7504, 7224)
[2026-10-02 09:35:52,768] INFO momentum.FeatureEngineering.feature_factory: [CGSA] L4_lag persisted group=1h_L4_lag_1 shards=2 total_bytes=143.1 MiB
2026-10-02 09:35:52,768 - momentum.FeatureEngineering.feature_factory - INFO - [CGSA] L4_lag persisted group=1h_L4_lag_1 shards=2 total_bytes=143.1 MiB
[2026-10-02 09:35:52,817] INFO momentum.FeatureEngineering.feature_factory: [CGSA] Persisted L4_lag: 7224 cols → 2 groups (tf=1h)
2026-10-02 09:35:52,817 - momentum.FeatureEngineering.feature_factory - INFO - [CGSA] Persisted L4_lag: 7224 cols → 2 groups (tf=1h)
[2026-10-02 09:35:52,818] INFO momentum.FeatureEngineering.core.column_group_registry: [CGSA] Disk pre-check OK: layer=L6_meta symbol=BTCUSDT tf=1h need=2.00 GiB (planned_new=0.00 GiB, max_inflight_tmp×2=0.00 GiB, reserve=2.00 GiB) free=33.81 GiB shape=(7504, 10)
2026-10-02 09:35:52,818 - momentum.FeatureEngineering.core.column_group_registry - INFO - [CGSA] Disk pre-check OK: layer=L6_meta symbol=BTCUSDT tf=1h need=2.00 GiB (planned_new=0.00 GiB, max_inflight_tmp×2=0.00 GiB, reserve=2.00 GiB) free=33.81 GiB shape=(7504, 10)
[2026-10-02 09:35:52,841] INFO momentum.FeatureEngineering.feature_factory: [CGSA] Persisted L6_meta: 10 cols → 1 groups (tf=1h)
2026-10-02 09:35:52,841 - momentum.FeatureEngineering.feature_factory - INFO - [CGSA] Persisted L6_meta: 10 cols → 1 groups (tf=1h)
[2026-10-02 09:35:55,912] INFO momentum.FeatureEngineering.feature_factory: [L7][CGSA] Quality summary: inf_count=0, coverage=0.9512, non_nan=269169713/282968336
2026-10-02 09:35:55,912 - momentum.FeatureEngineering.feature_factory - INFO - [L7][CGSA] Quality summary: inf_count=0, coverage=0.9512, non_nan=269169713/282968336
[2026-10-02 09:35:56,159] INFO momentum.FeatureEngineering.feature_storage: [L7_raw] Disk pre-check OK: required=2.00 GiB (safety x1.50), estimated_final=0.53 GiB, reclaimable_npy=1.05 GiB, net_growth=0.00 GiB, max_inflight_part=0.14 GiB, largest_part_source=1h_L2_Momentum, reserve_floor=2.00 GiB, free=33.81 GiB, groups=241
2026-10-02 09:35:56,159 - momentum.FeatureEngineering.feature_storage - INFO - [L7_raw] Disk pre-check OK: required=2.00 GiB (safety x1.50), estimated_final=0.53 GiB, reclaimable_npy=1.05 GiB, net_growth=0.00 GiB, max_inflight_part=0.14 GiB, largest_part_source=1h_L2_Momentum, reserve_floor=2.00 GiB, free=33.81 GiB, groups=241
[2026-10-02 09:35:56,165] INFO momentum.FeatureEngineering.preprocessing.feature_preprocessor: [L6.5] raw-sink path uses serial group streaming for disk safety (requested_workers=2)
2026-10-02 09:35:56,165 - momentum.FeatureEngineering.preprocessing.feature_preprocessor - INFO - [L6.5] raw-sink path uses serial group streaming for disk safety (requested_workers=2)
[2026-10-02 09:35:56,165] INFO momentum.FeatureEngineering.preprocessing.feature_preprocessor: [L6.5] Registry raw-sink config: groups=241 requested_workers=2 effective_workers=1 mode=append use_fast=False can_use_numba_fast=False winsor=True rank=False zscore=False fracdiff=False fracdiff_apply_to=non_stationary fracdiff_layers=['L1', 'L2'] adf=False gaussian=False
2026-10-02 09:35:56,165 - momentum.FeatureEngineering.preprocessing.feature_preprocessor - INFO - [L6.5] Registry raw-sink config: groups=241 requested_workers=2 effective_workers=1 mode=append use_fast=False can_use_numba_fast=False winsor=True rank=False zscore=False fracdiff=False fracdiff_apply_to=non_stationary fracdiff_layers=['L1', 'L2'] adf=False gaussian=False
[2026-10-02 09:35:56,168] INFO momentum.FeatureEngineering.preprocessing.feature_preprocessor: [L6.5] Raw-sink start: 238 full groups (fast=0, slow=238) + 3 big-group splits → 248 sub-tasks (requested_workers=2, effective_workers=1, split_threshold=2000, slow_chunked=3, max_group_cols=8980, schedule=largest_first, rss=575MB)
2026-10-02 09:35:56,168 - momentum.FeatureEngineering.preprocessing.feature_preprocessor - INFO - [L6.5] Raw-sink start: 238 full groups (fast=0, slow=238) + 3 big-group splits → 248 sub-tasks (requested_workers=2, effective_workers=1, split_threshold=2000, slow_chunked=3, max_group_cols=8980, schedule=largest_first, rss=575MB)
[2026-10-02 09:35:56,849] INFO momentum.FeatureEngineering.preprocessing.feature_preprocessor: [L6.5] raw-sink chunk stream start: group=1h_L2_Momentum cols=8980 chunks=5 chunk_size=2000 rss=761MB
2026-10-02 09:35:56,849 - momentum.FeatureEngineering.preprocessing.feature_preprocessor - INFO - [L6.5] raw-sink chunk stream start: group=1h_L2_Momentum cols=8980 chunks=5 chunk_size=2000 rss=761MB
[2026-10-02 09:36:19,498] INFO momentum.FeatureEngineering.preprocessing.feature_preprocessor: [L6.5] raw-sink chunk stream complete: group=1h_L2_Momentum chunks=5 outputs=5 rss=1918MB
2026-10-02 09:36:19,498 - momentum.FeatureEngineering.preprocessing.feature_preprocessor - INFO - [L6.5] raw-sink chunk stream complete: group=1h_L2_Momentum chunks=5 outputs=5 rss=1918MB
[2026-10-02 09:36:19,931] INFO momentum.FeatureEngineering.preprocessing.feature_preprocessor: [L6.5] raw-sink chunk stream start: group=1h_L4_lag_1 cols=5000 chunks=3 chunk_size=2000 rss=1817MB
2026-10-02 09:36:19,931 - momentum.FeatureEngineering.preprocessing.feature_preprocessor - INFO - [L6.5] raw-sink chunk stream start: group=1h_L4_lag_1 cols=5000 chunks=3 chunk_size=2000 rss=1817MB
[2026-10-02 09:36:33,444] INFO momentum.FeatureEngineering.preprocessing.feature_preprocessor: [L6.5] raw-sink chunk stream complete: group=1h_L4_lag_1 chunks=3 outputs=3 rss=1289MB
2026-10-02 09:36:33,444 - momentum.FeatureEngineering.preprocessing.feature_preprocessor - INFO - [L6.5] raw-sink chunk stream complete: group=1h_L4_lag_1 chunks=3 outputs=3 rss=1289MB
[2026-10-02 09:36:33,445] INFO momentum.FeatureEngineering.preprocessing.feature_preprocessor: [L6.5] raw-sink heartbeat: tasks 8/248 (3.2%), groups 2/241, elapsed=37.3s, rate=0.21/s, ETA=1118s, rss=1289MB, last=1h_L4_lag_1 (slow-chunked, parts=3)
2026-10-02 09:36:33,445 - momentum.FeatureEngineering.preprocessing.feature_preprocessor - INFO - [L6.5] raw-sink heartbeat: tasks 8/248 (3.2%), groups 2/241, elapsed=37.3s, rate=0.21/s, ETA=1118s, rss=1289MB, last=1h_L4_lag_1 (slow-chunked, parts=3)
[2026-10-02 09:36:33,524] INFO momentum.FeatureEngineering.preprocessing.feature_preprocessor: [L6.5] raw-sink chunk stream start: group=1h_L4_lag_2 cols=2224 chunks=2 chunk_size=2000 rss=1289MB
2026-10-02 09:36:33,524 - momentum.FeatureEngineering.preprocessing.feature_preprocessor - INFO - [L6.5] raw-sink chunk stream start: group=1h_L4_lag_2 cols=2224 chunks=2 chunk_size=2000 rss=1289MB
[2026-10-02 09:36:39,489] INFO momentum.FeatureEngineering.preprocessing.feature_preprocessor: [L6.5] raw-sink chunk stream complete: group=1h_L4_lag_2 chunks=2 outputs=2 rss=1422MB
2026-10-02 09:36:39,489 - momentum.FeatureEngineering.preprocessing.feature_preprocessor - INFO - [L6.5] raw-sink chunk stream complete: group=1h_L4_lag_2 chunks=2 outputs=2 rss=1422MB
[2026-10-02 09:37:04,133] INFO momentum.FeatureEngineering.preprocessing.feature_preprocessor: [L6.5] raw-sink heartbeat: tasks 20/248 (8.1%), groups 13/241, elapsed=68.0s, rate=0.29/s, ETA=775s, rss=1612MB, last=1h_L3_rolling_W13_Std_1 (full)
2026-10-02 09:37:04,133 - momentum.FeatureEngineering.preprocessing.feature_preprocessor - INFO - [L6.5] raw-sink heartbeat: tasks 20/248 (8.1%), groups 13/241, elapsed=68.0s, rate=0.29/s, ETA=775s, rss=1612MB, last=1h_L3_rolling_W13_Std_1 (full)
[2026-10-02 09:37:32,849] INFO momentum.FeatureEngineering.preprocessing.feature_preprocessor: [L6.5] raw-sink heartbeat: tasks 32/248 (12.9%), groups 25/241, elapsed=96.7s, rate=0.33/s, ETA=653s, rss=583MB, last=1h_L3_rolling_W5_ZScore_1 (full)
2026-10-02 09:37:32,849 - momentum.FeatureEngineering.preprocessing.feature_preprocessor - INFO - [L6.5] raw-sink heartbeat: tasks 32/248 (12.9%), groups 25/241, elapsed=96.7s, rate=0.33/s, ETA=653s, rss=583MB, last=1h_L3_rolling_W5_ZScore_1 (full)
[2026-10-02 09:37:35,582] INFO momentum.FeatureEngineering.preprocessing.feature_preprocessor: [L6.5] raw-sink heartbeat: tasks 44/248 (17.7%), groups 37/241, elapsed=99.4s, rate=0.44/s, ETA=461s, rss=552MB, last=1h_L1_momentum_TRIX (full)
2026-10-02 09:37:35,582 - momentum.FeatureEngineering.preprocessing.feature_preprocessor - INFO - [L6.5] raw-sink heartbeat: tasks 44/248 (17.7%), groups 37/241, elapsed=99.4s, rate=0.44/s, ETA=461s, rss=552MB, last=1h_L1_momentum_TRIX (full)
[2026-10-02 09:37:37,143] INFO momentum.FeatureEngineering.preprocessing.feature_preprocessor: [L6.5] raw-sink heartbeat: tasks 56/248 (22.6%), groups 49/241, elapsed=101.0s, rate=0.55/s, ETA=346s, rss=405MB, last=1h_L1_trend_BBANDS-Upper (full)
2026-10-02 09:37:37,143 - momentum.FeatureEngineering.preprocessing.feature_preprocessor - INFO - [L6.5] raw-sink heartbeat: tasks 56/248 (22.6%), groups 49/241, elapsed=101.0s, rate=0.55/s, ETA=346s, rss=405MB, last=1h_L1_trend_BBANDS-Upper (full)
[2026-10-02 09:37:38,486] INFO momentum.FeatureEngineering.preprocessing.feature_preprocessor: [L6.5] raw-sink heartbeat: tasks 68/248 (27.4%), groups 61/241, elapsed=102.3s, rate=0.66/s, ETA=271s, rss=405MB, last=1h_L1_momentum_DX (full)
2026-10-02 09:37:38,486 - momentum.FeatureEngineering.preprocessing.feature_preprocessor - INFO - [L6.5] raw-sink heartbeat: tasks 68/248 (27.4%), groups 61/241, elapsed=102.3s, rate=0.66/s, ETA=271s, rss=405MB, last=1h_L1_momentum_DX (full)
[2026-10-02 09:37:39,667] INFO momentum.FeatureEngineering.preprocessing.feature_preprocessor: [L6.5] raw-sink heartbeat: tasks 80/248 (32.3%), groups 73/241, elapsed=103.5s, rate=0.77/s, ETA=217s, rss=405MB, last=1h_L1_momentum_APO_34-144-0 (full)
2026-10-02 09:37:39,667 - momentum.FeatureEngineering.preprocessing.feature_preprocessor - INFO - [L6.5] raw-sink heartbeat: tasks 80/248 (32.3%), groups 73/241, elapsed=103.5s, rate=0.77/s, ETA=217s, rss=405MB, last=1h_L1_momentum_APO_34-144-0 (full)
[2026-10-02 09:37:40,736] INFO momentum.FeatureEngineering.preprocessing.feature_preprocessor: [L6.5] raw-sink heartbeat: tasks 92/248 (37.1%), groups 85/241, elapsed=104.6s, rate=0.88/s, ETA=177s, rss=406MB, last=1h_L1_momentum_MACD-Hist_21-89-13 (full)
2026-10-02 09:37:40,736 - momentum.FeatureEngineering.preprocessing.feature_preprocessor - INFO - [L6.5] raw-sink heartbeat: tasks 92/248 (37.1%), groups 85/241, elapsed=104.6s, rate=0.88/s, ETA=177s, rss=406MB, last=1h_L1_momentum_MACD-Hist_21-89-13 (full)
[2026-10-02 09:37:41,814] INFO momentum.FeatureEngineering.preprocessing.feature_preprocessor: [L6.5] raw-sink heartbeat: tasks 104/248 (41.9%), groups 97/241, elapsed=105.6s, rate=0.98/s, ETA=146s, rss=406MB, last=1h_L1_momentum_MACD-Line_21-55-9 (full)
2026-10-02 09:37:41,814 - momentum.FeatureEngineering.preprocessing.feature_preprocessor - INFO - [L6.5] raw-sink heartbeat: tasks 104/248 (41.9%), groups 97/241, elapsed=105.6s, rate=0.98/s, ETA=146s, rss=406MB, last=1h_L1_momentum_MACD-Line_21-55-9 (full)
[2026-10-02 09:37:42,887] INFO momentum.FeatureEngineering.preprocessing.feature_preprocessor: [L6.5] raw-sink heartbeat: tasks 116/248 (46.8%), groups 109/241, elapsed=106.7s, rate=1.09/s, ETA=121s, rss=406MB, last=1h_L1_momentum_MACD-Signal_13-55-13 (full)
2026-10-02 09:37:42,887 - momentum.FeatureEngineering.preprocessing.feature_preprocessor - INFO - [L6.5] raw-sink heartbeat: tasks 116/248 (46.8%), groups 109/241, elapsed=106.7s, rate=1.09/s, ETA=121s, rss=406MB, last=1h_L1_momentum_MACD-Signal_13-55-13 (full)
[2026-10-02 09:37:43,961] INFO momentum.FeatureEngineering.preprocessing.feature_preprocessor: [L6.5] raw-sink heartbeat: tasks 128/248 (51.6%), groups 121/241, elapsed=107.8s, rate=1.19/s, ETA=101s, rss=406MB, last=1h_L1_momentum_MACDEXT-Hist_13-34-9 (full)
2026-10-02 09:37:43,961 - momentum.FeatureEngineering.preprocessing.feature_preprocessor - INFO - [L6.5] raw-sink heartbeat: tasks 128/248 (51.6%), groups 121/241, elapsed=107.8s, rate=1.19/s, ETA=101s, rss=406MB, last=1h_L1_momentum_MACDEXT-Hist_13-34-9 (full)
[2026-10-02 09:37:45,039] INFO momentum.FeatureEngineering.preprocessing.feature_preprocessor: [L6.5] raw-sink heartbeat: tasks 140/248 (56.5%), groups 133/241, elapsed=108.9s, rate=1.29/s, ETA=84s, rss=406MB, last=1h_L1_momentum_MACDEXT-Line_12-26-9 (full)
2026-10-02 09:37:45,039 - momentum.FeatureEngineering.preprocessing.feature_preprocessor - INFO - [L6.5] raw-sink heartbeat: tasks 140/248 (56.5%), groups 133/241, elapsed=108.9s, rate=1.29/s, ETA=84s, rss=406MB, last=1h_L1_momentum_MACDEXT-Line_12-26-9 (full)
[2026-10-02 09:37:46,119] INFO momentum.FeatureEngineering.preprocessing.feature_preprocessor: [L6.5] raw-sink heartbeat: tasks 152/248 (61.3%), groups 145/241, elapsed=109.9s, rate=1.38/s, ETA=69s, rss=406MB, last=1h_L1_momentum_MACDEXT-Line_8-34-9 (full)
2026-10-02 09:37:46,119 - momentum.FeatureEngineering.preprocessing.feature_preprocessor - INFO - [L6.5] raw-sink heartbeat: tasks 152/248 (61.3%), groups 145/241, elapsed=109.9s, rate=1.38/s, ETA=69s, rss=406MB, last=1h_L1_momentum_MACDEXT-Line_8-34-9 (full)
[2026-10-02 09:37:47,197] INFO momentum.FeatureEngineering.preprocessing.feature_preprocessor: [L6.5] raw-sink heartbeat: tasks 164/248 (66.1%), groups 157/241, elapsed=111.0s, rate=1.48/s, ETA=57s, rss=406MB, last=1h_L1_momentum_MACDEXT-Signal_8-21-5 (full)
2026-10-02 09:37:47,197 - momentum.FeatureEngineering.preprocessing.feature_preprocessor - INFO - [L6.5] raw-sink heartbeat: tasks 164/248 (66.1%), groups 157/241, elapsed=111.0s, rate=1.48/s, ETA=57s, rss=406MB, last=1h_L1_momentum_MACDEXT-Signal_8-21-5 (full)
[2026-10-02 09:37:48,278] INFO momentum.FeatureEngineering.preprocessing.feature_preprocessor: [L6.5] raw-sink heartbeat: tasks 176/248 (71.0%), groups 169/241, elapsed=112.1s, rate=1.57/s, ETA=46s, rss=406MB, last=1h_L1_momentum_PPO_55-233-0 (full)
2026-10-02 09:37:48,278 - momentum.FeatureEngineering.preprocessing.feature_preprocessor - INFO - [L6.5] raw-sink heartbeat: tasks 176/248 (71.0%), groups 169/241, elapsed=112.1s, rate=1.57/s, ETA=46s, rss=406MB, last=1h_L1_momentum_PPO_55-233-0 (full)
[2026-10-02 09:37:49,369] INFO momentum.FeatureEngineering.preprocessing.feature_preprocessor: [L6.5] raw-sink heartbeat: tasks 188/248 (75.8%), groups 181/241, elapsed=113.2s, rate=1.66/s, ETA=36s, rss=406MB, last=1h_L1_momentum_STOCHRSI-fastk_21-5-3-0 (full)
2026-10-02 09:37:49,369 - momentum.FeatureEngineering.preprocessing.feature_preprocessor - INFO - [L6.5] raw-sink heartbeat: tasks 188/248 (75.8%), groups 181/241, elapsed=113.2s, rate=1.66/s, ETA=36s, rss=406MB, last=1h_L1_momentum_STOCHRSI-fastk_21-5-3-0 (full)
[2026-10-02 09:37:50,431] INFO momentum.FeatureEngineering.preprocessing.feature_preprocessor: [L6.5] raw-sink heartbeat: tasks 200/248 (80.6%), groups 193/241, elapsed=114.3s, rate=1.75/s, ETA=27s, rss=407MB, last=1h_L1_momentum_STOCH-slowd_21-5-0-3-0 (full)
2026-10-02 09:37:50,431 - momentum.FeatureEngineering.preprocessing.feature_preprocessor - INFO - [L6.5] raw-sink heartbeat: tasks 200/248 (80.6%), groups 193/241, elapsed=114.3s, rate=1.75/s, ETA=27s, rss=407MB, last=1h_L1_momentum_STOCH-slowd_21-5-0-3-0 (full)
[2026-10-02 09:37:51,473] INFO momentum.FeatureEngineering.preprocessing.feature_preprocessor: [L6.5] raw-sink heartbeat: tasks 212/248 (85.5%), groups 205/241, elapsed=115.3s, rate=1.84/s, ETA=20s, rss=407MB, last=1h_L1_momentum_STOCH-slowk_21-5-0-3-0 (full)
2026-10-02 09:37:51,473 - momentum.FeatureEngineering.preprocessing.feature_preprocessor - INFO - [L6.5] raw-sink heartbeat: tasks 212/248 (85.5%), groups 205/241, elapsed=115.3s, rate=1.84/s, ETA=20s, rss=407MB, last=1h_L1_momentum_STOCH-slowk_21-5-0-3-0 (full)
[2026-10-02 09:37:52,512] INFO momentum.FeatureEngineering.preprocessing.feature_preprocessor: [L6.5] raw-sink heartbeat: tasks 224/248 (90.3%), groups 217/241, elapsed=116.3s, rate=1.93/s, ETA=12s, rss=407MB, last=1h_L1_momentum_STOCHF-fastd_34-5-0 (full)
2026-10-02 09:37:52,512 - momentum.FeatureEngineering.preprocessing.feature_preprocessor - INFO - [L6.5] raw-sink heartbeat: tasks 224/248 (90.3%), groups 217/241, elapsed=116.3s, rate=1.93/s, ETA=12s, rss=407MB, last=1h_L1_momentum_STOCHF-fastd_34-5-0 (full)
[2026-10-02 09:37:53,550] INFO momentum.FeatureEngineering.preprocessing.feature_preprocessor: [L6.5] raw-sink heartbeat: tasks 236/248 (95.2%), groups 229/241, elapsed=117.4s, rate=2.01/s, ETA=6s, rss=407MB, last=1h_L1_momentum_STOCHF-fastk_89-8-0 (full)
2026-10-02 09:37:53,550 - momentum.FeatureEngineering.preprocessing.feature_preprocessor - INFO - [L6.5] raw-sink heartbeat: tasks 236/248 (95.2%), groups 229/241, elapsed=117.4s, rate=2.01/s, ETA=6s, rss=407MB, last=1h_L1_momentum_STOCHF-fastk_89-8-0 (full)
[2026-10-02 09:37:54,611] INFO momentum.FeatureEngineering.preprocessing.feature_preprocessor: [L6.5] raw-sink heartbeat: tasks 248/248 (100.0%), groups 241/241, elapsed=118.4s, rate=2.09/s, ETA=0s, rss=407MB, last=1h_L1_trend_SAR_0.02-0.2 (full)
2026-10-02 09:37:54,611 - momentum.FeatureEngineering.preprocessing.feature_preprocessor - INFO - [L6.5] raw-sink heartbeat: tasks 248/248 (100.0%), groups 241/241, elapsed=118.4s, rate=2.09/s, ETA=0s, rss=407MB, last=1h_L1_trend_SAR_0.02-0.2 (full)
[2026-10-02 09:37:54,735] INFO momentum.FeatureEngineering.preprocessing.feature_preprocessor: [L6.5] raw-sink complete: 241/241 groups in 118.56s rss=407MB
2026-10-02 09:37:54,735 - momentum.FeatureEngineering.preprocessing.feature_preprocessor - INFO - [L6.5] raw-sink complete: 241/241 groups in 118.56s rss=407MB
[2026-10-02 09:37:54,735] INFO momentum.FeatureEngineering.feature_storage: [Layer B Sanitize][CGSA] nulled 448729 non-finite/over-cap values (finite_cap=1e+18) across all streamed features
2026-10-02 09:37:54,735 - momentum.FeatureEngineering.feature_storage - INFO - [Layer B Sanitize][CGSA] nulled 448729 non-finite/over-cap values (finite_cap=1e+18) across all streamed features
[2026-10-02 09:37:55,252] INFO momentum.FeatureEngineering.feature_storage: [L7_raw] registry stream persist done: symbol=BTCUSDT tf=1h groups=248 features=37709 npy_freed=1.05 GiB dtype=mixed
2026-10-02 09:37:55,252 - momentum.FeatureEngineering.feature_storage - INFO - [L7_raw] registry stream persist done: symbol=BTCUSDT tf=1h groups=248 features=37709 npy_freed=1.05 GiB dtype=mixed
[2026-10-02 09:37:55,302] INFO momentum.FeatureEngineering.feature_registry: Loaded feature registry with 1 entries
2026-10-02 09:37:55,302 - momentum.FeatureEngineering.feature_registry - INFO - Loaded feature registry with 1 entries
------------------------------ Captured log call -------------------------------
INFO     momentum.DataExtraction.kline_storage:kline_storage.py:256 KlineStorageManager initialized: data_cache/feature_klines/kline_cache.h5
INFO     momentum.FeatureEngineering.adapters.adapter_registry:adapter_registry.py:21 Registered adapter: crypto_spot
WARNING  momentum.FeatureEngineering.atomic.parameter_generator:parameter_generator.py:144 STOCH combo [5, 3, 3] is missing 2 parameter(s); using defaults slowk=3 slowd=3 slowk_matype=0 slowd_matype=0
WARNING  momentum.FeatureEngineering.atomic.parameter_generator:parameter_generator.py:144 STOCH combo [8, 3, 3] is missing 2 parameter(s); using defaults slowk=3 slowd=3 slowk_matype=0 slowd_matype=0
WARNING  momentum.FeatureEngineering.atomic.parameter_generator:parameter_generator.py:144 STOCH combo [13, 3, 3] is missing 2 parameter(s); using defaults slowk=3 slowd=3 slowk_matype=0 slowd_matype=0
WARNING  momentum.FeatureEngineering.atomic.parameter_generator:parameter_generator.py:144 STOCH combo [13, 5, 3] is missing 2 parameter(s); using defaults slowk=5 slowd=3 slowk_matype=0 slowd_matype=0
WARNING  momentum.FeatureEngineering.atomic.parameter_generator:parameter_generator.py:144 STOCH combo [21, 3, 3] is missing 2 parameter(s); using defaults slowk=3 slowd=3 slowk_matype=0 slowd_matype=0
WARNING  momentum.FeatureEngineering.atomic.parameter_generator:parameter_generator.py:144 STOCH combo [21, 5, 3] is missing 2 parameter(s); using defaults slowk=5 slowd=3 slowk_matype=0 slowd_matype=0
WARNING  momentum.FeatureEngineering.atomic.parameter_generator:parameter_generator.py:144 STOCH combo [21, 5, 5] is missing 2 parameter(s); using defaults slowk=5 slowd=5 slowk_matype=0 slowd_matype=0
WARNING  momentum.FeatureEngineering.atomic.parameter_generator:parameter_generator.py:144 STOCH combo [34, 5, 3] is missing 2 parameter(s); using defaults slowk=5 slowd=3 slowk_matype=0 slowd_matype=0
WARNING  momentum.FeatureEngineering.atomic.parameter_generator:parameter_generator.py:144 STOCH combo [34, 5, 5] is missing 2 parameter(s); using defaults slowk=5 slowd=5 slowk_matype=0 slowd_matype=0
WARNING  momentum.FeatureEngineering.atomic.parameter_generator:parameter_generator.py:144 STOCH combo [55, 5, 5] is missing 2 parameter(s); using defaults slowk=5 slowd=5 slowk_matype=0 slowd_matype=0
WARNING  momentum.FeatureEngineering.atomic.parameter_generator:parameter_generator.py:144 STOCH combo [55, 8, 5] is missing 2 parameter(s); using defaults slowk=8 slowd=5 slowk_matype=0 slowd_matype=0
WARNING  momentum.FeatureEngineering.atomic.parameter_generator:parameter_generator.py:144 STOCH combo [89, 8, 5] is missing 2 parameter(s); using defaults slowk=8 slowd=5 slowk_matype=0 slowd_matype=0
WARNING  momentum.FeatureEngineering.atomic.parameter_generator:parameter_generator.py:170 STOCHF combo [5, 3] is missing 1 parameter(s); using defaults fastd_period=3 fastd_matype=0
WARNING  momentum.FeatureEngineering.atomic.parameter_generator:parameter_generator.py:170 STOCHF combo [8, 3] is missing 1 parameter(s); using defaults fastd_period=3 fastd_matype=0
WARNING  momentum.FeatureEngineering.atomic.parameter_generator:parameter_generator.py:170 STOCHF combo [13, 3] is missing 1 parameter(s); using defaults fastd_period=3 fastd_matype=0
WARNING  momentum.FeatureEngineering.atomic.parameter_generator:parameter_generator.py:170 STOCHF combo [21, 3] is missing 1 parameter(s); using defaults fastd_period=3 fastd_matype=0
WARNING  momentum.FeatureEngineering.atomic.parameter_generator:parameter_generator.py:170 STOCHF combo [21, 5] is missing 1 parameter(s); using defaults fastd_period=5 fastd_matype=0
WARNING  momentum.FeatureEngineering.atomic.parameter_generator:parameter_generator.py:170 STOCHF combo [34, 5] is missing 1 parameter(s); using defaults fastd_period=5 fastd_matype=0
WARNING  momentum.FeatureEngineering.atomic.parameter_generator:parameter_generator.py:170 STOCHF combo [55, 5] is missing 1 parameter(s); using defaults fastd_period=5 fastd_matype=0
WARNING  momentum.FeatureEngineering.atomic.parameter_generator:parameter_generator.py:170 STOCHF combo [89, 8] is missing 1 parameter(s); using defaults fastd_period=8 fastd_matype=0
WARNING  momentum.FeatureEngineering.atomic.parameter_generator:parameter_generator.py:189 STOCHRSI combo [9, 5, 3] is missing 1 parameter(s); using defaults fastk_period=5 fastd_period=3 fastd_matype=0
WARNING  momentum.FeatureEngineering.atomic.parameter_generator:parameter_generator.py:189 STOCHRSI combo [14, 5, 3] is missing 1 parameter(s); using defaults fastk_period=5 fastd_period=3 fastd_matype=0
WARNING  momentum.FeatureEngineering.atomic.parameter_generator:parameter_generator.py:189 STOCHRSI combo [14, 3, 3] is missing 1 parameter(s); using defaults fastk_period=3 fastd_period=3 fastd_matype=0
WARNING  momentum.FeatureEngineering.atomic.parameter_generator:parameter_generator.py:189 STOCHRSI combo [21, 5, 3] is missing 1 parameter(s); using defaults fastk_period=5 fastd_period=3 fastd_matype=0
WARNING  momentum.FeatureEngineering.atomic.parameter_generator:parameter_generator.py:189 STOCHRSI combo [21, 8, 5] is missing 1 parameter(s); using defaults fastk_period=8 fastd_period=5 fastd_matype=0
WARNING  momentum.FeatureEngineering.atomic.parameter_generator:parameter_generator.py:189 STOCHRSI combo [34, 8, 5] is missing 1 parameter(s); using defaults fastk_period=8 fastd_period=5 fastd_matype=0
WARNING  momentum.FeatureEngineering.atomic.parameter_generator:parameter_generator.py:189 STOCHRSI combo [55, 8, 5] is missing 1 parameter(s); using defaults fastk_period=8 fastd_period=5 fastd_matype=0
INFO     momentum.DataExtraction.kline_storage:kline_storage.py:256 KlineStorageManager initialized: data_cache/feature_klines/kline_cache.h5
INFO     momentum.FeatureEngineering.adapters.adapter_registry:adapter_registry.py:21 Registered adapter: crypto_spot
WARNING  momentum.FeatureEngineering.atomic.parameter_generator:parameter_generator.py:144 STOCH combo [5, 3, 3] is missing 2 parameter(s); using defaults slowk=3 slowd=3 slowk_matype=0 slowd_matype=0
WARNING  momentum.FeatureEngineering.atomic.parameter_generator:parameter_generator.py:144 STOCH combo [8, 3, 3] is missing 2 parameter(s); using defaults slowk=3 slowd=3 slowk_matype=0 slowd_matype=0
WARNING  momentum.FeatureEngineering.atomic.parameter_generator:parameter_generator.py:144 STOCH combo [13, 3, 3] is missing 2 parameter(s); using defaults slowk=3 slowd=3 slowk_matype=0 slowd_matype=0
WARNING  momentum.FeatureEngineering.atomic.parameter_generator:parameter_generator.py:144 STOCH combo [13, 5, 3] is missing 2 parameter(s); using defaults slowk=5 slowd=3 slowk_matype=0 slowd_matype=0
WARNING  momentum.FeatureEngineering.atomic.parameter_generator:parameter_generator.py:144 STOCH combo [21, 3, 3] is missing 2 parameter(s); using defaults slowk=3 slowd=3 slowk_matype=0 slowd_matype=0
WARNING  momentum.FeatureEngineering.atomic.parameter_generator:parameter_generator.py:144 STOCH combo [21, 5, 3] is missing 2 parameter(s); using defaults slowk=5 slowd=3 slowk_matype=0 slowd_matype=0
WARNING  momentum.FeatureEngineering.atomic.parameter_generator:parameter_generator.py:144 STOCH combo [21, 5, 5] is missing 2 parameter(s); using defaults slowk=5 slowd=5 slowk_matype=0 slowd_matype=0
WARNING  momentum.FeatureEngineering.atomic.parameter_generator:parameter_generator.py:144 STOCH combo [34, 5, 3] is missing 2 parameter(s); using defaults slowk=5 slowd=3 slowk_matype=0 slowd_matype=0
WARNING  momentum.FeatureEngineering.atomic.parameter_generator:parameter_generator.py:144 STOCH combo [34, 5, 5] is missing 2 parameter(s); using defaults slowk=5 slowd=5 slowk_matype=0 slowd_matype=0
WARNING  momentum.FeatureEngineering.atomic.parameter_generator:parameter_generator.py:144 STOCH combo [55, 5, 5] is missing 2 parameter(s); using defaults slowk=5 slowd=5 slowk_matype=0 slowd_matype=0
WARNING  momentum.FeatureEngineering.atomic.parameter_generator:parameter_generator.py:144 STOCH combo [55, 8, 5] is missing 2 parameter(s); using defaults slowk=8 slowd=5 slowk_matype=0 slowd_matype=0
WARNING  momentum.FeatureEngineering.atomic.parameter_generator:parameter_generator.py:144 STOCH combo [89, 8, 5] is missing 2 parameter(s); using defaults slowk=8 slowd=5 slowk_matype=0 slowd_matype=0
WARNING  momentum.FeatureEngineering.atomic.parameter_generator:parameter_generator.py:170 STOCHF combo [5, 3] is missing 1 parameter(s); using defaults fastd_period=3 fastd_matype=0
WARNING  momentum.FeatureEngineering.atomic.parameter_generator:parameter_generator.py:170 STOCHF combo [8, 3] is missing 1 parameter(s); using defaults fastd_period=3 fastd_matype=0
WARNING  momentum.FeatureEngineering.atomic.parameter_generator:parameter_generator.py:170 STOCHF combo [13, 3] is missing 1 parameter(s); using defaults fastd_period=3 fastd_matype=0
WARNING  momentum.FeatureEngineering.atomic.parameter_generator:parameter_generator.py:170 STOCHF combo [21, 3] is missing 1 parameter(s); using defaults fastd_period=3 fastd_matype=0
WARNING  momentum.FeatureEngineering.atomic.parameter_generator:parameter_generator.py:170 STOCHF combo [21, 5] is missing 1 parameter(s); using defaults fastd_period=5 fastd_matype=0
WARNING  momentum.FeatureEngineering.atomic.parameter_generator:parameter_generator.py:170 STOCHF combo [34, 5] is missing 1 parameter(s); using defaults fastd_period=5 fastd_matype=0
WARNING  momentum.FeatureEngineering.atomic.parameter_generator:parameter_generator.py:170 STOCHF combo [55, 5] is missing 1 parameter(s); using defaults fastd_period=5 fastd_matype=0
WARNING  momentum.FeatureEngineering.atomic.parameter_generator:parameter_generator.py:170 STOCHF combo [89, 8] is missing 1 parameter(s); using defaults fastd_period=8 fastd_matype=0
WARNING  momentum.FeatureEngineering.atomic.parameter_generator:parameter_generator.py:189 STOCHRSI combo [9, 5, 3] is missing 1 parameter(s); using defaults fastk_period=5 fastd_period=3 fastd_matype=0
WARNING  momentum.FeatureEngineering.atomic.parameter_generator:parameter_generator.py:189 STOCHRSI combo [14, 5, 3] is missing 1 parameter(s); using defaults fastk_period=5 fastd_period=3 fastd_matype=0
WARNING  momentum.FeatureEngineering.atomic.parameter_generator:parameter_generator.py:189 STOCHRSI combo [14, 3, 3] is missing 1 parameter(s); using defaults fastk_period=3 fastd_period=3 fastd_matype=0
WARNING  momentum.FeatureEngineering.atomic.parameter_generator:parameter_generator.py:189 STOCHRSI combo [21, 5, 3] is missing 1 parameter(s); using defaults fastk_period=5 fastd_period=3 fastd_matype=0
WARNING  momentum.FeatureEngineering.atomic.parameter_generator:parameter_generator.py:189 STOCHRSI combo [21, 8, 5] is missing 1 parameter(s); using defaults fastk_period=8 fastd_period=5 fastd_matype=0
WARNING  momentum.FeatureEngineering.atomic.parameter_generator:parameter_generator.py:189 STOCHRSI combo [34, 8, 5] is missing 1 parameter(s); using defaults fastk_period=8 fastd_period=5 fastd_matype=0
WARNING  momentum.FeatureEngineering.atomic.parameter_generator:parameter_generator.py:189 STOCHRSI combo [55, 8, 5] is missing 1 parameter(s); using defaults fastk_period=8 fastd_period=5 fastd_matype=0
WARNING  momentum.FeatureEngineering.atomic.parameter_generator:parameter_generator.py:144 STOCH combo [5, 3, 3] is missing 2 parameter(s); using defaults slowk=3 slowd=3 slowk_matype=0 slowd_matype=0
WARNING  momentum.FeatureEngineering.atomic.parameter_generator:parameter_generator.py:144 STOCH combo [8, 3, 3] is missing 2 parameter(s); using defaults slowk=3 slowd=3 slowk_matype=0 slowd_matype=0
WARNING  momentum.FeatureEngineering.atomic.parameter_generator:parameter_generator.py:144 STOCH combo [13, 3, 3] is missing 2 parameter(s); using defaults slowk=3 slowd=3 slowk_matype=0 slowd_matype=0
WARNING  momentum.FeatureEngineering.atomic.parameter_generator:parameter_generator.py:144 STOCH combo [13, 5, 3] is missing 2 parameter(s); using defaults slowk=5 slowd=3 slowk_matype=0 slowd_matype=0
WARNING  momentum.FeatureEngineering.atomic.parameter_generator:parameter_generator.py:144 STOCH combo [21, 3, 3] is missing 2 parameter(s); using defaults slowk=3 slowd=3 slowk_matype=0 slowd_matype=0
WARNING  momentum.FeatureEngineering.atomic.parameter_generator:parameter_generator.py:144 STOCH combo [21, 5, 3] is missing 2 parameter(s); using defaults slowk=5 slowd=3 slowk_matype=0 slowd_matype=0
WARNING  momentum.FeatureEngineering.atomic.parameter_generator:parameter_generator.py:144 STOCH combo [21, 5, 5] is missing 2 parameter(s); using defaults slowk=5 slowd=5 slowk_matype=0 slowd_matype=0
WARNING  momentum.FeatureEngineering.atomic.parameter_generator:parameter_generator.py:144 STOCH combo [34, 5, 3] is missing 2 parameter(s); using defaults slowk=5 slowd=3 slowk_matype=0 slowd_matype=0
WARNING  momentum.FeatureEngineering.atomic.parameter_generator:parameter_generator.py:144 STOCH combo [34, 5, 5] is missing 2 parameter(s); using defaults slowk=5 slowd=5 slowk_matype=0 slowd_matype=0
WARNING  momentum.FeatureEngineering.atomic.parameter_generator:parameter_generator.py:144 STOCH combo [55, 5, 5] is missing 2 parameter(s); using defaults slowk=5 slowd=5 slowk_matype=0 slowd_matype=0
WARNING  momentum.FeatureEngineering.atomic.parameter_generator:parameter_generator.py:144 STOCH combo [55, 8, 5] is missing 2 parameter(s); using defaults slowk=8 slowd=5 slowk_matype=0 slowd_matype=0
WARNING  momentum.FeatureEngineering.atomic.parameter_generator:parameter_generator.py:144 STOCH combo [89, 8, 5] is missing 2 parameter(s); using defaults slowk=8 slowd=5 slowk_matype=0 slowd_matype=0
WARNING  momentum.FeatureEngineering.atomic.parameter_generator:parameter_generator.py:170 STOCHF combo [5, 3] is missing 1 parameter(s); using defaults fastd_period=3 fastd_matype=0
WARNING  momentum.FeatureEngineering.atomic.parameter_generator:parameter_generator.py:170 STOCHF combo [8, 3] is missing 1 parameter(s); using defaults fastd_period=3 fastd_matype=0
WARNING  momentum.FeatureEngineering.atomic.parameter_generator:parameter_generator.py:170 STOCHF combo [13, 3] is missing 1 parameter(s); using defaults fastd_period=3 fastd_matype=0
WARNING  momentum.FeatureEngineering.atomic.parameter_generator:parameter_generator.py:170 STOCHF combo [21, 3] is missing 1 parameter(s); using defaults fastd_period=3 fastd_matype=0
WARNING  momentum.FeatureEngineering.atomic.parameter_generator:parameter_generator.py:170 STOCHF combo [21, 5] is missing 1 parameter(s); using defaults fastd_period=5 fastd_matype=0
WARNING  momentum.FeatureEngineering.atomic.parameter_generator:parameter_generator.py:170 STOCHF combo [34, 5] is missing 1 parameter(s); using defaults fastd_period=5 fastd_matype=0
WARNING  momentum.FeatureEngineering.atomic.parameter_generator:parameter_generator.py:170 STOCHF combo [55, 5] is missing 1 parameter(s); using defaults fastd_period=5 fastd_matype=0
WARNING  momentum.FeatureEngineering.atomic.parameter_generator:parameter_generator.py:170 STOCHF combo [89, 8] is missing 1 parameter(s); using defaults fastd_period=8 fastd_matype=0
WARNING  momentum.FeatureEngineering.atomic.parameter_generator:parameter_generator.py:189 STOCHRSI combo [9, 5, 3] is missing 1 parameter(s); using defaults fastk_period=5 fastd_period=3 fastd_matype=0
WARNING  momentum.FeatureEngineering.atomic.parameter_generator:parameter_generator.py:189 STOCHRSI combo [14, 5, 3] is missing 1 parameter(s); using defaults fastk_period=5 fastd_period=3 fastd_matype=0
WARNING  momentum.FeatureEngineering.atomic.parameter_generator:parameter_generator.py:189 STOCHRSI combo [14, 3, 3] is missing 1 parameter(s); using defaults fastk_period=3 fastd_period=3 fastd_matype=0
WARNING  momentum.FeatureEngineering.atomic.parameter_generator:parameter_generator.py:189 STOCHRSI combo [21, 5, 3] is missing 1 parameter(s); using defaults fastk_period=5 fastd_period=3 fastd_matype=0
WARNING  momentum.FeatureEngineering.atomic.parameter_generator:parameter_generator.py:189 STOCHRSI combo [21, 8, 5] is missing 1 parameter(s); using defaults fastk_period=8 fastd_period=5 fastd_matype=0
WARNING  momentum.FeatureEngineering.atomic.parameter_generator:parameter_generator.py:189 STOCHRSI combo [34, 8, 5] is missing 1 parameter(s); using defaults fastk_period=8 fastd_period=5 fastd_matype=0
WARNING  momentum.FeatureEngineering.atomic.parameter_generator:parameter_generator.py:189 STOCHRSI combo [55, 8, 5] is missing 1 parameter(s); using defaults fastk_period=8 fastd_period=5 fastd_matype=0
WARNING  momentum.FeatureEngineering.atomic.parameter_generator:parameter_generator.py:144 STOCH combo [5, 3, 3] is missing 2 parameter(s); using defaults slowk=3 slowd=3 slowk_matype=0 slowd_matype=0
WARNING  momentum.FeatureEngineering.atomic.parameter_generator:parameter_generator.py:144 STOCH combo [8, 3, 3] is missing 2 parameter(s); using defaults slowk=3 slowd=3 slowk_matype=0 slowd_matype=0
WARNING  momentum.FeatureEngineering.atomic.parameter_generator:parameter_generator.py:144 STOCH combo [13, 3, 3] is missing 2 parameter(s); using defaults slowk=3 slowd=3 slowk_matype=0 slowd_matype=0
WARNING  momentum.FeatureEngineering.atomic.parameter_generator:parameter_generator.py:144 STOCH combo [13, 5, 3] is missing 2 parameter(s); using defaults slowk=5 slowd=3 slowk_matype=0 slowd_matype=0
WARNING  momentum.FeatureEngineering.atomic.parameter_generator:parameter_generator.py:144 STOCH combo [21, 3, 3] is missing 2 parameter(s); using defaults slowk=3 slowd=3 slowk_matype=0 slowd_matype=0
WARNING  momentum.FeatureEngineering.atomic.parameter_generator:parameter_generator.py:144 STOCH combo [21, 5, 3] is missing 2 parameter(s); using defaults slowk=5 slowd=3 slowk_matype=0 slowd_matype=0
WARNING  momentum.FeatureEngineering.atomic.parameter_generator:parameter_generator.py:144 STOCH combo [21, 5, 5] is missing 2 parameter(s); using defaults slowk=5 slowd=5 slowk_matype=0 slowd_matype=0
WARNING  momentum.FeatureEngineering.atomic.parameter_generator:parameter_generator.py:144 STOCH combo [34, 5, 3] is missing 2 parameter(s); using defaults slowk=5 slowd=3 slowk_matype=0 slowd_matype=0
WARNING  momentum.FeatureEngineering.atomic.parameter_generator:parameter_generator.py:144 STOCH combo [34, 5, 5] is missing 2 parameter(s); using defaults slowk=5 slowd=5 slowk_matype=0 slowd_matype=0
WARNING  momentum.FeatureEngineering.atomic.parameter_generator:parameter_generator.py:144 STOCH combo [55, 5, 5] is missing 2 parameter(s); using defaults slowk=5 slowd=5 slowk_matype=0 slowd_matype=0
WARNING  momentum.FeatureEngineering.atomic.parameter_generator:parameter_generator.py:144 STOCH combo [55, 8, 5] is missing 2 parameter(s); using defaults slowk=8 slowd=5 slowk_matype=0 slowd_matype=0
WARNING  momentum.FeatureEngineering.atomic.parameter_generator:parameter_generator.py:144 STOCH combo [89, 8, 5] is missing 2 parameter(s); using defaults slowk=8 slowd=5 slowk_matype=0 slowd_matype=0
WARNING  momentum.FeatureEngineering.atomic.parameter_generator:parameter_generator.py:170 STOCHF combo [5, 3] is missing 1 parameter(s); using defaults fastd_period=3 fastd_matype=0
WARNING  momentum.FeatureEngineering.atomic.parameter_generator:parameter_generator.py:170 STOCHF combo [8, 3] is missing 1 parameter(s); using defaults fastd_period=3 fastd_matype=0
WARNING  momentum.FeatureEngineering.atomic.parameter_generator:parameter_generator.py:170 STOCHF combo [13, 3] is missing 1 parameter(s); using defaults fastd_period=3 fastd_matype=0
WARNING  momentum.FeatureEngineering.atomic.parameter_generator:parameter_generator.py:170 STOCHF combo [21, 3] is missing 1 parameter(s); using defaults fastd_period=3 fastd_matype=0
WARNING  momentum.FeatureEngineering.atomic.parameter_generator:parameter_generator.py:170 STOCHF combo [21, 5] is missing 1 parameter(s); using defaults fastd_period=5 fastd_matype=0
WARNING  momentum.FeatureEngineering.atomic.parameter_generator:parameter_generator.py:170 STOCHF combo [34, 5] is missing 1 parameter(s); using defaults fastd_period=5 fastd_matype=0
WARNING  momentum.FeatureEngineering.atomic.parameter_generator:parameter_generator.py:170 STOCHF combo [55, 5] is missing 1 parameter(s); using defaults fastd_period=5 fastd_matype=0
WARNING  momentum.FeatureEngineering.atomic.parameter_generator:parameter_generator.py:170 STOCHF combo [89, 8] is missing 1 parameter(s); using defaults fastd_period=8 fastd_matype=0
WARNING  momentum.FeatureEngineering.atomic.parameter_generator:parameter_generator.py:189 STOCHRSI combo [9, 5, 3] is missing 1 parameter(s); using defaults fastk_period=5 fastd_period=3 fastd_matype=0
WARNING  momentum.FeatureEngineering.atomic.parameter_generator:parameter_generator.py:189 STOCHRSI combo [14, 5, 3] is missing 1 parameter(s); using defaults fastk_period=5 fastd_period=3 fastd_matype=0
WARNING  momentum.FeatureEngineering.atomic.parameter_generator:parameter_generator.py:189 STOCHRSI combo [14, 3, 3] is missing 1 parameter(s); using defaults fastk_period=3 fastd_period=3 fastd_matype=0
WARNING  momentum.FeatureEngineering.atomic.parameter_generator:parameter_generator.py:189 STOCHRSI combo [21, 5, 3] is missing 1 parameter(s); using defaults fastk_period=5 fastd_period=3 fastd_matype=0
WARNING  momentum.FeatureEngineering.atomic.parameter_generator:parameter_generator.py:189 STOCHRSI combo [21, 8, 5] is missing 1 parameter(s); using defaults fastk_period=8 fastd_period=5 fastd_matype=0
WARNING  momentum.FeatureEngineering.atomic.parameter_generator:parameter_generator.py:189 STOCHRSI combo [34, 8, 5] is missing 1 parameter(s); using defaults fastk_period=8 fastd_period=5 fastd_matype=0
WARNING  momentum.FeatureEngineering.atomic.parameter_generator:parameter_generator.py:189 STOCHRSI combo [55, 8, 5] is missing 1 parameter(s); using defaults fastk_period=8 fastd_period=5 fastd_matype=0
INFO     momentum.FeatureEngineering.adapters.crypto_spot_adapter:crypto_spot_adapter.py:56 Fetching spot data: BTCUSDT/1h
INFO     momentum.DataExtraction.kline_storage:kline_storage.py:1118 Read 20352 klines from BTCUSDT/1h in 0.008s
INFO     momentum.FeatureEngineering.adapters.adapter_registry:adapter_registry.py:64 Aligned data for BTCUSDT/1h: 20352 rows, 5 columns
INFO     momentum.FeatureEngineering.feature_factory:feature_factory.py:4360 [Layer 1] 0% - Starting Layer 1...
INFO     momentum.FeatureEngineering.feature_factory:feature_factory.py:672 Layer 1 starting, rss=589MB
WARNING  momentum.FeatureEngineering.atomic.parameter_generator:parameter_generator.py:144 STOCH combo [5, 3, 3] is missing 2 parameter(s); using defaults slowk=3 slowd=3 slowk_matype=0 slowd_matype=0
WARNING  momentum.FeatureEngineering.atomic.parameter_generator:parameter_generator.py:144 STOCH combo [8, 3, 3] is missing 2 parameter(s); using defaults slowk=3 slowd=3 slowk_matype=0 slowd_matype=0
WARNING  momentum.FeatureEngineering.atomic.parameter_generator:parameter_generator.py:144 STOCH combo [13, 3, 3] is missing 2 parameter(s); using defaults slowk=3 slowd=3 slowk_matype=0 slowd_matype=0
WARNING  momentum.FeatureEngineering.atomic.parameter_generator:parameter_generator.py:144 STOCH combo [13, 5, 3] is missing 2 parameter(s); using defaults slowk=5 slowd=3 slowk_matype=0 slowd_matype=0
WARNING  momentum.FeatureEngineering.atomic.parameter_generator:parameter_generator.py:144 STOCH combo [21, 3, 3] is missing 2 parameter(s); using defaults slowk=3 slowd=3 slowk_matype=0 slowd_matype=0
WARNING  momentum.FeatureEngineering.atomic.parameter_generator:parameter_generator.py:144 STOCH combo [21, 5, 3] is missing 2 parameter(s); using defaults slowk=5 slowd=3 slowk_matype=0 slowd_matype=0
WARNING  momentum.FeatureEngineering.atomic.parameter_generator:parameter_generator.py:144 STOCH combo [21, 5, 5] is missing 2 parameter(s); using defaults slowk=5 slowd=5 slowk_matype=0 slowd_matype=0
WARNING  momentum.FeatureEngineering.atomic.parameter_generator:parameter_generator.py:144 STOCH combo [34, 5, 3] is missing 2 parameter(s); using defaults slowk=5 slowd=3 slowk_matype=0 slowd_matype=0
WARNING  momentum.FeatureEngineering.atomic.parameter_generator:parameter_generator.py:144 STOCH combo [34, 5, 5] is missing 2 parameter(s); using defaults slowk=5 slowd=5 slowk_matype=0 slowd_matype=0
WARNING  momentum.FeatureEngineering.atomic.parameter_generator:parameter_generator.py:144 STOCH combo [55, 5, 5] is missing 2 parameter(s); using defaults slowk=5 slowd=5 slowk_matype=0 slowd_matype=0
WARNING  momentum.FeatureEngineering.atomic.parameter_generator:parameter_generator.py:144 STOCH combo [55, 8, 5] is missing 2 parameter(s); using defaults slowk=8 slowd=5 slowk_matype=0 slowd_matype=0
WARNING  momentum.FeatureEngineering.atomic.parameter_generator:parameter_generator.py:144 STOCH combo [89, 8, 5] is missing 2 parameter(s); using defaults slowk=8 slowd=5 slowk_matype=0 slowd_matype=0
WARNING  momentum.FeatureEngineering.atomic.parameter_generator:parameter_generator.py:170 STOCHF combo [5, 3] is missing 1 parameter(s); using defaults fastd_period=3 fastd_matype=0
WARNING  momentum.FeatureEngineering.atomic.parameter_generator:parameter_generator.py:170 STOCHF combo [8, 3] is missing 1 parameter(s); using defaults fastd_period=3 fastd_matype=0
WARNING  momentum.FeatureEngineering.atomic.parameter_generator:parameter_generator.py:170 STOCHF combo [13, 3] is missing 1 parameter(s); using defaults fastd_period=3 fastd_matype=0
WARNING  momentum.FeatureEngineering.atomic.parameter_generator:parameter_generator.py:170 STOCHF combo [21, 3] is missing 1 parameter(s); using defaults fastd_period=3 fastd_matype=0
WARNING  momentum.FeatureEngineering.atomic.parameter_generator:parameter_generator.py:170 STOCHF combo [21, 5] is missing 1 parameter(s); using defaults fastd_period=5 fastd_matype=0
WARNING  momentum.FeatureEngineering.atomic.parameter_generator:parameter_generator.py:170 STOCHF combo [34, 5] is missing 1 parameter(s); using defaults fastd_period=5 fastd_matype=0
WARNING  momentum.FeatureEngineering.atomic.parameter_generator:parameter_generator.py:170 STOCHF combo [55, 5] is missing 1 parameter(s); using defaults fastd_period=5 fastd_matype=0
WARNING  momentum.FeatureEngineering.atomic.parameter_generator:parameter_generator.py:170 STOCHF combo [89, 8] is missing 1 parameter(s); using defaults fastd_period=8 fastd_matype=0
WARNING  momentum.FeatureEngineering.atomic.parameter_generator:parameter_generator.py:189 STOCHRSI combo [9, 5, 3] is missing 1 parameter(s); using defaults fastk_period=5 fastd_period=3 fastd_matype=0
WARNING  momentum.FeatureEngineering.atomic.parameter_generator:parameter_generator.py:189 STOCHRSI combo [14, 5, 3] is missing 1 parameter(s); using defaults fastk_period=5 fastd_period=3 fastd_matype=0
WARNING  momentum.FeatureEngineering.atomic.parameter_generator:parameter_generator.py:189 STOCHRSI combo [14, 3, 3] is missing 1 parameter(s); using defaults fastk_period=3 fastd_period=3 fastd_matype=0
WARNING  momentum.FeatureEngineering.atomic.parameter_generator:parameter_generator.py:189 STOCHRSI combo [21, 5, 3] is missing 1 parameter(s); using defaults fastk_period=5 fastd_period=3 fastd_matype=0
WARNING  momentum.FeatureEngineering.atomic.parameter_generator:parameter_generator.py:189 STOCHRSI combo [21, 8, 5] is missing 1 parameter(s); using defaults fastk_period=8 fastd_period=5 fastd_matype=0
WARNING  momentum.FeatureEngineering.atomic.parameter_generator:parameter_generator.py:189 STOCHRSI combo [34, 8, 5] is missing 1 parameter(s); using defaults fastk_period=8 fastd_period=5 fastd_matype=0
WARNING  momentum.FeatureEngineering.atomic.parameter_generator:parameter_generator.py:189 STOCHRSI combo [55, 8, 5] is missing 1 parameter(s); using defaults fastk_period=8 fastd_period=5 fastd_matype=0
INFO     momentum.FeatureEngineering.feature_factory:feature_factory.py:4360 [Layer 1] 100% - Layer 1 completed: 898 features
INFO     momentum.FeatureEngineering.feature_factory:feature_factory.py:752 Layer 1 done: 898 cols, status=ok, rss=711MB
INFO     momentum.FeatureEngineering.feature_factory:feature_factory.py:4360 [Layer 2] 0% - Starting Layer 2...
INFO     momentum.FeatureEngineering.feature_factory:feature_factory.py:672 Layer 2 starting, rss=711MB
INFO     momentum.FeatureEngineering.feature_factory:feature_factory.py:1588 [L2] Starting derived features: 898 L1 cols
WARNING  momentum.FeatureEngineering.atomic.parameter_generator:parameter_generator.py:144 STOCH combo [5, 3, 3] is missing 2 parameter(s); using defaults slowk=3 slowd=3 slowk_matype=0 slowd_matype=0
WARNING  momentum.FeatureEngineering.atomic.parameter_generator:parameter_generator.py:144 STOCH combo [8, 3, 3] is missing 2 parameter(s); using defaults slowk=3 slowd=3 slowk_matype=0 slowd_matype=0
WARNING  momentum.FeatureEngineering.atomic.parameter_generator:parameter_generator.py:144 STOCH combo [13, 3, 3] is missing 2 parameter(s); using defaults slowk=3 slowd=3 slowk_matype=0 slowd_matype=0
WARNING  momentum.FeatureEngineering.atomic.parameter_generator:parameter_generator.py:144 STOCH combo [13, 5, 3] is missing 2 parameter(s); using defaults slowk=5 slowd=3 slowk_matype=0 slowd_matype=0
WARNING  momentum.FeatureEngineering.atomic.parameter_generator:parameter_generator.py:144 STOCH combo [21, 3, 3] is missing 2 parameter(s); using defaults slowk=3 slowd=3 slowk_matype=0 slowd_matype=0
WARNING  momentum.FeatureEngineering.atomic.parameter_generator:parameter_generator.py:144 STOCH combo [21, 5, 3] is missing 2 parameter(s); using defaults slowk=5 slowd=3 slowk_matype=0 slowd_matype=0
WARNING  momentum.FeatureEngineering.atomic.parameter_generator:parameter_generator.py:144 STOCH combo [21, 5, 5] is missing 2 parameter(s); using defaults slowk=5 slowd=5 slowk_matype=0 slowd_matype=0
WARNING  momentum.FeatureEngineering.atomic.parameter_generator:parameter_generator.py:144 STOCH combo [34, 5, 3] is missing 2 parameter(s); using defaults slowk=5 slowd=3 slowk_matype=0 slowd_matype=0
WARNING  momentum.FeatureEngineering.atomic.parameter_generator:parameter_generator.py:144 STOCH combo [34, 5, 5] is missing 2 parameter(s); using defaults slowk=5 slowd=5 slowk_matype=0 slowd_matype=0
WARNING  momentum.FeatureEngineering.atomic.parameter_generator:parameter_generator.py:144 STOCH combo [55, 5, 5] is missing 2 parameter(s); using defaults slowk=5 slowd=5 slowk_matype=0 slowd_matype=0
WARNING  momentum.FeatureEngineering.atomic.parameter_generator:parameter_generator.py:144 STOCH combo [55, 8, 5] is missing 2 parameter(s); using defaults slowk=8 slowd=5 slowk_matype=0 slowd_matype=0
WARNING  momentum.FeatureEngineering.atomic.parameter_generator:parameter_generator.py:144 STOCH combo [89, 8, 5] is missing 2 parameter(s); using defaults slowk=8 slowd=5 slowk_matype=0 slowd_matype=0
WARNING  momentum.FeatureEngineering.atomic.parameter_generator:parameter_generator.py:170 STOCHF combo [5, 3] is missing 1 parameter(s); using defaults fastd_period=3 fastd_matype=0
WARNING  momentum.FeatureEngineering.atomic.parameter_generator:parameter_generator.py:170 STOCHF combo [8, 3] is missing 1 parameter(s); using defaults fastd_period=3 fastd_matype=0
WARNING  momentum.FeatureEngineering.atomic.parameter_generator:parameter_generator.py:170 STOCHF combo [13, 3] is missing 1 parameter(s); using defaults fastd_period=3 fastd_matype=0
WARNING  momentum.FeatureEngineering.atomic.parameter_generator:parameter_generator.py:170 STOCHF combo [21, 3] is missing 1 parameter(s); using defaults fastd_period=3 fastd_matype=0
WARNING  momentum.FeatureEngineering.atomic.parameter_generator:parameter_generator.py:170 STOCHF combo [21, 5] is missing 1 parameter(s); using defaults fastd_period=5 fastd_matype=0
WARNING  momentum.FeatureEngineering.atomic.parameter_generator:parameter_generator.py:170 STOCHF combo [34, 5] is missing 1 parameter(s); using defaults fastd_period=5 fastd_matype=0
WARNING  momentum.FeatureEngineering.atomic.parameter_generator:parameter_generator.py:170 STOCHF combo [55, 5] is missing 1 parameter(s); using defaults fastd_period=5 fastd_matype=0
WARNING  momentum.FeatureEngineering.atomic.parameter_generator:parameter_generator.py:170 STOCHF combo [89, 8] is missing 1 parameter(s); using defaults fastd_period=8 fastd_matype=0
WARNING  momentum.FeatureEngineering.atomic.parameter_generator:parameter_generator.py:189 STOCHRSI combo [9, 5, 3] is missing 1 parameter(s); using defaults fastk_period=5 fastd_period=3 fastd_matype=0
WARNING  momentum.FeatureEngineering.atomic.parameter_generator:parameter_generator.py:189 STOCHRSI combo [14, 5, 3] is missing 1 parameter(s); using defaults fastk_period=5 fastd_period=3 fastd_matype=0
WARNING  momentum.FeatureEngineering.atomic.parameter_generator:parameter_generator.py:189 STOCHRSI combo [14, 3, 3] is missing 1 parameter(s); using defaults fastk_period=3 fastd_period=3 fastd_matype=0
WARNING  momentum.FeatureEngineering.atomic.parameter_generator:parameter_generator.py:189 STOCHRSI combo [21, 5, 3] is missing 1 parameter(s); using defaults fastk_period=5 fastd_period=3 fastd_matype=0
WARNING  momentum.FeatureEngineering.atomic.parameter_generator:parameter_generator.py:189 STOCHRSI combo [21, 8, 5] is missing 1 parameter(s); using defaults fastk_period=8 fastd_period=5 fastd_matype=0
WARNING  momentum.FeatureEngineering.atomic.parameter_generator:parameter_generator.py:189 STOCHRSI combo [34, 8, 5] is missing 1 parameter(s); using defaults fastk_period=8 fastd_period=5 fastd_matype=0
WARNING  momentum.FeatureEngineering.atomic.parameter_generator:parameter_generator.py:189 STOCHRSI combo [55, 8, 5] is missing 1 parameter(s); using defaults fastk_period=8 fastd_period=5 fastd_matype=0
INFO     momentum.FeatureEngineering.feature_factory:feature_factory.py:1623 [L2] Completed: 11621 cols in 8.08s
INFO     momentum.FeatureEngineering.feature_factory:feature_factory.py:4360 [Layer 2] 100% - Layer 2 completed: 11621 features
INFO     momentum.FeatureEngineering.feature_factory:feature_factory.py:752 Layer 2 done: 11621 cols, status=ok, rss=2348MB
INFO     momentum.FeatureEngineering.feature_factory:feature_factory.py:4360 [Layer 3] 0% - Starting Layer 3...
INFO     momentum.FeatureEngineering.feature_factory:feature_factory.py:672 Layer 3 starting, rss=2348MB
INFO     momentum.FeatureEngineering.operators.rolling_aggregator:rolling_aggregator.py:616 [L3 streaming][numba][multi] step 10/20 (W5_range): 898→898 cols (-0 dead)
INFO     momentum.FeatureEngineering.operators.rolling_aggregator:rolling_aggregator.py:616 [L3 streaming][numba][multi] step 20/20 (W13_range): 898→898 cols (-0 dead)
INFO     momentum.FeatureEngineering.operators.rolling_aggregator:rolling_aggregator.py:635 [L3 streaming][numba][multi] complete: 17960 total generated, 0 dead dropped, 17960 survivors
INFO     momentum.FeatureEngineering.feature_factory:feature_factory.py:4360 [Layer 3] 100% - Layer 3 completed: 17960 features
INFO     momentum.FeatureEngineering.feature_factory:feature_factory.py:752 Layer 3 done: 17960 cols, status=ok, rss=1291MB
INFO     momentum.FeatureEngineering.feature_factory:feature_factory.py:4360 [Layer 4] 0% - Starting Layer 4...
INFO     momentum.FeatureEngineering.feature_factory:feature_factory.py:672 Layer 4 starting, rss=1291MB
INFO     momentum.FeatureEngineering.feature_factory:feature_factory.py:4360 [Layer 4] 100% - Layer 4 completed: 7224 features
INFO     momentum.FeatureEngineering.feature_factory:feature_factory.py:752 Layer 4 done: 7224 cols, status=ok, rss=477MB
INFO     momentum.FeatureEngineering.feature_factory:feature_factory.py:4360 [Layer 5] 0% - Starting Layer 5...
INFO     momentum.FeatureEngineering.feature_factory:feature_factory.py:672 Layer 5 starting, rss=477MB
INFO     momentum.FeatureEngineering.feature_factory:feature_factory.py:4360 [Layer 5] 100% - Layer 5 completed: 0 features
INFO     momentum.FeatureEngineering.feature_factory:feature_factory.py:752 Layer 5 done: 0 cols, status=empty_disabled, rss=477MB
INFO     momentum.FeatureEngineering.feature_factory:feature_factory.py:4360 [Layer 6] 0% - Starting Layer 6...
INFO     momentum.FeatureEngineering.feature_factory:feature_factory.py:672 Layer 6 starting, rss=477MB
INFO     momentum.FeatureEngineering.feature_factory:feature_factory.py:4360 [Layer 6] 100% - Layer 6 completed: 10 features
INFO     momentum.FeatureEngineering.feature_factory:feature_factory.py:752 Layer 6 done: 10 cols, status=ok, rss=480MB
INFO     momentum.FeatureEngineering.memmap_utils:memmap_utils.py:167 [memmap concat] 5 DFs → 37713 cols × 4811 rows ≈ 0.73 GB → disk-backed
INFO     momentum.FeatureEngineering.memmap_utils:memmap_utils.py:109 [memmap] created: shape=(4811, 37713), dtype=<class 'numpy.float32'>, est=0.73 GB  (file auto-unlinked)
INFO     momentum.FeatureEngineering.memmap_utils:memmap_utils.py:188 [memmap concat] copying DF 1/5 (898 cols)
INFO     momentum.FeatureEngineering.memmap_utils:memmap_utils.py:188 [memmap concat] copying DF 2/5 (11621 cols)
INFO     momentum.FeatureEngineering.memmap_utils:memmap_utils.py:188 [memmap concat] copying DF 3/5 (17960 cols)
INFO     momentum.FeatureEngineering.memmap_utils:memmap_utils.py:188 [memmap concat] copying DF 4/5 (7224 cols)
INFO     momentum.FeatureEngineering.memmap_utils:memmap_utils.py:188 [memmap concat] copying DF 5/5 (10 cols)
INFO     momentum.FeatureEngineering.feature_factory:feature_factory.py:1249 [CGSA] Initialized ColumnGroupRegistry at /private/var/folders/_c/3xdf41hd3tvgxpx63mrml2c00000gn/T/pytest-of-louis/pytest-9/test_small_mutation_numba_roll0/cgsa_work (tier=8gb, buffer_groups=0)
INFO     momentum.FeatureEngineering.adapters.crypto_spot_adapter:crypto_spot_adapter.py:56 Fetching spot data: BTCUSDT/1h
INFO     momentum.DataExtraction.kline_storage:kline_storage.py:1118 Read 20352 klines from BTCUSDT/1h in 0.059s
INFO     momentum.FeatureEngineering.adapters.adapter_registry:adapter_registry.py:64 Aligned data for BTCUSDT/1h: 20352 rows, 5 columns
INFO     momentum.FeatureEngineering.feature_factory:feature_factory.py:4360 [Layer 1] 0% - Starting Layer 1...
INFO     momentum.FeatureEngineering.feature_factory:feature_factory.py:672 Layer 1 starting, rss=2441MB
WARNING  momentum.FeatureEngineering.atomic.parameter_generator:parameter_generator.py:144 STOCH combo [5, 3, 3] is missing 2 parameter(s); using defaults slowk=3 slowd=3 slowk_matype=0 slowd_matype=0
WARNING  momentum.FeatureEngineering.atomic.parameter_generator:parameter_generator.py:144 STOCH combo [8, 3, 3] is missing 2 parameter(s); using defaults slowk=3 slowd=3 slowk_matype=0 slowd_matype=0
WARNING  momentum.FeatureEngineering.atomic.parameter_generator:parameter_generator.py:144 STOCH combo [13, 3, 3] is missing 2 parameter(s); using defaults slowk=3 slowd=3 slowk_matype=0 slowd_matype=0
WARNING  momentum.FeatureEngineering.atomic.parameter_generator:parameter_generator.py:144 STOCH combo [13, 5, 3] is missing 2 parameter(s); using defaults slowk=5 slowd=3 slowk_matype=0 slowd_matype=0
WARNING  momentum.FeatureEngineering.atomic.parameter_generator:parameter_generator.py:144 STOCH combo [21, 3, 3] is missing 2 parameter(s); using defaults slowk=3 slowd=3 slowk_matype=0 slowd_matype=0
WARNING  momentum.FeatureEngineering.atomic.parameter_generator:parameter_generator.py:144 STOCH combo [21, 5, 3] is missing 2 parameter(s); using defaults slowk=5 slowd=3 slowk_matype=0 slowd_matype=0
WARNING  momentum.FeatureEngineering.atomic.parameter_generator:parameter_generator.py:144 STOCH combo [21, 5, 5] is missing 2 parameter(s); using defaults slowk=5 slowd=5 slowk_matype=0 slowd_matype=0
WARNING  momentum.FeatureEngineering.atomic.parameter_generator:parameter_generator.py:144 STOCH combo [34, 5, 3] is missing 2 parameter(s); using defaults slowk=5 slowd=3 slowk_matype=0 slowd_matype=0
WARNING  momentum.FeatureEngineering.atomic.parameter_generator:parameter_generator.py:144 STOCH combo [34, 5, 5] is missing 2 parameter(s); using defaults slowk=5 slowd=5 slowk_matype=0 slowd_matype=0
WARNING  momentum.FeatureEngineering.atomic.parameter_generator:parameter_generator.py:144 STOCH combo [55, 5, 5] is missing 2 parameter(s); using defaults slowk=5 slowd=5 slowk_matype=0 slowd_matype=0
WARNING  momentum.FeatureEngineering.atomic.parameter_generator:parameter_generator.py:144 STOCH combo [55, 8, 5] is missing 2 parameter(s); using defaults slowk=8 slowd=5 slowk_matype=0 slowd_matype=0
WARNING  momentum.FeatureEngineering.atomic.parameter_generator:parameter_generator.py:144 STOCH combo [89, 8, 5] is missing 2 parameter(s); using defaults slowk=8 slowd=5 slowk_matype=0 slowd_matype=0
WARNING  momentum.FeatureEngineering.atomic.parameter_generator:parameter_generator.py:170 STOCHF combo [5, 3] is missing 1 parameter(s); using defaults fastd_period=3 fastd_matype=0
WARNING  momentum.FeatureEngineering.atomic.parameter_generator:parameter_generator.py:170 STOCHF combo [8, 3] is missing 1 parameter(s); using defaults fastd_period=3 fastd_matype=0
WARNING  momentum.FeatureEngineering.atomic.parameter_generator:parameter_generator.py:170 STOCHF combo [13, 3] is missing 1 parameter(s); using defaults fastd_period=3 fastd_matype=0
WARNING  momentum.FeatureEngineering.atomic.parameter_generator:parameter_generator.py:170 STOCHF combo [21, 3] is missing 1 parameter(s); using defaults fastd_period=3 fastd_matype=0
WARNING  momentum.FeatureEngineering.atomic.parameter_generator:parameter_generator.py:170 STOCHF combo [21, 5] is missing 1 parameter(s); using defaults fastd_period=5 fastd_matype=0
WARNING  momentum.FeatureEngineering.atomic.parameter_generator:parameter_generator.py:170 STOCHF combo [34, 5] is missing 1 parameter(s); using defaults fastd_period=5 fastd_matype=0
WARNING  momentum.FeatureEngineering.atomic.parameter_generator:parameter_generator.py:170 STOCHF combo [55, 5] is missing 1 parameter(s); using defaults fastd_period=5 fastd_matype=0
WARNING  momentum.FeatureEngineering.atomic.parameter_generator:parameter_generator.py:170 STOCHF combo [89, 8] is missing 1 parameter(s); using defaults fastd_period=8 fastd_matype=0
WARNING  momentum.FeatureEngineering.atomic.parameter_generator:parameter_generator.py:189 STOCHRSI combo [9, 5, 3] is missing 1 parameter(s); using defaults fastk_period=5 fastd_period=3 fastd_matype=0
WARNING  momentum.FeatureEngineering.atomic.parameter_generator:parameter_generator.py:189 STOCHRSI combo [14, 5, 3] is missing 1 parameter(s); using defaults fastk_period=5 fastd_period=3 fastd_matype=0
WARNING  momentum.FeatureEngineering.atomic.parameter_generator:parameter_generator.py:189 STOCHRSI combo [14, 3, 3] is missing 1 parameter(s); using defaults fastk_period=3 fastd_period=3 fastd_matype=0
WARNING  momentum.FeatureEngineering.atomic.parameter_generator:parameter_generator.py:189 STOCHRSI combo [21, 5, 3] is missing 1 parameter(s); using defaults fastk_period=5 fastd_period=3 fastd_matype=0
WARNING  momentum.FeatureEngineering.atomic.parameter_generator:parameter_generator.py:189 STOCHRSI combo [21, 8, 5] is missing 1 parameter(s); using defaults fastk_period=8 fastd_period=5 fastd_matype=0
WARNING  momentum.FeatureEngineering.atomic.parameter_generator:parameter_generator.py:189 STOCHRSI combo [34, 8, 5] is missing 1 parameter(s); using defaults fastk_period=8 fastd_period=5 fastd_matype=0
WARNING  momentum.FeatureEngineering.atomic.parameter_generator:parameter_generator.py:189 STOCHRSI combo [55, 8, 5] is missing 1 parameter(s); using defaults fastk_period=8 fastd_period=5 fastd_matype=0
INFO     momentum.FeatureEngineering.feature_factory:feature_factory.py:4360 [Layer 1] 100% - Layer 1 completed: 898 features
INFO     momentum.FeatureEngineering.feature_factory:feature_factory.py:752 Layer 1 done: 898 cols, status=ok, rss=2687MB
INFO     momentum.FeatureEngineering.feature_factory:feature_factory.py:4360 [Layer 2] 0% - Starting Layer 2...
INFO     momentum.FeatureEngineering.feature_factory:feature_factory.py:672 Layer 2 starting, rss=2687MB
INFO     momentum.FeatureEngineering.feature_factory:feature_factory.py:1588 [L2] Starting derived features: 898 L1 cols
WARNING  momentum.FeatureEngineering.atomic.parameter_generator:parameter_generator.py:144 STOCH combo [5, 3, 3] is missing 2 parameter(s); using defaults slowk=3 slowd=3 slowk_matype=0 slowd_matype=0
WARNING  momentum.FeatureEngineering.atomic.parameter_generator:parameter_generator.py:144 STOCH combo [8, 3, 3] is missing 2 parameter(s); using defaults slowk=3 slowd=3 slowk_matype=0 slowd_matype=0
WARNING  momentum.FeatureEngineering.atomic.parameter_generator:parameter_generator.py:144 STOCH combo [13, 3, 3] is missing 2 parameter(s); using defaults slowk=3 slowd=3 slowk_matype=0 slowd_matype=0
WARNING  momentum.FeatureEngineering.atomic.parameter_generator:parameter_generator.py:144 STOCH combo [13, 5, 3] is missing 2 parameter(s); using defaults slowk=5 slowd=3 slowk_matype=0 slowd_matype=0
WARNING  momentum.FeatureEngineering.atomic.parameter_generator:parameter_generator.py:144 STOCH combo [21, 3, 3] is missing 2 parameter(s); using defaults slowk=3 slowd=3 slowk_matype=0 slowd_matype=0
WARNING  momentum.FeatureEngineering.atomic.parameter_generator:parameter_generator.py:144 STOCH combo [21, 5, 3] is missing 2 parameter(s); using defaults slowk=5 slowd=3 slowk_matype=0 slowd_matype=0
WARNING  momentum.FeatureEngineering.atomic.parameter_generator:parameter_generator.py:144 STOCH combo [21, 5, 5] is missing 2 parameter(s); using defaults slowk=5 slowd=5 slowk_matype=0 slowd_matype=0
WARNING  momentum.FeatureEngineering.atomic.parameter_generator:parameter_generator.py:144 STOCH combo [34, 5, 3] is missing 2 parameter(s); using defaults slowk=5 slowd=3 slowk_matype=0 slowd_matype=0
WARNING  momentum.FeatureEngineering.atomic.parameter_generator:parameter_generator.py:144 STOCH combo [34, 5, 5] is missing 2 parameter(s); using defaults slowk=5 slowd=5 slowk_matype=0 slowd_matype=0
WARNING  momentum.FeatureEngineering.atomic.parameter_generator:parameter_generator.py:144 STOCH combo [55, 5, 5] is missing 2 parameter(s); using defaults slowk=5 slowd=5 slowk_matype=0 slowd_matype=0
WARNING  momentum.FeatureEngineering.atomic.parameter_generator:parameter_generator.py:144 STOCH combo [55, 8, 5] is missing 2 parameter(s); using defaults slowk=8 slowd=5 slowk_matype=0 slowd_matype=0
WARNING  momentum.FeatureEngineering.atomic.parameter_generator:parameter_generator.py:144 STOCH combo [89, 8, 5] is missing 2 parameter(s); using defaults slowk=8 slowd=5 slowk_matype=0 slowd_matype=0
WARNING  momentum.FeatureEngineering.atomic.parameter_generator:parameter_generator.py:170 STOCHF combo [5, 3] is missing 1 parameter(s); using defaults fastd_period=3 fastd_matype=0
WARNING  momentum.FeatureEngineering.atomic.parameter_generator:parameter_generator.py:170 STOCHF combo [8, 3] is missing 1 parameter(s); using defaults fastd_period=3 fastd_matype=0
WARNING  momentum.FeatureEngineering.atomic.parameter_generator:parameter_generator.py:170 STOCHF combo [13, 3] is missing 1 parameter(s); using defaults fastd_period=3 fastd_matype=0
WARNING  momentum.FeatureEngineering.atomic.parameter_generator:parameter_generator.py:170 STOCHF combo [21, 3] is missing 1 parameter(s); using defaults fastd_period=3 fastd_matype=0
WARNING  momentum.FeatureEngineering.atomic.parameter_generator:parameter_generator.py:170 STOCHF combo [21, 5] is missing 1 parameter(s); using defaults fastd_period=5 fastd_matype=0
WARNING  momentum.FeatureEngineering.atomic.parameter_generator:parameter_generator.py:170 STOCHF combo [34, 5] is missing 1 parameter(s); using defaults fastd_period=5 fastd_matype=0
WARNING  momentum.FeatureEngineering.atomic.parameter_generator:parameter_generator.py:170 STOCHF combo [55, 5] is missing 1 parameter(s); using defaults fastd_period=5 fastd_matype=0
WARNING  momentum.FeatureEngineering.atomic.parameter_generator:parameter_generator.py:170 STOCHF combo [89, 8] is missing 1 parameter(s); using defaults fastd_period=8 fastd_matype=0
WARNING  momentum.FeatureEngineering.atomic.parameter_generator:parameter_generator.py:189 STOCHRSI combo [9, 5, 3] is missing 1 parameter(s); using defaults fastk_period=5 fastd_period=3 fastd_matype=0
WARNING  momentum.FeatureEngineering.atomic.parameter_generator:parameter_generator.py:189 STOCHRSI combo [14, 5, 3] is missing 1 parameter(s); using defaults fastk_period=5 fastd_period=3 fastd_matype=0
WARNING  momentum.FeatureEngineering.atomic.parameter_generator:parameter_generator.py:189 STOCHRSI combo [14, 3, 3] is missing 1 parameter(s); using defaults fastk_period=3 fastd_period=3 fastd_matype=0
WARNING  momentum.FeatureEngineering.atomic.parameter_generator:parameter_generator.py:189 STOCHRSI combo [21, 5, 3] is missing 1 parameter(s); using defaults fastk_period=5 fastd_period=3 fastd_matype=0
WARNING  momentum.FeatureEngineering.atomic.parameter_generator:parameter_generator.py:189 STOCHRSI combo [21, 8, 5] is missing 1 parameter(s); using defaults fastk_period=8 fastd_period=5 fastd_matype=0
WARNING  momentum.FeatureEngineering.atomic.parameter_generator:parameter_generator.py:189 STOCHRSI combo [34, 8, 5] is missing 1 parameter(s); using defaults fastk_period=8 fastd_period=5 fastd_matype=0
WARNING  momentum.FeatureEngineering.atomic.parameter_generator:parameter_generator.py:189 STOCHRSI combo [55, 8, 5] is missing 1 parameter(s); using defaults fastk_period=8 fastd_period=5 fastd_matype=0
INFO     momentum.FeatureEngineering.feature_factory:feature_factory.py:1437 [CGSA] L2 persisted group=1h_L2_Momentum shards=3 total_bytes=257.4 MiB
INFO     momentum.FeatureEngineering.feature_factory:feature_factory.py:1623 [L2] Completed: 11621 cols in 26.02s
INFO     momentum.FeatureEngineering.feature_factory:feature_factory.py:4360 [Layer 2] 100% - Layer 2 completed: 11621 features
INFO     momentum.FeatureEngineering.feature_factory:feature_factory.py:752 Layer 2 done: 11621 cols, status=ok, rss=1787MB
INFO     momentum.FeatureEngineering.memmap_utils:memmap_utils.py:109 [memmap] created: shape=(7514, 11621), dtype=<class 'numpy.float32'>, est=0.35 GB  (file auto-unlinked)
INFO     momentum.FeatureEngineering.feature_factory:feature_factory.py:590 [spill] layer2: 7514×11621 → float32 memmap in 0.6s (freed ~0.7 GB float64)
INFO     momentum.FeatureEngineering.feature_factory:feature_factory.py:4360 [Layer 3] 0% - Starting Layer 3...
INFO     momentum.FeatureEngineering.feature_factory:feature_factory.py:672 Layer 3 starting, rss=2278MB
INFO     momentum.FeatureEngineering.operators.rolling_aggregator:rolling_aggregator.py:595 [L3 streaming][numba][multi][persist] step 10/20 (W5_range): 898→898 cols (-0 dead)
INFO     momentum.FeatureEngineering.operators.rolling_aggregator:rolling_aggregator.py:595 [L3 streaming][numba][multi][persist] step 20/20 (W13_range): 898→898 cols (-0 dead)
INFO     momentum.FeatureEngineering.operators.rolling_aggregator:rolling_aggregator.py:599 [L3 streaming][numba][multi][persist] complete: 17960 generated, 4 dropped, 17956 survivors persisted via callback
INFO     momentum.FeatureEngineering.feature_factory:feature_factory.py:1826 [L3] streaming persist (mode=streaming) complete: 17956 cols persisted in 20 groups
INFO     momentum.FeatureEngineering.feature_factory:feature_factory.py:4360 [Layer 3] 100% - Layer 3 completed: 0 features
INFO     momentum.FeatureEngineering.feature_factory:feature_factory.py:752 Layer 3 done: 0 cols, status=offloaded_to_registry, rss=1829MB
INFO     momentum.FeatureEngineering.feature_factory:feature_factory.py:4360 [Layer 4] 0% - Starting Layer 4...
INFO     momentum.FeatureEngineering.feature_factory:feature_factory.py:672 Layer 4 starting, rss=1829MB
INFO     momentum.FeatureEngineering.feature_factory:feature_factory.py:4360 [Layer 4] 100% - Layer 4 completed: 7224 features
INFO     momentum.FeatureEngineering.feature_factory:feature_factory.py:752 Layer 4 done: 7224 cols, status=ok, rss=1543MB
INFO     momentum.FeatureEngineering.feature_factory:feature_factory.py:4360 [Layer 5] 0% - Starting Layer 5...
INFO     momentum.FeatureEngineering.feature_factory:feature_factory.py:672 Layer 5 starting, rss=1543MB
INFO     momentum.FeatureEngineering.feature_factory:feature_factory.py:4360 [Layer 5] 100% - Layer 5 completed: 0 features
INFO     momentum.FeatureEngineering.feature_factory:feature_factory.py:752 Layer 5 done: 0 cols, status=empty_disabled, rss=1544MB
INFO     momentum.FeatureEngineering.feature_factory:feature_factory.py:4360 [Layer 6] 0% - Starting Layer 6...
INFO     momentum.FeatureEngineering.feature_factory:feature_factory.py:672 Layer 6 starting, rss=1544MB
INFO     momentum.FeatureEngineering.feature_factory:feature_factory.py:4360 [Layer 6] 100% - Layer 6 completed: 10 features
INFO     momentum.FeatureEngineering.feature_factory:feature_factory.py:752 Layer 6 done: 10 cols, status=ok, rss=1545MB
INFO     momentum.FeatureEngineering.core.column_group_registry:column_group_registry.py:1048 [CGSA] Disk pre-check OK: layer=L4_lag symbol=BTCUSDT tf=1h need=2.39 GiB (planned_new=0.20 GiB, max_inflight_tmp×2=0.19 GiB, reserve=2.00 GiB) free=32.94 GiB shape=(7514, 7224)
INFO     momentum.FeatureEngineering.feature_factory:feature_factory.py:1437 [CGSA] L4_lag persisted group=1h_L4_lag_1 shards=2 total_bytes=143.3 MiB
INFO     momentum.FeatureEngineering.feature_factory:feature_factory.py:1416 [CGSA] Persisted L4_lag: 7224 cols → 2 groups (tf=1h)
INFO     momentum.FeatureEngineering.core.column_group_registry:column_group_registry.py:1048 [CGSA] Disk pre-check OK: layer=L6_meta symbol=BTCUSDT tf=1h need=2.00 GiB (planned_new=0.00 GiB, max_inflight_tmp×2=0.00 GiB, reserve=2.00 GiB) free=32.74 GiB shape=(7514, 10)
INFO     momentum.FeatureEngineering.feature_factory:feature_factory.py:1416 [CGSA] Persisted L6_meta: 10 cols → 1 groups (tf=1h)
INFO     momentum.FeatureEngineering.feature_factory:feature_factory.py:3491 [L7][CGSA] Quality summary: inf_count=0, coverage=0.9513, non_nan=269545732/283345426
INFO     momentum.FeatureEngineering.feature_storage:feature_storage.py:3104 [L7_raw] Disk pre-check OK: required=2.00 GiB (safety x1.50), estimated_final=0.53 GiB, reclaimable_npy=1.06 GiB, net_growth=0.00 GiB, max_inflight_part=0.14 GiB, largest_part_source=1h_L2_Momentum, reserve_floor=2.00 GiB, free=32.73 GiB, groups=241
INFO     momentum.FeatureEngineering.preprocessing.feature_preprocessor:feature_preprocessor.py:850 [L6.5] raw-sink path uses serial group streaming for disk safety (requested_workers=2)
INFO     momentum.FeatureEngineering.preprocessing.feature_preprocessor:feature_preprocessor.py:857 [L6.5] Registry raw-sink config: groups=241 requested_workers=2 effective_workers=1 mode=append use_fast=False can_use_numba_fast=False winsor=True rank=False zscore=False fracdiff=False fracdiff_apply_to=non_stationary fracdiff_layers=['L1', 'L2'] adf=False gaussian=False
INFO     momentum.FeatureEngineering.preprocessing.feature_preprocessor:feature_preprocessor.py:921 [L6.5] Raw-sink start: 238 full groups (fast=0, slow=238) + 3 big-group splits → 248 sub-tasks (requested_workers=2, effective_workers=1, split_threshold=2000, slow_chunked=3, max_group_cols=8980, schedule=largest_first, rss=630MB)
INFO     momentum.FeatureEngineering.preprocessing.feature_preprocessor:feature_preprocessor.py:2534 [L6.5] raw-sink chunk stream start: group=1h_L2_Momentum cols=8980 chunks=5 chunk_size=2000 rss=888MB
INFO     momentum.FeatureEngineering.preprocessing.feature_preprocessor:feature_preprocessor.py:2597 [L6.5] raw-sink chunk stream complete: group=1h_L2_Momentum chunks=5 outputs=5 rss=1728MB
INFO     momentum.FeatureEngineering.preprocessing.feature_preprocessor:feature_preprocessor.py:2534 [L6.5] raw-sink chunk stream start: group=1h_L4_lag_1 cols=5000 chunks=3 chunk_size=2000 rss=1684MB
INFO     momentum.FeatureEngineering.preprocessing.feature_preprocessor:feature_preprocessor.py:2597 [L6.5] raw-sink chunk stream complete: group=1h_L4_lag_1 chunks=3 outputs=3 rss=1535MB
INFO     momentum.FeatureEngineering.preprocessing.feature_preprocessor:feature_preprocessor.py:1050 [L6.5] raw-sink heartbeat: tasks 8/248 (3.2%), groups 2/241, elapsed=36.5s, rate=0.22/s, ETA=1096s, rss=1535MB, last=1h_L4_lag_1 (slow-chunked, parts=3)
INFO     momentum.FeatureEngineering.preprocessing.feature_preprocessor:feature_preprocessor.py:2534 [L6.5] raw-sink chunk stream start: group=1h_L4_lag_2 cols=2224 chunks=2 chunk_size=2000 rss=1535MB
INFO     momentum.FeatureEngineering.preprocessing.feature_preprocessor:feature_preprocessor.py:2597 [L6.5] raw-sink chunk stream complete: group=1h_L4_lag_2 chunks=2 outputs=2 rss=1400MB
INFO     momentum.FeatureEngineering.preprocessing.feature_preprocessor:feature_preprocessor.py:1050 [L6.5] raw-sink heartbeat: tasks 20/248 (8.1%), groups 13/241, elapsed=67.4s, rate=0.30/s, ETA=768s, rss=1550MB, last=1h_L3_rolling_W13_Std_1 (full)
INFO     momentum.FeatureEngineering.preprocessing.feature_preprocessor:feature_preprocessor.py:1050 [L6.5] raw-sink heartbeat: tasks 32/248 (12.9%), groups 25/241, elapsed=95.8s, rate=0.33/s, ETA=647s, rss=1552MB, last=1h_L3_rolling_W5_ZScore_1 (full)
INFO     momentum.FeatureEngineering.preprocessing.feature_preprocessor:feature_preprocessor.py:1050 [L6.5] raw-sink heartbeat: tasks 44/248 (17.7%), groups 37/241, elapsed=98.3s, rate=0.45/s, ETA=456s, rss=1579MB, last=1h_L1_momentum_TRIX (full)
INFO     momentum.FeatureEngineering.preprocessing.feature_preprocessor:feature_preprocessor.py:1050 [L6.5] raw-sink heartbeat: tasks 56/248 (22.6%), groups 49/241, elapsed=99.8s, rate=0.56/s, ETA=342s, rss=1580MB, last=1h_L1_trend_BBANDS-Upper (full)
INFO     momentum.FeatureEngineering.preprocessing.feature_preprocessor:feature_preprocessor.py:1050 [L6.5] raw-sink heartbeat: tasks 68/248 (27.4%), groups 61/241, elapsed=101.1s, rate=0.67/s, ETA=268s, rss=1580MB, last=1h_L1_momentum_DX (full)
INFO     momentum.FeatureEngineering.preprocessing.feature_preprocessor:feature_preprocessor.py:1050 [L6.5] raw-sink heartbeat: tasks 80/248 (32.3%), groups 73/241, elapsed=102.3s, rate=0.78/s, ETA=215s, rss=1580MB, last=1h_L1_momentum_APO_34-144-0 (full)
INFO     momentum.FeatureEngineering.preprocessing.feature_preprocessor:feature_preprocessor.py:1050 [L6.5] raw-sink heartbeat: tasks 92/248 (37.1%), groups 85/241, elapsed=103.3s, rate=0.89/s, ETA=175s, rss=1580MB, last=1h_L1_momentum_MACD-Hist_21-89-13 (full)
INFO     momentum.FeatureEngineering.preprocessing.feature_preprocessor:feature_preprocessor.py:1050 [L6.5] raw-sink heartbeat: tasks 104/248 (41.9%), groups 97/241, elapsed=104.4s, rate=1.00/s, ETA=145s, rss=1580MB, last=1h_L1_momentum_MACD-Line_21-55-9 (full)
INFO     momentum.FeatureEngineering.preprocessing.feature_preprocessor:feature_preprocessor.py:1050 [L6.5] raw-sink heartbeat: tasks 116/248 (46.8%), groups 109/241, elapsed=105.4s, rate=1.10/s, ETA=120s, rss=1580MB, last=1h_L1_momentum_MACD-Signal_13-55-13 (full)
INFO     momentum.FeatureEngineering.preprocessing.feature_preprocessor:feature_preprocessor.py:1050 [L6.5] raw-sink heartbeat: tasks 128/248 (51.6%), groups 121/241, elapsed=106.5s, rate=1.20/s, ETA=100s, rss=1580MB, last=1h_L1_momentum_MACDEXT-Hist_13-34-9 (full)
INFO     momentum.FeatureEngineering.preprocessing.feature_preprocessor:feature_preprocessor.py:1050 [L6.5] raw-sink heartbeat: tasks 140/248 (56.5%), groups 133/241, elapsed=107.5s, rate=1.30/s, ETA=83s, rss=1580MB, last=1h_L1_momentum_MACDEXT-Line_12-26-9 (full)
INFO     momentum.FeatureEngineering.preprocessing.feature_preprocessor:feature_preprocessor.py:1050 [L6.5] raw-sink heartbeat: tasks 152/248 (61.3%), groups 145/241, elapsed=108.6s, rate=1.40/s, ETA=69s, rss=1580MB, last=1h_L1_momentum_MACDEXT-Line_8-34-9 (full)
INFO     momentum.FeatureEngineering.preprocessing.feature_preprocessor:feature_preprocessor.py:1050 [L6.5] raw-sink heartbeat: tasks 164/248 (66.1%), groups 157/241, elapsed=109.6s, rate=1.50/s, ETA=56s, rss=1580MB, last=1h_L1_momentum_MACDEXT-Signal_8-21-5 (full)
INFO     momentum.FeatureEngineering.preprocessing.feature_preprocessor:feature_preprocessor.py:1050 [L6.5] raw-sink heartbeat: tasks 176/248 (71.0%), groups 169/241, elapsed=110.7s, rate=1.59/s, ETA=45s, rss=1580MB, last=1h_L1_momentum_PPO_55-233-0 (full)
INFO     momentum.FeatureEngineering.preprocessing.feature_preprocessor:feature_preprocessor.py:1050 [L6.5] raw-sink heartbeat: tasks 188/248 (75.8%), groups 181/241, elapsed=111.7s, rate=1.68/s, ETA=36s, rss=1580MB, last=1h_L1_momentum_STOCHRSI-fastk_21-5-3-0 (full)
INFO     momentum.FeatureEngineering.preprocessing.feature_preprocessor:feature_preprocessor.py:1050 [L6.5] raw-sink heartbeat: tasks 200/248 (80.6%), groups 193/241, elapsed=112.8s, rate=1.77/s, ETA=27s, rss=1586MB, last=1h_L1_momentum_STOCH-slowd_21-5-0-3-0 (full)
INFO     momentum.FeatureEngineering.preprocessing.feature_preprocessor:feature_preprocessor.py:1050 [L6.5] raw-sink heartbeat: tasks 212/248 (85.5%), groups 205/241, elapsed=113.8s, rate=1.86/s, ETA=19s, rss=1586MB, last=1h_L1_momentum_STOCH-slowk_21-5-0-3-0 (full)
INFO     momentum.FeatureEngineering.preprocessing.feature_preprocessor:feature_preprocessor.py:1050 [L6.5] raw-sink heartbeat: tasks 224/248 (90.3%), groups 217/241, elapsed=114.8s, rate=1.95/s, ETA=12s, rss=1586MB, last=1h_L1_momentum_STOCHF-fastd_34-5-0 (full)
INFO     momentum.FeatureEngineering.preprocessing.feature_preprocessor:feature_preprocessor.py:1050 [L6.5] raw-sink heartbeat: tasks 236/248 (95.2%), groups 229/241, elapsed=115.9s, rate=2.04/s, ETA=6s, rss=1586MB, last=1h_L1_momentum_STOCHF-fastk_89-8-0 (full)
INFO     momentum.FeatureEngineering.preprocessing.feature_preprocessor:feature_preprocessor.py:1050 [L6.5] raw-sink heartbeat: tasks 248/248 (100.0%), groups 241/241, elapsed=116.9s, rate=2.12/s, ETA=0s, rss=1449MB, last=1h_L1_trend_SAR_0.02-0.2 (full)
INFO     momentum.FeatureEngineering.preprocessing.feature_preprocessor:feature_preprocessor.py:1069 [L6.5] raw-sink complete: 241/241 groups in 116.99s rss=1449MB
INFO     momentum.FeatureEngineering.feature_storage:feature_storage.py:1326 [Layer B Sanitize][CGSA] nulled 449800 non-finite/over-cap values (finite_cap=1e+18) across all streamed features
INFO     momentum.FeatureEngineering.feature_storage:feature_storage.py:1483 [L7_raw] registry stream persist done: symbol=BTCUSDT tf=1h groups=248 features=37709 npy_freed=1.06 GiB dtype=mixed
WARNING  momentum.FeatureEngineering.atomic.parameter_generator:parameter_generator.py:144 STOCH combo [5, 3, 3] is missing 2 parameter(s); using defaults slowk=3 slowd=3 slowk_matype=0 slowd_matype=0
WARNING  momentum.FeatureEngineering.atomic.parameter_generator:parameter_generator.py:144 STOCH combo [8, 3, 3] is missing 2 parameter(s); using defaults slowk=3 slowd=3 slowk_matype=0 slowd_matype=0
WARNING  momentum.FeatureEngineering.atomic.parameter_generator:parameter_generator.py:144 STOCH combo [13, 3, 3] is missing 2 parameter(s); using defaults slowk=3 slowd=3 slowk_matype=0 slowd_matype=0
WARNING  momentum.FeatureEngineering.atomic.parameter_generator:parameter_generator.py:144 STOCH combo [13, 5, 3] is missing 2 parameter(s); using defaults slowk=5 slowd=3 slowk_matype=0 slowd_matype=0
WARNING  momentum.FeatureEngineering.atomic.parameter_generator:parameter_generator.py:144 STOCH combo [21, 3, 3] is missing 2 parameter(s); using defaults slowk=3 slowd=3 slowk_matype=0 slowd_matype=0
WARNING  momentum.FeatureEngineering.atomic.parameter_generator:parameter_generator.py:144 STOCH combo [21, 5, 3] is missing 2 parameter(s); using defaults slowk=5 slowd=3 slowk_matype=0 slowd_matype=0
WARNING  momentum.FeatureEngineering.atomic.parameter_generator:parameter_generator.py:144 STOCH combo [21, 5, 5] is missing 2 parameter(s); using defaults slowk=5 slowd=5 slowk_matype=0 slowd_matype=0
WARNING  momentum.FeatureEngineering.atomic.parameter_generator:parameter_generator.py:144 STOCH combo [34, 5, 3] is missing 2 parameter(s); using defaults slowk=5 slowd=3 slowk_matype=0 slowd_matype=0
WARNING  momentum.FeatureEngineering.atomic.parameter_generator:parameter_generator.py:144 STOCH combo [34, 5, 5] is missing 2 parameter(s); using defaults slowk=5 slowd=5 slowk_matype=0 slowd_matype=0
WARNING  momentum.FeatureEngineering.atomic.parameter_generator:parameter_generator.py:144 STOCH combo [55, 5, 5] is missing 2 parameter(s); using defaults slowk=5 slowd=5 slowk_matype=0 slowd_matype=0
WARNING  momentum.FeatureEngineering.atomic.parameter_generator:parameter_generator.py:144 STOCH combo [55, 8, 5] is missing 2 parameter(s); using defaults slowk=8 slowd=5 slowk_matype=0 slowd_matype=0
WARNING  momentum.FeatureEngineering.atomic.parameter_generator:parameter_generator.py:144 STOCH combo [89, 8, 5] is missing 2 parameter(s); using defaults slowk=8 slowd=5 slowk_matype=0 slowd_matype=0
WARNING  momentum.FeatureEngineering.atomic.parameter_generator:parameter_generator.py:170 STOCHF combo [5, 3] is missing 1 parameter(s); using defaults fastd_period=3 fastd_matype=0
WARNING  momentum.FeatureEngineering.atomic.parameter_generator:parameter_generator.py:170 STOCHF combo [8, 3] is missing 1 parameter(s); using defaults fastd_period=3 fastd_matype=0
WARNING  momentum.FeatureEngineering.atomic.parameter_generator:parameter_generator.py:170 STOCHF combo [13, 3] is missing 1 parameter(s); using defaults fastd_period=3 fastd_matype=0
WARNING  momentum.FeatureEngineering.atomic.parameter_generator:parameter_generator.py:170 STOCHF combo [21, 3] is missing 1 parameter(s); using defaults fastd_period=3 fastd_matype=0
WARNING  momentum.FeatureEngineering.atomic.parameter_generator:parameter_generator.py:170 STOCHF combo [21, 5] is missing 1 parameter(s); using defaults fastd_period=5 fastd_matype=0
WARNING  momentum.FeatureEngineering.atomic.parameter_generator:parameter_generator.py:170 STOCHF combo [34, 5] is missing 1 parameter(s); using defaults fastd_period=5 fastd_matype=0
WARNING  momentum.FeatureEngineering.atomic.parameter_generator:parameter_generator.py:170 STOCHF combo [55, 5] is missing 1 parameter(s); using defaults fastd_period=5 fastd_matype=0
WARNING  momentum.FeatureEngineering.atomic.parameter_generator:parameter_generator.py:170 STOCHF combo [89, 8] is missing 1 parameter(s); using defaults fastd_period=8 fastd_matype=0
WARNING  momentum.FeatureEngineering.atomic.parameter_generator:parameter_generator.py:189 STOCHRSI combo [9, 5, 3] is missing 1 parameter(s); using defaults fastk_period=5 fastd_period=3 fastd_matype=0
WARNING  momentum.FeatureEngineering.atomic.parameter_generator:parameter_generator.py:189 STOCHRSI combo [14, 5, 3] is missing 1 parameter(s); using defaults fastk_period=5 fastd_period=3 fastd_matype=0
WARNING  momentum.FeatureEngineering.atomic.parameter_generator:parameter_generator.py:189 STOCHRSI combo [14, 3, 3] is missing 1 parameter(s); using defaults fastk_period=3 fastd_period=3 fastd_matype=0
WARNING  momentum.FeatureEngineering.atomic.parameter_generator:parameter_generator.py:189 STOCHRSI combo [21, 5, 3] is missing 1 parameter(s); using defaults fastk_period=5 fastd_period=3 fastd_matype=0
WARNING  momentum.FeatureEngineering.atomic.parameter_generator:parameter_generator.py:189 STOCHRSI combo [21, 8, 5] is missing 1 parameter(s); using defaults fastk_period=8 fastd_period=5 fastd_matype=0
WARNING  momentum.FeatureEngineering.atomic.parameter_generator:parameter_generator.py:189 STOCHRSI combo [34, 8, 5] is missing 1 parameter(s); using defaults fastk_period=8 fastd_period=5 fastd_matype=0
WARNING  momentum.FeatureEngineering.atomic.parameter_generator:parameter_generator.py:189 STOCHRSI combo [55, 8, 5] is missing 1 parameter(s); using defaults fastk_period=8 fastd_period=5 fastd_matype=0
WARNING  momentum.FeatureEngineering.atomic.parameter_generator:parameter_generator.py:144 STOCH combo [5, 3, 3] is missing 2 parameter(s); using defaults slowk=3 slowd=3 slowk_matype=0 slowd_matype=0
WARNING  momentum.FeatureEngineering.atomic.parameter_generator:parameter_generator.py:144 STOCH combo [8, 3, 3] is missing 2 parameter(s); using defaults slowk=3 slowd=3 slowk_matype=0 slowd_matype=0
WARNING  momentum.FeatureEngineering.atomic.parameter_generator:parameter_generator.py:144 STOCH combo [13, 3, 3] is missing 2 parameter(s); using defaults slowk=3 slowd=3 slowk_matype=0 slowd_matype=0
WARNING  momentum.FeatureEngineering.atomic.parameter_generator:parameter_generator.py:144 STOCH combo [13, 5, 3] is missing 2 parameter(s); using defaults slowk=5 slowd=3 slowk_matype=0 slowd_matype=0
WARNING  momentum.FeatureEngineering.atomic.parameter_generator:parameter_generator.py:144 STOCH combo [21, 3, 3] is missing 2 parameter(s); using defaults slowk=3 slowd=3 slowk_matype=0 slowd_matype=0
WARNING  momentum.FeatureEngineering.atomic.parameter_generator:parameter_generator.py:144 STOCH combo [21, 5, 3] is missing 2 parameter(s); using defaults slowk=5 slowd=3 slowk_matype=0 slowd_matype=0
WARNING  momentum.FeatureEngineering.atomic.parameter_generator:parameter_generator.py:144 STOCH combo [21, 5, 5] is missing 2 parameter(s); using defaults slowk=5 slowd=5 slowk_matype=0 slowd_matype=0
WARNING  momentum.FeatureEngineering.atomic.parameter_generator:parameter_generator.py:144 STOCH combo [34, 5, 3] is missing 2 parameter(s); using defaults slowk=5 slowd=3 slowk_matype=0 slowd_matype=0
WARNING  momentum.FeatureEngineering.atomic.parameter_generator:parameter_generator.py:144 STOCH combo [34, 5, 5] is missing 2 parameter(s); using defaults slowk=5 slowd=5 slowk_matype=0 slowd_matype=0
WARNING  momentum.FeatureEngineering.atomic.parameter_generator:parameter_generator.py:144 STOCH combo [55, 5, 5] is missing 2 parameter(s); using defaults slowk=5 slowd=5 slowk_matype=0 slowd_matype=0
WARNING  momentum.FeatureEngineering.atomic.parameter_generator:parameter_generator.py:144 STOCH combo [55, 8, 5] is missing 2 parameter(s); using defaults slowk=8 slowd=5 slowk_matype=0 slowd_matype=0
WARNING  momentum.FeatureEngineering.atomic.parameter_generator:parameter_generator.py:144 STOCH combo [89, 8, 5] is missing 2 parameter(s); using defaults slowk=8 slowd=5 slowk_matype=0 slowd_matype=0
WARNING  momentum.FeatureEngineering.atomic.parameter_generator:parameter_generator.py:170 STOCHF combo [5, 3] is missing 1 parameter(s); using defaults fastd_period=3 fastd_matype=0
WARNING  momentum.FeatureEngineering.atomic.parameter_generator:parameter_generator.py:170 STOCHF combo [8, 3] is missing 1 parameter(s); using defaults fastd_period=3 fastd_matype=0
WARNING  momentum.FeatureEngineering.atomic.parameter_generator:parameter_generator.py:170 STOCHF combo [13, 3] is missing 1 parameter(s); using defaults fastd_period=3 fastd_matype=0
WARNING  momentum.FeatureEngineering.atomic.parameter_generator:parameter_generator.py:170 STOCHF combo [21, 3] is missing 1 parameter(s); using defaults fastd_period=3 fastd_matype=0
WARNING  momentum.FeatureEngineering.atomic.parameter_generator:parameter_generator.py:170 STOCHF combo [21, 5] is missing 1 parameter(s); using defaults fastd_period=5 fastd_matype=0
WARNING  momentum.FeatureEngineering.atomic.parameter_generator:parameter_generator.py:170 STOCHF combo [34, 5] is missing 1 parameter(s); using defaults fastd_period=5 fastd_matype=0
WARNING  momentum.FeatureEngineering.atomic.parameter_generator:parameter_generator.py:170 STOCHF combo [55, 5] is missing 1 parameter(s); using defaults fastd_period=5 fastd_matype=0
WARNING  momentum.FeatureEngineering.atomic.parameter_generator:parameter_generator.py:170 STOCHF combo [89, 8] is missing 1 parameter(s); using defaults fastd_period=8 fastd_matype=0
WARNING  momentum.FeatureEngineering.atomic.parameter_generator:parameter_generator.py:189 STOCHRSI combo [9, 5, 3] is missing 1 parameter(s); using defaults fastk_period=5 fastd_period=3 fastd_matype=0
WARNING  momentum.FeatureEngineering.atomic.parameter_generator:parameter_generator.py:189 STOCHRSI combo [14, 5, 3] is missing 1 parameter(s); using defaults fastk_period=5 fastd_period=3 fastd_matype=0
WARNING  momentum.FeatureEngineering.atomic.parameter_generator:parameter_generator.py:189 STOCHRSI combo [14, 3, 3] is missing 1 parameter(s); using defaults fastk_period=3 fastd_period=3 fastd_matype=0
WARNING  momentum.FeatureEngineering.atomic.parameter_generator:parameter_generator.py:189 STOCHRSI combo [21, 5, 3] is missing 1 parameter(s); using defaults fastk_period=5 fastd_period=3 fastd_matype=0
WARNING  momentum.FeatureEngineering.atomic.parameter_generator:parameter_generator.py:189 STOCHRSI combo [21, 8, 5] is missing 1 parameter(s); using defaults fastk_period=8 fastd_period=5 fastd_matype=0
WARNING  momentum.FeatureEngineering.atomic.parameter_generator:parameter_generator.py:189 STOCHRSI combo [34, 8, 5] is missing 1 parameter(s); using defaults fastk_period=8 fastd_period=5 fastd_matype=0
WARNING  momentum.FeatureEngineering.atomic.parameter_generator:parameter_generator.py:189 STOCHRSI combo [55, 8, 5] is missing 1 parameter(s); using defaults fastk_period=8 fastd_period=5 fastd_matype=0
INFO     momentum.FeatureEngineering.adapters.crypto_spot_adapter:crypto_spot_adapter.py:56 Fetching spot data: BTCUSDT/1h
INFO     momentum.DataExtraction.kline_storage:kline_storage.py:1118 Read 20352 klines from BTCUSDT/1h in 0.007s
INFO     momentum.FeatureEngineering.adapters.adapter_registry:adapter_registry.py:64 Aligned data for BTCUSDT/1h: 20352 rows, 5 columns
INFO     momentum.FeatureEngineering.feature_registry:feature_registry.py:72 Loaded feature registry with 1 entries
INFO     momentum.FeatureEngineering.feature_factory:feature_factory.py:4360 [Layer 1] 0% - Starting Layer 1...
INFO     momentum.FeatureEngineering.feature_factory:feature_factory.py:672 Layer 1 starting, rss=1258MB
WARNING  momentum.FeatureEngineering.atomic.parameter_generator:parameter_generator.py:144 STOCH combo [5, 3, 3] is missing 2 parameter(s); using defaults slowk=3 slowd=3 slowk_matype=0 slowd_matype=0
WARNING  momentum.FeatureEngineering.atomic.parameter_generator:parameter_generator.py:144 STOCH combo [8, 3, 3] is missing 2 parameter(s); using defaults slowk=3 slowd=3 slowk_matype=0 slowd_matype=0
WARNING  momentum.FeatureEngineering.atomic.parameter_generator:parameter_generator.py:144 STOCH combo [13, 3, 3] is missing 2 parameter(s); using defaults slowk=3 slowd=3 slowk_matype=0 slowd_matype=0
WARNING  momentum.FeatureEngineering.atomic.parameter_generator:parameter_generator.py:144 STOCH combo [13, 5, 3] is missing 2 parameter(s); using defaults slowk=5 slowd=3 slowk_matype=0 slowd_matype=0
WARNING  momentum.FeatureEngineering.atomic.parameter_generator:parameter_generator.py:144 STOCH combo [21, 3, 3] is missing 2 parameter(s); using defaults slowk=3 slowd=3 slowk_matype=0 slowd_matype=0
WARNING  momentum.FeatureEngineering.atomic.parameter_generator:parameter_generator.py:144 STOCH combo [21, 5, 3] is missing 2 parameter(s); using defaults slowk=5 slowd=3 slowk_matype=0 slowd_matype=0
WARNING  momentum.FeatureEngineering.atomic.parameter_generator:parameter_generator.py:144 STOCH combo [21, 5, 5] is missing 2 parameter(s); using defaults slowk=5 slowd=5 slowk_matype=0 slowd_matype=0
WARNING  momentum.FeatureEngineering.atomic.parameter_generator:parameter_generator.py:144 STOCH combo [34, 5, 3] is missing 2 parameter(s); using defaults slowk=5 slowd=3 slowk_matype=0 slowd_matype=0
WARNING  momentum.FeatureEngineering.atomic.parameter_generator:parameter_generator.py:144 STOCH combo [34, 5, 5] is missing 2 parameter(s); using defaults slowk=5 slowd=5 slowk_matype=0 slowd_matype=0
WARNING  momentum.FeatureEngineering.atomic.parameter_generator:parameter_generator.py:144 STOCH combo [55, 5, 5] is missing 2 parameter(s); using defaults slowk=5 slowd=5 slowk_matype=0 slowd_matype=0
WARNING  momentum.FeatureEngineering.atomic.parameter_generator:parameter_generator.py:144 STOCH combo [55, 8, 5] is missing 2 parameter(s); using defaults slowk=8 slowd=5 slowk_matype=0 slowd_matype=0
WARNING  momentum.FeatureEngineering.atomic.parameter_generator:parameter_generator.py:144 STOCH combo [89, 8, 5] is missing 2 parameter(s); using defaults slowk=8 slowd=5 slowk_matype=0 slowd_matype=0
WARNING  momentum.FeatureEngineering.atomic.parameter_generator:parameter_generator.py:170 STOCHF combo [5, 3] is missing 1 parameter(s); using defaults fastd_period=3 fastd_matype=0
WARNING  momentum.FeatureEngineering.atomic.parameter_generator:parameter_generator.py:170 STOCHF combo [8, 3] is missing 1 parameter(s); using defaults fastd_period=3 fastd_matype=0
WARNING  momentum.FeatureEngineering.atomic.parameter_generator:parameter_generator.py:170 STOCHF combo [13, 3] is missing 1 parameter(s); using defaults fastd_period=3 fastd_matype=0
WARNING  momentum.FeatureEngineering.atomic.parameter_generator:parameter_generator.py:170 STOCHF combo [21, 3] is missing 1 parameter(s); using defaults fastd_period=3 fastd_matype=0
WARNING  momentum.FeatureEngineering.atomic.parameter_generator:parameter_generator.py:170 STOCHF combo [21, 5] is missing 1 parameter(s); using defaults fastd_period=5 fastd_matype=0
WARNING  momentum.FeatureEngineering.atomic.parameter_generator:parameter_generator.py:170 STOCHF combo [34, 5] is missing 1 parameter(s); using defaults fastd_period=5 fastd_matype=0
WARNING  momentum.FeatureEngineering.atomic.parameter_generator:parameter_generator.py:170 STOCHF combo [55, 5] is missing 1 parameter(s); using defaults fastd_period=5 fastd_matype=0
WARNING  momentum.FeatureEngineering.atomic.parameter_generator:parameter_generator.py:170 STOCHF combo [89, 8] is missing 1 parameter(s); using defaults fastd_period=8 fastd_matype=0
WARNING  momentum.FeatureEngineering.atomic.parameter_generator:parameter_generator.py:189 STOCHRSI combo [9, 5, 3] is missing 1 parameter(s); using defaults fastk_period=5 fastd_period=3 fastd_matype=0
WARNING  momentum.FeatureEngineering.atomic.parameter_generator:parameter_generator.py:189 STOCHRSI combo [14, 5, 3] is missing 1 parameter(s); using defaults fastk_period=5 fastd_period=3 fastd_matype=0
WARNING  momentum.FeatureEngineering.atomic.parameter_generator:parameter_generator.py:189 STOCHRSI combo [14, 3, 3] is missing 1 parameter(s); using defaults fastk_period=3 fastd_period=3 fastd_matype=0
WARNING  momentum.FeatureEngineering.atomic.parameter_generator:parameter_generator.py:189 STOCHRSI combo [21, 5, 3] is missing 1 parameter(s); using defaults fastk_period=5 fastd_period=3 fastd_matype=0
WARNING  momentum.FeatureEngineering.atomic.parameter_generator:parameter_generator.py:189 STOCHRSI combo [21, 8, 5] is missing 1 parameter(s); using defaults fastk_period=8 fastd_period=5 fastd_matype=0
WARNING  momentum.FeatureEngineering.atomic.parameter_generator:parameter_generator.py:189 STOCHRSI combo [34, 8, 5] is missing 1 parameter(s); using defaults fastk_period=8 fastd_period=5 fastd_matype=0
WARNING  momentum.FeatureEngineering.atomic.parameter_generator:parameter_generator.py:189 STOCHRSI combo [55, 8, 5] is missing 1 parameter(s); using defaults fastk_period=8 fastd_period=5 fastd_matype=0
INFO     momentum.FeatureEngineering.feature_factory:feature_factory.py:4360 [Layer 1] 100% - Layer 1 completed: 898 features
INFO     momentum.FeatureEngineering.feature_factory:feature_factory.py:752 Layer 1 done: 898 cols, status=ok, rss=1327MB
INFO     momentum.FeatureEngineering.feature_factory:feature_factory.py:4360 [Layer 2] 0% - Starting Layer 2...
INFO     momentum.FeatureEngineering.feature_factory:feature_factory.py:672 Layer 2 starting, rss=1327MB
INFO     momentum.FeatureEngineering.feature_factory:feature_factory.py:1588 [L2] Starting derived features: 898 L1 cols
WARNING  momentum.FeatureEngineering.atomic.parameter_generator:parameter_generator.py:144 STOCH combo [5, 3, 3] is missing 2 parameter(s); using defaults slowk=3 slowd=3 slowk_matype=0 slowd_matype=0
WARNING  momentum.FeatureEngineering.atomic.parameter_generator:parameter_generator.py:144 STOCH combo [8, 3, 3] is missing 2 parameter(s); using defaults slowk=3 slowd=3 slowk_matype=0 slowd_matype=0
WARNING  momentum.FeatureEngineering.atomic.parameter_generator:parameter_generator.py:144 STOCH combo [13, 3, 3] is missing 2 parameter(s); using defaults slowk=3 slowd=3 slowk_matype=0 slowd_matype=0
WARNING  momentum.FeatureEngineering.atomic.parameter_generator:parameter_generator.py:144 STOCH combo [13, 5, 3] is missing 2 parameter(s); using defaults slowk=5 slowd=3 slowk_matype=0 slowd_matype=0
WARNING  momentum.FeatureEngineering.atomic.parameter_generator:parameter_generator.py:144 STOCH combo [21, 3, 3] is missing 2 parameter(s); using defaults slowk=3 slowd=3 slowk_matype=0 slowd_matype=0
WARNING  momentum.FeatureEngineering.atomic.parameter_generator:parameter_generator.py:144 STOCH combo [21, 5, 3] is missing 2 parameter(s); using defaults slowk=5 slowd=3 slowk_matype=0 slowd_matype=0
WARNING  momentum.FeatureEngineering.atomic.parameter_generator:parameter_generator.py:144 STOCH combo [21, 5, 5] is missing 2 parameter(s); using defaults slowk=5 slowd=5 slowk_matype=0 slowd_matype=0
WARNING  momentum.FeatureEngineering.atomic.parameter_generator:parameter_generator.py:144 STOCH combo [34, 5, 3] is missing 2 parameter(s); using defaults slowk=5 slowd=3 slowk_matype=0 slowd_matype=0
WARNING  momentum.FeatureEngineering.atomic.parameter_generator:parameter_generator.py:144 STOCH combo [34, 5, 5] is missing 2 parameter(s); using defaults slowk=5 slowd=5 slowk_matype=0 slowd_matype=0
WARNING  momentum.FeatureEngineering.atomic.parameter_generator:parameter_generator.py:144 STOCH combo [55, 5, 5] is missing 2 parameter(s); using defaults slowk=5 slowd=5 slowk_matype=0 slowd_matype=0
WARNING  momentum.FeatureEngineering.atomic.parameter_generator:parameter_generator.py:144 STOCH combo [55, 8, 5] is missing 2 parameter(s); using defaults slowk=8 slowd=5 slowk_matype=0 slowd_matype=0
WARNING  momentum.FeatureEngineering.atomic.parameter_generator:parameter_generator.py:144 STOCH combo [89, 8, 5] is missing 2 parameter(s); using defaults slowk=8 slowd=5 slowk_matype=0 slowd_matype=0
WARNING  momentum.FeatureEngineering.atomic.parameter_generator:parameter_generator.py:170 STOCHF combo [5, 3] is missing 1 parameter(s); using defaults fastd_period=3 fastd_matype=0
WARNING  momentum.FeatureEngineering.atomic.parameter_generator:parameter_generator.py:170 STOCHF combo [8, 3] is missing 1 parameter(s); using defaults fastd_period=3 fastd_matype=0
WARNING  momentum.FeatureEngineering.atomic.parameter_generator:parameter_generator.py:170 STOCHF combo [13, 3] is missing 1 parameter(s); using defaults fastd_period=3 fastd_matype=0
WARNING  momentum.FeatureEngineering.atomic.parameter_generator:parameter_generator.py:170 STOCHF combo [21, 3] is missing 1 parameter(s); using defaults fastd_period=3 fastd_matype=0
WARNING  momentum.FeatureEngineering.atomic.parameter_generator:parameter_generator.py:170 STOCHF combo [21, 5] is missing 1 parameter(s); using defaults fastd_period=5 fastd_matype=0
WARNING  momentum.FeatureEngineering.atomic.parameter_generator:parameter_generator.py:170 STOCHF combo [34, 5] is missing 1 parameter(s); using defaults fastd_period=5 fastd_matype=0
WARNING  momentum.FeatureEngineering.atomic.parameter_generator:parameter_generator.py:170 STOCHF combo [55, 5] is missing 1 parameter(s); using defaults fastd_period=5 fastd_matype=0
WARNING  momentum.FeatureEngineering.atomic.parameter_generator:parameter_generator.py:170 STOCHF combo [89, 8] is missing 1 parameter(s); using defaults fastd_period=8 fastd_matype=0
WARNING  momentum.FeatureEngineering.atomic.parameter_generator:parameter_generator.py:189 STOCHRSI combo [9, 5, 3] is missing 1 parameter(s); using defaults fastk_period=5 fastd_period=3 fastd_matype=0
WARNING  momentum.FeatureEngineering.atomic.parameter_generator:parameter_generator.py:189 STOCHRSI combo [14, 5, 3] is missing 1 parameter(s); using defaults fastk_period=5 fastd_period=3 fastd_matype=0
WARNING  momentum.FeatureEngineering.atomic.parameter_generator:parameter_generator.py:189 STOCHRSI combo [14, 3, 3] is missing 1 parameter(s); using defaults fastk_period=3 fastd_period=3 fastd_matype=0
WARNING  momentum.FeatureEngineering.atomic.parameter_generator:parameter_generator.py:189 STOCHRSI combo [21, 5, 3] is missing 1 parameter(s); using defaults fastk_period=5 fastd_period=3 fastd_matype=0
WARNING  momentum.FeatureEngineering.atomic.parameter_generator:parameter_generator.py:189 STOCHRSI combo [21, 8, 5] is missing 1 parameter(s); using defaults fastk_period=8 fastd_period=5 fastd_matype=0
WARNING  momentum.FeatureEngineering.atomic.parameter_generator:parameter_generator.py:189 STOCHRSI combo [34, 8, 5] is missing 1 parameter(s); using defaults fastk_period=8 fastd_period=5 fastd_matype=0
WARNING  momentum.FeatureEngineering.atomic.parameter_generator:parameter_generator.py:189 STOCHRSI combo [55, 8, 5] is missing 1 parameter(s); using defaults fastk_period=8 fastd_period=5 fastd_matype=0
INFO     momentum.FeatureEngineering.feature_factory:feature_factory.py:1623 [L2] Completed: 11621 cols in 4.00s
INFO     momentum.FeatureEngineering.feature_factory:feature_factory.py:4360 [Layer 2] 100% - Layer 2 completed: 11621 features
INFO     momentum.FeatureEngineering.feature_factory:feature_factory.py:752 Layer 2 done: 11621 cols, status=ok, rss=1946MB
INFO     momentum.FeatureEngineering.feature_factory:feature_factory.py:4360 [Layer 3] 0% - Starting Layer 3...
INFO     momentum.FeatureEngineering.feature_factory:feature_factory.py:672 Layer 3 starting, rss=1946MB
INFO     momentum.FeatureEngineering.operators.rolling_aggregator:rolling_aggregator.py:616 [L3 streaming][numba][multi] step 10/20 (W5_range): 898→898 cols (-0 dead)
INFO     momentum.FeatureEngineering.operators.rolling_aggregator:rolling_aggregator.py:616 [L3 streaming][numba][multi] step 20/20 (W13_range): 898→898 cols (-0 dead)
INFO     momentum.FeatureEngineering.operators.rolling_aggregator:rolling_aggregator.py:635 [L3 streaming][numba][multi] complete: 17960 total generated, 0 dead dropped, 17960 survivors
INFO     momentum.FeatureEngineering.feature_factory:feature_factory.py:4360 [Layer 3] 100% - Layer 3 completed: 17960 features
INFO     momentum.FeatureEngineering.feature_factory:feature_factory.py:752 Layer 3 done: 17960 cols, status=ok, rss=2511MB
INFO     momentum.FeatureEngineering.feature_factory:feature_factory.py:4360 [Layer 4] 0% - Starting Layer 4...
INFO     momentum.FeatureEngineering.feature_factory:feature_factory.py:672 Layer 4 starting, rss=2511MB
INFO     momentum.FeatureEngineering.feature_factory:feature_factory.py:4360 [Layer 4] 100% - Layer 4 completed: 7224 features
INFO     momentum.FeatureEngineering.feature_factory:feature_factory.py:752 Layer 4 done: 7224 cols, status=ok, rss=1581MB
INFO     momentum.FeatureEngineering.feature_factory:feature_factory.py:4360 [Layer 5] 0% - Starting Layer 5...
INFO     momentum.FeatureEngineering.feature_factory:feature_factory.py:672 Layer 5 starting, rss=1581MB
INFO     momentum.FeatureEngineering.feature_factory:feature_factory.py:4360 [Layer 5] 100% - Layer 5 completed: 0 features
INFO     momentum.FeatureEngineering.feature_factory:feature_factory.py:752 Layer 5 done: 0 cols, status=empty_disabled, rss=1581MB
INFO     momentum.FeatureEngineering.feature_factory:feature_factory.py:4360 [Layer 6] 0% - Starting Layer 6...
INFO     momentum.FeatureEngineering.feature_factory:feature_factory.py:672 Layer 6 starting, rss=1581MB
INFO     momentum.FeatureEngineering.feature_factory:feature_factory.py:4360 [Layer 6] 100% - Layer 6 completed: 10 features
INFO     momentum.FeatureEngineering.feature_factory:feature_factory.py:752 Layer 6 done: 10 cols, status=ok, rss=1582MB
INFO     momentum.FeatureEngineering.memmap_utils:memmap_utils.py:167 [memmap concat] 5 DFs → 37713 cols × 4811 rows ≈ 0.73 GB → disk-backed
INFO     momentum.FeatureEngineering.memmap_utils:memmap_utils.py:109 [memmap] created: shape=(4811, 37713), dtype=<class 'numpy.float32'>, est=0.73 GB  (file auto-unlinked)
INFO     momentum.FeatureEngineering.memmap_utils:memmap_utils.py:188 [memmap concat] copying DF 1/5 (898 cols)
INFO     momentum.FeatureEngineering.memmap_utils:memmap_utils.py:188 [memmap concat] copying DF 2/5 (11621 cols)
INFO     momentum.FeatureEngineering.memmap_utils:memmap_utils.py:188 [memmap concat] copying DF 3/5 (17960 cols)
INFO     momentum.FeatureEngineering.memmap_utils:memmap_utils.py:188 [memmap concat] copying DF 4/5 (7224 cols)
INFO     momentum.FeatureEngineering.memmap_utils:memmap_utils.py:188 [memmap concat] copying DF 5/5 (10 cols)
INFO     momentum.FeatureEngineering.feature_factory:feature_factory.py:1249 [CGSA] Initialized ColumnGroupRegistry at /private/var/folders/_c/3xdf41hd3tvgxpx63mrml2c00000gn/T/pytest-of-louis/pytest-9/test_small_mutation_numba_roll0/cgsa_work (tier=8gb, buffer_groups=0)
INFO     momentum.FeatureEngineering.adapters.crypto_spot_adapter:crypto_spot_adapter.py:56 Fetching spot data: BTCUSDT/1h
INFO     momentum.DataExtraction.kline_storage:kline_storage.py:1118 Read 20352 klines from BTCUSDT/1h in 0.082s
INFO     momentum.FeatureEngineering.adapters.adapter_registry:adapter_registry.py:64 Aligned data for BTCUSDT/1h: 20352 rows, 5 columns
INFO     momentum.FeatureEngineering.feature_factory:feature_factory.py:4360 [Layer 1] 0% - Starting Layer 1...
INFO     momentum.FeatureEngineering.feature_factory:feature_factory.py:672 Layer 1 starting, rss=2433MB
WARNING  momentum.FeatureEngineering.atomic.parameter_generator:parameter_generator.py:144 STOCH combo [5, 3, 3] is missing 2 parameter(s); using defaults slowk=3 slowd=3 slowk_matype=0 slowd_matype=0
WARNING  momentum.FeatureEngineering.atomic.parameter_generator:parameter_generator.py:144 STOCH combo [8, 3, 3] is missing 2 parameter(s); using defaults slowk=3 slowd=3 slowk_matype=0 slowd_matype=0
WARNING  momentum.FeatureEngineering.atomic.parameter_generator:parameter_generator.py:144 STOCH combo [13, 3, 3] is missing 2 parameter(s); using defaults slowk=3 slowd=3 slowk_matype=0 slowd_matype=0
WARNING  momentum.FeatureEngineering.atomic.parameter_generator:parameter_generator.py:144 STOCH combo [13, 5, 3] is missing 2 parameter(s); using defaults slowk=5 slowd=3 slowk_matype=0 slowd_matype=0
WARNING  momentum.FeatureEngineering.atomic.parameter_generator:parameter_generator.py:144 STOCH combo [21, 3, 3] is missing 2 parameter(s); using defaults slowk=3 slowd=3 slowk_matype=0 slowd_matype=0
WARNING  momentum.FeatureEngineering.atomic.parameter_generator:parameter_generator.py:144 STOCH combo [21, 5, 3] is missing 2 parameter(s); using defaults slowk=5 slowd=3 slowk_matype=0 slowd_matype=0
WARNING  momentum.FeatureEngineering.atomic.parameter_generator:parameter_generator.py:144 STOCH combo [21, 5, 5] is missing 2 parameter(s); using defaults slowk=5 slowd=5 slowk_matype=0 slowd_matype=0
WARNING  momentum.FeatureEngineering.atomic.parameter_generator:parameter_generator.py:144 STOCH combo [34, 5, 3] is missing 2 parameter(s); using defaults slowk=5 slowd=3 slowk_matype=0 slowd_matype=0
WARNING  momentum.FeatureEngineering.atomic.parameter_generator:parameter_generator.py:144 STOCH combo [34, 5, 5] is missing 2 parameter(s); using defaults slowk=5 slowd=5 slowk_matype=0 slowd_matype=0
WARNING  momentum.FeatureEngineering.atomic.parameter_generator:parameter_generator.py:144 STOCH combo [55, 5, 5] is missing 2 parameter(s); using defaults slowk=5 slowd=5 slowk_matype=0 slowd_matype=0
WARNING  momentum.FeatureEngineering.atomic.parameter_generator:parameter_generator.py:144 STOCH combo [55, 8, 5] is missing 2 parameter(s); using defaults slowk=8 slowd=5 slowk_matype=0 slowd_matype=0
WARNING  momentum.FeatureEngineering.atomic.parameter_generator:parameter_generator.py:144 STOCH combo [89, 8, 5] is missing 2 parameter(s); using defaults slowk=8 slowd=5 slowk_matype=0 slowd_matype=0
WARNING  momentum.FeatureEngineering.atomic.parameter_generator:parameter_generator.py:170 STOCHF combo [5, 3] is missing 1 parameter(s); using defaults fastd_period=3 fastd_matype=0
WARNING  momentum.FeatureEngineering.atomic.parameter_generator:parameter_generator.py:170 STOCHF combo [8, 3] is missing 1 parameter(s); using defaults fastd_period=3 fastd_matype=0
WARNING  momentum.FeatureEngineering.atomic.parameter_generator:parameter_generator.py:170 STOCHF combo [13, 3] is missing 1 parameter(s); using defaults fastd_period=3 fastd_matype=0
WARNING  momentum.FeatureEngineering.atomic.parameter_generator:parameter_generator.py:170 STOCHF combo [21, 3] is missing 1 parameter(s); using defaults fastd_period=3 fastd_matype=0
WARNING  momentum.FeatureEngineering.atomic.parameter_generator:parameter_generator.py:170 STOCHF combo [21, 5] is missing 1 parameter(s); using defaults fastd_period=5 fastd_matype=0
WARNING  momentum.FeatureEngineering.atomic.parameter_generator:parameter_generator.py:170 STOCHF combo [34, 5] is missing 1 parameter(s); using defaults fastd_period=5 fastd_matype=0
WARNING  momentum.FeatureEngineering.atomic.parameter_generator:parameter_generator.py:170 STOCHF combo [55, 5] is missing 1 parameter(s); using defaults fastd_period=5 fastd_matype=0
WARNING  momentum.FeatureEngineering.atomic.parameter_generator:parameter_generator.py:170 STOCHF combo [89, 8] is missing 1 parameter(s); using defaults fastd_period=8 fastd_matype=0
WARNING  momentum.FeatureEngineering.atomic.parameter_generator:parameter_generator.py:189 STOCHRSI combo [9, 5, 3] is missing 1 parameter(s); using defaults fastk_period=5 fastd_period=3 fastd_matype=0
WARNING  momentum.FeatureEngineering.atomic.parameter_generator:parameter_generator.py:189 STOCHRSI combo [14, 5, 3] is missing 1 parameter(s); using defaults fastk_period=5 fastd_period=3 fastd_matype=0
WARNING  momentum.FeatureEngineering.atomic.parameter_generator:parameter_generator.py:189 STOCHRSI combo [14, 3, 3] is missing 1 parameter(s); using defaults fastk_period=3 fastd_period=3 fastd_matype=0
WARNING  momentum.FeatureEngineering.atomic.parameter_generator:parameter_generator.py:189 STOCHRSI combo [21, 5, 3] is missing 1 parameter(s); using defaults fastk_period=5 fastd_period=3 fastd_matype=0
WARNING  momentum.FeatureEngineering.atomic.parameter_generator:parameter_generator.py:189 STOCHRSI combo [21, 8, 5] is missing 1 parameter(s); using defaults fastk_period=8 fastd_period=5 fastd_matype=0
WARNING  momentum.FeatureEngineering.atomic.parameter_generator:parameter_generator.py:189 STOCHRSI combo [34, 8, 5] is missing 1 parameter(s); using defaults fastk_period=8 fastd_period=5 fastd_matype=0
WARNING  momentum.FeatureEngineering.atomic.parameter_generator:parameter_generator.py:189 STOCHRSI combo [55, 8, 5] is missing 1 parameter(s); using defaults fastk_period=8 fastd_period=5 fastd_matype=0
INFO     momentum.FeatureEngineering.feature_factory:feature_factory.py:4360 [Layer 1] 100% - Layer 1 completed: 898 features
INFO     momentum.FeatureEngineering.feature_factory:feature_factory.py:752 Layer 1 done: 898 cols, status=ok, rss=1975MB
INFO     momentum.FeatureEngineering.feature_factory:feature_factory.py:4360 [Layer 2] 0% - Starting Layer 2...
INFO     momentum.FeatureEngineering.feature_factory:feature_factory.py:672 Layer 2 starting, rss=1973MB
INFO     momentum.FeatureEngineering.feature_factory:feature_factory.py:1588 [L2] Starting derived features: 898 L1 cols
WARNING  momentum.FeatureEngineering.atomic.parameter_generator:parameter_generator.py:144 STOCH combo [5, 3, 3] is missing 2 parameter(s); using defaults slowk=3 slowd=3 slowk_matype=0 slowd_matype=0
WARNING  momentum.FeatureEngineering.atomic.parameter_generator:parameter_generator.py:144 STOCH combo [8, 3, 3] is missing 2 parameter(s); using defaults slowk=3 slowd=3 slowk_matype=0 slowd_matype=0
WARNING  momentum.FeatureEngineering.atomic.parameter_generator:parameter_generator.py:144 STOCH combo [13, 3, 3] is missing 2 parameter(s); using defaults slowk=3 slowd=3 slowk_matype=0 slowd_matype=0
WARNING  momentum.FeatureEngineering.atomic.parameter_generator:parameter_generator.py:144 STOCH combo [13, 5, 3] is missing 2 parameter(s); using defaults slowk=5 slowd=3 slowk_matype=0 slowd_matype=0
WARNING  momentum.FeatureEngineering.atomic.parameter_generator:parameter_generator.py:144 STOCH combo [21, 3, 3] is missing 2 parameter(s); using defaults slowk=3 slowd=3 slowk_matype=0 slowd_matype=0
WARNING  momentum.FeatureEngineering.atomic.parameter_generator:parameter_generator.py:144 STOCH combo [21, 5, 3] is missing 2 parameter(s); using defaults slowk=5 slowd=3 slowk_matype=0 slowd_matype=0
WARNING  momentum.FeatureEngineering.atomic.parameter_generator:parameter_generator.py:144 STOCH combo [21, 5, 5] is missing 2 parameter(s); using defaults slowk=5 slowd=5 slowk_matype=0 slowd_matype=0
WARNING  momentum.FeatureEngineering.atomic.parameter_generator:parameter_generator.py:144 STOCH combo [34, 5, 3] is missing 2 parameter(s); using defaults slowk=5 slowd=3 slowk_matype=0 slowd_matype=0
WARNING  momentum.FeatureEngineering.atomic.parameter_generator:parameter_generator.py:144 STOCH combo [34, 5, 5] is missing 2 parameter(s); using defaults slowk=5 slowd=5 slowk_matype=0 slowd_matype=0
WARNING  momentum.FeatureEngineering.atomic.parameter_generator:parameter_generator.py:144 STOCH combo [55, 5, 5] is missing 2 parameter(s); using defaults slowk=5 slowd=5 slowk_matype=0 slowd_matype=0
WARNING  momentum.FeatureEngineering.atomic.parameter_generator:parameter_generator.py:144 STOCH combo [55, 8, 5] is missing 2 parameter(s); using defaults slowk=8 slowd=5 slowk_matype=0 slowd_matype=0
WARNING  momentum.FeatureEngineering.atomic.parameter_generator:parameter_generator.py:144 STOCH combo [89, 8, 5] is missing 2 parameter(s); using defaults slowk=8 slowd=5 slowk_matype=0 slowd_matype=0
WARNING  momentum.FeatureEngineering.atomic.parameter_generator:parameter_generator.py:170 STOCHF combo [5, 3] is missing 1 parameter(s); using defaults fastd_period=3 fastd_matype=0
WARNING  momentum.FeatureEngineering.atomic.parameter_generator:parameter_generator.py:170 STOCHF combo [8, 3] is missing 1 parameter(s); using defaults fastd_period=3 fastd_matype=0
WARNING  momentum.FeatureEngineering.atomic.parameter_generator:parameter_generator.py:170 STOCHF combo [13, 3] is missing 1 parameter(s); using defaults fastd_period=3 fastd_matype=0
WARNING  momentum.FeatureEngineering.atomic.parameter_generator:parameter_generator.py:170 STOCHF combo [21, 3] is missing 1 parameter(s); using defaults fastd_period=3 fastd_matype=0
WARNING  momentum.FeatureEngineering.atomic.parameter_generator:parameter_generator.py:170 STOCHF combo [21, 5] is missing 1 parameter(s); using defaults fastd_period=5 fastd_matype=0
WARNING  momentum.FeatureEngineering.atomic.parameter_generator:parameter_generator.py:170 STOCHF combo [34, 5] is missing 1 parameter(s); using defaults fastd_period=5 fastd_matype=0
WARNING  momentum.FeatureEngineering.atomic.parameter_generator:parameter_generator.py:170 STOCHF combo [55, 5] is missing 1 parameter(s); using defaults fastd_period=5 fastd_matype=0
WARNING  momentum.FeatureEngineering.atomic.parameter_generator:parameter_generator.py:170 STOCHF combo [89, 8] is missing 1 parameter(s); using defaults fastd_period=8 fastd_matype=0
WARNING  momentum.FeatureEngineering.atomic.parameter_generator:parameter_generator.py:189 STOCHRSI combo [9, 5, 3] is missing 1 parameter(s); using defaults fastk_period=5 fastd_period=3 fastd_matype=0
WARNING  momentum.FeatureEngineering.atomic.parameter_generator:parameter_generator.py:189 STOCHRSI combo [14, 5, 3] is missing 1 parameter(s); using defaults fastk_period=5 fastd_period=3 fastd_matype=0
WARNING  momentum.FeatureEngineering.atomic.parameter_generator:parameter_generator.py:189 STOCHRSI combo [14, 3, 3] is missing 1 parameter(s); using defaults fastk_period=3 fastd_period=3 fastd_matype=0
WARNING  momentum.FeatureEngineering.atomic.parameter_generator:parameter_generator.py:189 STOCHRSI combo [21, 5, 3] is missing 1 parameter(s); using defaults fastk_period=5 fastd_period=3 fastd_matype=0
WARNING  momentum.FeatureEngineering.atomic.parameter_generator:parameter_generator.py:189 STOCHRSI combo [21, 8, 5] is missing 1 parameter(s); using defaults fastk_period=8 fastd_period=5 fastd_matype=0
WARNING  momentum.FeatureEngineering.atomic.parameter_generator:parameter_generator.py:189 STOCHRSI combo [34, 8, 5] is missing 1 parameter(s); using defaults fastk_period=8 fastd_period=5 fastd_matype=0
WARNING  momentum.FeatureEngineering.atomic.parameter_generator:parameter_generator.py:189 STOCHRSI combo [55, 8, 5] is missing 1 parameter(s); using defaults fastk_period=8 fastd_period=5 fastd_matype=0
INFO     momentum.FeatureEngineering.feature_factory:feature_factory.py:1437 [CGSA] L2 persisted group=1h_L2_Momentum shards=3 total_bytes=257.1 MiB
INFO     momentum.FeatureEngineering.feature_factory:feature_factory.py:1623 [L2] Completed: 11621 cols in 28.13s
INFO     momentum.FeatureEngineering.feature_factory:feature_factory.py:4360 [Layer 2] 100% - Layer 2 completed: 11621 features
INFO     momentum.FeatureEngineering.feature_factory:feature_factory.py:752 Layer 2 done: 11621 cols, status=ok, rss=975MB
INFO     momentum.FeatureEngineering.memmap_utils:memmap_utils.py:109 [memmap] created: shape=(7504, 11621), dtype=<class 'numpy.float32'>, est=0.35 GB  (file auto-unlinked)
INFO     momentum.FeatureEngineering.feature_factory:feature_factory.py:590 [spill] layer2: 7504×11621 → float32 memmap in 0.5s (freed ~0.7 GB float64)
INFO     momentum.FeatureEngineering.feature_factory:feature_factory.py:4360 [Layer 3] 0% - Starting Layer 3...
INFO     momentum.FeatureEngineering.feature_factory:feature_factory.py:672 Layer 3 starting, rss=1637MB
INFO     momentum.FeatureEngineering.operators.rolling_aggregator:rolling_aggregator.py:595 [L3 streaming][numba][multi][persist] step 10/20 (W5_range): 898→898 cols (-0 dead)
INFO     momentum.FeatureEngineering.operators.rolling_aggregator:rolling_aggregator.py:595 [L3 streaming][numba][multi][persist] step 20/20 (W13_range): 898→898 cols (-0 dead)
INFO     momentum.FeatureEngineering.operators.rolling_aggregator:rolling_aggregator.py:599 [L3 streaming][numba][multi][persist] complete: 17960 generated, 4 dropped, 17956 survivors persisted via callback
INFO     momentum.FeatureEngineering.feature_factory:feature_factory.py:1826 [L3] streaming persist (mode=streaming) complete: 17956 cols persisted in 20 groups
INFO     momentum.FeatureEngineering.feature_factory:feature_factory.py:4360 [Layer 3] 100% - Layer 3 completed: 0 features
INFO     momentum.FeatureEngineering.feature_factory:feature_factory.py:752 Layer 3 done: 0 cols, status=offloaded_to_registry, rss=2178MB
INFO     momentum.FeatureEngineering.feature_factory:feature_factory.py:4360 [Layer 4] 0% - Starting Layer 4...
INFO     momentum.FeatureEngineering.feature_factory:feature_factory.py:672 Layer 4 starting, rss=2178MB
INFO     momentum.FeatureEngineering.feature_factory:feature_factory.py:4360 [Layer 4] 100% - Layer 4 completed: 7224 features
INFO     momentum.FeatureEngineering.feature_factory:feature_factory.py:752 Layer 4 done: 7224 cols, status=ok, rss=1781MB
INFO     momentum.FeatureEngineering.feature_factory:feature_factory.py:4360 [Layer 5] 0% - Starting Layer 5...
INFO     momentum.FeatureEngineering.feature_factory:feature_factory.py:672 Layer 5 starting, rss=1781MB
INFO     momentum.FeatureEngineering.feature_factory:feature_factory.py:4360 [Layer 5] 100% - Layer 5 completed: 0 features
INFO     momentum.FeatureEngineering.feature_factory:feature_factory.py:752 Layer 5 done: 0 cols, status=empty_disabled, rss=1781MB
INFO     momentum.FeatureEngineering.feature_factory:feature_factory.py:4360 [Layer 6] 0% - Starting Layer 6...
INFO     momentum.FeatureEngineering.feature_factory:feature_factory.py:672 Layer 6 starting, rss=1781MB
INFO     momentum.FeatureEngineering.feature_factory:feature_factory.py:4360 [Layer 6] 100% - Layer 6 completed: 10 features
INFO     momentum.FeatureEngineering.feature_factory:feature_factory.py:752 Layer 6 done: 10 cols, status=ok, rss=1783MB
INFO     momentum.FeatureEngineering.core.column_group_registry:column_group_registry.py:1048 [CGSA] Disk pre-check OK: layer=L4_lag symbol=BTCUSDT tf=1h need=2.39 GiB (planned_new=0.20 GiB, max_inflight_tmp×2=0.19 GiB, reserve=2.00 GiB) free=34.01 GiB shape=(7504, 7224)
INFO     momentum.FeatureEngineering.feature_factory:feature_factory.py:1437 [CGSA] L4_lag persisted group=1h_L4_lag_1 shards=2 total_bytes=143.1 MiB
INFO     momentum.FeatureEngineering.feature_factory:feature_factory.py:1416 [CGSA] Persisted L4_lag: 7224 cols → 2 groups (tf=1h)
INFO     momentum.FeatureEngineering.core.column_group_registry:column_group_registry.py:1048 [CGSA] Disk pre-check OK: layer=L6_meta symbol=BTCUSDT tf=1h need=2.00 GiB (planned_new=0.00 GiB, max_inflight_tmp×2=0.00 GiB, reserve=2.00 GiB) free=33.81 GiB shape=(7504, 10)
INFO     momentum.FeatureEngineering.feature_factory:feature_factory.py:1416 [CGSA] Persisted L6_meta: 10 cols → 1 groups (tf=1h)
INFO     momentum.FeatureEngineering.feature_factory:feature_factory.py:3491 [L7][CGSA] Quality summary: inf_count=0, coverage=0.9512, non_nan=269169713/282968336
INFO     momentum.FeatureEngineering.feature_storage:feature_storage.py:3104 [L7_raw] Disk pre-check OK: required=2.00 GiB (safety x1.50), estimated_final=0.53 GiB, reclaimable_npy=1.05 GiB, net_growth=0.00 GiB, max_inflight_part=0.14 GiB, largest_part_source=1h_L2_Momentum, reserve_floor=2.00 GiB, free=33.81 GiB, groups=241
INFO     momentum.FeatureEngineering.preprocessing.feature_preprocessor:feature_preprocessor.py:850 [L6.5] raw-sink path uses serial group streaming for disk safety (requested_workers=2)
INFO     momentum.FeatureEngineering.preprocessing.feature_preprocessor:feature_preprocessor.py:857 [L6.5] Registry raw-sink config: groups=241 requested_workers=2 effective_workers=1 mode=append use_fast=False can_use_numba_fast=False winsor=True rank=False zscore=False fracdiff=False fracdiff_apply_to=non_stationary fracdiff_layers=['L1', 'L2'] adf=False gaussian=False
INFO     momentum.FeatureEngineering.preprocessing.feature_preprocessor:feature_preprocessor.py:921 [L6.5] Raw-sink start: 238 full groups (fast=0, slow=238) + 3 big-group splits → 248 sub-tasks (requested_workers=2, effective_workers=1, split_threshold=2000, slow_chunked=3, max_group_cols=8980, schedule=largest_first, rss=575MB)
INFO     momentum.FeatureEngineering.preprocessing.feature_preprocessor:feature_preprocessor.py:2534 [L6.5] raw-sink chunk stream start: group=1h_L2_Momentum cols=8980 chunks=5 chunk_size=2000 rss=761MB
INFO     momentum.FeatureEngineering.preprocessing.feature_preprocessor:feature_preprocessor.py:2597 [L6.5] raw-sink chunk stream complete: group=1h_L2_Momentum chunks=5 outputs=5 rss=1918MB
INFO     momentum.FeatureEngineering.preprocessing.feature_preprocessor:feature_preprocessor.py:2534 [L6.5] raw-sink chunk stream start: group=1h_L4_lag_1 cols=5000 chunks=3 chunk_size=2000 rss=1817MB
INFO     momentum.FeatureEngineering.preprocessing.feature_preprocessor:feature_preprocessor.py:2597 [L6.5] raw-sink chunk stream complete: group=1h_L4_lag_1 chunks=3 outputs=3 rss=1289MB
INFO     momentum.FeatureEngineering.preprocessing.feature_preprocessor:feature_preprocessor.py:1050 [L6.5] raw-sink heartbeat: tasks 8/248 (3.2%), groups 2/241, elapsed=37.3s, rate=0.21/s, ETA=1118s, rss=1289MB, last=1h_L4_lag_1 (slow-chunked, parts=3)
INFO     momentum.FeatureEngineering.preprocessing.feature_preprocessor:feature_preprocessor.py:2534 [L6.5] raw-sink chunk stream start: group=1h_L4_lag_2 cols=2224 chunks=2 chunk_size=2000 rss=1289MB
INFO     momentum.FeatureEngineering.preprocessing.feature_preprocessor:feature_preprocessor.py:2597 [L6.5] raw-sink chunk stream complete: group=1h_L4_lag_2 chunks=2 outputs=2 rss=1422MB
INFO     momentum.FeatureEngineering.preprocessing.feature_preprocessor:feature_preprocessor.py:1050 [L6.5] raw-sink heartbeat: tasks 20/248 (8.1%), groups 13/241, elapsed=68.0s, rate=0.29/s, ETA=775s, rss=1612MB, last=1h_L3_rolling_W13_Std_1 (full)
INFO     momentum.FeatureEngineering.preprocessing.feature_preprocessor:feature_preprocessor.py:1050 [L6.5] raw-sink heartbeat: tasks 32/248 (12.9%), groups 25/241, elapsed=96.7s, rate=0.33/s, ETA=653s, rss=583MB, last=1h_L3_rolling_W5_ZScore_1 (full)
INFO     momentum.FeatureEngineering.preprocessing.feature_preprocessor:feature_preprocessor.py:1050 [L6.5] raw-sink heartbeat: tasks 44/248 (17.7%), groups 37/241, elapsed=99.4s, rate=0.44/s, ETA=461s, rss=552MB, last=1h_L1_momentum_TRIX (full)
INFO     momentum.FeatureEngineering.preprocessing.feature_preprocessor:feature_preprocessor.py:1050 [L6.5] raw-sink heartbeat: tasks 56/248 (22.6%), groups 49/241, elapsed=101.0s, rate=0.55/s, ETA=346s, rss=405MB, last=1h_L1_trend_BBANDS-Upper (full)
INFO     momentum.FeatureEngineering.preprocessing.feature_preprocessor:feature_preprocessor.py:1050 [L6.5] raw-sink heartbeat: tasks 68/248 (27.4%), groups 61/241, elapsed=102.3s, rate=0.66/s, ETA=271s, rss=405MB, last=1h_L1_momentum_DX (full)
INFO     momentum.FeatureEngineering.preprocessing.feature_preprocessor:feature_preprocessor.py:1050 [L6.5] raw-sink heartbeat: tasks 80/248 (32.3%), groups 73/241, elapsed=103.5s, rate=0.77/s, ETA=217s, rss=405MB, last=1h_L1_momentum_APO_34-144-0 (full)
INFO     momentum.FeatureEngineering.preprocessing.feature_preprocessor:feature_preprocessor.py:1050 [L6.5] raw-sink heartbeat: tasks 92/248 (37.1%), groups 85/241, elapsed=104.6s, rate=0.88/s, ETA=177s, rss=406MB, last=1h_L1_momentum_MACD-Hist_21-89-13 (full)
INFO     momentum.FeatureEngineering.preprocessing.feature_preprocessor:feature_preprocessor.py:1050 [L6.5] raw-sink heartbeat: tasks 104/248 (41.9%), groups 97/241, elapsed=105.6s, rate=0.98/s, ETA=146s, rss=406MB, last=1h_L1_momentum_MACD-Line_21-55-9 (full)
INFO     momentum.FeatureEngineering.preprocessing.feature_preprocessor:feature_preprocessor.py:1050 [L6.5] raw-sink heartbeat: tasks 116/248 (46.8%), groups 109/241, elapsed=106.7s, rate=1.09/s, ETA=121s, rss=406MB, last=1h_L1_momentum_MACD-Signal_13-55-13 (full)
INFO     momentum.FeatureEngineering.preprocessing.feature_preprocessor:feature_preprocessor.py:1050 [L6.5] raw-sink heartbeat: tasks 128/248 (51.6%), groups 121/241, elapsed=107.8s, rate=1.19/s, ETA=101s, rss=406MB, last=1h_L1_momentum_MACDEXT-Hist_13-34-9 (full)
INFO     momentum.FeatureEngineering.preprocessing.feature_preprocessor:feature_preprocessor.py:1050 [L6.5] raw-sink heartbeat: tasks 140/248 (56.5%), groups 133/241, elapsed=108.9s, rate=1.29/s, ETA=84s, rss=406MB, last=1h_L1_momentum_MACDEXT-Line_12-26-9 (full)
INFO     momentum.FeatureEngineering.preprocessing.feature_preprocessor:feature_preprocessor.py:1050 [L6.5] raw-sink heartbeat: tasks 152/248 (61.3%), groups 145/241, elapsed=109.9s, rate=1.38/s, ETA=69s, rss=406MB, last=1h_L1_momentum_MACDEXT-Line_8-34-9 (full)
INFO     momentum.FeatureEngineering.preprocessing.feature_preprocessor:feature_preprocessor.py:1050 [L6.5] raw-sink heartbeat: tasks 164/248 (66.1%), groups 157/241, elapsed=111.0s, rate=1.48/s, ETA=57s, rss=406MB, last=1h_L1_momentum_MACDEXT-Signal_8-21-5 (full)
INFO     momentum.FeatureEngineering.preprocessing.feature_preprocessor:feature_preprocessor.py:1050 [L6.5] raw-sink heartbeat: tasks 176/248 (71.0%), groups 169/241, elapsed=112.1s, rate=1.57/s, ETA=46s, rss=406MB, last=1h_L1_momentum_PPO_55-233-0 (full)
INFO     momentum.FeatureEngineering.preprocessing.feature_preprocessor:feature_preprocessor.py:1050 [L6.5] raw-sink heartbeat: tasks 188/248 (75.8%), groups 181/241, elapsed=113.2s, rate=1.66/s, ETA=36s, rss=406MB, last=1h_L1_momentum_STOCHRSI-fastk_21-5-3-0 (full)
INFO     momentum.FeatureEngineering.preprocessing.feature_preprocessor:feature_preprocessor.py:1050 [L6.5] raw-sink heartbeat: tasks 200/248 (80.6%), groups 193/241, elapsed=114.3s, rate=1.75/s, ETA=27s, rss=407MB, last=1h_L1_momentum_STOCH-slowd_21-5-0-3-0 (full)
INFO     momentum.FeatureEngineering.preprocessing.feature_preprocessor:feature_preprocessor.py:1050 [L6.5] raw-sink heartbeat: tasks 212/248 (85.5%), groups 205/241, elapsed=115.3s, rate=1.84/s, ETA=20s, rss=407MB, last=1h_L1_momentum_STOCH-slowk_21-5-0-3-0 (full)
INFO     momentum.FeatureEngineering.preprocessing.feature_preprocessor:feature_preprocessor.py:1050 [L6.5] raw-sink heartbeat: tasks 224/248 (90.3%), groups 217/241, elapsed=116.3s, rate=1.93/s, ETA=12s, rss=407MB, last=1h_L1_momentum_STOCHF-fastd_34-5-0 (full)
INFO     momentum.FeatureEngineering.preprocessing.feature_preprocessor:feature_preprocessor.py:1050 [L6.5] raw-sink heartbeat: tasks 236/248 (95.2%), groups 229/241, elapsed=117.4s, rate=2.01/s, ETA=6s, rss=407MB, last=1h_L1_momentum_STOCHF-fastk_89-8-0 (full)
INFO     momentum.FeatureEngineering.preprocessing.feature_preprocessor:feature_preprocessor.py:1050 [L6.5] raw-sink heartbeat: tasks 248/248 (100.0%), groups 241/241, elapsed=118.4s, rate=2.09/s, ETA=0s, rss=407MB, last=1h_L1_trend_SAR_0.02-0.2 (full)
INFO     momentum.FeatureEngineering.preprocessing.feature_preprocessor:feature_preprocessor.py:1069 [L6.5] raw-sink complete: 241/241 groups in 118.56s rss=407MB
INFO     momentum.FeatureEngineering.feature_storage:feature_storage.py:1326 [Layer B Sanitize][CGSA] nulled 448729 non-finite/over-cap values (finite_cap=1e+18) across all streamed features
INFO     momentum.FeatureEngineering.feature_storage:feature_storage.py:1483 [L7_raw] registry stream persist done: symbol=BTCUSDT tf=1h groups=248 features=37709 npy_freed=1.05 GiB dtype=mixed
INFO     momentum.FeatureEngineering.feature_registry:feature_registry.py:72 Loaded feature registry with 1 entries
=============================== warnings summary ===============================
tests/feature_engineering/test_ff_fullchain_truncation_small_mr.py: 6838 warnings
  /Users/louis/Desktop/quantitative_trading_system/momentum/FeatureEngineering/preprocessing/feature_preprocessor.py:3421: PerformanceWarning: DataFrame is highly fragmented.  This is usually the result of calling `frame.insert` many times, which has poor performance.  Consider joining all columns at once using pd.concat(axis=1) instead. To get a de-fragmented frame, use `newframe = frame.copy()`
    result[f"{column}_fracdiff"] = fracdiff_series

tests/feature_engineering/test_ff_fullchain_truncation_small_mr.py::test_small_mutation_l4_lag_shift_minus_one_fails
tests/feature_engineering/test_ff_fullchain_truncation_small_mr.py::test_small_mutation_l4_lag_shift_minus_one_fails
tests/feature_engineering/test_ff_fullchain_truncation_small_mr.py::test_small_mutation_l4_lag_shift_minus_one_fails
tests/feature_engineering/test_ff_fullchain_truncation_small_mr.py::test_small_mutation_l4_lag_shift_minus_one_fails
  /Users/louis/Desktop/quantitative_trading_system/tests/feature_engineering/ff_truncation_mr_helpers.py:1423: FutureWarning: Setting an item of incompatible dtype is deprecated and will raise an error in a future version of pandas. Value '[1077746.7421875 1077815.2578125 1076793.1015625 1076618.59375
   1076743.2265625 1076834.046875  1076878.2265625 1076960.4296875
   1076786.8125    1077066.421875 ]' has dtype incompatible with float32, please explicitly cast to a compatible dtype first.
    out.iloc[-k:, out.columns.get_loc(col)] = out.iloc[-k:][col].astype(float).to_numpy() + delta

tests/feature_engineering/test_ff_fullchain_truncation_small_mr.py::test_small_mutation_l4_lag_shift_minus_one_fails
tests/feature_engineering/test_ff_fullchain_truncation_small_mr.py::test_small_mutation_l4_lag_shift_minus_one_fails
tests/feature_engineering/test_ff_fullchain_truncation_small_mr.py::test_small_mutation_l4_lag_shift_minus_one_fails
tests/feature_engineering/test_ff_fullchain_truncation_small_mr.py::test_small_mutation_l4_lag_shift_minus_one_fails
  /Users/louis/Desktop/quantitative_trading_system/tests/feature_engineering/ff_truncation_mr_helpers.py:1423: FutureWarning: Setting an item of incompatible dtype is deprecated and will raise an error in a future version of pandas. Value '[1078265.34375   1077827.171875  1076868.0078125 1076990.4296875
   1076890.9921875 1076894.703125  1077067.796875  1076981.53125
   1077082.78125   1077450.       ]' has dtype incompatible with float32, please explicitly cast to a compatible dtype first.
    out.iloc[-k:, out.columns.get_loc(col)] = out.iloc[-k:][col].astype(float).to_numpy() + delta

tests/feature_engineering/test_ff_fullchain_truncation_small_mr.py::test_small_mutation_l4_lag_shift_minus_one_fails
tests/feature_engineering/test_ff_fullchain_truncation_small_mr.py::test_small_mutation_l4_lag_shift_minus_one_fails
tests/feature_engineering/test_ff_fullchain_truncation_small_mr.py::test_small_mutation_l4_lag_shift_minus_one_fails
tests/feature_engineering/test_ff_fullchain_truncation_small_mr.py::test_small_mutation_l4_lag_shift_minus_one_fails
  /Users/louis/Desktop/quantitative_trading_system/tests/feature_engineering/ff_truncation_mr_helpers.py:1423: FutureWarning: Setting an item of incompatible dtype is deprecated and will raise an error in a future version of pandas. Value '[1077680.        1076564.328125  1076546.        1076618.59375
   1076668.5234375 1076459.640625  1076844.15625   1076786.796875
   1076763.7109375 1077018.5625   ]' has dtype incompatible with float32, please explicitly cast to a compatible dtype first.
    out.iloc[-k:, out.columns.get_loc(col)] = out.iloc[-k:][col].astype(float).to_numpy() + delta

tests/feature_engineering/test_ff_fullchain_truncation_small_mr.py::test_small_mutation_l4_lag_shift_minus_one_fails
tests/feature_engineering/test_ff_fullchain_truncation_small_mr.py::test_small_mutation_l4_lag_shift_minus_one_fails
tests/feature_engineering/test_ff_fullchain_truncation_small_mr.py::test_small_mutation_l4_lag_shift_minus_one_fails
tests/feature_engineering/test_ff_fullchain_truncation_small_mr.py::test_small_mutation_l4_lag_shift_minus_one_fails
  /Users/louis/Desktop/quantitative_trading_system/tests/feature_engineering/ff_truncation_mr_helpers.py:1423: FutureWarning: Setting an item of incompatible dtype is deprecated and will raise an error in a future version of pandas. Value '[1077815.25      1076793.09375   1076618.59375   1076743.2421875
   1076834.0625    1076878.0703125 1076960.4296875 1076786.8125
   1077066.421875  1077371.3203125]' has dtype incompatible with float32, please explicitly cast to a compatible dtype first.
    out.iloc[-k:, out.columns.get_loc(col)] = out.iloc[-k:][col].astype(float).to_numpy() + delta

tests/feature_engineering/test_ff_fullchain_truncation_small_mr.py::test_small_mutation_l4_lag_shift_minus_one_fails
tests/feature_engineering/test_ff_fullchain_truncation_small_mr.py::test_small_mutation_l4_lag_shift_minus_one_fails
tests/feature_engineering/test_ff_fullchain_truncation_small_mr.py::test_small_mutation_l4_lag_shift_minus_one_fails
tests/feature_engineering/test_ff_fullchain_truncation_small_mr.py::test_small_mutation_l4_lag_shift_minus_one_fails
  /Users/louis/Desktop/quantitative_trading_system/tests/feature_engineering/ff_truncation_mr_helpers.py:1423: FutureWarning: Setting an item of incompatible dtype is deprecated and will raise an error in a future version of pandas. Value '[1000744.42828369 1001882.1706543  1000809.46496582 1000874.80560303
   1000361.97329712 1000598.68005371 1000310.80764771 1000223.94467163
   1000364.86358643 1000438.27301025]' has dtype incompatible with float32, please explicitly cast to a compatible dtype first.
    out.iloc[-k:, out.columns.get_loc(col)] = out.iloc[-k:][col].astype(float).to_numpy() + delta

tests/feature_engineering/test_ff_fullchain_truncation_small_mr.py::test_small_mutation_fracdiff_calibration_perturb_fails
tests/feature_engineering/test_ff_fullchain_truncation_small_mr.py::test_small_mutation_fracdiff_calibration_perturb_fails
tests/feature_engineering/test_ff_fullchain_truncation_small_mr.py::test_small_mutation_fracdiff_calibration_perturb_fails
tests/feature_engineering/test_ff_fullchain_truncation_small_mr.py::test_small_mutation_fracdiff_calibration_perturb_fails
  /Users/louis/Desktop/quantitative_trading_system/tests/feature_engineering/ff_truncation_mr_helpers.py:1548: FutureWarning: Setting an item of incompatible dtype is deprecated and will raise an error in a future version of pandas. Value '[1042283.578125   1042475.23046875 1042613.5703125  ... 1090357.6015625
   1092707.5        1094187.8125    ]' has dtype incompatible with float32, please explicitly cast to a compatible dtype first.
    out.iloc[rows, loc] = out.iloc[rows, loc].astype(float).to_numpy() + delta

tests/feature_engineering/test_ff_fullchain_truncation_small_mr.py::test_small_mutation_fracdiff_calibration_perturb_fails
tests/feature_engineering/test_ff_fullchain_truncation_small_mr.py::test_small_mutation_fracdiff_calibration_perturb_fails
tests/feature_engineering/test_ff_fullchain_truncation_small_mr.py::test_small_mutation_fracdiff_calibration_perturb_fails
tests/feature_engineering/test_ff_fullchain_truncation_small_mr.py::test_small_mutation_fracdiff_calibration_perturb_fails
  /Users/louis/Desktop/quantitative_trading_system/tests/feature_engineering/ff_truncation_mr_helpers.py:1548: FutureWarning: Setting an item of incompatible dtype is deprecated and will raise an error in a future version of pandas. Value '[1042554.5703125  1042775.         1042638.41015625 ... 1092876.921875
   1094488.640625   1094588.9921875 ]' has dtype incompatible with float32, please explicitly cast to a compatible dtype first.
    out.iloc[rows, loc] = out.iloc[rows, loc].astype(float).to_numpy() + delta

tests/feature_engineering/test_ff_fullchain_truncation_small_mr.py::test_small_mutation_fracdiff_calibration_perturb_fails
tests/feature_engineering/test_ff_fullchain_truncation_small_mr.py::test_small_mutation_fracdiff_calibration_perturb_fails
tests/feature_engineering/test_ff_fullchain_truncation_small_mr.py::test_small_mutation_fracdiff_calibration_perturb_fails
tests/feature_engineering/test_ff_fullchain_truncation_small_mr.py::test_small_mutation_fracdiff_calibration_perturb_fails
  /Users/louis/Desktop/quantitative_trading_system/tests/feature_engineering/ff_truncation_mr_helpers.py:1548: FutureWarning: Setting an item of incompatible dtype is deprecated and will raise an error in a future version of pandas. Value '[1042261.01953125 1042431.6484375  1042500.         ... 1090288.1015625
   1092693.5        1093538.9296875 ]' has dtype incompatible with float32, please explicitly cast to a compatible dtype first.
    out.iloc[rows, loc] = out.iloc[rows, loc].astype(float).to_numpy() + delta

tests/feature_engineering/test_ff_fullchain_truncation_small_mr.py::test_small_mutation_fracdiff_calibration_perturb_fails
tests/feature_engineering/test_ff_fullchain_truncation_small_mr.py::test_small_mutation_fracdiff_calibration_perturb_fails
tests/feature_engineering/test_ff_fullchain_truncation_small_mr.py::test_small_mutation_fracdiff_calibration_perturb_fails
tests/feature_engineering/test_ff_fullchain_truncation_small_mr.py::test_small_mutation_fracdiff_calibration_perturb_fails
  /Users/louis/Desktop/quantitative_trading_system/tests/feature_engineering/ff_truncation_mr_helpers.py:1548: FutureWarning: Setting an item of incompatible dtype is deprecated and will raise an error in a future version of pandas. Value '[1042475.23046875 1042613.55859375 1042581.1015625  ... 1092707.5078125
   1094187.8125     1093917.9921875 ]' has dtype incompatible with float32, please explicitly cast to a compatible dtype first.
    out.iloc[rows, loc] = out.iloc[rows, loc].astype(float).to_numpy() + delta

tests/feature_engineering/test_ff_fullchain_truncation_small_mr.py::test_small_mutation_fracdiff_calibration_perturb_fails
tests/feature_engineering/test_ff_fullchain_truncation_small_mr.py::test_small_mutation_fracdiff_calibration_perturb_fails
tests/feature_engineering/test_ff_fullchain_truncation_small_mr.py::test_small_mutation_fracdiff_calibration_perturb_fails
tests/feature_engineering/test_ff_fullchain_truncation_small_mr.py::test_small_mutation_fracdiff_calibration_perturb_fails
  /Users/louis/Desktop/quantitative_trading_system/tests/feature_engineering/ff_truncation_mr_helpers.py:1548: FutureWarning: Setting an item of incompatible dtype is deprecated and will raise an error in a future version of pandas. Value '[1001271.68103027 1001196.37854004 1000685.2197876  ... 1003162.30444336
   1004040.15600586 1001823.80004883]' has dtype incompatible with float32, please explicitly cast to a compatible dtype first.
    out.iloc[rows, loc] = out.iloc[rows, loc].astype(float).to_numpy() + delta

-- Docs: https://docs.pytest.org/en/stable/how-to/capture-warnings.html
=========================== short test summary info ============================
FAILED tests/feature_engineering/test_ff_fullchain_truncation_small_mr.py::test_small_mutation_numba_rolling_center_true_fails
=========== 1 failed, 5 passed, 6878 warnings in 2647.97s (0:44:07) ============
PYTEST_RC=1
Fri Oct  2 10:07:34 CST 2026
