============================= test session starts ==============================
platform darwin -- Python 3.9.6, pytest-8.4.2, pluggy-1.6.0
rootdir: /Users/louis/Desktop/quantitative_trading_system
configfile: pytest.ini
plugins: asyncio-1.2.0, anyio-4.10.0, cov-7.0.0
asyncio: mode=strict, debug=False, asyncio_default_fixture_loop_scope=None, asyncio_default_test_loop_scope=function

----------------------------- live log collection ------------------------------
01:13:55 [INFO] Loaded feature registry with 16 entries
collected 1137 items

tests/momentum/Analysis/model_validation/test_combinatorial_purged_cv.py::test_P1_too_few_groups PASSED [  0%]
tests/momentum/Analysis/model_validation/test_combinatorial_purged_cv.py::test_P2_test_groups_exceed PASSED [  0%]
tests/momentum/Analysis/model_validation/test_combinatorial_purged_cv.py::test_P3_path_sampling_coverage PASSED [  0%]
tests/momentum/Analysis/model_validation/test_combinatorial_purged_cv.py::test_P4_small_group 
-------------------------------- live log call ---------------------------------
01:13:56 [WARNING] CombinatorialPurgedCV: group 樣本數 < 20
PASSED                                                                   [  0%]
tests/momentum/Analysis/model_validation/test_combinatorial_purged_cv.py::test_P5_purge_exceeds_group 
-------------------------------- live log call ---------------------------------
01:13:56 [WARNING] CombinatorialPurgedCV: group 樣本數 < 20
PASSED                                                                   [  0%]
tests/momentum/Analysis/model_validation/test_combinatorial_purged_cv.py::test_P6_single_path_failure 
-------------------------------- live log call ---------------------------------
01:13:56 [WARNING] CombinatorialPurgedCV: path 0 訓練失敗，跳過 (failed)
01:13:56 [WARNING] CombinatorialPurgedCV: path 1 訓練失敗，跳過 (failed)
01:13:56 [WARNING] CombinatorialPurgedCV: path 2 訓練失敗，跳過 (failed)
01:13:56 [WARNING] CombinatorialPurgedCV: path 3 訓練失敗，跳過 (failed)
01:13:56 [WARNING] CombinatorialPurgedCV: path 4 訓練失敗，跳過 (failed)
01:13:56 [WARNING] CombinatorialPurgedCV: path 5 訓練失敗，跳過 (failed)
01:13:56 [WARNING] CombinatorialPurgedCV: path 6 訓練失敗，跳過 (failed)
01:13:56 [WARNING] CombinatorialPurgedCV: path 7 訓練失敗，跳過 (failed)
01:13:56 [WARNING] CombinatorialPurgedCV: path 8 訓練失敗，跳過 (failed)
01:13:56 [WARNING] CombinatorialPurgedCV: path 9 訓練失敗，跳過 (failed)
01:13:56 [WARNING] CombinatorialPurgedCV: path 10 訓練失敗，跳過 (failed)
01:13:56 [WARNING] CombinatorialPurgedCV: path 11 訓練失敗，跳過 (failed)
01:13:56 [WARNING] CombinatorialPurgedCV: path 12 訓練失敗，跳過 (failed)
01:13:56 [WARNING] CombinatorialPurgedCV: path 13 訓練失敗，跳過 (failed)
01:13:56 [WARNING] CombinatorialPurgedCV: path 14 訓練失敗，跳過 (failed)
PASSED                                                                   [  0%]
tests/momentum/Analysis/model_validation/test_combinatorial_purged_cv.py::test_P7_all_paths_nan 
-------------------------------- live log call ---------------------------------
01:13:56 [WARNING] CombinatorialPurgedCV: path 0 訓練失敗，跳過 (This solver needs samples of at least 2 classes in the data, but the data contains only one class: 1)
01:13:56 [WARNING] CombinatorialPurgedCV: path 1 訓練失敗，跳過 (This solver needs samples of at least 2 classes in the data, but the data contains only one class: 1)
01:13:56 [WARNING] CombinatorialPurgedCV: path 2 訓練失敗，跳過 (This solver needs samples of at least 2 classes in the data, but the data contains only one class: 1)
01:13:56 [WARNING] CombinatorialPurgedCV: path 3 訓練失敗，跳過 (This solver needs samples of at least 2 classes in the data, but the data contains only one class: 1)
01:13:56 [WARNING] CombinatorialPurgedCV: path 4 訓練失敗，跳過 (This solver needs samples of at least 2 classes in the data, but the data contains only one class: 1)
01:13:56 [WARNING] CombinatorialPurgedCV: path 5 訓練失敗，跳過 (This solver needs samples of at least 2 classes in the data, but the data contains only one class: 1)
01:13:56 [WARNING] CombinatorialPurgedCV: path 6 訓練失敗，跳過 (This solver needs samples of at least 2 classes in the data, but the data contains only one class: 1)
01:13:56 [WARNING] CombinatorialPurgedCV: path 7 訓練失敗，跳過 (This solver needs samples of at least 2 classes in the data, but the data contains only one class: 1)
01:13:56 [WARNING] CombinatorialPurgedCV: path 8 訓練失敗，跳過 (This solver needs samples of at least 2 classes in the data, but the data contains only one class: 1)
01:13:56 [WARNING] CombinatorialPurgedCV: path 9 訓練失敗，跳過 (This solver needs samples of at least 2 classes in the data, but the data contains only one class: 1)
01:13:56 [WARNING] CombinatorialPurgedCV: path 10 訓練失敗，跳過 (This solver needs samples of at least 2 classes in the data, but the data contains only one class: 1)
01:13:56 [WARNING] CombinatorialPurgedCV: path 11 訓練失敗，跳過 (This solver needs samples of at least 2 classes in the data, but the data contains only one class: 1)
01:13:56 [WARNING] CombinatorialPurgedCV: path 12 訓練失敗，跳過 (This solver needs samples of at least 2 classes in the data, but the data contains only one class: 1)
01:13:56 [WARNING] CombinatorialPurgedCV: path 13 訓練失敗，跳過 (This solver needs samples of at least 2 classes in the data, but the data contains only one class: 1)
01:13:56 [WARNING] CombinatorialPurgedCV: path 14 訓練失敗，跳過 (This solver needs samples of at least 2 classes in the data, but the data contains only one class: 1)
PASSED                                                                   [  0%]
tests/momentum/Analysis/model_validation/test_combinatorial_purged_cv.py::test_P8_standard_6_2_cpcv PASSED [  0%]
tests/momentum/Analysis/model_validation/test_combinatorial_purged_cv.py::test_P9_embargo_empties_train PASSED [  0%]
tests/momentum/Analysis/model_validation/test_combinatorial_purged_cv.py::test_validate_schema PASSED [  0%]
tests/momentum/Analysis/model_validation/test_combinatorial_purged_cv.py::test_split_indices_do_not_overlap PASSED [  0%]
tests/momentum/Analysis/model_validation/test_combinatorial_purged_cv.py::test_validate_returns_summary_statistics PASSED [  1%]
tests/momentum/Analysis/model_validation/test_combinatorial_purged_cv.py::test_generate_backtest_paths_schema PASSED [  1%]
tests/momentum/Analysis/model_validation/test_combinatorial_purged_cv.py::test_validate_path_results_lengths_consistent PASSED [  1%]
tests/momentum/Analysis/model_validation/test_combinatorial_purged_cv.py::test_validate_path_aucs_within_valid_range PASSED [  1%]
tests/momentum/Analysis/model_validation/test_walk_forward_validator.py::test_W1_data_too_short PASSED [  1%]
tests/momentum/Analysis/model_validation/test_walk_forward_validator.py::test_W2_small_train_window 
-------------------------------- live log call ---------------------------------
01:13:56 [WARNING] WalkForwardValidator: train_size < 50，結果可能不穩定
PASSED                                                                   [  1%]
tests/momentum/Analysis/model_validation/test_walk_forward_validator.py::test_W3_minimal_periods 
-------------------------------- live log call ---------------------------------
01:13:56 [WARNING] WalkForwardValidator: 可用 period 少於等於 2
PASSED                                                                   [  1%]
tests/momentum/Analysis/model_validation/test_walk_forward_validator.py::test_W4_single_class_test_period PASSED [  1%]
tests/momentum/Analysis/model_validation/test_walk_forward_validator.py::test_W5_step_larger_than_test 
-------------------------------- live log call ---------------------------------
01:13:56 [WARNING] WalkForwardValidator: step_size > test_size，允許但可能跳躍過大
PASSED                                                                   [  1%]
tests/momentum/Analysis/model_validation/test_walk_forward_validator.py::test_W6_purge_exceeds_test PASSED [  1%]
tests/momentum/Analysis/model_validation/test_walk_forward_validator.py::test_W7_training_failure_single_period 
-------------------------------- live log call ---------------------------------
01:13:56 [WARNING] WalkForwardValidator: period 0 訓練失敗，跳過 (boom)
01:13:56 [WARNING] WalkForwardValidator: period 1 訓練失敗，跳過 (boom)
01:13:56 [WARNING] WalkForwardValidator: period 2 訓練失敗，跳過 (boom)
01:13:56 [WARNING] WalkForwardValidator: period 3 訓練失敗，跳過 (boom)
01:13:56 [WARNING] WalkForwardValidator: period 4 訓練失敗，跳過 (boom)
01:13:56 [WARNING] WalkForwardValidator: period 5 訓練失敗，跳過 (boom)
01:13:56 [WARNING] WalkForwardValidator: period 6 訓練失敗，跳過 (boom)
01:13:56 [WARNING] WalkForwardValidator: period 7 訓練失敗，跳過 (boom)
01:13:56 [WARNING] WalkForwardValidator: period 8 訓練失敗，跳過 (boom)
01:13:56 [WARNING] WalkForwardValidator: period 9 訓練失敗，跳過 (boom)
01:13:56 [WARNING] WalkForwardValidator: period 10 訓練失敗，跳過 (boom)
01:13:56 [WARNING] WalkForwardValidator: period 11 訓練失敗，跳過 (boom)
01:13:56 [WARNING] WalkForwardValidator: period 12 訓練失敗，跳過 (boom)
01:13:56 [WARNING] WalkForwardValidator: period 13 訓練失敗，跳過 (boom)
PASSED                                                                   [  1%]
tests/momentum/Analysis/model_validation/test_walk_forward_validator.py::test_W8_both_modes PASSED [  2%]
tests/momentum/Analysis/model_validation/test_walk_forward_validator.py::test_W9_all_periods_below_random PASSED [  2%]
tests/momentum/Analysis/model_validation/test_walk_forward_validator.py::test_W10_expanding_memory_warning PASSED [  2%]
tests/momentum/Analysis/model_validation/test_walk_forward_validator.py::test_rolling_basic_metrics PASSED [  2%]
tests/momentum/Analysis/model_validation/test_walk_forward_validator.py::test_validate_default_returns_rolling_key PASSED [  2%]
tests/momentum/Analysis/model_validation/test_walk_forward_validator.py::test_validate_expanding_returns_expanding_key PASSED [  2%]
tests/momentum/Analysis/model_validation/test_walk_forward_validator.py::test_rolling_report_contains_period_ranges PASSED [  2%]
tests/momentum/Analysis/model_validation/test_walk_forward_validator.py::test_rolling_feature_stability_has_reasonable_ratio PASSED [  2%]
tests/momentum/Analysis/strategy_validation/test_contract.py::test_capability_status_ref_is_really_dereferenced PASSED [  2%]
tests/momentum/Analysis/strategy_validation/test_contract.py::test_six_status_values_do_not_appear_literally_in_strategy_contract PASSED [  2%]
tests/momentum/Analysis/strategy_validation/test_contract.py::test_ref_pointing_to_missing_key_raises PASSED [  2%]
tests/momentum/Analysis/strategy_validation/test_contract.py::test_ref_pointing_to_missing_file_raises PASSED [  2%]
tests/momentum/Analysis/strategy_validation/test_contract.py::test_invalid_json_raises PASSED [  3%]
tests/momentum/Analysis/strategy_validation/test_contract.py::test_no_key_named_n_or_capital_n PASSED [  3%]
tests/momentum/Analysis/strategy_validation/test_contract.py::test_exactly_seventeen_top_level_keys PASSED [  3%]
tests/momentum/Analysis/strategy_validation/test_contract.py::test_enumerations_and_reason_conditions PASSED [  3%]
tests/momentum/Analysis/strategy_validation/test_contract.py::test_report_sections_required_keys_match_a1_13_literally PASSED [  3%]
tests/momentum/Analysis/strategy_validation/test_contract.py::test_ledger_record_keys_schema PASSED [  3%]
tests/momentum/Analysis/strategy_validation/test_contract.py::test_validate_against_contract_accepts_valid_section PASSED [  3%]
tests/momentum/Analysis/strategy_validation/test_contract.py::test_validate_rejects_missing_required_key PASSED [  3%]
tests/momentum/Analysis/strategy_validation/test_contract.py::test_validate_rejects_extra_key PASSED [  3%]
tests/momentum/Analysis/strategy_validation/test_contract.py::test_validate_rejects_wrong_type PASSED [  3%]
tests/momentum/Analysis/strategy_validation/test_contract.py::test_validate_rejects_bool_masquerading_as_int PASSED [  3%]
tests/momentum/Analysis/strategy_validation/test_contract.py::test_validate_rejects_status_outside_capability_enum PASSED [  4%]
tests/momentum/Analysis/strategy_validation/test_contract.py::test_validate_rejects_invented_reason PASSED [  4%]
tests/momentum/Analysis/strategy_validation/test_contract.py::test_validate_rejects_unknown_section PASSED [  4%]
tests/momentum/Analysis/strategy_validation/test_contract.py::test_contract_module_is_importable_without_run_api PASSED [  4%]
tests/momentum/Analysis/strategy_validation/test_contract.py::test_loader_rejects_unknown_top_level_key PASSED [  4%]
tests/momentum/Analysis/strategy_validation/test_contract.py::test_loader_rejects_missing_top_level_key PASSED [  4%]
tests/momentum/Analysis/strategy_validation/test_contract.py::test_loader_rejects_empty_or_non_str_enum PASSED [  4%]
tests/momentum/Analysis/strategy_validation/test_contract.py::test_loader_rejects_reason_conditions_drift PASSED [  4%]
tests/momentum/Analysis/strategy_validation/test_contract.py::test_validate_enforces_enum_membership_mechanically[pbo-universe_scope-everything] PASSED [  4%]
tests/momentum/Analysis/strategy_validation/test_contract.py::test_validate_enforces_enum_membership_mechanically[dsr-variance_source-made_up] PASSED [  4%]
tests/momentum/Analysis/strategy_validation/test_contract.py::test_validate_enforces_enum_membership_mechanically[provenance-n_semantics-made_up] PASSED [  4%]
tests/momentum/Analysis/strategy_validation/test_contract.py::test_validate_enforces_enum_membership_mechanically[provenance-t_semantics-made_up] PASSED [  5%]
tests/momentum/Analysis/strategy_validation/test_contract.py::test_validate_enforces_enum_membership_mechanically[provenance-annualization_source-made_up] PASSED [  5%]
tests/momentum/Analysis/strategy_validation/test_contract.py::test_validate_enum_check_skips_none PASSED [  5%]
tests/momentum/Analysis/strategy_validation/test_contract.py::test_returned_contract_is_not_the_cache PASSED [  5%]
tests/momentum/Analysis/strategy_validation/test_contract.py::test_cache_invalidates_when_default_file_changes PASSED [  5%]
tests/momentum/Analysis/strategy_validation/test_cscv.py::test_path_count_matches_comb[12-924] PASSED [  5%]
tests/momentum/Analysis/strategy_validation/test_cscv.py::test_path_count_matches_comb[14-3432] PASSED [  5%]
tests/momentum/Analysis/strategy_validation/test_cscv.py::test_path_count_matches_comb[16-12870] PASSED [  5%]
tests/momentum/Analysis/strategy_validation/test_cscv.py::test_all_paths_cover_and_are_disjoint_s12 PASSED [  5%]
tests/momentum/Analysis/strategy_validation/test_cscv.py::test_block_lengths_with_remainder PASSED [  5%]
tests/momentum/Analysis/strategy_validation/test_cscv.py::test_odd_or_too_many_blocks_raise PASSED [  5%]
tests/momentum/Analysis/strategy_validation/test_cscv.py::test_budget_fail_closed PASSED [  5%]
tests/momentum/Analysis/strategy_validation/test_cscv.py::test_is_lazy_generator PASSED [  6%]
tests/momentum/Analysis/strategy_validation/test_cscv.py::test_s_equals_two PASSED [  6%]
tests/momentum/Analysis/strategy_validation/test_deflated_sharpe.py::test_n_one_equals_psr_closed_form_with_exact_skew0_kurt3 PASSED [  6%]
tests/momentum/Analysis/strategy_validation/test_deflated_sharpe.py::test_n_one_equals_psr_analytic PASSED [  6%]
tests/momentum/Analysis/strategy_validation/test_deflated_sharpe.py::test_expected_max_sharpe_factor_three_points[10-1.5746] PASSED [  6%]
tests/momentum/Analysis/strategy_validation/test_deflated_sharpe.py::test_expected_max_sharpe_factor_three_points[100-2.5306] PASSED [  6%]
tests/momentum/Analysis/strategy_validation/test_deflated_sharpe.py::test_expected_max_sharpe_factor_three_points[1000-3.2551] PASSED [  6%]
tests/momentum/Analysis/strategy_validation/test_deflated_sharpe.py::test_dsr_monotone_non_increasing_in_n PASSED [  6%]
tests/momentum/Analysis/strategy_validation/test_deflated_sharpe.py::test_period_returns_not_ok_propagates[kw0] PASSED [  6%]
tests/momentum/Analysis/strategy_validation/test_deflated_sharpe.py::test_period_returns_not_ok_propagates[kw1] PASSED [  6%]
tests/momentum/Analysis/strategy_validation/test_deflated_sharpe.py::test_ledger_cross_trial_with_fewer_than_two_values_is_unavailable PASSED [  6%]
tests/momentum/Analysis/strategy_validation/test_deflated_sharpe.py::test_ledger_and_n_trials_are_mutually_exclusive_and_snapshot_binding PASSED [  7%]
tests/momentum/Analysis/strategy_validation/test_deflated_sharpe.py::test_explicit_variance_none_vs_degenerate_are_distinct_reasons PASSED [  7%]
tests/momentum/Analysis/strategy_validation/test_deflated_sharpe.py::test_both_variance_sources_agree_when_variance_equal PASSED [  7%]
tests/momentum/Analysis/strategy_validation/test_deflated_sharpe.py::test_unit_invariance_across_periods_per_year[ppy_pair0] PASSED [  7%]
tests/momentum/Analysis/strategy_validation/test_deflated_sharpe.py::test_unit_invariance_across_periods_per_year[ppy_pair1] PASSED [  7%]
tests/momentum/Analysis/strategy_validation/test_deflated_sharpe.py::test_unit_invariance_across_periods_per_year[ppy_pair2] PASSED [  7%]
tests/momentum/Analysis/strategy_validation/test_deflated_sharpe.py::test_adaptive_search_marks_independence_unverified PASSED [  7%]
tests/momentum/Analysis/strategy_validation/test_deflated_sharpe.py::test_enum_violations_raise PASSED [  7%]
tests/momentum/Analysis/strategy_validation/test_deflated_sharpe.py::test_degenerate_returns_and_unknown_ledger_n PASSED [  7%]
tests/momentum/Analysis/strategy_validation/test_deflated_sharpe.py::test_expected_max_sharpe_factor_matches_golden_file PASSED [  7%]
tests/momentum/Analysis/strategy_validation/test_frequency.py::test_resolve_known_timeframes[1h-8760] PASSED [  7%]
tests/momentum/Analysis/strategy_validation/test_frequency.py::test_resolve_known_timeframes[4h-2190] PASSED [  8%]
tests/momentum/Analysis/strategy_validation/test_frequency.py::test_resolve_known_timeframes[12h-730] PASSED [  8%]
tests/momentum/Analysis/strategy_validation/test_frequency.py::test_resolve_known_timeframes[1d-365] PASSED [  8%]
tests/momentum/Analysis/strategy_validation/test_frequency.py::test_resolve_unknown_raises[7m] PASSED [  8%]
tests/momentum/Analysis/strategy_validation/test_frequency.py::test_resolve_unknown_raises[] PASSED [  8%]
tests/momentum/Analysis/strategy_validation/test_frequency.py::test_resolve_unknown_raises[None] PASSED [  8%]
tests/momentum/Analysis/strategy_validation/test_frequency.py::test_resolve_unknown_raises[1H] PASSED [  8%]
tests/momentum/Analysis/strategy_validation/test_frequency.py::test_resolve_unknown_raises[3600] PASSED [  8%]
tests/momentum/Analysis/strategy_validation/test_frequency.py::test_resolve_unknown_raises[bad5] PASSED [  8%]
tests/momentum/Analysis/strategy_validation/test_frequency.py::test_resolve_unknown_raises[1 h] PASSED [  8%]
tests/momentum/Analysis/strategy_validation/test_frequency.py::test_available_years_zero_bars PASSED [  8%]
tests/momentum/Analysis/strategy_validation/test_frequency.py::test_available_years_rejects_bad_n_bars[-1] PASSED [  8%]
tests/momentum/Analysis/strategy_validation/test_frequency.py::test_available_years_rejects_bad_n_bars[1.5] PASSED [  9%]
tests/momentum/Analysis/strategy_validation/test_frequency.py::test_available_years_rejects_bad_n_bars[True] PASSED [  9%]
tests/momentum/Analysis/strategy_validation/test_frequency.py::test_available_years_rejects_bad_n_bars[100] PASSED [  9%]
tests/momentum/Analysis/strategy_validation/test_frequency.py::test_available_years_propagates_unknown_timeframe PASSED [  9%]
tests/momentum/Analysis/strategy_validation/test_frequency.py::test_available_years_matches_real_kline_receipt[12h-1696] PASSED [  9%]
tests/momentum/Analysis/strategy_validation/test_frequency.py::test_available_years_matches_real_kline_receipt[1h-20352] PASSED [  9%]
tests/momentum/Analysis/strategy_validation/test_frequency.py::test_available_years_matches_real_kline_receipt[4h-5088] PASSED [  9%]
tests/momentum/Analysis/strategy_validation/test_frequency.py::test_available_years_frequency_invariance PASSED [  9%]
tests/momentum/Analysis/strategy_validation/test_frequency.py::test_reexport_is_identical_object_to_core_implementation PASSED [  9%]
tests/momentum/Analysis/strategy_validation/test_ledger.py::test_missing_file_is_n_unknown PASSED [  9%]
tests/momentum/Analysis/strategy_validation/test_ledger.py::test_empty_file_is_n_unknown PASSED [  9%]
tests/momentum/Analysis/strategy_validation/test_ledger.py::test_schema_invalid_row_counts_into_rows_rejected PASSED [ 10%]
tests/momentum/Analysis/strategy_validation/test_ledger.py::test_metric_invalid_row_counts_into_failed_and_invariant_holds PASSED [ 10%]
tests/momentum/Analysis/strategy_validation/test_ledger.py::test_n_is_lower_bound_always_true[1] PASSED [ 10%]
tests/momentum/Analysis/strategy_validation/test_ledger.py::test_n_is_lower_bound_always_true[3] PASSED [ 10%]
tests/momentum/Analysis/strategy_validation/test_ledger.py::test_n_is_lower_bound_always_true[5] PASSED [ 10%]
tests/momentum/Analysis/strategy_validation/test_ledger.py::test_valid_sharpe_values_only_per_period PASSED [ 10%]
tests/momentum/Analysis/strategy_validation/test_ledger.py::test_same_candidate_multiple_attempts PASSED [ 10%]
tests/momentum/Analysis/strategy_validation/test_ledger.py::test_snapshot_hash_stable_and_changes_with_new_row PASSED [ 10%]
tests/momentum/Analysis/strategy_validation/test_ledger.py::test_invalid_rows_rejected_with_named_reason[bad_row0] PASSED [ 10%]
tests/momentum/Analysis/strategy_validation/test_ledger.py::test_invalid_rows_rejected_with_named_reason[bad_row1] PASSED [ 10%]
tests/momentum/Analysis/strategy_validation/test_ledger.py::test_invalid_rows_rejected_with_named_reason[bad_row2] PASSED [ 10%]
tests/momentum/Analysis/strategy_validation/test_ledger.py::test_invalid_rows_rejected_with_named_reason[bad_row3] PASSED [ 10%]
tests/momentum/Analysis/strategy_validation/test_ledger.py::test_invalid_rows_rejected_with_named_reason[bad_row4] PASSED [ 11%]
tests/momentum/Analysis/strategy_validation/test_ledger.py::test_non_finite_metric_value_is_schema_invalid[NaN] PASSED [ 11%]
tests/momentum/Analysis/strategy_validation/test_ledger.py::test_non_finite_metric_value_is_schema_invalid[Infinity] PASSED [ 11%]
tests/momentum/Analysis/strategy_validation/test_ledger.py::test_non_finite_metric_value_is_schema_invalid[-Infinity] PASSED [ 11%]
tests/momentum/Analysis/strategy_validation/test_ledger.py::test_row_with_foreign_context_is_rejected PASSED [ 11%]
tests/momentum/Analysis/strategy_validation/test_ledger.py::test_snapshot_hash_has_no_delimiter_collision[left0-right0] PASSED [ 11%]
tests/momentum/Analysis/strategy_validation/test_ledger.py::test_snapshot_hash_has_no_delimiter_collision[left1-right1] PASSED [ 11%]
tests/momentum/Analysis/strategy_validation/test_ledger.py::test_snapshot_hash_has_no_delimiter_collision[left2-right2] PASSED [ 11%]
tests/momentum/Analysis/strategy_validation/test_ledger.py::test_snapshot_hash_has_no_delimiter_collision[left3-right3] PASSED [ 11%]
tests/momentum/Analysis/strategy_validation/test_ledger.py::test_snapshot_hash_at_read_level_distinguishes_delimiter_inputs PASSED [ 11%]
tests/momentum/Analysis/strategy_validation/test_ledger.py::test_unreadable_file_raises_rather_than_silently_ok PASSED [ 11%]
tests/momentum/Analysis/strategy_validation/test_ledger_conformance.py::test_counts_are_self_consistent_including_invalid_metric PASSED [ 12%]
tests/momentum/Analysis/strategy_validation/test_ledger_conformance.py::test_invalid_record_raises_and_leaves_file_untouched[bad0] PASSED [ 12%]
tests/momentum/Analysis/strategy_validation/test_ledger_conformance.py::test_invalid_record_raises_and_leaves_file_untouched[bad1] PASSED [ 12%]
tests/momentum/Analysis/strategy_validation/test_ledger_conformance.py::test_invalid_record_raises_and_leaves_file_untouched[bad2] PASSED [ 12%]
tests/momentum/Analysis/strategy_validation/test_ledger_conformance.py::test_invalid_record_raises_and_leaves_file_untouched[bad3] PASSED [ 12%]
tests/momentum/Analysis/strategy_validation/test_ledger_conformance.py::test_duplicate_evaluation_id_raises PASSED [ 12%]
tests/momentum/Analysis/strategy_validation/test_ledger_conformance.py::test_concurrent_appends_do_not_interleave PASSED [ 12%]
tests/momentum/Analysis/strategy_validation/test_ledger_conformance.py::test_read_after_write_roundtrip_preserves_candidate_set PASSED [ 12%]
tests/momentum/Analysis/strategy_validation/test_ledger_conformance.py::test_non_finite_metric_value_is_rejected_at_write[nan] PASSED [ 12%]
tests/momentum/Analysis/strategy_validation/test_ledger_conformance.py::test_non_finite_metric_value_is_rejected_at_write[inf] PASSED [ 12%]
tests/momentum/Analysis/strategy_validation/test_ledger_conformance.py::test_non_finite_metric_value_is_rejected_at_write[-inf] PASSED [ 12%]
tests/momentum/Analysis/strategy_validation/test_ledger_conformance.py::test_exact_type_check_rejects_lookalikes[metric_unit-per_period-Enum \u5192\u5145 str] PASSED [ 13%]
tests/momentum/Analysis/strategy_validation/test_ledger_conformance.py::test_exact_type_check_rejects_lookalikes[metric_value-1.2-numpy.float64 \u5192\u5145 float] PASSED [ 13%]
tests/momentum/Analysis/strategy_validation/test_ledger_conformance.py::test_exact_type_check_rejects_lookalikes[attempt_index-value2-numpy.int64 \u5192\u5145 int] PASSED [ 13%]
tests/momentum/Analysis/strategy_validation/test_ledger_conformance.py::test_exact_type_check_rejects_lookalikes[metric_valid-true-\u5b57\u4e32\u5192\u5145 bool] PASSED [ 13%]
tests/momentum/Analysis/strategy_validation/test_ledger_conformance.py::test_exact_type_check_rejects_lookalikes[metric_valid-1-int \u5192\u5145 bool] PASSED [ 13%]
tests/momentum/Analysis/strategy_validation/test_ledger_conformance.py::test_exact_type_check_rejects_lookalikes[metric_value-True-bool \u5192\u5145 float] PASSED [ 13%]
tests/momentum/Analysis/strategy_validation/test_ledger_conformance.py::test_error_message_names_missing_and_extra_keys PASSED [ 13%]
tests/momentum/Analysis/strategy_validation/test_ledger_conformance.py::test_record_context_must_match_target_ledger PASSED [ 13%]
tests/momentum/Analysis/strategy_validation/test_ledger_conformance.py::test_duplicate_evaluation_id_race_writes_exactly_one_row PASSED [ 13%]
tests/momentum/Analysis/strategy_validation/test_ledger_conformance.py::test_multi_process_long_lines_do_not_interleave PASSED [ 13%]
tests/momentum/Analysis/strategy_validation/test_ledger_conformance.py::test_unwritable_directory_raises PASSED [ 13%]
tests/momentum/Analysis/strategy_validation/test_ledger_path.py::test_ledger_filename_literal PASSED [ 13%]
tests/momentum/Analysis/strategy_validation/test_ledger_path.py::test_ledger_path_derives_from_config_results_path PASSED [ 14%]
tests/momentum/Analysis/strategy_validation/test_ledger_path.py::test_ledger_path_is_not_patched_in_this_file PASSED [ 14%]
tests/momentum/Analysis/strategy_validation/test_ledger_path.py::test_ledger_path_rejects_unsafe_identifiers[-ds] PASSED [ 14%]
tests/momentum/Analysis/strategy_validation/test_ledger_path.py::test_ledger_path_rejects_unsafe_identifiers[sess-] PASSED [ 14%]
tests/momentum/Analysis/strategy_validation/test_ledger_path.py::test_ledger_path_rejects_unsafe_identifiers[../escape-ds] PASSED [ 14%]
tests/momentum/Analysis/strategy_validation/test_ledger_path.py::test_ledger_path_rejects_unsafe_identifiers[sess-a/b] PASSED [ 14%]
tests/momentum/Analysis/strategy_validation/test_ledger_path.py::test_ledger_path_rejects_unsafe_identifiers[sess-..] PASSED [ 14%]
tests/momentum/Analysis/strategy_validation/test_ledger_path.py::test_ledger_path_rejects_unsafe_identifiers[a__b-ds] PASSED [ 14%]
tests/momentum/Analysis/strategy_validation/test_ledger_path.py::test_ledger_path_rejects_unsafe_identifiers[sess-ds\x00] PASSED [ 14%]
tests/momentum/Analysis/strategy_validation/test_ledger_path.py::test_ledger_path_rejects_non_str PASSED [ 14%]
tests/momentum/Analysis/strategy_validation/test_min_btl.py::test_upper_bound_hand_value PASSED [ 14%]
tests/momentum/Analysis/strategy_validation/test_min_btl.py::test_budget_hand_values PASSED [ 15%]
tests/momentum/Analysis/strategy_validation/test_min_btl.py::test_bound_and_budget_are_inverse_pair[0.5-1.0] PASSED [ 15%]
tests/momentum/Analysis/strategy_validation/test_min_btl.py::test_bound_and_budget_are_inverse_pair[1.0-1.0] PASSED [ 15%]
tests/momentum/Analysis/strategy_validation/test_min_btl.py::test_bound_and_budget_are_inverse_pair[2.0-1.0] PASSED [ 15%]
tests/momentum/Analysis/strategy_validation/test_min_btl.py::test_bound_and_budget_are_inverse_pair[5.0-1.0] PASSED [ 15%]
tests/momentum/Analysis/strategy_validation/test_min_btl.py::test_bound_and_budget_are_inverse_pair[9.0-1.0] PASSED [ 15%]
tests/momentum/Analysis/strategy_validation/test_min_btl.py::test_bound_and_budget_are_inverse_pair[0.5-2.0] PASSED [ 15%]
tests/momentum/Analysis/strategy_validation/test_min_btl.py::test_bound_and_budget_are_inverse_pair[1.5-2.0] PASSED [ 15%]
tests/momentum/Analysis/strategy_validation/test_min_btl.py::test_bound_and_budget_are_inverse_pair[3.0-2.0] PASSED [ 15%]
tests/momentum/Analysis/strategy_validation/test_min_btl.py::test_bound_and_budget_are_inverse_pair[2.3232876712328765-1.5] PASSED [ 15%]
tests/momentum/Analysis/strategy_validation/test_min_btl.py::test_bound_and_budget_are_inverse_pair[7.7-0.8] PASSED [ 15%]
tests/momentum/Analysis/strategy_validation/test_min_btl.py::test_bound_and_budget_are_inverse_pair[12.0-0.5] PASSED [ 16%]
tests/momentum/Analysis/strategy_validation/test_min_btl.py::test_bound_and_budget_are_inverse_pair[0.25-3.0] PASSED [ 16%]
tests/momentum/Analysis/strategy_validation/test_min_btl.py::test_bound_and_budget_are_inverse_pair[4.0-1.25] PASSED [ 16%]
tests/momentum/Analysis/strategy_validation/test_min_btl.py::test_bound_and_budget_are_inverse_pair[6.5-0.9] PASSED [ 16%]
tests/momentum/Analysis/strategy_validation/test_min_btl.py::test_bound_and_budget_are_inverse_pair[10.0-1.1] PASSED [ 16%]
tests/momentum/Analysis/strategy_validation/test_min_btl.py::test_bound_and_budget_are_inverse_pair[2.0-2.5] PASSED [ 16%]
tests/momentum/Analysis/strategy_validation/test_min_btl.py::test_bound_and_budget_are_inverse_pair[1.0-3.0] PASSED [ 16%]
tests/momentum/Analysis/strategy_validation/test_min_btl.py::test_bound_and_budget_are_inverse_pair[3.3-1.7] PASSED [ 16%]
tests/momentum/Analysis/strategy_validation/test_min_btl.py::test_bound_and_budget_are_inverse_pair[8.0-0.75] PASSED [ 16%]
tests/momentum/Analysis/strategy_validation/test_min_btl.py::test_bound_and_budget_are_inverse_pair[2.5-2.2] PASSED [ 16%]
tests/momentum/Analysis/strategy_validation/test_min_btl.py::test_n_equals_one_is_zero_and_invalid_arguments_raise PASSED [ 16%]
tests/momentum/Analysis/strategy_validation/test_min_btl.py::test_c5_oracle_real_kline_years_100_trials_not_eligible PASSED [ 16%]
tests/momentum/Analysis/strategy_validation/test_min_btl.py::test_ledger_not_ok_gives_eligible_none_and_passes_status PASSED [ 17%]
tests/momentum/Analysis/strategy_validation/test_min_btl.py::test_large_n_is_finite PASSED [ 17%]
tests/momentum/Analysis/strategy_validation/test_min_btl.py::test_eligible_true_when_data_long_enough PASSED [ 17%]
tests/momentum/Analysis/strategy_validation/test_min_btl.py::test_exp_overflow_argument_raises_not_capped PASSED [ 17%]
tests/momentum/Analysis/strategy_validation/test_min_btl.py::test_eligibility_result_fields_are_subset_of_contract_eligibility_keys PASSED [ 17%]
tests/momentum/Analysis/strategy_validation/test_min_btl.py::test_minbtl_upper_bound_is_conservative_statistical_oracle PASSED [ 17%]
tests/momentum/Analysis/strategy_validation/test_min_btl.py::test_n_source_values_are_contract_enum_and_validated PASSED [ 17%]
tests/momentum/Analysis/strategy_validation/test_min_btl.py::test_hand_constants_match_golden_file PASSED [ 17%]
tests/momentum/Analysis/strategy_validation/test_pbo.py::test_golden_file_sha256_and_analytic_constants PASSED [ 17%]
tests/momentum/Analysis/strategy_validation/test_pbo.py::test_golden_noise_band PASSED [ 17%]
tests/momentum/Analysis/strategy_validation/test_pbo.py::test_golden_alpha_detectable PASSED [ 17%]
tests/momentum/Analysis/strategy_validation/test_pbo.py::test_golden_alpha_undetectable PASSED [ 18%]
tests/momentum/Analysis/strategy_validation/test_pbo.py::test_vectorized_sharpe_matches_compute_sharpe PASSED [ 18%]
tests/momentum/Analysis/strategy_validation/test_pbo.py::test_transpose_raises_and_short_t_ok PASSED [ 18%]
tests/momentum/Analysis/strategy_validation/test_pbo.py::test_all_tie_gives_r_half_and_zero_logit PASSED [ 18%]
tests/momentum/Analysis/strategy_validation/test_pbo.py::test_double_champion_takes_smallest_index_hand_computed PASSED [ 18%]
tests/momentum/Analysis/strategy_validation/test_pbo.py::test_denominator_is_path_valid_count_plus_one PASSED [ 18%]
tests/momentum/Analysis/strategy_validation/test_pbo.py::test_champion_degenerate_in_oos_is_skipped_not_indexerror PASSED [ 18%]
tests/momentum/Analysis/strategy_validation/test_pbo.py::test_non_champion_oos_degenerate_skips_path_keeps_denominator PASSED [ 18%]
tests/momentum/Analysis/strategy_validation/test_pbo.py::test_rank_uses_compressed_position_not_original_index PASSED [ 18%]
tests/momentum/Analysis/strategy_validation/test_pbo.py::test_nan_candidate_is_invalid_and_denominator_shrinks PASSED [ 18%]
tests/momentum/Analysis/strategy_validation/test_pbo.py::test_single_valid_candidate_is_insufficient PASSED [ 18%]
tests/momentum/Analysis/strategy_validation/test_pbo.py::test_constant_slices_produce_exclusions_and_all_degenerate PASSED [ 18%]
tests/momentum/Analysis/strategy_validation/test_pbo.py::test_universe_scope_none_when_guard_not_ok PASSED [ 19%]
tests/momentum/Analysis/strategy_validation/test_pbo.py::test_selection_metric_enum_enforced PASSED [ 19%]
tests/momentum/Analysis/strategy_validation/test_pbo_universe_guard.py::test_selection_free_false_is_contaminated PASSED [ 19%]
tests/momentum/Analysis/strategy_validation/test_pbo_universe_guard.py::test_unknown_source_and_none_raise PASSED [ 19%]
tests/momentum/Analysis/strategy_validation/test_pbo_universe_guard.py::test_external_declared_and_full_grid_are_unverifiable PASSED [ 19%]
tests/momentum/Analysis/strategy_validation/test_pbo_universe_guard.py::test_ledger_all_candidates_missing_ledger_or_ids_is_unverifiable PASSED [ 19%]
tests/momentum/Analysis/strategy_validation/test_pbo_universe_guard.py::test_top10_subset_with_correct_self_hash_is_rejected PASSED [ 19%]
tests/momentum/Analysis/strategy_validation/test_pbo_universe_guard.py::test_same_count_different_set_is_rejected PASSED [ 19%]
tests/momentum/Analysis/strategy_validation/test_pbo_universe_guard.py::test_wrong_hash_or_wrong_count_is_rejected PASSED [ 19%]
tests/momentum/Analysis/strategy_validation/test_pbo_universe_guard.py::test_all_three_match_is_ok_with_universe_scope_ledger_recorded_only PASSED [ 19%]
tests/momentum/Analysis/strategy_validation/test_pbo_universe_guard.py::test_provenance_post_init_type_checks PASSED [ 19%]
tests/momentum/Analysis/strategy_validation/test_report_section.py::test_downgrade_matrix_24_cases[True-True-True-True] PASSED [ 20%]
tests/momentum/Analysis/strategy_validation/test_report_section.py::test_downgrade_matrix_24_cases[True-True-True-False] PASSED [ 20%]
tests/momentum/Analysis/strategy_validation/test_report_section.py::test_downgrade_matrix_24_cases[True-True-False-True] PASSED [ 20%]
tests/momentum/Analysis/strategy_validation/test_report_section.py::test_downgrade_matrix_24_cases[True-True-False-False] PASSED [ 20%]
tests/momentum/Analysis/strategy_validation/test_report_section.py::test_downgrade_matrix_24_cases[True-False-True-True] PASSED [ 20%]
tests/momentum/Analysis/strategy_validation/test_report_section.py::test_downgrade_matrix_24_cases[True-False-True-False] PASSED [ 20%]
tests/momentum/Analysis/strategy_validation/test_report_section.py::test_downgrade_matrix_24_cases[True-False-False-True] PASSED [ 20%]
tests/momentum/Analysis/strategy_validation/test_report_section.py::test_downgrade_matrix_24_cases[True-False-False-False] PASSED [ 20%]
tests/momentum/Analysis/strategy_validation/test_report_section.py::test_downgrade_matrix_24_cases[False-True-True-True] PASSED [ 20%]
tests/momentum/Analysis/strategy_validation/test_report_section.py::test_downgrade_matrix_24_cases[False-True-True-False] PASSED [ 20%]
tests/momentum/Analysis/strategy_validation/test_report_section.py::test_downgrade_matrix_24_cases[False-True-False-True] PASSED [ 20%]
tests/momentum/Analysis/strategy_validation/test_report_section.py::test_downgrade_matrix_24_cases[False-True-False-False] PASSED [ 21%]
tests/momentum/Analysis/strategy_validation/test_report_section.py::test_downgrade_matrix_24_cases[False-False-True-True] PASSED [ 21%]
tests/momentum/Analysis/strategy_validation/test_report_section.py::test_downgrade_matrix_24_cases[False-False-True-False] PASSED [ 21%]
tests/momentum/Analysis/strategy_validation/test_report_section.py::test_downgrade_matrix_24_cases[False-False-False-True] PASSED [ 21%]
tests/momentum/Analysis/strategy_validation/test_report_section.py::test_downgrade_matrix_24_cases[False-False-False-False] PASSED [ 21%]
tests/momentum/Analysis/strategy_validation/test_report_section.py::test_downgrade_matrix_24_cases[None-True-True-True] PASSED [ 21%]
tests/momentum/Analysis/strategy_validation/test_report_section.py::test_downgrade_matrix_24_cases[None-True-True-False] PASSED [ 21%]
tests/momentum/Analysis/strategy_validation/test_report_section.py::test_downgrade_matrix_24_cases[None-True-False-True] PASSED [ 21%]
tests/momentum/Analysis/strategy_validation/test_report_section.py::test_downgrade_matrix_24_cases[None-True-False-False] PASSED [ 21%]
tests/momentum/Analysis/strategy_validation/test_report_section.py::test_downgrade_matrix_24_cases[None-False-True-True] PASSED [ 21%]
tests/momentum/Analysis/strategy_validation/test_report_section.py::test_downgrade_matrix_24_cases[None-False-True-False] PASSED [ 21%]
tests/momentum/Analysis/strategy_validation/test_report_section.py::test_downgrade_matrix_24_cases[None-False-False-True] PASSED [ 21%]
tests/momentum/Analysis/strategy_validation/test_report_section.py::test_downgrade_matrix_24_cases[None-False-False-False] PASSED [ 22%]
tests/momentum/Analysis/strategy_validation/test_report_section.py::test_only_the_all_ok_case_is_not_downgraded_exactly_once PASSED [ 22%]
tests/momentum/Analysis/strategy_validation/test_report_section.py::test_universe_scope_ledger_recorded_only_forces_downgrade_even_when_all_ok PASSED [ 22%]
tests/momentum/Analysis/strategy_validation/test_report_section.py::test_dsr_and_pbo_none_are_honest_not_computed PASSED [ 22%]
tests/momentum/Analysis/strategy_validation/test_report_section.py::test_assumed_not_ledgered_forces_eligible_none PASSED [ 22%]
tests/momentum/Analysis/strategy_validation/test_report_section.py::test_nan_numeric_fields_become_none_not_nan PASSED [ 22%]
tests/momentum/Analysis/strategy_validation/test_report_section.py::test_no_recommendation_keys_anywhere PASSED [ 22%]
tests/momentum/Analysis/strategy_validation/test_report_section.py::test_provenance_missing_keys_default_and_bad_enum_raises PASSED [ 22%]
tests/momentum/Analysis/strategy_validation/test_returns_contract.py::test_bar_count_has_more_obs_than_trade_level PASSED [ 22%]
tests/momentum/Analysis/strategy_validation/test_returns_contract.py::test_bar_count_is_not_applicable_with_named_reason PASSED [ 22%]
tests/momentum/Analysis/strategy_validation/test_returns_contract.py::test_default_730_is_rejected PASSED [ 22%]
tests/momentum/Analysis/strategy_validation/test_returns_contract.py::test_missing_annualization_field_is_fail_closed_without_kline PASSED [ 23%]
tests/momentum/Analysis/strategy_validation/test_returns_contract.py::test_trade_level_periods_per_year_matches_trades_per_year PASSED [ 23%]
tests/momentum/Analysis/strategy_validation/test_returns_contract.py::test_nonzero_return_bars_is_ok_and_drops_zeros PASSED [ 23%]
tests/momentum/Analysis/strategy_validation/test_returns_contract.py::test_source_artifact_hash_is_stable_and_input_bound PASSED [ 23%]
tests/momentum/Analysis/strategy_validation/test_returns_contract.py::test_unknown_t_semantics_raises PASSED [ 23%]
tests/momentum/Analysis/strategy_validation/test_returns_contract.py::test_unknown_timeframe_propagates PASSED [ 23%]
tests/momentum/Analysis/strategy_validation/test_returns_contract.py::test_no_trades_yields_zero_obs_without_crash_without_kline PASSED [ 23%]
tests/momentum/Analysis/strategy_validation/test_sharpe.py::test_degenerate_returns_nan_and_non_ok_status[series0] PASSED [ 23%]
tests/momentum/Analysis/strategy_validation/test_sharpe.py::test_degenerate_returns_nan_and_non_ok_status[series1] PASSED [ 23%]
tests/momentum/Analysis/strategy_validation/test_sharpe.py::test_degenerate_returns_nan_and_non_ok_status[series2] PASSED [ 23%]
tests/momentum/Analysis/strategy_validation/test_sharpe.py::test_degenerate_returns_nan_and_non_ok_status[series3] PASSED [ 23%]
tests/momentum/Analysis/strategy_validation/test_sharpe.py::test_degenerate_returns_nan_and_non_ok_status[series4] PASSED [ 24%]
tests/momentum/Analysis/strategy_validation/test_sharpe.py::test_degenerate_returns_nan_and_non_ok_status[series5] PASSED [ 24%]
tests/momentum/Analysis/strategy_validation/test_sharpe.py::test_degenerate_returns_nan_and_non_ok_status[series6] PASSED [ 24%]
tests/momentum/Analysis/strategy_validation/test_sharpe.py::test_hand_computed_case PASSED [ 24%]
tests/momentum/Analysis/strategy_validation/test_sharpe.py::test_moments_match_scipy_per_period PASSED [ 24%]
tests/momentum/Analysis/strategy_validation/test_sharpe.py::test_mertens_estimator_variance_hand_formula PASSED [ 24%]
tests/momentum/Analysis/strategy_validation/test_sharpe.py::test_annualization_relation_with_zero_rf PASSED [ 24%]
tests/momentum/Analysis/strategy_validation/test_sharpe.py::test_per_period_moments_are_unit_invariant PASSED [ 24%]
tests/momentum/Analysis/strategy_validation/test_sharpe.py::test_risk_free_rate_shifts_per_period_sharpe PASSED [ 24%]
tests/momentum/Analysis/strategy_validation/test_sharpe.py::test_rejects_non_positive_periods PASSED [ 24%]
tests/momentum/Analysis/strategy_validation/test_sharpe.py::test_non_binary_exact_constant_series_is_degenerate_not_huge_sharpe PASSED [ 24%]
tests/momentum/Analysis/strategy_validation/test_wiring_check.py::test_sh_wrapper_and_default_paths_pass PASSED [ 24%]
tests/momentum/Analysis/strategy_validation/test_wiring_check.py::test_tmp_copies_pass_baseline PASSED [ 25%]
tests/momentum/Analysis/strategy_validation/test_wiring_check.py::test_mutation_1_contract_adds_unassembled_section PASSED [ 25%]
tests/momentum/Analysis/strategy_validation/test_wiring_check.py::test_mutation_2_invented_reason_keyword PASSED [ 25%]
tests/momentum/Analysis/strategy_validation/test_wiring_check.py::test_mutation_3_invented_reason_dict_form PASSED [ 25%]
tests/momentum/Analysis/strategy_validation/test_wiring_check.py::test_mutation_4_section_only_in_docstring_and_comment PASSED [ 25%]
tests/momentum/Analysis/strategy_validation/test_wiring_check.py::test_mutation_5_dynamic_reason_fstring_is_unresolved PASSED [ 25%]
tests/momentum/Analysis/strategy_validation/test_wiring_check.py::test_mutation_5b_variable_holding_fstring_is_unresolved PASSED [ 25%]
tests/momentum/Analysis/strategy_validation/test_wiring_check.py::test_mutation_6_dead_branch_does_not_count PASSED [ 25%]
tests/momentum/Analysis/strategy_validation/test_wiring_check.py::test_dead_enum_reason_is_red PASSED [ 25%]
tests/momentum/Analysis/strategy_validation/test_wiring_check.py::test_rc2_boundaries PASSED [ 25%]
tests/momentum/Analysis/strategy_validation/test_wiring_check.py::test_empty_reasons_is_rc1 PASSED [ 25%]
tests/momentum/Analysis/strategy_validation/test_wiring_check.py::test_mutation_n1_non_whitelisted_passthrough_is_unresolved[data = {"not_reason": "invented_v"}\nx = f(reason=data["not_reason"])\n] PASSED [ 26%]
tests/momentum/Analysis/strategy_validation/test_wiring_check.py::test_mutation_n1_non_whitelisted_passthrough_is_unresolved[class O:\n    other = "invented_w"\nx = f(reason=O().other)\n] PASSED [ 26%]
tests/momentum/Analysis/strategy_validation/test_wiring_check.py::test_mutation_n1_non_whitelisted_passthrough_is_unresolved[d = {"other": "n_unknown"}\nx = f(reason=d.get("other", "n_unknown"))\n] PASSED [ 26%]
tests/momentum/Analysis/strategy_validation/test_wiring_check.py::test_mutation_n1_non_whitelisted_passthrough_is_unresolved[_R = "n_unknown"\ndef g(i):\n    _R = f"x_{i}"\n    return f(reason=_R)\n] PASSED [ 26%]
tests/momentum/Analysis/strategy_validation/test_wiring_check.py::test_mutation_n1_non_whitelisted_passthrough_is_unresolved[def g(v):\n    reason = v + "_x"\n    return f(reason=reason)\n] PASSED [ 26%]
tests/momentum/Analysis/strategy_validation/test_wiring_check.py::test_whitelisted_passthrough_forms_pass PASSED [ 26%]
tests/momentum/Analysis/strategy_validation/test_wiring_check.py::test_mutation_n1_dead_enum_via_unused_constant_or_docstring_is_red PASSED [ 26%]
tests/momentum/Analysis/test_adversarial_validator.py::test_A1_feature_name_mismatch PASSED [ 26%]
tests/momentum/Analysis/test_adversarial_validator.py::test_A2_tiny_test_set 
-------------------------------- live log call ---------------------------------
01:14:12 [WARNING] AdversarialValidator: X_test < 20，AUC 可能不可靠
PASSED                                                                   [ 26%]
tests/momentum/Analysis/test_adversarial_validator.py::test_A3_identical_distributions PASSED [ 26%]
tests/momentum/Analysis/test_adversarial_validator.py::test_A4_no_timestamps_skip_leakage PASSED [ 26%]
tests/momentum/Analysis/test_adversarial_validator.py::test_A5_extreme_future_window PASSED [ 27%]
tests/momentum/Analysis/test_adversarial_validator.py::test_A6_all_features_drifted PASSED [ 27%]
tests/momentum/Analysis/test_adversarial_validator.py::test_A7_all_nan_feature 
-------------------------------- live log call ---------------------------------
01:14:13 [WARNING] AdversarialValidator: nan_feature 全 NaN，跳過 KS/PSI
PASSED                                                                   [ 27%]
tests/momentum/Analysis/test_adversarial_validator.py::test_A8_empty_dataset PASSED [ 27%]
tests/momentum/Analysis/test_adversarial_validator.py::test_distribution_drift_detected PASSED [ 27%]
tests/momentum/Analysis/test_adversarial_validator.py::test_full_validation_schema PASSED [ 27%]
tests/momentum/Analysis/test_adversarial_validator.py::test_feature_level_tests_returns_expected_schema PASSED [ 27%]
tests/momentum/Analysis/test_adversarial_validator.py::test_detect_leakage_schema PASSED [ 27%]
tests/momentum/Analysis/test_adversarial_validator.py::test_full_validation_recommendations_type PASSED [ 27%]
tests/momentum/Analysis/test_analysis_exporter.py::test_export_model_performance_json_envelope PASSED [ 27%]
tests/momentum/Analysis/test_analysis_exporter.py::test_export_feature_importance_csv_contains_header_and_rows PASSED [ 27%]
tests/momentum/Analysis/test_analysis_exporter.py::test_export_enhancement_markdown_contains_scope_and_sections PASSED [ 27%]
tests/momentum/Analysis/test_analysis_exporter.py::test_export_full_report_json_contains_all_sections PASSED [ 28%]
tests/momentum/Analysis/test_analysis_exporter.py::test_export_by_scope_supports_calibration PASSED [ 28%]
tests/momentum/Analysis/test_analysis_exporter.py::test_sanitize_nan_and_numpy_types_to_json_serializable PASSED [ 28%]
tests/momentum/Analysis/test_analysis_exporter.py::test_export_by_scope_accepts_string_format_json PASSED [ 28%]
tests/momentum/Analysis/test_binary_discrimination.py::test_planted_perfectly_separable_gives_auc_one PASSED [ 28%]
tests/momentum/Analysis/test_binary_discrimination.py::test_mirror_flips_rank_biserial_sign_exactly PASSED [ 28%]
tests/momentum/Analysis/test_binary_discrimination.py::test_no_signal_sits_near_zero PASSED [ 28%]
tests/momentum/Analysis/test_binary_discrimination.py::test_vectorized_matches_scalar_scipy_per_column PASSED [ 28%]
tests/momentum/Analysis/test_binary_discrimination.py::test_nan_is_dropped_per_column_not_per_row PASSED [ 28%]
tests/momentum/Analysis/test_binary_discrimination.py::test_inf_counts_as_missing PASSED [ 28%]
tests/momentum/Analysis/test_binary_discrimination.py::test_all_nan_column_is_marked_all_nan PASSED [ 28%]
tests/momentum/Analysis/test_binary_discrimination.py::test_constant_column_is_marked_constant_not_faked_as_half PASSED [ 29%]
tests/momentum/Analysis/test_binary_discrimination.py::test_class_below_min_is_marked_but_still_computed PASSED [ 29%]
tests/momentum/Analysis/test_binary_discrimination.py::test_weights_is_not_silently_ignored PASSED [ 29%]
tests/momentum/Analysis/test_binary_discrimination.py::test_column_set_is_the_documented_one PASSED [ 29%]
tests/momentum/Analysis/test_binary_discrimination.py::test_input_frame_is_not_mutated PASSED [ 29%]
tests/momentum/Analysis/test_binary_discrimination.py::test_rejects_non_binary_y PASSED [ 29%]
tests/momentum/Analysis/test_binary_discrimination.py::test_rejects_length_mismatch PASSED [ 29%]
tests/momentum/Analysis/test_event_label_mode_contract.py::test_label_sources_json_matches_python_dispatch_table PASSED [ 29%]
tests/momentum/Analysis/test_event_label_mode_contract.py::test_imported_binary_dispatches_to_event_given PASSED [ 29%]
tests/momentum/Analysis/test_event_label_mode_contract.py::test_unknown_label_source_still_raises PASSED [ 29%]
tests/momentum/Analysis/test_event_label_mode_contract.py::test_survivor_contract_reads_label_sources_from_json PASSED [ 29%]
tests/momentum/Analysis/test_event_label_mode_contract.py::test_statistic_kinds_and_reason_enums_are_closed PASSED [ 29%]
tests/momentum/Analysis/test_event_label_mode_contract.py::test_suppressed_reason_registered_in_survivor_contract PASSED [ 30%]
tests/momentum/Analysis/test_event_label_mode_contract.py::test_config_defaults_match_contract_single_source PASSED [ 30%]
tests/momentum/Analysis/test_event_label_mode_contract.py::test_predicate_accepts_imported_binary PASSED [ 30%]
tests/momentum/Analysis/test_event_label_mode_contract.py::test_orchestrator_has_no_remaining_private_predicate_callsites PASSED [ 30%]
tests/momentum/Analysis/test_event_label_mode_contract.py::test_binary_digest_is_order_independent_and_collision_safe PASSED [ 30%]
tests/momentum/Analysis/test_event_label_mode_contract.py::test_validated_binary_label_is_frozen_and_carries_rows PASSED [ 30%]
tests/momentum/Analysis/test_event_label_mode_contract.py::test_binary_payload_with_full_label_binary_passes PASSED [ 30%]
tests/momentum/Analysis/test_event_label_mode_contract.py::test_binary_payload_missing_import_id_raises PASSED [ 30%]
tests/momentum/Analysis/test_event_label_mode_contract.py::test_binary_payload_without_label_binary_raises PASSED [ 30%]
tests/momentum/Analysis/test_event_label_mode_contract.py::test_return_rule_payload_with_label_binary_raises PASSED [ 30%]
tests/momentum/Analysis/test_event_label_mode_contract.py::test_return_rule_payload_with_null_label_binary_passes PASSED [ 30%]
tests/momentum/Analysis/test_event_label_mode_contract.py::test_negative_counts_rejected PASSED [ 31%]
tests/momentum/Analysis/test_event_label_mode_contract.py::test_contract_missing_key_fails_closed PASSED [ 31%]
tests/momentum/Analysis/test_evtlabel_e2e_realkline.py::test_planted_feature_is_perfectly_separable PASSED [ 31%]
tests/momentum/Analysis/test_evtlabel_e2e_realkline.py::test_noise_feature_is_not_separable PASSED [ 31%]
tests/momentum/Analysis/test_evtlabel_e2e_realkline.py::test_same_input_gives_same_output PASSED [ 31%]
tests/momentum/Analysis/test_evtlabel_e2e_realkline.py::test_label_shifted_by_one_event_is_caught PASSED [ 31%]
tests/momentum/Analysis/test_evtlabel_e2e_realkline.py::test_block_scale_on_real_spacing PASSED [ 31%]
tests/momentum/Analysis/test_evtlabel_e2e_realkline.py::test_real_batch_class_balance_is_disclosed PASSED [ 31%]
tests/momentum/Analysis/test_evtlabel_isolation_channel.py::test_isolation_via_config_override_is_fail_closed[event_isolation] PASSED [ 31%]
tests/momentum/Analysis/test_evtlabel_isolation_channel.py::test_isolation_via_config_override_is_fail_closed[event_purge_rows] PASSED [ 31%]
tests/momentum/Analysis/test_evtlabel_isolation_channel.py::test_isolation_via_config_override_is_fail_closed[label_window_rows] PASSED [ 31%]
tests/momentum/Analysis/test_evtlabel_isolation_channel.py::test_isolation_via_config_override_is_fail_closed[lookahead_depth_rows] PASSED [ 32%]
tests/momentum/Analysis/test_evtlabel_isolation_channel.py::test_normal_config_override_untouched PASSED [ 32%]
tests/momentum/Analysis/test_evtlabel_isolation_channel.py::test_analyze_entry_calls_the_guard_before_any_stage PASSED [ 32%]
tests/momentum/Analysis/test_evtlabel_isolation_channel.py::test_purge_takes_label_window_when_longer 
-------------------------------- live log call ---------------------------------
01:14:16 [INFO] Resolved label horizon from labels_df column
PASSED                                                                   [ 32%]
tests/momentum/Analysis/test_evtlabel_isolation_channel.py::test_purge_keeps_mainline_when_window_shorter 
-------------------------------- live log call ---------------------------------
01:14:16 [INFO] Resolved label horizon from labels_df column
PASSED                                                                   [ 32%]
tests/momentum/Analysis/test_evtlabel_isolation_channel.py::test_purge_unchanged_for_non_event_runs 
-------------------------------- live log call ---------------------------------
01:14:16 [INFO] Resolved label horizon from labels_df column
PASSED                                                                   [ 32%]
tests/momentum/Analysis/test_evtlabel_isolation_channel.py::test_long_window_shrinks_test_segment_consistently 
-------------------------------- live log call ---------------------------------
01:14:16 [INFO] Resolved label horizon from labels_df column
01:14:16 [INFO] Resolved label horizon from labels_df column
PASSED                                                                   [ 32%]
tests/momentum/Analysis/test_evtlabel_isolation_channel.py::test_analyze_wires_label_window_into_purge 
-------------------------------- live log call ---------------------------------
01:14:16 [INFO] Resolved label horizon from labels_df column
01:14:16 [INFO] Resolved label horizon from labels_df column
PASSED                                                                   [ 32%]
tests/momentum/Analysis/test_evtlabel_isolation_channel.py::test_analyze_keeps_mainline_purge_when_window_shorter 
-------------------------------- live log call ---------------------------------
01:14:16 [INFO] Resolved label horizon from labels_df column
01:14:16 [INFO] Resolved label horizon from labels_df column
PASSED                                                                   [ 32%]
tests/momentum/Analysis/test_evtlabel_isolation_channel.py::test_analyze_without_isolation_writes_no_new_keys 
-------------------------------- live log call ---------------------------------
01:14:16 [INFO] Resolved label horizon from labels_df column
01:14:16 [INFO] Resolved label horizon from labels_df column
PASSED                                                                   [ 32%]
tests/momentum/Analysis/test_evtlabel_isolation_channel.py::test_event_isolation_dataclass_is_frozen PASSED [ 32%]
tests/momentum/Analysis/test_evtlabel_oracle.py::test_block_len_covers_the_answer_window PASSED [ 32%]
tests/momentum/Analysis/test_evtlabel_oracle.py::test_dense_cluster_block_len PASSED [ 33%]
tests/momentum/Analysis/test_evtlabel_oracle.py::test_single_event_block_len_is_one PASSED [ 33%]
tests/momentum/Analysis/test_evtlabel_oracle.py::test_zero_window_means_no_grouping PASSED [ 33%]
tests/momentum/Analysis/test_evtlabel_oracle.py::test_permutation_keeps_block_members_adjacent PASSED [ 33%]
tests/momentum/Analysis/test_evtlabel_oracle.py::test_permutation_preserves_class_counts PASSED [ 33%]
tests/momentum/Analysis/test_evtlabel_oracle.py::test_planted_feature_is_outside_the_band PASSED [ 33%]
tests/momentum/Analysis/test_evtlabel_oracle.py::test_pure_noise_sits_inside_the_band PASSED [ 33%]
tests/momentum/Analysis/test_evtlabel_oracle.py::test_identity_permutation_raises PASSED [ 33%]
tests/momentum/Analysis/test_evtlabel_oracle.py::test_insufficient_blocks_is_unavailable_not_a_fake_p PASSED [ 33%]
tests/momentum/Analysis/test_evtlabel_oracle.py::test_planted_survivor_passes_and_is_not_suppressed PASSED [ 33%]
tests/momentum/Analysis/test_evtlabel_oracle.py::test_noise_only_survivor_is_removed_by_the_oracle PASSED [ 33%]
tests/momentum/Analysis/test_evtlabel_oracle.py::test_no_survivors_skips_negative_control_without_red_banner PASSED [ 34%]
tests/momentum/Analysis/test_evtlabel_oracle.py::test_negative_control_q95_is_an_integer_order_statistic PASSED [ 34%]
tests/momentum/Analysis/test_evtlabel_oracle.py::test_budget_floor_hit_is_disclosed PASSED [ 34%]
tests/momentum/Analysis/test_evtlabel_oracle.py::test_suppressed_not_consumable_when_random_matches_observed PASSED [ 34%]
tests/momentum/Analysis/test_evtlabel_oracle.py::test_vectorized_permutation_matches_per_feature_oracle PASSED [ 34%]
tests/momentum/Analysis/test_evtlabel_oracle.py::test_vectorized_permutation_insufficient_blocks_marks_all_unavailable PASSED [ 34%]
tests/momentum/Analysis/test_evtlabel_oracle.py::test_insufficient_blocks_removes_every_candidate PASSED [ 34%]
tests/momentum/Analysis/test_evtlabel_oracle.py::test_window_bars_and_bar_ms_are_reset_at_analyze_entry PASSED [ 34%]
tests/momentum/Analysis/test_evtlabel_oracle.py::test_window_bars_is_set_outside_the_split_branch PASSED [ 34%]
tests/momentum/Analysis/test_evtlabel_oracle.py::test_feature_bar_ms_comes_from_timeframe_not_event_spacing PASSED [ 34%]
tests/momentum/Analysis/test_evtlabel_oracle.py::test_unknown_feature_bar_fails_closed PASSED [ 34%]
tests/momentum/Analysis/test_evtlabel_oracle.py::test_negative_control_compares_like_with_like PASSED [ 35%]
tests/momentum/Analysis/test_evtlabel_oracle.py::test_negative_control_respects_the_fdr_flag PASSED [ 35%]
tests/momentum/Analysis/test_evtlabel_oracle.py::test_budget_degradation_is_disclosed_not_silent PASSED [ 35%]
tests/momentum/Analysis/test_evtlabel_oracle.py::test_full_budget_is_not_marked_degraded PASSED [ 35%]
tests/momentum/Analysis/test_evtlabel_stage3.py::test_denominator_is_the_test_segment_not_the_whole_batch PASSED [ 35%]
tests/momentum/Analysis/test_evtlabel_stage3.py::test_no_split_falls_back_to_full_sample_scope PASSED [ 35%]
tests/momentum/Analysis/test_evtlabel_stage3.py::test_one_class_in_selection_gets_its_own_reason PASSED [ 35%]
tests/momentum/Analysis/test_evtlabel_stage3.py::test_explicit_mode_raises_instead_of_downgrading PASSED [ 35%]
tests/momentum/Analysis/test_evtlabel_stage3.py::test_auto_records_hint_when_no_binary_available PASSED [ 35%]
tests/momentum/Analysis/test_evtlabel_stage3.py::test_return_rule_request_never_binds_binary PASSED [ 35%]
tests/momentum/Analysis/test_evtlabel_stage3.py::test_abandoned_conditional_ic_marks_unavailable PASSED [ 35%]
tests/momentum/Analysis/test_evtlabel_stage3.py::test_binding_writes_source_kind_and_digest PASSED [ 35%]
tests/momentum/Analysis/test_evtlabel_stage3.py::test_bound_series_is_immutable PASSED [ 36%]
tests/momentum/Analysis/test_evtlabel_stage3.py::test_consumed_rows_carry_timestamp_not_just_value PASSED [ 36%]
tests/momentum/Analysis/test_evtlabel_stage3.py::test_missing_key_for_a_selected_row_raises PASSED [ 36%]
tests/momentum/Analysis/test_evtlabel_stage3.py::test_binary_vector_goes_through_the_shared_contract PASSED [ 36%]
tests/momentum/Analysis/test_evtlabel_stage3.py::test_binary_vector_missing_owner_is_caught_by_the_contract PASSED [ 36%]
tests/momentum/Analysis/test_evtlabel_stage3.py::test_return_rule_info_keys_unchanged PASSED [ 36%]
tests/momentum/Analysis/test_evtlabel_stage3.py::test_sparse_event_subset_with_full_frame_test_segment PASSED [ 36%]
tests/momentum/Analysis/test_evtlabel_stage3.py::test_events_outside_the_test_segment_are_not_counted PASSED [ 36%]
tests/momentum/Analysis/test_evtlabel_stage3.py::test_binding_records_import_provenance PASSED [ 36%]
tests/momentum/Analysis/test_evtlabel_stage3.py::test_missing_import_id_fails_closed PASSED [ 36%]
tests/momentum/Analysis/test_evtlabel_stage3.py::test_return_rule_does_not_get_label_binary PASSED [ 36%]
tests/momentum/Analysis/test_evtlabel_stage5.py::test_binary_columns_are_added_with_standard_names PASSED [ 37%]
tests/momentum/Analysis/test_evtlabel_stage5.py::test_return_rule_run_is_untouched PASSED [ 37%]
tests/momentum/Analysis/test_evtlabel_stage5.py::test_missing_validated_label_fails_closed PASSED [ 37%]
tests/momentum/Analysis/test_evtlabel_stage5.py::test_swapped_cache_is_caught PASSED [ 37%]
tests/momentum/Analysis/test_evtlabel_stage5.py::test_row_not_in_validated_set_is_caught PASSED [ 37%]
tests/momentum/Analysis/test_evtlabel_stage5.py::test_selection_row_missing_from_validated_vector_is_caught PASSED [ 37%]
tests/momentum/Analysis/test_evtlabel_stage5.py::test_guard_uses_row_subset_not_digest_equality PASSED [ 37%]
tests/momentum/Analysis/test_evtlabel_stage5.py::test_return_rule_gates_are_skipped_not_applied PASSED [ 37%]
tests/momentum/Analysis/test_evtlabel_stage5.py::test_effect_gate_reads_absolute_rank_biserial PASSED [ 37%]
tests/momentum/Analysis/test_evtlabel_stage5.py::test_weak_feature_removed_by_effect_gate PASSED [ 37%]
tests/momentum/Analysis/test_evtlabel_stage5.py::test_p_gate_reads_mann_whitney_q_not_return_q PASSED [ 37%]
tests/momentum/Analysis/test_evtlabel_stage5.py::test_unavailable_status_is_removed_with_its_own_key PASSED [ 37%]
tests/momentum/Analysis/test_evtlabel_stage5.py::test_return_rule_thresholds_unchanged_without_kwarg PASSED [ 38%]
tests/momentum/Analysis/test_evtlabel_stage5.py::test_redundancy_score_uses_abs_rank_biserial_in_binary_mode PASSED [ 38%]
tests/momentum/Analysis/test_evtlabel_stage5.py::test_redundancy_score_unchanged_for_return_rule_event_run PASSED [ 38%]
tests/momentum/Analysis/test_evtlabel_stage5.py::test_redundancy_score_unchanged_for_global_run PASSED [ 38%]
tests/momentum/Analysis/test_evtlabel_stage5.py::test_non_finite_rank_biserial_sinks_to_bottom PASSED [ 38%]
tests/momentum/Analysis/test_evtlabel_stage5.py::test_third_guard_verifies_the_full_triple_including_owner PASSED [ 38%]
tests/momentum/Analysis/test_evtlabel_stage5.py::test_every_row_gets_binary_keys_even_when_unavailable PASSED [ 38%]
tests/momentum/Analysis/test_evtlabel_survivor_consumer.py::test_binary_payload_is_accepted_by_the_existing_consumer PASSED [ 38%]
tests/momentum/Analysis/test_evtlabel_survivor_consumer.py::test_binary_provenance_survives_into_the_payload PASSED [ 38%]
tests/momentum/Analysis/test_evtlabel_survivor_consumer.py::test_return_rule_payload_is_also_accepted_and_carries_no_label_binary PASSED [ 38%]
tests/momentum/Analysis/test_evtlabel_survivor_consumer.py::test_suppressed_stub_without_survivors_is_rejected PASSED [ 38%]
tests/momentum/Analysis/test_evtlabel_survivor_consumer.py::test_empty_survivors_is_rejected PASSED [ 39%]
tests/momentum/Analysis/test_evtlabel_survivor_consumer.py::test_schema_version_one_is_rejected PASSED [ 39%]
tests/momentum/Analysis/test_evtlabel_survivor_consumer.py::test_none_payload_means_no_prefilter_not_an_error PASSED [ 39%]
tests/momentum/Analysis/test_evtlabel_survivor_consumer.py::test_consumer_itself_is_not_modified_by_this_ticket PASSED [ 39%]
tests/momentum/Analysis/test_factor_combiner.py::test_o4_additivity_and_composite_band PASSED [ 39%]
tests/momentum/Analysis/test_factor_combiner.py::test_o8_single_factor_composite_equals_signed_gross PASSED [ 39%]
tests/momentum/Analysis/test_factor_combiner.py::test_o8_sign_from_train_negative_case PASSED [ 39%]
tests/momentum/Analysis/test_factor_combiner.py::test_ic_weighted_uses_train_ic_reference PASSED [ 39%]
tests/momentum/Analysis/test_factor_combiner.py::test_delta_ci_uses_block_len_reference PASSED [ 39%]
tests/momentum/Analysis/test_factor_combiner.py::test_o9_same_seed_exact_and_block_len_zero_raises PASSED [ 39%]
tests/momentum/Analysis/test_factor_combiner.py::test_two_identical_factors_equal_weight_and_alignment_helps PASSED [ 39%]
tests/momentum/Analysis/test_factor_combiner.py::test_zero_train_ic_exclusion_and_all_zero PASSED [ 40%]
tests/momentum/Analysis/test_factor_combiner.py::test_section_gates_and_scope PASSED [ 40%]
tests/momentum/Analysis/test_factor_combiner.py::test_marginal_ic_o9_still_green_after_bootstrap_move PASSED [ 40%]
tests/momentum/Analysis/test_factor_combiner.py::test_mutation_test_sign_breaks_o8 PASSED [ 40%]
tests/momentum/Analysis/test_factor_exposure_analyzer.py::test_single_asset_mode PASSED [ 40%]
tests/momentum/Analysis/test_factor_exposure_analyzer.py::test_hhi_normalization PASSED [ 40%]
tests/momentum/Analysis/test_factor_exposure_analyzer.py::test_unnormalized_weights PASSED [ 40%]
tests/momentum/Analysis/test_factor_exposure_analyzer.py::test_nan_factor_returns_exposure PASSED [ 40%]
tests/momentum/Analysis/test_factor_exposure_analyzer.py::test_factor_attribution_insufficient_rows PASSED [ 40%]
tests/momentum/Analysis/test_factor_exposure_analyzer.py::test_zero_r_squared PASSED [ 40%]
tests/momentum/Analysis/test_factor_exposure_analyzer.py::test_b1_intercept_equals_unexplained_and_alpha PASSED [ 40%]
tests/momentum/Analysis/test_factor_exposure_analyzer.py::test_b1_unavailable_branch_has_no_intercept PASSED [ 40%]
tests/momentum/Analysis/test_factor_exposure_analyzer.py::test_b2_nan_rows_dropped_1_of_40 PASSED [ 41%]
tests/momentum/Analysis/test_factor_exposure_analyzer.py::test_b2_inf_non_finite_values_no_linalg_error PASSED [ 41%]
tests/momentum/Analysis/test_factor_exposure_analyzer.py::test_b2_output_overflow_1e200 PASSED [ 41%]
tests/momentum/Analysis/test_factor_exposure_analyzer.py::test_b2_range_index_pass PASSED [ 41%]
tests/momentum/Analysis/test_factor_exposure_analyzer.py::test_b2_misaligned_index_nan_rows_dropped_200_220 PASSED [ 41%]
tests/momentum/Analysis/test_factor_exposure_analyzer.py::test_b2_insufficient_rows_9 PASSED [ 41%]
tests/momentum/Analysis/test_factor_exposure_analyzer.py::test_b2_exactly_10_rows_ok PASSED [ 41%]
tests/momentum/Analysis/test_factor_exposure_analyzer.py::test_b2_attribution_min_rows_override_wiring PASSED [ 41%]
tests/momentum/Analysis/test_factor_exposure_analyzer.py::test_b2_schema_default_attribution_min_rows PASSED [ 41%]
tests/momentum/Analysis/test_factor_exposure_analyzer.py::test_b2_single_factor_insufficient_factors PASSED [ 41%]
tests/momentum/Analysis/test_factor_exposure_analyzer.py::test_b2_cm8_priority_nan_over_insufficient_rows PASSED [ 41%]
tests/momentum/Analysis/test_factor_exposure_analyzer.py::test_b2_cm8_priority_inf_over_nan PASSED [ 42%]
tests/momentum/Analysis/test_factor_exposure_analyzer.py::test_b2_cm8_inf_over_index_tz_mismatch PASSED [ 42%]
tests/momentum/Analysis/test_factor_exposure_analyzer.py::test_b2_cm8_pure_tz_still_index_tz_mismatch PASSED [ 42%]
tests/momentum/Analysis/test_factor_exposure_analyzer.py::test_b2_output_non_finite_attribution_kills_mutation PASSED [ 42%]
tests/momentum/Analysis/test_factor_exposure_analyzer.py::test_b2_output_non_finite_scalar_field_kills_mutation PASSED [ 42%]
tests/momentum/Analysis/test_factor_exposure_analyzer.py::test_b2_output_non_finite_factor_betas_kills_mutation PASSED [ 42%]
tests/momentum/Analysis/test_factor_exposure_analyzer.py::test_b2_boundary_all_nan PASSED [ 42%]
tests/momentum/Analysis/test_factor_exposure_analyzer.py::test_b2_boundary_all_inf PASSED [ 42%]
tests/momentum/Analysis/test_factor_exposure_analyzer.py::test_b2_boundary_nan_and_inf_mix PASSED [ 42%]
tests/momentum/Analysis/test_factor_exposure_analyzer.py::test_b2_boundary_single_row PASSED [ 42%]
tests/momentum/Analysis/test_factor_exposure_analyzer.py::test_b2_boundary_duplicate_index PASSED [ 42%]
tests/momentum/Analysis/test_factor_exposure_analyzer.py::test_b2_boundary_unsorted_index PASSED [ 43%]
tests/momentum/Analysis/test_factor_exposure_analyzer.py::test_b2_boundary_tz_naive_aware_mix PASSED [ 43%]
tests/momentum/Analysis/test_factor_exposure_analyzer.py::test_b2_boundary_aware_different_tz PASSED [ 43%]
tests/momentum/Analysis/test_factor_exposure_analyzer.py::test_b2_boundary_range_index_pass_explicit PASSED [ 43%]
tests/momentum/Analysis/test_factor_exposure_analyzer.py::test_b2_boundary_object_mixed_index_fail PASSED [ 43%]
tests/momentum/Analysis/test_factor_exposure_analyzer.py::test_b2_boundary_gapped_datetime_pass PASSED [ 43%]
tests/momentum/Analysis/test_factor_exposure_analyzer.py::test_b2_boundary_input_finite_output_overflow PASSED [ 43%]
tests/momentum/Analysis/test_factor_exposure_analyzer.py::test_b2_success_envelope_has_status_ok_and_no_value PASSED [ 43%]
tests/momentum/Analysis/test_factor_exposure_analyzer.py::test_mutation_dropna_restored_must_fail PASSED [ 43%]
tests/momentum/Analysis/test_factor_exposure_analyzer.py::test_mutation_insufficient_silent_nan_must_fail PASSED [ 43%]
tests/momentum/Analysis/test_factor_exposure_analyzer.py::test_mutation_inf_passthrough_must_fail PASSED [ 43%]
tests/momentum/Analysis/test_factor_exposure_analyzer.py::test_mutation_output_overflow_passthrough_must_fail PASSED [ 43%]
tests/momentum/Analysis/test_factor_exposure_analyzer.py::test_mutation_index_policy_bypassed_must_fail PASSED [ 44%]
tests/momentum/Analysis/test_factor_orthogonalizer.py::test_single_factor_orth PASSED [ 44%]
tests/momentum/Analysis/test_factor_orthogonalizer.py::test_already_orthogonal PASSED [ 44%]
tests/momentum/Analysis/test_factor_orthogonalizer.py::test_near_zero_residual PASSED [ 44%]
tests/momentum/Analysis/test_factor_orthogonalizer.py::test_underdetermined_system PASSED [ 44%]
tests/momentum/Analysis/test_factor_orthogonalizer.py::test_default_priority_order PASSED [ 44%]
tests/momentum/Analysis/test_factor_orthogonalizer.py::test_nan_factors_orth PASSED [ 44%]
tests/momentum/Analysis/test_factor_orthogonalizer.py::test_pca_outputs_components_and_loadings PASSED [ 44%]
tests/momentum/Analysis/test_factor_return_analyzer.py::test_golden_7bar PASSED [ 44%]
tests/momentum/Analysis/test_factor_return_analyzer.py::test_index_subset PASSED [ 44%]
tests/momentum/Analysis/test_factor_return_analyzer.py::test_reporter_sharpe_key_aligned PASSED [ 44%]
tests/momentum/Analysis/test_factor_return_analyzer.py::test_mutation_unwrap PASSED [ 45%]
tests/momentum/Analysis/test_factor_return_analyzer.py::test_mutation_key PASSED [ 45%]
tests/momentum/Analysis/test_factor_return_analyzer.py::test_compute_batch_ok_union_schema 
-------------------------------- live log call ---------------------------------
01:14:26 [INFO] Factor return analysis completed: 2 features (2 ok)
PASSED                                                                   [ 45%]
tests/momentum/Analysis/test_factor_return_analyzer.py::test_mutation_pos PASSED [ 45%]
tests/momentum/Analysis/test_factor_return_analyzer.py::test_mutation_lookahead PASSED [ 45%]
tests/momentum/Analysis/test_factor_return_analyzer.py::test_mutation_winsorize_regress PASSED [ 45%]
tests/momentum/Analysis/test_factor_return_analyzer.py::test_mutation_mid PASSED [ 45%]
tests/momentum/Analysis/test_factor_return_analyzer.py::test_no_full_sample_helper_name PASSED [ 45%]
tests/momentum/Analysis/test_factor_return_analyzer.py::test_inf_rejected PASSED [ 45%]
tests/momentum/Analysis/test_factor_return_analyzer.py::test_skipped_no_stale_series PASSED [ 45%]
tests/momentum/Analysis/test_factor_return_analyzer.py::test_series_owner_reachable 
-------------------------------- live log call ---------------------------------
01:14:26 [INFO] Factor return analysis completed: 1 features (1 ok)
01:14:26 [INFO] Factor return analysis completed: 2 features (2 ok)
01:14:26 [INFO] Deep module completed: factor_returns in 0.03s
PASSED                                                                   [ 45%]
tests/momentum/Analysis/test_factor_return_analyzer.py::test_cache_hit_owner_consistency 
-------------------------------- live log call ---------------------------------
01:14:26 [INFO] Factor return analysis completed: 2 features (2 ok)
01:14:26 [INFO] Deep module completed: factor_returns in 0.03s
01:14:26 [INFO] Deep analysis cache hit: key=44f6b7014806254f5ebfaee0a7c0e718
01:14:26 [INFO] Factor return analysis completed: 2 features (2 ok)
01:14:26 [INFO] Deep module completed: factor_returns in 0.03s
01:14:26 [ERROR] Deep module failed: trend_analysis
Traceback (most recent call last):
  File "/Users/louis/Desktop/quantitative_trading_system/momentum/Analysis/ic_filter_orchestrator.py", line 2611, in run_deep_analysis
    result = runner(selected, config)
  File "/Users/louis/Desktop/quantitative_trading_system/momentum/Analysis/ic_filter_orchestrator.py", line 2867, in _run_trend_analysis
    raise InsufficientDataError("rolling_ic matrix unavailable")
momentum.core.exceptions.InsufficientDataError: rolling_ic matrix unavailable
01:14:26 [WARNING] Deep module skipped: trend_analysis, reason=rolling_ic matrix unavailable
PASSED                                                                   [ 45%]
tests/momentum/Analysis/test_factor_return_analyzer.py::test_tier_truth_table PASSED [ 46%]
tests/momentum/Analysis/test_factor_return_analyzer.py::test_trend_dimension_consistent 
-------------------------------- live log call ---------------------------------
01:14:26 [INFO] Factor return analysis completed: 2 features (2 ok)
01:14:26 [INFO] Deep module completed: factor_returns in 0.05s
01:14:26 [INFO] Trend analysis completed: 2 features
01:14:26 [INFO] Deep module completed: trend_analysis in 0.00s
PASSED                                                                   [ 46%]
tests/momentum/Analysis/test_factor_return_stopgap.py::test_default_off_not_run 
-------------------------------- live log call ---------------------------------
01:14:26 [ERROR] Deep module failed: factor_centrality
Traceback (most recent call last):
  File "/Users/louis/Desktop/quantitative_trading_system/momentum/Analysis/ic_filter_orchestrator.py", line 2611, in run_deep_analysis
    result = runner(selected, config)
  File "/Users/louis/Desktop/quantitative_trading_system/momentum/Analysis/ic_filter_orchestrator.py", line 2845, in _run_factor_centrality
    raise InsufficientDataError(centrality.reason)
momentum.core.exceptions.InsufficientDataError: n_features(2) < min_required(3)
01:14:26 [WARNING] Deep module skipped: factor_centrality, reason=n_features(2) < min_required(3)
01:14:26 [INFO] Trend analysis completed: 2 features
01:14:26 [INFO] Deep module completed: trend_analysis in 0.00s
01:14:26 [INFO] Parameter sensitivity completed: 0 families
01:14:26 [INFO] Deep module completed: parameter_sensitivity in 0.00s
01:14:26 [INFO] Rolling OOS completed: 2 features
01:14:26 [INFO] Deep module completed: rolling_oos in 0.00s
01:14:26 [INFO] Long/short analysis completed: 2 features
01:14:26 [INFO] Deep module completed: long_short_analysis in 0.02s
01:14:26 [INFO] Deep module completed: feature_quality_diagnostics in 0.01s
01:14:26 [INFO] Deep module completed: net_ic_analysis in 0.00s
PASSED                                                                   [ 46%]
tests/momentum/Analysis/test_factor_return_stopgap.py::test_pure_tier_respects_enabled_flag[intermediate] 
-------------------------------- live log call ---------------------------------
01:14:26 [ERROR] Deep module failed: factor_centrality
Traceback (most recent call last):
  File "/Users/louis/Desktop/quantitative_trading_system/momentum/Analysis/ic_filter_orchestrator.py", line 2611, in run_deep_analysis
    result = runner(selected, config)
  File "/Users/louis/Desktop/quantitative_trading_system/momentum/Analysis/ic_filter_orchestrator.py", line 2845, in _run_factor_centrality
    raise InsufficientDataError(centrality.reason)
momentum.core.exceptions.InsufficientDataError: n_features(2) < min_required(3)
01:14:26 [WARNING] Deep module skipped: factor_centrality, reason=n_features(2) < min_required(3)
01:14:26 [INFO] Trend analysis completed: 2 features
01:14:26 [INFO] Deep module completed: trend_analysis in 0.00s
01:14:26 [INFO] Parameter sensitivity completed: 0 families
01:14:26 [INFO] Deep module completed: parameter_sensitivity in 0.00s
01:14:26 [INFO] Rolling OOS completed: 2 features
01:14:26 [INFO] Deep module completed: rolling_oos in 0.00s
01:14:26 [INFO] Long/short analysis completed: 2 features
01:14:26 [INFO] Deep module completed: long_short_analysis in 0.02s
01:14:26 [INFO] Deep module completed: feature_quality_diagnostics in 0.01s
01:14:26 [INFO] Deep module completed: net_ic_analysis in 0.00s
01:14:26 [INFO] Factor return analysis completed: 2 features (2 ok)
01:14:26 [INFO] Deep module completed: factor_returns in 0.08s
01:14:26 [ERROR] Deep module failed: factor_centrality
Traceback (most recent call last):
  File "/Users/louis/Desktop/quantitative_trading_system/momentum/Analysis/ic_filter_orchestrator.py", line 2611, in run_deep_analysis
    result = runner(selected, config)
  File "/Users/louis/Desktop/quantitative_trading_system/momentum/Analysis/ic_filter_orchestrator.py", line 2845, in _run_factor_centrality
    raise InsufficientDataError(centrality.reason)
momentum.core.exceptions.InsufficientDataError: n_features(2) < min_required(3)
01:14:26 [WARNING] Deep module skipped: factor_centrality, reason=n_features(2) < min_required(3)
01:14:26 [INFO] Trend analysis completed: 2 features
01:14:26 [INFO] Deep module completed: trend_analysis in 0.00s
01:14:26 [INFO] Parameter sensitivity completed: 0 families
01:14:26 [INFO] Deep module completed: parameter_sensitivity in 0.00s
01:14:26 [INFO] Rolling OOS completed: 2 features
01:14:26 [INFO] Deep module completed: rolling_oos in 0.00s
01:14:26 [INFO] Long/short analysis completed: 2 features
01:14:26 [INFO] Deep module completed: long_short_analysis in 0.02s
01:14:26 [INFO] Deep module completed: feature_quality_diagnostics in 0.01s
01:14:26 [INFO] Deep module completed: net_ic_analysis in 0.00s
PASSED                                                                   [ 46%]
tests/momentum/Analysis/test_factor_return_stopgap.py::test_pure_tier_respects_enabled_flag[advanced] 
-------------------------------- live log call ---------------------------------
01:14:26 [ERROR] Deep module failed: factor_centrality
Traceback (most recent call last):
  File "/Users/louis/Desktop/quantitative_trading_system/momentum/Analysis/ic_filter_orchestrator.py", line 2611, in run_deep_analysis
    result = runner(selected, config)
  File "/Users/louis/Desktop/quantitative_trading_system/momentum/Analysis/ic_filter_orchestrator.py", line 2845, in _run_factor_centrality
    raise InsufficientDataError(centrality.reason)
momentum.core.exceptions.InsufficientDataError: n_features(2) < min_required(3)
01:14:26 [WARNING] Deep module skipped: factor_centrality, reason=n_features(2) < min_required(3)
01:14:26 [INFO] Trend analysis completed: 2 features
01:14:26 [INFO] Deep module completed: trend_analysis in 0.00s
01:14:26 [INFO] Parameter sensitivity completed: 0 families
01:14:26 [INFO] Deep module completed: parameter_sensitivity in 0.00s
01:14:26 [INFO] Rolling OOS completed: 2 features
01:14:26 [INFO] Deep module completed: rolling_oos in 0.00s
01:14:26 [ERROR] Deep module failed: factor_orthogonalization
Traceback (most recent call last):
  File "/Users/louis/Desktop/quantitative_trading_system/momentum/Analysis/ic_filter_orchestrator.py", line 2611, in run_deep_analysis
    result = runner(selected, config)
  File "/Users/louis/Desktop/quantitative_trading_system/momentum/Analysis/ic_filter_orchestrator.py", line 2906, in _run_factor_orthogonalization
    transformed, summary = analyzer.gram_schmidt(factors)
  File "/Users/louis/Desktop/quantitative_trading_system/momentum/Analysis/factor_orthogonalizer.py", line 39, in gram_schmidt
    order = self._resolve_priority_order(clean, priority_order)
  File "/Users/louis/Desktop/quantitative_trading_system/momentum/Analysis/factor_orthogonalizer.py", line 133, in _resolve_priority_order
    order = sorted(
  File "/Users/louis/Desktop/quantitative_trading_system/momentum/Analysis/factor_orthogonalizer.py", line 135, in <lambda>
    key=lambda name: float(self._icir_scores.get(name, -np.inf)),
TypeError: float() argument must be a string or a number, not 'dict'
01:14:26 [WARNING] Deep module skipped: factor_orthogonalization, reason=float() argument must be a string or a number, not 'dict'
01:14:26 [ERROR] Deep module failed: factor_exposure
Traceback (most recent call last):
  File "/Users/louis/Desktop/quantitative_trading_system/momentum/Analysis/ic_filter_orchestrator.py", line 2611, in run_deep_analysis
    result = runner(selected, config)
  File "/Users/louis/Desktop/quantitative_trading_system/momentum/Analysis/ic_filter_orchestrator.py", line 2951, in _run_factor_exposure
    raise InvalidInputError(
momentum.core.exceptions.InvalidInputError: factor_exposure requires _ic_cache['close_series'] (trailing close-ret proxy; label_series forward proxy forbidden)
01:14:26 [WARNING] Deep module skipped: factor_exposure, reason=factor_exposure requires _ic_cache['close_series'] (trailing close-ret proxy; label_series forward proxy forbidden)
01:14:27 [INFO] Long/short analysis completed: 2 features
01:14:27 [INFO] Deep module completed: long_short_analysis in 0.02s
01:14:27 [INFO] Deep module completed: feature_quality_diagnostics in 0.01s
01:14:27 [INFO] Deep module completed: net_ic_analysis in 0.00s
01:14:27 [INFO] Factor return analysis completed: 2 features (2 ok)
01:14:27 [INFO] Deep module completed: factor_returns in 0.08s
01:14:27 [ERROR] Deep module failed: factor_centrality
Traceback (most recent call last):
  File "/Users/louis/Desktop/quantitative_trading_system/momentum/Analysis/ic_filter_orchestrator.py", line 2611, in run_deep_analysis
    result = runner(selected, config)
  File "/Users/louis/Desktop/quantitative_trading_system/momentum/Analysis/ic_filter_orchestrator.py", line 2845, in _run_factor_centrality
    raise InsufficientDataError(centrality.reason)
momentum.core.exceptions.InsufficientDataError: n_features(2) < min_required(3)
01:14:27 [WARNING] Deep module skipped: factor_centrality, reason=n_features(2) < min_required(3)
01:14:27 [INFO] Trend analysis completed: 2 features
01:14:27 [INFO] Deep module completed: trend_analysis in 0.00s
01:14:27 [INFO] Parameter sensitivity completed: 0 families
01:14:27 [INFO] Deep module completed: parameter_sensitivity in 0.00s
01:14:27 [INFO] Rolling OOS completed: 2 features
01:14:27 [INFO] Deep module completed: rolling_oos in 0.00s
01:14:27 [ERROR] Deep module failed: factor_orthogonalization
Traceback (most recent call last):
  File "/Users/louis/Desktop/quantitative_trading_system/momentum/Analysis/ic_filter_orchestrator.py", line 2611, in run_deep_analysis
    result = runner(selected, config)
  File "/Users/louis/Desktop/quantitative_trading_system/momentum/Analysis/ic_filter_orchestrator.py", line 2906, in _run_factor_orthogonalization
    transformed, summary = analyzer.gram_schmidt(factors)
  File "/Users/louis/Desktop/quantitative_trading_system/momentum/Analysis/factor_orthogonalizer.py", line 39, in gram_schmidt
    order = self._resolve_priority_order(clean, priority_order)
  File "/Users/louis/Desktop/quantitative_trading_system/momentum/Analysis/factor_orthogonalizer.py", line 133, in _resolve_priority_order
    order = sorted(
  File "/Users/louis/Desktop/quantitative_trading_system/momentum/Analysis/factor_orthogonalizer.py", line 135, in <lambda>
    key=lambda name: float(self._icir_scores.get(name, -np.inf)),
TypeError: float() argument must be a string or a number, not 'dict'
01:14:27 [WARNING] Deep module skipped: factor_orthogonalization, reason=float() argument must be a string or a number, not 'dict'
01:14:27 [ERROR] Deep module failed: factor_exposure
Traceback (most recent call last):
  File "/Users/louis/Desktop/quantitative_trading_system/momentum/Analysis/ic_filter_orchestrator.py", line 2611, in run_deep_analysis
    result = runner(selected, config)
  File "/Users/louis/Desktop/quantitative_trading_system/momentum/Analysis/ic_filter_orchestrator.py", line 2951, in _run_factor_exposure
    raise InvalidInputError(
momentum.core.exceptions.InvalidInputError: factor_exposure requires _ic_cache['close_series'] (trailing close-ret proxy; label_series forward proxy forbidden)
01:14:27 [WARNING] Deep module skipped: factor_exposure, reason=factor_exposure requires _ic_cache['close_series'] (trailing close-ret proxy; label_series forward proxy forbidden)
01:14:27 [INFO] Long/short analysis completed: 2 features
01:14:27 [INFO] Deep module completed: long_short_analysis in 0.02s
01:14:27 [INFO] Deep module completed: feature_quality_diagnostics in 0.01s
01:14:27 [INFO] Deep module completed: net_ic_analysis in 0.00s
PASSED                                                                   [ 46%]
tests/momentum/Analysis/test_factor_return_stopgap.py::test_explicit_enable_completed 
-------------------------------- live log call ---------------------------------
01:14:27 [INFO] Factor return analysis completed: 2 features (2 ok)
01:14:27 [INFO] Deep module completed: factor_returns in 0.08s
01:14:27 [INFO] Factor return analysis completed: 2 features (2 ok)
01:14:27 [INFO] Deep module completed: factor_returns in 0.08s
01:14:27 [ERROR] Deep module failed: factor_centrality
Traceback (most recent call last):
  File "/Users/louis/Desktop/quantitative_trading_system/momentum/Analysis/ic_filter_orchestrator.py", line 2611, in run_deep_analysis
    result = runner(selected, config)
  File "/Users/louis/Desktop/quantitative_trading_system/momentum/Analysis/ic_filter_orchestrator.py", line 2845, in _run_factor_centrality
    raise InsufficientDataError(centrality.reason)
momentum.core.exceptions.InsufficientDataError: n_features(2) < min_required(3)
01:14:27 [WARNING] Deep module skipped: factor_centrality, reason=n_features(2) < min_required(3)
01:14:27 [INFO] Trend analysis completed: 2 features
01:14:27 [INFO] Deep module completed: trend_analysis in 0.00s
01:14:27 [INFO] Parameter sensitivity completed: 0 families
01:14:27 [INFO] Deep module completed: parameter_sensitivity in 0.00s
01:14:27 [INFO] Rolling OOS completed: 2 features
01:14:27 [INFO] Deep module completed: rolling_oos in 0.00s
01:14:27 [INFO] Long/short analysis completed: 2 features
01:14:27 [INFO] Deep module completed: long_short_analysis in 0.02s
01:14:27 [INFO] Deep module completed: feature_quality_diagnostics in 0.01s
01:14:27 [INFO] Deep module completed: net_ic_analysis in 0.00s
PASSED                                                                   [ 46%]
tests/momentum/Analysis/test_factor_return_stopgap.py::test_deep_off_not_run 
-------------------------------- live log call ---------------------------------
01:14:27 [INFO] Deep analysis disabled by tier preset: foundation
PASSED                                                                   [ 46%]
tests/momentum/Analysis/test_factor_return_stopgap.py::test_runner_returns_ok_union_internal 
-------------------------------- live log call ---------------------------------
01:14:27 [INFO] Factor return analysis completed: 1 features (1 ok)
PASSED                                                                   [ 46%]
tests/momentum/Analysis/test_factor_return_stopgap.py::test_e2e_deep_run_breakeven_ok_with_cost 
-------------------------------- live log call ---------------------------------
01:14:27 [INFO] Factor return analysis completed: 2 features (2 ok)
01:14:27 [INFO] Deep module completed: factor_returns in 0.08s
01:14:27 [INFO] Deep module completed: net_ic_analysis in 0.00s
PASSED                                                                   [ 46%]
tests/momentum/Analysis/test_factor_return_stopgap.py::test_factor_return_consumer_allowlist FAILED [ 46%]
tests/momentum/Analysis/test_factor_return_stopgap.py::test_consumer_guard_catches_import_alias PASSED [ 46%]
tests/momentum/Analysis/test_factor_return_stopgap.py::test_consumer_guard_catches_multi_ctor_same_line PASSED [ 47%]
tests/momentum/Analysis/test_factor_return_stopgap.py::test_mutation_m1_restore_compute_batch 
-------------------------------- live log call ---------------------------------
01:14:35 [INFO] Deep module completed: factor_returns in 0.00s
PASSED                                                                   [ 47%]
tests/momentum/Analysis/test_factor_return_stopgap.py::test_mutation_m1b_drop_tier_exclusion PASSED [ 47%]
tests/momentum/Analysis/test_feature_quality_diagnostics.py::test_all_nan_feature_quality PASSED [ 47%]
tests/momentum/Analysis/test_feature_quality_diagnostics.py::test_constant_feature_quality PASSED [ 47%]
tests/momentum/Analysis/test_feature_quality_diagnostics.py::test_insufficient_adf_samples PASSED [ 47%]
tests/momentum/Analysis/test_feature_quality_diagnostics.py::test_no_rolling_ic_for_drift PASSED [ 47%]
tests/momentum/Analysis/test_feature_quality_diagnostics.py::test_single_feature_quality PASSED [ 47%]
tests/momentum/Analysis/test_feature_quality_diagnostics.py::test_adf_timeout_single PASSED [ 47%]
tests/momentum/Analysis/test_feature_toggle_registry.py::test_registry_default_counts PASSED [ 47%]
tests/momentum/Analysis/test_feature_toggle_registry.py::test_T1_locked_feature_cannot_disable PASSED [ 47%]
tests/momentum/Analysis/test_feature_toggle_registry.py::test_T2_disable_upstream_cascade PASSED [ 48%]
tests/momentum/Analysis/test_feature_toggle_registry.py::test_T3_enable_dependency_not_satisfied PASSED [ 48%]
tests/momentum/Analysis/test_feature_toggle_registry.py::test_T4_apply_essential_only PASSED [ 48%]
tests/momentum/Analysis/test_feature_toggle_registry.py::test_T5_apply_full PASSED [ 48%]
tests/momentum/Analysis/test_feature_toggle_registry.py::test_T6_unknown_feature_id PASSED [ 48%]
tests/momentum/Analysis/test_feature_toggle_registry.py::test_T7_invalid_yaml_fallback_to_recommended 
-------------------------------- live log call ---------------------------------
01:14:35 [WARNING] Feature toggle yaml 載入失敗，使用硬編碼預設: while parsing a flow node
expected the node content, but found '<stream end>'
  in "/private/var/folders/_c/3xdf41hd3tvgxpx63mrml2c00000gn/T/pytest-of-louis/pytest-891/test_T7_invalid_yaml_fallback_0/broken.yaml", line 1, column 19
PASSED                                                                   [ 48%]
tests/momentum/Analysis/test_feature_toggle_registry.py::test_T8_detect_cycle_dependency PASSED [ 48%]
tests/momentum/Analysis/test_feature_toggle_registry.py::test_register_duplicate_feature_id PASSED [ 48%]
tests/momentum/Analysis/test_feature_toggle_registry.py::test_validate_dependencies_returns_error_when_dependency_disabled PASSED [ 48%]
tests/momentum/Analysis/test_feature_toggle_registry.py::test_to_config_dict_contains_presets_and_toggles PASSED [ 48%]
tests/momentum/Analysis/test_gap2_golden.py::test_g1_golden_unchanged 
-------------------------------- live log setup --------------------------------
01:14:35 [INFO] IC config loaded
01:14:35 [INFO] KlineStorageManager initialized: data_cache/feature_klines/kline_cache.h5
01:14:35 [INFO] Read 1696 klines from ETHUSDT/12h in 0.003s
01:14:35 [WARNING] No preloaded label file (labels_df=None): mainline label will be generated from kline with configured horizon (normal path, not an error)
01:14:35 [WARNING] No preloaded label file (labels_df=None): mainline label will be generated from kline with configured horizon (normal path, not an error)
01:14:35 [INFO] Data preprocessing complete: columns=14 fit_mode=train_mask oos_guarantees=True
01:14:35 [INFO] Read 1696 klines from ETHUSDT/12h in 0.002s
01:14:35 [WARNING] No preloaded label file (labels_df=None): mainline label will be generated from kline with configured horizon (normal path, not an error)
01:14:36 [INFO] IC autocorr persistent: count=14
01:14:36 [INFO] Read 1696 klines from ETHUSDT/12h in 0.003s
01:14:36 [INFO] Decay: 4/14 fit warnings summarized (low_r2=4)
01:14:42 [INFO] Redundancy filter completed: method=greedy input=2 output=2
01:14:45 [INFO] IC stage6b marginal_ic: status=ok reason=None survivors=2 removed=0 n_regressions=4 fit_scope=train
01:14:45 [INFO] Filtered features saved: /var/folders/_c/3xdf41hd3tvgxpx63mrml2c00000gn/T/gap2_golden_a_qr27zpt9/features/ETHUSDT_12h_filtered.h5
01:14:45 [INFO] IC report saved: /var/folders/_c/3xdf41hd3tvgxpx63mrml2c00000gn/T/gap2_golden_a_qr27zpt9/reports/ic_report_ic_gatekeeper.json
01:14:45 [INFO] IC survivor output saved: /var/folders/_c/3xdf41hd3tvgxpx63mrml2c00000gn/T/gap2_golden_a_qr27zpt9/reports/ic_survivors_ic_gatekeeper.json
01:14:45 [INFO] IC report saved: /var/folders/_c/3xdf41hd3tvgxpx63mrml2c00000gn/T/gap2_golden_a_qr27zpt9/reports/ic_report_ic_gatekeeper.json
01:14:45 [INFO] IC config loaded
01:14:45 [INFO] KlineStorageManager initialized: data_cache/feature_klines/kline_cache.h5
01:14:45 [INFO] Read 1696 klines from ETHUSDT/12h in 0.003s
01:14:45 [WARNING] No preloaded label file (labels_df=None): mainline label will be generated from kline with configured horizon (normal path, not an error)
01:14:45 [WARNING] No preloaded label file (labels_df=None): mainline label will be generated from kline with configured horizon (normal path, not an error)
01:14:45 [INFO] Data preprocessing complete: columns=14 fit_mode=train_mask oos_guarantees=True
01:14:45 [INFO] Read 1696 klines from ETHUSDT/12h in 0.002s
01:14:45 [WARNING] No preloaded label file (labels_df=None): mainline label will be generated from kline with configured horizon (normal path, not an error)
01:14:45 [INFO] IC autocorr persistent: count=14
01:14:45 [INFO] Read 1696 klines from ETHUSDT/12h in 0.002s
01:14:45 [INFO] Decay: 4/14 fit warnings summarized (low_r2=4)
01:14:52 [INFO] Redundancy filter completed: method=greedy input=2 output=2
01:14:55 [INFO] IC stage6b marginal_ic: status=ok reason=None survivors=2 removed=0 n_regressions=4 fit_scope=train
01:14:55 [INFO] Filtered features saved: /var/folders/_c/3xdf41hd3tvgxpx63mrml2c00000gn/T/gap2_golden_b_e8a6bm5d/features/ETHUSDT_12h_filtered.h5
01:14:55 [INFO] IC report saved: /var/folders/_c/3xdf41hd3tvgxpx63mrml2c00000gn/T/gap2_golden_b_e8a6bm5d/reports/ic_report_ic_gatekeeper.json
01:14:55 [INFO] IC survivor output saved: /var/folders/_c/3xdf41hd3tvgxpx63mrml2c00000gn/T/gap2_golden_b_e8a6bm5d/reports/ic_survivors_ic_gatekeeper.json
01:14:55 [INFO] IC report saved: /var/folders/_c/3xdf41hd3tvgxpx63mrml2c00000gn/T/gap2_golden_b_e8a6bm5d/reports/ic_report_ic_gatekeeper.json
PASSED                                                                   [ 48%]
tests/momentum/Analysis/test_gap2_golden.py::test_g2_section_and_survivor_file_deterministic PASSED [ 48%]
tests/momentum/Analysis/test_gap2_golden.py::test_budget_bench_receipt PASSED [ 49%]
tests/momentum/Analysis/test_gap2_golden.py::test_mutation_scrub_extra_key_breaks_canonical_sha PASSED [ 49%]
tests/momentum/Analysis/test_gap2_golden.py::test_mutation_counter_without_fit_call_breaks_spy PASSED [ 49%]
tests/momentum/Analysis/test_gap2_stage6b_wiring.py::test_default_config_section_ok_and_root_oracle 
-------------------------------- live log setup --------------------------------
01:18:05 [INFO] IC config loaded
01:18:05 [INFO] KlineStorageManager initialized: data_cache/feature_klines/kline_cache.h5
01:18:05 [INFO] Read 1696 klines from ETHUSDT/12h in 0.007s
01:18:05 [WARNING] No preloaded label file (labels_df=None): mainline label will be generated from kline with configured horizon (normal path, not an error)
01:18:05 [WARNING] No preloaded label file (labels_df=None): mainline label will be generated from kline with configured horizon (normal path, not an error)
01:18:05 [INFO] Data preprocessing complete: columns=14 fit_mode=train_mask oos_guarantees=True
01:18:05 [INFO] Read 1696 klines from ETHUSDT/12h in 0.003s
01:18:05 [WARNING] No preloaded label file (labels_df=None): mainline label will be generated from kline with configured horizon (normal path, not an error)
01:18:06 [INFO] IC autocorr persistent: count=14
01:18:06 [INFO] Read 1696 klines from ETHUSDT/12h in 0.007s
01:18:06 [INFO] Decay: 4/14 fit warnings summarized (low_r2=4)
01:18:12 [INFO] Redundancy filter completed: method=greedy input=2 output=2
01:18:16 [INFO] IC stage6b marginal_ic: status=ok reason=None survivors=2 removed=0 n_regressions=4 fit_scope=train
01:18:16 [INFO] Filtered features saved: /var/folders/_c/3xdf41hd3tvgxpx63mrml2c00000gn/T/gap2_b4_oedmbktk/features/ETHUSDT_12h_filtered.h5
01:18:16 [INFO] IC report saved: /var/folders/_c/3xdf41hd3tvgxpx63mrml2c00000gn/T/gap2_b4_oedmbktk/reports/ic_report_ic_gatekeeper.json
01:18:16 [INFO] IC survivor output saved: /var/folders/_c/3xdf41hd3tvgxpx63mrml2c00000gn/T/gap2_b4_oedmbktk/reports/ic_survivors_ic_gatekeeper.json
01:18:16 [INFO] IC report saved: /var/folders/_c/3xdf41hd3tvgxpx63mrml2c00000gn/T/gap2_b4_oedmbktk/reports/ic_report_ic_gatekeeper.json
PASSED                                                                   [ 49%]
tests/momentum/Analysis/test_gap2_stage6b_wiring.py::test_disabled_gives_status_object_only 
-------------------------------- live log call ---------------------------------
01:18:16 [INFO] IC config loaded
01:18:16 [INFO] KlineStorageManager initialized: data_cache/feature_klines/kline_cache.h5
01:18:16 [INFO] Read 1696 klines from ETHUSDT/12h in 0.003s
01:18:16 [WARNING] No preloaded label file (labels_df=None): mainline label will be generated from kline with configured horizon (normal path, not an error)
01:18:16 [WARNING] No preloaded label file (labels_df=None): mainline label will be generated from kline with configured horizon (normal path, not an error)
01:18:16 [INFO] Data preprocessing complete: columns=14 fit_mode=train_mask oos_guarantees=True
01:18:16 [INFO] Read 1696 klines from ETHUSDT/12h in 0.002s
01:18:16 [WARNING] No preloaded label file (labels_df=None): mainline label will be generated from kline with configured horizon (normal path, not an error)
01:18:16 [INFO] IC autocorr persistent: count=14
01:18:16 [INFO] Read 1696 klines from ETHUSDT/12h in 0.002s
01:18:16 [INFO] Decay: 4/14 fit warnings summarized (low_r2=4)
01:18:22 [INFO] Redundancy filter completed: method=greedy input=2 output=2
01:18:22 [INFO] Filtered features saved: /var/folders/_c/3xdf41hd3tvgxpx63mrml2c00000gn/T/gap2_b4_v3798rsh/features/ETHUSDT_12h_filtered.h5
01:18:22 [INFO] IC report saved: /var/folders/_c/3xdf41hd3tvgxpx63mrml2c00000gn/T/gap2_b4_v3798rsh/reports/ic_report_ic_gatekeeper.json
01:18:22 [INFO] IC survivor output saved: /var/folders/_c/3xdf41hd3tvgxpx63mrml2c00000gn/T/gap2_b4_v3798rsh/reports/ic_survivors_ic_gatekeeper.json
01:18:23 [INFO] IC report saved: /var/folders/_c/3xdf41hd3tvgxpx63mrml2c00000gn/T/gap2_b4_v3798rsh/reports/ic_report_ic_gatekeeper.json
PASSED                                                                   [ 49%]
tests/momentum/Analysis/test_gap2_stage6b_wiring.py::test_forced_full_sample_fallback 
-------------------------------- live log call ---------------------------------
01:18:23 [INFO] IC config loaded
01:18:23 [INFO] KlineStorageManager initialized: data_cache/feature_klines/kline_cache.h5
01:18:23 [INFO] Read 1696 klines from ETHUSDT/12h in 0.003s
01:18:23 [WARNING] No preloaded label file (labels_df=None): mainline label will be generated from kline with configured horizon (normal path, not an error)
01:18:23 [WARNING] No preloaded label file (labels_df=None): mainline label will be generated from kline with configured horizon (normal path, not an error)
01:18:23 [WARNING] IC full-sample fallback triggered: reason=insufficient_data train_rows=1356 test_rows=335 min_test_rows=100000 fit_mode=full_sample
01:18:23 [INFO] Read 1696 klines from ETHUSDT/12h in 0.002s
01:18:23 [INFO] Data preprocessing complete: columns=14 fit_mode=full_sample oos_guarantees=False
01:18:23 [INFO] Read 1696 klines from ETHUSDT/12h in 0.002s
01:18:23 [WARNING] No preloaded label file (labels_df=None): mainline label will be generated from kline with configured horizon (normal path, not an error)
01:18:23 [INFO] IC autocorr persistent: count=12
01:18:23 [INFO] Read 1696 klines from ETHUSDT/12h in 0.002s
01:18:23 [INFO] Decay: 14/14 fit warnings summarized (insufficient_points=14)
01:18:23 [WARNING] No preloaded label file (labels_df=None): mainline label will be generated from kline with configured horizon (normal path, not an error)
01:19:06 [INFO] Redundancy filter completed: method=greedy input=1 output=1
01:19:09 [INFO] IC stage6b marginal_ic: status=ok reason=None survivors=1 removed=0 n_regressions=2 fit_scope=full_sample
01:19:09 [INFO] Filtered features saved: /var/folders/_c/3xdf41hd3tvgxpx63mrml2c00000gn/T/gap2_b4_9yrkquxr/features/ETHUSDT_12h_filtered.h5
01:19:09 [INFO] IC report saved: /var/folders/_c/3xdf41hd3tvgxpx63mrml2c00000gn/T/gap2_b4_9yrkquxr/reports/ic_report_ic_gatekeeper.json
01:19:09 [INFO] IC survivor output saved: /var/folders/_c/3xdf41hd3tvgxpx63mrml2c00000gn/T/gap2_b4_9yrkquxr/reports/ic_survivors_ic_gatekeeper.json
01:19:09 [INFO] IC report saved: /var/folders/_c/3xdf41hd3tvgxpx63mrml2c00000gn/T/gap2_b4_9yrkquxr/reports/ic_report_ic_gatekeeper.json
PASSED                                                                   [ 49%]
tests/momentum/Analysis/test_gap2_stage6b_wiring.py::test_event_fallback_holdout_present_but_root_degraded 
-------------------------------- live log call ---------------------------------
01:19:09 [INFO] IC config loaded
01:19:09 [INFO] KlineStorageManager initialized: data_cache/feature_klines/kline_cache.h5
01:19:09 [INFO] Read 1696 klines from ETHUSDT/12h in 0.003s
01:19:09 [WARNING] No preloaded label file (labels_df=None): mainline label will be generated from kline with configured horizon (normal path, not an error)
01:19:09 [WARNING] No preloaded label file (labels_df=None): mainline label will be generated from kline with configured horizon (normal path, not an error)
01:19:09 [INFO] Data preprocessing complete: columns=14 fit_mode=train_mask oos_guarantees=True
01:19:09 [INFO] Read 1696 klines from ETHUSDT/12h in 0.002s
01:19:09 [WARNING] No preloaded label file (labels_df=None): mainline label will be generated from kline with configured horizon (normal path, not an error)
01:19:09 [INFO] Read 1696 klines from ETHUSDT/12h in 0.002s
01:19:09 [WARNING] Insufficient events: n=3
01:19:09 [INFO] IC autocorr persistent: count=14
01:19:09 [INFO] Read 1696 klines from ETHUSDT/12h in 0.002s
01:19:09 [INFO] Decay: 4/14 fit warnings summarized (low_r2=4)
01:19:16 [INFO] Redundancy filter completed: method=greedy input=2 output=2
01:19:19 [INFO] IC stage6b marginal_ic: status=ok reason=None survivors=2 removed=0 n_regressions=4 fit_scope=train
01:19:19 [INFO] Filtered features saved: /var/folders/_c/3xdf41hd3tvgxpx63mrml2c00000gn/T/gap2_b4_zw54y4x9/features/ETHUSDT_12h_filtered.h5
01:19:19 [INFO] IC report saved: /var/folders/_c/3xdf41hd3tvgxpx63mrml2c00000gn/T/gap2_b4_zw54y4x9/reports/ic_report_ic_gatekeeper.json
01:19:19 [INFO] IC survivor output saved: /var/folders/_c/3xdf41hd3tvgxpx63mrml2c00000gn/T/gap2_b4_zw54y4x9/reports/ic_survivors_ic_gatekeeper.json
01:19:19 [INFO] IC report saved: /var/folders/_c/3xdf41hd3tvgxpx63mrml2c00000gn/T/gap2_b4_zw54y4x9/reports/ic_report_ic_gatekeeper.json
PASSED                                                                   [ 49%]
tests/momentum/Analysis/test_gap2_stage6b_wiring.py::test_refilter_recomputes_section_and_cache_snapshot 
-------------------------------- live log call ---------------------------------
01:19:25 [INFO] IC stage6b marginal_ic: status=not_applicable reason=no_survivors survivors=0 removed=0 n_regressions=0 fit_scope=train
01:19:25 [INFO] IC report saved: /var/folders/_c/3xdf41hd3tvgxpx63mrml2c00000gn/T/gap2_b4_oedmbktk/reports/ic_report_ic_gatekeeper.json
01:19:25 [INFO] IC survivor output saved: /var/folders/_c/3xdf41hd3tvgxpx63mrml2c00000gn/T/gap2_b4_oedmbktk/reports/ic_survivors_ic_gatekeeper.json
01:19:25 [INFO] IC report saved: /var/folders/_c/3xdf41hd3tvgxpx63mrml2c00000gn/T/gap2_b4_oedmbktk/reports/ic_report_ic_gatekeeper.json
PASSED                                                                   [ 49%]
tests/momentum/Analysis/test_gap2_stage6b_wiring.py::test_event_identity_changes_across_requests 
-------------------------------- live log call ---------------------------------
01:19:25 [INFO] IC config loaded
01:19:25 [INFO] KlineStorageManager initialized: data_cache/feature_klines/kline_cache.h5
01:19:25 [INFO] Read 1696 klines from ETHUSDT/12h in 0.003s
01:19:25 [WARNING] No preloaded label file (labels_df=None): mainline label will be generated from kline with configured horizon (normal path, not an error)
01:19:25 [WARNING] No preloaded label file (labels_df=None): mainline label will be generated from kline with configured horizon (normal path, not an error)
01:19:25 [INFO] Data preprocessing complete: columns=14 fit_mode=train_mask oos_guarantees=True
01:19:25 [INFO] Read 1696 klines from ETHUSDT/12h in 0.002s
01:19:25 [WARNING] No preloaded label file (labels_df=None): mainline label will be generated from kline with configured horizon (normal path, not an error)
01:19:25 [INFO] IC autocorr persistent: count=14
01:19:25 [INFO] Read 1696 klines from ETHUSDT/12h in 0.002s
01:19:25 [INFO] Decay: 4/14 fit warnings summarized (low_r2=4)
01:19:31 [INFO] Redundancy filter completed: method=greedy input=2 output=2
01:19:34 [INFO] IC stage6b marginal_ic: status=ok reason=None survivors=2 removed=0 n_regressions=4 fit_scope=train
01:19:34 [INFO] Filtered features saved: /var/folders/_c/3xdf41hd3tvgxpx63mrml2c00000gn/T/gap2_b4_ig2bsvlg/features/ETHUSDT_12h_filtered.h5
01:19:34 [INFO] IC report saved: /var/folders/_c/3xdf41hd3tvgxpx63mrml2c00000gn/T/gap2_b4_ig2bsvlg/reports/ic_report_ic_gatekeeper.json
01:19:34 [INFO] IC survivor output saved: /var/folders/_c/3xdf41hd3tvgxpx63mrml2c00000gn/T/gap2_b4_ig2bsvlg/reports/ic_survivors_ic_gatekeeper.json
01:19:34 [INFO] IC report saved: /var/folders/_c/3xdf41hd3tvgxpx63mrml2c00000gn/T/gap2_b4_ig2bsvlg/reports/ic_report_ic_gatekeeper.json
01:19:34 [INFO] IC config loaded
01:19:34 [INFO] KlineStorageManager initialized: data_cache/feature_klines/kline_cache.h5
01:19:34 [INFO] Read 1696 klines from ETHUSDT/12h in 0.003s
01:19:34 [WARNING] No preloaded label file (labels_df=None): mainline label will be generated from kline with configured horizon (normal path, not an error)
01:19:34 [WARNING] No preloaded label file (labels_df=None): mainline label will be generated from kline with configured horizon (normal path, not an error)
01:19:34 [INFO] Data preprocessing complete: columns=14 fit_mode=train_mask oos_guarantees=True
01:19:34 [INFO] Read 1696 klines from ETHUSDT/12h in 0.002s
01:19:34 [WARNING] No preloaded label file (labels_df=None): mainline label will be generated from kline with configured horizon (normal path, not an error)
01:19:34 [INFO] Read 1696 klines from ETHUSDT/12h in 0.002s
01:19:34 [WARNING] Insufficient events: n=3
01:19:34 [INFO] IC autocorr persistent: count=14
01:19:34 [INFO] Read 1696 klines from ETHUSDT/12h in 0.002s
01:19:34 [INFO] Decay: 4/14 fit warnings summarized (low_r2=4)
01:19:41 [INFO] Redundancy filter completed: method=greedy input=2 output=2
01:19:44 [INFO] IC stage6b marginal_ic: status=ok reason=None survivors=2 removed=0 n_regressions=4 fit_scope=train
01:19:44 [INFO] Filtered features saved: /var/folders/_c/3xdf41hd3tvgxpx63mrml2c00000gn/T/gap2_b4_nb_xo4_v/features/ETHUSDT_12h_filtered.h5
01:19:44 [INFO] IC report saved: /var/folders/_c/3xdf41hd3tvgxpx63mrml2c00000gn/T/gap2_b4_nb_xo4_v/reports/ic_report_ic_gatekeeper.json
01:19:44 [INFO] IC survivor output saved: /var/folders/_c/3xdf41hd3tvgxpx63mrml2c00000gn/T/gap2_b4_nb_xo4_v/reports/ic_survivors_ic_gatekeeper.json
01:19:44 [INFO] IC report saved: /var/folders/_c/3xdf41hd3tvgxpx63mrml2c00000gn/T/gap2_b4_nb_xo4_v/reports/ic_report_ic_gatekeeper.json
PASSED                                                                   [ 49%]
tests/momentum/Analysis/test_gap2_stage6b_wiring.py::test_deny_factor_and_contract_sync_and_determinism 
-------------------------------- live log call ---------------------------------
01:19:44 [INFO] IC config loaded
01:19:44 [INFO] KlineStorageManager initialized: data_cache/feature_klines/kline_cache.h5
01:19:44 [INFO] Read 1696 klines from ETHUSDT/12h in 0.002s
01:19:44 [WARNING] No preloaded label file (labels_df=None): mainline label will be generated from kline with configured horizon (normal path, not an error)
01:19:44 [WARNING] No preloaded label file (labels_df=None): mainline label will be generated from kline with configured horizon (normal path, not an error)
01:19:44 [INFO] Data preprocessing complete: columns=14 fit_mode=train_mask oos_guarantees=True
01:19:44 [INFO] Read 1696 klines from ETHUSDT/12h in 0.002s
01:19:44 [WARNING] No preloaded label file (labels_df=None): mainline label will be generated from kline with configured horizon (normal path, not an error)
01:19:44 [INFO] IC autocorr persistent: count=14
01:19:44 [INFO] Read 1696 klines from ETHUSDT/12h in 0.002s
01:19:44 [INFO] Decay: 4/14 fit warnings summarized (low_r2=4)
01:19:50 [INFO] Redundancy filter completed: method=greedy input=2 output=2
01:19:53 [INFO] IC stage6b marginal_ic: status=ok reason=None survivors=2 removed=0 n_regressions=4 fit_scope=train
01:19:53 [INFO] Filtered features saved: /var/folders/_c/3xdf41hd3tvgxpx63mrml2c00000gn/T/gap2_b4_k6knbv5n/features/ETHUSDT_12h_filtered.h5
01:19:53 [INFO] IC report saved: /var/folders/_c/3xdf41hd3tvgxpx63mrml2c00000gn/T/gap2_b4_k6knbv5n/reports/ic_report_ic_gatekeeper.json
01:19:53 [INFO] IC survivor output saved: /var/folders/_c/3xdf41hd3tvgxpx63mrml2c00000gn/T/gap2_b4_k6knbv5n/reports/ic_survivors_ic_gatekeeper.json
01:19:53 [INFO] IC report saved: /var/folders/_c/3xdf41hd3tvgxpx63mrml2c00000gn/T/gap2_b4_k6knbv5n/reports/ic_report_ic_gatekeeper.json
PASSED                                                                   [ 49%]
tests/momentum/Analysis/test_gap2_stage6b_wiring.py::test_wiring_check_green PASSED [ 49%]
tests/momentum/Analysis/test_gap2_stage6b_wiring.py::test_orchestrator_marginal_reasons_subset_of_contract PASSED [ 50%]
tests/momentum/Analysis/test_gap2_stage6b_wiring.py::test_missing_symbol_identity_missing PASSED [ 50%]
tests/momentum/Analysis/test_gap2_stage6b_wiring.py::test_budget_exceeded_whole_views_not_computed 
-------------------------------- live log call ---------------------------------
01:19:56 [INFO] IC config loaded
01:19:56 [INFO] KlineStorageManager initialized: data_cache/feature_klines/kline_cache.h5
01:19:56 [INFO] Read 1696 klines from ETHUSDT/12h in 0.004s
01:19:56 [WARNING] No preloaded label file (labels_df=None): mainline label will be generated from kline with configured horizon (normal path, not an error)
01:19:56 [WARNING] No preloaded label file (labels_df=None): mainline label will be generated from kline with configured horizon (normal path, not an error)
01:19:56 [INFO] Data preprocessing complete: columns=14 fit_mode=train_mask oos_guarantees=True
01:19:56 [INFO] Read 1696 klines from ETHUSDT/12h in 0.002s
01:19:56 [WARNING] No preloaded label file (labels_df=None): mainline label will be generated from kline with configured horizon (normal path, not an error)
01:19:57 [INFO] IC autocorr persistent: count=14
01:19:57 [INFO] Read 1696 klines from ETHUSDT/12h in 0.002s
01:19:57 [INFO] Decay: 4/14 fit warnings summarized (low_r2=4)
01:20:03 [INFO] Redundancy filter completed: method=greedy input=2 output=2
01:20:04 [INFO] IC stage6b marginal_ic: status=not_computed reason=candidate_budget_exceeded survivors=2 removed=0 n_regressions=0 fit_scope=train
01:20:04 [INFO] Filtered features saved: /var/folders/_c/3xdf41hd3tvgxpx63mrml2c00000gn/T/gap2_b4_s31u7o0_/features/ETHUSDT_12h_filtered.h5
01:20:04 [INFO] IC report saved: /var/folders/_c/3xdf41hd3tvgxpx63mrml2c00000gn/T/gap2_b4_s31u7o0_/reports/ic_report_ic_gatekeeper.json
01:20:04 [INFO] IC survivor output saved: /var/folders/_c/3xdf41hd3tvgxpx63mrml2c00000gn/T/gap2_b4_s31u7o0_/reports/ic_survivors_ic_gatekeeper.json
01:20:04 [INFO] IC report saved: /var/folders/_c/3xdf41hd3tvgxpx63mrml2c00000gn/T/gap2_b4_s31u7o0_/reports/ic_report_ic_gatekeeper.json
PASSED                                                                   [ 50%]
tests/momentum/Analysis/test_gap2_stage6b_wiring.py::test_xsec_marginal_ic_not_applicable 
-------------------------------- live log call ---------------------------------
01:20:04 [INFO] IC config loaded
PASSED                                                                   [ 50%]
tests/momentum/Analysis/test_gap2_stage6b_wiring.py::test_mutation_fit_scope_derived_oos_breaks_root_oracle 
-------------------------------- live log call ---------------------------------
01:20:04 [INFO] IC config loaded
01:20:04 [INFO] KlineStorageManager initialized: data_cache/feature_klines/kline_cache.h5
01:20:04 [INFO] Read 1696 klines from ETHUSDT/12h in 0.002s
01:20:04 [WARNING] No preloaded label file (labels_df=None): mainline label will be generated from kline with configured horizon (normal path, not an error)
01:20:04 [WARNING] No preloaded label file (labels_df=None): mainline label will be generated from kline with configured horizon (normal path, not an error)
01:20:04 [INFO] Data preprocessing complete: columns=14 fit_mode=train_mask oos_guarantees=True
01:20:04 [INFO] Read 1696 klines from ETHUSDT/12h in 0.002s
01:20:04 [WARNING] No preloaded label file (labels_df=None): mainline label will be generated from kline with configured horizon (normal path, not an error)
01:20:04 [INFO] Read 1696 klines from ETHUSDT/12h in 0.002s
01:20:04 [WARNING] Insufficient events: n=3
01:20:04 [INFO] IC autocorr persistent: count=14
01:20:04 [INFO] Read 1696 klines from ETHUSDT/12h in 0.002s
01:20:04 [INFO] Decay: 4/14 fit warnings summarized (low_r2=4)
01:20:10 [INFO] Redundancy filter completed: method=greedy input=2 output=2
01:20:13 [INFO] IC stage6b marginal_ic: status=ok reason=None survivors=2 removed=0 n_regressions=4 fit_scope=train
01:20:13 [INFO] Filtered features saved: /var/folders/_c/3xdf41hd3tvgxpx63mrml2c00000gn/T/gap2_b4_b34z78k7/features/ETHUSDT_12h_filtered.h5
01:20:13 [INFO] IC report saved: /var/folders/_c/3xdf41hd3tvgxpx63mrml2c00000gn/T/gap2_b4_b34z78k7/reports/ic_report_ic_gatekeeper.json
01:20:13 [INFO] IC survivor output saved: /var/folders/_c/3xdf41hd3tvgxpx63mrml2c00000gn/T/gap2_b4_b34z78k7/reports/ic_survivors_ic_gatekeeper.json
01:20:13 [INFO] IC report saved: /var/folders/_c/3xdf41hd3tvgxpx63mrml2c00000gn/T/gap2_b4_b34z78k7/reports/ic_report_ic_gatekeeper.json
01:20:13 [INFO] IC config loaded
01:20:13 [INFO] KlineStorageManager initialized: data_cache/feature_klines/kline_cache.h5
01:20:13 [INFO] Read 1696 klines from ETHUSDT/12h in 0.003s
01:20:13 [WARNING] No preloaded label file (labels_df=None): mainline label will be generated from kline with configured horizon (normal path, not an error)
01:20:13 [WARNING] No preloaded label file (labels_df=None): mainline label will be generated from kline with configured horizon (normal path, not an error)
01:20:13 [INFO] Data preprocessing complete: columns=14 fit_mode=train_mask oos_guarantees=True
01:20:14 [INFO] Read 1696 klines from ETHUSDT/12h in 0.002s
01:20:14 [WARNING] No preloaded label file (labels_df=None): mainline label will be generated from kline with configured horizon (normal path, not an error)
01:20:14 [INFO] Read 1696 klines from ETHUSDT/12h in 0.002s
01:20:14 [WARNING] Insufficient events: n=3
01:20:14 [INFO] IC autocorr persistent: count=14
01:20:14 [INFO] Read 1696 klines from ETHUSDT/12h in 0.003s
01:20:14 [INFO] Decay: 4/14 fit warnings summarized (low_r2=4)
01:20:20 [INFO] Redundancy filter completed: method=greedy input=2 output=2
01:20:23 [INFO] IC stage6b marginal_ic: status=ok reason=None survivors=2 removed=0 n_regressions=4 fit_scope=train
01:20:23 [INFO] Filtered features saved: /var/folders/_c/3xdf41hd3tvgxpx63mrml2c00000gn/T/gap2_b4_v8mlfgry/features/ETHUSDT_12h_filtered.h5
01:20:23 [INFO] IC report saved: /var/folders/_c/3xdf41hd3tvgxpx63mrml2c00000gn/T/gap2_b4_v8mlfgry/reports/ic_report_ic_gatekeeper.json
01:20:23 [INFO] IC survivor output saved: /var/folders/_c/3xdf41hd3tvgxpx63mrml2c00000gn/T/gap2_b4_v8mlfgry/reports/ic_survivors_ic_gatekeeper.json
01:20:23 [INFO] IC report saved: /var/folders/_c/3xdf41hd3tvgxpx63mrml2c00000gn/T/gap2_b4_v8mlfgry/reports/ic_report_ic_gatekeeper.json
PASSED                                                                   [ 50%]
tests/momentum/Analysis/test_gap2_survivor_persist.py::test_four_shapes_five_keys 
-------------------------------- live log setup --------------------------------
01:20:23 [INFO] IC config loaded
01:20:23 [INFO] KlineStorageManager initialized: data_cache/feature_klines/kline_cache.h5
01:20:23 [INFO] Read 1696 klines from ETHUSDT/12h in 0.003s
01:20:23 [WARNING] No preloaded label file (labels_df=None): mainline label will be generated from kline with configured horizon (normal path, not an error)
01:20:23 [WARNING] No preloaded label file (labels_df=None): mainline label will be generated from kline with configured horizon (normal path, not an error)
01:20:23 [INFO] Data preprocessing complete: columns=14 fit_mode=train_mask oos_guarantees=True
01:20:23 [INFO] Read 1696 klines from ETHUSDT/12h in 0.002s
01:20:23 [WARNING] No preloaded label file (labels_df=None): mainline label will be generated from kline with configured horizon (normal path, not an error)
01:20:23 [INFO] IC autocorr persistent: count=14
01:20:23 [INFO] Read 1696 klines from ETHUSDT/12h in 0.002s
01:20:23 [INFO] Decay: 4/14 fit warnings summarized (low_r2=4)
01:20:29 [INFO] Redundancy filter completed: method=greedy input=2 output=2
01:20:32 [INFO] IC stage6b marginal_ic: status=ok reason=None survivors=2 removed=0 n_regressions=4 fit_scope=train
01:20:32 [INFO] Filtered features saved: /var/folders/_c/3xdf41hd3tvgxpx63mrml2c00000gn/T/gap2_b4_m6shvck7/features/ETHUSDT_12h_filtered.h5
01:20:33 [INFO] IC report saved: /var/folders/_c/3xdf41hd3tvgxpx63mrml2c00000gn/T/gap2_b4_m6shvck7/reports/ic_report_ic_gatekeeper.json
01:20:33 [INFO] IC survivor output saved: /var/folders/_c/3xdf41hd3tvgxpx63mrml2c00000gn/T/gap2_b4_m6shvck7/reports/ic_survivors_ic_gatekeeper.json
01:20:33 [INFO] IC report saved: /var/folders/_c/3xdf41hd3tvgxpx63mrml2c00000gn/T/gap2_b4_m6shvck7/reports/ic_report_ic_gatekeeper.json
-------------------------------- live log call ---------------------------------
01:20:33 [ERROR] survivor output write failed: disk full
Traceback (most recent call last):
  File "/Users/louis/Desktop/quantitative_trading_system/momentum/Analysis/ic_filter_orchestrator.py", line 5640, in _write_survivor_output
    path = self._reporter.save_survivor_output(payload, output_dir=output_dir, case_id=case_id)
  File "/Users/louis/Desktop/quantitative_trading_system/tests/momentum/Analysis/test_gap2_survivor_persist.py", line 60, in boom
    raise PermissionError("disk full")
PermissionError: disk full
PASSED                                                                   [ 50%]
tests/momentum/Analysis/test_gap2_survivor_persist.py::test_file_exists_validates_names_and_sha PASSED [ 50%]
tests/momentum/Analysis/test_gap2_survivor_persist.py::test_hermetic_no_production_write PASSED [ 50%]
tests/momentum/Analysis/test_gap2_survivor_persist.py::test_event_mode_and_fallback_sample_scope 
-------------------------------- live log call ---------------------------------
01:20:33 [INFO] IC config loaded
01:20:33 [INFO] KlineStorageManager initialized: data_cache/feature_klines/kline_cache.h5
01:20:33 [INFO] Read 1696 klines from ETHUSDT/12h in 0.003s
01:20:33 [WARNING] No preloaded label file (labels_df=None): mainline label will be generated from kline with configured horizon (normal path, not an error)
01:20:33 [WARNING] No preloaded label file (labels_df=None): mainline label will be generated from kline with configured horizon (normal path, not an error)
01:20:33 [INFO] Data preprocessing complete: columns=14 fit_mode=train_mask oos_guarantees=True
01:20:33 [INFO] Read 1696 klines from ETHUSDT/12h in 0.002s
01:20:33 [WARNING] No preloaded label file (labels_df=None): mainline label will be generated from kline with configured horizon (normal path, not an error)
01:20:33 [INFO] Read 1696 klines from ETHUSDT/12h in 0.002s
01:20:33 [WARNING] IC full-sample fallback triggered: reason=rolling_warmup_insufficient train_rows=100 test_rows=20 min_test_rows=131 fit_mode=full_sample
01:20:33 [INFO] Read 1696 klines from ETHUSDT/12h in 0.002s
01:20:33 [INFO] Data preprocessing complete: columns=14 fit_mode=full_sample oos_guarantees=False
01:20:33 [INFO] Read 1696 klines from ETHUSDT/12h in 0.002s
01:20:33 [WARNING] No preloaded label file (labels_df=None): mainline label will be generated from kline with configured horizon (normal path, not an error)
01:20:33 [INFO] Read 1696 klines from ETHUSDT/12h in 0.002s
01:20:33 [INFO] IC autocorr persistent: count=14
01:20:33 [INFO] Read 1696 klines from ETHUSDT/12h in 0.002s
01:20:33 [INFO] Decay: 14/14 fit warnings summarized (insufficient_points=14)
01:20:33 [WARNING] No preloaded label file (labels_df=None): mainline label will be generated from kline with configured horizon (normal path, not an error)
01:20:33 [INFO] IC stage6b marginal_ic: status=not_applicable reason=no_survivors survivors=0 removed=0 n_regressions=0 fit_scope=full_sample
01:20:33 [INFO] IC report saved: /var/folders/_c/3xdf41hd3tvgxpx63mrml2c00000gn/T/gap2_b4_nwmyxbo7/reports/ic_report_ic_gatekeeper.json
01:20:33 [INFO] IC survivor output saved: /var/folders/_c/3xdf41hd3tvgxpx63mrml2c00000gn/T/gap2_b4_nwmyxbo7/reports/ic_survivors_ic_gatekeeper.json
01:20:33 [INFO] IC report saved: /var/folders/_c/3xdf41hd3tvgxpx63mrml2c00000gn/T/gap2_b4_nwmyxbo7/reports/ic_report_ic_gatekeeper.json
01:20:33 [INFO] IC config loaded
01:20:33 [INFO] KlineStorageManager initialized: data_cache/feature_klines/kline_cache.h5
01:20:33 [INFO] Read 1696 klines from ETHUSDT/12h in 0.002s
01:20:33 [WARNING] No preloaded label file (labels_df=None): mainline label will be generated from kline with configured horizon (normal path, not an error)
01:20:33 [WARNING] No preloaded label file (labels_df=None): mainline label will be generated from kline with configured horizon (normal path, not an error)
01:20:33 [INFO] Data preprocessing complete: columns=14 fit_mode=train_mask oos_guarantees=True
01:20:33 [INFO] Read 1696 klines from ETHUSDT/12h in 0.002s
01:20:33 [WARNING] No preloaded label file (labels_df=None): mainline label will be generated from kline with configured horizon (normal path, not an error)
01:20:33 [INFO] Read 1696 klines from ETHUSDT/12h in 0.002s
01:20:33 [WARNING] Insufficient events: n=3
01:20:34 [INFO] IC autocorr persistent: count=14
01:20:34 [INFO] Read 1696 klines from ETHUSDT/12h in 0.002s
01:20:34 [INFO] Decay: 4/14 fit warnings summarized (low_r2=4)
01:20:40 [INFO] Redundancy filter completed: method=greedy input=2 output=2
01:20:43 [INFO] IC stage6b marginal_ic: status=ok reason=None survivors=2 removed=0 n_regressions=4 fit_scope=train
01:20:43 [INFO] Filtered features saved: /var/folders/_c/3xdf41hd3tvgxpx63mrml2c00000gn/T/gap2_b4_rgxmj9l6/features/ETHUSDT_12h_filtered.h5
01:20:43 [INFO] IC report saved: /var/folders/_c/3xdf41hd3tvgxpx63mrml2c00000gn/T/gap2_b4_rgxmj9l6/reports/ic_report_ic_gatekeeper.json
01:20:43 [INFO] IC survivor output saved: /var/folders/_c/3xdf41hd3tvgxpx63mrml2c00000gn/T/gap2_b4_rgxmj9l6/reports/ic_survivors_ic_gatekeeper.json
01:20:43 [INFO] IC report saved: /var/folders/_c/3xdf41hd3tvgxpx63mrml2c00000gn/T/gap2_b4_rgxmj9l6/reports/ic_report_ic_gatekeeper.json
PASSED                                                                   [ 50%]
tests/momentum/Analysis/test_gap2_survivor_persist.py::test_concurrent_same_case_id_atomic 
-------------------------------- live log call ---------------------------------
01:20:43 [INFO] IC survivor output saved: /var/folders/_c/3xdf41hd3tvgxpx63mrml2c00000gn/T/gap2_b4_m6shvck7/concurrent/ic_survivors_ic_gatekeeper.json
01:20:43 [INFO] IC survivor output saved: /var/folders/_c/3xdf41hd3tvgxpx63mrml2c00000gn/T/gap2_b4_m6shvck7/concurrent/ic_survivors_ic_gatekeeper.json
01:20:43 [INFO] IC survivor output saved: /var/folders/_c/3xdf41hd3tvgxpx63mrml2c00000gn/T/gap2_b4_m6shvck7/concurrent/ic_survivors_ic_gatekeeper.json
01:20:43 [INFO] IC survivor output saved: /var/folders/_c/3xdf41hd3tvgxpx63mrml2c00000gn/T/gap2_b4_m6shvck7/concurrent/ic_survivors_ic_gatekeeper.json
01:20:43 [INFO] IC survivor output saved: /var/folders/_c/3xdf41hd3tvgxpx63mrml2c00000gn/T/gap2_b4_m6shvck7/concurrent/ic_survivors_ic_gatekeeper.json
01:20:43 [INFO] IC survivor output saved: /var/folders/_c/3xdf41hd3tvgxpx63mrml2c00000gn/T/gap2_b4_m6shvck7/concurrent/ic_survivors_ic_gatekeeper.json
01:20:43 [INFO] IC survivor output saved: /var/folders/_c/3xdf41hd3tvgxpx63mrml2c00000gn/T/gap2_b4_m6shvck7/concurrent/ic_survivors_ic_gatekeeper.json
01:20:43 [INFO] IC survivor output saved: /var/folders/_c/3xdf41hd3tvgxpx63mrml2c00000gn/T/gap2_b4_m6shvck7/concurrent/ic_survivors_ic_gatekeeper.json
PASSED                                                                   [ 50%]
tests/momentum/Analysis/test_gap2_survivor_persist.py::test_persist_cold_call_without_ic_cache 
-------------------------------- live log call ---------------------------------
01:20:43 [INFO] IC survivor output saved: /var/folders/_c/3xdf41hd3tvgxpx63mrml2c00000gn/T/gap2_b4_m6shvck7/cold/ic_survivors_ic_gatekeeper.json
PASSED                                                                   [ 50%]
tests/momentum/Analysis/test_gap2_survivor_persist.py::test_mutation_persist_reads_ic_cache_breaks_cold_call PASSED [ 51%]
tests/momentum/Analysis/test_gap2_survivor_persist.py::test_persisted_report_json_mirrors_survivor_output PASSED [ 51%]
tests/momentum/Analysis/test_gap2_survivor_persist.py::test_provenance_uses_effective_config 
-------------------------------- live log call ---------------------------------
01:20:43 [INFO] IC config loaded
01:20:43 [INFO] KlineStorageManager initialized: data_cache/feature_klines/kline_cache.h5
01:20:43 [INFO] Read 1696 klines from ETHUSDT/12h in 0.003s
01:20:43 [WARNING] No preloaded label file (labels_df=None): mainline label will be generated from kline with configured horizon (normal path, not an error)
01:20:43 [WARNING] No preloaded label file (labels_df=None): mainline label will be generated from kline with configured horizon (normal path, not an error)
01:20:43 [INFO] Data preprocessing complete: columns=14 fit_mode=train_mask oos_guarantees=True
01:20:43 [INFO] Read 1696 klines from ETHUSDT/12h in 0.002s
01:20:43 [WARNING] No preloaded label file (labels_df=None): mainline label will be generated from kline with configured horizon (normal path, not an error)
01:20:43 [INFO] IC autocorr persistent: count=14
01:20:43 [INFO] Read 1696 klines from ETHUSDT/12h in 0.002s
01:20:43 [INFO] Decay: 4/14 fit warnings summarized (low_r2=4)
01:20:49 [INFO] Redundancy filter completed: method=greedy input=2 output=2
01:20:52 [INFO] IC stage6b marginal_ic: status=ok reason=None survivors=2 removed=0 n_regressions=4 fit_scope=train
01:20:52 [INFO] Filtered features saved: /var/folders/_c/3xdf41hd3tvgxpx63mrml2c00000gn/T/gap2_b4_6x0d_vn5/features/ETHUSDT_12h_filtered.h5
01:20:52 [INFO] IC report saved: /var/folders/_c/3xdf41hd3tvgxpx63mrml2c00000gn/T/gap2_b4_6x0d_vn5/reports/ic_report_ic_gatekeeper.json
01:20:52 [INFO] IC survivor output saved: /var/folders/_c/3xdf41hd3tvgxpx63mrml2c00000gn/T/gap2_b4_6x0d_vn5/reports/ic_survivors_ic_gatekeeper.json
01:20:52 [INFO] IC report saved: /var/folders/_c/3xdf41hd3tvgxpx63mrml2c00000gn/T/gap2_b4_6x0d_vn5/reports/ic_report_ic_gatekeeper.json
PASSED                                                                   [ 51%]
tests/momentum/Analysis/test_gap2_survivor_persist.py::test_negative_control_failure_suppresses_the_file PASSED [ 51%]
tests/momentum/Analysis/test_gap2_survivor_persist.py::test_status_stays_inside_the_closed_capability_enum PASSED [ 51%]
tests/momentum/Analysis/test_gap2_survivor_persist.py::test_identity_missing_wins_over_negative_control PASSED [ 51%]
tests/momentum/Analysis/test_ic1d_baseline.py::test_module_summary_not_skipped_and_portfolio_exposure_nonempty 
-------------------------------- live log call ---------------------------------
01:20:52 [INFO] KlineStorageManager initialized: /Users/louis/Desktop/quantitative_trading_system/data_cache/feature_klines/kline_cache.h5
01:20:52 [INFO] Read 1696 klines from ETHUSDT/12h in 0.003s
01:20:52 [INFO] running production analyze (close carrier via _stage4_ic_calculation:2913-2930)
01:20:52 [INFO] Read 1696 klines from ETHUSDT/12h in 0.002s
01:20:52 [INFO] Read 1696 klines from ETHUSDT/12h in 0.002s
01:20:52 [INFO] Resolved label horizon from labels_df column
01:20:52 [INFO] Resolved label horizon from labels_df column
01:20:52 [WARNING] IC full-sample fallback triggered: reason=insufficient_data train_rows=409 test_rows=98 min_test_rows=131 fit_mode=full_sample
01:20:52 [INFO] Read 1696 klines from ETHUSDT/12h in 0.002s
01:20:52 [INFO] Read 1696 klines from ETHUSDT/12h in 0.002s
01:20:52 [INFO] Data preprocessing complete: columns=7 fit_mode=full_sample oos_guarantees=False
01:20:52 [INFO] IC autocorr persistent: count=7
01:20:52 [INFO] Read 1696 klines from ETHUSDT/12h in 0.002s
01:20:53 [INFO] Decay: 7/7 fit warnings summarized (insufficient_points=7)
01:20:53 [WARNING] No preloaded label file (labels_df=None): mainline label will be generated from kline with configured horizon (normal path, not an error)
01:20:57 [INFO] IC stage6b marginal_ic: status=not_applicable reason=no_survivors survivors=0 removed=0 n_regressions=0 fit_scope=full_sample
01:20:57 [INFO] running run_deep_analysis force_modules=['factor_exposure']
01:20:57 [INFO] Deep module completed: factor_exposure in 0.00s
PASSED                                                                   [ 51%]
tests/momentum/Analysis/test_ic1d_baseline.py::test_close_carrier_via_production_stage4_not_ad_hoc_ic_cache 
-------------------------------- live log call ---------------------------------
01:20:57 [INFO] KlineStorageManager initialized: /Users/louis/Desktop/quantitative_trading_system/data_cache/feature_klines/kline_cache.h5
01:20:57 [INFO] Read 1696 klines from ETHUSDT/12h in 0.002s
01:20:57 [INFO] running production analyze (close carrier via _stage4_ic_calculation:2913-2930)
01:20:57 [INFO] Read 1696 klines from ETHUSDT/12h in 0.002s
01:20:57 [INFO] Read 1696 klines from ETHUSDT/12h in 0.002s
01:20:57 [INFO] Resolved label horizon from labels_df column
01:20:57 [INFO] Resolved label horizon from labels_df column
01:20:57 [WARNING] IC full-sample fallback triggered: reason=insufficient_data train_rows=409 test_rows=98 min_test_rows=131 fit_mode=full_sample
01:20:57 [INFO] Read 1696 klines from ETHUSDT/12h in 0.002s
01:20:57 [INFO] Read 1696 klines from ETHUSDT/12h in 0.002s
01:20:57 [INFO] Data preprocessing complete: columns=7 fit_mode=full_sample oos_guarantees=False
01:20:57 [INFO] IC autocorr persistent: count=7
01:20:57 [INFO] Read 1696 klines from ETHUSDT/12h in 0.002s
01:20:57 [INFO] Decay: 7/7 fit warnings summarized (insufficient_points=7)
01:20:57 [WARNING] No preloaded label file (labels_df=None): mainline label will be generated from kline with configured horizon (normal path, not an error)
01:21:02 [INFO] IC stage6b marginal_ic: status=not_applicable reason=no_survivors survivors=0 removed=0 n_regressions=0 fit_scope=full_sample
01:21:02 [INFO] running run_deep_analysis force_modules=['factor_exposure']
01:21:02 [INFO] Deep module completed: factor_exposure in 0.00s
PASSED                                                                   [ 51%]
tests/momentum/Analysis/test_ic1d_baseline.py::test_d9_mutation_stage4_carrier_diverges_must_fail 
-------------------------------- live log call ---------------------------------
01:21:02 [INFO] KlineStorageManager initialized: /Users/louis/Desktop/quantitative_trading_system/data_cache/feature_klines/kline_cache.h5
01:21:02 [INFO] Read 1696 klines from ETHUSDT/12h in 0.003s
01:21:02 [INFO] running production analyze (close carrier via _stage4_ic_calculation:2913-2930)
01:21:02 [INFO] Read 1696 klines from ETHUSDT/12h in 0.002s
01:21:02 [INFO] Read 1696 klines from ETHUSDT/12h in 0.002s
01:21:02 [INFO] Resolved label horizon from labels_df column
01:21:02 [INFO] Resolved label horizon from labels_df column
01:21:02 [WARNING] IC full-sample fallback triggered: reason=insufficient_data train_rows=409 test_rows=98 min_test_rows=131 fit_mode=full_sample
01:21:02 [INFO] Read 1696 klines from ETHUSDT/12h in 0.002s
01:21:02 [INFO] Read 1696 klines from ETHUSDT/12h in 0.002s
01:21:02 [INFO] Data preprocessing complete: columns=7 fit_mode=full_sample oos_guarantees=False
01:21:02 [INFO] IC autocorr persistent: count=7
01:21:02 [INFO] Read 1696 klines from ETHUSDT/12h in 0.002s
01:21:02 [INFO] Decay: 7/7 fit warnings summarized (insufficient_points=7)
01:21:02 [WARNING] No preloaded label file (labels_df=None): mainline label will be generated from kline with configured horizon (normal path, not an error)
01:21:07 [INFO] IC stage6b marginal_ic: status=not_applicable reason=no_survivors survivors=0 removed=0 n_regressions=0 fit_scope=full_sample
01:21:07 [INFO] running run_deep_analysis force_modules=['factor_exposure']
01:21:07 [INFO] Deep module completed: factor_exposure in 0.00s
PASSED                                                                   [ 51%]
tests/momentum/Analysis/test_ic1d_baseline.py::test_d9_mutation_adhoc_ic_cache_overwrite_must_fail 
-------------------------------- live log call ---------------------------------
01:21:07 [INFO] KlineStorageManager initialized: /Users/louis/Desktop/quantitative_trading_system/data_cache/feature_klines/kline_cache.h5
01:21:07 [INFO] Read 1696 klines from ETHUSDT/12h in 0.002s
01:21:07 [INFO] running production analyze (close carrier via _stage4_ic_calculation:2913-2930)
01:21:07 [INFO] Read 1696 klines from ETHUSDT/12h in 0.002s
01:21:07 [INFO] Read 1696 klines from ETHUSDT/12h in 0.002s
01:21:07 [INFO] Resolved label horizon from labels_df column
01:21:07 [INFO] Resolved label horizon from labels_df column
01:21:07 [WARNING] IC full-sample fallback triggered: reason=insufficient_data train_rows=409 test_rows=98 min_test_rows=131 fit_mode=full_sample
01:21:07 [INFO] Read 1696 klines from ETHUSDT/12h in 0.002s
01:21:07 [INFO] Read 1696 klines from ETHUSDT/12h in 0.002s
01:21:07 [INFO] Data preprocessing complete: columns=7 fit_mode=full_sample oos_guarantees=False
01:21:07 [INFO] IC autocorr persistent: count=7
01:21:07 [INFO] Read 1696 klines from ETHUSDT/12h in 0.002s
01:21:07 [INFO] Decay: 7/7 fit warnings summarized (insufficient_points=7)
01:21:07 [WARNING] No preloaded label file (labels_df=None): mainline label will be generated from kline with configured horizon (normal path, not an error)
01:21:12 [INFO] IC stage6b marginal_ic: status=not_applicable reason=no_survivors survivors=0 removed=0 n_regressions=0 fit_scope=full_sample
01:21:12 [INFO] running run_deep_analysis force_modules=['factor_exposure']
01:21:12 [INFO] Deep module completed: factor_exposure in 0.00s
PASSED                                                                   [ 51%]
tests/momentum/Analysis/test_ic1d_baseline.py::test_analyzer_real_ols_oracle_dump PASSED [ 51%]
tests/momentum/Analysis/test_ic1d_baseline.py::test_b3_mutation_analyzer_hardcoded_alpha_must_fail PASSED [ 51%]
tests/momentum/Analysis/test_ic1d_baseline.py::test_bug3_oracle_betas_mutation_must_fail PASSED [ 52%]
tests/momentum/Analysis/test_ic1d_baseline.py::test_baseline_payload_module_summary_from_report_not_serializer 
-------------------------------- live log call ---------------------------------
01:21:12 [INFO] KlineStorageManager initialized: /Users/louis/Desktop/quantitative_trading_system/data_cache/feature_klines/kline_cache.h5
01:21:12 [INFO] Read 1696 klines from ETHUSDT/12h in 0.002s
01:21:12 [INFO] running production analyze (close carrier via _stage4_ic_calculation:2913-2930)
01:21:12 [INFO] Read 1696 klines from ETHUSDT/12h in 0.002s
01:21:12 [INFO] Read 1696 klines from ETHUSDT/12h in 0.002s
01:21:12 [INFO] Resolved label horizon from labels_df column
01:21:12 [INFO] Resolved label horizon from labels_df column
01:21:12 [WARNING] IC full-sample fallback triggered: reason=insufficient_data train_rows=409 test_rows=98 min_test_rows=131 fit_mode=full_sample
01:21:12 [INFO] Read 1696 klines from ETHUSDT/12h in 0.002s
01:21:12 [INFO] Read 1696 klines from ETHUSDT/12h in 0.002s
01:21:12 [INFO] Data preprocessing complete: columns=7 fit_mode=full_sample oos_guarantees=False
01:21:12 [INFO] IC autocorr persistent: count=7
01:21:12 [INFO] Read 1696 klines from ETHUSDT/12h in 0.002s
01:21:12 [INFO] Decay: 7/7 fit warnings summarized (insufficient_points=7)
01:21:12 [WARNING] No preloaded label file (labels_df=None): mainline label will be generated from kline with configured horizon (normal path, not an error)
01:21:17 [INFO] IC stage6b marginal_ic: status=not_applicable reason=no_survivors survivors=0 removed=0 n_regressions=0 fit_scope=full_sample
01:21:17 [INFO] running run_deep_analysis force_modules=['factor_exposure']
01:21:17 [INFO] Deep module completed: factor_exposure in 0.01s
PASSED                                                                   [ 52%]
tests/momentum/Analysis/test_ic1d_baseline.py::test_b2_mutation_hardcoded_module_summary_must_fail 
-------------------------------- live log call ---------------------------------
01:21:17 [INFO] KlineStorageManager initialized: /Users/louis/Desktop/quantitative_trading_system/data_cache/feature_klines/kline_cache.h5
01:21:17 [INFO] Read 1696 klines from ETHUSDT/12h in 0.003s
01:21:17 [INFO] running production analyze (close carrier via _stage4_ic_calculation:2913-2930)
01:21:17 [INFO] Read 1696 klines from ETHUSDT/12h in 0.002s
01:21:17 [INFO] Read 1696 klines from ETHUSDT/12h in 0.002s
01:21:17 [INFO] Resolved label horizon from labels_df column
01:21:17 [INFO] Resolved label horizon from labels_df column
01:21:17 [WARNING] IC full-sample fallback triggered: reason=insufficient_data train_rows=409 test_rows=98 min_test_rows=131 fit_mode=full_sample
01:21:17 [INFO] Read 1696 klines from ETHUSDT/12h in 0.002s
01:21:17 [INFO] Read 1696 klines from ETHUSDT/12h in 0.002s
01:21:17 [INFO] Data preprocessing complete: columns=7 fit_mode=full_sample oos_guarantees=False
01:21:17 [INFO] IC autocorr persistent: count=7
01:21:17 [INFO] Read 1696 klines from ETHUSDT/12h in 0.002s
01:21:17 [INFO] Decay: 7/7 fit warnings summarized (insufficient_points=7)
01:21:17 [WARNING] No preloaded label file (labels_df=None): mainline label will be generated from kline with configured horizon (normal path, not an error)
01:21:21 [INFO] IC stage6b marginal_ic: status=not_applicable reason=no_survivors survivors=0 removed=0 n_regressions=0 fit_scope=full_sample
01:21:21 [INFO] running run_deep_analysis force_modules=['factor_exposure']
01:21:21 [INFO] Deep module completed: factor_exposure in 0.00s
PASSED                                                                   [ 52%]
tests/momentum/Analysis/test_ic1d_baseline.py::test_payload_cache_close_finite_field_present 
-------------------------------- live log call ---------------------------------
01:21:21 [INFO] KlineStorageManager initialized: /Users/louis/Desktop/quantitative_trading_system/data_cache/feature_klines/kline_cache.h5
01:21:21 [INFO] Read 1696 klines from ETHUSDT/12h in 0.003s
01:21:21 [INFO] running production analyze (close carrier via _stage4_ic_calculation:2913-2930)
01:21:21 [INFO] Read 1696 klines from ETHUSDT/12h in 0.002s
01:21:21 [INFO] Read 1696 klines from ETHUSDT/12h in 0.002s
01:21:21 [INFO] Resolved label horizon from labels_df column
01:21:21 [INFO] Resolved label horizon from labels_df column
01:21:21 [WARNING] IC full-sample fallback triggered: reason=insufficient_data train_rows=409 test_rows=98 min_test_rows=131 fit_mode=full_sample
01:21:21 [INFO] Read 1696 klines from ETHUSDT/12h in 0.002s
01:21:21 [INFO] Read 1696 klines from ETHUSDT/12h in 0.002s
01:21:21 [INFO] Data preprocessing complete: columns=7 fit_mode=full_sample oos_guarantees=False
01:21:21 [INFO] IC autocorr persistent: count=7
01:21:21 [INFO] Read 1696 klines from ETHUSDT/12h in 0.002s
01:21:22 [INFO] Decay: 7/7 fit warnings summarized (insufficient_points=7)
01:21:22 [WARNING] No preloaded label file (labels_df=None): mainline label will be generated from kline with configured horizon (normal path, not an error)
01:21:26 [INFO] IC stage6b marginal_ic: status=not_applicable reason=no_survivors survivors=0 removed=0 n_regressions=0 fit_scope=full_sample
01:21:26 [INFO] running run_deep_analysis force_modules=['factor_exposure']
01:21:26 [INFO] Deep module completed: factor_exposure in 0.00s
PASSED                                                                   [ 52%]
tests/momentum/Analysis/test_ic1d_baseline.py::test_provenance_sidecar_holds_volatile_fields 
-------------------------------- live log call ---------------------------------
01:21:26 [INFO] KlineStorageManager initialized: /Users/louis/Desktop/quantitative_trading_system/data_cache/feature_klines/kline_cache.h5
01:21:26 [INFO] Read 1696 klines from ETHUSDT/12h in 0.002s
01:21:26 [INFO] running production analyze (close carrier via _stage4_ic_calculation:2913-2930)
01:21:26 [INFO] Read 1696 klines from ETHUSDT/12h in 0.002s
01:21:26 [INFO] Read 1696 klines from ETHUSDT/12h in 0.002s
01:21:26 [INFO] Resolved label horizon from labels_df column
01:21:26 [INFO] Resolved label horizon from labels_df column
01:21:26 [WARNING] IC full-sample fallback triggered: reason=insufficient_data train_rows=409 test_rows=98 min_test_rows=131 fit_mode=full_sample
01:21:26 [INFO] Read 1696 klines from ETHUSDT/12h in 0.002s
01:21:26 [INFO] Read 1696 klines from ETHUSDT/12h in 0.002s
01:21:26 [INFO] Data preprocessing complete: columns=7 fit_mode=full_sample oos_guarantees=False
01:21:26 [INFO] IC autocorr persistent: count=7
01:21:26 [INFO] Read 1696 klines from ETHUSDT/12h in 0.002s
01:21:26 [INFO] Decay: 7/7 fit warnings summarized (insufficient_points=7)
01:21:26 [WARNING] No preloaded label file (labels_df=None): mainline label will be generated from kline with configured horizon (normal path, not an error)
01:21:31 [INFO] IC stage6b marginal_ic: status=not_applicable reason=no_survivors survivors=0 removed=0 n_regressions=0 fit_scope=full_sample
01:21:31 [INFO] running run_deep_analysis force_modules=['factor_exposure']
01:21:31 [INFO] Deep module completed: factor_exposure in 0.00s
PASSED                                                                   [ 52%]
tests/momentum/Analysis/test_ic1d_baseline.py::test_deep_noop_results_mutation_must_fail 
-------------------------------- live log call ---------------------------------
01:21:31 [INFO] KlineStorageManager initialized: /Users/louis/Desktop/quantitative_trading_system/data_cache/feature_klines/kline_cache.h5
01:21:31 [INFO] Read 1696 klines from ETHUSDT/12h in 0.004s
01:21:31 [INFO] running production analyze (close carrier via _stage4_ic_calculation:2913-2930)
01:21:31 [INFO] Read 1696 klines from ETHUSDT/12h in 0.002s
01:21:31 [INFO] Read 1696 klines from ETHUSDT/12h in 0.002s
01:21:31 [INFO] Resolved label horizon from labels_df column
01:21:31 [INFO] Resolved label horizon from labels_df column
01:21:31 [WARNING] IC full-sample fallback triggered: reason=insufficient_data train_rows=409 test_rows=98 min_test_rows=131 fit_mode=full_sample
01:21:31 [INFO] Read 1696 klines from ETHUSDT/12h in 0.002s
01:21:31 [INFO] Read 1696 klines from ETHUSDT/12h in 0.002s
01:21:31 [INFO] Data preprocessing complete: columns=7 fit_mode=full_sample oos_guarantees=False
01:21:31 [INFO] IC autocorr persistent: count=7
01:21:31 [INFO] Read 1696 klines from ETHUSDT/12h in 0.002s
01:21:31 [INFO] Decay: 7/7 fit warnings summarized (insufficient_points=7)
01:21:31 [WARNING] No preloaded label file (labels_df=None): mainline label will be generated from kline with configured horizon (normal path, not an error)
01:21:36 [INFO] IC stage6b marginal_ic: status=not_applicable reason=no_survivors survivors=0 removed=0 n_regressions=0 fit_scope=full_sample
01:21:36 [INFO] running run_deep_analysis force_modules=['factor_exposure']
01:21:36 [INFO] Deep module completed: factor_exposure in 0.00s
PASSED                                                                   [ 52%]
tests/momentum/Analysis/test_ic1d_baseline.py::test_bug1_dict_vs_list_path_collision_must_report PASSED [ 52%]
tests/momentum/Analysis/test_ic1d_baseline.py::test_bug1_mutation_list_to_dict_zero_allow_must_fail PASSED [ 52%]
tests/momentum/Analysis/test_ic1d_baseline.py::test_bug2_dotted_key_allow_change_must_pass PASSED [ 52%]
tests/momentum/Analysis/test_ic1d_baseline.py::test_bug2_dotted_key_allow_cli_exit0 PASSED [ 52%]
tests/momentum/Analysis/test_ic1d_baseline.py::test_path_collision_bracket_key_vs_list_must_not_silent_pass PASSED [ 52%]
tests/momentum/Analysis/test_ic1d_baseline.py::test_path_collision_raise_via_cli_exit1 PASSED [ 53%]
tests/momentum/Analysis/test_ic1d_orchestrator_integration.py::test_b3_factor_exposure_completed_partial_and_unavailable_attr 
-------------------------------- live log call ---------------------------------
01:21:36 [INFO] KlineStorageManager initialized: /Users/louis/Desktop/quantitative_trading_system/data_cache/feature_klines/kline_cache.h5
01:21:36 [INFO] Read 1696 klines from ETHUSDT/12h in 0.003s
01:21:36 [INFO] running production analyze (close carrier via _stage4_ic_calculation:2913-2930)
01:21:36 [INFO] Read 1696 klines from ETHUSDT/12h in 0.002s
01:21:36 [INFO] Read 1696 klines from ETHUSDT/12h in 0.002s
01:21:36 [INFO] Resolved label horizon from labels_df column
01:21:36 [INFO] Resolved label horizon from labels_df column
01:21:36 [WARNING] IC full-sample fallback triggered: reason=insufficient_data train_rows=409 test_rows=98 min_test_rows=131 fit_mode=full_sample
01:21:36 [INFO] Read 1696 klines from ETHUSDT/12h in 0.002s
01:21:36 [INFO] Read 1696 klines from ETHUSDT/12h in 0.002s
01:21:36 [INFO] Data preprocessing complete: columns=7 fit_mode=full_sample oos_guarantees=False
01:21:36 [INFO] IC autocorr persistent: count=7
01:21:36 [INFO] Read 1696 klines from ETHUSDT/12h in 0.002s
01:21:36 [INFO] Decay: 7/7 fit warnings summarized (insufficient_points=7)
01:21:36 [WARNING] No preloaded label file (labels_df=None): mainline label will be generated from kline with configured horizon (normal path, not an error)
01:21:41 [INFO] IC stage6b marginal_ic: status=not_applicable reason=no_survivors survivors=0 removed=0 n_regressions=0 fit_scope=full_sample
01:21:41 [INFO] running run_deep_analysis force_modules=['factor_exposure']
01:21:41 [INFO] Deep module completed: factor_exposure in 0.00s
PASSED                                                                   [ 53%]
tests/momentum/Analysis/test_ic1d_orchestrator_integration.py::test_force_only_factor_exposure_unavailable 
-------------------------------- live log call ---------------------------------
01:21:41 [INFO] KlineStorageManager initialized: /Users/louis/Desktop/quantitative_trading_system/data_cache/feature_klines/kline_cache.h5
01:21:41 [INFO] Read 1696 klines from ETHUSDT/12h in 0.003s
01:21:41 [INFO] running production analyze (close carrier via _stage4_ic_calculation:2913-2930)
01:21:41 [INFO] Read 1696 klines from ETHUSDT/12h in 0.002s
01:21:41 [INFO] Read 1696 klines from ETHUSDT/12h in 0.002s
01:21:41 [INFO] Resolved label horizon from labels_df column
01:21:41 [INFO] Resolved label horizon from labels_df column
01:21:41 [WARNING] IC full-sample fallback triggered: reason=insufficient_data train_rows=409 test_rows=98 min_test_rows=131 fit_mode=full_sample
01:21:41 [INFO] Read 1696 klines from ETHUSDT/12h in 0.002s
01:21:41 [INFO] Read 1696 klines from ETHUSDT/12h in 0.002s
01:21:41 [INFO] Data preprocessing complete: columns=7 fit_mode=full_sample oos_guarantees=False
01:21:41 [INFO] IC autocorr persistent: count=7
01:21:41 [INFO] Read 1696 klines from ETHUSDT/12h in 0.002s
01:21:41 [INFO] Decay: 7/7 fit warnings summarized (insufficient_points=7)
01:21:41 [WARNING] No preloaded label file (labels_df=None): mainline label will be generated from kline with configured horizon (normal path, not an error)
01:21:46 [INFO] IC stage6b marginal_ic: status=not_applicable reason=no_survivors survivors=0 removed=0 n_regressions=0 fit_scope=full_sample
01:21:46 [INFO] running run_deep_analysis force_modules=['factor_exposure']
01:21:46 [INFO] Deep module completed: factor_exposure in 0.00s
PASSED                                                                   [ 53%]
tests/momentum/Analysis/test_ic1d_orchestrator_integration.py::test_cache_hit_factor_exposure_completed_partial 
-------------------------------- live log call ---------------------------------
01:21:46 [INFO] KlineStorageManager initialized: /Users/louis/Desktop/quantitative_trading_system/data_cache/feature_klines/kline_cache.h5
01:21:46 [INFO] Read 1696 klines from ETHUSDT/12h in 0.002s
01:21:46 [INFO] running production analyze (close carrier via _stage4_ic_calculation:2913-2930)
01:21:46 [INFO] Read 1696 klines from ETHUSDT/12h in 0.002s
01:21:46 [INFO] Read 1696 klines from ETHUSDT/12h in 0.002s
01:21:46 [INFO] Resolved label horizon from labels_df column
01:21:46 [INFO] Resolved label horizon from labels_df column
01:21:46 [WARNING] IC full-sample fallback triggered: reason=insufficient_data train_rows=409 test_rows=98 min_test_rows=131 fit_mode=full_sample
01:21:46 [INFO] Read 1696 klines from ETHUSDT/12h in 0.002s
01:21:46 [INFO] Read 1696 klines from ETHUSDT/12h in 0.002s
01:21:46 [INFO] Data preprocessing complete: columns=7 fit_mode=full_sample oos_guarantees=False
01:21:46 [INFO] IC autocorr persistent: count=7
01:21:46 [INFO] Read 1696 klines from ETHUSDT/12h in 0.002s
01:21:46 [INFO] Decay: 7/7 fit warnings summarized (insufficient_points=7)
01:21:46 [WARNING] No preloaded label file (labels_df=None): mainline label will be generated from kline with configured horizon (normal path, not an error)
01:21:51 [INFO] IC stage6b marginal_ic: status=not_applicable reason=no_survivors survivors=0 removed=0 n_regressions=0 fit_scope=full_sample
01:21:51 [INFO] running run_deep_analysis force_modules=['factor_exposure']
01:21:51 [INFO] Deep module completed: factor_exposure in 0.00s
01:21:51 [INFO] Deep analysis cache hit: key=15853cbea1419f59c21bde3a2b469e61
PASSED                                                                   [ 53%]
tests/momentum/Analysis/test_ic1d_orchestrator_integration.py::test_mutation_stub_restored_must_fail 
-------------------------------- live log call ---------------------------------
01:21:51 [INFO] KlineStorageManager initialized: /Users/louis/Desktop/quantitative_trading_system/data_cache/feature_klines/kline_cache.h5
01:21:51 [INFO] Read 1696 klines from ETHUSDT/12h in 0.003s
01:21:51 [INFO] running production analyze (close carrier via _stage4_ic_calculation:2913-2930)
01:21:51 [INFO] Read 1696 klines from ETHUSDT/12h in 0.002s
01:21:51 [INFO] Read 1696 klines from ETHUSDT/12h in 0.002s
01:21:51 [INFO] Resolved label horizon from labels_df column
01:21:51 [INFO] Resolved label horizon from labels_df column
01:21:51 [WARNING] IC full-sample fallback triggered: reason=insufficient_data train_rows=409 test_rows=98 min_test_rows=131 fit_mode=full_sample
01:21:51 [INFO] Read 1696 klines from ETHUSDT/12h in 0.002s
01:21:51 [INFO] Read 1696 klines from ETHUSDT/12h in 0.002s
01:21:51 [INFO] Data preprocessing complete: columns=7 fit_mode=full_sample oos_guarantees=False
01:21:51 [INFO] IC autocorr persistent: count=7
01:21:51 [INFO] Read 1696 klines from ETHUSDT/12h in 0.002s
01:21:51 [INFO] Decay: 7/7 fit warnings summarized (insufficient_points=7)
01:21:51 [WARNING] No preloaded label file (labels_df=None): mainline label will be generated from kline with configured horizon (normal path, not an error)
01:21:56 [INFO] IC stage6b marginal_ic: status=not_applicable reason=no_survivors survivors=0 removed=0 n_regressions=0 fit_scope=full_sample
01:21:56 [INFO] running run_deep_analysis force_modules=['factor_exposure']
01:21:56 [INFO] Deep module completed: factor_exposure in 0.00s
01:21:56 [INFO] Deep module completed: factor_exposure in 0.00s
PASSED                                                                   [ 53%]
tests/momentum/Analysis/test_ic1d_orchestrator_integration.py::test_mutation_module_summary_completed_must_fail 
-------------------------------- live log call ---------------------------------
01:21:56 [INFO] KlineStorageManager initialized: /Users/louis/Desktop/quantitative_trading_system/data_cache/feature_klines/kline_cache.h5
01:21:56 [INFO] Read 1696 klines from ETHUSDT/12h in 0.002s
01:21:56 [INFO] running production analyze (close carrier via _stage4_ic_calculation:2913-2930)
01:21:56 [INFO] Read 1696 klines from ETHUSDT/12h in 0.002s
01:21:56 [INFO] Read 1696 klines from ETHUSDT/12h in 0.002s
01:21:56 [INFO] Resolved label horizon from labels_df column
01:21:56 [INFO] Resolved label horizon from labels_df column
01:21:56 [WARNING] IC full-sample fallback triggered: reason=insufficient_data train_rows=409 test_rows=98 min_test_rows=131 fit_mode=full_sample
01:21:56 [INFO] Read 1696 klines from ETHUSDT/12h in 0.002s
01:21:56 [INFO] Read 1696 klines from ETHUSDT/12h in 0.002s
01:21:56 [INFO] Data preprocessing complete: columns=7 fit_mode=full_sample oos_guarantees=False
01:21:56 [INFO] IC autocorr persistent: count=7
01:21:56 [INFO] Read 1696 klines from ETHUSDT/12h in 0.003s
01:21:56 [INFO] Decay: 7/7 fit warnings summarized (insufficient_points=7)
01:21:56 [WARNING] No preloaded label file (labels_df=None): mainline label will be generated from kline with configured horizon (normal path, not an error)
01:22:01 [INFO] IC stage6b marginal_ic: status=not_applicable reason=no_survivors survivors=0 removed=0 n_regressions=0 fit_scope=full_sample
01:22:01 [INFO] running run_deep_analysis force_modules=['factor_exposure']
01:22:01 [INFO] Deep module completed: factor_exposure in 0.00s
01:22:01 [INFO] Deep module completed: factor_exposure in 0.00s
PASSED                                                                   [ 53%]
tests/momentum/Analysis/test_ic_1a_cut1_golden.py::test_flag_off_deep_equal_baseline 
-------------------------------- live log setup --------------------------------
01:22:01 [INFO] KlineStorageManager initialized: /Users/louis/Desktop/quantitative_trading_system/data_cache/feature_klines/kline_cache.h5
01:22:01 [INFO] Registered adapter: crypto_spot
01:22:01 [INFO] Loaded feature registry with 16 entries
01:22:01 [INFO] CGSA stats (tier=8gb): sync_cap=200 q_sample=1500 warmup_workers=2
01:22:02 [INFO] Restored 16 persisted feature task(s) from disk
01:22:02 [INFO] 所有中間件已設置完成
01:22:02 [INFO] 異常處理器設置完成
01:22:02 [INFO] StandaloneSearchService initialized - momentum modules will be loaded on demand
01:22:02 [INFO] Loaded 60/60 cases from JSON
01:22:02 [INFO] Loaded 60 cases from /Users/louis/Desktop/quantitative_trading_system/data_cache/cases.json
01:22:02 [INFO] CaseStorageManager initialized (persistent=True, json_path=/Users/louis/Desktop/quantitative_trading_system/data_cache/cases.json, cases=60)
01:22:02 [INFO] Created global CaseStorageManager instance
01:22:02 [INFO] CaseImportService initialized
01:22:02 [INFO] Created global CaseImportService instance with shared storage
01:22:02 [INFO] KlineStorageManager initialized: /Users/louis/Desktop/quantitative_trading_system/data_cache/kline_cache.h5
01:22:02 [INFO] KlineDownloadService initialized
01:22:02 [INFO] Rate limiter initialized: 1000 req/min
01:22:02 [INFO] BinanceProvider initialized
01:22:02 [INFO] Registered provider: binance (rate_limit=1000/min)
01:22:02 [INFO] Registered BinanceProvider to KlineDownloadService
01:22:02 [INFO] BatchDownloadService initialized
01:22:02 [INFO] Created global BatchDownloadService instance with shared storage
01:22:02 [INFO] KlineStorageManager initialized: data_cache/kline_cache.h5
01:22:02 [INFO] KlineDownloadService initialized
01:22:02 [INFO] Rate limiter initialized: 1000 req/min
01:22:02 [INFO] BinanceProvider initialized
01:22:02 [INFO] Registered provider: binance (rate_limit=1000/min)
01:22:02 [INFO] KlineStorageManager initialized: data_cache/kline_cache.h5
01:22:02 [INFO] IndicatorEngine initialized
01:22:02 [INFO] ChartDataService initialized with IndicatorEngine
01:22:02 [INFO] OptimizationTaskService initialized
01:22:02 [INFO] Loaded feature registry with 16 entries
01:22:02 [INFO] Loaded feature registry with 16 entries
01:22:02 [INFO] Loaded feature registry with 16 entries
01:22:02 [INFO] Loaded feature registry with 16 entries
01:22:02 [INFO] WebSocketConnectionManager initialized
01:22:02 [INFO] All API routes registered successfully
-------------------------------- live log call ---------------------------------
01:22:02 [INFO] IC config loaded
01:22:02 [INFO] KlineStorageManager initialized: data_cache/feature_klines/kline_cache.h5
01:22:02 [INFO] Read 20352 klines from BTCUSDT/1h in 0.008s
01:22:02 [INFO] Data preprocessing complete: columns=15 fit_mode=pit_expanding oos_guarantees=True
01:22:02 [INFO] Read 20352 klines from BTCUSDT/1h in 0.006s
01:22:02 [WARNING] No preloaded label file (labels_df=None): mainline label will be generated from kline with configured horizon (normal path, not an error)
01:22:03 [INFO] IC autocorr persistent: count=15
01:22:03 [INFO] Read 20352 klines from BTCUSDT/1h in 0.007s
01:22:04 [INFO] Decay: 15/15 fit warnings summarized (insufficient_points=15)
01:22:04 [WARNING] No preloaded label file (labels_df=None): mainline label will be generated from kline with configured horizon (normal path, not an error)
01:22:57 [INFO] IC report saved: /var/folders/_c/3xdf41hd3tvgxpx63mrml2c00000gn/T/la0_b0_sidefx__t5cr734/reports/ic_report_ic_gatekeeper.json
01:22:57 [INFO] IC survivor output saved: /var/folders/_c/3xdf41hd3tvgxpx63mrml2c00000gn/T/la0_b0_sidefx__t5cr734/reports/ic_survivors_ic_gatekeeper.json
01:22:58 [INFO] IC report saved: /var/folders/_c/3xdf41hd3tvgxpx63mrml2c00000gn/T/la0_b0_sidefx__t5cr734/reports/ic_report_ic_gatekeeper.json
FAILED                                                                   [ 53%]
tests/momentum/Analysis/test_ic_1a_cut1_golden.py::test_flag_on_matches_new_golden 
-------------------------------- live log call ---------------------------------
01:23:08 [INFO] IC config loaded
01:23:08 [INFO] KlineStorageManager initialized: data_cache/feature_klines/kline_cache.h5
01:23:08 [INFO] Read 20352 klines from BTCUSDT/1h in 0.009s
01:23:08 [WARNING] No preloaded label file (labels_df=None): mainline label will be generated from kline with configured horizon (normal path, not an error)
01:23:08 [WARNING] No preloaded label file (labels_df=None): mainline label will be generated from kline with configured horizon (normal path, not an error)
01:23:08 [WARNING] IC full-sample fallback triggered: reason=rolling_warmup_insufficient train_rows=1600 test_rows=395 min_test_rows=1517 fit_mode=full_sample
01:23:08 [INFO] Read 20352 klines from BTCUSDT/1h in 0.006s
01:23:08 [INFO] Data preprocessing complete: columns=15 fit_mode=full_sample oos_guarantees=False
01:23:08 [INFO] Read 20352 klines from BTCUSDT/1h in 0.007s
01:23:08 [WARNING] No preloaded label file (labels_df=None): mainline label will be generated from kline with configured horizon (normal path, not an error)
01:23:09 [INFO] IC autocorr persistent: count=15
01:23:09 [INFO] Read 20352 klines from BTCUSDT/1h in 0.006s
01:23:10 [INFO] Decay: 15/15 fit warnings summarized (insufficient_points=15)
01:23:10 [WARNING] No preloaded label file (labels_df=None): mainline label will be generated from kline with configured horizon (normal path, not an error)
01:24:04 [INFO] IC stage6b marginal_ic: status=not_applicable reason=no_survivors survivors=0 removed=0 n_regressions=0 fit_scope=full_sample
01:24:04 [INFO] IC report saved: /var/folders/_c/3xdf41hd3tvgxpx63mrml2c00000gn/T/la0_b0_sidefx__t5cr734/reports/ic_report_ic_gatekeeper.json
01:24:04 [INFO] IC survivor output saved: /var/folders/_c/3xdf41hd3tvgxpx63mrml2c00000gn/T/la0_b0_sidefx__t5cr734/reports/ic_survivors_ic_gatekeeper.json
01:24:04 [INFO] IC report saved: /var/folders/_c/3xdf41hd3tvgxpx63mrml2c00000gn/T/la0_b0_sidefx__t5cr734/reports/ic_report_ic_gatekeeper.json
FAILED                                                                   [ 53%]
tests/momentum/Analysis/test_ic_1a_cut1_leakage.py::test_winsor_bounds_from_train_only PASSED [ 53%]
tests/momentum/Analysis/test_ic_1a_cut1_leakage.py::test_standardize_params_from_train_only PASSED [ 53%]
tests/momentum/Analysis/test_ic_1a_cut1_leakage.py::test_coverage_from_train_only PASSED [ 53%]
tests/momentum/Analysis/test_ic_1a_cut1_leakage.py::test_constant_from_train_only PASSED [ 54%]
tests/momentum/Analysis/test_ic_1a_cut1_leakage.py::test_preprocess_legacy_no_mask_unchanged PASSED [ 54%]
tests/momentum/Analysis/test_ic_1a_cut1_oos.py::test_oos_ic_rolling_warmup 
-------------------------------- live log call ---------------------------------
01:24:15 [WARNING] No preloaded label file (labels_df=None): mainline label will be generated from kline with configured horizon (normal path, not an error)
01:24:15 [INFO] IC autocorr persistent: count=1
PASSED                                                                   [ 54%]
tests/momentum/Analysis/test_ic_1a_cut1_oos.py::test_min_test_rows_skipped 
-------------------------------- live log call ---------------------------------
01:24:15 [WARNING] No preloaded label file (labels_df=None): mainline label will be generated from kline with configured horizon (normal path, not an error)
PASSED                                                                   [ 54%]
tests/momentum/Analysis/test_ic_1a_cut1_oos.py::test_summary_and_threshold_same_scope 
-------------------------------- live log call ---------------------------------
01:24:15 [WARNING] No preloaded label file (labels_df=None): mainline label will be generated from kline with configured horizon (normal path, not an error)
PASSED                                                                   [ 54%]
tests/momentum/Analysis/test_ic_1a_cut1_oos.py::test_stage5_metrics_all_oos 
-------------------------------- live log call ---------------------------------
01:24:15 [WARNING] No preloaded label file (labels_df=None): mainline label will be generated from kline with configured horizon (normal path, not an error)
PASSED                                                                   [ 54%]
tests/momentum/Analysis/test_ic_1a_cut1_oos.py::test_decay_redundancy_scope_test 
-------------------------------- live log call ---------------------------------
01:24:15 [WARNING] No preloaded label file (labels_df=None): mainline label will be generated from kline with configured horizon (normal path, not an error)
01:24:15 [INFO] Redundancy filter completed: method=greedy input=1 output=1
PASSED                                                                   [ 54%]
tests/momentum/Analysis/test_ic_1a_cut1_oos.py::test_purge_label_mutation_does_not_change_test_rolling_ic 
-------------------------------- live log call ---------------------------------
01:24:15 [WARNING] No preloaded label file (labels_df=None): mainline label will be generated from kline with configured horizon (normal path, not an error)
01:24:15 [INFO] IC autocorr persistent: count=1
01:24:15 [INFO] IC autocorr persistent: count=1
PASSED                                                                   [ 54%]
tests/momentum/Analysis/test_ic_1a_cut1_oos.py::test_winsorize_type_branch_uses_train_slice_only 
-------------------------------- live log call ---------------------------------
01:24:15 [WARNING] No preloaded label file (labels_df=None): mainline label will be generated from kline with configured horizon (normal path, not an error)
01:24:15 [INFO] Data preprocessing complete: columns=1 fit_mode=train_mask oos_guarantees=True
01:24:15 [INFO] Data preprocessing complete: columns=1 fit_mode=train_mask oos_guarantees=True
PASSED                                                                   [ 54%]
tests/momentum/Analysis/test_ic_1a_cut1_oos.py::test_holdout_embargo_delays_test_start 
-------------------------------- live log call ---------------------------------
01:24:15 [WARNING] No preloaded label file (labels_df=None): mainline label will be generated from kline with configured horizon (normal path, not an error)
PASSED                                                                   [ 54%]
tests/momentum/Analysis/test_ic_1a_cut1_oos.py::test_flag_toggles_path 
-------------------------------- live log call ---------------------------------
01:24:15 [INFO] Data preprocessing complete: columns=2 fit_mode=pit_expanding oos_guarantees=True
01:24:15 [INFO] Resolved label horizon from labels_df column
01:24:15 [INFO] Resolved label horizon from labels_df column
01:24:15 [WARNING] IC full-sample fallback triggered: reason=rolling_warmup_insufficient train_rows=144 test_rows=31 min_test_rows=1517 fit_mode=full_sample
01:24:15 [INFO] Data preprocessing complete: columns=2 fit_mode=full_sample oos_guarantees=False
01:24:15 [INFO] IC stage6b marginal_ic: status=not_applicable reason=no_survivors survivors=0 removed=0 n_regressions=0 fit_scope=full_sample
FAILED                                                                   [ 54%]
tests/momentum/Analysis/test_ic_1a_cut1_oos.py::test_fallback_insufficient_data_marks_applied_false 
-------------------------------- live log call ---------------------------------
01:24:15 [INFO] Resolved label horizon from labels_df column
01:24:15 [INFO] Resolved label horizon from labels_df column
01:24:15 [WARNING] IC full-sample fallback triggered: reason=insufficient_data train_rows=96 test_rows=19 min_test_rows=131 fit_mode=full_sample
01:24:15 [INFO] Data preprocessing complete: columns=2 fit_mode=full_sample oos_guarantees=False
01:24:15 [WARNING] No preloaded label file (labels_df=None): mainline label will be generated from kline with configured horizon (normal path, not an error)
01:24:15 [INFO] IC stage6b marginal_ic: status=not_applicable reason=no_survivors survivors=0 removed=0 n_regressions=0 fit_scope=full_sample
01:24:15 [INFO] IC report saved: /private/var/folders/_c/3xdf41hd3tvgxpx63mrml2c00000gn/T/pytest-of-louis/pytest-891/ic_redirect0/reports/ic_report_ic_gatekeeper.json
01:24:15 [INFO] IC survivor output saved: /private/var/folders/_c/3xdf41hd3tvgxpx63mrml2c00000gn/T/pytest-of-louis/pytest-891/ic_redirect0/reports/ic_survivors_ic_gatekeeper.json
01:24:15 [INFO] IC report saved: /private/var/folders/_c/3xdf41hd3tvgxpx63mrml2c00000gn/T/pytest-of-louis/pytest-891/ic_redirect0/reports/ic_report_ic_gatekeeper.json
PASSED                                                                   [ 54%]
tests/momentum/Analysis/test_ic_1a_cut1_oos.py::test_irregular_timestamps_still_fail_closed PASSED [ 55%]
tests/momentum/Analysis/test_ic_1a_cut1_oos.py::test_oos_applied_true_when_sufficient 
-------------------------------- live log call ---------------------------------
01:24:15 [INFO] Resolved label horizon from labels_df column
01:24:15 [INFO] Resolved label horizon from labels_df column
01:24:15 [INFO] Data preprocessing complete: columns=2 fit_mode=train_mask oos_guarantees=True
01:24:18 [INFO] IC autocorr persistent: count=2
01:24:24 [INFO] Redundancy filter completed: method=greedy input=2 output=2
01:24:28 [INFO] IC stage6b marginal_ic: status=ok reason=None survivors=2 removed=0 n_regressions=4 fit_scope=train
01:24:28 [INFO] Filtered features saved: /private/var/folders/_c/3xdf41hd3tvgxpx63mrml2c00000gn/T/pytest-of-louis/pytest-891/ic_redirect0/features/BTCUSDT_1h_filtered.h5
01:24:28 [INFO] IC report saved: /private/var/folders/_c/3xdf41hd3tvgxpx63mrml2c00000gn/T/pytest-of-louis/pytest-891/ic_redirect0/reports/ic_report_ic_gatekeeper.json
01:24:28 [INFO] IC survivor output saved: /private/var/folders/_c/3xdf41hd3tvgxpx63mrml2c00000gn/T/pytest-of-louis/pytest-891/ic_redirect0/reports/ic_survivors_ic_gatekeeper.json
01:24:28 [INFO] IC report saved: /private/var/folders/_c/3xdf41hd3tvgxpx63mrml2c00000gn/T/pytest-of-louis/pytest-891/ic_redirect0/reports/ic_report_ic_gatekeeper.json
PASSED                                                                   [ 55%]
tests/momentum/Analysis/test_ic_1a_cut1_oos.py::test_flag_via_config_override 
-------------------------------- live log call ---------------------------------
01:24:28 [INFO] Loaded feature registry with 16 entries
PASSED                                                                   [ 55%]
tests/momentum/Analysis/test_ic_1a_cut1_split.py::test_resolve_expected_freq PASSED [ 55%]
tests/momentum/Analysis/test_ic_1a_cut1_split.py::test_metadata_symbol_required PASSED [ 55%]
tests/momentum/Analysis/test_ic_1a_cut1_split.py::test_metadata_symbol_outside_allowlist_blocked PASSED [ 55%]
tests/momentum/Analysis/test_ic_1a_cut1_split.py::test_icconfig_new_fields_default_off PASSED [ 55%]
tests/momentum/Analysis/test_ic_1a_cut1_split.py::test_analyze_builds_holdout 
-------------------------------- live log call ---------------------------------
01:24:28 [WARNING] No preloaded label file (labels_df=None): mainline label will be generated from kline with configured horizon (normal path, not an error)
PASSED                                                                   [ 55%]
tests/momentum/Analysis/test_ic_1a_cut1_split.py::test_holdout_purge_covers_horizon 
-------------------------------- live log call ---------------------------------
01:24:28 [INFO] Resolved label horizon from labels_df column
01:24:28 [WARNING] No preloaded label file (labels_df=None): mainline label will be generated from kline with configured horizon (normal path, not an error)
01:24:28 [WARNING] No preloaded label file (labels_df=None): mainline label will be generated from kline with configured horizon (normal path, not an error)
PASSED                                                                   [ 55%]
tests/momentum/Analysis/test_ic_1a_cut1_split.py::test_purge_uses_effective_not_default 
-------------------------------- live log call ---------------------------------
01:24:28 [WARNING] No preloaded label file (labels_df=None): mainline label will be generated from kline with configured horizon (normal path, not an error)
01:24:28 [INFO] Resolved label horizon from labels_df column
PASSED                                                                   [ 55%]
tests/momentum/Analysis/test_ic_1a_cut1_split.py::test_analyze_split_gap_blocked 
-------------------------------- live log call ---------------------------------
01:24:28 [WARNING] No preloaded label file (labels_df=None): mainline label will be generated from kline with configured horizon (normal path, not an error)
PASSED                                                                   [ 55%]
tests/momentum/Analysis/test_ic_1a_cut1_split.py::test_split_valid_passes 
-------------------------------- live log call ---------------------------------
01:24:28 [WARNING] No preloaded label file (labels_df=None): mainline label will be generated from kline with configured horizon (normal path, not an error)
PASSED                                                                   [ 56%]
tests/momentum/Analysis/test_ic_1a_cut1_split.py::test_mask_survives_event_filter 
-------------------------------- live log call ---------------------------------
01:24:28 [WARNING] No preloaded label file (labels_df=None): mainline label will be generated from kline with configured horizon (normal path, not an error)
PASSED                                                                   [ 56%]
tests/momentum/Analysis/test_ic_1a_cut1_split.py::test_pipeline_order_split_before_preprocessing 
-------------------------------- live log call ---------------------------------
01:24:28 [INFO] Resolved label horizon from labels_df column
01:24:28 [INFO] Resolved label horizon from labels_df column
01:24:28 [INFO] IC stage6b marginal_ic: status=not_applicable reason=no_survivors survivors=0 removed=0 n_regressions=0 fit_scope=train
PASSED                                                                   [ 56%]
tests/momentum/Analysis/test_ic_1a_cut1_split.py::test_effective_horizon_resolution 
-------------------------------- live log call ---------------------------------
01:24:28 [WARNING] No preloaded label file (labels_df=None): mainline label will be generated from kline with configured horizon (normal path, not an error)
PASSED                                                                   [ 56%]
tests/momentum/Analysis/test_ic_1a_cut1_split.py::test_horizon_resolver_uses_return_column_before_default_m7 
-------------------------------- live log call ---------------------------------
01:24:28 [INFO] Resolved label horizon from labels_df column
01:24:28 [INFO] Resolved label horizon from labels_df column
01:24:28 [INFO] Resolved label horizon from labels_df column
PASSED                                                                   [ 56%]
tests/momentum/Analysis/test_ic_1a_cut1_split.py::test_horizon_resolver_rejects_unconvertible_unit_column PASSED [ 56%]
tests/momentum/Analysis/test_ic_1a_freeze_reuse_guard.py::test_reuse_rejects_h5_value_mutation_with_unchanged_meta[flag_off] PASSED [ 56%]
tests/momentum/Analysis/test_ic_1a_freeze_reuse_guard.py::test_reuse_rejects_h5_value_mutation_with_unchanged_meta[flag_on] PASSED [ 56%]
tests/momentum/Analysis/test_ic_1a_freeze_reuse_guard.py::test_reuse_rejects_selected_features_h5_divergence[flag_off] PASSED [ 56%]
tests/momentum/Analysis/test_ic_1a_freeze_reuse_guard.py::test_reuse_rejects_selected_features_h5_divergence[flag_on] PASSED [ 56%]
tests/momentum/Analysis/test_ic_1a_freeze_reuse_guard.py::test_reuse_rejects_embedded_config_hash_mutation[flag_off] PASSED [ 56%]
tests/momentum/Analysis/test_ic_1a_freeze_reuse_guard.py::test_reuse_rejects_embedded_config_hash_mutation[flag_on] PASSED [ 56%]
tests/momentum/Analysis/test_ic_1a_freeze_reuse_guard.py::test_gate_b_registry_rebuild_matches_pinned_input_sha[flag_off] PASSED [ 57%]
tests/momentum/Analysis/test_ic_1a_freeze_reuse_guard.py::test_gate_b_registry_rebuild_matches_pinned_input_sha[flag_on] PASSED [ 57%]
tests/momentum/Analysis/test_ic_1eb_b5_golden.py::test_g1_fast_btc_12h_f754_invariant SKIPPED [ 57%]
tests/momentum/Analysis/test_ic_1eb_b5_golden.py::test_g1_slow_runs_invariant[event_BTCUSDT_12h_e53e2290] SKIPPED [ 57%]
tests/momentum/Analysis/test_ic_1eb_b5_golden.py::test_g1_slow_runs_invariant[event_lowconf_BTCUSDT_12h_e53e2290] SKIPPED [ 57%]
tests/momentum/Analysis/test_ic_1eb_b5_golden.py::test_g1_slow_runs_invariant[full_BTCUSDT_12h_e53e2290] SKIPPED [ 57%]
tests/momentum/Analysis/test_ic_1eb_b5_golden.py::test_g1_slow_runs_invariant[long_BCHUSDT_12h_e53e2290] SKIPPED [ 57%]
tests/momentum/Analysis/test_ic_1eb_b5_golden.py::test_g1_slow_runs_invariant[long_BCHUSDT_12h_f754aad4] SKIPPED [ 57%]
tests/momentum/Analysis/test_ic_1eb_b5_golden.py::test_g1_slow_runs_invariant[long_BCHUSDT_1h_4a8a0b37] SKIPPED [ 57%]
tests/momentum/Analysis/test_ic_1eb_b5_golden.py::test_g1_slow_runs_invariant[long_BTCUSDT_12h_e53e2290] SKIPPED [ 57%]
tests/momentum/Analysis/test_ic_1eb_b5_golden.py::test_g1_slow_runs_invariant[long_BTCUSDT_1h_4a8a0b37] SKIPPED [ 57%]
tests/momentum/Analysis/test_ic_1eb_b5_golden.py::test_g1_slow_runs_invariant[long_ETHUSDT_12h_e53e2290] SKIPPED [ 58%]
tests/momentum/Analysis/test_ic_1eb_b5_golden.py::test_g1_slow_runs_invariant[long_ETHUSDT_12h_f754aad4] SKIPPED [ 58%]
tests/momentum/Analysis/test_ic_1eb_b5_golden.py::test_g1_slow_runs_invariant[long_ETHUSDT_1h_4a8a0b37] SKIPPED [ 58%]
tests/momentum/Analysis/test_ic_1eb_b5_golden.py::test_g1_slow_runs_invariant[xsec_3sym_12h_e53e2290] SKIPPED [ 58%]
tests/momentum/Analysis/test_ic_1eb_b5_golden.py::test_g1_manifest_covers_13_runs SKIPPED [ 58%]
tests/momentum/Analysis/test_ic_1eb_b5_golden.py::test_g3_sample_insufficient_p_nan_gate 
-------------------------------- live log call ---------------------------------
01:24:28 [INFO] IC config loaded
PASSED                                                                   [ 58%]
tests/momentum/Analysis/test_ic_1eb_b5_golden.py::test_g3_all_nan_and_std0_p_nan 
-------------------------------- live log call ---------------------------------
01:24:28 [INFO] IC config loaded
01:24:29 [INFO] IC config loaded
PASSED                                                                   [ 58%]
tests/momentum/Analysis/test_ic_1eb_b5_golden.py::test_g3_selection_scope_contract_raise PASSED [ 58%]
tests/momentum/Analysis/test_ic_1eb_b5_golden.py::test_g3_xsec_labels_path_still_raises SKIPPED [ 58%]
tests/momentum/Analysis/test_ic_api_real_kline_pit.py::test_feature_shift_negative_one_fails_self_test 
-------------------------------- live log setup --------------------------------
01:24:29 [INFO] KlineStorageManager initialized: data_cache/feature_klines/kline_cache.h5
01:24:29 [INFO] Read 1696 klines from ETHUSDT/12h in 0.003s
PASSED                                                                   [ 58%]
tests/momentum/Analysis/test_ic_api_real_kline_pit.py::test_backward_label_fails_self_test PASSED [ 58%]
tests/momentum/Analysis/test_ic_artifact.py::test_artifact_roundtrip 
-------------------------------- live log call ---------------------------------
01:24:29 [INFO] IC artifact written: path=/private/var/folders/_c/3xdf41hd3tvgxpx63mrml2c00000gn/T/pytest-of-louis/pytest-891/test_artifact_roundtrip0/ic_artifact.parquet rows=4
PASSED                                                                   [ 59%]
tests/momentum/Analysis/test_ic_artifact.py::test_artifact_filter_no_full_load 
-------------------------------- live log call ---------------------------------
01:24:29 [INFO] IC artifact written: path=/private/var/folders/_c/3xdf41hd3tvgxpx63mrml2c00000gn/T/pytest-of-louis/pytest-891/test_artifact_filter_no_full_l0/small.parquet rows=20000
01:24:30 [INFO] IC artifact written: path=/private/var/folders/_c/3xdf41hd3tvgxpx63mrml2c00000gn/T/pytest-of-louis/pytest-891/test_artifact_filter_no_full_l0/large.parquet rows=40000
PASSED                                                                   [ 59%]
tests/momentum/Analysis/test_ic_artifact.py::test_artifact_atomic PASSED [ 59%]
tests/momentum/Analysis/test_ic_artifact.py::test_build_rows_single_horizon PASSED [ 59%]
tests/momentum/Analysis/test_ic_data_cache_hermetic.py::test_mutation_redirect_disabled_caught PASSED [ 59%]
tests/momentum/Analysis/test_ic_persist_redirect_golden_ab.py::test_golden_redirect_on_off_sha256 
-------------------------------- live log call ---------------------------------
01:24:30 [INFO] IC config loaded
01:24:30 [INFO] KlineStorageManager initialized: data_cache/feature_klines/kline_cache.h5
01:24:30 [INFO] Read 20352 klines from BTCUSDT/1h in 0.007s
01:24:30 [WARNING] No preloaded label file (labels_df=None): mainline label will be generated from kline with configured horizon (normal path, not an error)
01:24:30 [WARNING] No preloaded label file (labels_df=None): mainline label will be generated from kline with configured horizon (normal path, not an error)
01:24:30 [WARNING] IC full-sample fallback triggered: reason=rolling_warmup_insufficient train_rows=1600 test_rows=395 min_test_rows=1517 fit_mode=full_sample
01:24:30 [INFO] Read 20352 klines from BTCUSDT/1h in 0.006s
01:24:30 [INFO] Data preprocessing complete: columns=15 fit_mode=full_sample oos_guarantees=False
01:24:30 [INFO] Read 20352 klines from BTCUSDT/1h in 0.006s
01:24:30 [WARNING] No preloaded label file (labels_df=None): mainline label will be generated from kline with configured horizon (normal path, not an error)
01:24:31 [INFO] IC autocorr persistent: count=15
01:24:31 [INFO] Read 20352 klines from BTCUSDT/1h in 0.007s
01:24:31 [INFO] Decay: 15/15 fit warnings summarized (insufficient_points=15)
01:24:32 [WARNING] No preloaded label file (labels_df=None): mainline label will be generated from kline with configured horizon (normal path, not an error)
01:25:25 [INFO] IC stage6b marginal_ic: status=not_applicable reason=no_survivors survivors=0 removed=0 n_regressions=0 fit_scope=full_sample
01:25:26 [INFO] IC report saved: /var/folders/_c/3xdf41hd3tvgxpx63mrml2c00000gn/T/la0_b0_sidefx__t5cr734/reports/ic_report_ic_gatekeeper.json
01:25:26 [INFO] IC survivor output saved: /var/folders/_c/3xdf41hd3tvgxpx63mrml2c00000gn/T/la0_b0_sidefx__t5cr734/reports/ic_survivors_ic_gatekeeper.json
01:25:26 [INFO] IC report saved: /var/folders/_c/3xdf41hd3tvgxpx63mrml2c00000gn/T/la0_b0_sidefx__t5cr734/reports/ic_report_ic_gatekeeper.json
01:25:36 [INFO] IC config loaded
01:25:36 [INFO] KlineStorageManager initialized: data_cache/feature_klines/kline_cache.h5
01:25:36 [INFO] Read 20352 klines from BTCUSDT/1h in 0.011s
01:25:36 [WARNING] No preloaded label file (labels_df=None): mainline label will be generated from kline with configured horizon (normal path, not an error)
01:25:36 [WARNING] No preloaded label file (labels_df=None): mainline label will be generated from kline with configured horizon (normal path, not an error)
01:25:36 [WARNING] IC full-sample fallback triggered: reason=rolling_warmup_insufficient train_rows=1600 test_rows=395 min_test_rows=1517 fit_mode=full_sample
01:25:36 [INFO] Read 20352 klines from BTCUSDT/1h in 0.006s
01:25:36 [INFO] Data preprocessing complete: columns=15 fit_mode=full_sample oos_guarantees=False
01:25:36 [INFO] Read 20352 klines from BTCUSDT/1h in 0.006s
01:25:36 [WARNING] No preloaded label file (labels_df=None): mainline label will be generated from kline with configured horizon (normal path, not an error)
01:25:37 [INFO] IC autocorr persistent: count=15
01:25:37 [INFO] Read 20352 klines from BTCUSDT/1h in 0.006s
01:25:38 [INFO] Decay: 15/15 fit warnings summarized (insufficient_points=15)
01:25:38 [WARNING] No preloaded label file (labels_df=None): mainline label will be generated from kline with configured horizon (normal path, not an error)
01:26:32 [INFO] IC stage6b marginal_ic: status=not_applicable reason=no_survivors survivors=0 removed=0 n_regressions=0 fit_scope=full_sample
01:26:32 [INFO] IC report saved: /var/folders/_c/3xdf41hd3tvgxpx63mrml2c00000gn/T/la0_b0_sidefx__t5cr734/reports/ic_report_ic_gatekeeper.json
01:26:32 [INFO] IC survivor output saved: /var/folders/_c/3xdf41hd3tvgxpx63mrml2c00000gn/T/la0_b0_sidefx__t5cr734/reports/ic_survivors_ic_gatekeeper.json
01:26:32 [INFO] IC report saved: /var/folders/_c/3xdf41hd3tvgxpx63mrml2c00000gn/T/la0_b0_sidefx__t5cr734/reports/ic_report_ic_gatekeeper.json
01:27:11 [INFO] IC config loaded
01:27:11 [INFO] KlineStorageManager initialized: data_cache/feature_klines/kline_cache.h5
01:27:11 [INFO] Read 20352 klines from BTCUSDT/1h in 0.015s
01:27:11 [WARNING] No preloaded label file (labels_df=None): mainline label will be generated from kline with configured horizon (normal path, not an error)
01:27:11 [WARNING] No preloaded label file (labels_df=None): mainline label will be generated from kline with configured horizon (normal path, not an error)
01:27:11 [WARNING] IC full-sample fallback triggered: reason=rolling_warmup_insufficient train_rows=1600 test_rows=395 min_test_rows=1517 fit_mode=full_sample
01:27:11 [INFO] Read 20352 klines from BTCUSDT/1h in 0.006s
01:27:11 [INFO] Data preprocessing complete: columns=15 fit_mode=full_sample oos_guarantees=False
01:27:11 [INFO] Read 20352 klines from BTCUSDT/1h in 0.006s
01:27:11 [WARNING] No preloaded label file (labels_df=None): mainline label will be generated from kline with configured horizon (normal path, not an error)
01:27:12 [INFO] IC autocorr persistent: count=15
01:27:12 [INFO] Read 20352 klines from BTCUSDT/1h in 0.006s
01:27:13 [INFO] Decay: 15/15 fit warnings summarized (insufficient_points=15)
01:27:13 [WARNING] No preloaded label file (labels_df=None): mainline label will be generated from kline with configured horizon (normal path, not an error)
01:28:07 [INFO] IC stage6b marginal_ic: status=not_applicable reason=no_survivors survivors=0 removed=0 n_regressions=0 fit_scope=full_sample
01:28:07 [INFO] IC report saved: /var/folders/_c/3xdf41hd3tvgxpx63mrml2c00000gn/T/la0_b0_sidefx__t5cr734/reports/ic_report_ic_gatekeeper.json
01:28:07 [INFO] IC survivor output saved: /var/folders/_c/3xdf41hd3tvgxpx63mrml2c00000gn/T/la0_b0_sidefx__t5cr734/reports/ic_survivors_ic_gatekeeper.json
01:28:07 [INFO] IC report saved: /var/folders/_c/3xdf41hd3tvgxpx63mrml2c00000gn/T/la0_b0_sidefx__t5cr734/reports/ic_report_ic_gatekeeper.json
FAILED                                                                   [ 59%]
tests/momentum/Analysis/test_ic_persist_redirect_inventory.py::test_redirect_files_have_static_marker_contract PASSED [ 59%]
tests/momentum/Analysis/test_ic_persist_redirect_inventory.py::test_function_only_marker_contracts PASSED [ 59%]
tests/momentum/Analysis/test_ic_persist_redirect_inventory.py::test_s9_s11_helpers_are_not_bypassed PASSED [ 59%]
tests/momentum/Analysis/test_ic_persist_redirect_inventory.py::test_sixteen_caller_inventory_is_complete FAILED [ 59%]
tests/momentum/Analysis/test_ic_persist_redirect_isolation.py::test_non_opt_in_subprocesses_never_activate PASSED [ 59%]
tests/momentum/Analysis/test_ic_persist_redirect_isolation.py::test_all_seam_probes_stay_under_root[S1] PASSED [ 59%]
tests/momentum/Analysis/test_ic_persist_redirect_isolation.py::test_all_seam_probes_stay_under_root[S2] PASSED [ 60%]
tests/momentum/Analysis/test_ic_persist_redirect_isolation.py::test_all_seam_probes_stay_under_root[S3] PASSED [ 60%]
tests/momentum/Analysis/test_ic_persist_redirect_isolation.py::test_all_seam_probes_stay_under_root[S4] PASSED [ 60%]
tests/momentum/Analysis/test_ic_persist_redirect_isolation.py::test_all_seam_probes_stay_under_root[S5] PASSED [ 60%]
tests/momentum/Analysis/test_ic_persist_redirect_isolation.py::test_all_seam_probes_stay_under_root[S6] PASSED [ 60%]
tests/momentum/Analysis/test_ic_persist_redirect_isolation.py::test_all_seam_probes_stay_under_root[S7] PASSED [ 60%]
tests/momentum/Analysis/test_ic_persist_redirect_isolation.py::test_all_seam_probes_stay_under_root[S8] PASSED [ 60%]
tests/momentum/Analysis/test_ic_persist_redirect_isolation.py::test_all_seam_probes_stay_under_root[S9] PASSED [ 60%]
tests/momentum/Analysis/test_ic_persist_redirect_isolation.py::test_all_seam_probes_stay_under_root[S10] PASSED [ 60%]
tests/momentum/Analysis/test_ic_persist_redirect_isolation.py::test_all_seam_probes_stay_under_root[S11] PASSED [ 60%]
tests/momentum/Analysis/test_ic_persist_redirect_unit.py::test_seam_probe_redirect_only[S1] PASSED [ 60%]
tests/momentum/Analysis/test_ic_persist_redirect_unit.py::test_seam_probe_redirect_only[S2] PASSED [ 61%]
tests/momentum/Analysis/test_ic_persist_redirect_unit.py::test_seam_probe_redirect_only[S3] PASSED [ 61%]
tests/momentum/Analysis/test_ic_persist_redirect_unit.py::test_seam_probe_redirect_only[S4] PASSED [ 61%]
tests/momentum/Analysis/test_ic_persist_redirect_unit.py::test_seam_probe_redirect_only[S5] PASSED [ 61%]
tests/momentum/Analysis/test_ic_persist_redirect_unit.py::test_seam_probe_redirect_only[S6] PASSED [ 61%]
tests/momentum/Analysis/test_ic_persist_redirect_unit.py::test_seam_probe_redirect_only[S7] PASSED [ 61%]
tests/momentum/Analysis/test_ic_persist_redirect_unit.py::test_seam_probe_redirect_only[S8] PASSED [ 61%]
tests/momentum/Analysis/test_ic_persist_redirect_unit.py::test_seam_probe_redirect_only[S9] PASSED [ 61%]
tests/momentum/Analysis/test_ic_persist_redirect_unit.py::test_seam_probe_redirect_only[S10] PASSED [ 61%]
tests/momentum/Analysis/test_ic_persist_redirect_unit.py::test_seam_probe_redirect_only[S11] PASSED [ 61%]
tests/momentum/Analysis/test_ic_persist_redirect_unit.py::test_missing_target_refuses_activate[S1] PASSED [ 61%]
tests/momentum/Analysis/test_ic_persist_redirect_unit.py::test_missing_target_refuses_activate[S2] PASSED [ 62%]
tests/momentum/Analysis/test_ic_persist_redirect_unit.py::test_missing_target_refuses_activate[S3] PASSED [ 62%]
tests/momentum/Analysis/test_ic_persist_redirect_unit.py::test_missing_target_refuses_activate[S4] PASSED [ 62%]
tests/momentum/Analysis/test_ic_persist_redirect_unit.py::test_missing_target_refuses_activate[S5] PASSED [ 62%]
tests/momentum/Analysis/test_ic_persist_redirect_unit.py::test_missing_target_refuses_activate[S6] PASSED [ 62%]
tests/momentum/Analysis/test_ic_persist_redirect_unit.py::test_missing_target_refuses_activate[S7] PASSED [ 62%]
tests/momentum/Analysis/test_ic_persist_redirect_unit.py::test_missing_target_refuses_activate[S8] PASSED [ 62%]
tests/momentum/Analysis/test_ic_persist_redirect_unit.py::test_missing_target_refuses_activate[S9] PASSED [ 62%]
tests/momentum/Analysis/test_ic_persist_redirect_unit.py::test_missing_target_refuses_activate[S10] PASSED [ 62%]
tests/momentum/Analysis/test_ic_persist_redirect_unit.py::test_missing_target_refuses_activate[S11] PASSED [ 62%]
tests/momentum/Analysis/test_ic_persist_redirect_unit.py::test_missing_subtarget_refuses_activate[S1-0-momentum.Analysis.ic_filter_orchestrator.ICFilterOrchestrator-_resolve_filtered_path] PASSED [ 62%]
tests/momentum/Analysis/test_ic_persist_redirect_unit.py::test_missing_subtarget_refuses_activate[S2-0-momentum.Analysis.ic_reporter.ICReporter-save_report] PASSED [ 62%]
tests/momentum/Analysis/test_ic_persist_redirect_unit.py::test_missing_subtarget_refuses_activate[S10-0-momentum.Analysis.lightgbm_analyzer.LightGBMAnalyzer-_resolve_model_path] PASSED [ 63%]
tests/momentum/Analysis/test_ic_persist_redirect_unit.py::test_missing_target_after_install_refuses_activate PASSED [ 63%]
tests/momentum/Analysis/test_ic_persist_redirect_unit.py::test_installer_mid_fail_rollback PASSED [ 63%]
tests/momentum/Analysis/test_ic_persist_redirect_unit.py::test_manifest_extra_or_missing_id[missing] PASSED [ 63%]
tests/momentum/Analysis/test_ic_persist_redirect_unit.py::test_manifest_extra_or_missing_id[extra] PASSED [ 63%]
tests/momentum/Analysis/test_ic_persist_redirect_unit.py::test_manifest_extra_or_missing_id[empty_installer] PASSED [ 63%]
tests/momentum/Analysis/test_ic_persist_redirect_unit.py::test_manifest_extra_or_missing_id[empty_probe] PASSED [ 63%]
tests/momentum/Analysis/test_ic_persist_redirect_unit.py::test_s1_orchestrator_report_literals_redirect FAILED [ 63%]
tests/momentum/Analysis/test_ic_persist_redirect_unit.py::test_to_thread_polluter_writes_under_redirect FAILED [ 63%]
tests/momentum/Analysis/test_ic_persist_redirect_unit.py::test_non_opt_in_not_redirected PASSED [ 63%]
tests/momentum/Analysis/test_ic_persist_redirect_unit.py::test_nested_activate_rejected PASSED [ 63%]
tests/momentum/Analysis/test_ic_persist_redirect_unit.py::test_mutation_disable_redirect_internal PASSED [ 64%]
tests/momentum/Analysis/test_ic_split_adapter.py::test_adapter_wraps_cpcv PASSED [ 64%]
tests/momentum/Analysis/test_ic_split_adapter.py::test_adapter_wraps_wf PASSED [ 64%]
tests/momentum/Analysis/test_ic_split_adapter.py::test_l5_wf_cross_fold_embargo_violation_raises PASSED [ 64%]
tests/momentum/Analysis/test_ic_split_adapter.py::test_adapter_detects_embargo_relaxation 
-------------------------------- live log call ---------------------------------
01:29:15 [WARNING] CombinatorialPurgedCV: embargo 清空訓練集，自動降低 embargo
01:29:15 [ERROR] CPCV embargo mismatch for BTCUSDT fold 0: returned=2 expected=0 extra=[58, 59]
PASSED                                                                   [ 64%]
tests/momentum/Analysis/test_ic_split_adapter.py::test_l6_cpcv_test_boundaries_rebuilt_independently PASSED [ 64%]
tests/momentum/Analysis/test_ichc_capacity_contract.py::TestCapacityUnknownContract::test_no_adv_is_unknown PASSED [ 64%]
tests/momentum/Analysis/test_ichc_capacity_contract.py::TestCapacityUnknownContract::test_zero_adv_is_unknown PASSED [ 64%]
tests/momentum/Analysis/test_ichc_capacity_contract.py::TestCapacityUnknownContract::test_negative_adv_is_unknown PASSED [ 64%]
tests/momentum/Analysis/test_ichc_capacity_contract.py::TestCapacityUnknownContract::test_normal_adv_computes_tier PASSED [ 64%]
tests/momentum/Analysis/test_ichc_capacity_contract.py::TestCapacityUnknownContract::test_unknown_never_in_tradable_tiers PASSED [ 64%]
tests/momentum/Analysis/test_ichc_config_compat.py::TestRemovedKeys::test_schema_no_longer_has_dead_fields PASSED [ 64%]
tests/momentum/Analysis/test_ichc_config_compat.py::TestRemovedKeys::test_old_config_with_removed_keys_loads_with_warning 
-------------------------------- live log call ---------------------------------
01:29:15 [WARNING] ICHC-REMOVED-KEY: config key performance.max_features_for_correlation 已移除（死配置，零 consumer）；該值將被忽略，請自 config 清除
01:29:15 [WARNING] ICHC-REMOVED-KEY: config key shapley 已移除（死配置，零 consumer）；該值將被忽略，請自 config 清除
01:29:15 [INFO] IC config loaded
PASSED                                                                   [ 65%]
tests/momentum/Analysis/test_ichc_config_compat.py::TestRemovedKeys::test_unknown_non_removed_key_still_ignored_silently 
-------------------------------- live log call ---------------------------------
01:29:15 [INFO] IC config loaded
PASSED                                                                   [ 65%]
tests/momentum/Analysis/test_ichc_config_compat.py::TestRemovedKeys::test_clean_config_no_warning 
-------------------------------- live log call ---------------------------------
01:29:15 [INFO] IC config loaded
PASSED                                                                   [ 65%]
tests/momentum/Analysis/test_ichc_contract_load.py::TestT1aLoad::test_contract_loads_and_has_required_nodes PASSED [ 65%]
tests/momentum/Analysis/test_ichc_contract_load.py::TestT1aLoad::test_contract_enum_returns_frozenset PASSED [ 65%]
tests/momentum/Analysis/test_ichc_contract_load.py::TestT1aLoad::test_contract_enum_unknown_node_raises PASSED [ 65%]
tests/momentum/Analysis/test_ichc_contract_load.py::TestT1bValidator::test_unknown_status_value_raises PASSED [ 65%]
tests/momentum/Analysis/test_ichc_contract_load.py::TestT1bValidator::test_non_ok_status_without_reason_raises PASSED [ 65%]
tests/momentum/Analysis/test_ichc_contract_load.py::TestT1bValidator::test_quantile_payload_missing_required_keys_raises PASSED [ 65%]
tests/momentum/Analysis/test_ichc_contract_load.py::TestT1bValidator::test_valid_status_object_passes PASSED [ 65%]
tests/momentum/Analysis/test_ichc_contract_load.py::TestT1bValidator::test_complete_quantile_payload_passes PASSED [ 65%]
tests/momentum/Analysis/test_ichc_contract_load.py::TestT1bValidator::test_legacy_empty_dict_tolerated PASSED [ 66%]
tests/momentum/Analysis/test_ichc_contract_load.py::TestT1bValidator::test_non_dict_report_raises PASSED [ 66%]
tests/momentum/Analysis/test_ichc_contract_load.py::TestT1cBadFile::test_bad_json_raises PASSED [ 66%]
tests/momentum/Analysis/test_ichc_contract_load.py::TestT1cBadFile::test_missing_file_raises PASSED [ 66%]
tests/momentum/Analysis/test_ichc_contract_sync.py::TestThreeWaySync::test_capability_status_sets_equal PASSED [ 66%]
tests/momentum/Analysis/test_ichc_contract_sync.py::TestThreeWaySync::test_r6_wider_contract_nodes_consistent FAILED [ 66%]
tests/momentum/Analysis/test_ichc_contract_sync.py::TestThreeWaySync::test_m6_tamper_one_side_breaks PASSED [ 66%]
tests/momentum/Analysis/test_ichc_contract_sync.py::TestThreeWaySync::test_comment_lines_ignored_by_parser PASSED [ 66%]
tests/momentum/Analysis/test_ichc_contract_sync.py::TestThreeWaySync::test_empty_schema_enum_would_fail PASSED [ 66%]
tests/momentum/Analysis/test_ichc_event_honesty.py::TestResolverUnit::test_event_fallback_forces_degraded_even_with_holdout_applied PASSED [ 66%]
tests/momentum/Analysis/test_ichc_event_honesty.py::TestResolverUnit::test_no_event_fallback_keeps_holdout_ok PASSED [ 66%]
tests/momentum/Analysis/test_ichc_event_honesty.py::TestResolverUnit::test_event_filter_without_fallback_not_degrading PASSED [ 67%]
tests/momentum/Analysis/test_ichc_event_honesty.py::TestHoldoutOnInsufficientFullPath::test_root_is_degraded 
-------------------------------- live log setup --------------------------------
01:29:15 [INFO] IC config loaded
01:29:15 [INFO] KlineStorageManager initialized: data_cache/feature_klines/kline_cache.h5
01:29:15 [INFO] Read 1696 klines from ETHUSDT/12h in 0.004s
01:29:15 [WARNING] No preloaded label file (labels_df=None): mainline label will be generated from kline with configured horizon (normal path, not an error)
01:29:15 [WARNING] No preloaded label file (labels_df=None): mainline label will be generated from kline with configured horizon (normal path, not an error)
01:29:15 [INFO] Data preprocessing complete: columns=14 fit_mode=train_mask oos_guarantees=True
01:29:15 [INFO] Read 1696 klines from ETHUSDT/12h in 0.002s
01:29:15 [WARNING] No preloaded label file (labels_df=None): mainline label will be generated from kline with configured horizon (normal path, not an error)
01:29:15 [INFO] Read 1696 klines from ETHUSDT/12h in 0.002s
01:29:15 [WARNING] Insufficient events: n=10
01:29:15 [INFO] IC autocorr persistent: count=14
01:29:15 [INFO] Read 1696 klines from ETHUSDT/12h in 0.002s
01:29:15 [INFO] Decay: 4/14 fit warnings summarized (low_r2=4)
01:29:21 [INFO] Redundancy filter completed: method=greedy input=2 output=2
01:29:24 [INFO] IC stage6b marginal_ic: status=ok reason=None survivors=2 removed=0 n_regressions=4 fit_scope=train
01:29:24 [INFO] Filtered features saved: /var/folders/_c/3xdf41hd3tvgxpx63mrml2c00000gn/T/ichc_b4_sidefx_v0gborj3/features/ETHUSDT_12h_filtered.h5
01:29:24 [INFO] IC report saved: /var/folders/_c/3xdf41hd3tvgxpx63mrml2c00000gn/T/ichc_b4_sidefx_v0gborj3/reports/ic_report_ic_gatekeeper.json
01:29:24 [INFO] IC survivor output saved: /var/folders/_c/3xdf41hd3tvgxpx63mrml2c00000gn/T/ichc_b4_sidefx_v0gborj3/reports/ic_survivors_ic_gatekeeper.json
01:29:24 [INFO] IC report saved: /var/folders/_c/3xdf41hd3tvgxpx63mrml2c00000gn/T/ichc_b4_sidefx_v0gborj3/reports/ic_report_ic_gatekeeper.json
PASSED                                                                   [ 67%]
tests/momentum/Analysis/test_ichc_event_honesty.py::TestHoldoutOnInsufficientFullPath::test_metadata_event_filter_loud PASSED [ 67%]
tests/momentum/Analysis/test_ichc_p2_export_matrix.py::TestExportMatrix::test_report_quantile_is_flat_contract_shape PASSED [ 67%]
tests/momentum/Analysis/test_ichc_p2_export_matrix.py::TestExportMatrix::test_raw_json_export_preserves_flat_shape PASSED [ 67%]
tests/momentum/Analysis/test_ichc_p2_export_matrix.py::TestExportMatrix::test_summary_csv_long_short_spread_has_value PASSED [ 67%]
tests/momentum/Analysis/test_ichc_p2_export_matrix.py::TestExportMatrix::test_save_report_roundtrip_flat 
-------------------------------- live log call ---------------------------------
01:29:24 [INFO] IC report saved: /private/var/folders/_c/3xdf41hd3tvgxpx63mrml2c00000gn/T/pytest-of-louis/pytest-891/test_save_report_roundtrip_fla0/ic_report_ichc_matrix.json
PASSED                                                                   [ 67%]
tests/momentum/Analysis/test_ichc_p2_golden.py::TestTG1Golden::test_feature_set_and_config_exact 
-------------------------------- live log setup --------------------------------
01:29:24 [INFO] IC config loaded
01:29:24 [INFO] KlineStorageManager initialized: data_cache/feature_klines/kline_cache.h5
01:29:24 [INFO] Read 1696 klines from ETHUSDT/12h in 0.002s
01:29:24 [WARNING] No preloaded label file (labels_df=None): mainline label will be generated from kline with configured horizon (normal path, not an error)
01:29:24 [WARNING] No preloaded label file (labels_df=None): mainline label will be generated from kline with configured horizon (normal path, not an error)
01:29:25 [INFO] Data preprocessing complete: columns=14 fit_mode=train_mask oos_guarantees=True
01:29:25 [INFO] Read 1696 klines from ETHUSDT/12h in 0.002s
01:29:25 [WARNING] No preloaded label file (labels_df=None): mainline label will be generated from kline with configured horizon (normal path, not an error)
01:29:25 [INFO] IC autocorr persistent: count=14
01:29:25 [INFO] Read 1696 klines from ETHUSDT/12h in 0.002s
01:29:25 [INFO] Decay: 4/14 fit warnings summarized (low_r2=4)
01:29:31 [INFO] Redundancy filter completed: method=greedy input=2 output=2
01:29:34 [INFO] IC stage6b marginal_ic: status=ok reason=None survivors=2 removed=0 n_regressions=4 fit_scope=train
01:29:34 [INFO] Filtered features saved: /var/folders/_c/3xdf41hd3tvgxpx63mrml2c00000gn/T/ichc_golden_sidefx_8b_t86_a/features/ETHUSDT_12h_filtered.h5
01:29:34 [INFO] IC report saved: /var/folders/_c/3xdf41hd3tvgxpx63mrml2c00000gn/T/ichc_golden_sidefx_8b_t86_a/reports/ic_report_ic_gatekeeper.json
01:29:34 [INFO] IC survivor output saved: /var/folders/_c/3xdf41hd3tvgxpx63mrml2c00000gn/T/ichc_golden_sidefx_8b_t86_a/reports/ic_survivors_ic_gatekeeper.json
01:29:34 [INFO] IC report saved: /var/folders/_c/3xdf41hd3tvgxpx63mrml2c00000gn/T/ichc_golden_sidefx_8b_t86_a/reports/ic_report_ic_gatekeeper.json
FAILED                                                                   [ 67%]
tests/momentum/Analysis/test_ichc_p2_golden.py::TestTG1Golden::test_per_feature_canonical_exact PASSED [ 67%]
tests/momentum/Analysis/test_ichc_p2_golden.py::TestFlattenUnit::test_nested_payload_lifts_to_root PASSED [ 67%]
tests/momentum/Analysis/test_ichc_p2_golden.py::TestFlattenUnit::test_already_flat_passes_through PASSED [ 67%]
tests/momentum/Analysis/test_ichc_p2_golden.py::TestFlattenUnit::test_status_object_passes_through PASSED [ 67%]
tests/momentum/Analysis/test_ichc_p2_golden.py::TestFlattenUnit::test_m1_mutation_probe_key_rename_breaks_golden_shape PASSED [ 68%]
tests/momentum/Analysis/test_ichc_split_metadata.py::TestSplitMethodMetadata::test_split_method_is_holdout_on_default_path 
-------------------------------- live log setup --------------------------------
01:29:34 [INFO] IC config loaded
01:29:34 [INFO] KlineStorageManager initialized: data_cache/feature_klines/kline_cache.h5
01:29:34 [INFO] Read 1696 klines from ETHUSDT/12h in 0.002s
01:29:34 [WARNING] No preloaded label file (labels_df=None): mainline label will be generated from kline with configured horizon (normal path, not an error)
01:29:34 [WARNING] No preloaded label file (labels_df=None): mainline label will be generated from kline with configured horizon (normal path, not an error)
01:29:34 [INFO] Data preprocessing complete: columns=14 fit_mode=train_mask oos_guarantees=True
01:29:34 [INFO] Read 1696 klines from ETHUSDT/12h in 0.002s
01:29:34 [WARNING] No preloaded label file (labels_df=None): mainline label will be generated from kline with configured horizon (normal path, not an error)
01:29:34 [INFO] IC autocorr persistent: count=14
01:29:34 [INFO] Read 1696 klines from ETHUSDT/12h in 0.002s
01:29:34 [INFO] Decay: 4/14 fit warnings summarized (low_r2=4)
01:29:40 [INFO] Redundancy filter completed: method=greedy input=2 output=2
01:29:44 [INFO] IC stage6b marginal_ic: status=ok reason=None survivors=2 removed=0 n_regressions=4 fit_scope=train
01:29:44 [INFO] Filtered features saved: /var/folders/_c/3xdf41hd3tvgxpx63mrml2c00000gn/T/ichc_b4_sidefx_vrp5ffbk/features/ETHUSDT_12h_filtered.h5
01:29:44 [INFO] IC report saved: /var/folders/_c/3xdf41hd3tvgxpx63mrml2c00000gn/T/ichc_b4_sidefx_vrp5ffbk/reports/ic_report_ic_gatekeeper.json
01:29:44 [INFO] IC survivor output saved: /var/folders/_c/3xdf41hd3tvgxpx63mrml2c00000gn/T/ichc_b4_sidefx_vrp5ffbk/reports/ic_survivors_ic_gatekeeper.json
01:29:44 [INFO] IC report saved: /var/folders/_c/3xdf41hd3tvgxpx63mrml2c00000gn/T/ichc_b4_sidefx_vrp5ffbk/reports/ic_report_ic_gatekeeper.json
PASSED                                                                   [ 68%]
tests/momentum/Analysis/test_ichc_split_metadata.py::TestSplitMethodMetadata::test_value_in_contract_enum PASSED [ 68%]
tests/momentum/Analysis/test_ichc_split_metadata.py::TestSplitMethodMetadata::test_fallback_marks_full_sample 
-------------------------------- live log call ---------------------------------
01:29:44 [INFO] IC config loaded
01:29:44 [INFO] KlineStorageManager initialized: data_cache/feature_klines/kline_cache.h5
01:29:44 [INFO] Read 1696 klines from ETHUSDT/12h in 0.003s
01:29:44 [WARNING] No preloaded label file (labels_df=None): mainline label will be generated from kline with configured horizon (normal path, not an error)
01:29:44 [WARNING] No preloaded label file (labels_df=None): mainline label will be generated from kline with configured horizon (normal path, not an error)
01:29:44 [INFO] Data preprocessing complete: columns=14 fit_mode=train_mask oos_guarantees=True
01:29:44 [INFO] Read 1696 klines from ETHUSDT/12h in 0.002s
01:29:44 [WARNING] No preloaded label file (labels_df=None): mainline label will be generated from kline with configured horizon (normal path, not an error)
01:29:44 [INFO] Read 1696 klines from ETHUSDT/12h in 0.002s
01:29:44 [WARNING] IC full-sample fallback triggered: reason=rolling_warmup_insufficient train_rows=333 test_rows=66 min_test_rows=131 fit_mode=full_sample
01:29:44 [INFO] Read 1696 klines from ETHUSDT/12h in 0.002s
01:29:44 [INFO] Data preprocessing complete: columns=14 fit_mode=full_sample oos_guarantees=False
01:29:44 [INFO] Read 1696 klines from ETHUSDT/12h in 0.002s
01:29:44 [WARNING] No preloaded label file (labels_df=None): mainline label will be generated from kline with configured horizon (normal path, not an error)
01:29:44 [INFO] Read 1696 klines from ETHUSDT/12h in 0.002s
01:29:44 [INFO] IC autocorr persistent: count=14
01:29:44 [INFO] Read 1696 klines from ETHUSDT/12h in 0.003s
01:29:44 [INFO] Decay: 14/14 fit warnings summarized (insufficient_points=14)
01:29:44 [WARNING] No preloaded label file (labels_df=None): mainline label will be generated from kline with configured horizon (normal path, not an error)
01:29:52 [INFO] IC stage6b marginal_ic: status=not_applicable reason=no_survivors survivors=0 removed=0 n_regressions=0 fit_scope=full_sample
01:29:52 [INFO] IC report saved: /var/folders/_c/3xdf41hd3tvgxpx63mrml2c00000gn/T/ichc_b4_sidefx_gux3rtdz/reports/ic_report_ic_gatekeeper.json
01:29:52 [INFO] IC survivor output saved: /var/folders/_c/3xdf41hd3tvgxpx63mrml2c00000gn/T/ichc_b4_sidefx_gux3rtdz/reports/ic_survivors_ic_gatekeeper.json
01:29:52 [INFO] IC report saved: /var/folders/_c/3xdf41hd3tvgxpx63mrml2c00000gn/T/ichc_b4_sidefx_gux3rtdz/reports/ic_report_ic_gatekeeper.json
PASSED                                                                   [ 68%]
tests/momentum/Analysis/test_ichc_turnover_gate.py::TestDefaults::test_default_turnover_enabled_true PASSED [ 68%]
tests/momentum/Analysis/test_ichc_turnover_gate.py::TestTurnoverDisabledPipeline::test_report_section_is_contract_status 
-------------------------------- live log setup --------------------------------
01:29:52 [INFO] IC config loaded
01:29:52 [INFO] KlineStorageManager initialized: data_cache/feature_klines/kline_cache.h5
01:29:52 [INFO] Read 1696 klines from ETHUSDT/12h in 0.002s
01:29:52 [WARNING] No preloaded label file (labels_df=None): mainline label will be generated from kline with configured horizon (normal path, not an error)
01:29:52 [WARNING] No preloaded label file (labels_df=None): mainline label will be generated from kline with configured horizon (normal path, not an error)
01:29:52 [INFO] Data preprocessing complete: columns=14 fit_mode=train_mask oos_guarantees=True
01:29:52 [INFO] Read 1696 klines from ETHUSDT/12h in 0.002s
01:29:52 [WARNING] No preloaded label file (labels_df=None): mainline label will be generated from kline with configured horizon (normal path, not an error)
01:29:52 [INFO] IC autocorr persistent: count=14
01:29:52 [INFO] Read 1696 klines from ETHUSDT/12h in 0.002s
01:29:52 [INFO] Decay: 4/14 fit warnings summarized (low_r2=4)
01:29:56 [INFO] Redundancy filter completed: method=greedy input=2 output=2
01:29:59 [INFO] IC stage6b marginal_ic: status=ok reason=None survivors=2 removed=0 n_regressions=4 fit_scope=train
01:29:59 [INFO] Filtered features saved: /var/folders/_c/3xdf41hd3tvgxpx63mrml2c00000gn/T/ichc_b4_sidefx__8v787xl/features/ETHUSDT_12h_filtered.h5
01:29:59 [INFO] IC report saved: /var/folders/_c/3xdf41hd3tvgxpx63mrml2c00000gn/T/ichc_b4_sidefx__8v787xl/reports/ic_report_ic_gatekeeper.json
01:29:59 [INFO] IC survivor output saved: /var/folders/_c/3xdf41hd3tvgxpx63mrml2c00000gn/T/ichc_b4_sidefx__8v787xl/reports/ic_survivors_ic_gatekeeper.json
01:29:59 [INFO] IC report saved: /var/folders/_c/3xdf41hd3tvgxpx63mrml2c00000gn/T/ichc_b4_sidefx__8v787xl/reports/ic_report_ic_gatekeeper.json
PASSED                                                                   [ 68%]
tests/momentum/Analysis/test_ichc_turnover_gate.py::TestTurnoverDisabledPipeline::test_summary_turnover_rate_absent PASSED [ 68%]
tests/momentum/Analysis/test_ichc_turnover_gate.py::TestNetICDisabledUnit::test_m7_net_ic_typed_unavailable_when_turnover_disabled 
-------------------------------- live log call ---------------------------------
01:29:59 [INFO] IC config loaded
PASSED                                                                   [ 68%]
tests/momentum/Analysis/test_ichc_wiring_check.py::TestWiringCheck::test_current_tree_green PASSED [ 68%]
tests/momentum/Analysis/test_ichc_wiring_check.py::TestWiringCheck::test_m5_injected_ghost_key_turns_red PASSED [ 68%]
tests/momentum/Analysis/test_ichc_wiring_check.py::TestWiringCheck::test_allowlist_absent_fails_closed PASSED [ 68%]
tests/momentum/Analysis/test_ichc_wiring_check.py::TestWiringCheck::test_stale_allowlist_entry_turns_red PASSED [ 69%]
tests/momentum/Analysis/test_ichc_wiring_check.py::TestWiringCheck::test_scan_target_missing_is_env_error PASSED [ 69%]
tests/momentum/Analysis/test_ichc_xsec_capability.py::TestXsecCapabilityStatus::test_five_sections_status_in_contract_enum_with_reason 
-------------------------------- live log setup --------------------------------
01:30:10 [INFO] IC config loaded
PASSED                                                                   [ 69%]
tests/momentum/Analysis/test_ichc_xsec_capability.py::TestXsecCapabilityStatus::test_status_is_not_applicable_for_xsec_mode PASSED [ 69%]
tests/momentum/Analysis/test_ichc_xsec_capability.py::TestXsecCapabilityStatus::test_m4_probe_bare_empty_dict_would_fail PASSED [ 69%]
tests/momentum/Analysis/test_ichc_xsec_capability.py::TestXsecCapabilityStatus::test_xsec_core_outputs_still_present PASSED [ 69%]
tests/momentum/Analysis/test_learning_curve_analyzer.py::test_L1_invalid_fraction PASSED [ 69%]
tests/momentum/Analysis/test_learning_curve_analyzer.py::test_L2_fraction_too_small 
-------------------------------- live log call ---------------------------------
01:30:11 [WARNING] LearningCurveAnalyzer: n_samples < 200，結果僅供參考
01:30:11 [WARNING] LearningCurveAnalyzer: fraction=0.05 樣本 < 20，跳過
PASSED                                                                   [ 69%]
tests/momentum/Analysis/test_learning_curve_analyzer.py::test_L3_feature_count_exceeds PASSED [ 69%]
tests/momentum/Analysis/test_learning_curve_analyzer.py::test_L4_no_predictive_power PASSED [ 69%]
tests/momentum/Analysis/test_learning_curve_analyzer.py::test_L5_nan_fold PASSED [ 69%]
tests/momentum/Analysis/test_learning_curve_analyzer.py::test_L6_shap_unavailable 
-------------------------------- live log call ---------------------------------
01:30:11 [WARNING] LearningCurveAnalyzer: SHAP 不可用，fallback 到 gain
PASSED                                                                   [ 70%]
tests/momentum/Analysis/test_learning_curve_analyzer.py::test_L7_single_feature PASSED [ 70%]
tests/momentum/Analysis/test_learning_curve_analyzer.py::test_L8_small_dataset 
-------------------------------- live log call ---------------------------------
01:30:11 [WARNING] LearningCurveAnalyzer: n_samples < 200，結果僅供參考
01:30:11 [WARNING] LearningCurveAnalyzer: fraction=0.1 樣本 < 20，跳過
PASSED                                                                   [ 70%]
tests/momentum/Analysis/test_learning_curve_analyzer.py::test_high_variance_diagnosis PASSED [ 70%]
tests/momentum/Analysis/test_learning_curve_analyzer.py::test_full_analysis_schema PASSED [ 70%]
tests/momentum/Analysis/test_learning_curve_analyzer.py::test_data_curve_scores_are_bounded PASSED [ 70%]
tests/momentum/Analysis/test_learning_curve_analyzer.py::test_feature_curve_optimal_in_used_counts PASSED [ 70%]
tests/momentum/Analysis/test_learning_curve_analyzer.py::test_good_fit_diagnosis PASSED [ 70%]
tests/momentum/Analysis/test_learning_curve_analyzer.py::test_high_bias_diagnosis PASSED [ 70%]
tests/momentum/Analysis/test_lightgbm_analyzer.py::test_train_model_returns_model_performance 
-------------------------------- live log call ---------------------------------
01:30:11 [INFO] 開始訓練 LightGBM 模型 - 樣本數: 220, 特徵數: 12
01:30:11 [INFO] 標籤分佈: {0: 110, 1: 110}
01:30:11 [INFO] 訓練集: 176 樣本, 驗證集: 44 樣本
01:30:11 [INFO] 開始交叉驗證 - 3-fold CV
01:30:11 [INFO] Fold 1/3 - AUC: 0.9693, Precision: 0.8974, Recall: 0.9459, F1: 0.9211
01:30:11 [INFO] Fold 2/3 - AUC: 0.9245, Precision: 0.8182, Recall: 0.7297, F1: 0.7714
01:30:11 [INFO] Fold 3/3 - AUC: 0.9388, Precision: 0.9375, Recall: 0.8333, F1: 0.8824
01:30:11 [INFO] 校準指標(cv_oof) - Brier: 0.1311, ECE: 0.1747, 品質: poor
01:30:11 [WARNING] 校準品質偏低，建議重新調整模型或做機率校準
01:30:11 [INFO] 交叉驗證完成 - in_sample_train_auc: 0.9839, CV AUC: 0.9442 ± 0.0187, Overfitting: 0.0397
01:30:11 [INFO] 訓練完成 - in_sample_train_auc: 0.9839, CV AUC: 0.9442 ± 0.0187
PASSED                                                                   [ 70%]
tests/momentum/Analysis/test_lightgbm_analyzer.py::test_train_with_purged_cv_smoke 
-------------------------------- live log call ---------------------------------
01:30:11 [INFO] 開始訓練 LightGBM 模型 - 樣本數: 220, 特徵數: 12
01:30:11 [INFO] 標籤分佈: {0: 110, 1: 110}
01:30:11 [INFO] 訓練集: 176 樣本, 驗證集: 44 樣本
01:30:11 [INFO] 開始交叉驗證 - 3-fold CV
01:30:11 [INFO] Fold 1/3 - 訓練: 55 → 53 (purge: -2), 驗證: 55 → 55
01:30:11 [INFO] Fold 1/3 - AUC: 0.8700, Precision: 0.8571, Recall: 0.6207, F1: 0.7200
01:30:11 [INFO] Fold 2/3 - 訓練: 110 → 108 (purge: -2), 驗證: 55 → 55
01:30:11 [INFO] Fold 2/3 - AUC: 0.9610, Precision: 0.8696, Recall: 0.8333, F1: 0.8511
01:30:11 [INFO] Fold 3/3 - 訓練: 165 → 163 (purge: -2), 驗證: 55 → 55
01:30:12 [INFO] Fold 3/3 - AUC: 0.9677, Precision: 1.0000, Recall: 0.8065, F1: 0.8929
01:30:12 [INFO] 校準指標(cv_oof) - Brier: 0.1710, ECE: 0.2449, 品質: poor
01:30:12 [WARNING] 校準品質偏低，建議重新調整模型或做機率校準
01:30:12 [INFO] 交叉驗證完成 - in_sample_train_auc: 0.9817, CV AUC: 0.9329 ± 0.0446, Overfitting: 0.0488
01:30:12 [INFO] 訓練完成 - in_sample_train_auc: 0.9817, CV AUC: 0.9329 ± 0.0446
PASSED                                                                   [ 70%]
tests/momentum/Analysis/test_lightgbm_analyzer.py::test_validate_oot_returns_status 
-------------------------------- live log call ---------------------------------
01:30:12 [INFO] 開始訓練 LightGBM 模型 - 樣本數: 220, 特徵數: 12
01:30:12 [INFO] 標籤分佈: {0: 110, 1: 110}
01:30:12 [INFO] 訓練集: 176 樣本, 驗證集: 44 樣本
01:30:12 [INFO] 開始交叉驗證 - 3-fold CV
01:30:12 [INFO] Fold 1/3 - AUC: 0.9638, Precision: 0.8857, Recall: 0.8378, F1: 0.8611
01:30:12 [INFO] Fold 2/3 - AUC: 0.8855, Precision: 0.8065, Recall: 0.6757, F1: 0.7353
01:30:12 [INFO] Fold 3/3 - AUC: 0.9418, Precision: 0.8333, Recall: 0.8333, F1: 0.8333
01:30:12 [INFO] 校準指標(cv_oof) - Brier: 0.1528, ECE: 0.1732, 品質: poor
01:30:12 [WARNING] 校準品質偏低，建議重新調整模型或做機率校準
01:30:12 [INFO] 交叉驗證完成 - in_sample_train_auc: 0.9731, CV AUC: 0.9304 ± 0.0330, Overfitting: 0.0428
01:30:12 [INFO] 訓練完成 - in_sample_train_auc: 0.9731, CV AUC: 0.9304 ± 0.0330
PASSED                                                                   [ 70%]
tests/momentum/Analysis/test_lightgbm_analyzer.py::test_validate_oot_single_class_returns_none_auc 
-------------------------------- live log call ---------------------------------
01:30:12 [INFO] 開始訓練 LightGBM 模型 - 樣本數: 220, 特徵數: 12
01:30:12 [INFO] 標籤分佈: {0: 110, 1: 110}
01:30:12 [INFO] 訓練集: 176 樣本, 驗證集: 44 樣本
01:30:12 [INFO] 開始交叉驗證 - 3-fold CV
01:30:12 [INFO] Fold 1/3 - AUC: 0.9638, Precision: 0.8857, Recall: 0.8378, F1: 0.8611
01:30:12 [INFO] Fold 2/3 - AUC: 0.8855, Precision: 0.8065, Recall: 0.6757, F1: 0.7353
01:30:12 [INFO] Fold 3/3 - AUC: 0.9418, Precision: 0.8333, Recall: 0.8333, F1: 0.8333
01:30:12 [INFO] 校準指標(cv_oof) - Brier: 0.1528, ECE: 0.1732, 品質: poor
01:30:12 [WARNING] 校準品質偏低，建議重新調整模型或做機率校準
01:30:12 [INFO] 交叉驗證完成 - in_sample_train_auc: 0.9731, CV AUC: 0.9304 ± 0.0330, Overfitting: 0.0428
01:30:12 [INFO] 訓練完成 - in_sample_train_auc: 0.9731, CV AUC: 0.9304 ± 0.0330
01:30:12 [WARNING] OOT 樣本數不足 50
01:30:12 [WARNING] OOT 標籤只有單一類別，無法計算 AUC
PASSED                                                                   [ 71%]
tests/momentum/Analysis/test_lightgbm_analyzer.py::test_predict_and_predictions_output 
-------------------------------- live log setup --------------------------------
01:30:12 [INFO] 開始訓練 LightGBM 模型 - 樣本數: 220, 特徵數: 12
01:30:12 [INFO] 標籤分佈: {0: 110, 1: 110}
01:30:12 [INFO] 訓練集: 176 樣本, 驗證集: 44 樣本
01:30:12 [INFO] 開始交叉驗證 - 3-fold CV
01:30:12 [INFO] Fold 1/3 - AUC: 0.9752, Precision: 0.9167, Recall: 0.8919, F1: 0.9041
01:30:12 [INFO] Fold 2/3 - AUC: 0.8968, Precision: 0.8125, Recall: 0.7027, F1: 0.7536
01:30:12 [INFO] Fold 3/3 - AUC: 0.9441, Precision: 0.9091, Recall: 0.8333, F1: 0.8696
01:30:12 [INFO] 校準指標(cv_oof) - Brier: 0.1405, ECE: 0.1877, 品質: poor
01:30:12 [WARNING] 校準品質偏低，建議重新調整模型或做機率校準
01:30:12 [INFO] 交叉驗證完成 - in_sample_train_auc: 0.9798, CV AUC: 0.9387 ± 0.0322, Overfitting: 0.0411
01:30:12 [INFO] 訓練完成 - in_sample_train_auc: 0.9798, CV AUC: 0.9387 ± 0.0322
PASSED                                                                   [ 71%]
tests/momentum/Analysis/test_lightgbm_analyzer.py::test_feature_importance_methods PASSED [ 71%]
tests/momentum/Analysis/test_lightgbm_analyzer.py::test_permutation_and_fold_stability PASSED [ 71%]
tests/momentum/Analysis/test_lightgbm_analyzer.py::test_precision_at_k_and_pr_metrics PASSED [ 71%]
tests/momentum/Analysis/test_lightgbm_analyzer.py::test_recommend_k_returns_dict PASSED [ 71%]
tests/momentum/Analysis/test_lightgbm_analyzer.py::test_shap_methods_smoke 
-------------------------------- live log call ---------------------------------
01:30:12 [INFO] SHAP 全局分析完成 - 樣本數: 20, 特徵數: 12
01:30:12 [INFO] SHAP 單案例分析完成
PASSED                                                                   [ 71%]
tests/momentum/Analysis/test_lightgbm_analyzer.py::test_save_and_load_roundtrip FAILED [ 71%]
tests/momentum/Analysis/test_lightgbm_analyzer.py::test_train_input_empty_y_and_invalid_eval_size PASSED [ 71%]
tests/momentum/Analysis/test_lightgbm_analyzer.py::test_train_numpy_feature_mismatch_and_missing_names PASSED [ 71%]
tests/momentum/Analysis/test_lightgbm_analyzer.py::test_train_with_custom_params_and_categorical_branch 
-------------------------------- live log call ---------------------------------
01:30:12 [INFO] 開始訓練 LightGBM 模型 - 樣本數: 220, 特徵數: 12
01:30:12 [INFO] 標籤分佈: {0: 110, 1: 110}
01:30:12 [INFO] 訓練集: 176 樣本, 驗證集: 44 樣本
01:30:12 [INFO] 開始交叉驗證 - 3-fold CV
01:30:12 [INFO] Fold 1/3 - AUC: 0.9518, Precision: 0.8421, Recall: 0.8649, F1: 0.8533
01:30:12 [INFO] Fold 2/3 - AUC: 0.8848, Precision: 0.8065, Recall: 0.6757, F1: 0.7353
01:30:12 [INFO] Fold 3/3 - AUC: 0.9253, Precision: 0.9091, Recall: 0.8333, F1: 0.8696
01:30:12 [INFO] 校準指標(cv_oof) - Brier: 0.1699, ECE: 0.2098, 品質: poor
01:30:12 [WARNING] 校準品質偏低，建議重新調整模型或做機率校準
01:30:12 [INFO] 交叉驗證完成 - in_sample_train_auc: 0.9731, CV AUC: 0.9206 ± 0.0276, Overfitting: 0.0525
01:30:12 [INFO] 訓練完成 - in_sample_train_auc: 0.9731, CV AUC: 0.9206 ± 0.0276
PASSED                                                                   [ 71%]
tests/momentum/Analysis/test_lightgbm_analyzer.py::test_time_series_split_invalid_branches PASSED [ 72%]
tests/momentum/Analysis/test_lightgbm_analyzer.py::test_validate_model_time_series_with_timestamps 
-------------------------------- live log call ---------------------------------
01:30:12 [INFO] 開始訓練 LightGBM 模型 - 樣本數: 220, 特徵數: 12
01:30:12 [INFO] 標籤分佈: {0: 110, 1: 110}
01:30:12 [INFO] 訓練集: 176 樣本, 驗證集: 44 樣本
01:30:12 [INFO] 開始交叉驗證 - 3-fold CV
01:30:12 [INFO] Fold 1/3 - AUC: 0.9719, Precision: 0.8857, Recall: 0.8378, F1: 0.8611
01:30:12 [INFO] Fold 2/3 - AUC: 0.8645, Precision: 0.7931, Recall: 0.6216, F1: 0.6970
01:30:12 [INFO] Fold 3/3 - AUC: 0.9456, Precision: 0.9375, Recall: 0.8333, F1: 0.8824
01:30:12 [INFO] 校準指標(cv_oof) - Brier: 0.1878, ECE: 0.2432, 品質: poor
01:30:12 [WARNING] 校準品質偏低，建議重新調整模型或做機率校準
01:30:12 [INFO] 交叉驗證完成 - in_sample_train_auc: 0.9665, CV AUC: 0.9273 ± 0.0457, Overfitting: 0.0392
01:30:12 [INFO] 訓練完成 - in_sample_train_auc: 0.9665, CV AUC: 0.9273 ± 0.0457
01:30:12 [INFO] 開始交叉驗證 - 3-fold CV
01:30:12 [INFO] Fold 1/3 - 訓練: 55 → 54 (purge: -1), 驗證: 55 → 55
01:30:12 [INFO] Fold 1/3 - AUC: 0.8694, Precision: 1.0000, Recall: 0.1724, F1: 0.2941
01:30:12 [INFO] Fold 2/3 - 訓練: 110 → 109 (purge: -1), 驗證: 55 → 55
01:30:12 [INFO] Fold 2/3 - AUC: 0.8931, Precision: 0.7407, Recall: 0.8333, F1: 0.7843
01:30:12 [INFO] Fold 3/3 - 訓練: 165 → 164 (purge: -1), 驗證: 55 → 55
01:30:12 [INFO] Fold 3/3 - AUC: 0.9603, Precision: 0.9583, Recall: 0.7419, F1: 0.8364
01:30:12 [INFO] 校準指標(cv_oof) - Brier: 0.2027, ECE: 0.1681, 品質: poor
01:30:12 [WARNING] 校準品質偏低，建議重新調整模型或做機率校準
01:30:12 [INFO] 交叉驗證完成 - in_sample_train_auc: 0.9665, CV AUC: 0.9076 ± 0.0385, Overfitting: 0.0589
PASSED                                                                   [ 72%]
tests/momentum/Analysis/test_lightgbm_analyzer.py::test_validate_oot_error_and_severe_branch 
-------------------------------- live log call ---------------------------------
01:30:12 [INFO] 開始訓練 LightGBM 模型 - 樣本數: 220, 特徵數: 12
01:30:12 [INFO] 標籤分佈: {0: 110, 1: 110}
01:30:12 [INFO] 訓練集: 176 樣本, 驗證集: 44 樣本
01:30:12 [INFO] 開始交叉驗證 - 3-fold CV
01:30:12 [INFO] Fold 1/3 - AUC: 0.9719, Precision: 0.8857, Recall: 0.8378, F1: 0.8611
01:30:12 [INFO] Fold 2/3 - AUC: 0.8645, Precision: 0.7931, Recall: 0.6216, F1: 0.6970
01:30:12 [INFO] Fold 3/3 - AUC: 0.9456, Precision: 0.9375, Recall: 0.8333, F1: 0.8824
01:30:12 [INFO] 校準指標(cv_oof) - Brier: 0.1878, ECE: 0.2432, 品質: poor
01:30:12 [WARNING] 校準品質偏低，建議重新調整模型或做機率校準
01:30:12 [INFO] 交叉驗證完成 - in_sample_train_auc: 0.9665, CV AUC: 0.9273 ± 0.0457, Overfitting: 0.0392
01:30:12 [INFO] 訓練完成 - in_sample_train_auc: 0.9665, CV AUC: 0.9273 ± 0.0457
PASSED                                                                   [ 72%]
tests/momentum/Analysis/test_lightgbm_analyzer.py::test_feature_importance_invalid_method_and_length_mismatch PASSED [ 72%]
tests/momentum/Analysis/test_lightgbm_analyzer.py::test_predict_related_error_branches 
-------------------------------- live log call ---------------------------------
01:30:12 [INFO] 開始訓練 LightGBM 模型 - 樣本數: 220, 特徵數: 12
01:30:12 [INFO] 標籤分佈: {0: 110, 1: 110}
01:30:12 [INFO] 訓練集: 176 樣本, 驗證集: 44 樣本
01:30:12 [INFO] 開始交叉驗證 - 3-fold CV
01:30:12 [INFO] Fold 1/3 - AUC: 0.9719, Precision: 0.8857, Recall: 0.8378, F1: 0.8611
01:30:12 [INFO] Fold 2/3 - AUC: 0.8645, Precision: 0.7931, Recall: 0.6216, F1: 0.6970
01:30:12 [INFO] Fold 3/3 - AUC: 0.9456, Precision: 0.9375, Recall: 0.8333, F1: 0.8824
01:30:12 [INFO] 校準指標(cv_oof) - Brier: 0.1878, ECE: 0.2432, 品質: poor
01:30:12 [WARNING] 校準品質偏低，建議重新調整模型或做機率校準
01:30:12 [INFO] 交叉驗證完成 - in_sample_train_auc: 0.9665, CV AUC: 0.9273 ± 0.0457, Overfitting: 0.0392
01:30:12 [INFO] 訓練完成 - in_sample_train_auc: 0.9665, CV AUC: 0.9273 ± 0.0457
PASSED                                                                   [ 72%]
tests/momentum/Analysis/test_lightgbm_analyzer.py::test_explain_single_case_without_feature_names_branch 
-------------------------------- live log call ---------------------------------
01:30:12 [INFO] 開始訓練 LightGBM 模型 - 樣本數: 220, 特徵數: 12
01:30:12 [INFO] 標籤分佈: {0: 110, 1: 110}
01:30:12 [INFO] 訓練集: 176 樣本, 驗證集: 44 樣本
01:30:12 [INFO] 開始交叉驗證 - 3-fold CV
01:30:12 [INFO] Fold 1/3 - AUC: 0.9719, Precision: 0.8857, Recall: 0.8378, F1: 0.8611
01:30:12 [INFO] Fold 2/3 - AUC: 0.8645, Precision: 0.7931, Recall: 0.6216, F1: 0.6970
01:30:12 [INFO] Fold 3/3 - AUC: 0.9456, Precision: 0.9375, Recall: 0.8333, F1: 0.8824
01:30:12 [INFO] 校準指標(cv_oof) - Brier: 0.1878, ECE: 0.2432, 品質: poor
01:30:12 [WARNING] 校準品質偏低，建議重新調整模型或做機率校準
01:30:12 [INFO] 交叉驗證完成 - in_sample_train_auc: 0.9665, CV AUC: 0.9273 ± 0.0457, Overfitting: 0.0392
01:30:12 [INFO] 訓練完成 - in_sample_train_auc: 0.9665, CV AUC: 0.9273 ± 0.0457
PASSED                                                                   [ 72%]
tests/momentum/Analysis/test_lightgbm_analyzer.py::test_save_load_format_error_branches PASSED [ 72%]
tests/momentum/Analysis/test_lightgbm_edge_cases.py::test_d1_empty_x_raises[lightgbm] PASSED [ 72%]
tests/momentum/Analysis/test_lightgbm_edge_cases.py::test_d1_empty_x_raises[xgboost] 
-------------------------------- live log call ---------------------------------
01:30:12 [INFO] 開始訓練 XGBoost 模型 - 樣本數: 0, 特徵數: 0
PASSED                                                                   [ 72%]
tests/momentum/Analysis/test_lightgbm_edge_cases.py::test_d2_d3_single_class_labels_raise[0-lightgbm] PASSED [ 72%]
tests/momentum/Analysis/test_lightgbm_edge_cases.py::test_d2_d3_single_class_labels_raise[0-xgboost] 
-------------------------------- live log call ---------------------------------
01:30:12 [INFO] 開始訓練 XGBoost 模型 - 樣本數: 120, 特徵數: 8
01:30:12 [INFO] 標籤分佈: {0: 120}
PASSED                                                                   [ 72%]
tests/momentum/Analysis/test_lightgbm_edge_cases.py::test_d2_d3_single_class_labels_raise[1-lightgbm] PASSED [ 72%]
tests/momentum/Analysis/test_lightgbm_edge_cases.py::test_d2_d3_single_class_labels_raise[1-xgboost] 
-------------------------------- live log call ---------------------------------
01:30:12 [INFO] 開始訓練 XGBoost 模型 - 樣本數: 120, 特徵數: 8
01:30:12 [INFO] 標籤分佈: {1: 120}
PASSED                                                                   [ 73%]
tests/momentum/Analysis/test_lightgbm_edge_cases.py::test_d4_length_mismatch_raises[lightgbm] PASSED [ 73%]
tests/momentum/Analysis/test_lightgbm_edge_cases.py::test_d4_length_mismatch_raises[xgboost] 
-------------------------------- live log call ---------------------------------
01:30:12 [INFO] 開始訓練 XGBoost 模型 - 樣本數: 119, 特徵數: 8
PASSED                                                                   [ 73%]
tests/momentum/Analysis/test_lightgbm_edge_cases.py::test_d5_nan_input_trainable[lightgbm] 
-------------------------------- live log call ---------------------------------
01:30:12 [INFO] 開始訓練 LightGBM 模型 - 樣本數: 120, 特徵數: 8
01:30:12 [INFO] 標籤分佈: {0: 60, 1: 60}
01:30:12 [INFO] 訓練集: 96 樣本, 驗證集: 24 樣本
01:30:12 [INFO] 開始交叉驗證 - 3-fold CV
01:30:12 [INFO] Fold 1/3 - AUC: 0.9725, Precision: 0.8696, Recall: 1.0000, F1: 0.9302
01:30:12 [INFO] Fold 2/3 - AUC: 0.9763, Precision: 0.9444, Recall: 0.8500, F1: 0.8947
01:30:12 [INFO] Fold 3/3 - AUC: 0.9563, Precision: 0.9000, Recall: 0.9000, F1: 0.9000
01:30:12 [INFO] 校準指標(cv_oof) - Brier: 0.1313, ECE: 0.2316, 品質: poor
01:30:12 [WARNING] 校準品質偏低，建議重新調整模型或做機率校準
01:30:12 [INFO] 交叉驗證完成 - in_sample_train_auc: 0.9867, CV AUC: 0.9683 ± 0.0087, Overfitting: 0.0183
01:30:12 [INFO] 訓練完成 - in_sample_train_auc: 0.9867, CV AUC: 0.9683 ± 0.0087
PASSED                                                                   [ 73%]
tests/momentum/Analysis/test_lightgbm_edge_cases.py::test_d5_nan_input_trainable[xgboost] 
-------------------------------- live log call ---------------------------------
01:30:12 [INFO] 開始訓練 XGBoost 模型 - 樣本數: 120, 特徵數: 8
01:30:12 [INFO] 標籤分佈: {0: 60, 1: 60}
01:30:12 [INFO] 訓練集: 96 樣本, 驗證集: 24 樣本
01:30:12 [INFO] 開始交叉驗證 - 3-fold CV
01:30:12 [INFO] Fold 1/3 - AUC: 0.9875, Precision: 0.9091, Recall: 1.0000, F1: 0.9524
01:30:12 [INFO] Fold 2/3 - AUC: 0.9925, Precision: 1.0000, Recall: 0.8500, F1: 0.9189
01:30:13 [INFO] Fold 3/3 - AUC: 0.9575, Precision: 0.8636, Recall: 0.9500, F1: 0.9048
01:30:13 [INFO] 交叉驗證完成 - in_sample_train_auc: 0.9914, CV AUC: 0.9792 ± 0.0155, Overfitting: 0.0122
01:30:13 [INFO] 訓練完成 - in_sample_train_auc: 0.9922, CV AUC: 0.9792 ± 0.0155
PASSED                                                                   [ 73%]
tests/momentum/Analysis/test_lightgbm_edge_cases.py::test_d6_inf_input_raises[lightgbm] PASSED [ 73%]
tests/momentum/Analysis/test_lightgbm_edge_cases.py::test_d6_inf_input_raises[xgboost] 
-------------------------------- live log call ---------------------------------
01:30:13 [INFO] 開始訓練 XGBoost 模型 - 樣本數: 120, 特徵數: 8
01:30:13 [INFO] 標籤分佈: {0: 60, 1: 60}
01:30:13 [INFO] 訓練集: 96 樣本, 驗證集: 24 樣本
PASSED                                                                   [ 73%]
tests/momentum/Analysis/test_lightgbm_edge_cases.py::test_d7_single_feature_trainable[lightgbm] 
-------------------------------- live log call ---------------------------------
01:30:13 [INFO] 開始訓練 LightGBM 模型 - 樣本數: 120, 特徵數: 1
01:30:13 [INFO] 標籤分佈: {0: 60, 1: 60}
01:30:13 [INFO] 訓練集: 96 樣本, 驗證集: 24 樣本
01:30:13 [INFO] 開始交叉驗證 - 3-fold CV
01:30:13 [INFO] Fold 1/3 - AUC: 0.9975, Precision: 0.9524, Recall: 1.0000, F1: 0.9756
01:30:13 [INFO] Fold 2/3 - AUC: 1.0000, Precision: 1.0000, Recall: 1.0000, F1: 1.0000
01:30:13 [INFO] Fold 3/3 - AUC: 1.0000, Precision: 1.0000, Recall: 1.0000, F1: 1.0000
01:30:13 [INFO] 校準指標(cv_oof) - Brier: 0.0536, ECE: 0.2145, 品質: poor
01:30:13 [WARNING] 校準品質偏低，建議重新調整模型或做機率校準
01:30:13 [INFO] 交叉驗證完成 - in_sample_train_auc: 0.9917, CV AUC: 0.9992 ± 0.0012, Overfitting: -0.0075
01:30:13 [INFO] 訓練完成 - in_sample_train_auc: 0.9917, CV AUC: 0.9992 ± 0.0012
PASSED                                                                   [ 73%]
tests/momentum/Analysis/test_lightgbm_edge_cases.py::test_d7_single_feature_trainable[xgboost] 
-------------------------------- live log call ---------------------------------
01:30:13 [INFO] 開始訓練 XGBoost 模型 - 樣本數: 120, 特徵數: 1
01:30:13 [INFO] 標籤分佈: {0: 60, 1: 60}
01:30:13 [INFO] 訓練集: 96 樣本, 驗證集: 24 樣本
01:30:13 [INFO] 開始交叉驗證 - 3-fold CV
01:30:13 [INFO] Fold 1/3 - AUC: 0.9975, Precision: 1.0000, Recall: 0.9000, F1: 0.9474
01:30:13 [INFO] Fold 2/3 - AUC: 1.0000, Precision: 1.0000, Recall: 1.0000, F1: 1.0000
01:30:13 [INFO] Fold 3/3 - AUC: 1.0000, Precision: 1.0000, Recall: 1.0000, F1: 1.0000
01:30:13 [INFO] 交叉驗證完成 - in_sample_train_auc: 1.0000, CV AUC: 0.9992 ± 0.0012, Overfitting: 0.0008
01:30:13 [INFO] 訓練完成 - in_sample_train_auc: 1.0000, CV AUC: 0.9992 ± 0.0012
PASSED                                                                   [ 73%]
tests/momentum/Analysis/test_lightgbm_edge_cases.py::test_d9_ndarray_without_feature_names_raises[lightgbm] PASSED [ 73%]
tests/momentum/Analysis/test_lightgbm_edge_cases.py::test_d9_ndarray_without_feature_names_raises[xgboost] PASSED [ 73%]
tests/momentum/Analysis/test_lightgbm_edge_cases.py::test_d10_feature_names_mismatch_raises[lightgbm] PASSED [ 74%]
tests/momentum/Analysis/test_lightgbm_edge_cases.py::test_d10_feature_names_mismatch_raises[xgboost] 
-------------------------------- live log call ---------------------------------
01:30:13 [INFO] 開始訓練 XGBoost 模型 - 樣本數: 120, 特徵數: 2
01:30:13 [INFO] 標籤分佈: {0: 60, 1: 60}
01:30:13 [INFO] 訓練集: 96 樣本, 驗證集: 24 樣本
01:30:13 [INFO] 開始交叉驗證 - 3-fold CV
01:30:13 [INFO] Fold 1/3 - AUC: 0.9850, Precision: 0.9091, Recall: 1.0000, F1: 0.9524
01:30:13 [INFO] Fold 2/3 - AUC: 0.9875, Precision: 0.9474, Recall: 0.9000, F1: 0.9231
01:30:13 [INFO] Fold 3/3 - AUC: 0.9575, Precision: 0.8636, Recall: 0.9500, F1: 0.9048
01:30:13 [INFO] 交叉驗證完成 - in_sample_train_auc: 0.9914, CV AUC: 0.9767 ± 0.0136, Overfitting: 0.0147
01:30:13 [INFO] 訓練完成 - in_sample_train_auc: 0.9922, CV AUC: 0.9767 ± 0.0136
PASSED                                                                   [ 74%]
tests/momentum/Analysis/test_lightgbm_edge_cases.py::test_p3_p4_eval_size_invalid_raises[0-lightgbm] PASSED [ 74%]
tests/momentum/Analysis/test_lightgbm_edge_cases.py::test_p3_p4_eval_size_invalid_raises[0-xgboost] 
-------------------------------- live log call ---------------------------------
01:30:13 [INFO] 開始訓練 XGBoost 模型 - 樣本數: 120, 特徵數: 8
PASSED                                                                   [ 74%]
tests/momentum/Analysis/test_lightgbm_edge_cases.py::test_p3_p4_eval_size_invalid_raises[1-lightgbm] PASSED [ 74%]
tests/momentum/Analysis/test_lightgbm_edge_cases.py::test_p3_p4_eval_size_invalid_raises[1-xgboost] 
-------------------------------- live log call ---------------------------------
01:30:13 [INFO] 開始訓練 XGBoost 模型 - 樣本數: 120, 特徵數: 8
PASSED                                                                   [ 74%]
tests/momentum/Analysis/test_lightgbm_edge_cases.py::test_p1_cv_folds_less_than_2_raises[lightgbm] 
-------------------------------- live log call ---------------------------------
01:30:13 [INFO] 開始訓練 LightGBM 模型 - 樣本數: 120, 特徵數: 8
01:30:13 [INFO] 標籤分佈: {0: 60, 1: 60}
01:30:13 [INFO] 訓練集: 96 樣本, 驗證集: 24 樣本
01:30:13 [INFO] 開始交叉驗證 - 3-fold CV
01:30:13 [INFO] Fold 1/3 - AUC: 0.9750, Precision: 0.8696, Recall: 1.0000, F1: 0.9302
01:30:13 [INFO] Fold 2/3 - AUC: 0.9763, Precision: 0.9444, Recall: 0.8500, F1: 0.8947
01:30:13 [INFO] Fold 3/3 - AUC: 0.9563, Precision: 0.9000, Recall: 0.9000, F1: 0.9000
01:30:13 [INFO] 校準指標(cv_oof) - Brier: 0.1313, ECE: 0.2317, 品質: poor
01:30:13 [WARNING] 校準品質偏低，建議重新調整模型或做機率校準
01:30:13 [INFO] 交叉驗證完成 - in_sample_train_auc: 0.9867, CV AUC: 0.9692 ± 0.0091, Overfitting: 0.0175
01:30:13 [INFO] 訓練完成 - in_sample_train_auc: 0.9867, CV AUC: 0.9692 ± 0.0091
01:30:13 [INFO] 開始交叉驗證 - 1-fold CV
PASSED                                                                   [ 74%]
tests/momentum/Analysis/test_lightgbm_edge_cases.py::test_p1_cv_folds_less_than_2_raises[xgboost] 
-------------------------------- live log call ---------------------------------
01:30:13 [INFO] 開始訓練 XGBoost 模型 - 樣本數: 120, 特徵數: 8
01:30:13 [INFO] 標籤分佈: {0: 60, 1: 60}
01:30:13 [INFO] 訓練集: 96 樣本, 驗證集: 24 樣本
01:30:13 [INFO] 開始交叉驗證 - 3-fold CV
01:30:13 [INFO] Fold 1/3 - AUC: 0.9850, Precision: 0.9091, Recall: 1.0000, F1: 0.9524
01:30:13 [INFO] Fold 2/3 - AUC: 0.9875, Precision: 0.9474, Recall: 0.9000, F1: 0.9231
01:30:13 [INFO] Fold 3/3 - AUC: 0.9575, Precision: 0.8636, Recall: 0.9500, F1: 0.9048
01:30:13 [INFO] 交叉驗證完成 - in_sample_train_auc: 0.9914, CV AUC: 0.9767 ± 0.0136, Overfitting: 0.0147
01:30:13 [INFO] 訓練完成 - in_sample_train_auc: 0.9922, CV AUC: 0.9767 ± 0.0136
01:30:13 [INFO] 開始交叉驗證 - 1-fold CV
PASSED                                                                   [ 74%]
tests/momentum/Analysis/test_lightgbm_edge_cases.py::test_p2_cv_folds_exceeds_samples_raises[lightgbm] 
-------------------------------- live log call ---------------------------------
01:30:13 [INFO] 開始訓練 LightGBM 模型 - 樣本數: 120, 特徵數: 8
01:30:13 [INFO] 標籤分佈: {0: 60, 1: 60}
01:30:13 [INFO] 訓練集: 96 樣本, 驗證集: 24 樣本
01:30:13 [INFO] 開始交叉驗證 - 3-fold CV
01:30:13 [INFO] Fold 1/3 - AUC: 0.9750, Precision: 0.8696, Recall: 1.0000, F1: 0.9302
01:30:13 [INFO] Fold 2/3 - AUC: 0.9763, Precision: 0.9444, Recall: 0.8500, F1: 0.8947
01:30:13 [INFO] Fold 3/3 - AUC: 0.9563, Precision: 0.9000, Recall: 0.9000, F1: 0.9000
01:30:13 [INFO] 校準指標(cv_oof) - Brier: 0.1313, ECE: 0.2317, 品質: poor
01:30:13 [WARNING] 校準品質偏低，建議重新調整模型或做機率校準
01:30:13 [INFO] 交叉驗證完成 - in_sample_train_auc: 0.9867, CV AUC: 0.9692 ± 0.0091, Overfitting: 0.0175
01:30:13 [INFO] 訓練完成 - in_sample_train_auc: 0.9867, CV AUC: 0.9692 ± 0.0091
01:30:13 [INFO] 開始交叉驗證 - 121-fold CV
PASSED                                                                   [ 74%]
tests/momentum/Analysis/test_lightgbm_edge_cases.py::test_p2_cv_folds_exceeds_samples_raises[xgboost] 
-------------------------------- live log call ---------------------------------
01:30:13 [INFO] 開始訓練 XGBoost 模型 - 樣本數: 120, 特徵數: 8
01:30:13 [INFO] 標籤分佈: {0: 60, 1: 60}
01:30:13 [INFO] 訓練集: 96 樣本, 驗證集: 24 樣本
01:30:13 [INFO] 開始交叉驗證 - 3-fold CV
01:30:13 [INFO] Fold 1/3 - AUC: 0.9850, Precision: 0.9091, Recall: 1.0000, F1: 0.9524
01:30:13 [INFO] Fold 2/3 - AUC: 0.9875, Precision: 0.9474, Recall: 0.9000, F1: 0.9231
01:30:13 [INFO] Fold 3/3 - AUC: 0.9575, Precision: 0.8636, Recall: 0.9500, F1: 0.9048
01:30:13 [INFO] 交叉驗證完成 - in_sample_train_auc: 0.9914, CV AUC: 0.9767 ± 0.0136, Overfitting: 0.0147
01:30:13 [INFO] 訓練完成 - in_sample_train_auc: 0.9922, CV AUC: 0.9767 ± 0.0136
01:30:13 [INFO] 開始交叉驗證 - 121-fold CV
PASSED                                                                   [ 74%]
tests/momentum/Analysis/test_lightgbm_edge_cases.py::test_p5_purge_gap_too_large_raises[lightgbm] 
-------------------------------- live log call ---------------------------------
01:30:13 [INFO] 開始訓練 LightGBM 模型 - 樣本數: 120, 特徵數: 8
01:30:13 [INFO] 標籤分佈: {0: 60, 1: 60}
01:30:13 [INFO] 訓練集: 96 樣本, 驗證集: 24 樣本
01:30:13 [INFO] 開始交叉驗證 - 3-fold CV
01:30:13 [INFO] Fold 1/3 - AUC: 0.9750, Precision: 0.8696, Recall: 1.0000, F1: 0.9302
01:30:13 [INFO] Fold 2/3 - AUC: 0.9763, Precision: 0.9444, Recall: 0.8500, F1: 0.8947
01:30:13 [INFO] Fold 3/3 - AUC: 0.9563, Precision: 0.9000, Recall: 0.9000, F1: 0.9000
01:30:13 [INFO] 校準指標(cv_oof) - Brier: 0.1313, ECE: 0.2317, 品質: poor
01:30:13 [WARNING] 校準品質偏低，建議重新調整模型或做機率校準
01:30:13 [INFO] 交叉驗證完成 - in_sample_train_auc: 0.9867, CV AUC: 0.9692 ± 0.0091, Overfitting: 0.0175
01:30:13 [INFO] 訓練完成 - in_sample_train_auc: 0.9867, CV AUC: 0.9692 ± 0.0091
01:30:13 [INFO] 開始交叉驗證 - 3-fold CV
PASSED                                                                   [ 74%]
tests/momentum/Analysis/test_lightgbm_edge_cases.py::test_p5_purge_gap_too_large_raises[xgboost] 
-------------------------------- live log call ---------------------------------
01:30:13 [INFO] 開始訓練 XGBoost 模型 - 樣本數: 120, 特徵數: 8
01:30:13 [INFO] 標籤分佈: {0: 60, 1: 60}
01:30:13 [INFO] 訓練集: 96 樣本, 驗證集: 24 樣本
01:30:13 [INFO] 開始交叉驗證 - 3-fold CV
01:30:13 [INFO] Fold 1/3 - AUC: 0.9850, Precision: 0.9091, Recall: 1.0000, F1: 0.9524
01:30:13 [INFO] Fold 2/3 - AUC: 0.9875, Precision: 0.9474, Recall: 0.9000, F1: 0.9231
01:30:13 [INFO] Fold 3/3 - AUC: 0.9575, Precision: 0.8636, Recall: 0.9500, F1: 0.9048
01:30:13 [INFO] 交叉驗證完成 - in_sample_train_auc: 0.9914, CV AUC: 0.9767 ± 0.0136, Overfitting: 0.0147
01:30:13 [INFO] 訓練完成 - in_sample_train_auc: 0.9922, CV AUC: 0.9767 ± 0.0136
01:30:13 [INFO] 開始交叉驗證 - 3-fold CV
01:30:13 [INFO] Fold 1/3 - 訓練: 30 → 30 (purge: -120), 驗證: 30 → 30
01:30:13 [WARNING] OofReceipt fold 0 略過: purge_gap must be smaller than non-empty row_index length
01:30:13 [INFO] Fold 1/3 - AUC: 0.5000, Precision: 0.4667, Recall: 1.0000, F1: 0.6364
01:30:13 [INFO] Fold 2/3 - 訓練: 60 → 60 (purge: -120), 驗證: 30 → 30
01:30:13 [WARNING] OofReceipt fold 1 略過: purge_gap must be smaller than non-empty row_index length
01:30:13 [INFO] Fold 2/3 - AUC: 0.9480, Precision: 1.0000, Recall: 0.7647, F1: 0.8667
01:30:13 [INFO] Fold 3/3 - 訓練: 90 → 90 (purge: -120), 驗證: 30 → 30
01:30:13 [WARNING] OofReceipt fold 2 略過: purge_gap must be smaller than non-empty row_index length
01:30:13 [INFO] Fold 3/3 - AUC: 0.9653, Precision: 0.8000, Recall: 1.0000, F1: 0.8889
01:30:13 [INFO] 交叉驗證完成 - in_sample_train_auc: 0.9914, CV AUC: 0.8044 ± 0.2154, Overfitting: 0.1870
01:30:13 [WARNING] 檢測到過擬合 (overfitting score > 0.15): 0.1870
PASSED                                                                   [ 75%]
tests/momentum/Analysis/test_lightgbm_edge_cases.py::test_s1_predict_before_train_raises[lightgbm] PASSED [ 75%]
tests/momentum/Analysis/test_lightgbm_edge_cases.py::test_s1_predict_before_train_raises[xgboost] PASSED [ 75%]
tests/momentum/Analysis/test_lightgbm_edge_cases.py::test_s2_feature_importance_before_train_raises[lightgbm] PASSED [ 75%]
tests/momentum/Analysis/test_lightgbm_edge_cases.py::test_s2_feature_importance_before_train_raises[xgboost] PASSED [ 75%]
tests/momentum/Analysis/test_lightgbm_edge_cases.py::test_s3_save_before_train_raises[lightgbm] PASSED [ 75%]
tests/momentum/Analysis/test_lightgbm_edge_cases.py::test_s3_save_before_train_raises[xgboost] PASSED [ 75%]
tests/momentum/Analysis/test_lightgbm_edge_cases.py::test_s4_load_missing_file_raises[lightgbm] FAILED [ 75%]
tests/momentum/Analysis/test_lightgbm_edge_cases.py::test_s4_load_missing_file_raises[xgboost] FAILED [ 75%]
tests/momentum/Analysis/test_lightgbm_edge_cases.py::test_model_path_safety_rejects_outside_cache[lightgbm] 
-------------------------------- live log call ---------------------------------
01:30:13 [INFO] 開始訓練 LightGBM 模型 - 樣本數: 120, 特徵數: 8
01:30:13 [INFO] 標籤分佈: {0: 60, 1: 60}
01:30:13 [INFO] 訓練集: 96 樣本, 驗證集: 24 樣本
01:30:13 [INFO] 開始交叉驗證 - 3-fold CV
01:30:13 [INFO] Fold 1/3 - AUC: 0.9750, Precision: 0.8696, Recall: 1.0000, F1: 0.9302
01:30:13 [INFO] Fold 2/3 - AUC: 0.9763, Precision: 0.9444, Recall: 0.8500, F1: 0.8947
01:30:13 [INFO] Fold 3/3 - AUC: 0.9563, Precision: 0.9000, Recall: 0.9000, F1: 0.9000
01:30:13 [INFO] 校準指標(cv_oof) - Brier: 0.1313, ECE: 0.2317, 品質: poor
01:30:13 [WARNING] 校準品質偏低，建議重新調整模型或做機率校準
01:30:13 [INFO] 交叉驗證完成 - in_sample_train_auc: 0.9867, CV AUC: 0.9692 ± 0.0091, Overfitting: 0.0175
01:30:13 [INFO] 訓練完成 - in_sample_train_auc: 0.9867, CV AUC: 0.9692 ± 0.0091
PASSED                                                                   [ 75%]
tests/momentum/Analysis/test_lightgbm_edge_cases.py::test_model_path_safety_rejects_outside_cache[xgboost] 
-------------------------------- live log call ---------------------------------
01:30:13 [INFO] 開始訓練 XGBoost 模型 - 樣本數: 120, 特徵數: 8
01:30:13 [INFO] 標籤分佈: {0: 60, 1: 60}
01:30:13 [INFO] 訓練集: 96 樣本, 驗證集: 24 樣本
01:30:13 [INFO] 開始交叉驗證 - 3-fold CV
01:30:13 [INFO] Fold 1/3 - AUC: 0.9850, Precision: 0.9091, Recall: 1.0000, F1: 0.9524
01:30:13 [INFO] Fold 2/3 - AUC: 0.9875, Precision: 0.9474, Recall: 0.9000, F1: 0.9231
01:30:13 [INFO] Fold 3/3 - AUC: 0.9575, Precision: 0.8636, Recall: 0.9500, F1: 0.9048
01:30:13 [INFO] 交叉驗證完成 - in_sample_train_auc: 0.9914, CV AUC: 0.9767 ± 0.0136, Overfitting: 0.0147
01:30:13 [INFO] 訓練完成 - in_sample_train_auc: 0.9922, CV AUC: 0.9767 ± 0.0136
PASSED                                                                   [ 75%]
tests/momentum/Analysis/test_lightgbm_edge_cases.py::test_s5_type_mismatch_lightgbm_to_xgboost_raises 
-------------------------------- live log call ---------------------------------
01:30:13 [INFO] 開始訓練 LightGBM 模型 - 樣本數: 120, 特徵數: 8
01:30:13 [INFO] 標籤分佈: {0: 60, 1: 60}
01:30:13 [INFO] 訓練集: 96 樣本, 驗證集: 24 樣本
01:30:13 [INFO] 開始交叉驗證 - 3-fold CV
01:30:13 [INFO] Fold 1/3 - AUC: 0.9750, Precision: 0.8696, Recall: 1.0000, F1: 0.9302
01:30:13 [INFO] Fold 2/3 - AUC: 0.9763, Precision: 0.9444, Recall: 0.8500, F1: 0.8947
01:30:13 [INFO] Fold 3/3 - AUC: 0.9563, Precision: 0.9000, Recall: 0.9000, F1: 0.9000
01:30:13 [INFO] 校準指標(cv_oof) - Brier: 0.1313, ECE: 0.2317, 品質: poor
01:30:13 [WARNING] 校準品質偏低，建議重新調整模型或做機率校準
01:30:13 [INFO] 交叉驗證完成 - in_sample_train_auc: 0.9867, CV AUC: 0.9692 ± 0.0091, Overfitting: 0.0175
01:30:13 [INFO] 訓練完成 - in_sample_train_auc: 0.9867, CV AUC: 0.9692 ± 0.0091
FAILED                                                                   [ 75%]
tests/momentum/Analysis/test_lightgbm_edge_cases.py::test_s5_type_mismatch_xgboost_to_lightgbm_raises 
-------------------------------- live log call ---------------------------------
01:30:13 [INFO] 開始訓練 XGBoost 模型 - 樣本數: 120, 特徵數: 8
01:30:13 [INFO] 標籤分佈: {0: 60, 1: 60}
01:30:13 [INFO] 訓練集: 96 樣本, 驗證集: 24 樣本
01:30:13 [INFO] 開始交叉驗證 - 3-fold CV
01:30:13 [INFO] Fold 1/3 - AUC: 0.9850, Precision: 0.9091, Recall: 1.0000, F1: 0.9524
01:30:13 [INFO] Fold 2/3 - AUC: 0.9875, Precision: 0.9474, Recall: 0.9000, F1: 0.9231
01:30:13 [INFO] Fold 3/3 - AUC: 0.9575, Precision: 0.8636, Recall: 0.9500, F1: 0.9048
01:30:13 [INFO] 交叉驗證完成 - in_sample_train_auc: 0.9914, CV AUC: 0.9767 ± 0.0136, Overfitting: 0.0147
01:30:13 [INFO] 訓練完成 - in_sample_train_auc: 0.9922, CV AUC: 0.9767 ± 0.0136
FAILED                                                                   [ 76%]
tests/momentum/Analysis/test_lightgbm_edge_cases.py::test_s6_loaded_model_can_be_retrained[lightgbm] 
-------------------------------- live log call ---------------------------------
01:30:13 [INFO] 開始訓練 LightGBM 模型 - 樣本數: 120, 特徵數: 8
01:30:13 [INFO] 標籤分佈: {0: 60, 1: 60}
01:30:13 [INFO] 訓練集: 96 樣本, 驗證集: 24 樣本
01:30:13 [INFO] 開始交叉驗證 - 3-fold CV
01:30:13 [INFO] Fold 1/3 - AUC: 0.9750, Precision: 0.8696, Recall: 1.0000, F1: 0.9302
01:30:13 [INFO] Fold 2/3 - AUC: 0.9763, Precision: 0.9444, Recall: 0.8500, F1: 0.8947
01:30:13 [INFO] Fold 3/3 - AUC: 0.9563, Precision: 0.9000, Recall: 0.9000, F1: 0.9000
01:30:13 [INFO] 校準指標(cv_oof) - Brier: 0.1313, ECE: 0.2317, 品質: poor
01:30:13 [WARNING] 校準品質偏低，建議重新調整模型或做機率校準
01:30:13 [INFO] 交叉驗證完成 - in_sample_train_auc: 0.9867, CV AUC: 0.9692 ± 0.0091, Overfitting: 0.0175
01:30:13 [INFO] 訓練完成 - in_sample_train_auc: 0.9867, CV AUC: 0.9692 ± 0.0091
FAILED                                                                   [ 76%]
tests/momentum/Analysis/test_lightgbm_edge_cases.py::test_s6_loaded_model_can_be_retrained[xgboost] 
-------------------------------- live log call ---------------------------------
01:30:13 [INFO] 開始訓練 XGBoost 模型 - 樣本數: 120, 特徵數: 8
01:30:13 [INFO] 標籤分佈: {0: 60, 1: 60}
01:30:13 [INFO] 訓練集: 96 樣本, 驗證集: 24 樣本
01:30:13 [INFO] 開始交叉驗證 - 3-fold CV
01:30:13 [INFO] Fold 1/3 - AUC: 0.9850, Precision: 0.9091, Recall: 1.0000, F1: 0.9524
01:30:13 [INFO] Fold 2/3 - AUC: 0.9875, Precision: 0.9474, Recall: 0.9000, F1: 0.9231
01:30:13 [INFO] Fold 3/3 - AUC: 0.9575, Precision: 0.8636, Recall: 0.9500, F1: 0.9048
01:30:13 [INFO] 交叉驗證完成 - in_sample_train_auc: 0.9914, CV AUC: 0.9767 ± 0.0136, Overfitting: 0.0147
01:30:13 [INFO] 訓練完成 - in_sample_train_auc: 0.9922, CV AUC: 0.9767 ± 0.0136
FAILED                                                                   [ 76%]
tests/momentum/Analysis/test_lightgbm_edge_cases.py::test_o1_oot_insufficient_samples_returns_result[lightgbm] 
-------------------------------- live log call ---------------------------------
01:30:13 [INFO] 開始訓練 LightGBM 模型 - 樣本數: 120, 特徵數: 8
01:30:13 [INFO] 標籤分佈: {0: 60, 1: 60}
01:30:13 [INFO] 訓練集: 96 樣本, 驗證集: 24 樣本
01:30:13 [INFO] 開始交叉驗證 - 3-fold CV
01:30:13 [INFO] Fold 1/3 - AUC: 0.9750, Precision: 0.8696, Recall: 1.0000, F1: 0.9302
01:30:13 [INFO] Fold 2/3 - AUC: 0.9763, Precision: 0.9444, Recall: 0.8500, F1: 0.8947
01:30:13 [INFO] Fold 3/3 - AUC: 0.9563, Precision: 0.9000, Recall: 0.9000, F1: 0.9000
01:30:13 [INFO] 校準指標(cv_oof) - Brier: 0.1313, ECE: 0.2317, 品質: poor
01:30:13 [WARNING] 校準品質偏低，建議重新調整模型或做機率校準
01:30:13 [INFO] 交叉驗證完成 - in_sample_train_auc: 0.9867, CV AUC: 0.9692 ± 0.0091, Overfitting: 0.0175
01:30:13 [INFO] 訓練完成 - in_sample_train_auc: 0.9867, CV AUC: 0.9692 ± 0.0091
01:30:13 [WARNING] OOT 樣本數不足 50
PASSED                                                                   [ 76%]
tests/momentum/Analysis/test_lightgbm_edge_cases.py::test_o1_oot_insufficient_samples_returns_result[xgboost] 
-------------------------------- live log call ---------------------------------
01:30:13 [INFO] 開始訓練 XGBoost 模型 - 樣本數: 120, 特徵數: 8
01:30:13 [INFO] 標籤分佈: {0: 60, 1: 60}
01:30:13 [INFO] 訓練集: 96 樣本, 驗證集: 24 樣本
01:30:13 [INFO] 開始交叉驗證 - 3-fold CV
01:30:13 [INFO] Fold 1/3 - AUC: 0.9850, Precision: 0.9091, Recall: 1.0000, F1: 0.9524
01:30:13 [INFO] Fold 2/3 - AUC: 0.9875, Precision: 0.9474, Recall: 0.9000, F1: 0.9231
01:30:13 [INFO] Fold 3/3 - AUC: 0.9575, Precision: 0.8636, Recall: 0.9500, F1: 0.9048
01:30:13 [INFO] 交叉驗證完成 - in_sample_train_auc: 0.9914, CV AUC: 0.9767 ± 0.0136, Overfitting: 0.0147
01:30:13 [INFO] 訓練完成 - in_sample_train_auc: 0.9922, CV AUC: 0.9767 ± 0.0136
01:30:13 [INFO] 開始 OOT 驗證 - 樣本數: 20, 期間:  ~ 
01:30:13 [INFO] OOT 驗證完成 - AUC: 1.0000, Precision: 0.9091, Recall: 1.0000, 正樣本率: 50.00%
01:30:13 [INFO] CV-OOT Gap: -0.3000 - 狀態: good
PASSED                                                                   [ 76%]
tests/momentum/Analysis/test_lightgbm_edge_cases.py::test_o2_oot_single_class_sets_auc_none[lightgbm] 
-------------------------------- live log call ---------------------------------
01:30:13 [INFO] 開始訓練 LightGBM 模型 - 樣本數: 120, 特徵數: 8
01:30:13 [INFO] 標籤分佈: {0: 60, 1: 60}
01:30:13 [INFO] 訓練集: 96 樣本, 驗證集: 24 樣本
01:30:13 [INFO] 開始交叉驗證 - 3-fold CV
01:30:13 [INFO] Fold 1/3 - AUC: 0.9750, Precision: 0.8696, Recall: 1.0000, F1: 0.9302
01:30:13 [INFO] Fold 2/3 - AUC: 0.9763, Precision: 0.9444, Recall: 0.8500, F1: 0.8947
01:30:13 [INFO] Fold 3/3 - AUC: 0.9563, Precision: 0.9000, Recall: 0.9000, F1: 0.9000
01:30:13 [INFO] 校準指標(cv_oof) - Brier: 0.1313, ECE: 0.2317, 品質: poor
01:30:13 [WARNING] 校準品質偏低，建議重新調整模型或做機率校準
01:30:13 [INFO] 交叉驗證完成 - in_sample_train_auc: 0.9867, CV AUC: 0.9692 ± 0.0091, Overfitting: 0.0175
01:30:13 [INFO] 訓練完成 - in_sample_train_auc: 0.9867, CV AUC: 0.9692 ± 0.0091
01:30:13 [WARNING] OOT 樣本數不足 50
01:30:13 [WARNING] OOT 標籤只有單一類別，無法計算 AUC
PASSED                                                                   [ 76%]
tests/momentum/Analysis/test_lightgbm_edge_cases.py::test_o2_oot_single_class_sets_auc_none[xgboost] 
-------------------------------- live log call ---------------------------------
01:30:13 [INFO] 開始訓練 XGBoost 模型 - 樣本數: 120, 特徵數: 8
01:30:13 [INFO] 標籤分佈: {0: 60, 1: 60}
01:30:13 [INFO] 訓練集: 96 樣本, 驗證集: 24 樣本
01:30:13 [INFO] 開始交叉驗證 - 3-fold CV
01:30:13 [INFO] Fold 1/3 - AUC: 0.9850, Precision: 0.9091, Recall: 1.0000, F1: 0.9524
01:30:13 [INFO] Fold 2/3 - AUC: 0.9875, Precision: 0.9474, Recall: 0.9000, F1: 0.9231
01:30:13 [INFO] Fold 3/3 - AUC: 0.9575, Precision: 0.8636, Recall: 0.9500, F1: 0.9048
01:30:14 [INFO] 交叉驗證完成 - in_sample_train_auc: 0.9914, CV AUC: 0.9767 ± 0.0136, Overfitting: 0.0147
01:30:14 [INFO] 訓練完成 - in_sample_train_auc: 0.9922, CV AUC: 0.9767 ± 0.0136
01:30:14 [INFO] 開始 OOT 驗證 - 樣本數: 30, 期間:  ~ 
01:30:14 [WARNING] OOT 標籤只有單一類別 ([0])，AUC 設為 NaN
01:30:14 [INFO] OOT 驗證完成 - AUC: nan, Precision: 0.0000, Recall: 0.0000, 正樣本率: 0.00%
PASSED                                                                   [ 76%]
tests/momentum/Analysis/test_lightgbm_edge_cases.py::test_h1_shap_sample_size_handling[1-lightgbm] 
-------------------------------- live log call ---------------------------------
01:30:14 [INFO] 開始訓練 LightGBM 模型 - 樣本數: 120, 特徵數: 8
01:30:14 [INFO] 標籤分佈: {0: 60, 1: 60}
01:30:14 [INFO] 訓練集: 96 樣本, 驗證集: 24 樣本
01:30:14 [INFO] 開始交叉驗證 - 3-fold CV
01:30:14 [INFO] Fold 1/3 - AUC: 0.9750, Precision: 0.8696, Recall: 1.0000, F1: 0.9302
01:30:14 [INFO] Fold 2/3 - AUC: 0.9763, Precision: 0.9444, Recall: 0.8500, F1: 0.8947
01:30:14 [INFO] Fold 3/3 - AUC: 0.9563, Precision: 0.9000, Recall: 0.9000, F1: 0.9000
01:30:14 [INFO] 校準指標(cv_oof) - Brier: 0.1313, ECE: 0.2317, 品質: poor
01:30:14 [WARNING] 校準品質偏低，建議重新調整模型或做機率校準
01:30:14 [INFO] 交叉驗證完成 - in_sample_train_auc: 0.9867, CV AUC: 0.9692 ± 0.0091, Overfitting: 0.0175
01:30:14 [INFO] 訓練完成 - in_sample_train_auc: 0.9867, CV AUC: 0.9692 ± 0.0091
01:30:14 [INFO] SHAP 全局分析完成 - 樣本數: 1, 特徵數: 8
PASSED                                                                   [ 76%]
tests/momentum/Analysis/test_lightgbm_edge_cases.py::test_h1_shap_sample_size_handling[1-xgboost] 
-------------------------------- live log call ---------------------------------
01:30:14 [INFO] 開始訓練 XGBoost 模型 - 樣本數: 120, 特徵數: 8
01:30:14 [INFO] 標籤分佈: {0: 60, 1: 60}
01:30:14 [INFO] 訓練集: 96 樣本, 驗證集: 24 樣本
01:30:14 [INFO] 開始交叉驗證 - 3-fold CV
01:30:14 [INFO] Fold 1/3 - AUC: 0.9850, Precision: 0.9091, Recall: 1.0000, F1: 0.9524
01:30:14 [INFO] Fold 2/3 - AUC: 0.9875, Precision: 0.9474, Recall: 0.9000, F1: 0.9231
01:30:14 [INFO] Fold 3/3 - AUC: 0.9575, Precision: 0.8636, Recall: 0.9500, F1: 0.9048
01:30:14 [INFO] 交叉驗證完成 - in_sample_train_auc: 0.9914, CV AUC: 0.9767 ± 0.0136, Overfitting: 0.0147
01:30:14 [INFO] 訓練完成 - in_sample_train_auc: 0.9922, CV AUC: 0.9767 ± 0.0136
01:30:14 [INFO] SHAP 全局分析完成 - 樣本數: 1, 特徵數: 8
PASSED                                                                   [ 76%]
tests/momentum/Analysis/test_lightgbm_edge_cases.py::test_h1_shap_sample_size_handling[5-lightgbm] 
-------------------------------- live log call ---------------------------------
01:30:14 [INFO] 開始訓練 LightGBM 模型 - 樣本數: 120, 特徵數: 8
01:30:14 [INFO] 標籤分佈: {0: 60, 1: 60}
01:30:14 [INFO] 訓練集: 96 樣本, 驗證集: 24 樣本
01:30:14 [INFO] 開始交叉驗證 - 3-fold CV
01:30:14 [INFO] Fold 1/3 - AUC: 0.9750, Precision: 0.8696, Recall: 1.0000, F1: 0.9302
01:30:14 [INFO] Fold 2/3 - AUC: 0.9763, Precision: 0.9444, Recall: 0.8500, F1: 0.8947
01:30:14 [INFO] Fold 3/3 - AUC: 0.9563, Precision: 0.9000, Recall: 0.9000, F1: 0.9000
01:30:14 [INFO] 校準指標(cv_oof) - Brier: 0.1313, ECE: 0.2317, 品質: poor
01:30:14 [WARNING] 校準品質偏低，建議重新調整模型或做機率校準
01:30:14 [INFO] 交叉驗證完成 - in_sample_train_auc: 0.9867, CV AUC: 0.9692 ± 0.0091, Overfitting: 0.0175
01:30:14 [INFO] 訓練完成 - in_sample_train_auc: 0.9867, CV AUC: 0.9692 ± 0.0091
01:30:14 [INFO] SHAP 全局分析完成 - 樣本數: 5, 特徵數: 8
PASSED                                                                   [ 76%]
tests/momentum/Analysis/test_lightgbm_edge_cases.py::test_h1_shap_sample_size_handling[5-xgboost] 
-------------------------------- live log call ---------------------------------
01:30:14 [INFO] 開始訓練 XGBoost 模型 - 樣本數: 120, 特徵數: 8
01:30:14 [INFO] 標籤分佈: {0: 60, 1: 60}
01:30:14 [INFO] 訓練集: 96 樣本, 驗證集: 24 樣本
01:30:14 [INFO] 開始交叉驗證 - 3-fold CV
01:30:14 [INFO] Fold 1/3 - AUC: 0.9850, Precision: 0.9091, Recall: 1.0000, F1: 0.9524
01:30:14 [INFO] Fold 2/3 - AUC: 0.9875, Precision: 0.9474, Recall: 0.9000, F1: 0.9231
01:30:14 [INFO] Fold 3/3 - AUC: 0.9575, Precision: 0.8636, Recall: 0.9500, F1: 0.9048
01:30:14 [INFO] 交叉驗證完成 - in_sample_train_auc: 0.9914, CV AUC: 0.9767 ± 0.0136, Overfitting: 0.0147
01:30:14 [INFO] 訓練完成 - in_sample_train_auc: 0.9922, CV AUC: 0.9767 ± 0.0136
01:30:14 [INFO] SHAP 全局分析完成 - 樣本數: 5, 特徵數: 8
PASSED                                                                   [ 76%]
tests/momentum/Analysis/test_lightgbm_edge_cases.py::test_h1_shap_sample_size_handling[20-lightgbm] 
-------------------------------- live log call ---------------------------------
01:30:14 [INFO] 開始訓練 LightGBM 模型 - 樣本數: 120, 特徵數: 8
01:30:14 [INFO] 標籤分佈: {0: 60, 1: 60}
01:30:14 [INFO] 訓練集: 96 樣本, 驗證集: 24 樣本
01:30:14 [INFO] 開始交叉驗證 - 3-fold CV
01:30:14 [INFO] Fold 1/3 - AUC: 0.9750, Precision: 0.8696, Recall: 1.0000, F1: 0.9302
01:30:14 [INFO] Fold 2/3 - AUC: 0.9763, Precision: 0.9444, Recall: 0.8500, F1: 0.8947
01:30:14 [INFO] Fold 3/3 - AUC: 0.9563, Precision: 0.9000, Recall: 0.9000, F1: 0.9000
01:30:14 [INFO] 校準指標(cv_oof) - Brier: 0.1313, ECE: 0.2317, 品質: poor
01:30:14 [WARNING] 校準品質偏低，建議重新調整模型或做機率校準
01:30:14 [INFO] 交叉驗證完成 - in_sample_train_auc: 0.9867, CV AUC: 0.9692 ± 0.0091, Overfitting: 0.0175
01:30:14 [INFO] 訓練完成 - in_sample_train_auc: 0.9867, CV AUC: 0.9692 ± 0.0091
01:30:14 [INFO] SHAP 全局分析完成 - 樣本數: 20, 特徵數: 8
PASSED                                                                   [ 77%]
tests/momentum/Analysis/test_lightgbm_edge_cases.py::test_h1_shap_sample_size_handling[20-xgboost] 
-------------------------------- live log call ---------------------------------
01:30:14 [INFO] 開始訓練 XGBoost 模型 - 樣本數: 120, 特徵數: 8
01:30:14 [INFO] 標籤分佈: {0: 60, 1: 60}
01:30:14 [INFO] 訓練集: 96 樣本, 驗證集: 24 樣本
01:30:14 [INFO] 開始交叉驗證 - 3-fold CV
01:30:14 [INFO] Fold 1/3 - AUC: 0.9850, Precision: 0.9091, Recall: 1.0000, F1: 0.9524
01:30:14 [INFO] Fold 2/3 - AUC: 0.9875, Precision: 0.9474, Recall: 0.9000, F1: 0.9231
01:30:14 [INFO] Fold 3/3 - AUC: 0.9575, Precision: 0.8636, Recall: 0.9500, F1: 0.9048
01:30:14 [INFO] 交叉驗證完成 - in_sample_train_auc: 0.9914, CV AUC: 0.9767 ± 0.0136, Overfitting: 0.0147
01:30:14 [INFO] 訓練完成 - in_sample_train_auc: 0.9922, CV AUC: 0.9767 ± 0.0136
01:30:14 [INFO] SHAP 全局分析完成 - 樣本數: 20, 特徵數: 8
PASSED                                                                   [ 77%]
tests/momentum/Analysis/test_lightgbm_edge_cases.py::test_h1_shap_sample_size_handling[50-lightgbm] 
-------------------------------- live log call ---------------------------------
01:30:14 [INFO] 開始訓練 LightGBM 模型 - 樣本數: 120, 特徵數: 8
01:30:14 [INFO] 標籤分佈: {0: 60, 1: 60}
01:30:14 [INFO] 訓練集: 96 樣本, 驗證集: 24 樣本
01:30:14 [INFO] 開始交叉驗證 - 3-fold CV
01:30:14 [INFO] Fold 1/3 - AUC: 0.9750, Precision: 0.8696, Recall: 1.0000, F1: 0.9302
01:30:14 [INFO] Fold 2/3 - AUC: 0.9763, Precision: 0.9444, Recall: 0.8500, F1: 0.8947
01:30:14 [INFO] Fold 3/3 - AUC: 0.9563, Precision: 0.9000, Recall: 0.9000, F1: 0.9000
01:30:14 [INFO] 校準指標(cv_oof) - Brier: 0.1313, ECE: 0.2317, 品質: poor
01:30:14 [WARNING] 校準品質偏低，建議重新調整模型或做機率校準
01:30:14 [INFO] 交叉驗證完成 - in_sample_train_auc: 0.9867, CV AUC: 0.9692 ± 0.0091, Overfitting: 0.0175
01:30:14 [INFO] 訓練完成 - in_sample_train_auc: 0.9867, CV AUC: 0.9692 ± 0.0091
01:30:14 [INFO] SHAP 全局分析完成 - 樣本數: 40, 特徵數: 8
PASSED                                                                   [ 77%]
tests/momentum/Analysis/test_lightgbm_edge_cases.py::test_h1_shap_sample_size_handling[50-xgboost] 
-------------------------------- live log call ---------------------------------
01:30:14 [INFO] 開始訓練 XGBoost 模型 - 樣本數: 120, 特徵數: 8
01:30:14 [INFO] 標籤分佈: {0: 60, 1: 60}
01:30:14 [INFO] 訓練集: 96 樣本, 驗證集: 24 樣本
01:30:14 [INFO] 開始交叉驗證 - 3-fold CV
01:30:14 [INFO] Fold 1/3 - AUC: 0.9850, Precision: 0.9091, Recall: 1.0000, F1: 0.9524
01:30:14 [INFO] Fold 2/3 - AUC: 0.9875, Precision: 0.9474, Recall: 0.9000, F1: 0.9231
01:30:14 [INFO] Fold 3/3 - AUC: 0.9575, Precision: 0.8636, Recall: 0.9500, F1: 0.9048
01:30:14 [INFO] 交叉驗證完成 - in_sample_train_auc: 0.9914, CV AUC: 0.9767 ± 0.0136, Overfitting: 0.0147
01:30:14 [INFO] 訓練完成 - in_sample_train_auc: 0.9922, CV AUC: 0.9767 ± 0.0136
01:30:14 [INFO] SHAP 全局分析完成 - 樣本數: 40, 特徵數: 8
PASSED                                                                   [ 77%]
tests/momentum/Analysis/test_lightgbm_edge_cases.py::test_h1_shap_sample_size_handling[9999-lightgbm] 
-------------------------------- live log call ---------------------------------
01:30:14 [INFO] 開始訓練 LightGBM 模型 - 樣本數: 120, 特徵數: 8
01:30:14 [INFO] 標籤分佈: {0: 60, 1: 60}
01:30:14 [INFO] 訓練集: 96 樣本, 驗證集: 24 樣本
01:30:14 [INFO] 開始交叉驗證 - 3-fold CV
01:30:14 [INFO] Fold 1/3 - AUC: 0.9750, Precision: 0.8696, Recall: 1.0000, F1: 0.9302
01:30:14 [INFO] Fold 2/3 - AUC: 0.9763, Precision: 0.9444, Recall: 0.8500, F1: 0.8947
01:30:14 [INFO] Fold 3/3 - AUC: 0.9563, Precision: 0.9000, Recall: 0.9000, F1: 0.9000
01:30:14 [INFO] 校準指標(cv_oof) - Brier: 0.1313, ECE: 0.2317, 品質: poor
01:30:14 [WARNING] 校準品質偏低，建議重新調整模型或做機率校準
01:30:14 [INFO] 交叉驗證完成 - in_sample_train_auc: 0.9867, CV AUC: 0.9692 ± 0.0091, Overfitting: 0.0175
01:30:14 [INFO] 訓練完成 - in_sample_train_auc: 0.9867, CV AUC: 0.9692 ± 0.0091
01:30:14 [INFO] SHAP 全局分析完成 - 樣本數: 40, 特徵數: 8
PASSED                                                                   [ 77%]
tests/momentum/Analysis/test_lightgbm_edge_cases.py::test_h1_shap_sample_size_handling[9999-xgboost] 
-------------------------------- live log call ---------------------------------
01:30:14 [INFO] 開始訓練 XGBoost 模型 - 樣本數: 120, 特徵數: 8
01:30:14 [INFO] 標籤分佈: {0: 60, 1: 60}
01:30:14 [INFO] 訓練集: 96 樣本, 驗證集: 24 樣本
01:30:14 [INFO] 開始交叉驗證 - 3-fold CV
01:30:14 [INFO] Fold 1/3 - AUC: 0.9850, Precision: 0.9091, Recall: 1.0000, F1: 0.9524
01:30:14 [INFO] Fold 2/3 - AUC: 0.9875, Precision: 0.9474, Recall: 0.9000, F1: 0.9231
01:30:14 [INFO] Fold 3/3 - AUC: 0.9575, Precision: 0.8636, Recall: 0.9500, F1: 0.9048
01:30:14 [INFO] 交叉驗證完成 - in_sample_train_auc: 0.9914, CV AUC: 0.9767 ± 0.0136, Overfitting: 0.0147
01:30:14 [INFO] 訓練完成 - in_sample_train_auc: 0.9922, CV AUC: 0.9767 ± 0.0136
01:30:14 [INFO] SHAP 全局分析完成 - 樣本數: 40, 特徵數: 8
PASSED                                                                   [ 77%]
tests/momentum/Analysis/test_lightgbm_edge_cases.py::test_h2_shap_sample_size_zero_raises[lightgbm] 
-------------------------------- live log call ---------------------------------
01:30:14 [INFO] 開始訓練 LightGBM 模型 - 樣本數: 120, 特徵數: 8
01:30:14 [INFO] 標籤分佈: {0: 60, 1: 60}
01:30:14 [INFO] 訓練集: 96 樣本, 驗證集: 24 樣本
01:30:14 [INFO] 開始交叉驗證 - 3-fold CV
01:30:14 [INFO] Fold 1/3 - AUC: 0.9750, Precision: 0.8696, Recall: 1.0000, F1: 0.9302
01:30:14 [INFO] Fold 2/3 - AUC: 0.9763, Precision: 0.9444, Recall: 0.8500, F1: 0.8947
01:30:14 [INFO] Fold 3/3 - AUC: 0.9563, Precision: 0.9000, Recall: 0.9000, F1: 0.9000
01:30:14 [INFO] 校準指標(cv_oof) - Brier: 0.1313, ECE: 0.2317, 品質: poor
01:30:14 [WARNING] 校準品質偏低，建議重新調整模型或做機率校準
01:30:14 [INFO] 交叉驗證完成 - in_sample_train_auc: 0.9867, CV AUC: 0.9692 ± 0.0091, Overfitting: 0.0175
01:30:14 [INFO] 訓練完成 - in_sample_train_auc: 0.9867, CV AUC: 0.9692 ± 0.0091
PASSED                                                                   [ 77%]
tests/momentum/Analysis/test_lightgbm_edge_cases.py::test_h2_shap_sample_size_zero_raises[xgboost] 
-------------------------------- live log call ---------------------------------
01:30:14 [INFO] 開始訓練 XGBoost 模型 - 樣本數: 120, 特徵數: 8
01:30:14 [INFO] 標籤分佈: {0: 60, 1: 60}
01:30:14 [INFO] 訓練集: 96 樣本, 驗證集: 24 樣本
01:30:14 [INFO] 開始交叉驗證 - 3-fold CV
01:30:14 [INFO] Fold 1/3 - AUC: 0.9850, Precision: 0.9091, Recall: 1.0000, F1: 0.9524
01:30:14 [INFO] Fold 2/3 - AUC: 0.9875, Precision: 0.9474, Recall: 0.9000, F1: 0.9231
01:30:14 [INFO] Fold 3/3 - AUC: 0.9575, Precision: 0.8636, Recall: 0.9500, F1: 0.9048
01:30:14 [INFO] 交叉驗證完成 - in_sample_train_auc: 0.9914, CV AUC: 0.9767 ± 0.0136, Overfitting: 0.0147
01:30:14 [INFO] 訓練完成 - in_sample_train_auc: 0.9922, CV AUC: 0.9767 ± 0.0136
PASSED                                                                   [ 77%]
tests/momentum/Analysis/test_lightgbm_edge_cases.py::test_h3_explain_single_case_feature_mismatch_raises[lightgbm] 
-------------------------------- live log call ---------------------------------
01:30:14 [INFO] 開始訓練 LightGBM 模型 - 樣本數: 120, 特徵數: 8
01:30:14 [INFO] 標籤分佈: {0: 60, 1: 60}
01:30:14 [INFO] 訓練集: 96 樣本, 驗證集: 24 樣本
01:30:14 [INFO] 開始交叉驗證 - 3-fold CV
01:30:14 [INFO] Fold 1/3 - AUC: 0.9750, Precision: 0.8696, Recall: 1.0000, F1: 0.9302
01:30:14 [INFO] Fold 2/3 - AUC: 0.9763, Precision: 0.9444, Recall: 0.8500, F1: 0.8947
01:30:14 [INFO] Fold 3/3 - AUC: 0.9563, Precision: 0.9000, Recall: 0.9000, F1: 0.9000
01:30:14 [INFO] 校準指標(cv_oof) - Brier: 0.1313, ECE: 0.2317, 品質: poor
01:30:14 [WARNING] 校準品質偏低，建議重新調整模型或做機率校準
01:30:14 [INFO] 交叉驗證完成 - in_sample_train_auc: 0.9867, CV AUC: 0.9692 ± 0.0091, Overfitting: 0.0175
01:30:14 [INFO] 訓練完成 - in_sample_train_auc: 0.9867, CV AUC: 0.9692 ± 0.0091
PASSED                                                                   [ 77%]
tests/momentum/Analysis/test_lightgbm_edge_cases.py::test_h3_explain_single_case_feature_mismatch_raises[xgboost] 
-------------------------------- live log call ---------------------------------
01:30:14 [INFO] 開始訓練 XGBoost 模型 - 樣本數: 120, 特徵數: 8
01:30:14 [INFO] 標籤分佈: {0: 60, 1: 60}
01:30:14 [INFO] 訓練集: 96 樣本, 驗證集: 24 樣本
01:30:14 [INFO] 開始交叉驗證 - 3-fold CV
01:30:14 [INFO] Fold 1/3 - AUC: 0.9850, Precision: 0.9091, Recall: 1.0000, F1: 0.9524
01:30:14 [INFO] Fold 2/3 - AUC: 0.9875, Precision: 0.9474, Recall: 0.9000, F1: 0.9231
01:30:14 [INFO] Fold 3/3 - AUC: 0.9575, Precision: 0.8636, Recall: 0.9500, F1: 0.9048
01:30:14 [INFO] 交叉驗證完成 - in_sample_train_auc: 0.9914, CV AUC: 0.9767 ± 0.0136, Overfitting: 0.0147
01:30:14 [INFO] 訓練完成 - in_sample_train_auc: 0.9922, CV AUC: 0.9767 ± 0.0136
PASSED                                                                   [ 77%]
tests/momentum/Analysis/test_lightgbm_edge_cases.py::test_precision_at_k_parameter_sweep[1-lightgbm] 
-------------------------------- live log call ---------------------------------
01:30:14 [INFO] 開始訓練 LightGBM 模型 - 樣本數: 120, 特徵數: 8
01:30:14 [INFO] 標籤分佈: {0: 60, 1: 60}
01:30:14 [INFO] 訓練集: 96 樣本, 驗證集: 24 樣本
01:30:14 [INFO] 開始交叉驗證 - 3-fold CV
01:30:14 [INFO] Fold 1/3 - AUC: 0.9750, Precision: 0.8696, Recall: 1.0000, F1: 0.9302
01:30:14 [INFO] Fold 2/3 - AUC: 0.9763, Precision: 0.9444, Recall: 0.8500, F1: 0.8947
01:30:14 [INFO] Fold 3/3 - AUC: 0.9563, Precision: 0.9000, Recall: 0.9000, F1: 0.9000
01:30:14 [INFO] 校準指標(cv_oof) - Brier: 0.1313, ECE: 0.2317, 品質: poor
01:30:14 [WARNING] 校準品質偏低，建議重新調整模型或做機率校準
01:30:14 [INFO] 交叉驗證完成 - in_sample_train_auc: 0.9867, CV AUC: 0.9692 ± 0.0091, Overfitting: 0.0175
01:30:14 [INFO] 訓練完成 - in_sample_train_auc: 0.9867, CV AUC: 0.9692 ± 0.0091
PASSED                                                                   [ 77%]
tests/momentum/Analysis/test_lightgbm_edge_cases.py::test_precision_at_k_parameter_sweep[1-xgboost] 
-------------------------------- live log call ---------------------------------
01:30:14 [INFO] 開始訓練 XGBoost 模型 - 樣本數: 120, 特徵數: 8
01:30:14 [INFO] 標籤分佈: {0: 60, 1: 60}
01:30:14 [INFO] 訓練集: 96 樣本, 驗證集: 24 樣本
01:30:14 [INFO] 開始交叉驗證 - 3-fold CV
01:30:14 [INFO] Fold 1/3 - AUC: 0.9850, Precision: 0.9091, Recall: 1.0000, F1: 0.9524
01:30:14 [INFO] Fold 2/3 - AUC: 0.9875, Precision: 0.9474, Recall: 0.9000, F1: 0.9231
01:30:14 [INFO] Fold 3/3 - AUC: 0.9575, Precision: 0.8636, Recall: 0.9500, F1: 0.9048
01:30:14 [INFO] 交叉驗證完成 - in_sample_train_auc: 0.9914, CV AUC: 0.9767 ± 0.0136, Overfitting: 0.0147
01:30:14 [INFO] 訓練完成 - in_sample_train_auc: 0.9922, CV AUC: 0.9767 ± 0.0136
01:30:14 [INFO] Precision@1% = 1.0000, threshold=0.6888, samples=1
PASSED                                                                   [ 78%]
tests/momentum/Analysis/test_lightgbm_edge_cases.py::test_precision_at_k_parameter_sweep[2-lightgbm] 
-------------------------------- live log call ---------------------------------
01:30:14 [INFO] 開始訓練 LightGBM 模型 - 樣本數: 120, 特徵數: 8
01:30:14 [INFO] 標籤分佈: {0: 60, 1: 60}
01:30:14 [INFO] 訓練集: 96 樣本, 驗證集: 24 樣本
01:30:14 [INFO] 開始交叉驗證 - 3-fold CV
01:30:14 [INFO] Fold 1/3 - AUC: 0.9750, Precision: 0.8696, Recall: 1.0000, F1: 0.9302
01:30:14 [INFO] Fold 2/3 - AUC: 0.9763, Precision: 0.9444, Recall: 0.8500, F1: 0.8947
01:30:14 [INFO] Fold 3/3 - AUC: 0.9563, Precision: 0.9000, Recall: 0.9000, F1: 0.9000
01:30:14 [INFO] 校準指標(cv_oof) - Brier: 0.1313, ECE: 0.2317, 品質: poor
01:30:14 [WARNING] 校準品質偏低，建議重新調整模型或做機率校準
01:30:14 [INFO] 交叉驗證完成 - in_sample_train_auc: 0.9867, CV AUC: 0.9692 ± 0.0091, Overfitting: 0.0175
01:30:14 [INFO] 訓練完成 - in_sample_train_auc: 0.9867, CV AUC: 0.9692 ± 0.0091
PASSED                                                                   [ 78%]
tests/momentum/Analysis/test_lightgbm_edge_cases.py::test_precision_at_k_parameter_sweep[2-xgboost] 
-------------------------------- live log call ---------------------------------
01:30:14 [INFO] 開始訓練 XGBoost 模型 - 樣本數: 120, 特徵數: 8
01:30:14 [INFO] 標籤分佈: {0: 60, 1: 60}
01:30:14 [INFO] 訓練集: 96 樣本, 驗證集: 24 樣本
01:30:14 [INFO] 開始交叉驗證 - 3-fold CV
01:30:14 [INFO] Fold 1/3 - AUC: 0.9850, Precision: 0.9091, Recall: 1.0000, F1: 0.9524
01:30:14 [INFO] Fold 2/3 - AUC: 0.9875, Precision: 0.9474, Recall: 0.9000, F1: 0.9231
01:30:14 [INFO] Fold 3/3 - AUC: 0.9575, Precision: 0.8636, Recall: 0.9500, F1: 0.9048
01:30:14 [INFO] 交叉驗證完成 - in_sample_train_auc: 0.9914, CV AUC: 0.9767 ± 0.0136, Overfitting: 0.0147
01:30:14 [INFO] 訓練完成 - in_sample_train_auc: 0.9922, CV AUC: 0.9767 ± 0.0136
01:30:14 [INFO] Precision@2% = 1.0000, threshold=0.6888, samples=2
PASSED                                                                   [ 78%]
tests/momentum/Analysis/test_lightgbm_edge_cases.py::test_precision_at_k_parameter_sweep[3-lightgbm] 
-------------------------------- live log call ---------------------------------
01:30:14 [INFO] 開始訓練 LightGBM 模型 - 樣本數: 120, 特徵數: 8
01:30:14 [INFO] 標籤分佈: {0: 60, 1: 60}
01:30:14 [INFO] 訓練集: 96 樣本, 驗證集: 24 樣本
01:30:14 [INFO] 開始交叉驗證 - 3-fold CV
01:30:14 [INFO] Fold 1/3 - AUC: 0.9750, Precision: 0.8696, Recall: 1.0000, F1: 0.9302
01:30:14 [INFO] Fold 2/3 - AUC: 0.9763, Precision: 0.9444, Recall: 0.8500, F1: 0.8947
01:30:14 [INFO] Fold 3/3 - AUC: 0.9563, Precision: 0.9000, Recall: 0.9000, F1: 0.9000
01:30:14 [INFO] 校準指標(cv_oof) - Brier: 0.1313, ECE: 0.2317, 品質: poor
01:30:14 [WARNING] 校準品質偏低，建議重新調整模型或做機率校準
01:30:14 [INFO] 交叉驗證完成 - in_sample_train_auc: 0.9867, CV AUC: 0.9692 ± 0.0091, Overfitting: 0.0175
01:30:14 [INFO] 訓練完成 - in_sample_train_auc: 0.9867, CV AUC: 0.9692 ± 0.0091
PASSED                                                                   [ 78%]
tests/momentum/Analysis/test_lightgbm_edge_cases.py::test_precision_at_k_parameter_sweep[3-xgboost] 
-------------------------------- live log call ---------------------------------
01:30:14 [INFO] 開始訓練 XGBoost 模型 - 樣本數: 120, 特徵數: 8
01:30:14 [INFO] 標籤分佈: {0: 60, 1: 60}
01:30:14 [INFO] 訓練集: 96 樣本, 驗證集: 24 樣本
01:30:14 [INFO] 開始交叉驗證 - 3-fold CV
01:30:14 [INFO] Fold 1/3 - AUC: 0.9850, Precision: 0.9091, Recall: 1.0000, F1: 0.9524
01:30:14 [INFO] Fold 2/3 - AUC: 0.9875, Precision: 0.9474, Recall: 0.9000, F1: 0.9231
01:30:15 [INFO] Fold 3/3 - AUC: 0.9575, Precision: 0.8636, Recall: 0.9500, F1: 0.9048
01:30:15 [INFO] 交叉驗證完成 - in_sample_train_auc: 0.9914, CV AUC: 0.9767 ± 0.0136, Overfitting: 0.0147
01:30:15 [INFO] 訓練完成 - in_sample_train_auc: 0.9922, CV AUC: 0.9767 ± 0.0136
01:30:15 [INFO] Precision@3% = 1.0000, threshold=0.6888, samples=3
PASSED                                                                   [ 78%]
tests/momentum/Analysis/test_lightgbm_edge_cases.py::test_precision_at_k_parameter_sweep[5-lightgbm] 
-------------------------------- live log call ---------------------------------
01:30:15 [INFO] 開始訓練 LightGBM 模型 - 樣本數: 120, 特徵數: 8
01:30:15 [INFO] 標籤分佈: {0: 60, 1: 60}
01:30:15 [INFO] 訓練集: 96 樣本, 驗證集: 24 樣本
01:30:15 [INFO] 開始交叉驗證 - 3-fold CV
01:30:15 [INFO] Fold 1/3 - AUC: 0.9750, Precision: 0.8696, Recall: 1.0000, F1: 0.9302
01:30:15 [INFO] Fold 2/3 - AUC: 0.9763, Precision: 0.9444, Recall: 0.8500, F1: 0.8947
01:30:15 [INFO] Fold 3/3 - AUC: 0.9563, Precision: 0.9000, Recall: 0.9000, F1: 0.9000
01:30:15 [INFO] 校準指標(cv_oof) - Brier: 0.1313, ECE: 0.2317, 品質: poor
01:30:15 [WARNING] 校準品質偏低，建議重新調整模型或做機率校準
01:30:15 [INFO] 交叉驗證完成 - in_sample_train_auc: 0.9867, CV AUC: 0.9692 ± 0.0091, Overfitting: 0.0175
01:30:15 [INFO] 訓練完成 - in_sample_train_auc: 0.9867, CV AUC: 0.9692 ± 0.0091
PASSED                                                                   [ 78%]
tests/momentum/Analysis/test_lightgbm_edge_cases.py::test_precision_at_k_parameter_sweep[5-xgboost] 
-------------------------------- live log call ---------------------------------
01:30:15 [INFO] 開始訓練 XGBoost 模型 - 樣本數: 120, 特徵數: 8
01:30:15 [INFO] 標籤分佈: {0: 60, 1: 60}
01:30:15 [INFO] 訓練集: 96 樣本, 驗證集: 24 樣本
01:30:15 [INFO] 開始交叉驗證 - 3-fold CV
01:30:15 [INFO] Fold 1/3 - AUC: 0.9850, Precision: 0.9091, Recall: 1.0000, F1: 0.9524
01:30:15 [INFO] Fold 2/3 - AUC: 0.9875, Precision: 0.9474, Recall: 0.9000, F1: 0.9231
01:30:15 [INFO] Fold 3/3 - AUC: 0.9575, Precision: 0.8636, Recall: 0.9500, F1: 0.9048
01:30:15 [INFO] 交叉驗證完成 - in_sample_train_auc: 0.9914, CV AUC: 0.9767 ± 0.0136, Overfitting: 0.0147
01:30:15 [INFO] 訓練完成 - in_sample_train_auc: 0.9922, CV AUC: 0.9767 ± 0.0136
01:30:15 [INFO] Precision@5% = 1.0000, threshold=0.6827, samples=6
PASSED                                                                   [ 78%]
tests/momentum/Analysis/test_lightgbm_edge_cases.py::test_precision_at_k_parameter_sweep[8-lightgbm] 
-------------------------------- live log call ---------------------------------
01:30:15 [INFO] 開始訓練 LightGBM 模型 - 樣本數: 120, 特徵數: 8
01:30:15 [INFO] 標籤分佈: {0: 60, 1: 60}
01:30:15 [INFO] 訓練集: 96 樣本, 驗證集: 24 樣本
01:30:15 [INFO] 開始交叉驗證 - 3-fold CV
01:30:15 [INFO] Fold 1/3 - AUC: 0.9750, Precision: 0.8696, Recall: 1.0000, F1: 0.9302
01:30:15 [INFO] Fold 2/3 - AUC: 0.9763, Precision: 0.9444, Recall: 0.8500, F1: 0.8947
01:30:15 [INFO] Fold 3/3 - AUC: 0.9563, Precision: 0.9000, Recall: 0.9000, F1: 0.9000
01:30:15 [INFO] 校準指標(cv_oof) - Brier: 0.1313, ECE: 0.2317, 品質: poor
01:30:15 [WARNING] 校準品質偏低，建議重新調整模型或做機率校準
01:30:15 [INFO] 交叉驗證完成 - in_sample_train_auc: 0.9867, CV AUC: 0.9692 ± 0.0091, Overfitting: 0.0175
01:30:15 [INFO] 訓練完成 - in_sample_train_auc: 0.9867, CV AUC: 0.9692 ± 0.0091
PASSED                                                                   [ 78%]
tests/momentum/Analysis/test_lightgbm_edge_cases.py::test_precision_at_k_parameter_sweep[8-xgboost] 
-------------------------------- live log call ---------------------------------
01:30:15 [INFO] 開始訓練 XGBoost 模型 - 樣本數: 120, 特徵數: 8
01:30:15 [INFO] 標籤分佈: {0: 60, 1: 60}
01:30:15 [INFO] 訓練集: 96 樣本, 驗證集: 24 樣本
01:30:15 [INFO] 開始交叉驗證 - 3-fold CV
01:30:15 [INFO] Fold 1/3 - AUC: 0.9850, Precision: 0.9091, Recall: 1.0000, F1: 0.9524
01:30:15 [INFO] Fold 2/3 - AUC: 0.9875, Precision: 0.9474, Recall: 0.9000, F1: 0.9231
01:30:15 [INFO] Fold 3/3 - AUC: 0.9575, Precision: 0.8636, Recall: 0.9500, F1: 0.9048
01:30:15 [INFO] 交叉驗證完成 - in_sample_train_auc: 0.9914, CV AUC: 0.9767 ± 0.0136, Overfitting: 0.0147
01:30:15 [INFO] 訓練完成 - in_sample_train_auc: 0.9922, CV AUC: 0.9767 ± 0.0136
01:30:15 [INFO] Precision@8% = 1.0000, threshold=0.6815, samples=9
PASSED                                                                   [ 78%]
tests/momentum/Analysis/test_lightgbm_edge_cases.py::test_precision_at_k_parameter_sweep[10-lightgbm] 
-------------------------------- live log call ---------------------------------
01:30:15 [INFO] 開始訓練 LightGBM 模型 - 樣本數: 120, 特徵數: 8
01:30:15 [INFO] 標籤分佈: {0: 60, 1: 60}
01:30:15 [INFO] 訓練集: 96 樣本, 驗證集: 24 樣本
01:30:15 [INFO] 開始交叉驗證 - 3-fold CV
01:30:15 [INFO] Fold 1/3 - AUC: 0.9750, Precision: 0.8696, Recall: 1.0000, F1: 0.9302
01:30:15 [INFO] Fold 2/3 - AUC: 0.9763, Precision: 0.9444, Recall: 0.8500, F1: 0.8947
01:30:15 [INFO] Fold 3/3 - AUC: 0.9563, Precision: 0.9000, Recall: 0.9000, F1: 0.9000
01:30:15 [INFO] 校準指標(cv_oof) - Brier: 0.1313, ECE: 0.2317, 品質: poor
01:30:15 [WARNING] 校準品質偏低，建議重新調整模型或做機率校準
01:30:15 [INFO] 交叉驗證完成 - in_sample_train_auc: 0.9867, CV AUC: 0.9692 ± 0.0091, Overfitting: 0.0175
01:30:15 [INFO] 訓練完成 - in_sample_train_auc: 0.9867, CV AUC: 0.9692 ± 0.0091
PASSED                                                                   [ 78%]
tests/momentum/Analysis/test_lightgbm_edge_cases.py::test_precision_at_k_parameter_sweep[10-xgboost] 
-------------------------------- live log call ---------------------------------
01:30:15 [INFO] 開始訓練 XGBoost 模型 - 樣本數: 120, 特徵數: 8
01:30:15 [INFO] 標籤分佈: {0: 60, 1: 60}
01:30:15 [INFO] 訓練集: 96 樣本, 驗證集: 24 樣本
01:30:15 [INFO] 開始交叉驗證 - 3-fold CV
01:30:15 [INFO] Fold 1/3 - AUC: 0.9850, Precision: 0.9091, Recall: 1.0000, F1: 0.9524
01:30:15 [INFO] Fold 2/3 - AUC: 0.9875, Precision: 0.9474, Recall: 0.9000, F1: 0.9231
01:30:15 [INFO] Fold 3/3 - AUC: 0.9575, Precision: 0.8636, Recall: 0.9500, F1: 0.9048
01:30:15 [INFO] 交叉驗證完成 - in_sample_train_auc: 0.9914, CV AUC: 0.9767 ± 0.0136, Overfitting: 0.0147
01:30:15 [INFO] 訓練完成 - in_sample_train_auc: 0.9922, CV AUC: 0.9767 ± 0.0136
01:30:15 [INFO] Precision@10% = 1.0000, threshold=0.6753, samples=12
PASSED                                                                   [ 78%]
tests/momentum/Analysis/test_lightgbm_edge_cases.py::test_precision_at_k_parameter_sweep[15-lightgbm] 
-------------------------------- live log call ---------------------------------
01:30:15 [INFO] 開始訓練 LightGBM 模型 - 樣本數: 120, 特徵數: 8
01:30:15 [INFO] 標籤分佈: {0: 60, 1: 60}
01:30:15 [INFO] 訓練集: 96 樣本, 驗證集: 24 樣本
01:30:15 [INFO] 開始交叉驗證 - 3-fold CV
01:30:15 [INFO] Fold 1/3 - AUC: 0.9750, Precision: 0.8696, Recall: 1.0000, F1: 0.9302
01:30:15 [INFO] Fold 2/3 - AUC: 0.9763, Precision: 0.9444, Recall: 0.8500, F1: 0.8947
01:30:15 [INFO] Fold 3/3 - AUC: 0.9563, Precision: 0.9000, Recall: 0.9000, F1: 0.9000
01:30:15 [INFO] 校準指標(cv_oof) - Brier: 0.1313, ECE: 0.2317, 品質: poor
01:30:15 [WARNING] 校準品質偏低，建議重新調整模型或做機率校準
01:30:15 [INFO] 交叉驗證完成 - in_sample_train_auc: 0.9867, CV AUC: 0.9692 ± 0.0091, Overfitting: 0.0175
01:30:15 [INFO] 訓練完成 - in_sample_train_auc: 0.9867, CV AUC: 0.9692 ± 0.0091
PASSED                                                                   [ 78%]
tests/momentum/Analysis/test_lightgbm_edge_cases.py::test_precision_at_k_parameter_sweep[15-xgboost] 
-------------------------------- live log call ---------------------------------
01:30:15 [INFO] 開始訓練 XGBoost 模型 - 樣本數: 120, 特徵數: 8
01:30:15 [INFO] 標籤分佈: {0: 60, 1: 60}
01:30:15 [INFO] 訓練集: 96 樣本, 驗證集: 24 樣本
01:30:15 [INFO] 開始交叉驗證 - 3-fold CV
01:30:15 [INFO] Fold 1/3 - AUC: 0.9850, Precision: 0.9091, Recall: 1.0000, F1: 0.9524
01:30:15 [INFO] Fold 2/3 - AUC: 0.9875, Precision: 0.9474, Recall: 0.9000, F1: 0.9231
01:30:15 [INFO] Fold 3/3 - AUC: 0.9575, Precision: 0.8636, Recall: 0.9500, F1: 0.9048
01:30:15 [INFO] 交叉驗證完成 - in_sample_train_auc: 0.9914, CV AUC: 0.9767 ± 0.0136, Overfitting: 0.0147
01:30:15 [INFO] 訓練完成 - in_sample_train_auc: 0.9922, CV AUC: 0.9767 ± 0.0136
01:30:15 [INFO] Precision@15% = 1.0000, threshold=0.6734, samples=18
PASSED                                                                   [ 79%]
tests/momentum/Analysis/test_lightgbm_edge_cases.py::test_precision_at_k_parameter_sweep[20-lightgbm] 
-------------------------------- live log call ---------------------------------
01:30:15 [INFO] 開始訓練 LightGBM 模型 - 樣本數: 120, 特徵數: 8
01:30:15 [INFO] 標籤分佈: {0: 60, 1: 60}
01:30:15 [INFO] 訓練集: 96 樣本, 驗證集: 24 樣本
01:30:15 [INFO] 開始交叉驗證 - 3-fold CV
01:30:15 [INFO] Fold 1/3 - AUC: 0.9750, Precision: 0.8696, Recall: 1.0000, F1: 0.9302
01:30:15 [INFO] Fold 2/3 - AUC: 0.9763, Precision: 0.9444, Recall: 0.8500, F1: 0.8947
01:30:15 [INFO] Fold 3/3 - AUC: 0.9563, Precision: 0.9000, Recall: 0.9000, F1: 0.9000
01:30:15 [INFO] 校準指標(cv_oof) - Brier: 0.1313, ECE: 0.2317, 品質: poor
01:30:15 [WARNING] 校準品質偏低，建議重新調整模型或做機率校準
01:30:15 [INFO] 交叉驗證完成 - in_sample_train_auc: 0.9867, CV AUC: 0.9692 ± 0.0091, Overfitting: 0.0175
01:30:15 [INFO] 訓練完成 - in_sample_train_auc: 0.9867, CV AUC: 0.9692 ± 0.0091
PASSED                                                                   [ 79%]
tests/momentum/Analysis/test_lightgbm_edge_cases.py::test_precision_at_k_parameter_sweep[20-xgboost] 
-------------------------------- live log call ---------------------------------
01:30:15 [INFO] 開始訓練 XGBoost 模型 - 樣本數: 120, 特徵數: 8
01:30:15 [INFO] 標籤分佈: {0: 60, 1: 60}
01:30:15 [INFO] 訓練集: 96 樣本, 驗證集: 24 樣本
01:30:15 [INFO] 開始交叉驗證 - 3-fold CV
01:30:15 [INFO] Fold 1/3 - AUC: 0.9850, Precision: 0.9091, Recall: 1.0000, F1: 0.9524
01:30:15 [INFO] Fold 2/3 - AUC: 0.9875, Precision: 0.9474, Recall: 0.9000, F1: 0.9231
01:30:15 [INFO] Fold 3/3 - AUC: 0.9575, Precision: 0.8636, Recall: 0.9500, F1: 0.9048
01:30:15 [INFO] 交叉驗證完成 - in_sample_train_auc: 0.9914, CV AUC: 0.9767 ± 0.0136, Overfitting: 0.0147
01:30:15 [INFO] 訓練完成 - in_sample_train_auc: 0.9922, CV AUC: 0.9767 ± 0.0136
01:30:15 [INFO] Precision@20% = 1.0000, threshold=0.6662, samples=24
PASSED                                                                   [ 79%]
tests/momentum/Analysis/test_lightgbm_edge_cases.py::test_precision_at_k_parameter_sweep[30-lightgbm] 
-------------------------------- live log call ---------------------------------
01:30:15 [INFO] 開始訓練 LightGBM 模型 - 樣本數: 120, 特徵數: 8
01:30:15 [INFO] 標籤分佈: {0: 60, 1: 60}
01:30:15 [INFO] 訓練集: 96 樣本, 驗證集: 24 樣本
01:30:15 [INFO] 開始交叉驗證 - 3-fold CV
01:30:15 [INFO] Fold 1/3 - AUC: 0.9750, Precision: 0.8696, Recall: 1.0000, F1: 0.9302
01:30:15 [INFO] Fold 2/3 - AUC: 0.9763, Precision: 0.9444, Recall: 0.8500, F1: 0.8947
01:30:15 [INFO] Fold 3/3 - AUC: 0.9563, Precision: 0.9000, Recall: 0.9000, F1: 0.9000
01:30:15 [INFO] 校準指標(cv_oof) - Brier: 0.1313, ECE: 0.2317, 品質: poor
01:30:15 [WARNING] 校準品質偏低，建議重新調整模型或做機率校準
01:30:15 [INFO] 交叉驗證完成 - in_sample_train_auc: 0.9867, CV AUC: 0.9692 ± 0.0091, Overfitting: 0.0175
01:30:15 [INFO] 訓練完成 - in_sample_train_auc: 0.9867, CV AUC: 0.9692 ± 0.0091
PASSED                                                                   [ 79%]
tests/momentum/Analysis/test_lightgbm_edge_cases.py::test_precision_at_k_parameter_sweep[30-xgboost] 
-------------------------------- live log call ---------------------------------
01:30:15 [INFO] 開始訓練 XGBoost 模型 - 樣本數: 120, 特徵數: 8
01:30:15 [INFO] 標籤分佈: {0: 60, 1: 60}
01:30:15 [INFO] 訓練集: 96 樣本, 驗證集: 24 樣本
01:30:15 [INFO] 開始交叉驗證 - 3-fold CV
01:30:15 [INFO] Fold 1/3 - AUC: 0.9850, Precision: 0.9091, Recall: 1.0000, F1: 0.9524
01:30:15 [INFO] Fold 2/3 - AUC: 0.9875, Precision: 0.9474, Recall: 0.9000, F1: 0.9231
01:30:15 [INFO] Fold 3/3 - AUC: 0.9575, Precision: 0.8636, Recall: 0.9500, F1: 0.9048
01:30:15 [INFO] 交叉驗證完成 - in_sample_train_auc: 0.9914, CV AUC: 0.9767 ± 0.0136, Overfitting: 0.0147
01:30:15 [INFO] 訓練完成 - in_sample_train_auc: 0.9922, CV AUC: 0.9767 ± 0.0136
01:30:15 [INFO] Precision@30% = 1.0000, threshold=0.6468, samples=36
PASSED                                                                   [ 79%]
tests/momentum/Analysis/test_lightgbm_edge_cases.py::test_precision_at_k_parameter_sweep[40-lightgbm] 
-------------------------------- live log call ---------------------------------
01:30:15 [INFO] 開始訓練 LightGBM 模型 - 樣本數: 120, 特徵數: 8
01:30:15 [INFO] 標籤分佈: {0: 60, 1: 60}
01:30:15 [INFO] 訓練集: 96 樣本, 驗證集: 24 樣本
01:30:15 [INFO] 開始交叉驗證 - 3-fold CV
01:30:15 [INFO] Fold 1/3 - AUC: 0.9750, Precision: 0.8696, Recall: 1.0000, F1: 0.9302
01:30:15 [INFO] Fold 2/3 - AUC: 0.9763, Precision: 0.9444, Recall: 0.8500, F1: 0.8947
01:30:15 [INFO] Fold 3/3 - AUC: 0.9563, Precision: 0.9000, Recall: 0.9000, F1: 0.9000
01:30:15 [INFO] 校準指標(cv_oof) - Brier: 0.1313, ECE: 0.2317, 品質: poor
01:30:15 [WARNING] 校準品質偏低，建議重新調整模型或做機率校準
01:30:15 [INFO] 交叉驗證完成 - in_sample_train_auc: 0.9867, CV AUC: 0.9692 ± 0.0091, Overfitting: 0.0175
01:30:15 [INFO] 訓練完成 - in_sample_train_auc: 0.9867, CV AUC: 0.9692 ± 0.0091
PASSED                                                                   [ 79%]
tests/momentum/Analysis/test_lightgbm_edge_cases.py::test_precision_at_k_parameter_sweep[40-xgboost] 
-------------------------------- live log call ---------------------------------
01:30:15 [INFO] 開始訓練 XGBoost 模型 - 樣本數: 120, 特徵數: 8
01:30:15 [INFO] 標籤分佈: {0: 60, 1: 60}
01:30:15 [INFO] 訓練集: 96 樣本, 驗證集: 24 樣本
01:30:15 [INFO] 開始交叉驗證 - 3-fold CV
01:30:15 [INFO] Fold 1/3 - AUC: 0.9850, Precision: 0.9091, Recall: 1.0000, F1: 0.9524
01:30:15 [INFO] Fold 2/3 - AUC: 0.9875, Precision: 0.9474, Recall: 0.9000, F1: 0.9231
01:30:15 [INFO] Fold 3/3 - AUC: 0.9575, Precision: 0.8636, Recall: 0.9500, F1: 0.9048
01:30:15 [INFO] 交叉驗證完成 - in_sample_train_auc: 0.9914, CV AUC: 0.9767 ± 0.0136, Overfitting: 0.0147
01:30:15 [INFO] 訓練完成 - in_sample_train_auc: 0.9922, CV AUC: 0.9767 ± 0.0136
01:30:15 [INFO] Precision@40% = 1.0000, threshold=0.6350, samples=48
PASSED                                                                   [ 79%]
tests/momentum/Analysis/test_lightgbm_edge_cases.py::test_precision_at_k_parameter_sweep[50-lightgbm] 
-------------------------------- live log call ---------------------------------
01:30:15 [INFO] 開始訓練 LightGBM 模型 - 樣本數: 120, 特徵數: 8
01:30:15 [INFO] 標籤分佈: {0: 60, 1: 60}
01:30:15 [INFO] 訓練集: 96 樣本, 驗證集: 24 樣本
01:30:15 [INFO] 開始交叉驗證 - 3-fold CV
01:30:15 [INFO] Fold 1/3 - AUC: 0.9750, Precision: 0.8696, Recall: 1.0000, F1: 0.9302
01:30:15 [INFO] Fold 2/3 - AUC: 0.9763, Precision: 0.9444, Recall: 0.8500, F1: 0.8947
01:30:15 [INFO] Fold 3/3 - AUC: 0.9563, Precision: 0.9000, Recall: 0.9000, F1: 0.9000
01:30:15 [INFO] 校準指標(cv_oof) - Brier: 0.1313, ECE: 0.2317, 品質: poor
01:30:15 [WARNING] 校準品質偏低，建議重新調整模型或做機率校準
01:30:15 [INFO] 交叉驗證完成 - in_sample_train_auc: 0.9867, CV AUC: 0.9692 ± 0.0091, Overfitting: 0.0175
01:30:15 [INFO] 訓練完成 - in_sample_train_auc: 0.9867, CV AUC: 0.9692 ± 0.0091
PASSED                                                                   [ 79%]
tests/momentum/Analysis/test_lightgbm_edge_cases.py::test_precision_at_k_parameter_sweep[50-xgboost] 
-------------------------------- live log call ---------------------------------
01:30:15 [INFO] 開始訓練 XGBoost 模型 - 樣本數: 120, 特徵數: 8
01:30:15 [INFO] 標籤分佈: {0: 60, 1: 60}
01:30:15 [INFO] 訓練集: 96 樣本, 驗證集: 24 樣本
01:30:15 [INFO] 開始交叉驗證 - 3-fold CV
01:30:15 [INFO] Fold 1/3 - AUC: 0.9850, Precision: 0.9091, Recall: 1.0000, F1: 0.9524
01:30:15 [INFO] Fold 2/3 - AUC: 0.9875, Precision: 0.9474, Recall: 0.9000, F1: 0.9231
01:30:15 [INFO] Fold 3/3 - AUC: 0.9575, Precision: 0.8636, Recall: 0.9500, F1: 0.9048
01:30:15 [INFO] 交叉驗證完成 - in_sample_train_auc: 0.9914, CV AUC: 0.9767 ± 0.0136, Overfitting: 0.0147
01:30:15 [INFO] 訓練完成 - in_sample_train_auc: 0.9922, CV AUC: 0.9767 ± 0.0136
01:30:15 [INFO] Precision@50% = 0.9333, threshold=0.5915, samples=60
PASSED                                                                   [ 79%]
tests/momentum/Analysis/test_lightgbm_edge_cases.py::test_precision_at_k_parameter_sweep[60-lightgbm] 
-------------------------------- live log call ---------------------------------
01:30:15 [INFO] 開始訓練 LightGBM 模型 - 樣本數: 120, 特徵數: 8
01:30:15 [INFO] 標籤分佈: {0: 60, 1: 60}
01:30:15 [INFO] 訓練集: 96 樣本, 驗證集: 24 樣本
01:30:15 [INFO] 開始交叉驗證 - 3-fold CV
01:30:15 [INFO] Fold 1/3 - AUC: 0.9750, Precision: 0.8696, Recall: 1.0000, F1: 0.9302
01:30:15 [INFO] Fold 2/3 - AUC: 0.9763, Precision: 0.9444, Recall: 0.8500, F1: 0.8947
01:30:15 [INFO] Fold 3/3 - AUC: 0.9563, Precision: 0.9000, Recall: 0.9000, F1: 0.9000
01:30:15 [INFO] 校準指標(cv_oof) - Brier: 0.1313, ECE: 0.2317, 品質: poor
01:30:15 [WARNING] 校準品質偏低，建議重新調整模型或做機率校準
01:30:15 [INFO] 交叉驗證完成 - in_sample_train_auc: 0.9867, CV AUC: 0.9692 ± 0.0091, Overfitting: 0.0175
01:30:15 [INFO] 訓練完成 - in_sample_train_auc: 0.9867, CV AUC: 0.9692 ± 0.0091
PASSED                                                                   [ 79%]
tests/momentum/Analysis/test_lightgbm_edge_cases.py::test_precision_at_k_parameter_sweep[60-xgboost] 
-------------------------------- live log call ---------------------------------
01:30:15 [INFO] 開始訓練 XGBoost 模型 - 樣本數: 120, 特徵數: 8
01:30:15 [INFO] 標籤分佈: {0: 60, 1: 60}
01:30:15 [INFO] 訓練集: 96 樣本, 驗證集: 24 樣本
01:30:15 [INFO] 開始交叉驗證 - 3-fold CV
01:30:15 [INFO] Fold 1/3 - AUC: 0.9850, Precision: 0.9091, Recall: 1.0000, F1: 0.9524
01:30:15 [INFO] Fold 2/3 - AUC: 0.9875, Precision: 0.9474, Recall: 0.9000, F1: 0.9231
01:30:15 [INFO] Fold 3/3 - AUC: 0.9575, Precision: 0.8636, Recall: 0.9500, F1: 0.9048
01:30:15 [INFO] 交叉驗證完成 - in_sample_train_auc: 0.9914, CV AUC: 0.9767 ± 0.0136, Overfitting: 0.0147
01:30:15 [INFO] 訓練完成 - in_sample_train_auc: 0.9922, CV AUC: 0.9767 ± 0.0136
01:30:15 [INFO] Precision@60% = 0.8194, threshold=0.3609, samples=72
PASSED                                                                   [ 79%]
tests/momentum/Analysis/test_lightgbm_edge_cases.py::test_validate_oot_sample_size_sweep[10-lightgbm] 
-------------------------------- live log call ---------------------------------
01:30:15 [INFO] 開始訓練 LightGBM 模型 - 樣本數: 120, 特徵數: 8
01:30:15 [INFO] 標籤分佈: {0: 60, 1: 60}
01:30:15 [INFO] 訓練集: 96 樣本, 驗證集: 24 樣本
01:30:15 [INFO] 開始交叉驗證 - 3-fold CV
01:30:15 [INFO] Fold 1/3 - AUC: 0.9750, Precision: 0.8696, Recall: 1.0000, F1: 0.9302
01:30:15 [INFO] Fold 2/3 - AUC: 0.9763, Precision: 0.9444, Recall: 0.8500, F1: 0.8947
01:30:15 [INFO] Fold 3/3 - AUC: 0.9563, Precision: 0.9000, Recall: 0.9000, F1: 0.9000
01:30:15 [INFO] 校準指標(cv_oof) - Brier: 0.1313, ECE: 0.2317, 品質: poor
01:30:15 [WARNING] 校準品質偏低，建議重新調整模型或做機率校準
01:30:15 [INFO] 交叉驗證完成 - in_sample_train_auc: 0.9867, CV AUC: 0.9692 ± 0.0091, Overfitting: 0.0175
01:30:15 [INFO] 訓練完成 - in_sample_train_auc: 0.9867, CV AUC: 0.9692 ± 0.0091
01:30:15 [WARNING] OOT 樣本數不足 50
PASSED                                                                   [ 80%]
tests/momentum/Analysis/test_lightgbm_edge_cases.py::test_validate_oot_sample_size_sweep[10-xgboost] 
-------------------------------- live log call ---------------------------------
01:30:15 [INFO] 開始訓練 XGBoost 模型 - 樣本數: 120, 特徵數: 8
01:30:15 [INFO] 標籤分佈: {0: 60, 1: 60}
01:30:15 [INFO] 訓練集: 96 樣本, 驗證集: 24 樣本
01:30:15 [INFO] 開始交叉驗證 - 3-fold CV
01:30:16 [INFO] Fold 1/3 - AUC: 0.9850, Precision: 0.9091, Recall: 1.0000, F1: 0.9524
01:30:16 [INFO] Fold 2/3 - AUC: 0.9875, Precision: 0.9474, Recall: 0.9000, F1: 0.9231
01:30:16 [INFO] Fold 3/3 - AUC: 0.9575, Precision: 0.8636, Recall: 0.9500, F1: 0.9048
01:30:16 [INFO] 交叉驗證完成 - in_sample_train_auc: 0.9914, CV AUC: 0.9767 ± 0.0136, Overfitting: 0.0147
01:30:16 [INFO] 訓練完成 - in_sample_train_auc: 0.9922, CV AUC: 0.9767 ± 0.0136
01:30:16 [INFO] 開始 OOT 驗證 - 樣本數: 10, 期間:  ~ 
01:30:16 [INFO] OOT 驗證完成 - AUC: 1.0000, Precision: 0.8333, Recall: 1.0000, 正樣本率: 50.00%
01:30:16 [INFO] CV-OOT Gap: -0.2500 - 狀態: good
PASSED                                                                   [ 80%]
tests/momentum/Analysis/test_lightgbm_edge_cases.py::test_validate_oot_sample_size_sweep[15-lightgbm] 
-------------------------------- live log call ---------------------------------
01:30:16 [INFO] 開始訓練 LightGBM 模型 - 樣本數: 120, 特徵數: 8
01:30:16 [INFO] 標籤分佈: {0: 60, 1: 60}
01:30:16 [INFO] 訓練集: 96 樣本, 驗證集: 24 樣本
01:30:16 [INFO] 開始交叉驗證 - 3-fold CV
01:30:16 [INFO] Fold 1/3 - AUC: 0.9750, Precision: 0.8696, Recall: 1.0000, F1: 0.9302
01:30:16 [INFO] Fold 2/3 - AUC: 0.9763, Precision: 0.9444, Recall: 0.8500, F1: 0.8947
01:30:16 [INFO] Fold 3/3 - AUC: 0.9563, Precision: 0.9000, Recall: 0.9000, F1: 0.9000
01:30:16 [INFO] 校準指標(cv_oof) - Brier: 0.1313, ECE: 0.2317, 品質: poor
01:30:16 [WARNING] 校準品質偏低，建議重新調整模型或做機率校準
01:30:16 [INFO] 交叉驗證完成 - in_sample_train_auc: 0.9867, CV AUC: 0.9692 ± 0.0091, Overfitting: 0.0175
01:30:16 [INFO] 訓練完成 - in_sample_train_auc: 0.9867, CV AUC: 0.9692 ± 0.0091
01:30:16 [WARNING] OOT 樣本數不足 50
PASSED                                                                   [ 80%]
tests/momentum/Analysis/test_lightgbm_edge_cases.py::test_validate_oot_sample_size_sweep[15-xgboost] 
-------------------------------- live log call ---------------------------------
01:30:16 [INFO] 開始訓練 XGBoost 模型 - 樣本數: 120, 特徵數: 8
01:30:16 [INFO] 標籤分佈: {0: 60, 1: 60}
01:30:16 [INFO] 訓練集: 96 樣本, 驗證集: 24 樣本
01:30:16 [INFO] 開始交叉驗證 - 3-fold CV
01:30:16 [INFO] Fold 1/3 - AUC: 0.9850, Precision: 0.9091, Recall: 1.0000, F1: 0.9524
01:30:16 [INFO] Fold 2/3 - AUC: 0.9875, Precision: 0.9474, Recall: 0.9000, F1: 0.9231
01:30:16 [INFO] Fold 3/3 - AUC: 0.9575, Precision: 0.8636, Recall: 0.9500, F1: 0.9048
01:30:16 [INFO] 交叉驗證完成 - in_sample_train_auc: 0.9914, CV AUC: 0.9767 ± 0.0136, Overfitting: 0.0147
01:30:16 [INFO] 訓練完成 - in_sample_train_auc: 0.9922, CV AUC: 0.9767 ± 0.0136
01:30:16 [INFO] 開始 OOT 驗證 - 樣本數: 15, 期間:  ~ 
01:30:16 [INFO] OOT 驗證完成 - AUC: 1.0000, Precision: 0.8750, Recall: 1.0000, 正樣本率: 46.67%
01:30:16 [INFO] CV-OOT Gap: -0.2500 - 狀態: good
PASSED                                                                   [ 80%]
tests/momentum/Analysis/test_lightgbm_edge_cases.py::test_validate_oot_sample_size_sweep[20-lightgbm] 
-------------------------------- live log call ---------------------------------
01:30:16 [INFO] 開始訓練 LightGBM 模型 - 樣本數: 120, 特徵數: 8
01:30:16 [INFO] 標籤分佈: {0: 60, 1: 60}
01:30:16 [INFO] 訓練集: 96 樣本, 驗證集: 24 樣本
01:30:16 [INFO] 開始交叉驗證 - 3-fold CV
01:30:16 [INFO] Fold 1/3 - AUC: 0.9750, Precision: 0.8696, Recall: 1.0000, F1: 0.9302
01:30:16 [INFO] Fold 2/3 - AUC: 0.9763, Precision: 0.9444, Recall: 0.8500, F1: 0.8947
01:30:16 [INFO] Fold 3/3 - AUC: 0.9563, Precision: 0.9000, Recall: 0.9000, F1: 0.9000
01:30:16 [INFO] 校準指標(cv_oof) - Brier: 0.1313, ECE: 0.2317, 品質: poor
01:30:16 [WARNING] 校準品質偏低，建議重新調整模型或做機率校準
01:30:16 [INFO] 交叉驗證完成 - in_sample_train_auc: 0.9867, CV AUC: 0.9692 ± 0.0091, Overfitting: 0.0175
01:30:16 [INFO] 訓練完成 - in_sample_train_auc: 0.9867, CV AUC: 0.9692 ± 0.0091
01:30:16 [WARNING] OOT 樣本數不足 50
PASSED                                                                   [ 80%]
tests/momentum/Analysis/test_lightgbm_edge_cases.py::test_validate_oot_sample_size_sweep[20-xgboost] 
-------------------------------- live log call ---------------------------------
01:30:16 [INFO] 開始訓練 XGBoost 模型 - 樣本數: 120, 特徵數: 8
01:30:16 [INFO] 標籤分佈: {0: 60, 1: 60}
01:30:16 [INFO] 訓練集: 96 樣本, 驗證集: 24 樣本
01:30:16 [INFO] 開始交叉驗證 - 3-fold CV
01:30:16 [INFO] Fold 1/3 - AUC: 0.9850, Precision: 0.9091, Recall: 1.0000, F1: 0.9524
01:30:16 [INFO] Fold 2/3 - AUC: 0.9875, Precision: 0.9474, Recall: 0.9000, F1: 0.9231
01:30:16 [INFO] Fold 3/3 - AUC: 0.9575, Precision: 0.8636, Recall: 0.9500, F1: 0.9048
01:30:16 [INFO] 交叉驗證完成 - in_sample_train_auc: 0.9914, CV AUC: 0.9767 ± 0.0136, Overfitting: 0.0147
01:30:16 [INFO] 訓練完成 - in_sample_train_auc: 0.9922, CV AUC: 0.9767 ± 0.0136
01:30:16 [INFO] 開始 OOT 驗證 - 樣本數: 20, 期間:  ~ 
01:30:16 [INFO] OOT 驗證完成 - AUC: 1.0000, Precision: 0.9091, Recall: 1.0000, 正樣本率: 50.00%
01:30:16 [INFO] CV-OOT Gap: -0.2500 - 狀態: good
PASSED                                                                   [ 80%]
tests/momentum/Analysis/test_lightgbm_edge_cases.py::test_validate_oot_sample_size_sweep[25-lightgbm] 
-------------------------------- live log call ---------------------------------
01:30:16 [INFO] 開始訓練 LightGBM 模型 - 樣本數: 120, 特徵數: 8
01:30:16 [INFO] 標籤分佈: {0: 60, 1: 60}
01:30:16 [INFO] 訓練集: 96 樣本, 驗證集: 24 樣本
01:30:16 [INFO] 開始交叉驗證 - 3-fold CV
01:30:16 [INFO] Fold 1/3 - AUC: 0.9750, Precision: 0.8696, Recall: 1.0000, F1: 0.9302
01:30:16 [INFO] Fold 2/3 - AUC: 0.9763, Precision: 0.9444, Recall: 0.8500, F1: 0.8947
01:30:16 [INFO] Fold 3/3 - AUC: 0.9563, Precision: 0.9000, Recall: 0.9000, F1: 0.9000
01:30:16 [INFO] 校準指標(cv_oof) - Brier: 0.1313, ECE: 0.2317, 品質: poor
01:30:16 [WARNING] 校準品質偏低，建議重新調整模型或做機率校準
01:30:16 [INFO] 交叉驗證完成 - in_sample_train_auc: 0.9867, CV AUC: 0.9692 ± 0.0091, Overfitting: 0.0175
01:30:16 [INFO] 訓練完成 - in_sample_train_auc: 0.9867, CV AUC: 0.9692 ± 0.0091
01:30:16 [WARNING] OOT 樣本數不足 50
PASSED                                                                   [ 80%]
tests/momentum/Analysis/test_lightgbm_edge_cases.py::test_validate_oot_sample_size_sweep[25-xgboost] 
-------------------------------- live log call ---------------------------------
01:30:16 [INFO] 開始訓練 XGBoost 模型 - 樣本數: 120, 特徵數: 8
01:30:16 [INFO] 標籤分佈: {0: 60, 1: 60}
01:30:16 [INFO] 訓練集: 96 樣本, 驗證集: 24 樣本
01:30:16 [INFO] 開始交叉驗證 - 3-fold CV
01:30:16 [INFO] Fold 1/3 - AUC: 0.9850, Precision: 0.9091, Recall: 1.0000, F1: 0.9524
01:30:16 [INFO] Fold 2/3 - AUC: 0.9875, Precision: 0.9474, Recall: 0.9000, F1: 0.9231
01:30:16 [INFO] Fold 3/3 - AUC: 0.9575, Precision: 0.8636, Recall: 0.9500, F1: 0.9048
01:30:16 [INFO] 交叉驗證完成 - in_sample_train_auc: 0.9914, CV AUC: 0.9767 ± 0.0136, Overfitting: 0.0147
01:30:16 [INFO] 訓練完成 - in_sample_train_auc: 0.9922, CV AUC: 0.9767 ± 0.0136
01:30:16 [INFO] 開始 OOT 驗證 - 樣本數: 25, 期間:  ~ 
01:30:16 [INFO] OOT 驗證完成 - AUC: 1.0000, Precision: 0.9286, Recall: 1.0000, 正樣本率: 52.00%
01:30:16 [INFO] CV-OOT Gap: -0.2500 - 狀態: good
PASSED                                                                   [ 80%]
tests/momentum/Analysis/test_lightgbm_edge_cases.py::test_validate_oot_sample_size_sweep[30-lightgbm] 
-------------------------------- live log call ---------------------------------
01:30:16 [INFO] 開始訓練 LightGBM 模型 - 樣本數: 120, 特徵數: 8
01:30:16 [INFO] 標籤分佈: {0: 60, 1: 60}
01:30:16 [INFO] 訓練集: 96 樣本, 驗證集: 24 樣本
01:30:16 [INFO] 開始交叉驗證 - 3-fold CV
01:30:16 [INFO] Fold 1/3 - AUC: 0.9750, Precision: 0.8696, Recall: 1.0000, F1: 0.9302
01:30:16 [INFO] Fold 2/3 - AUC: 0.9763, Precision: 0.9444, Recall: 0.8500, F1: 0.8947
01:30:16 [INFO] Fold 3/3 - AUC: 0.9563, Precision: 0.9000, Recall: 0.9000, F1: 0.9000
01:30:16 [INFO] 校準指標(cv_oof) - Brier: 0.1313, ECE: 0.2317, 品質: poor
01:30:16 [WARNING] 校準品質偏低，建議重新調整模型或做機率校準
01:30:16 [INFO] 交叉驗證完成 - in_sample_train_auc: 0.9867, CV AUC: 0.9692 ± 0.0091, Overfitting: 0.0175
01:30:16 [INFO] 訓練完成 - in_sample_train_auc: 0.9867, CV AUC: 0.9692 ± 0.0091
01:30:16 [WARNING] OOT 樣本數不足 50
PASSED                                                                   [ 80%]
tests/momentum/Analysis/test_lightgbm_edge_cases.py::test_validate_oot_sample_size_sweep[30-xgboost] 
-------------------------------- live log call ---------------------------------
01:30:16 [INFO] 開始訓練 XGBoost 模型 - 樣本數: 120, 特徵數: 8
01:30:16 [INFO] 標籤分佈: {0: 60, 1: 60}
01:30:16 [INFO] 訓練集: 96 樣本, 驗證集: 24 樣本
01:30:16 [INFO] 開始交叉驗證 - 3-fold CV
01:30:16 [INFO] Fold 1/3 - AUC: 0.9850, Precision: 0.9091, Recall: 1.0000, F1: 0.9524
01:30:16 [INFO] Fold 2/3 - AUC: 0.9875, Precision: 0.9474, Recall: 0.9000, F1: 0.9231
01:30:16 [INFO] Fold 3/3 - AUC: 0.9575, Precision: 0.8636, Recall: 0.9500, F1: 0.9048
01:30:16 [INFO] 交叉驗證完成 - in_sample_train_auc: 0.9914, CV AUC: 0.9767 ± 0.0136, Overfitting: 0.0147
01:30:16 [INFO] 訓練完成 - in_sample_train_auc: 0.9922, CV AUC: 0.9767 ± 0.0136
01:30:16 [INFO] 開始 OOT 驗證 - 樣本數: 30, 期間:  ~ 
01:30:16 [INFO] OOT 驗證完成 - AUC: 1.0000, Precision: 0.9444, Recall: 1.0000, 正樣本率: 56.67%
01:30:16 [INFO] CV-OOT Gap: -0.2500 - 狀態: good
PASSED                                                                   [ 80%]
tests/momentum/Analysis/test_lightgbm_edge_cases.py::test_validate_oot_sample_size_sweep[35-lightgbm] 
-------------------------------- live log call ---------------------------------
01:30:16 [INFO] 開始訓練 LightGBM 模型 - 樣本數: 120, 特徵數: 8
01:30:16 [INFO] 標籤分佈: {0: 60, 1: 60}
01:30:16 [INFO] 訓練集: 96 樣本, 驗證集: 24 樣本
01:30:16 [INFO] 開始交叉驗證 - 3-fold CV
01:30:16 [INFO] Fold 1/3 - AUC: 0.9750, Precision: 0.8696, Recall: 1.0000, F1: 0.9302
01:30:16 [INFO] Fold 2/3 - AUC: 0.9763, Precision: 0.9444, Recall: 0.8500, F1: 0.8947
01:30:16 [INFO] Fold 3/3 - AUC: 0.9563, Precision: 0.9000, Recall: 0.9000, F1: 0.9000
01:30:16 [INFO] 校準指標(cv_oof) - Brier: 0.1313, ECE: 0.2317, 品質: poor
01:30:16 [WARNING] 校準品質偏低，建議重新調整模型或做機率校準
01:30:16 [INFO] 交叉驗證完成 - in_sample_train_auc: 0.9867, CV AUC: 0.9692 ± 0.0091, Overfitting: 0.0175
01:30:16 [INFO] 訓練完成 - in_sample_train_auc: 0.9867, CV AUC: 0.9692 ± 0.0091
01:30:16 [WARNING] OOT 樣本數不足 50
PASSED                                                                   [ 80%]
tests/momentum/Analysis/test_lightgbm_edge_cases.py::test_validate_oot_sample_size_sweep[35-xgboost] 
-------------------------------- live log call ---------------------------------
01:30:16 [INFO] 開始訓練 XGBoost 模型 - 樣本數: 120, 特徵數: 8
01:30:16 [INFO] 標籤分佈: {0: 60, 1: 60}
01:30:16 [INFO] 訓練集: 96 樣本, 驗證集: 24 樣本
01:30:16 [INFO] 開始交叉驗證 - 3-fold CV
01:30:16 [INFO] Fold 1/3 - AUC: 0.9850, Precision: 0.9091, Recall: 1.0000, F1: 0.9524
01:30:16 [INFO] Fold 2/3 - AUC: 0.9875, Precision: 0.9474, Recall: 0.9000, F1: 0.9231
01:30:16 [INFO] Fold 3/3 - AUC: 0.9575, Precision: 0.8636, Recall: 0.9500, F1: 0.9048
01:30:16 [INFO] 交叉驗證完成 - in_sample_train_auc: 0.9914, CV AUC: 0.9767 ± 0.0136, Overfitting: 0.0147
01:30:16 [INFO] 訓練完成 - in_sample_train_auc: 0.9922, CV AUC: 0.9767 ± 0.0136
01:30:16 [INFO] 開始 OOT 驗證 - 樣本數: 35, 期間:  ~ 
01:30:16 [INFO] OOT 驗證完成 - AUC: 0.9967, Precision: 0.9524, Recall: 1.0000, 正樣本率: 57.14%
01:30:16 [INFO] CV-OOT Gap: -0.2467 - 狀態: good
PASSED                                                                   [ 81%]
tests/momentum/Analysis/test_lightgbm_edge_cases.py::test_validate_oot_sample_size_sweep[40-lightgbm] 
-------------------------------- live log call ---------------------------------
01:30:16 [INFO] 開始訓練 LightGBM 模型 - 樣本數: 120, 特徵數: 8
01:30:16 [INFO] 標籤分佈: {0: 60, 1: 60}
01:30:16 [INFO] 訓練集: 96 樣本, 驗證集: 24 樣本
01:30:16 [INFO] 開始交叉驗證 - 3-fold CV
01:30:16 [INFO] Fold 1/3 - AUC: 0.9750, Precision: 0.8696, Recall: 1.0000, F1: 0.9302
01:30:16 [INFO] Fold 2/3 - AUC: 0.9763, Precision: 0.9444, Recall: 0.8500, F1: 0.8947
01:30:16 [INFO] Fold 3/3 - AUC: 0.9563, Precision: 0.9000, Recall: 0.9000, F1: 0.9000
01:30:16 [INFO] 校準指標(cv_oof) - Brier: 0.1313, ECE: 0.2317, 品質: poor
01:30:16 [WARNING] 校準品質偏低，建議重新調整模型或做機率校準
01:30:16 [INFO] 交叉驗證完成 - in_sample_train_auc: 0.9867, CV AUC: 0.9692 ± 0.0091, Overfitting: 0.0175
01:30:16 [INFO] 訓練完成 - in_sample_train_auc: 0.9867, CV AUC: 0.9692 ± 0.0091
01:30:16 [WARNING] OOT 樣本數不足 50
PASSED                                                                   [ 81%]
tests/momentum/Analysis/test_lightgbm_edge_cases.py::test_validate_oot_sample_size_sweep[40-xgboost] 
-------------------------------- live log call ---------------------------------
01:30:16 [INFO] 開始訓練 XGBoost 模型 - 樣本數: 120, 特徵數: 8
01:30:16 [INFO] 標籤分佈: {0: 60, 1: 60}
01:30:16 [INFO] 訓練集: 96 樣本, 驗證集: 24 樣本
01:30:16 [INFO] 開始交叉驗證 - 3-fold CV
01:30:16 [INFO] Fold 1/3 - AUC: 0.9850, Precision: 0.9091, Recall: 1.0000, F1: 0.9524
01:30:16 [INFO] Fold 2/3 - AUC: 0.9875, Precision: 0.9474, Recall: 0.9000, F1: 0.9231
01:30:16 [INFO] Fold 3/3 - AUC: 0.9575, Precision: 0.8636, Recall: 0.9500, F1: 0.9048
01:30:16 [INFO] 交叉驗證完成 - in_sample_train_auc: 0.9914, CV AUC: 0.9767 ± 0.0136, Overfitting: 0.0147
01:30:16 [INFO] 訓練完成 - in_sample_train_auc: 0.9922, CV AUC: 0.9767 ± 0.0136
01:30:16 [INFO] 開始 OOT 驗證 - 樣本數: 40, 期間:  ~ 
01:30:16 [INFO] OOT 驗證完成 - AUC: 0.9950, Precision: 0.9091, Recall: 1.0000, 正樣本率: 50.00%
01:30:16 [INFO] CV-OOT Gap: -0.2450 - 狀態: good
PASSED                                                                   [ 81%]
tests/momentum/Analysis/test_lightgbm_edge_cases.py::test_validate_oot_sample_size_sweep[45-lightgbm] 
-------------------------------- live log call ---------------------------------
01:30:16 [INFO] 開始訓練 LightGBM 模型 - 樣本數: 120, 特徵數: 8
01:30:16 [INFO] 標籤分佈: {0: 60, 1: 60}
01:30:16 [INFO] 訓練集: 96 樣本, 驗證集: 24 樣本
01:30:16 [INFO] 開始交叉驗證 - 3-fold CV
01:30:16 [INFO] Fold 1/3 - AUC: 0.9750, Precision: 0.8696, Recall: 1.0000, F1: 0.9302
01:30:16 [INFO] Fold 2/3 - AUC: 0.9763, Precision: 0.9444, Recall: 0.8500, F1: 0.8947
01:30:16 [INFO] Fold 3/3 - AUC: 0.9563, Precision: 0.9000, Recall: 0.9000, F1: 0.9000
01:30:16 [INFO] 校準指標(cv_oof) - Brier: 0.1313, ECE: 0.2317, 品質: poor
01:30:16 [WARNING] 校準品質偏低，建議重新調整模型或做機率校準
01:30:16 [INFO] 交叉驗證完成 - in_sample_train_auc: 0.9867, CV AUC: 0.9692 ± 0.0091, Overfitting: 0.0175
01:30:16 [INFO] 訓練完成 - in_sample_train_auc: 0.9867, CV AUC: 0.9692 ± 0.0091
01:30:16 [WARNING] OOT 樣本數不足 50
PASSED                                                                   [ 81%]
tests/momentum/Analysis/test_lightgbm_edge_cases.py::test_validate_oot_sample_size_sweep[45-xgboost] 
-------------------------------- live log call ---------------------------------
01:30:16 [INFO] 開始訓練 XGBoost 模型 - 樣本數: 120, 特徵數: 8
01:30:16 [INFO] 標籤分佈: {0: 60, 1: 60}
01:30:16 [INFO] 訓練集: 96 樣本, 驗證集: 24 樣本
01:30:16 [INFO] 開始交叉驗證 - 3-fold CV
01:30:16 [INFO] Fold 1/3 - AUC: 0.9850, Precision: 0.9091, Recall: 1.0000, F1: 0.9524
01:30:16 [INFO] Fold 2/3 - AUC: 0.9875, Precision: 0.9474, Recall: 0.9000, F1: 0.9231
01:30:16 [INFO] Fold 3/3 - AUC: 0.9575, Precision: 0.8636, Recall: 0.9500, F1: 0.9048
01:30:16 [INFO] 交叉驗證完成 - in_sample_train_auc: 0.9914, CV AUC: 0.9767 ± 0.0136, Overfitting: 0.0147
01:30:16 [INFO] 訓練完成 - in_sample_train_auc: 0.9922, CV AUC: 0.9767 ± 0.0136
01:30:16 [INFO] 開始 OOT 驗證 - 樣本數: 45, 期間:  ~ 
01:30:16 [INFO] OOT 驗證完成 - AUC: 0.9960, Precision: 0.9091, Recall: 1.0000, 正樣本率: 44.44%
01:30:16 [INFO] CV-OOT Gap: -0.2460 - 狀態: good
PASSED                                                                   [ 81%]
tests/momentum/Analysis/test_lightgbm_edge_cases.py::test_validate_oot_sample_size_sweep[50-lightgbm] 
-------------------------------- live log call ---------------------------------
01:30:16 [INFO] 開始訓練 LightGBM 模型 - 樣本數: 120, 特徵數: 8
01:30:16 [INFO] 標籤分佈: {0: 60, 1: 60}
01:30:16 [INFO] 訓練集: 96 樣本, 驗證集: 24 樣本
01:30:16 [INFO] 開始交叉驗證 - 3-fold CV
01:30:16 [INFO] Fold 1/3 - AUC: 0.9750, Precision: 0.8696, Recall: 1.0000, F1: 0.9302
01:30:16 [INFO] Fold 2/3 - AUC: 0.9763, Precision: 0.9444, Recall: 0.8500, F1: 0.8947
01:30:16 [INFO] Fold 3/3 - AUC: 0.9563, Precision: 0.9000, Recall: 0.9000, F1: 0.9000
01:30:16 [INFO] 校準指標(cv_oof) - Brier: 0.1313, ECE: 0.2317, 品質: poor
01:30:16 [WARNING] 校準品質偏低，建議重新調整模型或做機率校準
01:30:16 [INFO] 交叉驗證完成 - in_sample_train_auc: 0.9867, CV AUC: 0.9692 ± 0.0091, Overfitting: 0.0175
01:30:16 [INFO] 訓練完成 - in_sample_train_auc: 0.9867, CV AUC: 0.9692 ± 0.0091
PASSED                                                                   [ 81%]
tests/momentum/Analysis/test_lightgbm_edge_cases.py::test_validate_oot_sample_size_sweep[50-xgboost] 
-------------------------------- live log call ---------------------------------
01:30:16 [INFO] 開始訓練 XGBoost 模型 - 樣本數: 120, 特徵數: 8
01:30:16 [INFO] 標籤分佈: {0: 60, 1: 60}
01:30:16 [INFO] 訓練集: 96 樣本, 驗證集: 24 樣本
01:30:16 [INFO] 開始交叉驗證 - 3-fold CV
01:30:16 [INFO] Fold 1/3 - AUC: 0.9850, Precision: 0.9091, Recall: 1.0000, F1: 0.9524
01:30:16 [INFO] Fold 2/3 - AUC: 0.9875, Precision: 0.9474, Recall: 0.9000, F1: 0.9231
01:30:16 [INFO] Fold 3/3 - AUC: 0.9575, Precision: 0.8636, Recall: 0.9500, F1: 0.9048
01:30:16 [INFO] 交叉驗證完成 - in_sample_train_auc: 0.9914, CV AUC: 0.9767 ± 0.0136, Overfitting: 0.0147
01:30:16 [INFO] 訓練完成 - in_sample_train_auc: 0.9922, CV AUC: 0.9767 ± 0.0136
01:30:16 [INFO] 開始 OOT 驗證 - 樣本數: 50, 期間:  ~ 
01:30:16 [INFO] OOT 驗證完成 - AUC: 0.9952, Precision: 0.8846, Recall: 1.0000, 正樣本率: 46.00%
01:30:16 [INFO] CV-OOT Gap: -0.2452 - 狀態: good
PASSED                                                                   [ 81%]
tests/momentum/Analysis/test_lightgbm_edge_cases.py::test_validate_oot_sample_size_sweep[60-lightgbm] 
-------------------------------- live log call ---------------------------------
01:30:16 [INFO] 開始訓練 LightGBM 模型 - 樣本數: 120, 特徵數: 8
01:30:16 [INFO] 標籤分佈: {0: 60, 1: 60}
01:30:16 [INFO] 訓練集: 96 樣本, 驗證集: 24 樣本
01:30:16 [INFO] 開始交叉驗證 - 3-fold CV
01:30:16 [INFO] Fold 1/3 - AUC: 0.9750, Precision: 0.8696, Recall: 1.0000, F1: 0.9302
01:30:16 [INFO] Fold 2/3 - AUC: 0.9763, Precision: 0.9444, Recall: 0.8500, F1: 0.8947
01:30:16 [INFO] Fold 3/3 - AUC: 0.9563, Precision: 0.9000, Recall: 0.9000, F1: 0.9000
01:30:16 [INFO] 校準指標(cv_oof) - Brier: 0.1313, ECE: 0.2317, 品質: poor
01:30:16 [WARNING] 校準品質偏低，建議重新調整模型或做機率校準
01:30:16 [INFO] 交叉驗證完成 - in_sample_train_auc: 0.9867, CV AUC: 0.9692 ± 0.0091, Overfitting: 0.0175
01:30:16 [INFO] 訓練完成 - in_sample_train_auc: 0.9867, CV AUC: 0.9692 ± 0.0091
PASSED                                                                   [ 81%]
tests/momentum/Analysis/test_lightgbm_edge_cases.py::test_validate_oot_sample_size_sweep[60-xgboost] 
-------------------------------- live log call ---------------------------------
01:30:16 [INFO] 開始訓練 XGBoost 模型 - 樣本數: 120, 特徵數: 8
01:30:16 [INFO] 標籤分佈: {0: 60, 1: 60}
01:30:16 [INFO] 訓練集: 96 樣本, 驗證集: 24 樣本
01:30:16 [INFO] 開始交叉驗證 - 3-fold CV
01:30:16 [INFO] Fold 1/3 - AUC: 0.9850, Precision: 0.9091, Recall: 1.0000, F1: 0.9524
01:30:16 [INFO] Fold 2/3 - AUC: 0.9875, Precision: 0.9474, Recall: 0.9000, F1: 0.9231
01:30:16 [INFO] Fold 3/3 - AUC: 0.9575, Precision: 0.8636, Recall: 0.9500, F1: 0.9048
01:30:16 [INFO] 交叉驗證完成 - in_sample_train_auc: 0.9914, CV AUC: 0.9767 ± 0.0136, Overfitting: 0.0147
01:30:16 [INFO] 訓練完成 - in_sample_train_auc: 0.9922, CV AUC: 0.9767 ± 0.0136
01:30:16 [INFO] 開始 OOT 驗證 - 樣本數: 60, 期間:  ~ 
01:30:16 [INFO] OOT 驗證完成 - AUC: 0.9967, Precision: 0.9118, Recall: 1.0000, 正樣本率: 51.67%
01:30:16 [INFO] CV-OOT Gap: -0.2467 - 狀態: good
PASSED                                                                   [ 81%]
tests/momentum/Analysis/test_long_short_analyzer.py::test_insufficient_ls_samples PASSED [ 81%]
tests/momentum/Analysis/test_long_short_analyzer.py::test_quantile_exceeds_samples PASSED [ 81%]
tests/momentum/Analysis/test_long_short_analyzer.py::test_both_sides_negative_ic PASSED [ 81%]
tests/momentum/Analysis/test_long_short_analyzer.py::test_empty_side PASSED [ 82%]
tests/momentum/Analysis/test_long_short_analyzer.py::test_asymmetric_quantile_def PASSED [ 82%]
tests/momentum/Analysis/test_marginal_ic.py::test_normal_scores_monotone_invariance PASSED [ 82%]
tests/momentum/Analysis/test_marginal_ic.py::test_normal_scores_moments PASSED [ 82%]
tests/momentum/Analysis/test_marginal_ic.py::test_normal_scores_all_ties_zero_and_small_n PASSED [ 82%]
tests/momentum/Analysis/test_marginal_ic.py::test_fit_projection_recovers_beta PASSED [ 82%]
tests/momentum/Analysis/test_marginal_ic.py::test_fit_projection_empty_basis_residual_is_demeaned PASSED [ 82%]
tests/momentum/Analysis/test_marginal_ic.py::test_fit_projection_collinear_does_not_raise PASSED [ 82%]
tests/momentum/Analysis/test_marginal_ic.py::test_normal_scores_nan_raises_and_projection_shape_errors PASSED [ 82%]
tests/momentum/Analysis/test_marginal_ic.py::test_mutation_raw_scores_break_monotone_invariance PASSED [ 82%]
tests/momentum/Analysis/test_marginal_ic.py::test_o1a_residual_degenerate PASSED [ 82%]
tests/momentum/Analysis/test_marginal_ic.py::test_o1b_saturating_transform PASSED [ 83%]
tests/momentum/Analysis/test_marginal_ic.py::test_o2_orthogonal_new_info PASSED [ 83%]
tests/momentum/Analysis/test_marginal_ic.py::test_o3_empty_conditioning_set_marginal_equals_gross PASSED [ 83%]
tests/momentum/Analysis/test_marginal_ic.py::test_o5_label_permutation_bonferroni PASSED [ 83%]
tests/momentum/Analysis/test_marginal_ic.py::test_o6_rank_invariance PASSED [ 83%]
tests/momentum/Analysis/test_marginal_ic.py::test_o7_train_fit PASSED    [ 83%]
tests/momentum/Analysis/test_marginal_ic.py::test_o7_train_insample_differs PASSED [ 83%]
tests/momentum/Analysis/test_marginal_ic.py::test_o9_bootstrap_seed_determinism PASSED [ 83%]
tests/momentum/Analysis/test_marginal_ic.py::test_sequential_first_equals_gross_and_single_survivor_loo PASSED [ 83%]
tests/momentum/Analysis/test_marginal_ic.py::test_section_level_reasons_and_all_true_masks_raise PASSED [ 83%]
tests/momentum/Analysis/test_marginal_ic.py::test_to_dict_keys_match_contract PASSED [ 83%]
tests/momentum/Analysis/test_marginal_ic.py::test_negative_gross_ratio_is_one PASSED [ 83%]
tests/momentum/Analysis/test_marginal_ic.py::test_shuffle_survivors_invariance PASSED [ 84%]
tests/momentum/Analysis/test_marginal_ic.py::test_sequential_order_by_train_ic PASSED [ 84%]
tests/momentum/Analysis/test_marginal_ic.py::test_budget_survivors_whole_not_computed PASSED [ 84%]
tests/momentum/Analysis/test_marginal_ic.py::test_fit_projection_spy_matches_n_regressions PASSED [ 84%]
tests/momentum/Analysis/test_marginal_ic.py::test_nan_rows_filtered_per_candidate_and_label_all_nan_test PASSED [ 84%]
tests/momentum/Analysis/test_marginal_ic.py::test_constant_factor_is_degenerate_and_extra_overlap_deduped PASSED [ 84%]
tests/momentum/Analysis/test_marginal_ic.py::test_mutation_test_fit_projection_breaks_o7 PASSED [ 84%]
tests/momentum/Analysis/test_marginal_ic.py::test_reason_literals_in_marginal_ic_subset_of_contract PASSED [ 84%]
tests/momentum/Analysis/test_marginal_ic.py::test_view_status_keys_match_contract PASSED [ 84%]
tests/momentum/Analysis/test_marginal_ic.py::test_view_and_section_status_semantics PASSED [ 84%]
tests/momentum/Analysis/test_marginal_ic.py::test_constant_label_is_label_degenerate PASSED [ 84%]
tests/momentum/Analysis/test_marginal_ic.py::test_marginal_uses_spearman_not_pearson PASSED [ 85%]
tests/momentum/Analysis/test_marginal_ic.py::test_o9_bootstrap_resamples_nontrivially PASSED [ 85%]
tests/momentum/Analysis/test_model_comparison.py::test_model_comparison_train_all_and_compare_report 
-------------------------------- live log call ---------------------------------
01:30:29 [INFO] 開始訓練引擎: lightgbm
01:30:29 [INFO] 開始訓練引擎: xgboost
PASSED                                                                   [ 85%]
tests/momentum/Analysis/test_model_comparison.py::test_model_comparison_single_engine_report_still_valid 
-------------------------------- live log call ---------------------------------
01:30:29 [INFO] 開始訓練引擎: lightgbm
PASSED                                                                   [ 85%]
tests/momentum/Analysis/test_model_comparison.py::test_consensus_predictions_min_confidence_filters_conflicts 
-------------------------------- live log call ---------------------------------
01:30:29 [INFO] 開始訓練引擎: lightgbm
01:30:29 [INFO] 開始訓練引擎: xgboost
PASSED                                                                   [ 85%]
tests/momentum/Analysis/test_model_comparison.py::test_consensus_predictions_soft_and_hard_voting 
-------------------------------- live log call ---------------------------------
01:30:29 [INFO] 開始訓練引擎: lightgbm
01:30:29 [INFO] 開始訓練引擎: xgboost
PASSED                                                                   [ 85%]
tests/momentum/Analysis/test_model_comparison.py::test_consensus_predictions_invalid_method_raises 
-------------------------------- live log call ---------------------------------
01:30:29 [INFO] 開始訓練引擎: lightgbm
01:30:29 [INFO] 開始訓練引擎: xgboost
PASSED                                                                   [ 85%]
tests/momentum/Analysis/test_model_comparison.py::test_model_comparison_requires_trainers PASSED [ 85%]
tests/momentum/Analysis/test_model_config_manager.py::test_from_natural_language_overfitting_and_validation 
-------------------------------- live log call ---------------------------------
01:30:29 [INFO] 成功載入 YAML 配置: config/model_config.yaml
PASSED                                                                   [ 85%]
tests/momentum/Analysis/test_model_config_manager.py::test_from_natural_language_no_match_returns_empty_dict 
-------------------------------- live log call ---------------------------------
01:30:29 [INFO] 成功載入 YAML 配置: config/model_config.yaml
PASSED                                                                   [ 85%]
tests/momentum/Analysis/test_model_config_manager.py::test_to_optuna_space_lightgbm_contains_10_parameters 
-------------------------------- live log call ---------------------------------
01:30:29 [INFO] 成功載入 YAML 配置: config/model_config.yaml
PASSED                                                                   [ 85%]
tests/momentum/Analysis/test_model_config_manager.py::test_validate_config_boundary_and_combination_warning 
-------------------------------- live log call ---------------------------------
01:30:29 [INFO] 成功載入 YAML 配置: config/model_config.yaml
PASSED                                                                   [ 86%]
tests/momentum/Analysis/test_model_config_manager.py::test_validate_config_legal_params_returns_empty_errors 
-------------------------------- live log call ---------------------------------
01:30:29 [INFO] 成功載入 YAML 配置: config/model_config.yaml
PASSED                                                                   [ 86%]
tests/momentum/Analysis/test_model_config_manager.py::test_from_dict_raises_value_error_for_invalid_config 
-------------------------------- live log call ---------------------------------
01:30:29 [INFO] 成功載入 YAML 配置: config/model_config.yaml
PASSED                                                                   [ 86%]
tests/momentum/Analysis/test_model_enhancement_performance.py::test_phase5_performance_targets 
-------------------------------- live log call ---------------------------------
01:30:30 [WARNING] ProbabilityCalibrator: venn_abers 樣本過大，將降採樣
01:30:30 [WARNING] ProbabilityCalibrator: venn_abers 校準失敗，略過 (y_true 與 y_pred_proba 長度不一致)
01:30:35 [INFO] ModelEnhancement full task started, modules=['calibration', 'walk_forward', 'sample_weight', 'adversarial', 'cpcv', 'learning_curve']
01:30:35 [ERROR] ModelEnhancement task=6ae1b556-1c0d-4e8e-88ab-311eb07c0d7d module=calibration failed: CalibratorReceipt required for signal-facing calibration (missing train_plan/calib_idx/model_artifact in task payload)
Traceback (most recent call last):
  File "/Users/louis/Desktop/quantitative_trading_system/api/services/model_enhancement_service.py", line 191, in _run_and_store
    output = await asyncio.wait_for(
  File "/Library/Developer/CommandLineTools/Library/Frameworks/Python3.framework/Versions/3.9/lib/python3.9/asyncio/tasks.py", line 481, in wait_for
    return fut.result()
  File "/Library/Developer/CommandLineTools/Library/Frameworks/Python3.framework/Versions/3.9/lib/python3.9/asyncio/threads.py", line 25, in to_thread
    return await loop.run_in_executor(None, func_call)
  File "/Library/Developer/CommandLineTools/Library/Frameworks/Python3.framework/Versions/3.9/lib/python3.9/concurrent/futures/thread.py", line 52, in run
    result = self.fn(*self.args, **self.kwargs)
  File "/Users/louis/Desktop/quantitative_trading_system/api/services/model_enhancement_service.py", line 267, in _run_calibration
    raise ReceiptVerificationError(
momentum.core.contracts.ReceiptVerificationError: CalibratorReceipt required for signal-facing calibration (missing train_plan/calib_idx/model_artifact in task payload)
01:30:35 [INFO] ModelEnhancement task=0f9e795d-5202-4cd0-8557-c05fe1623b89 module=sample_weight finished status=completed
01:30:35 [INFO] ModelEnhancement task=c9326c0d-1caf-4260-b6e3-67649c66d82a module=walk_forward finished status=completed
01:30:36 [INFO] ModelEnhancement task=cf6f95b1-e1df-4d52-b8a6-02c4fdb94663 module=cpcv finished status=completed
01:30:36 [INFO] ModelEnhancement task=f85cfc54-b8dc-4528-8855-9b8492e71af0 module=learning_curve finished status=completed
01:30:37 [INFO] ModelEnhancement task=b675af28-48f8-44a2-a577-d52be2c77e92 module=adversarial finished status=completed
PASSED                                                                   [ 86%]
tests/momentum/Analysis/test_model_factories_phase3.py::test_create_model_trainer_supports_lightgbm_and_xgboost PASSED [ 86%]
tests/momentum/Analysis/test_model_factories_phase3.py::test_create_model_trainer_unknown_engine_raises_error PASSED [ 86%]
tests/momentum/Analysis/test_model_factories_phase3.py::test_create_model_comparison_uses_default_dual_engines PASSED [ 86%]
tests/momentum/Analysis/test_model_factories_phase3.py::test_create_model_config_manager_returns_instance 
-------------------------------- live log call ---------------------------------
01:30:37 [INFO] 成功載入 YAML 配置: config/model_config.yaml
PASSED                                                                   [ 86%]
tests/momentum/Analysis/test_model_trainer_protocol.py::test_lightgbm_and_xgboost_are_model_trainer_protocol PASSED [ 86%]
tests/momentum/Analysis/test_model_trainer_protocol.py::test_lightgbm_protocol_methods_smoke 
-------------------------------- live log call ---------------------------------
01:30:37 [INFO] 開始訓練 LightGBM 模型 - 樣本數: 120, 特徵數: 10
01:30:37 [INFO] 標籤分佈: {0: 65, 1: 55}
01:30:37 [INFO] 訓練集: 96 樣本, 驗證集: 24 樣本
01:30:37 [INFO] 開始交叉驗證 - 3-fold CV
01:30:37 [INFO] Fold 1/3 - AUC: 0.9558, Precision: 0.9000, Recall: 1.0000, F1: 0.9474
01:30:37 [INFO] Fold 2/3 - AUC: 0.9924, Precision: 0.8571, Recall: 1.0000, F1: 0.9231
01:30:37 [INFO] Fold 3/3 - AUC: 0.9599, Precision: 0.9474, Recall: 0.9474, F1: 0.9474
01:30:37 [INFO] 校準指標(cv_oof) - Brier: 0.0970, ECE: 0.2116, 品質: poor
01:30:37 [WARNING] 校準品質偏低，建議重新調整模型或做機率校準
01:30:37 [INFO] 交叉驗證完成 - in_sample_train_auc: 0.9775, CV AUC: 0.9694 ± 0.0164, Overfitting: 0.0081
01:30:37 [INFO] 訓練完成 - in_sample_train_auc: 0.9775, CV AUC: 0.9694 ± 0.0164
PASSED                                                                   [ 86%]
tests/momentum/Analysis/test_model_trainer_protocol.py::test_xgboost_protocol_methods_smoke 
-------------------------------- live log call ---------------------------------
01:30:37 [INFO] 開始訓練 XGBoost 模型 - 樣本數: 120, 特徵數: 10
01:30:37 [INFO] 標籤分佈: {0: 65, 1: 55}
01:30:37 [INFO] 訓練集: 96 樣本, 驗證集: 24 樣本
01:30:37 [INFO] 開始交叉驗證 - 3-fold CV
01:30:37 [INFO] Fold 1/3 - AUC: 0.9482, Precision: 0.8947, Recall: 0.9444, F1: 0.9189
01:30:37 [INFO] Fold 2/3 - AUC: 0.9949, Precision: 0.8571, Recall: 1.0000, F1: 0.9231
01:30:37 [INFO] Fold 3/3 - AUC: 0.9373, Precision: 0.9412, Recall: 0.8421, F1: 0.8889
01:30:37 [INFO] 交叉驗證完成 - in_sample_train_auc: 0.9901, CV AUC: 0.9602 ± 0.0250, Overfitting: 0.0299
01:30:37 [INFO] 訓練完成 - in_sample_train_auc: 0.9921, CV AUC: 0.9602 ± 0.0250
01:30:37 [INFO] 特徵重要性計算完成 - 方法: gain, 前 3 名: ['feature_0', 'feature_3', 'feature_7']
PASSED                                                                   [ 86%]
tests/momentum/Analysis/test_net_ic_analyzer.py::test_no_net_ic_key_anywhere PASSED [ 86%]
tests/momentum/Analysis/test_net_ic_analyzer.py::test_cost_drag_hand_calc PASSED [ 87%]
tests/momentum/Analysis/test_net_ic_analyzer.py::test_breakeven_unavailable_1c PASSED [ 87%]
tests/momentum/Analysis/test_net_ic_analyzer.py::test_no_default_cost_fallback PASSED [ 87%]
tests/momentum/Analysis/test_net_ic_analyzer.py::test_summary_contract_b_strict PASSED [ 87%]
tests/momentum/Analysis/test_net_ic_analyzer.py::test_unavailable_union_shape PASSED [ 87%]
tests/momentum/Analysis/test_net_ic_analyzer.py::test_finite_invariants PASSED [ 87%]
tests/momentum/Analysis/test_net_ic_analyzer.py::test_negative_turnover_skipped PASSED [ 87%]
tests/momentum/Analysis/test_net_ic_analyzer.py::test_non_finite_turnover_skipped PASSED [ 87%]
tests/momentum/Analysis/test_net_ic_analyzer.py::test_gross_ic_missing_and_turnover_missing PASSED [ 87%]
tests/momentum/Analysis/test_net_ic_analyzer.py::test_no_turnover_data PASSED [ 87%]
tests/momentum/Analysis/test_net_ic_analyzer.py::test_zero_turnover_cost_drag PASSED [ 87%]
tests/momentum/Analysis/test_net_ic_analyzer.py::test_cost_bps_zero_raises PASSED [ 88%]
tests/momentum/Analysis/test_net_ic_analyzer.py::test_cost_bps_nan_raises_even_when_disabled PASSED [ 88%]
tests/momentum/Analysis/test_net_ic_analyzer.py::test_cost_enabled_requires_bps PASSED [ 88%]
tests/momentum/Analysis/test_net_ic_analyzer.py::test_cost_sensitivity_ladder PASSED [ 88%]
tests/momentum/Analysis/test_net_ic_analyzer.py::test_compute_net_factor_return_empty_aligned PASSED [ 88%]
tests/momentum/Analysis/test_net_ic_analyzer.py::test_diff_allowlist_rejects_bogus_unapproved_field PASSED [ 88%]
tests/momentum/Analysis/test_net_ic_analyzer.py::test_factor_returns_bare_series_ignored PASSED [ 88%]
tests/momentum/Analysis/test_net_ic_analyzer.py::test_capacity_tiers_unchanged PASSED [ 88%]
tests/momentum/Analysis/test_net_ic_analyzer.py::test_schema_config_validator PASSED [ 88%]
tests/momentum/Analysis/test_net_ic_analyzer.py::test_run_net_ic_orchestrator_direct PASSED [ 88%]
tests/momentum/Analysis/test_net_ic_analyzer.py::test_mutation_m1_restore_mixed_subtraction PASSED [ 88%]
tests/momentum/Analysis/test_net_ic_analyzer.py::test_mutation_m2_reinstate_x2 PASSED [ 89%]
tests/momentum/Analysis/test_net_ic_analyzer.py::test_mutation_m3_ic_numerator_backfill PASSED [ 89%]
tests/momentum/Analysis/test_net_ic_analyzer.py::test_mutation_m5_revive_cfg_get_default PASSED [ 89%]
tests/momentum/Analysis/test_net_ic_analyzer.py::test_mutation_m6_ic_vs_ic_rankcorr PASSED [ 89%]
tests/momentum/Analysis/test_net_ic_analyzer.py::test_mutation_m9_bare_null_placeholder PASSED [ 89%]
tests/momentum/Analysis/test_net_ic_analyzer.py::test_mutation_m10_drop_finite_guard PASSED [ 89%]
tests/momentum/Analysis/test_net_ic_analyzer.py::test_mutation_m11_restore_clamp PASSED [ 89%]
tests/momentum/Analysis/test_net_ic_analyzer.py::test_breakeven_hand_calc_20bps PASSED [ 89%]
tests/momentum/Analysis/test_net_ic_analyzer.py::test_turnover_first_bar_zero PASSED [ 89%]
tests/momentum/Analysis/test_net_ic_analyzer.py::test_zero_mean_turnover_breakeven_unavailable PASSED [ 89%]
tests/momentum/Analysis/test_net_ic_analyzer.py::test_run_net_ic_with_series_owner PASSED [ 89%]
tests/momentum/Analysis/test_net_ic_analyzer.py::test_cache_hit_no_owner_net_ic_not_crash PASSED [ 89%]
tests/momentum/Analysis/test_net_ic_schema_profiles.py::test_schema_profile_constants_frozen PASSED [ 90%]
tests/momentum/Analysis/test_prediction_analyzer_equity.py::test_hand_case_plus50_minus50_simple_zero_compound_minus25 PASSED [ 90%]
tests/momentum/Analysis/test_prediction_analyzer_equity.py::test_compound_equals_cumprod_and_simple_equals_cumsum_generic PASSED [ 90%]
tests/momentum/Analysis/test_prediction_analyzer_equity.py::test_threshold_gates_positions_and_benchmark_ignores_it PASSED [ 90%]
tests/momentum/Analysis/test_prediction_analyzer_equity.py::test_length_mismatch_and_non_finite_raise PASSED [ 90%]
tests/momentum/Analysis/test_prediction_analyzer_equity.py::test_to_dict_matches_api_model_and_has_no_unlabeled_keys PASSED [ 90%]
tests/momentum/Analysis/test_prediction_analyzer_equity.py::test_proba_nan_or_inf_raises_not_silent_flat PASSED [ 90%]
tests/momentum/Analysis/test_prediction_analyzer_equity.py::test_multi_symbol_uses_equal_weight_by_timestamp_not_single_account_compounding PASSED [ 90%]
tests/momentum/Analysis/test_prediction_analyzer_equity.py::test_multi_symbol_positions_are_per_row_before_aggregation PASSED [ 90%]
tests/momentum/Analysis/test_prediction_analyzer_equity.py::test_single_symbol_column_keeps_row_series PASSED [ 90%]
tests/momentum/Analysis/test_prediction_analyzer_equity.py::test_api_model_final_return_pct_is_closed_four_keys PASSED [ 90%]
tests/momentum/Analysis/test_probability_calibrator.py::test_C1_single_class 
-------------------------------- live log call ---------------------------------
01:30:37 [WARNING] ProbabilityCalibrator skipped: y_cal 僅單一類別
PASSED                                                                   [ 91%]
tests/momentum/Analysis/test_probability_calibrator.py::test_C2_zero_variance_proba 
-------------------------------- live log call ---------------------------------
01:30:37 [WARNING] ProbabilityCalibrator skipped: 預測機率無變化
PASSED                                                                   [ 91%]
tests/momentum/Analysis/test_probability_calibrator.py::test_C3_small_sample_auto_fallback 
-------------------------------- live log call ---------------------------------
01:30:37 [WARNING] ProbabilityCalibrator: 樣本數 < 50，將限制為 Platt
01:30:37 [WARNING] 校準樣本數偏少 (40 < 50)，ECE 可能不穩定
01:30:37 [WARNING] 校準樣本數偏少 (40 < 50)，ECE 可能不穩定
01:30:37 [WARNING] 校準樣本數偏少 (40 < 50)，ECE 可能不穩定
01:30:37 [WARNING] 校準樣本數偏少 (40 < 50)，ECE 可能不穩定
01:30:37 [WARNING] 校準樣本數偏少 (40 < 50)，ECE 可能不穩定
01:30:37 [WARNING] 校準樣本數偏少 (40 < 50)，ECE 可能不穩定
PASSED                                                                   [ 91%]
tests/momentum/Analysis/test_probability_calibrator.py::test_C4_isotonic_small_sample_fallback 
-------------------------------- live log call ---------------------------------
01:30:37 [WARNING] ProbabilityCalibrator: isotonic 樣本不足，回退 platt
PASSED                                                                   [ 91%]
tests/momentum/Analysis/test_probability_calibrator.py::test_C5_venn_abers_downsampling 
-------------------------------- live log call ---------------------------------
01:30:37 [WARNING] ProbabilityCalibrator: venn_abers 樣本過大，將降採樣
01:30:37 [WARNING] ProbabilityCalibrator: venn_abers 校準失敗，略過 (y_true 與 y_pred_proba 長度不一致)
01:30:37 [WARNING] ProbabilityCalibrator skipped: 所有校準方法失敗
PASSED                                                                   [ 91%]
tests/momentum/Analysis/test_probability_calibrator.py::test_C6_cv_exceeds_half_samples 
-------------------------------- live log call ---------------------------------
01:30:37 [WARNING] ProbabilityCalibrator: cv 過大，自動降低
PASSED                                                                   [ 91%]
tests/momentum/Analysis/test_probability_calibrator.py::test_C7_calibration_degradation_fallback PASSED [ 91%]
tests/momentum/Analysis/test_probability_calibrator.py::test_C8_predict_before_fit PASSED [ 91%]
tests/momentum/Analysis/test_probability_calibrator.py::test_C9_nan_in_predictions 
-------------------------------- live log call ---------------------------------
01:30:37 [WARNING] ProbabilityCalibrator: 偵測到 NaN，將自動移除後校準
PASSED                                                                   [ 91%]
tests/momentum/Analysis/test_probability_calibrator.py::test_C10_beta_package_missing_fallback 
-------------------------------- live log call ---------------------------------
01:30:37 [WARNING] ProbabilityCalibrator: betacal 不可用，回退 platt
PASSED                                                                   [ 91%]
tests/momentum/Analysis/test_probability_calibrator.py::test_C11_feature_mismatch PASSED [ 91%]
tests/momentum/Analysis/test_probability_calibrator.py::test_fit_from_predictions_improves_or_keeps_ece PASSED [ 91%]
tests/momentum/Analysis/test_probability_calibrator.py::test_fit_and_predict_calibrated PASSED [ 92%]
tests/momentum/Analysis/test_probability_calibrator.py::test_platt_scaling_schema PASSED [ 92%]
tests/momentum/Analysis/test_probability_calibrator.py::test_auto_selects_best_method_exists PASSED [ 92%]
tests/momentum/Analysis/test_probability_calibrator.py::test_transform_proba_after_fit_from_predictions PASSED [ 92%]
tests/momentum/Analysis/test_probability_calibrator.py::test_get_calibration_comparison_returns_selected_method PASSED [ 92%]
tests/momentum/Analysis/test_probability_calibrator.py::test_venn_abers_intervals_valid_bounds PASSED [ 92%]
tests/momentum/Analysis/test_sample_weight_calculator.py::test_S1_invalid_half_life PASSED [ 92%]
tests/momentum/Analysis/test_sample_weight_calculator.py::test_S2_unsorted_timestamps 
-------------------------------- live log call ---------------------------------
01:30:37 [WARNING] SampleWeightCalculator: timestamps 非遞增，將排序後計算
PASSED                                                                   [ 92%]
tests/momentum/Analysis/test_sample_weight_calculator.py::test_S3_zero_returns 
-------------------------------- live log call ---------------------------------
01:30:37 [WARNING] SampleWeightCalculator: returns 全為 0，回傳等權重
PASSED                                                                   [ 92%]
tests/momentum/Analysis/test_sample_weight_calculator.py::test_S4_single_class_weight 
-------------------------------- live log call ---------------------------------
01:30:37 [WARNING] SampleWeightCalculator: y 單一類別，回傳等權重
PASSED                                                                   [ 92%]
tests/momentum/Analysis/test_sample_weight_calculator.py::test_S5_invalid_min_weight PASSED [ 92%]
tests/momentum/Analysis/test_sample_weight_calculator.py::test_S6_tiny_sample 
-------------------------------- live log call ---------------------------------
01:30:37 [WARNING] SampleWeightCalculator: 樣本數 < 10，權重可能不穩定
PASSED                                                                   [ 93%]
tests/momentum/Analysis/test_sample_weight_calculator.py::test_S7_no_strategies 
-------------------------------- live log call ---------------------------------
01:30:37 [WARNING] SampleWeightCalculator: 樣本數 < 10，權重可能不穩定
PASSED                                                                   [ 93%]
tests/momentum/Analysis/test_sample_weight_calculator.py::test_S8_extreme_label_overlap 
-------------------------------- live log call ---------------------------------
01:30:37 [WARNING] SampleWeightCalculator: label_spans 重疊過高，建議切換 time_decay
PASSED                                                                   [ 93%]
tests/momentum/Analysis/test_sample_weight_calculator.py::test_S9_additive_default_coeffs 
-------------------------------- live log call ---------------------------------
01:30:37 [WARNING] SampleWeightCalculator: additive 無係數，採等權平均
PASSED                                                                   [ 93%]
tests/momentum/Analysis/test_sample_weight_calculator.py::test_S10_nan_timestamps 
-------------------------------- live log call ---------------------------------
01:30:37 [WARNING] SampleWeightCalculator: timestamps 含 NaN，將移除 NaN 後計算
PASSED                                                                   [ 93%]
tests/momentum/Analysis/test_sample_weight_calculator.py::test_time_decay_recent_higher PASSED [ 93%]
tests/momentum/Analysis/test_sample_weight_calculator.py::test_class_balance_minority_higher PASSED [ 93%]
tests/momentum/Analysis/test_sample_weight_calculator.py::test_weight_summary_effective_n PASSED [ 93%]
tests/momentum/Analysis/test_sample_weight_calculator.py::test_return_based_weights_mean_is_one PASSED [ 93%]
tests/momentum/Analysis/test_sample_weight_calculator.py::test_combined_multiply_weights_mean_is_one PASSED [ 93%]
tests/momentum/Analysis/test_sample_weight_calculator.py::test_uniqueness_weights_mean_is_one PASSED [ 93%]
tests/momentum/Analysis/test_shared_analyzers_lightgbm.py::test_lightgbm_shap_global_and_single_case 
-------------------------------- live log call ---------------------------------
01:30:37 [INFO] SHAP 全局分析完成 - 樣本數: 20, 特徵數: 12
01:30:37 [INFO] SHAP 單案例分析完成
PASSED                                                                   [ 94%]
tests/momentum/Analysis/test_shared_analyzers_lightgbm.py::test_calibration_analyzer_with_lightgbm_prediction PASSED [ 94%]
tests/momentum/Analysis/test_shared_analyzers_lightgbm.py::test_drift_analyzer_with_lightgbm_features PASSED [ 94%]
tests/momentum/Analysis/test_shared_analyzers_lightgbm.py::test_drift_report_and_feature_list PASSED [ 94%]
tests/momentum/Analysis/test_shared_analyzers_lightgbm.py::test_lightgbm_predict_output_compatible_with_shared_analyzers PASSED [ 94%]
tests/momentum/Analysis/test_survivor_contract.py::test_load_top_level_keys_exact PASSED [ 94%]
tests/momentum/Analysis/test_survivor_contract.py::test_load_capability_status_ref_matches_report_contract PASSED [ 94%]
tests/momentum/Analysis/test_survivor_contract.py::test_load_independent_oos_validation_allowed_is_false_only PASSED [ 94%]
tests/momentum/Analysis/test_survivor_contract.py::test_load_oos_semantics_single_value_and_reasons_nonempty PASSED [ 94%]
tests/momentum/Analysis/test_survivor_contract.py::test_load_every_keys_schema_has_type_required_nullable PASSED [ 94%]
tests/momentum/Analysis/test_survivor_contract.py::test_load_sample_scope_kind_values_subset_of_row_mask_plan_source PASSED [ 94%]
tests/momentum/Analysis/test_survivor_contract.py::test_load_missing_file_raises PASSED [ 94%]
tests/momentum/Analysis/test_survivor_contract.py::test_load_broken_json_raises PASSED [ 95%]
tests/momentum/Analysis/test_survivor_contract.py::test_load_extra_top_key_raises PASSED [ 95%]
tests/momentum/Analysis/test_survivor_contract.py::test_load_allowed_not_false_raises PASSED [ 95%]
tests/momentum/Analysis/test_survivor_contract.py::test_mutation_missing_top_key_raises PASSED [ 95%]
tests/momentum/Analysis/test_survivor_contract.py::test_load_returns_copy_not_shared_singleton PASSED [ 95%]
tests/momentum/Analysis/test_survivor_contract.py::test_roundtrip_build_then_validate PASSED [ 95%]
tests/momentum/Analysis/test_survivor_contract.py::test_missing_required_key_raises[path0] PASSED [ 95%]
tests/momentum/Analysis/test_survivor_contract.py::test_missing_required_key_raises[path1] PASSED [ 95%]
tests/momentum/Analysis/test_survivor_contract.py::test_missing_required_key_raises[path2] PASSED [ 95%]
tests/momentum/Analysis/test_survivor_contract.py::test_missing_required_key_raises[path3] PASSED [ 95%]
tests/momentum/Analysis/test_survivor_contract.py::test_missing_required_key_raises[path4] PASSED [ 95%]
tests/momentum/Analysis/test_survivor_contract.py::test_unknown_key_raises[path0] PASSED [ 96%]
tests/momentum/Analysis/test_survivor_contract.py::test_unknown_key_raises[path1] PASSED [ 96%]
tests/momentum/Analysis/test_survivor_contract.py::test_unknown_key_raises[path2] PASSED [ 96%]
tests/momentum/Analysis/test_survivor_contract.py::test_unknown_key_raises[path3] PASSED [ 96%]
tests/momentum/Analysis/test_survivor_contract.py::test_unknown_key_raises[path4] PASSED [ 96%]
tests/momentum/Analysis/test_survivor_contract.py::test_unknown_key_raises[path5] PASSED [ 96%]
tests/momentum/Analysis/test_survivor_contract.py::test_unknown_key_raises[path6] PASSED [ 96%]
tests/momentum/Analysis/test_survivor_contract.py::test_unknown_key_raises[path7] PASSED [ 96%]
tests/momentum/Analysis/test_survivor_contract.py::test_unknown_key_raises[path8] PASSED [ 96%]
tests/momentum/Analysis/test_survivor_contract.py::test_kind_enum_and_event_null_raise PASSED [ 96%]
tests/momentum/Analysis/test_survivor_contract.py::test_oos_four_field_consistency PASSED [ 96%]
tests/momentum/Analysis/test_survivor_contract.py::test_resolve_ref_and_capability_status PASSED [ 97%]
tests/momentum/Analysis/test_survivor_contract.py::test_section_key_sets_match_dataclasses PASSED [ 97%]
tests/momentum/Analysis/test_survivor_contract.py::test_feature_set_hash_and_survivor_sequence PASSED [ 97%]
tests/momentum/Analysis/test_survivor_contract.py::test_checklist_subset_of_contract_keys PASSED [ 97%]
tests/momentum/Analysis/test_survivor_contract.py::test_identity_three_fields PASSED [ 97%]
tests/momentum/Analysis/test_survivor_contract.py::test_event_identity_serialization PASSED [ 97%]
tests/momentum/Analysis/test_survivor_contract.py::test_view_status_object_composite_and_type_checks PASSED [ 97%]
tests/momentum/Analysis/test_survivor_contract.py::test_mutation_validator_skips_feature_set_hash PASSED [ 97%]
tests/momentum/Analysis/test_survivor_contract.py::test_provenance_fit_mode_raw_orchestrator_values_accepted PASSED [ 97%]
tests/momentum/Analysis/test_survivor_contract.py::test_resolve_ref_rejects_escape PASSED [ 97%]
tests/momentum/Analysis/test_survivor_contract.py::test_event_object_mode_invariants PASSED [ 97%]
tests/momentum/Analysis/test_survivor_contract.py::test_fallback_requires_full_index_and_uses_real_index PASSED [ 97%]
tests/momentum/Analysis/test_survivor_contract.py::test_unknown_root_status_raises PASSED [ 98%]
tests/momentum/Analysis/test_survivor_contract.py::test_n_samples_total_reconciliation PASSED [ 98%]
tests/momentum/Analysis/test_survivor_contract.py::test_event_identity_naive_string_matches_aware PASSED [ 98%]
tests/momentum/Analysis/test_survivor_contract.py::test_v2_event_keyset_and_nulls_when_no_context PASSED [ 98%]
tests/momentum/Analysis/test_survivor_contract.py::test_v2_event_context_filled_and_validated PASSED [ 98%]
tests/momentum/Analysis/test_survivor_contract.py::test_v2_event_keys_fail_closed[<lambda>0] PASSED [ 98%]
tests/momentum/Analysis/test_survivor_contract.py::test_v2_event_keys_fail_closed[<lambda>1] PASSED [ 98%]
tests/momentum/Analysis/test_survivor_contract.py::test_v2_event_keys_fail_closed[<lambda>2] PASSED [ 98%]
tests/momentum/Analysis/test_survivor_contract.py::test_v2_event_keys_fail_closed[<lambda>3] PASSED [ 98%]
tests/momentum/Analysis/test_survivor_contract.py::test_control_kind_accepted_set_is_the_gate_not_the_enum PASSED [ 98%]
tests/momentum/Analysis/test_survivor_contract.py::test_conditional_ic_requires_event_context_fail_closed PASSED [ 98%]
tests/momentum/Analysis/test_survivor_contract.py::test_partial_event_context_rejected_and_validator_independent_of_report_meta PASSED [ 99%]
tests/momentum/Analysis/test_survivor_contract.py::test_v1_payload_explicitly_rejected_no_silent_coerce PASSED [ 99%]
tests/momentum/Analysis/test_survivor_contract.py::test_event_mode_reconciles_on_filtered_masks PASSED [ 99%]
tests/momentum/Analysis/test_survivor_contract.py::test_event_mode_allows_purge_gap_le_not_eq PASSED [ 99%]
tests/momentum/Analysis/test_survivor_contract.py::test_event_mode_without_masks_fails_closed_when_ambiguous PASSED [ 99%]
tests/momentum/Analysis/test_survivor_contract.py::test_event_mode_mask_length_must_equal_n_samples PASSED [ 99%]
tests/momentum/Analysis/test_survivor_contract.py::test_event_mode_n_samples_test_no_full_axis_fallback PASSED [ 99%]
tests/momentum/Analysis/test_survivor_contract.py::test_non_event_split_row_guard_preserved PASSED [ 99%]
tests/momentum/Analysis/test_survivor_contract.py::test_event_mode_no_masks_no_marginal_leaves_n_samples_test_null PASSED [ 99%]
tests/momentum/Analysis/test_xgboost_protocol_methods.py::test_xgboost_protocol_methods_added 
-------------------------------- live log call ---------------------------------
01:30:46 [INFO] 開始訓練 XGBoost 模型 - 樣本數: 180, 特徵數: 8
01:30:46 [INFO] 標籤分佈: {0: 83, 1: 97}
01:30:46 [INFO] 訓練集: 144 樣本, 驗證集: 36 樣本
01:30:46 [INFO] 開始交叉驗證 - 3-fold CV
01:30:46 [INFO] Fold 1/3 - AUC: 0.9475, Precision: 0.8421, Recall: 1.0000, F1: 0.9143
01:30:46 [INFO] Fold 2/3 - AUC: 0.9503, Precision: 0.6596, Recall: 0.9688, F1: 0.7848
01:30:46 [INFO] Fold 3/3 - AUC: 0.9658, Precision: 0.7674, Recall: 1.0000, F1: 0.8684
01:30:46 [INFO] 交叉驗證完成 - in_sample_train_auc: 0.9676, CV AUC: 0.9545 ± 0.0080, Overfitting: 0.0131
01:30:46 [INFO] 訓練完成 - in_sample_train_auc: 0.9783, CV AUC: 0.9545 ± 0.0080
01:30:46 [INFO] 特徵重要性計算完成 - 方法: gain, 前 3 名: ['feature_0', 'feature_1', 'feature_4']
PASSED                                                                   [ 99%]
tests/momentum/Analysis/test_xgboost_protocol_methods.py::test_xgboost_model_path_safety_and_type_mismatch 
-------------------------------- live log call ---------------------------------
01:30:46 [INFO] 開始訓練 XGBoost 模型 - 樣本數: 180, 特徵數: 8
01:30:46 [INFO] 標籤分佈: {0: 83, 1: 97}
01:30:46 [INFO] 訓練集: 144 樣本, 驗證集: 36 樣本
01:30:46 [INFO] 開始交叉驗證 - 3-fold CV
01:30:46 [INFO] Fold 1/3 - AUC: 0.9475, Precision: 0.8421, Recall: 1.0000, F1: 0.9143
01:30:46 [INFO] Fold 2/3 - AUC: 0.9503, Precision: 0.6596, Recall: 0.9688, F1: 0.7848
01:30:46 [INFO] Fold 3/3 - AUC: 0.9658, Precision: 0.7674, Recall: 1.0000, F1: 0.8684
01:30:46 [INFO] 交叉驗證完成 - in_sample_train_auc: 0.9676, CV AUC: 0.9545 ± 0.0080, Overfitting: 0.0131
01:30:46 [INFO] 訓練完成 - in_sample_train_auc: 0.9783, CV AUC: 0.9545 ± 0.0080
FAILED                                                                   [ 99%]
tests/momentum/Analysis/test_xgboost_protocol_methods.py::test_xgboost_load_and_predict_roundtrip 
-------------------------------- live log call ---------------------------------
01:30:46 [INFO] 開始訓練 XGBoost 模型 - 樣本數: 180, 特徵數: 8
01:30:46 [INFO] 標籤分佈: {0: 83, 1: 97}
01:30:46 [INFO] 訓練集: 144 樣本, 驗證集: 36 樣本
01:30:46 [INFO] 開始交叉驗證 - 3-fold CV
01:30:46 [INFO] Fold 1/3 - AUC: 0.9475, Precision: 0.8421, Recall: 1.0000, F1: 0.9143
01:30:46 [INFO] Fold 2/3 - AUC: 0.9503, Precision: 0.6596, Recall: 0.9688, F1: 0.7848
01:30:46 [INFO] Fold 3/3 - AUC: 0.9658, Precision: 0.7674, Recall: 1.0000, F1: 0.8684
01:30:46 [INFO] 交叉驗證完成 - in_sample_train_auc: 0.9676, CV AUC: 0.9545 ± 0.0080, Overfitting: 0.0131
01:30:46 [INFO] 訓練完成 - in_sample_train_auc: 0.9783, CV AUC: 0.9545 ± 0.0080
FAILED                                                                   [100%]

=============================== warnings summary ===============================
tests/momentum/Analysis/test_binary_discrimination.py::test_all_nan_column_is_marked_all_nan
  /Users/louis/Desktop/quantitative_trading_system/momentum/Analysis/binary_discrimination.py:140: RuntimeWarning: All-NaN slice encountered
    col_min = np.nanmin(np.where(np.isfinite(x), x, np.nan), axis=0)

tests/momentum/Analysis/test_binary_discrimination.py::test_all_nan_column_is_marked_all_nan
  /Users/louis/Desktop/quantitative_trading_system/momentum/Analysis/binary_discrimination.py:141: RuntimeWarning: All-NaN slice encountered
    col_max = np.nanmax(np.where(np.isfinite(x), x, np.nan), axis=0)

tests/momentum/Analysis/test_factor_exposure_analyzer.py::test_b2_output_overflow_1e200
tests/momentum/Analysis/test_factor_exposure_analyzer.py::test_b2_boundary_input_finite_output_overflow
  /Users/louis/Desktop/quantitative_trading_system/momentum/Analysis/factor_exposure_analyzer.py:272: RuntimeWarning: overflow encountered in square
    ss_res = float(np.sum(residual ** 2))

tests/momentum/Analysis/test_factor_exposure_analyzer.py::test_b2_output_overflow_1e200
tests/momentum/Analysis/test_factor_exposure_analyzer.py::test_b2_boundary_input_finite_output_overflow
  /Users/louis/Desktop/quantitative_trading_system/momentum/Analysis/factor_exposure_analyzer.py:273: RuntimeWarning: overflow encountered in square
    ss_tot = float(np.sum((y - np.mean(y)) ** 2))

tests/momentum/Analysis/test_factor_exposure_analyzer.py::test_b2_output_non_finite_attribution_kills_mutation
tests/momentum/Analysis/test_factor_exposure_analyzer.py::test_mutation_output_overflow_passthrough_must_fail
tests/momentum/Analysis/test_factor_exposure_analyzer.py::test_mutation_output_overflow_passthrough_must_fail
  /Users/louis/Desktop/quantitative_trading_system/venv/lib/python3.9/site-packages/numpy/core/_methods.py:49: RuntimeWarning: overflow encountered in reduce
    return umr_sum(a, axis, dtype, out, keepdims, initial, where)

tests/momentum/Analysis/test_ic1d_baseline.py: 8 warnings
tests/momentum/Analysis/test_ic1d_orchestrator_integration.py: 7 warnings
  /Users/louis/Desktop/quantitative_trading_system/momentum/Analysis/ic_filter_orchestrator.py:2959: FutureWarning: The default fill_method='pad' in Series.pct_change is deprecated and will be removed in a future version. Either fill in any non-leading NA values prior to calling pct_change or specify 'fill_method=None' to not fill NA values.
    market_proxy = close_aligned.pct_change().shift(1)

tests/momentum/Analysis/test_lightgbm_analyzer.py: 55 warnings
tests/momentum/Analysis/test_lightgbm_edge_cases.py: 195 warnings
tests/momentum/Analysis/test_model_trainer_protocol.py: 5 warnings
  /Users/louis/Desktop/quantitative_trading_system/venv/lib/python3.9/site-packages/sklearn/utils/validation.py:2739: UserWarning: X does not have valid feature names, but LGBMClassifier was fitted with feature names
    warnings.warn(

tests/momentum/Analysis/test_lightgbm_analyzer.py::test_shap_methods_smoke
tests/momentum/Analysis/test_lightgbm_analyzer.py::test_shap_methods_smoke
tests/momentum/Analysis/test_lightgbm_edge_cases.py::test_h1_shap_sample_size_handling[1-lightgbm]
tests/momentum/Analysis/test_lightgbm_edge_cases.py::test_h1_shap_sample_size_handling[5-lightgbm]
tests/momentum/Analysis/test_lightgbm_edge_cases.py::test_h1_shap_sample_size_handling[20-lightgbm]
tests/momentum/Analysis/test_lightgbm_edge_cases.py::test_h1_shap_sample_size_handling[50-lightgbm]
tests/momentum/Analysis/test_lightgbm_edge_cases.py::test_h1_shap_sample_size_handling[9999-lightgbm]
tests/momentum/Analysis/test_shared_analyzers_lightgbm.py::test_lightgbm_shap_global_and_single_case
tests/momentum/Analysis/test_shared_analyzers_lightgbm.py::test_lightgbm_shap_global_and_single_case
  /Users/louis/Desktop/quantitative_trading_system/venv/lib/python3.9/site-packages/shap/explainers/_tree.py:586: UserWarning: LightGBM binary classifier with TreeExplainer shap values output has changed to a list of ndarray
    warnings.warn(

-- Docs: https://docs.pytest.org/en/stable/how-to/capture-warnings.html
=========================== short test summary info ============================
FAILED tests/momentum/Analysis/test_factor_return_stopgap.py::test_factor_return_consumer_allowlist
FAILED tests/momentum/Analysis/test_ic_1a_cut1_golden.py::test_flag_off_deep_equal_baseline
FAILED tests/momentum/Analysis/test_ic_1a_cut1_golden.py::test_flag_on_matches_new_golden
FAILED tests/momentum/Analysis/test_ic_1a_cut1_oos.py::test_flag_toggles_path
FAILED tests/momentum/Analysis/test_ic_persist_redirect_golden_ab.py::test_golden_redirect_on_off_sha256
FAILED tests/momentum/Analysis/test_ic_persist_redirect_inventory.py::test_sixteen_caller_inventory_is_complete
FAILED tests/momentum/Analysis/test_ic_persist_redirect_unit.py::test_s1_orchestrator_report_literals_redirect
FAILED tests/momentum/Analysis/test_ic_persist_redirect_unit.py::test_to_thread_polluter_writes_under_redirect
FAILED tests/momentum/Analysis/test_ichc_contract_sync.py::TestThreeWaySync::test_r6_wider_contract_nodes_consistent
FAILED tests/momentum/Analysis/test_ichc_p2_golden.py::TestTG1Golden::test_feature_set_and_config_exact
FAILED tests/momentum/Analysis/test_lightgbm_analyzer.py::test_save_and_load_roundtrip
FAILED tests/momentum/Analysis/test_lightgbm_edge_cases.py::test_s4_load_missing_file_raises[lightgbm]
FAILED tests/momentum/Analysis/test_lightgbm_edge_cases.py::test_s4_load_missing_file_raises[xgboost]
FAILED tests/momentum/Analysis/test_lightgbm_edge_cases.py::test_s5_type_mismatch_lightgbm_to_xgboost_raises
FAILED tests/momentum/Analysis/test_lightgbm_edge_cases.py::test_s5_type_mismatch_xgboost_to_lightgbm_raises
FAILED tests/momentum/Analysis/test_lightgbm_edge_cases.py::test_s6_loaded_model_can_be_retrained[lightgbm]
FAILED tests/momentum/Analysis/test_lightgbm_edge_cases.py::test_s6_loaded_model_can_be_retrained[xgboost]
FAILED tests/momentum/Analysis/test_xgboost_protocol_methods.py::test_xgboost_model_path_safety_and_type_mismatch
FAILED tests/momentum/Analysis/test_xgboost_protocol_methods.py::test_xgboost_load_and_predict_roundtrip
==== 19 failed, 1103 passed, 15 skipped, 288 warnings in 1011.82s (0:16:51) ====
 ** On entry to DLASCL parameter number  4 had an illegal value
 ** On entry to DLASCL parameter number  4 had an illegal value
 ** On entry to DLASCL parameter number  4 had an illegal value
 ** On entry to DLASCL parameter number  5 had an illegal value
 ** On entry to DLASCL parameter number  4 had an illegal value
pytest_rc=1
